layer,person_id,name_raw,script,surname_candidates,period,subgroup,party_id,party_name,evidence
party_affiliations,TNP-00001,يوسف الطرشون,ar,الطرشون,third_republic,كتلة الخط الوطني السيادي,PTY-afb20824a9f9,كتلة الخط الوطني السيادي,bloc
party_affiliations,TNP-00002,يوسف التومي,ar,التومي,third_republic,كتلة الأحرار,PTY-e65de6155d31,كتلة الأحرار,bloc
party_affiliations,TNP-00003,يسري البواب,ar,البواب,third_republic,كتلة الأحرار,PTY-e65de6155d31,كتلة الأحرار,bloc
party_affiliations,TNP-00004,ياسين مامي,ar,مامي,third_republic,كتلة الوطنية المستقلة,PTY-53e95bd9b3b4,كتلة الوطنية المستقلة,bloc
party_affiliations,TNP-00005,ياسر قراري,ar,قراري,third_republic,كتلة الخط الوطني السيادي,PTY-afb20824a9f9,كتلة الخط الوطني السيادي,bloc
party_affiliations,TNP-00006,وليد حاجي,ar,حاجي,third_republic,كتلة الأحرار,PTY-e65de6155d31,كتلة الأحرار,bloc
party_affiliations,TNP-00007,هشام حسني,ar,حسني,third_republic,Parti Populaire Progressiste,PTY-2b6219e30267,Parti Populaire Progressiste,affiliation
party_affiliations,TNP-00007,هشام حسني,ar,حسني,transition,Parti de la lutte progressiste,PTY-2b6219e30267,Parti de la lutte progressiste,list
party_affiliations,TNP-00007,هشام حسني,ar,حسني,third_republic,غير المنتمين إلى كتل,PTY-4784a167446a,غير المنتمين إلى كتل,bloc
party_affiliations,TNP-00008,هالة جاب الله,ar,جاب الله,third_republic,كتلة الأحرار,PTY-e65de6155d31,كتلة الأحرار,bloc
party_affiliations,TNP-00009,نورة الشبراك,ar,الشبراك,third_republic,كتلة الوطنية المستقلة,PTY-53e95bd9b3b4,كتلة الوطنية المستقلة,bloc
party_affiliations,TNP-00010,نور الهدى سبائطي,ar,سبائطي,third_republic,كتلة الأمانة والعمل,PTY-d1e65beb3791,كتلة الأمانة والعمل,bloc
party_affiliations,TNP-00011,نزار الصديق,ar,الصديق,third_republic,كتلة صوت الجمهورية,PTY-e75657052675,كتلة صوت الجمهورية,bloc
party_affiliations,TNP-00012,نجيب عكرمي,ar,عكرمي,third_republic,كتلة لينتصر الشعب,PTY-47b910b57713,كتلة لينتصر الشعب,bloc
party_affiliations,TNP-00013,نجلاء اللحياني,ar,اللحياني,third_republic,كتلة الأحرار,PTY-e65de6155d31,كتلة الأحرار,bloc
party_affiliations,TNP-00014,نبيه ثابت,ar,ثابت,third_republic,كتلة صوت الجمهورية,PTY-e75657052675,كتلة صوت الجمهورية,bloc
party_affiliations,TNP-00015,نبيل حامدي,ar,حامدي,third_republic,كتلة صوت الجمهورية,PTY-e75657052675,كتلة صوت الجمهورية,bloc
party_affiliations,TNP-00016,مهى عامر,ar,عامر,third_republic,كتلة الأحرار,PTY-e65de6155d31,كتلة الأحرار,bloc
party_affiliations,TNP-00017,منير الكموني,ar,الكموني,third_republic,غير المنتمين إلى كتل,PTY-4784a167446a,غير المنتمين إلى كتل,bloc
party_affiliations,TNP-00018,منصف المعلول,ar,المعلول,third_republic,كتلة الأمانة والعمل,PTY-d1e65beb3791,كتلة الأمانة والعمل,bloc
party_affiliations,TNP-00019,منال بديدة,ar,بديدة,third_republic,غير المنتمين إلى كتل,PTY-4784a167446a,غير المنتمين إلى كتل,bloc
party_affiliations,TNP-00019,منال بديدة,ar,بديدة,third_republic,كتلة الأمانة والعمل,PTY-d1e65beb3791,كتلة الأمانة والعمل,bloc
party_affiliations,TNP-00020,مليك كمون,ar,كمون,third_republic,كتلة صوت الجمهورية,PTY-e75657052675,كتلة صوت الجمهورية,bloc
party_affiliations,TNP-00021,معز بن يوسف,ar,بن يوسف|يوسف,third_republic,كتلة الأمانة والعمل,PTY-d1e65beb3791,كتلة الأمانة والعمل,bloc
party_affiliations,TNP-00022,معز برك الله,ar,برك الله,third_republic,كتلة الأحرار,PTY-e65de6155d31,كتلة الأحرار,bloc
party_affiliations,TNP-00023,معز الرياحي,ar,الرياحي,third_republic,كتلة الوطنية المستقلة,PTY-53e95bd9b3b4,كتلة الوطنية المستقلة,bloc
party_affiliations,TNP-00024,مصطفى بوبكري,ar,بوبكري,third_republic,كتلة الوطنية المستقلة,PTY-53e95bd9b3b4,كتلة الوطنية المستقلة,bloc
party_affiliations,TNP-00025,مسعود قريرة,ar,قريرة,third_republic,كتلة الخط الوطني السيادي,PTY-afb20824a9f9,كتلة الخط الوطني السيادي,bloc
party_affiliations,TNP-00026,مريم الشريف,ar,الشريف,third_republic,غير المنتمين إلى كتل,PTY-4784a167446a,غير المنتمين إلى كتل,bloc
party_affiliations,TNP-00026,مريم الشريف,ar,الشريف,third_republic,كتلة صوت الجمهورية,PTY-e75657052675,كتلة صوت الجمهورية,bloc
party_affiliations,TNP-00027,مراد الخزامي,ar,الخزامي,third_republic,كتلة الأمانة والعمل,PTY-d1e65beb3791,كتلة الأمانة والعمل,bloc
party_affiliations,TNP-00028,مختار عيفاوي,ar,عيفاوي,third_republic,غير المنتمين إلى كتل,PTY-4784a167446a,غير المنتمين إلى كتل,bloc
party_affiliations,TNP-00029,محمود شلغاف,ar,شلغاف,third_republic,غير المنتمين إلى كتل,PTY-4784a167446a,غير المنتمين إلى كتل,bloc
party_affiliations,TNP-00029,محمود شلغاف,ar,شلغاف,third_republic,كتلة الخط الوطني السيادي,PTY-afb20824a9f9,كتلة الخط الوطني السيادي,bloc
party_affiliations,TNP-00030,محمود العامري,ar,العامري,third_republic,غير المنتمين إلى كتل,PTY-4784a167446a,غير المنتمين إلى كتل,bloc
party_affiliations,TNP-00031,محمد ماجدي,ar,ماجدي,third_republic,كتلة لينتصر الشعب,PTY-47b910b57713,كتلة لينتصر الشعب,bloc
party_affiliations,TNP-00032,محمد علي فنيرة,ar,فنيرة,third_republic,كتلة الوطنية المستقلة,PTY-53e95bd9b3b4,كتلة الوطنية المستقلة,bloc
party_affiliations,TNP-00033,محمد علي,ar,علي,third_republic,غير المنتمين إلى كتل,PTY-4784a167446a,غير المنتمين إلى كتل,bloc
party_affiliations,TNP-00033,محمد علي,ar,علي,third_republic,كتلة الخط الوطني السيادي,PTY-afb20824a9f9,كتلة الخط الوطني السيادي,bloc
party_affiliations,TNP-00034,محمد ضو,ar,ضو,third_republic,كتلة لينتصر الشعب,PTY-47b910b57713,كتلة لينتصر الشعب,bloc
party_affiliations,TNP-00035,محمد شعباني,ar,شعباني,third_republic,كتلة لينتصر الشعب,PTY-47b910b57713,كتلة لينتصر الشعب,bloc
party_affiliations,TNP-00036,محمد زياد الماهر,ar,الماهر,third_republic,غير المنتمين إلى كتل,PTY-4784a167446a,غير المنتمين إلى كتل,bloc
party_affiliations,TNP-00036,محمد زياد الماهر,ar,الماهر,third_republic,كتلة الأمانة والعمل,PTY-d1e65beb3791,كتلة الأمانة والعمل,bloc
party_affiliations,TNP-00037,محمد بن سعيد,ar,بن سعيد|سعيد,third_republic,كتلة الوطنية المستقلة,PTY-53e95bd9b3b4,كتلة الوطنية المستقلة,bloc
party_affiliations,TNP-00038,محمد بن حسين,ar,بن حسين|حسين,third_republic,غير المنتمين إلى كتل,PTY-4784a167446a,غير المنتمين إلى كتل,bloc
party_affiliations,TNP-00039,محمد أمين مباركي,ar,مباركي,third_republic,كتلة صوت الجمهورية,PTY-e75657052675,كتلة صوت الجمهورية,bloc
party_affiliations,TNP-00040,محمد امين الورغي,ar,الورغي,third_republic,كتلة صوت الجمهورية,PTY-e75657052675,كتلة صوت الجمهورية,bloc
party_affiliations,TNP-00041,محمد اليحياوي,ar,اليحياوي,third_republic,غير المنتمين إلى كتل,PTY-4784a167446a,غير المنتمين إلى كتل,bloc
party_affiliations,TNP-00041,محمد اليحياوي,ar,اليحياوي,third_republic,كتلة الأمانة والعمل,PTY-d1e65beb3791,كتلة الأمانة والعمل,bloc
party_affiliations,TNP-00042,محمد الهادي العلاني,ar,العلاني,third_republic,كتلة لينتصر الشعب,PTY-47b910b57713,كتلة لينتصر الشعب,bloc
party_affiliations,TNP-00043,محمد أحمد,ar,أحمد,third_republic,كتلة صوت الجمهورية,PTY-e75657052675,كتلة صوت الجمهورية,bloc
party_affiliations,TNP-00044,محسن هرمي,ar,هرمي,third_republic,كتلة صوت الجمهورية,PTY-e75657052675,كتلة صوت الجمهورية,bloc
party_affiliations,TNP-00045,ماهر بوبكر الحضري,ar,الحضري,third_republic,غير المنتمين إلى كتل,PTY-4784a167446a,غير المنتمين إلى كتل,bloc
party_affiliations,TNP-00046,ماهر الكتاري,ar,الكتاري,third_republic,كتلة الأحرار,PTY-e65de6155d31,كتلة الأحرار,bloc
party_affiliations,TNP-00047,ماجدة الورغي,ar,الورغي,third_republic,غير المنتمين إلى كتل,PTY-4784a167446a,غير المنتمين إلى كتل,bloc
party_affiliations,TNP-00047,ماجدة الورغي,ar,الورغي,third_republic,كتلة صوت الجمهورية,PTY-e75657052675,كتلة صوت الجمهورية,bloc
party_affiliations,TNP-00048,لطفي الهمامي,ar,الهمامي,third_republic,كتلة الأمانة والعمل,PTY-d1e65beb3791,كتلة الأمانة والعمل,bloc
party_affiliations,TNP-00049,لطفي السعداوي,ar,السعداوي,third_republic,كتلة لينتصر الشعب,PTY-47b910b57713,كتلة لينتصر الشعب,bloc
party_affiliations,TNP-00050,كمال كرعاني,ar,كرعاني,third_republic,كتلة الأحرار,PTY-e65de6155d31,كتلة الأحرار,bloc
party_affiliations,TNP-00051,كمال فراح,ar,فراح,third_republic,كتلة الأمانة والعمل,PTY-d1e65beb3791,كتلة الأمانة والعمل,bloc
party_affiliations,TNP-00052,فيصل الصغير,ar,الصغير,third_republic,كتلة الوطنية المستقلة,PTY-53e95bd9b3b4,كتلة الوطنية المستقلة,bloc
party_affiliations,TNP-00053,فوزي دعاس,ar,دعاس,third_republic,غير المنتمين إلى كتل,PTY-4784a167446a,غير المنتمين إلى كتل,bloc
party_affiliations,TNP-00054,فخري عبد الخالق,ar,عبد الخالق|الخالق,third_republic,كتلة الأمانة والعمل,PTY-d1e65beb3791,كتلة الأمانة والعمل,bloc
party_affiliations,TNP-00055,فخر الدين فضلون,ar,فضلون,third_republic,كتلة الوطنية المستقلة,PTY-53e95bd9b3b4,كتلة الوطنية المستقلة,bloc
party_affiliations,TNP-00056,فتحي رجب,ar,رجب,third_republic,كتلة الوطنية المستقلة,PTY-53e95bd9b3b4,كتلة الوطنية المستقلة,bloc
party_affiliations,TNP-00057,فتحي المشرقي,ar,المشرقي,third_republic,غير المنتمين إلى كتل,PTY-4784a167446a,غير المنتمين إلى كتل,bloc
party_affiliations,TNP-00057,فتحي المشرقي,ar,المشرقي,third_republic,كتلة الأمانة والعمل,PTY-d1e65beb3791,كتلة الأمانة والعمل,bloc
party_affiliations,TNP-00058,فاطمة المسدي,ar,المسدي,second_republic,Aucun bloc,PTY-820f1119d5ed,Aucun bloc,bloc
party_affiliations,TNP-00058,فاطمة المسدي,ar,المسدي,second_republic,Bloc Al Horra,PTY-cc0dd367425f,Bloc Al Horra,bloc
party_affiliations,TNP-00058,فاطمة المسدي,ar,المسدي,second_republic,Mouvement Nidaa Tounes,PTY-12c364be2b2b,Mouvement Nidaa Tounes,bloc
party_affiliations,TNP-00058,فاطمة المسدي,ar,المسدي,second_republic,حركة نداء تونس,,حركة نداء تونس,list
party_affiliations,TNP-00058,فاطمة المسدي,ar,المسدي,third_republic,غير المنتمين إلى كتل,PTY-4784a167446a,غير المنتمين إلى كتل,bloc
party_affiliations,TNP-00059,فاتن النصيبي,ar,النصيبي,third_republic,كتلة صوت الجمهورية,PTY-e75657052675,كتلة صوت الجمهورية,bloc
party_affiliations,TNP-00060,غسان يامون,ar,يامون,third_republic,غير المنتمين إلى كتل,PTY-4784a167446a,غير المنتمين إلى كتل,bloc
party_affiliations,TNP-00060,غسان يامون,ar,يامون,third_republic,كتلة الأحرار,PTY-e65de6155d31,كتلة الأحرار,bloc
party_affiliations,TNP-00061,عواطف الشنيتي,ar,الشنيتي,third_republic,غير المنتمين إلى كتل,PTY-4784a167446a,غير المنتمين إلى كتل,bloc
party_affiliations,TNP-00062,عمر بن عمر,ar,بن عمر|عمر,third_republic,كتلة الأحرار,PTY-e65de6155d31,كتلة الأحرار,bloc
party_affiliations,TNP-00063,عمر برهومي,ar,برهومي,third_republic,غير المنتمين إلى كتل,PTY-4784a167446a,غير المنتمين إلى كتل,bloc
party_affiliations,TNP-00064,عمار عيدودي,ar,عيدودي,third_republic,كتلة لينتصر الشعب,PTY-47b910b57713,كتلة لينتصر الشعب,bloc
party_affiliations,TNP-00065,عماد أولاد جبريل,ar,أولاد جبريل|جبريل,second_republic,Mouvement Nidaa Tounes,PTY-12c364be2b2b,Mouvement Nidaa Tounes,bloc
party_affiliations,TNP-00065,عماد أولاد جبريل,ar,أولاد جبريل|جبريل,second_republic,الكتلة الوطنية (2020),PTY-4c282d241960,الكتلة الوطنية (2020),bloc
party_affiliations,TNP-00065,عماد أولاد جبريل,ar,أولاد جبريل|جبريل,second_republic,حركة نداء تونس,,حركة نداء تونس,list
party_affiliations,TNP-00065,عماد أولاد جبريل,ar,أولاد جبريل|جبريل,second_republic,حزب قلب تونس,,حزب قلب تونس,list
party_affiliations,TNP-00065,عماد أولاد جبريل,ar,أولاد جبريل|جبريل,third_republic,كتلة الوطنية المستقلة,PTY-53e95bd9b3b4,كتلة الوطنية المستقلة,bloc
party_affiliations,TNP-00066,عماد الدين سديري,ar,سديري,third_republic,كتلة صوت الجمهورية,PTY-e75657052675,كتلة صوت الجمهورية,bloc
party_affiliations,TNP-00067,علي زغدود,ar,زغدود,third_republic,كتلة لينتصر الشعب,PTY-47b910b57713,كتلة لينتصر الشعب,bloc
party_affiliations,TNP-00068,علي بوزوزية,ar,بوزوزية,third_republic,كتلة الخط الوطني السيادي,PTY-afb20824a9f9,كتلة الخط الوطني السيادي,bloc
party_affiliations,TNP-00069,عصام شوشان,ar,شوشان,third_republic,كتلة الأحرار,PTY-e65de6155d31,كتلة الأحرار,bloc
party_affiliations,TNP-00070,عصام البحري الجابري,ar,الجابري,third_republic,غير المنتمين إلى كتل,PTY-4784a167446a,غير المنتمين إلى كتل,bloc
party_affiliations,TNP-00070,عصام البحري الجابري,ar,الجابري,third_republic,كتلة الأمانة والعمل,PTY-d1e65beb3791,كتلة الأمانة والعمل,bloc
party_affiliations,TNP-00071,عزيز بن الاخضر,ar,بن الاخضر|الاخضر,third_republic,كتلة الأمانة والعمل,PTY-d1e65beb3791,كتلة الأمانة والعمل,bloc
party_affiliations,TNP-00072,عزالدين التايب,ar,التايب,third_republic,كتلة صوت الجمهورية,PTY-e75657052675,كتلة صوت الجمهورية,bloc
party_affiliations,TNP-00073,عدنان العلوش,ar,العلوش,third_republic,غير المنتمين إلى كتل,PTY-4784a167446a,غير المنتمين إلى كتل,bloc
party_affiliations,TNP-00073,عدنان العلوش,ar,العلوش,third_republic,كتلة الأمانة والعمل,PTY-d1e65beb3791,كتلة الأمانة والعمل,bloc
party_affiliations,TNP-00074,عبد القادر عمار,ar,عمار,third_republic,كتلة الأمانة والعمل,PTY-d1e65beb3791,كتلة الأمانة والعمل,bloc
party_affiliations,TNP-00075,عبد القادر بن زينب,ar,بن زينب|زينب,third_republic,غير المنتمين إلى كتل,PTY-4784a167446a,غير المنتمين إلى كتل,bloc
party_affiliations,TNP-00075,عبد القادر بن زينب,ar,بن زينب|زينب,third_republic,كتلة الأحرار,PTY-e65de6155d31,كتلة الأحرار,bloc
party_affiliations,TNP-00076,عبد العزيز شعباني,ar,شعباني,third_republic,كتلة صوت الجمهورية,PTY-e75657052675,كتلة صوت الجمهورية,bloc
party_affiliations,TNP-00077,عبد السلام الدحماني,ar,الدحماني,third_republic,كتلة لينتصر الشعب,PTY-47b910b57713,كتلة لينتصر الشعب,bloc
party_affiliations,TNP-00078,عبد السلام الحمروني,ar,الحمروني,third_republic,كتلة الخط الوطني السيادي,PTY-afb20824a9f9,كتلة الخط الوطني السيادي,bloc
party_affiliations,TNP-00079,عبد الستار الزارعي,ar,الزارعي,third_republic,كتلة الأمانة والعمل,PTY-d1e65beb3791,كتلة الأمانة والعمل,bloc
party_affiliations,TNP-00080,عبد الرزاق عويدات,ar,عويدات,second_republic,الكتلة الديمقراطية (2019),PTY-079b16e9b74d,الكتلة الديمقراطية (2019),bloc
party_affiliations,TNP-00080,عبد الرزاق عويدات,ar,عويدات,second_republic,حركة الشعب,,حركة الشعب,list
party_affiliations,TNP-00080,عبد الرزاق عويدات,ar,عويدات,third_republic,كتلة الخط الوطني السيادي,PTY-afb20824a9f9,كتلة الخط الوطني السيادي,bloc
party_affiliations,TNP-00081,عبد الحليم بوسمة,ar,بوسمة,third_republic,غير المنتمين إلى كتل,PTY-4784a167446a,غير المنتمين إلى كتل,bloc
party_affiliations,TNP-00082,عبد الحافظ الوحيشي,ar,الوحيشي,third_republic,كتلة صوت الجمهورية,PTY-e75657052675,كتلة صوت الجمهورية,bloc
party_affiliations,TNP-00083,عبد الجليل الهاني,ar,الهاني,third_republic,كتلة الوطنية المستقلة,PTY-53e95bd9b3b4,كتلة الوطنية المستقلة,bloc
party_affiliations,TNP-00084,عادل ضياف,ar,ضياف,third_republic,كتلة صوت الجمهورية,PTY-e75657052675,كتلة صوت الجمهورية,bloc
party_affiliations,TNP-00085,عادل البوسالمي,ar,البوسالمي,third_republic,كتلة لينتصر الشعب,PTY-47b910b57713,كتلة لينتصر الشعب,bloc
party_affiliations,TNP-00086,ظافر الصغيري,ar,الصغيري,third_republic,غير المنتمين إلى كتل,PTY-4784a167446a,غير المنتمين إلى كتل,bloc
party_affiliations,TNP-00086,ظافر الصغيري,ar,الصغيري,third_republic,كتلة الوطنية المستقلة,PTY-53e95bd9b3b4,كتلة الوطنية المستقلة,bloc
party_affiliations,TNP-00087,طارق مهدي,ar,مهدي,third_republic,كتلة الأحرار,PTY-e65de6155d31,كتلة الأحرار,bloc
party_affiliations,TNP-00088,طارق الربعي,ar,الربعي,third_republic,كتلة الوطنية المستقلة,PTY-53e95bd9b3b4,كتلة الوطنية المستقلة,bloc
party_affiliations,TNP-00089,ضحى السالمي,ar,السالمي,third_republic,كتلة الخط الوطني السيادي,PTY-afb20824a9f9,كتلة الخط الوطني السيادي,bloc
party_affiliations,TNP-00090,صلاح الفرشيشي,ar,الفرشيشي,third_republic,كتلة الأمانة والعمل,PTY-d1e65beb3791,كتلة الأمانة والعمل,bloc
party_affiliations,TNP-00091,صالح مباركي,ar,مباركي,third_republic,كتلة الأمانة والعمل,PTY-d1e65beb3791,كتلة الأمانة والعمل,bloc
party_affiliations,TNP-00092,صالح الصيادي,ar,الصيادي,third_republic,غير المنتمين إلى كتل,PTY-4784a167446a,غير المنتمين إلى كتل,bloc
party_affiliations,TNP-00092,صالح الصيادي,ar,الصيادي,third_republic,كتلة الأمانة والعمل,PTY-d1e65beb3791,كتلة الأمانة والعمل,bloc
party_affiliations,TNP-00093,صالح السالمي,ar,السالمي,third_republic,كتلة صوت الجمهورية,PTY-e75657052675,كتلة صوت الجمهورية,bloc
party_affiliations,TNP-00094,صابر المصمودي,ar,المصمودي,third_republic,كتلة الأحرار,PTY-e65de6155d31,كتلة الأحرار,bloc
party_affiliations,TNP-00095,صابر الجلاصي,ar,الجلاصي,third_republic,كتلة الأمانة والعمل,PTY-d1e65beb3791,كتلة الأمانة والعمل,bloc
party_affiliations,TNP-00096,شكري بن البحري,ar,بن البحري|البحري,third_republic,غير المنتمين إلى كتل,PTY-4784a167446a,غير المنتمين إلى كتل,bloc
party_affiliations,TNP-00097,شفيق عزالدين الزعفوري,ar,الزعفوري,third_republic,كتلة لينتصر الشعب,PTY-47b910b57713,كتلة لينتصر الشعب,bloc
party_affiliations,TNP-00098,سيرين بوصندل,ar,بوصندل,third_republic,غير المنتمين إلى كتل,PTY-4784a167446a,غير المنتمين إلى كتل,bloc
party_affiliations,TNP-00098,سيرين بوصندل,ar,بوصندل,third_republic,كتلة صوت الجمهورية,PTY-e75657052675,كتلة صوت الجمهورية,bloc
party_affiliations,TNP-00099,سيرين المرابط,ar,المرابط,third_republic,كتلة الأحرار,PTY-e65de6155d31,كتلة الأحرار,bloc
party_affiliations,TNP-00100,سوسن مبروك,ar,مبروك,third_republic,كتلة الأحرار,PTY-e65de6155d31,كتلة الأحرار,bloc
party_affiliations,TNP-00101,سنية بن مبروك,ar,بن مبروك|مبروك,third_republic,كتلة الأمانة والعمل,PTY-d1e65beb3791,كتلة الأمانة والعمل,bloc
party_affiliations,TNP-00102,سفيان بن حليمة,ar,بن حليمة|حليمة,third_republic,كتلة الأمانة والعمل,PTY-d1e65beb3791,كتلة الأمانة والعمل,bloc
party_affiliations,TNP-00103,سامي طوجاني,ar,طوجاني,third_republic,كتلة الأمانة والعمل,PTY-d1e65beb3791,كتلة الأمانة والعمل,bloc
party_affiliations,TNP-00104,سامي رايس,ar,رايس,third_republic,كتلة الوطنية المستقلة,PTY-53e95bd9b3b4,كتلة الوطنية المستقلة,bloc
party_affiliations,TNP-00105,سامي بن عبد العالي,ar,بن عبد العالي|عبد العالي|العالي,second_republic,القائمة المستقلة كلنا توانسة,,القائمة المستقلة كلنا توانسة,list
party_affiliations,TNP-00105,سامي بن عبد العالي,ar,بن عبد العالي|عبد العالي|العالي,second_republic,كتلة الاصلاح (2019),PTY-8c13e5152d0f,كتلة الاصلاح (2019),bloc
party_affiliations,TNP-00105,سامي بن عبد العالي,ar,بن عبد العالي|عبد العالي|العالي,third_republic,كتلة الوطنية المستقلة,PTY-53e95bd9b3b4,كتلة الوطنية المستقلة,bloc
party_affiliations,TNP-00106,سامي السيد,ar,السيد,third_republic,غير المنتمين إلى كتل,PTY-4784a167446a,غير المنتمين إلى كتل,bloc
party_affiliations,TNP-00106,سامي السيد,ar,السيد,third_republic,كتلة الأمانة والعمل,PTY-d1e65beb3791,كتلة الأمانة والعمل,bloc
party_affiliations,TNP-00107,سامي الحاج عمر,ar,عمر,third_republic,غير المنتمين إلى كتل,PTY-4784a167446a,غير المنتمين إلى كتل,bloc
party_affiliations,TNP-00108,زينة جيب الله,ar,جيب الله,third_republic,غير المنتمين إلى كتل,PTY-4784a167446a,غير المنتمين إلى كتل,bloc
party_affiliations,TNP-00108,زينة جيب الله,ar,جيب الله,third_republic,كتلة الأمانة والعمل,PTY-d1e65beb3791,كتلة الأمانة والعمل,bloc
party_affiliations,TNP-00109,ريم المعشاوي,ar,المعشاوي,third_republic,كتلة صوت الجمهورية,PTY-e75657052675,كتلة صوت الجمهورية,bloc
party_affiliations,TNP-00110,ريم الصغير,ar,الصغير,third_republic,غير المنتمين إلى كتل,PTY-4784a167446a,غير المنتمين إلى كتل,bloc
party_affiliations,TNP-00111,رياض جعيدان,ar,جعيدان,second_republic,Afek Tounes et lappel des tunisiens à létranger,PTY-899a51f36f9d,Afek Tounes et lappel des tunisiens à létranger,bloc
party_affiliations,TNP-00111,رياض جعيدان,ar,جعيدان,second_republic,Afek Tounes le mouvement national et lappel des tunisiens à létranger,PTY-7c008889761b,Afek Tounes le mouvement national et lappel des tunisiens à létranger,bloc
party_affiliations,TNP-00111,رياض جعيدان,ar,جعيدان,second_republic,Allégeance à la Patrie,PTY-7e358197af47,Allégeance à la Patrie,bloc
party_affiliations,TNP-00111,رياض جعيدان,ar,جعيدان,second_republic,Aucun bloc,PTY-820f1119d5ed,Aucun bloc,bloc
party_affiliations,TNP-00111,رياض جعيدان,ar,جعيدان,third_republic,غير المنتمين إلى كتل,PTY-4784a167446a,غير المنتمين إلى كتل,bloc
party_affiliations,TNP-00111,رياض جعيدان,ar,جعيدان,second_republic,قائمة نداء التونسيين بالخارج,,قائمة نداء التونسيين بالخارج,list
party_affiliations,TNP-00112,رياض بلال,ar,بلال,third_republic,كتلة الأحرار,PTY-e65de6155d31,كتلة الأحرار,bloc
party_affiliations,TNP-00113,رؤوف الفقيري,ar,الفقيري,third_republic,كتلة لينتصر الشعب,PTY-47b910b57713,كتلة لينتصر الشعب,bloc
party_affiliations,TNP-00114,رمزي الشتوي,ar,الشتوي,third_republic,غير المنتمين إلى كتل,PTY-4784a167446a,غير المنتمين إلى كتل,bloc
party_affiliations,TNP-00114,رمزي الشتوي,ar,الشتوي,third_republic,كتلة الأمانة والعمل,PTY-d1e65beb3791,كتلة الأمانة والعمل,bloc
party_affiliations,TNP-00115,رضا الدلاعي,ar,الدلاعي,second_republic,Aucun bloc,PTY-820f1119d5ed,Aucun bloc,bloc
party_affiliations,TNP-00115,رضا الدلاعي,ar,الدلاعي,second_republic,الكتلة الديمقراطية (2019),PTY-079b16e9b74d,الكتلة الديمقراطية (2019),bloc
party_affiliations,TNP-00115,رضا الدلاعي,ar,الدلاعي,second_republic,حركة الشعب,,حركة الشعب,list
party_affiliations,TNP-00115,رضا الدلاعي,ar,الدلاعي,third_republic,كتلة الخط الوطني السيادي,PTY-afb20824a9f9,كتلة الخط الوطني السيادي,bloc
party_affiliations,TNP-00116,رشدي الرويسي,ar,الرويسي,third_republic,غير المنتمين إلى كتل,PTY-4784a167446a,غير المنتمين إلى كتل,bloc
party_affiliations,TNP-00116,رشدي الرويسي,ar,الرويسي,third_republic,كتلة لينتصر الشعب,PTY-47b910b57713,كتلة لينتصر الشعب,bloc
party_affiliations,TNP-00117,خالد حكيم مبروكي,ar,مبروكي,third_republic,كتلة الأمانة والعمل,PTY-d1e65beb3791,كتلة الأمانة والعمل,bloc
party_affiliations,TNP-00118,حمزة بضيافي,ar,بضيافي,third_republic,غير المنتمين إلى كتل,PTY-4784a167446a,غير المنتمين إلى كتل,bloc
party_affiliations,TNP-00118,حمزة بضيافي,ar,بضيافي,third_republic,كتلة صوت الجمهورية,PTY-e75657052675,كتلة صوت الجمهورية,bloc
party_affiliations,TNP-00119,حمدي بن عبد العالي,ar,بن عبد العالي|عبد العالي|العالي,third_republic,كتلة الوطنية المستقلة,PTY-53e95bd9b3b4,كتلة الوطنية المستقلة,bloc
party_affiliations,TNP-00120,حمدي بن صالح,ar,بن صالح|صالح,third_republic,غير المنتمين إلى كتل,PTY-4784a167446a,غير المنتمين إلى كتل,bloc
party_affiliations,TNP-00121,حمادي غيلاني,ar,غيلاني,third_republic,غير المنتمين إلى كتل,PTY-4784a167446a,غير المنتمين إلى كتل,bloc
party_affiliations,TNP-00121,حمادي غيلاني,ar,غيلاني,third_republic,كتلة صوت الجمهورية,PTY-e75657052675,كتلة صوت الجمهورية,bloc
party_affiliations,TNP-00122,حسن جربوعي,ar,جربوعي,third_republic,كتلة الأحرار,PTY-e65de6155d31,كتلة الأحرار,bloc
party_affiliations,TNP-00123,حسن بوسامة,ar,بوسامة,third_republic,غير المنتمين إلى كتل,PTY-4784a167446a,غير المنتمين إلى كتل,bloc
party_affiliations,TNP-00123,حسن بوسامة,ar,بوسامة,third_republic,كتلة الأحرار,PTY-e65de6155d31,كتلة الأحرار,bloc
party_affiliations,TNP-00124,حسن بن علي,ar,بن علي|علي,third_republic,كتلة صوت الجمهورية,PTY-e75657052675,كتلة صوت الجمهورية,bloc
party_affiliations,TNP-00125,حسام محجوب,ar,محجوب,third_republic,كتلة الأمانة والعمل,PTY-d1e65beb3791,كتلة الأمانة والعمل,bloc
party_affiliations,TNP-00126,حاتم لباوي,ar,لباوي,third_republic,كتلة صوت الجمهورية,PTY-e75657052675,كتلة صوت الجمهورية,bloc
party_affiliations,TNP-00127,حاتم الهواوي,ar,الهواوي,third_republic,كتلة صوت الجمهورية,PTY-e75657052675,كتلة صوت الجمهورية,bloc
party_affiliations,TNP-00128,جلال خدمي,ar,خدمي,third_republic,كتلة صوت الجمهورية,PTY-e75657052675,كتلة صوت الجمهورية,bloc
party_affiliations,TNP-00129,ثامر المزهود,ar,المزهود,third_republic,كتلة الخط الوطني السيادي,PTY-afb20824a9f9,كتلة الخط الوطني السيادي,bloc
party_affiliations,TNP-00130,ثابت العابد,ar,العابد,third_republic,غير المنتمين إلى كتل,PTY-4784a167446a,غير المنتمين إلى كتل,bloc
party_affiliations,TNP-00130,ثابت العابد,ar,العابد,third_republic,كتلة الوطنية المستقلة,PTY-53e95bd9b3b4,كتلة الوطنية المستقلة,bloc
party_affiliations,TNP-00131,بوبكر بن يحي,ar,بن يحي|يحي,third_republic,كتلة الخط الوطني السيادي,PTY-afb20824a9f9,كتلة الخط الوطني السيادي,bloc
party_affiliations,TNP-00132,بلال ابن المشري,ar,ابن المشري|المشري,third_republic,غير المنتمين إلى كتل,PTY-4784a167446a,غير المنتمين إلى كتل,bloc
party_affiliations,TNP-00133,بسمة الهمامي,ar,الهمامي,third_republic,غير المنتمين إلى كتل,PTY-4784a167446a,غير المنتمين إلى كتل,bloc
party_affiliations,TNP-00133,بسمة الهمامي,ar,الهمامي,third_republic,كتلة لينتصر الشعب,PTY-47b910b57713,كتلة لينتصر الشعب,bloc
party_affiliations,TNP-00134,بدر الدين القمودي,ar,القمودي,second_republic,الكتلة الديمقراطية (2019),PTY-079b16e9b74d,الكتلة الديمقراطية (2019),bloc
party_affiliations,TNP-00134,بدر الدين القمودي,ar,القمودي,second_republic,حركة الشعب,,حركة الشعب,list
party_affiliations,TNP-00134,بدر الدين القمودي,ar,القمودي,third_republic,غير المنتمين إلى كتل,PTY-4784a167446a,غير المنتمين إلى كتل,bloc
party_affiliations,TNP-00134,بدر الدين القمودي,ar,القمودي,third_republic,كتلة الخط الوطني السيادي,PTY-afb20824a9f9,كتلة الخط الوطني السيادي,bloc
party_affiliations,TNP-00135,بثينة الغانمي,ar,الغانمي,third_republic,كتلة الخط الوطني السيادي,PTY-afb20824a9f9,كتلة الخط الوطني السيادي,bloc
party_affiliations,TNP-00136,باديس بالحاج علي,ar,علي,third_republic,غير المنتمين إلى كتل,PTY-4784a167446a,غير المنتمين إلى كتل,bloc
party_affiliations,TNP-00136,باديس بالحاج علي,ar,علي,third_republic,كتلة الأحرار,PTY-e65de6155d31,كتلة الأحرار,bloc
party_affiliations,TNP-00137,أيمن نقرة,ar,نقرة,third_republic,كتلة صوت الجمهورية,PTY-e75657052675,كتلة صوت الجمهورية,bloc
party_affiliations,TNP-00138,أيمن بن صالح,ar,بن صالح|صالح,third_republic,كتلة الوطنية المستقلة,PTY-53e95bd9b3b4,كتلة الوطنية المستقلة,bloc
party_affiliations,TNP-00139,أيمن المرعوي,ar,المرعوي,third_republic,غير المنتمين إلى كتل,PTY-4784a167446a,غير المنتمين إلى كتل,bloc
party_affiliations,TNP-00140,أيمن البوغديري,ar,البوغديري,third_republic,كتلة لينتصر الشعب,PTY-47b910b57713,كتلة لينتصر الشعب,bloc
party_affiliations,TNP-00141,أنور المرزوقي,ar,المرزوقي,third_republic,Parti El Amen,PTY-52f9f25821ab,Parti El Amen,affiliation
party_affiliations,TNP-00141,أنور المرزوقي,ar,المرزوقي,transition,"Pétition populaire pour la liberté, la justice et le développement",PTY-52f9f25821ab,"Pétition populaire pour la liberté, la justice et le développement",list
party_affiliations,TNP-00141,أنور المرزوقي,ar,المرزوقي,transition,Transition Démocratique,PTY-0e2de5f37252,Transition Démocratique,bloc
party_affiliations,TNP-00141,أنور المرزوقي,ar,المرزوقي,third_republic,كتلة الوطنية المستقلة,PTY-53e95bd9b3b4,كتلة الوطنية المستقلة,bloc
party_affiliations,TNP-00142,آمال المؤدب,ar,المؤدب,third_republic,كتلة صوت الجمهورية,PTY-e75657052675,كتلة صوت الجمهورية,bloc
party_affiliations,TNP-00143,الياس بوكوشة,ar,بوكوشة,third_republic,كتلة الأحرار,PTY-e65de6155d31,كتلة الأحرار,bloc
party_affiliations,TNP-00144,النوري جريدي,ar,جريدي,third_republic,كتلة لينتصر الشعب,PTY-47b910b57713,كتلة لينتصر الشعب,bloc
party_affiliations,TNP-00145,الناصر الشنوفي,ar,الشنوفي,second_republic,Alliance nationale,PTY-7233741e1ec0,Alliance nationale,bloc
party_affiliations,TNP-00145,الناصر الشنوفي,ar,الشنوفي,second_republic,Aucun bloc,PTY-820f1119d5ed,Aucun bloc,bloc
party_affiliations,TNP-00145,الناصر الشنوفي,ar,الشنوفي,second_republic,Bloc Al Horra du Mouvement Machrouu Tounes,PTY-30d752133dab,Bloc Al Horra du Mouvement Machrouu Tounes,bloc
party_affiliations,TNP-00145,الناصر الشنوفي,ar,الشنوفي,second_republic,Bloc Social-Démocrate,PTY-dc4ed2228330,Bloc Social-Démocrate,bloc
party_affiliations,TNP-00145,الناصر الشنوفي,ar,الشنوفي,second_republic,Mouvement Nidaa Tounes,PTY-12c364be2b2b,Mouvement Nidaa Tounes,bloc
party_affiliations,TNP-00145,الناصر الشنوفي,ar,الشنوفي,second_republic,حزب المبادرة,,حزب المبادرة,list
party_affiliations,TNP-00145,الناصر الشنوفي,ar,الشنوفي,third_republic,كتلة صوت الجمهورية,PTY-e75657052675,كتلة صوت الجمهورية,bloc
party_affiliations,TNP-00146,المختار عبد المولى,ar,عبد المولى,third_republic,كتلة لينتصر الشعب,PTY-47b910b57713,كتلة لينتصر الشعب,bloc
party_affiliations,TNP-00147,ألفة المرواني,ar,المرواني,third_republic,غير المنتمين إلى كتل,PTY-4784a167446a,غير المنتمين إلى كتل,bloc
party_affiliations,TNP-00147,ألفة المرواني,ar,المرواني,third_republic,كتلة الوطنية المستقلة,PTY-53e95bd9b3b4,كتلة الوطنية المستقلة,bloc
party_affiliations,TNP-00148,الفاضل بن تركية,ar,بن تركية|تركية,third_republic,كتلة الوطنية المستقلة,PTY-53e95bd9b3b4,كتلة الوطنية المستقلة,bloc
party_affiliations,TNP-00149,الطيب الطالبي,ar,الطالبي,third_republic,غير المنتمين إلى كتل,PTY-4784a167446a,غير المنتمين إلى كتل,bloc
party_affiliations,TNP-00149,الطيب الطالبي,ar,الطالبي,third_republic,كتلة لينتصر الشعب,PTY-47b910b57713,كتلة لينتصر الشعب,bloc
party_affiliations,TNP-00150,الطاهر بن منصور,ar,بن منصور|منصور,third_republic,كتلة الخط الوطني السيادي,PTY-afb20824a9f9,كتلة الخط الوطني السيادي,bloc
party_affiliations,TNP-00151,أسماء الدرويش,ar,الدرويش,third_republic,غير المنتمين إلى كتل,PTY-4784a167446a,غير المنتمين إلى كتل,bloc
party_affiliations,TNP-00151,أسماء الدرويش,ar,الدرويش,third_republic,كتلة الأمانة والعمل,PTY-d1e65beb3791,كتلة الأمانة والعمل,bloc
party_affiliations,TNP-00152,أحمد سعيداني,ar,سعيداني,third_republic,كتلة الخط الوطني السيادي,PTY-afb20824a9f9,كتلة الخط الوطني السيادي,bloc
party_affiliations,TNP-00153,أحمد بنور,ar,بنور,third_republic,كتلة الأحرار,PTY-e65de6155d31,كتلة الأحرار,bloc
party_affiliations,TNP-00154,إبراهيم حسين,ar,حسين,third_republic,غير المنتمين إلى كتل,PTY-4784a167446a,غير المنتمين إلى كتل,bloc
party_affiliations,TNP-00155,إبراهيم بودربالة,ar,بودربالة,third_republic,غير المنتمين إلى كتل,PTY-4784a167446a,غير المنتمين إلى كتل,bloc
party_affiliations,TNP-00156,عبد الله حريزي,ar,حريزي,second_republic,حركة النهضة,,حركة النهضة,list
party_affiliations,TNP-00156,عبد الله حريزي,ar,حريزي,second_republic,كتلة حركة النهضة (2019),PTY-4559a54ac238,كتلة حركة النهضة (2019),bloc
party_affiliations,TNP-00157,عبد الحميد المرزوقي,ar,المرزوقي,second_republic,حزب قلب تونس,,حزب قلب تونس,list
party_affiliations,TNP-00157,عبد الحميد المرزوقي,ar,المرزوقي,second_republic,كتلة حزب قلب تونس (2019),PTY-b4cc6c38811d,كتلة حزب قلب تونس (2019),bloc
party_affiliations,TNP-00158,عبد اللطيف علوي,ar,علوي,second_republic,إئتلاف الكرامة,,إئتلاف الكرامة,list
party_affiliations,TNP-00158,عبد اللطيف علوي,ar,علوي,second_republic,كتلة ائتلاف الكرامة (2019),PTY-740db9d180c9,كتلة ائتلاف الكرامة (2019),bloc
party_affiliations,TNP-00159,عبد المجيد عمار,ar,عمار,second_republic,حركة النهضة,,حركة النهضة,list
party_affiliations,TNP-00159,عبد المجيد عمار,ar,عمار,second_republic,كتلة حركة النهضة (2019),PTY-4559a54ac238,كتلة حركة النهضة (2019),bloc
party_affiliations,TNP-00160,عبد الرزاق الحسني,ar,الحسني,second_republic,الحزب الدستوري الحر,,الحزب الدستوري الحر,list
party_affiliations,TNP-00160,عبد الرزاق الحسني,ar,الحسني,second_republic,كتلة الحزب الدستوري الحر (2019),PTY-2e6681d42a4b,كتلة الحزب الدستوري الحر (2019),bloc
party_affiliations,TNP-00161,عبد السلام بن عمارة,ar,بن عمارة|عمارة,second_republic,الكتلة الديمقراطية (2019),PTY-079b16e9b74d,الكتلة الديمقراطية (2019),bloc
party_affiliations,TNP-00161,عبد السلام بن عمارة,ar,بن عمارة|عمارة,second_republic,حركة الشعب,,حركة الشعب,list
party_affiliations,TNP-00162,عبير موسي,ar,موسي,second_republic,الحزب الدستوري الحر,,الحزب الدستوري الحر,list
party_affiliations,TNP-00162,عبير موسي,ar,موسي,second_republic,كتلة الحزب الدستوري الحر (2019),PTY-2e6681d42a4b,كتلة الحزب الدستوري الحر (2019),bloc
party_affiliations,TNP-00163,عدنان حاجي,ar,حاجي,second_republic,Allégeance à la Patrie,PTY-7e358197af47,Allégeance à la Patrie,bloc
party_affiliations,TNP-00163,عدنان حاجي,ar,حاجي,second_republic,Aucun bloc,PTY-820f1119d5ed,Aucun bloc,bloc
party_affiliations,TNP-00163,عدنان حاجي,ar,حاجي,second_republic,Bloc Social-Démocrate,PTY-dc4ed2228330,Bloc Social-Démocrate,bloc
party_affiliations,TNP-00163,عدنان حاجي,ar,حاجي,second_republic,Indépendant,PTY-INDEPENDENT,Indépendant,bloc
party_affiliations,TNP-00163,عدنان حاجي,ar,حاجي,second_republic,الإتحاد الديمقراطي الإجتماعي,,الإتحاد الديمقراطي الإجتماعي,list
party_affiliations,TNP-00163,عدنان حاجي,ar,حاجي,second_republic,القائمة المستقلة رد الإعتبار,,القائمة المستقلة رد الإعتبار,list
party_affiliations,TNP-00163,عدنان حاجي,ar,حاجي,second_republic,الكتلة الديمقراطية (2019),PTY-079b16e9b74d,الكتلة الديمقراطية (2019),bloc
party_affiliations,TNP-00164,عدنان بن ابراهيم,ar,بن ابراهيم|ابراهيم,second_republic,Indépendant,PTY-INDEPENDENT,Indépendant,bloc
party_affiliations,TNP-00164,عدنان بن ابراهيم,ar,بن ابراهيم|ابراهيم,second_republic,حزب الاتحاد الشعبي الجمهوري,,حزب الاتحاد الشعبي الجمهوري,list
party_affiliations,TNP-00165,أحمد بلقاسم,ar,بلقاسم,second_republic,القائمة المستقلة الشباب المستقل,,القائمة المستقلة الشباب المستقل,list
party_affiliations,TNP-00165,أحمد بلقاسم,ar,بلقاسم,second_republic,كتلة حركة النهضة (2019),PTY-4559a54ac238,كتلة حركة النهضة (2019),bloc
party_affiliations,TNP-00166,أحمد بن عياد,ar,بن عياد|عياد,second_republic,حزب الرحمة,,حزب الرحمة,list
party_affiliations,TNP-00166,أحمد بن عياد,ar,بن عياد|عياد,second_republic,كتلة ائتلاف الكرامة (2019),PTY-740db9d180c9,كتلة ائتلاف الكرامة (2019),bloc
party_affiliations,TNP-00167,أحمد موحه,ar,موحه,second_republic,إئتلاف الكرامة,,إئتلاف الكرامة,list
party_affiliations,TNP-00167,أحمد موحه,ar,موحه,second_republic,كتلة ائتلاف الكرامة (2019),PTY-740db9d180c9,كتلة ائتلاف الكرامة (2019),bloc
party_affiliations,TNP-00168,أحمد الصغير,ar,الصغير,second_republic,الحزب الدستوري الحر,,الحزب الدستوري الحر,list
party_affiliations,TNP-00168,أحمد الصغير,ar,الصغير,second_republic,كتلة الحزب الدستوري الحر (2019),PTY-2e6681d42a4b,كتلة الحزب الدستوري الحر (2019),bloc
party_affiliations,TNP-00169,علي بنعون,ar,بنعون,second_republic,الكتلة الديمقراطية (2019),PTY-079b16e9b74d,الكتلة الديمقراطية (2019),bloc
party_affiliations,TNP-00169,علي بنعون,ar,بنعون,second_republic,حركة الشعب,,حركة الشعب,list
party_affiliations,TNP-00170,علي الهرماسي,ar,الهرماسي,second_republic,حزب نداء تونس,,حزب نداء تونس,list
party_affiliations,TNP-00170,علي الهرماسي,ar,الهرماسي,second_republic,كتلة الاصلاح (2019),PTY-8c13e5152d0f,كتلة الاصلاح (2019),bloc
party_affiliations,TNP-00171,علي الطياشي,ar,الطياشي,second_republic,الحزب الدستوري الحر,,الحزب الدستوري الحر,list
party_affiliations,TNP-00171,علي الطياشي,ar,الطياشي,second_republic,كتلة الحزب الدستوري الحر (2019),PTY-2e6681d42a4b,كتلة الحزب الدستوري الحر (2019),bloc
party_affiliations,TNP-00172,أمل السعيدي,ar,السعيدي,second_republic,الكتلة الديمقراطية (2019),PTY-079b16e9b74d,الكتلة الديمقراطية (2019),bloc
party_affiliations,TNP-00172,أمل السعيدي,ar,السعيدي,second_republic,حزب التيار الديمقراطي,,حزب التيار الديمقراطي,list
party_affiliations,TNP-00173,آمال الورتتاني,ar,الورتتاني,second_republic,حزب قلب تونس,,حزب قلب تونس,list
party_affiliations,TNP-00173,آمال الورتتاني,ar,الورتتاني,second_republic,كتلة حزب قلب تونس (2019),PTY-b4cc6c38811d,كتلة حزب قلب تونس (2019),bloc
party_affiliations,TNP-00174,عامر العريض,ar,العريض,second_republic,Mouvement Ennahdha,PTY-ENNAHDHA,Mouvement Ennahdha,affiliation|bloc
party_affiliations,TNP-00174,عامر العريض,ar,العريض,transition,Mouvement Nahdha,PTY-ENNAHDHA,Mouvement Nahdha,list
party_affiliations,TNP-00174,عامر العريض,ar,العريض,second_republic,حركة النهضة,,حركة النهضة,list
party_affiliations,TNP-00174,عامر العريض,ar,العريض,second_republic,كتلة حركة النهضة (2019),PTY-4559a54ac238,كتلة حركة النهضة (2019),bloc
party_affiliations,TNP-00175,أمين الميساوي,ar,الميساوي,second_republic,إئتلاف الكرامة,,إئتلاف الكرامة,list
party_affiliations,TNP-00175,أمين الميساوي,ar,الميساوي,second_republic,كتلة ائتلاف الكرامة (2019),PTY-740db9d180c9,كتلة ائتلاف الكرامة (2019),bloc
party_affiliations,TNP-00176,أميرة شرف الدين,ar,شرف الدين,second_republic,الكتلة الوطنية (2020),PTY-4c282d241960,الكتلة الوطنية (2020),bloc
party_affiliations,TNP-00176,أميرة شرف الدين,ar,شرف الدين,second_republic,حزب قلب تونس,,حزب قلب تونس,list
party_affiliations,TNP-00177,أنور بن الشاهد,ar,بن الشاهد|الشاهد,second_republic,الكتلة الديمقراطية (2019),PTY-079b16e9b74d,الكتلة الديمقراطية (2019),bloc
party_affiliations,TNP-00177,أنور بن الشاهد,ar,بن الشاهد|الشاهد,second_republic,حزب التيار الديمقراطي,,حزب التيار الديمقراطي,list
party_affiliations,TNP-00178,أروى بن عباس,ar,بن عباس|عباس,second_republic,Mouvement Ennahdha,PTY-ENNAHDHA,Mouvement Ennahdha,bloc
party_affiliations,TNP-00178,أروى بن عباس,ar,بن عباس|عباس,second_republic,حركة النهضة,,حركة النهضة,list
party_affiliations,TNP-00178,أروى بن عباس,ar,بن عباس|عباس,second_republic,كتلة حركة النهضة (2019),PTY-4559a54ac238,كتلة حركة النهضة (2019),bloc
party_affiliations,TNP-00179,عواطف فتيريش,ar,فتيريش,second_republic,إئتلاف الكرامة,,إئتلاف الكرامة,list
party_affiliations,TNP-00179,عواطف فتيريش,ar,فتيريش,second_republic,كتلة ائتلاف الكرامة (2019),PTY-740db9d180c9,كتلة ائتلاف الكرامة (2019),bloc
party_affiliations,TNP-00180,عواطف قريش عبيد,ar,عبيد,second_republic,الحزب الدستوري الحر,,الحزب الدستوري الحر,list
party_affiliations,TNP-00180,عواطف قريش عبيد,ar,عبيد,second_republic,كتلة الحزب الدستوري الحر (2019),PTY-2e6681d42a4b,كتلة الحزب الدستوري الحر (2019),bloc
party_affiliations,TNP-00181,العياشي زمال,ar,زمال,second_republic,الكتلة الوطنية (2020),PTY-4c282d241960,الكتلة الوطنية (2020),bloc
party_affiliations,TNP-00181,العياشي زمال,ar,زمال,second_republic,حركة تحيا تونس,,حركة تحيا تونس,list
party_affiliations,TNP-00182,آية الله هيشري,ar,هيشري,second_republic,Indépendant,PTY-INDEPENDENT,Indépendant,bloc
party_affiliations,TNP-00182,آية الله هيشري,ar,هيشري,second_republic,حزب الاتحاد الشعبي الجمهوري,,حزب الاتحاد الشعبي الجمهوري,list
party_affiliations,TNP-00183,البشير الخليفي,ar,الخليفي,second_republic,Mouvement Ennahdha,PTY-ENNAHDHA,Mouvement Ennahdha,bloc
party_affiliations,TNP-00183,البشير الخليفي,ar,الخليفي,second_republic,حركة النهضة,,حركة النهضة,list
party_affiliations,TNP-00183,البشير الخليفي,ar,الخليفي,second_republic,كتلة حركة النهضة (2019),PTY-4559a54ac238,كتلة حركة النهضة (2019),bloc
party_affiliations,TNP-00184,بشر الشابي,ar,الشابي,second_republic,حركة النهضة,,حركة النهضة,list
party_affiliations,TNP-00184,بشر الشابي,ar,الشابي,second_republic,كتلة حركة النهضة (2019),PTY-4559a54ac238,كتلة حركة النهضة (2019),bloc
party_affiliations,TNP-00185,بلقاسم الدراجي,ar,الدراجي,second_republic,حركة النهضة,,حركة النهضة,list
party_affiliations,TNP-00185,بلقاسم الدراجي,ar,الدراجي,second_republic,كتلة حركة النهضة (2019),PTY-4559a54ac238,كتلة حركة النهضة (2019),bloc
party_affiliations,TNP-00186,بلقاسم حسن,ar,حسن,second_republic,حركة النهضة,,حركة النهضة,list
party_affiliations,TNP-00186,بلقاسم حسن,ar,حسن,second_republic,كتلة حركة النهضة (2019),PTY-4559a54ac238,كتلة حركة النهضة (2019),bloc
party_affiliations,TNP-00187,شادية الحفصوني,ar,الحفصوني,second_republic,حزب قلب تونس,,حزب قلب تونس,list
party_affiliations,TNP-00187,شادية الحفصوني,ar,الحفصوني,second_republic,كتلة حزب قلب تونس (2019),PTY-b4cc6c38811d,كتلة حزب قلب تونس (2019),bloc
party_affiliations,TNP-00188,شيراز الشابي,ar,الشابي,second_republic,حزب قلب تونس,,حزب قلب تونس,list
party_affiliations,TNP-00188,شيراز الشابي,ar,الشابي,second_republic,كتلة حزب قلب تونس (2019),PTY-b4cc6c38811d,كتلة حزب قلب تونس (2019),bloc
party_affiliations,TNP-00189,شكري بلحاج عمارة,ar,بلحاج عمارة|عمارة,second_republic,القائمة المستقلة الخير,,القائمة المستقلة الخير,list
party_affiliations,TNP-00189,شكري بلحاج عمارة,ar,بلحاج عمارة|عمارة,second_republic,كتلة حركة النهضة (2019),PTY-4559a54ac238,كتلة حركة النهضة (2019),bloc
party_affiliations,TNP-00190,شكري الذويبي,ar,الذويبي,second_republic,القائمة المستقلة المواطنة والتنمية,,القائمة المستقلة المواطنة والتنمية,list
party_affiliations,TNP-00190,شكري الذويبي,ar,الذويبي,second_republic,الكتلة الديمقراطية (2019),PTY-079b16e9b74d,الكتلة الديمقراطية (2019),bloc
party_affiliations,TNP-00191,آمنة بن حميد,ar,بن حميد|حميد,second_republic,Mouvement Ennahdha,PTY-ENNAHDHA,Mouvement Ennahdha,bloc
party_affiliations,TNP-00191,آمنة بن حميد,ar,بن حميد|حميد,second_republic,حركة النهضة,,حركة النهضة,list
party_affiliations,TNP-00191,آمنة بن حميد,ar,بن حميد|حميد,second_republic,كتلة حركة النهضة (2019),PTY-4559a54ac238,كتلة حركة النهضة (2019),bloc
party_affiliations,TNP-00192,عزالدين الفرجاني,ar,الفرجاني,second_republic,إئتلاف الكرامة,,إئتلاف الكرامة,list
party_affiliations,TNP-00192,عزالدين الفرجاني,ar,الفرجاني,second_republic,كتلة ائتلاف الكرامة (2019),PTY-740db9d180c9,كتلة ائتلاف الكرامة (2019),bloc
party_affiliations,TNP-00193,الفاضل الوج,ar,الوج,second_republic,الحزب الدستوري الحر,,الحزب الدستوري الحر,list
party_affiliations,TNP-00193,الفاضل الوج,ar,الوج,second_republic,كتلة الحزب الدستوري الحر (2019),PTY-2e6681d42a4b,كتلة الحزب الدستوري الحر (2019),bloc
party_affiliations,TNP-00194,فائزة بوهلال,ar,بوهلال,second_republic,حركة النهضة,,حركة النهضة,list
party_affiliations,TNP-00194,فائزة بوهلال,ar,بوهلال,second_republic,كتلة حركة النهضة (2019),PTY-4559a54ac238,كتلة حركة النهضة (2019),bloc
party_affiliations,TNP-00195,فاكر الشويخي,ar,الشويخي,second_republic,إئتلاف الكرامة,,إئتلاف الكرامة,list
party_affiliations,TNP-00195,فاكر الشويخي,ar,الشويخي,second_republic,الكتلة الوطنية (2020),PTY-4c282d241960,الكتلة الوطنية (2020),bloc
party_affiliations,TNP-00196,فخر الدين شبشوب,ar,شبشوب,second_republic,حزب نداء تونس,,حزب نداء تونس,list
party_affiliations,TNP-00196,فخر الدين شبشوب,ar,شبشوب,second_republic,كتلة الاصلاح (2019),PTY-8c13e5152d0f,كتلة الاصلاح (2019),bloc
party_affiliations,TNP-00197,فارس بلال,ar,بلال,second_republic,حزب قلب تونس,,حزب قلب تونس,list
party_affiliations,TNP-00197,فارس بلال,ar,بلال,second_republic,كتلة حزب قلب تونس (2019),PTY-b4cc6c38811d,كتلة حزب قلب تونس (2019),bloc
party_affiliations,TNP-00198,فرحات الراجحي,ar,الراجحي,second_republic,الكتلة الديمقراطية (2019),PTY-079b16e9b74d,الكتلة الديمقراطية (2019),bloc
party_affiliations,TNP-00198,فرحات الراجحي,ar,الراجحي,second_republic,حزب التيار الديمقراطي,,حزب التيار الديمقراطي,list
party_affiliations,TNP-00199,فتحي العيادي,ar,العيادي,second_republic,Mouvement Ennahdha,PTY-ENNAHDHA,Mouvement Ennahdha,affiliation|bloc
party_affiliations,TNP-00199,فتحي العيادي,ar,العيادي,transition,Mouvement Nahdha,PTY-ENNAHDHA,Mouvement Nahdha,list
party_affiliations,TNP-00199,فتحي العيادي,ar,العيادي,second_republic,حركة النهضة,,حركة النهضة,list
party_affiliations,TNP-00199,فتحي العيادي,ar,العيادي,second_republic,كتلة حركة النهضة (2019),PTY-4559a54ac238,كتلة حركة النهضة (2019),bloc
party_affiliations,TNP-00200,فتحي بلقاسم,ar,بلقاسم,second_republic,حركة النهضة,,حركة النهضة,list
party_affiliations,TNP-00200,فتحي بلقاسم,ar,بلقاسم,second_republic,كتلة حركة النهضة (2019),PTY-4559a54ac238,كتلة حركة النهضة (2019),bloc
party_affiliations,TNP-00201,فيصل دربال,ar,دربال,second_republic,حركة النهضة,,حركة النهضة,list
party_affiliations,TNP-00201,فيصل دربال,ar,دربال,second_republic,كتلة حركة النهضة (2019),PTY-4559a54ac238,كتلة حركة النهضة (2019),bloc
party_affiliations,TNP-00202,فيصل الطاهري,ar,الطاهري,second_republic,حزب البديل التونسي,,حزب البديل التونسي,list
party_affiliations,TNP-00202,فيصل الطاهري,ar,الطاهري,second_republic,كتلة الاصلاح (2019),PTY-8c13e5152d0f,كتلة الاصلاح (2019),bloc
party_affiliations,TNP-00203,فيصل تبيني,ar,تبيني,second_republic,Aucun bloc,PTY-820f1119d5ed,Aucun bloc,bloc
party_affiliations,TNP-00203,فيصل تبيني,ar,تبيني,second_republic,Bloc Social-Démocrate,PTY-dc4ed2228330,Bloc Social-Démocrate,bloc
party_affiliations,TNP-00203,فيصل تبيني,ar,تبيني,second_republic,Indépendant,PTY-INDEPENDENT,Indépendant,bloc
party_affiliations,TNP-00203,فيصل تبيني,ar,تبيني,second_republic,حزب صوت الفلاحين,,حزب صوت الفلاحين,list
party_affiliations,TNP-00203,فيصل تبيني,ar,تبيني,second_republic,صوت الفلاحين,,صوت الفلاحين,list
party_affiliations,TNP-00204,فريدة عبيدي,ar,عبيدي,second_republic,Mouvement Ennahdha,PTY-ENNAHDHA,Mouvement Ennahdha,bloc
party_affiliations,TNP-00204,فريدة عبيدي,ar,عبيدي,second_republic,حركة النهضة,,حركة النهضة,list
party_affiliations,TNP-00204,فريدة عبيدي,ar,عبيدي,second_republic,كتلة حركة النهضة (2019),PTY-4559a54ac238,كتلة حركة النهضة (2019),bloc
party_affiliations,TNP-00205,فؤاد ثامر,ar,ثامر,second_republic,حزب قلب تونس,,حزب قلب تونس,list
party_affiliations,TNP-00205,فؤاد ثامر,ar,ثامر,second_republic,كتلة حزب قلب تونس (2019),PTY-b4cc6c38811d,كتلة حزب قلب تونس (2019),bloc
party_affiliations,TNP-00206,غازي القروي,ar,القروي,second_republic,حزب قلب تونس,,حزب قلب تونس,list
party_affiliations,TNP-00206,غازي القروي,ar,القروي,second_republic,كتلة حزب قلب تونس (2019),PTY-b4cc6c38811d,كتلة حزب قلب تونس (2019),bloc
party_affiliations,TNP-00207,حبيب بن سيدهم,ar,بن سيدهم|سيدهم,second_republic,إئتلاف الكرامة,,إئتلاف الكرامة,list
party_affiliations,TNP-00207,حبيب بن سيدهم,ar,بن سيدهم|سيدهم,second_republic,كتلة ائتلاف الكرامة (2019),PTY-740db9d180c9,كتلة ائتلاف الكرامة (2019),bloc
party_affiliations,TNP-00208,حافظ الزواري,ar,الزواري,second_republic,Afek Tounes,PTY-b0109a4f5966,Afek Tounes,bloc
party_affiliations,TNP-00208,حافظ الزواري,ar,الزواري,second_republic,Afek Tounes et lappel des tunisiens à létranger,PTY-899a51f36f9d,Afek Tounes et lappel des tunisiens à létranger,bloc
party_affiliations,TNP-00208,حافظ الزواري,ar,الزواري,second_republic,Afek Tounes le mouvement national et lappel des tunisiens à létranger,PTY-7c008889761b,Afek Tounes le mouvement national et lappel des tunisiens à létranger,bloc
party_affiliations,TNP-00208,حافظ الزواري,ar,الزواري,second_republic,Alliance nationale,PTY-7233741e1ec0,Alliance nationale,bloc
party_affiliations,TNP-00208,حافظ الزواري,ar,الزواري,second_republic,آفاق تونس,,آفاق تونس,list
party_affiliations,TNP-00208,حافظ الزواري,ar,الزواري,second_republic,حزب البديل التونسي,,حزب البديل التونسي,list
party_affiliations,TNP-00208,حافظ الزواري,ar,الزواري,second_republic,كتلة الاصلاح (2019),PTY-8c13e5152d0f,كتلة الاصلاح (2019),bloc
party_affiliations,TNP-00209,هاجر النيفر,ar,النيفر,second_republic,الحزب الدستوري الحر,,الحزب الدستوري الحر,list
party_affiliations,TNP-00209,هاجر النيفر,ar,النيفر,second_republic,كتلة الحزب الدستوري الحر (2019),PTY-2e6681d42a4b,كتلة الحزب الدستوري الحر (2019),bloc
party_affiliations,TNP-00210,حليمة همامي,ar,همامي,second_republic,إئتلاف الكرامة,,إئتلاف الكرامة,list
party_affiliations,TNP-00210,حليمة همامي,ar,همامي,second_republic,كتلة ائتلاف الكرامة (2019),PTY-740db9d180c9,كتلة ائتلاف الكرامة (2019),bloc
party_affiliations,TNP-00211,حسان بن الحاج إبراهيم,ar,بن إبراهيم|إبراهيم,second_republic,حزب قلب تونس,,حزب قلب تونس,list
party_affiliations,TNP-00211,حسان بن الحاج إبراهيم,ar,بن إبراهيم|إبراهيم,second_republic,كتلة حزب قلب تونس (2019),PTY-b4cc6c38811d,كتلة حزب قلب تونس (2019),bloc
party_affiliations,TNP-00212,حسونه ناصفي,ar,ناصفي,second_republic,Bloc Al Horra,PTY-cc0dd367425f,Bloc Al Horra,bloc
party_affiliations,TNP-00212,حسونه ناصفي,ar,ناصفي,second_republic,Bloc Al Horra du Mouvement Machrouu Tounes,PTY-30d752133dab,Bloc Al Horra du Mouvement Machrouu Tounes,bloc
party_affiliations,TNP-00212,حسونه ناصفي,ar,ناصفي,second_republic,Mouvement Nidaa Tounes,PTY-12c364be2b2b,Mouvement Nidaa Tounes,bloc
party_affiliations,TNP-00212,حسونه ناصفي,ar,ناصفي,second_republic,حركة مشروع تونس,,حركة مشروع تونس,list
party_affiliations,TNP-00212,حسونه ناصفي,ar,ناصفي,second_republic,حركة نداء تونس,,حركة نداء تونس,list
party_affiliations,TNP-00212,حسونه ناصفي,ar,ناصفي,second_republic,كتلة الاصلاح (2019),PTY-8c13e5152d0f,كتلة الاصلاح (2019),bloc
party_affiliations,TNP-00213,حاتم البوبكري,ar,البوبكري,second_republic,الكتلة الديمقراطية (2019),PTY-079b16e9b74d,الكتلة الديمقراطية (2019),bloc
party_affiliations,TNP-00213,حاتم البوبكري,ar,البوبكري,second_republic,حركة الشعب,,حركة الشعب,list
party_affiliations,TNP-00214,حاتم القروي,ar,القروي,second_republic,الكتلة الديمقراطية (2019),PTY-079b16e9b74d,الكتلة الديمقراطية (2019),bloc
party_affiliations,TNP-00214,حاتم القروي,ar,القروي,second_republic,حزب التيار الديمقراطي,,حزب التيار الديمقراطي,list
party_affiliations,TNP-00215,حاتم المانسي,ar,المانسي,second_republic,القائمة المستقلة سليانة في عينينا,,القائمة المستقلة سليانة في عينينا,list
party_affiliations,TNP-00215,حاتم المانسي,ar,المانسي,second_republic,كتلة الاصلاح (2019),PTY-8c13e5152d0f,كتلة الاصلاح (2019),bloc
party_affiliations,TNP-00216,حاتم المليكي,ar,المليكي,second_republic,Indépendant,PTY-INDEPENDENT,Indépendant,bloc
party_affiliations,TNP-00216,حاتم المليكي,ar,المليكي,second_republic,حزب قلب تونس,,حزب قلب تونس,list
party_affiliations,TNP-00217,حياة عمري,ar,عمري,second_republic,Mouvement Ennahdha,PTY-ENNAHDHA,Mouvement Ennahdha,bloc
party_affiliations,TNP-00217,حياة عمري,ar,عمري,second_republic,حركة النهضة,,حركة النهضة,list
party_affiliations,TNP-00217,حياة عمري,ar,عمري,second_republic,كتلة حركة النهضة (2019),PTY-4559a54ac238,كتلة حركة النهضة (2019),bloc
party_affiliations,TNP-00218,هيكل مكي,ar,مكي,second_republic,الكتلة الديمقراطية (2019),PTY-079b16e9b74d,الكتلة الديمقراطية (2019),bloc
party_affiliations,TNP-00218,هيكل مكي,ar,مكي,second_republic,حركة الشعب,,حركة الشعب,list
party_affiliations,TNP-00219,هيثم براهم,ar,براهم,second_republic,حزب آفاق تونس,,حزب آفاق تونس,list
party_affiliations,TNP-00219,هيثم براهم,ar,براهم,second_republic,كتلة الاصلاح (2019),PTY-8c13e5152d0f,كتلة الاصلاح (2019),bloc
party_affiliations,TNP-00220,الهادي الماكني,ar,الماكني,second_republic,حركة تحيا تونس,,حركة تحيا تونس,list
party_affiliations,TNP-00220,الهادي الماكني,ar,الماكني,second_republic,كتلة تحيا تونس (2019),PTY-e2dde8867b6c,كتلة تحيا تونس (2019),bloc
party_affiliations,TNP-00221,هاجر بوزمي,ar,بوزمي,second_republic,Mouvement Ennahdha,PTY-ENNAHDHA,Mouvement Ennahdha,bloc
party_affiliations,TNP-00221,هاجر بوزمي,ar,بوزمي,second_republic,حركة النهضة,,حركة النهضة,list
party_affiliations,TNP-00221,هاجر بوزمي,ar,بوزمي,second_republic,كتلة حركة النهضة (2019),PTY-4559a54ac238,كتلة حركة النهضة (2019),bloc
party_affiliations,TNP-00222,هاجر البوهلالي,ar,البوهلالي,second_republic,القائمة المستقلة الوفاء بالعهد,,القائمة المستقلة الوفاء بالعهد,list
party_affiliations,TNP-00222,هاجر البوهلالي,ar,البوهلالي,second_republic,كتلة حزب قلب تونس (2019),PTY-b4cc6c38811d,كتلة حزب قلب تونس (2019),bloc
party_affiliations,TNP-00223,هشام عجبوني,ar,عجبوني,second_republic,الكتلة الديمقراطية (2019),PTY-079b16e9b74d,الكتلة الديمقراطية (2019),bloc
party_affiliations,TNP-00223,هشام عجبوني,ar,عجبوني,second_republic,حزب التيار الديمقراطي,,حزب التيار الديمقراطي,list
party_affiliations,TNP-00224,هشام بن أحمد,ar,بن أحمد|أحمد,second_republic,حركة تحيا تونس,,حركة تحيا تونس,list
party_affiliations,TNP-00224,هشام بن أحمد,ar,بن أحمد|أحمد,second_republic,كتلة تحيا تونس (2019),PTY-e2dde8867b6c,كتلة تحيا تونس (2019),bloc
party_affiliations,TNP-00225,حسام موسى,ar,موسى,second_republic,الكتلة الديمقراطية (2019),PTY-079b16e9b74d,الكتلة الديمقراطية (2019),bloc
party_affiliations,TNP-00225,حسام موسى,ar,موسى,second_republic,حركة الشعب,,حركة الشعب,list
party_affiliations,TNP-00226,حسين جنيح,ar,جنيح,second_republic,حركة تحيا تونس,,حركة تحيا تونس,list
party_affiliations,TNP-00226,حسين جنيح,ar,جنيح,second_republic,كتلة تحيا تونس (2019),PTY-e2dde8867b6c,كتلة تحيا تونس (2019),bloc
party_affiliations,TNP-00227,ابتهاج بن هلال,ar,بن هلال|هلال,second_republic,Mouvement Nidaa Tounes,PTY-12c364be2b2b,Mouvement Nidaa Tounes,bloc
party_affiliations,TNP-00227,ابتهاج بن هلال,ar,بن هلال|هلال,second_republic,حركة نداء تونس,,حركة نداء تونس,list
party_affiliations,TNP-00227,ابتهاج بن هلال,ar,بن هلال|هلال,second_republic,حزب قلب تونس,,حزب قلب تونس,list
party_affiliations,TNP-00227,ابتهاج بن هلال,ar,بن هلال|هلال,second_republic,كتلة حزب قلب تونس (2019),PTY-b4cc6c38811d,كتلة حزب قلب تونس (2019),bloc
party_affiliations,TNP-00228,عماد الخميري,ar,الخميري,second_republic,Mouvement Ennahdha,PTY-ENNAHDHA,Mouvement Ennahdha,bloc
party_affiliations,TNP-00228,عماد الخميري,ar,الخميري,second_republic,حركة النهضة,,حركة النهضة,list
party_affiliations,TNP-00228,عماد الخميري,ar,الخميري,second_republic,كتلة حركة النهضة (2019),PTY-4559a54ac238,كتلة حركة النهضة (2019),bloc
party_affiliations,TNP-00229,إيمان بالطيب,ar,بالطيب,second_republic,Indépendant,PTY-INDEPENDENT,Indépendant,bloc
party_affiliations,TNP-00229,إيمان بالطيب,ar,بالطيب,second_republic,قائمة أمل وعمل المستقلة,,قائمة أمل وعمل المستقلة,list
party_affiliations,TNP-00230,عصام برقوقي,ar,برقوقي,second_republic,Indépendant,PTY-INDEPENDENT,Indépendant,bloc
party_affiliations,TNP-00230,عصام برقوقي,ar,برقوقي,second_republic,تيار المحبة,,تيار المحبة,list
party_affiliations,TNP-00231,عياض علاق,ar,علاق,second_republic,الحزب الدستوري الحر,,الحزب الدستوري الحر,list
party_affiliations,TNP-00231,عياض علاق,ar,علاق,second_republic,كتلة الحزب الدستوري الحر (2019),PTY-2e6681d42a4b,كتلة الحزب الدستوري الحر (2019),bloc
party_affiliations,TNP-00232,عياض اللومي,ar,اللومي,second_republic,Indépendant,PTY-INDEPENDENT,Indépendant,bloc
party_affiliations,TNP-00232,عياض اللومي,ar,اللومي,second_republic,حزب قلب تونس,,حزب قلب تونس,list
party_affiliations,TNP-00233,جلال الزياتي,ar,الزياتي,second_republic,حزب البديل التونسي,,حزب البديل التونسي,list
party_affiliations,TNP-00233,جلال الزياتي,ar,الزياتي,second_republic,كتلة الاصلاح (2019),PTY-8c13e5152d0f,كتلة الاصلاح (2019),bloc
party_affiliations,TNP-00234,جمالي بوضوافي,ar,بوضوافي,second_republic,Indépendant,PTY-INDEPENDENT,Indépendant,bloc
party_affiliations,TNP-00234,جمالي بوضوافي,ar,بوضوافي,second_republic,حزب الاتحاد الشعبي الجمهوري,,حزب الاتحاد الشعبي الجمهوري,list
party_affiliations,TNP-00235,جميلة دبش,ar,دبش,second_republic,Mouvement Ennahdha,PTY-ENNAHDHA,Mouvement Ennahdha,bloc
party_affiliations,TNP-00235,جميلة دبش,ar,دبش,second_republic,حركة النهضة,,حركة النهضة,list
party_affiliations,TNP-00235,جميلة دبش,ar,دبش,second_republic,كتلة حركة النهضة (2019),PTY-4559a54ac238,كتلة حركة النهضة (2019),bloc
party_affiliations,TNP-00236,جميلة الجويني,ar,الجويني,second_republic,Mouvement Ennahdha,PTY-ENNAHDHA,Mouvement Ennahdha,bloc
party_affiliations,TNP-00236,جميلة الجويني,ar,الجويني,second_republic,حركة النهضة,,حركة النهضة,list
party_affiliations,TNP-00236,جميلة الجويني,ar,الجويني,second_republic,كتلة حركة النهضة (2019),PTY-4559a54ac238,كتلة حركة النهضة (2019),bloc
party_affiliations,TNP-00237,جوهر المغيربي,ar,المغيربي,second_republic,حزب قلب تونس,,حزب قلب تونس,list
party_affiliations,TNP-00237,جوهر المغيربي,ar,المغيربي,second_republic,كتلة حزب قلب تونس (2019),PTY-b4cc6c38811d,كتلة حزب قلب تونس (2019),bloc
party_affiliations,TNP-00238,الجديدي السبوعي,ar,السبوعي,second_republic,حزب قلب تونس,,حزب قلب تونس,list
party_affiliations,TNP-00238,الجديدي السبوعي,ar,السبوعي,second_republic,كتلة حزب قلب تونس (2019),PTY-b4cc6c38811d,كتلة حزب قلب تونس (2019),bloc
party_affiliations,TNP-00239,كمال العوادي,ar,العوادي,second_republic,الكتلة الوطنية (2020),PTY-4c282d241960,الكتلة الوطنية (2020),bloc
party_affiliations,TNP-00239,كمال العوادي,ar,العوادي,second_republic,حركة تحيا تونس,,حركة تحيا تونس,list
party_affiliations,TNP-00240,كمال الحبيب فراج,ar,فراج,second_republic,الكتلة الديمقراطية (2019),PTY-079b16e9b74d,الكتلة الديمقراطية (2019),bloc
party_affiliations,TNP-00240,كمال الحبيب فراج,ar,فراج,second_republic,حركة الشعب,,حركة الشعب,list
party_affiliations,TNP-00241,كنزة عجالة,ar,عجالة,second_republic,حركة النهضة,,حركة النهضة,list
party_affiliations,TNP-00241,كنزة عجالة,ar,عجالة,second_republic,كتلة حركة النهضة (2019),PTY-4559a54ac238,كتلة حركة النهضة (2019),bloc
party_affiliations,TNP-00242,خالد الكريشي,ar,الكريشي,second_republic,الكتلة الديمقراطية (2019),PTY-079b16e9b74d,الكتلة الديمقراطية (2019),bloc
party_affiliations,TNP-00242,خالد الكريشي,ar,الكريشي,second_republic,حركة الشعب,,حركة الشعب,list
party_affiliations,TNP-00243,خالد قسومة,ar,قسومة,second_republic,Indépendant,PTY-INDEPENDENT,Indépendant,bloc
party_affiliations,TNP-00243,خالد قسومة,ar,قسومة,second_republic,حزب قلب تونس,,حزب قلب تونس,list
party_affiliations,TNP-00244,خير الدين الزاهي,ar,الزاهي,second_republic,القائمة المستقلة بذل وعطاء,,القائمة المستقلة بذل وعطاء,list
party_affiliations,TNP-00244,خير الدين الزاهي,ar,الزاهي,second_republic,كتلة الاصلاح (2019),PTY-8c13e5152d0f,كتلة الاصلاح (2019),bloc
party_affiliations,TNP-00245,لمياء جعيدان,ar,جعيدان,second_republic,Indépendant,PTY-INDEPENDENT,Indépendant,bloc
party_affiliations,TNP-00245,لمياء جعيدان,ar,جعيدان,second_republic,الحزب الدستوري الحر,,الحزب الدستوري الحر,list
party_affiliations,TNP-00246,لسعد حجلاوي,ar,حجلاوي,second_republic,الكتلة الديمقراطية (2019),PTY-079b16e9b74d,الكتلة الديمقراطية (2019),bloc
party_affiliations,TNP-00246,لسعد حجلاوي,ar,حجلاوي,second_republic,حزب التيار الديمقراطي,,حزب التيار الديمقراطي,list
party_affiliations,TNP-00247,لطيفة الحباشي,ar,الحباشي,second_republic,Mouvement Ennahdha,PTY-ENNAHDHA,Mouvement Ennahdha,affiliation|bloc
party_affiliations,TNP-00247,لطيفة الحباشي,ar,الحباشي,transition,Mouvement Nahdha,PTY-ENNAHDHA,Mouvement Nahdha,list
party_affiliations,TNP-00247,لطيفة الحباشي,ar,الحباشي,second_republic,حركة النهضة,,حركة النهضة,list
party_affiliations,TNP-00247,لطيفة الحباشي,ar,الحباشي,second_republic,كتلة حركة النهضة (2019),PTY-4559a54ac238,كتلة حركة النهضة (2019),bloc
party_affiliations,TNP-00248,لزهر الشملي,ar,الشملي,second_republic,الكتلة الديمقراطية (2019),PTY-079b16e9b74d,الكتلة الديمقراطية (2019),bloc
party_affiliations,TNP-00248,لزهر الشملي,ar,الشملي,second_republic,حزب التيار الديمقراطي,,حزب التيار الديمقراطي,list
party_affiliations,TNP-00249,ليلى حداد,ar,حداد,second_republic,الكتلة الديمقراطية (2019),PTY-079b16e9b74d,الكتلة الديمقراطية (2019),bloc
party_affiliations,TNP-00249,ليلى حداد,ar,حداد,second_republic,حركة الشعب,,حركة الشعب,list
party_affiliations,TNP-00250,ليليا بالليل,ar,بالليل,second_republic,حزب قلب تونس,,حزب قلب تونس,list
party_affiliations,TNP-00250,ليليا بالليل,ar,بالليل,second_republic,كتلة الاصلاح (2019),PTY-8c13e5152d0f,كتلة الاصلاح (2019),bloc
party_affiliations,TNP-00251,لطفي علي,ar,علي,second_republic,Alliance nationale,PTY-7233741e1ec0,Alliance nationale,bloc
party_affiliations,TNP-00251,لطفي علي,ar,علي,second_republic,Aucun bloc,PTY-820f1119d5ed,Aucun bloc,bloc
party_affiliations,TNP-00251,لطفي علي,ar,علي,second_republic,Bloc Social-Démocrate,PTY-dc4ed2228330,Bloc Social-Démocrate,bloc
party_affiliations,TNP-00251,لطفي علي,ar,علي,second_republic,Mouvement Nidaa Tounes,PTY-12c364be2b2b,Mouvement Nidaa Tounes,bloc
party_affiliations,TNP-00251,لطفي علي,ar,علي,second_republic,حركة تحيا تونس,,حركة تحيا تونس,list
party_affiliations,TNP-00251,لطفي علي,ar,علي,second_republic,حزب المبادرة,,حزب المبادرة,list
party_affiliations,TNP-00251,لطفي علي,ar,علي,second_republic,كتلة تحيا تونس (2019),PTY-e2dde8867b6c,كتلة تحيا تونس (2019),bloc
party_affiliations,TNP-00252,لطفي العيادي,ar,العيادي,second_republic,الكتلة الديمقراطية (2019),PTY-079b16e9b74d,الكتلة الديمقراطية (2019),bloc
party_affiliations,TNP-00252,لطفي العيادي,ar,العيادي,second_republic,حركة الشعب,,حركة الشعب,list
party_affiliations,TNP-00253,المبروك كرشيد,ar,كرشيد,second_republic,الكتلة الوطنية (2020),PTY-4c282d241960,الكتلة الوطنية (2020),bloc
party_affiliations,TNP-00253,المبروك كرشيد,ar,كرشيد,second_republic,حركة تحيا تونس,,حركة تحيا تونس,list
party_affiliations,TNP-00254,محبوبة بن ضيف الله,ar,بن ضيف الله|ضيف الله,second_republic,Mouvement Ennahdha,PTY-ENNAHDHA,Mouvement Ennahdha,bloc
party_affiliations,TNP-00254,محبوبة بن ضيف الله,ar,بن ضيف الله|ضيف الله,second_republic,حركة النهضة,,حركة النهضة,list
party_affiliations,TNP-00254,محبوبة بن ضيف الله,ar,بن ضيف الله|ضيف الله,second_republic,كتلة حركة النهضة (2019),PTY-4559a54ac238,كتلة حركة النهضة (2019),bloc
party_affiliations,TNP-00255,ماهر المذيوب,ar,المذيوب,second_republic,Mouvement Ennahdha,PTY-ENNAHDHA,Mouvement Ennahdha,bloc
party_affiliations,TNP-00255,ماهر المذيوب,ar,المذيوب,second_republic,حركة النهضة,,حركة النهضة,list
party_affiliations,TNP-00255,ماهر المذيوب,ar,المذيوب,second_republic,كتلة حركة النهضة (2019),PTY-4559a54ac238,كتلة حركة النهضة (2019),bloc
party_affiliations,TNP-00256,ماهر زيد,ar,زيد,second_republic,إئتلاف الكرامة,,إئتلاف الكرامة,list
party_affiliations,TNP-00256,ماهر زيد,ar,زيد,second_republic,كتلة ائتلاف الكرامة (2019),PTY-740db9d180c9,كتلة ائتلاف الكرامة (2019),bloc
party_affiliations,TNP-00257,مجدي بوذينة,ar,بوذينة,second_republic,الحزب الدستوري الحر,,الحزب الدستوري الحر,list
party_affiliations,TNP-00257,مجدي بوذينة,ar,بوذينة,second_republic,كتلة الحزب الدستوري الحر (2019),PTY-2e6681d42a4b,كتلة الحزب الدستوري الحر (2019),bloc
party_affiliations,TNP-00258,مجدي الكرباعي,ar,الكرباعي,second_republic,الكتلة الديمقراطية (2019),PTY-079b16e9b74d,الكتلة الديمقراطية (2019),bloc
party_affiliations,TNP-00258,مجدي الكرباعي,ar,الكرباعي,second_republic,حزب التيار الديمقراطي,,حزب التيار الديمقراطي,list
party_affiliations,TNP-00259,مريم بن بلقاسم,ar,بن بلقاسم|بلقاسم,second_republic,حركة النهضة,,حركة النهضة,list
party_affiliations,TNP-00259,مريم بن بلقاسم,ar,بن بلقاسم|بلقاسم,second_republic,كتلة حركة النهضة (2019),PTY-4559a54ac238,كتلة حركة النهضة (2019),bloc
party_affiliations,TNP-00260,مريم اللغماني,ar,اللغماني,second_republic,Indépendant,PTY-INDEPENDENT,Indépendant,bloc
party_affiliations,TNP-00260,مريم اللغماني,ar,اللغماني,second_republic,حزب قلب تونس,,حزب قلب تونس,list
party_affiliations,TNP-00261,مريم السعيدي,ar,السعيدي,second_republic,حزب قلب تونس,,حزب قلب تونس,list
party_affiliations,TNP-00261,مريم السعيدي,ar,السعيدي,second_republic,كتلة حزب قلب تونس (2019),PTY-b4cc6c38811d,كتلة حزب قلب تونس (2019),bloc
party_affiliations,TNP-00262,مروان فلفال,ar,فلفال,second_republic,Alliance nationale,PTY-7233741e1ec0,Alliance nationale,bloc
party_affiliations,TNP-00262,مروان فلفال,ar,فلفال,second_republic,Bloc Al Horra du Mouvement Machrouu Tounes,PTY-30d752133dab,Bloc Al Horra du Mouvement Machrouu Tounes,bloc
party_affiliations,TNP-00262,مروان فلفال,ar,فلفال,second_republic,حركة تحيا تونس,,حركة تحيا تونس,list
party_affiliations,TNP-00262,مروان فلفال,ar,فلفال,second_republic,حركة نداء تونس,,حركة نداء تونس,list
party_affiliations,TNP-00262,مروان فلفال,ar,فلفال,second_republic,كتلة تحيا تونس (2019),PTY-e2dde8867b6c,كتلة تحيا تونس (2019),bloc
party_affiliations,TNP-00263,مروى بن تمروت,ar,بن تمروت|تمروت,second_republic,حركة النهضة,,حركة النهضة,list
party_affiliations,TNP-00263,مروى بن تمروت,ar,بن تمروت|تمروت,second_republic,كتلة حركة النهضة (2019),PTY-4559a54ac238,كتلة حركة النهضة (2019),bloc
party_affiliations,TNP-00264,مهدي بن غربية,ar,بن غربية|غربية,second_republic,Alliance Démocratique,PTY-20b849ddfcb3,Alliance Démocratique,affiliation|bloc
party_affiliations,TNP-00264,مهدي بن غربية,ar,بن غربية|غربية,second_republic,Bloc Social-Démocrate,PTY-dc4ed2228330,Bloc Social-Démocrate,bloc
party_affiliations,TNP-00264,مهدي بن غربية,ar,بن غربية|غربية,transition,Parti démocratique progressiste,PTY-20b849ddfcb3,Parti démocratique progressiste,list
party_affiliations,TNP-00264,مهدي بن غربية,ar,بن غربية|غربية,second_republic,التحالف الديمقراطي,,التحالف الديمقراطي,list
party_affiliations,TNP-00264,مهدي بن غربية,ar,بن غربية|غربية,second_republic,حركة تحيا تونس,,حركة تحيا تونس,list
party_affiliations,TNP-00264,مهدي بن غربية,ar,بن غربية|غربية,second_republic,كتلة تحيا تونس (2019),PTY-e2dde8867b6c,كتلة تحيا تونس (2019),bloc
party_affiliations,TNP-00265,مكي زغدود,ar,زغدود,second_republic,Indépendant,PTY-INDEPENDENT,Indépendant,bloc
party_affiliations,TNP-00265,مكي زغدود,ar,زغدود,second_republic,حركة تحيا تونس,,حركة تحيا تونس,list
party_affiliations,TNP-00266,ميلاد بن الدالي,ar,بن الدالي|الدالي,second_republic,Indépendant,PTY-INDEPENDENT,Indépendant,bloc
party_affiliations,TNP-00266,ميلاد بن الدالي,ar,بن الدالي|الدالي,second_republic,إئتلاف الكرامة,,إئتلاف الكرامة,list
party_affiliations,TNP-00267,معز بلحاج رحومة,ar,بلحاج رحومة|رحومة,second_republic,Mouvement Ennahdha,PTY-ENNAHDHA,Mouvement Ennahdha,affiliation|bloc
party_affiliations,TNP-00267,معز بلحاج رحومة,ar,بلحاج رحومة|رحومة,transition,Mouvement Nahdha,PTY-ENNAHDHA,Mouvement Nahdha,list
party_affiliations,TNP-00267,معز بلحاج رحومة,ar,بلحاج رحومة|رحومة,second_republic,حركة النهضة,,حركة النهضة,list
party_affiliations,TNP-00267,معز بلحاج رحومة,ar,بلحاج رحومة|رحومة,second_republic,كتلة حركة النهضة (2019),PTY-4559a54ac238,كتلة حركة النهضة (2019),bloc
party_affiliations,TNP-00268,محمد العفاس,ar,العفاس,second_republic,إئتلاف الكرامة,,إئتلاف الكرامة,list
party_affiliations,TNP-00268,محمد العفاس,ar,العفاس,second_republic,كتلة ائتلاف الكرامة (2019),PTY-740db9d180c9,كتلة ائتلاف الكرامة (2019),bloc
party_affiliations,TNP-00269,محمد أحمد الدلهومي,ar,الدلهومي,second_republic,حزب قلب تونس,,حزب قلب تونس,list
party_affiliations,TNP-00269,محمد أحمد الدلهومي,ar,الدلهومي,second_republic,كتلة حزب قلب تونس (2019),PTY-b4cc6c38811d,كتلة حزب قلب تونس (2019),bloc
party_affiliations,TNP-00270,محمد عمار,ar,عمار,second_republic,الكتلة الديمقراطية (2019),PTY-079b16e9b74d,الكتلة الديمقراطية (2019),bloc
party_affiliations,TNP-00270,محمد عمار,ar,عمار,second_republic,حزب التيار الديمقراطي,,حزب التيار الديمقراطي,list
party_affiliations,TNP-00271,محمد بونني,ar,بونني,second_republic,الكتلة الديمقراطية (2019),PTY-079b16e9b74d,الكتلة الديمقراطية (2019),bloc
party_affiliations,TNP-00271,محمد بونني,ar,بونني,second_republic,حزب التيار الديمقراطي,,حزب التيار الديمقراطي,list
party_affiliations,TNP-00272,محمد ضياء الدين بن عمر,ar,بن عمر|عمر,second_republic,الكتلة الديمقراطية (2019),PTY-079b16e9b74d,الكتلة الديمقراطية (2019),bloc
party_affiliations,TNP-00272,محمد ضياء الدين بن عمر,ar,بن عمر|عمر,second_republic,حزب التيار الديمقراطي,,حزب التيار الديمقراطي,list
party_affiliations,TNP-00273,محمد الفاتح الخليفي,ar,الخليفي,second_republic,إئتلاف الكرامة,,إئتلاف الكرامة,list
party_affiliations,TNP-00273,محمد الفاتح الخليفي,ar,الخليفي,second_republic,كتلة ائتلاف الكرامة (2019),PTY-740db9d180c9,كتلة ائتلاف الكرامة (2019),bloc
party_affiliations,TNP-00274,محمد القوماني,ar,القوماني,second_republic,حركة النهضة,,حركة النهضة,list
party_affiliations,TNP-00274,محمد القوماني,ar,القوماني,second_republic,كتلة حركة النهضة (2019),PTY-4559a54ac238,كتلة حركة النهضة (2019),bloc
party_affiliations,TNP-00275,محمد الحصايري,ar,الحصايري,second_republic,حزب قلب تونس,,حزب قلب تونس,list
party_affiliations,TNP-00275,محمد الحصايري,ar,الحصايري,second_republic,كتلة حزب قلب تونس (2019),PTY-b4cc6c38811d,كتلة حزب قلب تونس (2019),bloc
party_affiliations,TNP-00276,محمد كمال حمزاوي,ar,حمزاوي,second_republic,Mouvement Nidaa Tounes,PTY-12c364be2b2b,Mouvement Nidaa Tounes,bloc
party_affiliations,TNP-00276,محمد كمال حمزاوي,ar,حمزاوي,second_republic,حركة تحيا تونس,,حركة تحيا تونس,list
party_affiliations,TNP-00276,محمد كمال حمزاوي,ar,حمزاوي,second_republic,حركة نداء تونس,,حركة نداء تونس,list
party_affiliations,TNP-00276,محمد كمال حمزاوي,ar,حمزاوي,second_republic,كتلة تحيا تونس (2019),PTY-e2dde8867b6c,كتلة تحيا تونس (2019),bloc
party_affiliations,TNP-00277,محمد كريم كريفة,ar,كريفة,transition,L'Initiative,PTY-509dbc650cec,L'Initiative,list
party_affiliations,TNP-00277,محمد كريم كريفة,ar,كريفة,second_republic,Parti l'initiative,PTY-509dbc650cec,Parti l'initiative,affiliation
party_affiliations,TNP-00277,محمد كريم كريفة,ar,كريفة,second_republic,الحزب الدستوري الحر,,الحزب الدستوري الحر,list
party_affiliations,TNP-00277,محمد كريم كريفة,ar,كريفة,transition,غير المنتمين إلى كتل,PTY-4784a167446a,غير المنتمين إلى كتل,bloc
party_affiliations,TNP-00277,محمد كريم كريفة,ar,كريفة,second_republic,كتلة الحزب الدستوري الحر (2019),PTY-2e6681d42a4b,كتلة الحزب الدستوري الحر (2019),bloc
party_affiliations,TNP-00278,محمد لزهر الرمة,ar,الرمة,second_republic,حركة النهضة,,حركة النهضة,list
party_affiliations,TNP-00278,محمد لزهر الرمة,ar,الرمة,second_republic,كتلة حركة النهضة (2019),PTY-4559a54ac238,كتلة حركة النهضة (2019),bloc
party_affiliations,TNP-00279,محمد مراد الحمزاوي,ar,الحمزاوي,second_republic,Indépendant,PTY-INDEPENDENT,Indépendant,bloc
party_affiliations,TNP-00279,محمد مراد الحمزاوي,ar,الحمزاوي,second_republic,حزب قلب تونس,,حزب قلب تونس,list
party_affiliations,TNP-00280,محمد الناصر بوسن,ar,بوسن,second_republic,إئتلاف الكرامة,,إئتلاف الكرامة,list
party_affiliations,TNP-00280,محمد الناصر بوسن,ar,بوسن,second_republic,كتلة ائتلاف الكرامة (2019),PTY-740db9d180c9,كتلة ائتلاف الكرامة (2019),bloc
party_affiliations,TNP-00281,محمد الصادق قحبيش,ar,قحبيش,second_republic,حزب آفاق تونس,,حزب آفاق تونس,list
party_affiliations,TNP-00281,محمد الصادق قحبيش,ar,قحبيش,second_republic,كتلة الاصلاح (2019),PTY-8c13e5152d0f,كتلة الاصلاح (2019),bloc
party_affiliations,TNP-00282,محمد صالح اللطيفي,ar,اللطيفي,second_republic,الحزب الإشتراكي الدستوري,,الحزب الإشتراكي الدستوري,list
party_affiliations,TNP-00282,محمد صالح اللطيفي,ar,اللطيفي,second_republic,كتلة حزب قلب تونس (2019),PTY-b4cc6c38811d,كتلة حزب قلب تونس (2019),bloc
party_affiliations,TNP-00283,محمد السخيري,ar,السخيري,second_republic,حزب قلب تونس,,حزب قلب تونس,list
party_affiliations,TNP-00283,محمد السخيري,ar,السخيري,second_republic,كتلة حزب قلب تونس (2019),PTY-b4cc6c38811d,كتلة حزب قلب تونس (2019),bloc
party_affiliations,TNP-00284,محمد الزعبي,ar,الزعبي,second_republic,القائمة المستقلة الامتياز,,القائمة المستقلة الامتياز,list
party_affiliations,TNP-00284,محمد الزعبي,ar,الزعبي,second_republic,كتلة حزب قلب تونس (2019),PTY-b4cc6c38811d,كتلة حزب قلب تونس (2019),bloc
party_affiliations,TNP-00285,محمد زريق,ar,زريق,second_republic,Mouvement Ennahdha,PTY-ENNAHDHA,Mouvement Ennahdha,affiliation|bloc
party_affiliations,TNP-00285,محمد زريق,ar,زريق,transition,Mouvement Nahdha,PTY-ENNAHDHA,Mouvement Nahdha,list
party_affiliations,TNP-00285,محمد زريق,ar,زريق,second_republic,حركة النهضة,,حركة النهضة,list
party_affiliations,TNP-00285,محمد زريق,ar,زريق,second_republic,كتلة حركة النهضة (2019),PTY-4559a54ac238,كتلة حركة النهضة (2019),bloc
party_affiliations,TNP-00286,محسن العرفاوي,ar,العرفاوي,second_republic,الكتلة الديمقراطية (2019),PTY-079b16e9b74d,الكتلة الديمقراطية (2019),bloc
party_affiliations,TNP-00286,محسن العرفاوي,ar,العرفاوي,second_republic,حركة الشعب,,حركة الشعب,list
party_affiliations,TNP-00287,منصف بوغطاس,ar,بوغطاس,second_republic,حركة النهضة,,حركة النهضة,list
party_affiliations,TNP-00287,منصف بوغطاس,ar,بوغطاس,second_republic,كتلة حركة النهضة (2019),PTY-4559a54ac238,كتلة حركة النهضة (2019),bloc
party_affiliations,TNP-00288,منذر بن عطية,ar,بن عطية|عطية,second_republic,إئتلاف الكرامة,,إئتلاف الكرامة,list
party_affiliations,TNP-00288,منذر بن عطية,ar,بن عطية|عطية,second_republic,كتلة ائتلاف الكرامة (2019),PTY-740db9d180c9,كتلة ائتلاف الكرامة (2019),bloc
party_affiliations,TNP-00289,منجي الرحوي,ar,الرحوي,second_republic,Front Populaire,PTY-df2e2fbfa81f,Front Populaire,bloc
party_affiliations,TNP-00289,منجي الرحوي,ar,الرحوي,second_republic,Indépendant,PTY-INDEPENDENT,Indépendant,bloc
party_affiliations,TNP-00289,منجي الرحوي,ar,الرحوي,second_republic,Mouvement des Patriotes Démocrates,PTY-38284180d037,Mouvement des Patriotes Démocrates,affiliation
party_affiliations,TNP-00289,منجي الرحوي,ar,الرحوي,transition,Mouvement des patriotes démocrates,PTY-38284180d037,Mouvement des patriotes démocrates,list
party_affiliations,TNP-00289,منجي الرحوي,ar,الرحوي,second_republic,الجبهة الشعبية,,الجبهة الشعبية,list
party_affiliations,TNP-00289,منجي الرحوي,ar,الرحوي,transition,الكتلة الديمقراطية (2019),PTY-079b16e9b74d,الكتلة الديمقراطية (2019),bloc
party_affiliations,TNP-00289,منجي الرحوي,ar,الرحوي,second_republic,حزب الجبهة الشعبية,,حزب الجبهة الشعبية,list
party_affiliations,TNP-00290,منجيّة البوغانمي,ar,البوغانمي,second_republic,حزب قلب تونس,,حزب قلب تونس,list
party_affiliations,TNP-00290,منجيّة البوغانمي,ar,البوغانمي,second_republic,كتلة حركة النهضة (2019),PTY-4559a54ac238,كتلة حركة النهضة (2019),bloc
party_affiliations,TNP-00291,معاذ بن ضياف,ar,بن ضياف|ضياف,second_republic,Indépendant,PTY-INDEPENDENT,Indépendant,bloc
party_affiliations,TNP-00291,معاذ بن ضياف,ar,بن ضياف|ضياف,second_republic,حزب الرحمة,,حزب الرحمة,list
party_affiliations,TNP-00292,منير بلطي حمدي,ar,حمدي,second_republic,حزب قلب تونس,,حزب قلب تونس,list
party_affiliations,TNP-00292,منير بلطي حمدي,ar,حمدي,second_republic,كتلة حزب قلب تونس (2019),PTY-b4cc6c38811d,كتلة حزب قلب تونس (2019),bloc
party_affiliations,TNP-00293,منيرة العياري,ar,العياري,second_republic,الكتلة الديمقراطية (2019),PTY-079b16e9b74d,الكتلة الديمقراطية (2019),bloc
party_affiliations,TNP-00293,منيرة العياري,ar,العياري,second_republic,حزب التيار الديمقراطي,,حزب التيار الديمقراطي,list
party_affiliations,TNP-00294,موسى بن أحمد,ar,بن أحمد|أحمد,second_republic,حركة النهضة,,حركة النهضة,list
party_affiliations,TNP-00294,موسى بن أحمد,ar,بن أحمد|أحمد,second_republic,كتلة حركة النهضة (2019),PTY-4559a54ac238,كتلة حركة النهضة (2019),bloc
party_affiliations,TNP-00295,مصطفى بن أحمد,ar,بن أحمد|أحمد,second_republic,Alliance nationale,PTY-7233741e1ec0,Alliance nationale,bloc
party_affiliations,TNP-00295,مصطفى بن أحمد,ar,بن أحمد|أحمد,second_republic,Aucun bloc,PTY-820f1119d5ed,Aucun bloc,bloc
party_affiliations,TNP-00295,مصطفى بن أحمد,ar,بن أحمد|أحمد,second_republic,Bloc Al Horra,PTY-cc0dd367425f,Bloc Al Horra,bloc
party_affiliations,TNP-00295,مصطفى بن أحمد,ar,بن أحمد|أحمد,second_republic,Bloc Al Horra du Mouvement Machrouu Tounes,PTY-30d752133dab,Bloc Al Horra du Mouvement Machrouu Tounes,bloc
party_affiliations,TNP-00295,مصطفى بن أحمد,ar,بن أحمد|أحمد,second_republic,Mouvement Nidaa Tounes,PTY-12c364be2b2b,Mouvement Nidaa Tounes,bloc
party_affiliations,TNP-00295,مصطفى بن أحمد,ar,بن أحمد|أحمد,second_republic,الكتلة الوطنية (2020),PTY-4c282d241960,الكتلة الوطنية (2020),bloc
party_affiliations,TNP-00295,مصطفى بن أحمد,ar,بن أحمد|أحمد,second_republic,حركة تحيا تونس,,حركة تحيا تونس,list
party_affiliations,TNP-00295,مصطفى بن أحمد,ar,بن أحمد|أحمد,second_republic,حركة نداء تونس,,حركة نداء تونس,list
party_affiliations,TNP-00295,مصطفى بن أحمد,ar,بن أحمد|أحمد,second_republic,كتلة تحيا تونس (2019),PTY-e2dde8867b6c,كتلة تحيا تونس (2019),bloc
party_affiliations,TNP-00296,مصطفى الغربي,ar,الغربي,second_republic,الحزب الدستوري الحر,,الحزب الدستوري الحر,list
party_affiliations,TNP-00296,مصطفى الغربي,ar,الغربي,second_republic,كتلة الحزب الدستوري الحر (2019),PTY-2e6681d42a4b,كتلة الحزب الدستوري الحر (2019),bloc
party_affiliations,TNP-00297,نبيل حجي,ar,حجي,second_republic,الكتلة الديمقراطية (2019),PTY-079b16e9b74d,الكتلة الديمقراطية (2019),bloc
party_affiliations,TNP-00297,نبيل حجي,ar,حجي,second_republic,حزب التيار الديمقراطي,,حزب التيار الديمقراطي,list
party_affiliations,TNP-00298,نعيمة المنصوري,ar,المنصوري,second_republic,حزب قلب تونس,,حزب قلب تونس,list
party_affiliations,TNP-00298,نعيمة المنصوري,ar,المنصوري,second_republic,كتلة حزب قلب تونس (2019),PTY-b4cc6c38811d,كتلة حزب قلب تونس (2019),bloc
party_affiliations,TNP-00299,نوفل الجمالي,ar,الجمالي,second_republic,Mouvement Ennahdha,PTY-ENNAHDHA,Mouvement Ennahdha,bloc
party_affiliations,TNP-00299,نوفل الجمالي,ar,الجمالي,second_republic,حركة النهضة,,حركة النهضة,list
party_affiliations,TNP-00299,نوفل الجمالي,ar,الجمالي,second_republic,كتلة حركة النهضة (2019),PTY-4559a54ac238,كتلة حركة النهضة (2019),bloc
party_affiliations,TNP-00300,ناجي الجراحي,ar,الجراحي,second_republic,الحزب الدستوري الحر,,الحزب الدستوري الحر,list
party_affiliations,TNP-00300,ناجي الجراحي,ar,الجراحي,second_republic,كتلة الحزب الدستوري الحر (2019),PTY-2e6681d42a4b,كتلة الحزب الدستوري الحر (2019),bloc
party_affiliations,TNP-00301,ناجي الجمل,ar,الجمل,second_republic,Mouvement Ennahdha,PTY-ENNAHDHA,Mouvement Ennahdha,affiliation|bloc
party_affiliations,TNP-00301,ناجي الجمل,ar,الجمل,transition,Mouvement Nahdha,PTY-ENNAHDHA,Mouvement Nahdha,list
party_affiliations,TNP-00301,ناجي الجمل,ar,الجمل,second_republic,حركة النهضة,,حركة النهضة,list
party_affiliations,TNP-00301,ناجي الجمل,ar,الجمل,second_republic,كتلة حركة النهضة (2019),PTY-4559a54ac238,كتلة حركة النهضة (2019),bloc
party_affiliations,TNP-00302,نجم الدين بن سالم,ar,بن سالم|سالم,second_republic,الكتلة الديمقراطية (2019),PTY-079b16e9b74d,الكتلة الديمقراطية (2019),bloc
party_affiliations,TNP-00302,نجم الدين بن سالم,ar,بن سالم|سالم,second_republic,حزب التيار الديمقراطي,,حزب التيار الديمقراطي,list
party_affiliations,TNP-00303,نسرين العماري,ar,العماري,second_republic,Bloc Al Horra du Mouvement Machrouu Tounes,PTY-30d752133dab,Bloc Al Horra du Mouvement Machrouu Tounes,bloc
party_affiliations,TNP-00303,نسرين العماري,ar,العماري,second_republic,حركة مشروع تونس,,حركة مشروع تونس,list
party_affiliations,TNP-00303,نسرين العماري,ar,العماري,second_republic,حركة نداء تونس,,حركة نداء تونس,list
party_affiliations,TNP-00303,نسرين العماري,ar,العماري,second_republic,كتلة الاصلاح (2019),PTY-8c13e5152d0f,كتلة الاصلاح (2019),bloc
party_affiliations,TNP-00304,نضال سعودي,ar,سعودي,second_republic,إئتلاف الكرامة,,إئتلاف الكرامة,list
party_affiliations,TNP-00304,نضال سعودي,ar,سعودي,second_republic,كتلة ائتلاف الكرامة (2019),PTY-740db9d180c9,كتلة ائتلاف الكرامة (2019),bloc
party_affiliations,TNP-00305,نعمان العش,ar,العش,second_republic,Aucun bloc,PTY-820f1119d5ed,Aucun bloc,bloc
party_affiliations,TNP-00305,نعمان العش,ar,العش,second_republic,التيار الديمقراطي,,التيار الديمقراطي,list
party_affiliations,TNP-00305,نعمان العش,ar,العش,second_republic,الكتلة الديمقراطية (2019),PTY-079b16e9b74d,الكتلة الديمقراطية (2019),bloc
party_affiliations,TNP-00305,نعمان العش,ar,العش,second_republic,حزب التيار الديمقراطي,,حزب التيار الديمقراطي,list
party_affiliations,TNP-00306,نهى عيساوي,ar,عيساوي,second_republic,حزب قلب تونس,,حزب قلب تونس,list
party_affiliations,TNP-00306,نهى عيساوي,ar,عيساوي,second_republic,كتلة حزب قلب تونس (2019),PTY-b4cc6c38811d,كتلة حزب قلب تونس (2019),bloc
party_affiliations,TNP-00307,نهى الجلابي,ar,الجلابي,second_republic,حزب نداء تونس,,حزب نداء تونس,list
party_affiliations,TNP-00307,نهى الجلابي,ar,الجلابي,second_republic,كتلة الاصلاح (2019),PTY-8c13e5152d0f,كتلة الاصلاح (2019),bloc
party_affiliations,TNP-00308,نور الدين العرباوي,ar,العرباوي,second_republic,حركة النهضة,,حركة النهضة,list
party_affiliations,TNP-00308,نور الدين العرباوي,ar,العرباوي,second_republic,كتلة حركة النهضة (2019),PTY-4559a54ac238,كتلة حركة النهضة (2019),bloc
party_affiliations,TNP-00309,نور الدين البحيري,ar,البحيري,second_republic,Mouvement Ennahdha,PTY-ENNAHDHA,Mouvement Ennahdha,bloc
party_affiliations,TNP-00309,نور الدين البحيري,ar,البحيري,second_republic,حركة النهضة,,حركة النهضة,list
party_affiliations,TNP-00309,نور الدين البحيري,ar,البحيري,second_republic,كتلة حركة النهضة (2019),PTY-4559a54ac238,كتلة حركة النهضة (2019),bloc
party_affiliations,TNP-00310,نسيبة بن علي,ar,بن علي|علي,second_republic,حركة النهضة,,حركة النهضة,list
party_affiliations,TNP-00310,نسيبة بن علي,ar,بن علي|علي,second_republic,كتلة حركة النهضة (2019),PTY-4559a54ac238,كتلة حركة النهضة (2019),bloc
party_affiliations,TNP-00311,ألفة التراس,ar,التراس,second_republic,عيش تونسي,,عيش تونسي,list
party_affiliations,TNP-00311,ألفة التراس,ar,التراس,second_republic,كتلة الاصلاح (2019),PTY-8c13e5152d0f,كتلة الاصلاح (2019),bloc
party_affiliations,TNP-00312,عمر الغريبي,ar,الغريبي,second_republic,إئتلاف الكرامة,,إئتلاف الكرامة,list
party_affiliations,TNP-00312,عمر الغريبي,ar,الغريبي,second_republic,كتلة ائتلاف الكرامة (2019),PTY-740db9d180c9,كتلة ائتلاف الكرامة (2019),bloc
party_affiliations,TNP-00313,أسامة الخليفي,ar,الخليفي,second_republic,حزب قلب تونس,,حزب قلب تونس,list
party_affiliations,TNP-00313,أسامة الخليفي,ar,الخليفي,second_republic,كتلة حزب قلب تونس (2019),PTY-b4cc6c38811d,كتلة حزب قلب تونس (2019),bloc
party_affiliations,TNP-00314,أسامة علية الصغير,ar,الصغير,second_republic,حركة النهضة,,حركة النهضة,list
party_affiliations,TNP-00314,أسامة علية الصغير,ar,الصغير,second_republic,كتلة حركة النهضة (2019),PTY-4559a54ac238,كتلة حركة النهضة (2019),bloc
party_affiliations,TNP-00315,رباب بن لطيف,ar,بن لطيف|لطيف,second_republic,حركة النهضة,,حركة النهضة,list
party_affiliations,TNP-00315,رباب بن لطيف,ar,بن لطيف|لطيف,second_republic,كتلة حركة النهضة (2019),PTY-4559a54ac238,كتلة حركة النهضة (2019),bloc
party_affiliations,TNP-00316,راشد الغنوشي,ar,الغنوشي,second_republic,حركة النهضة,,حركة النهضة,list
party_affiliations,TNP-00316,راشد الغنوشي,ar,الغنوشي,second_republic,كتلة حركة النهضة (2019),PTY-4559a54ac238,كتلة حركة النهضة (2019),bloc
party_affiliations,TNP-00317,راشد الخياري,ar,الخياري,second_republic,Indépendant,PTY-INDEPENDENT,Indépendant,bloc
party_affiliations,TNP-00317,راشد الخياري,ar,الخياري,second_republic,إئتلاف الكرامة,,إئتلاف الكرامة,list
party_affiliations,TNP-00318,رفيق عمارة,ar,عمارة,second_republic,حزب قلب تونس,,حزب قلب تونس,list
party_affiliations,TNP-00318,رفيق عمارة,ar,عمارة,second_republic,كتلة حزب قلب تونس (2019),PTY-b4cc6c38811d,كتلة حزب قلب تونس (2019),bloc
party_affiliations,TNP-00319,رضا شرف الدين,ar,شرف الدين,second_republic,Mouvement Nidaa Tounes,PTY-12c364be2b2b,Mouvement Nidaa Tounes,bloc
party_affiliations,TNP-00319,رضا شرف الدين,ar,شرف الدين,second_republic,الكتلة الوطنية (2020),PTY-4c282d241960,الكتلة الوطنية (2020),bloc
party_affiliations,TNP-00319,رضا شرف الدين,ar,شرف الدين,second_republic,حركة نداء تونس,,حركة نداء تونس,list
party_affiliations,TNP-00319,رضا شرف الدين,ar,شرف الدين,second_republic,حزب قلب تونس,,حزب قلب تونس,list
party_affiliations,TNP-00320,رضا الجوادي,ar,الجوادي,second_republic,Indépendant,PTY-INDEPENDENT,Indépendant,bloc
party_affiliations,TNP-00320,رضا الجوادي,ar,الجوادي,second_republic,إئتلاف الكرامة,,إئتلاف الكرامة,list
party_affiliations,TNP-00321,رضا الزغمي,ar,الزغمي,second_republic,الكتلة الديمقراطية (2019),PTY-079b16e9b74d,الكتلة الديمقراطية (2019),bloc
party_affiliations,TNP-00321,رضا الزغمي,ar,الزغمي,second_republic,حزب التيار الديمقراطي,,حزب التيار الديمقراطي,list
party_affiliations,TNP-00322,صفاء الغريبي,ar,الغريبي,second_republic,الكتلة الوطنية (2020),PTY-4c282d241960,الكتلة الوطنية (2020),bloc
party_affiliations,TNP-00322,صفاء الغريبي,ar,الغريبي,second_republic,حزب قلب تونس,,حزب قلب تونس,list
party_affiliations,TNP-00323,الصافي سعيد,ar,سعيد,second_republic,Indépendant,PTY-INDEPENDENT,Indépendant,bloc
party_affiliations,TNP-00323,الصافي سعيد,ar,سعيد,second_republic,القائمة المستقلة نحن هنا,,القائمة المستقلة نحن هنا,list
party_affiliations,TNP-00324,الصحبي عتيق,ar,عتيق,second_republic,Mouvement Ennahdha,PTY-ENNAHDHA,Mouvement Ennahdha,affiliation|bloc
party_affiliations,TNP-00324,الصحبي عتيق,ar,عتيق,transition,Mouvement Nahdha,PTY-ENNAHDHA,Mouvement Nahdha,list
party_affiliations,TNP-00324,الصحبي عتيق,ar,عتيق,second_republic,حركة النهضة,,حركة النهضة,list
party_affiliations,TNP-00324,الصحبي عتيق,ar,عتيق,second_republic,كتلة حركة النهضة (2019),PTY-4559a54ac238,كتلة حركة النهضة (2019),bloc
party_affiliations,TNP-00325,الصحبي صمارة,ar,صمارة,second_republic,Indépendant,PTY-INDEPENDENT,Indépendant,bloc
party_affiliations,TNP-00325,الصحبي صمارة,ar,صمارة,second_republic,القائمة المستقلة الرابطة الخضراء,,القائمة المستقلة الرابطة الخضراء,list
party_affiliations,TNP-00326,سعيد الجزيري,ar,الجزيري,second_republic,Indépendant,PTY-INDEPENDENT,Indépendant,bloc
party_affiliations,TNP-00326,سعيد الجزيري,ar,الجزيري,second_republic,حزب الرحمة,,حزب الرحمة,list
party_affiliations,TNP-00327,سالم قطاطة,ar,قطاطة,second_republic,الكتلة الديمقراطية (2019),PTY-079b16e9b74d,الكتلة الديمقراطية (2019),bloc
party_affiliations,TNP-00327,سالم قطاطة,ar,قطاطة,second_republic,حزب التيار الديمقراطي,,حزب التيار الديمقراطي,list
party_affiliations,TNP-00328,سالم لبيض,ar,لبيض,second_republic,Aucun bloc,PTY-820f1119d5ed,Aucun bloc,bloc
party_affiliations,TNP-00328,سالم لبيض,ar,لبيض,second_republic,الكتلة الديمقراطية (2019),PTY-079b16e9b74d,الكتلة الديمقراطية (2019),bloc
party_affiliations,TNP-00328,سالم لبيض,ar,لبيض,second_republic,حركة الشعب,,حركة الشعب,list
party_affiliations,TNP-00329,سلمى معالج,ar,معالج,second_republic,الكتلة الديمقراطية (2019),PTY-079b16e9b74d,الكتلة الديمقراطية (2019),bloc
party_affiliations,TNP-00329,سلمى معالج,ar,معالج,second_republic,حزب التيار الديمقراطي,,حزب التيار الديمقراطي,list
party_affiliations,TNP-00330,سلوى بن عيشة,ar,بن عيشة|عيشة,second_republic,Indépendant,PTY-INDEPENDENT,Indépendant,bloc
party_affiliations,TNP-00330,سلوى بن عيشة,ar,بن عيشة|عيشة,second_republic,حزب الرحمة,,حزب الرحمة,list
party_affiliations,TNP-00331,سماح دمق,ar,دمق,second_republic,Mouvement Nidaa Tounes,PTY-12c364be2b2b,Mouvement Nidaa Tounes,bloc
party_affiliations,TNP-00331,سماح دمق,ar,دمق,second_republic,حركة نداء تونس,,حركة نداء تونس,list
party_affiliations,TNP-00331,سماح دمق,ar,دمق,second_republic,حزب قلب تونس,,حزب قلب تونس,list
party_affiliations,TNP-00331,سماح دمق,ar,دمق,second_republic,كتلة حزب قلب تونس (2019),PTY-b4cc6c38811d,كتلة حزب قلب تونس (2019),bloc
party_affiliations,TNP-00332,سامية عبو,ar,عبو,second_republic,Aucun bloc,PTY-820f1119d5ed,Aucun bloc,bloc
party_affiliations,TNP-00332,سامية عبو,ar,عبو,transition,Congrès pour la République,PTY-CPR,Congrès pour la République,bloc
party_affiliations,TNP-00332,سامية عبو,ar,عبو,transition,Congrès pour la république,PTY-efb0809dca6b,Congrès pour la république,list
party_affiliations,TNP-00332,سامية عبو,ar,عبو,second_republic,Courant Démocratique,PTY-efb0809dca6b,Courant Démocratique,affiliation
party_affiliations,TNP-00332,سامية عبو,ar,عبو,second_republic,التيار الديمقراطي,,التيار الديمقراطي,list
party_affiliations,TNP-00332,سامية عبو,ar,عبو,second_republic,الكتلة الديمقراطية (2019),PTY-079b16e9b74d,الكتلة الديمقراطية (2019),bloc
party_affiliations,TNP-00332,سامية عبو,ar,عبو,second_republic,حزب التيار الديمقراطي,,حزب التيار الديمقراطي,list
party_affiliations,TNP-00333,سمير ديلو,ar,ديلو,second_republic,Mouvement Ennahdha,PTY-ENNAHDHA,Mouvement Ennahdha,bloc
party_affiliations,TNP-00333,سمير ديلو,ar,ديلو,second_republic,حركة النهضة,,حركة النهضة,list
party_affiliations,TNP-00333,سمير ديلو,ar,ديلو,second_republic,كتلة حركة النهضة (2019),PTY-4559a54ac238,كتلة حركة النهضة (2019),bloc
party_affiliations,TNP-00334,سميرة بعيزيق,ar,بعيزيق,second_republic,الكتلة الوطنية (2020),PTY-4c282d241960,الكتلة الوطنية (2020),bloc
party_affiliations,TNP-00334,سميرة بعيزيق,ar,بعيزيق,second_republic,حزب قلب تونس,,حزب قلب تونس,list
party_affiliations,TNP-00335,سميرة الشواشي,ar,الشواشي,second_republic,حزب قلب تونس,,حزب قلب تونس,list
party_affiliations,TNP-00335,سميرة الشواشي,ar,الشواشي,second_republic,كتلة حزب قلب تونس (2019),PTY-b4cc6c38811d,كتلة حزب قلب تونس (2019),bloc
party_affiliations,TNP-00336,سميرة حميدة,ar,حميدة,second_republic,حركة النهضة,,حركة النهضة,list
party_affiliations,TNP-00336,سميرة حميدة,ar,حميدة,second_republic,كتلة حركة النهضة (2019),PTY-4559a54ac238,كتلة حركة النهضة (2019),bloc
party_affiliations,TNP-00337,سميرة السايحي,ar,السايحي,second_republic,الحزب الدستوري الحر,,الحزب الدستوري الحر,list
party_affiliations,TNP-00337,سميرة السايحي,ar,السايحي,second_republic,كتلة الحزب الدستوري الحر (2019),PTY-2e6681d42a4b,كتلة الحزب الدستوري الحر (2019),bloc
party_affiliations,TNP-00338,سميرة سميعي,ar,سميعي,second_republic,حركة النهضة,,حركة النهضة,list
party_affiliations,TNP-00338,سميرة سميعي,ar,سميعي,second_republic,كتلة حركة النهضة (2019),PTY-4559a54ac238,كتلة حركة النهضة (2019),bloc
party_affiliations,TNP-00339,السيد فرجاني,ar,فرجاني,second_republic,حركة النهضة,,حركة النهضة,list
party_affiliations,TNP-00339,السيد فرجاني,ar,فرجاني,second_republic,كتلة حركة النهضة (2019),PTY-4559a54ac238,كتلة حركة النهضة (2019),bloc
party_affiliations,TNP-00340,السيدة الونيسي,ar,الونيسي,second_republic,Mouvement Ennahdha,PTY-ENNAHDHA,Mouvement Ennahdha,bloc
party_affiliations,TNP-00340,السيدة الونيسي,ar,الونيسي,second_republic,حركة النهضة,,حركة النهضة,list
party_affiliations,TNP-00340,السيدة الونيسي,ar,الونيسي,second_republic,كتلة حركة النهضة (2019),PTY-4559a54ac238,كتلة حركة النهضة (2019),bloc
party_affiliations,TNP-00341,سيف الدين المرغني,ar,المرغني,second_republic,حزب قلب تونس,,حزب قلب تونس,list
party_affiliations,TNP-00341,سيف الدين المرغني,ar,المرغني,second_republic,كتلة حزب قلب تونس (2019),PTY-b4cc6c38811d,كتلة حزب قلب تونس (2019),bloc
party_affiliations,TNP-00342,سيف الدين مخلوف,ar,مخلوف,second_republic,إئتلاف الكرامة,,إئتلاف الكرامة,list
party_affiliations,TNP-00342,سيف الدين مخلوف,ar,مخلوف,second_republic,كتلة ائتلاف الكرامة (2019),PTY-740db9d180c9,كتلة ائتلاف الكرامة (2019),bloc
party_affiliations,TNP-00343,سهام الشريقي,ar,الشريقي,second_republic,حزب قلب تونس,,حزب قلب تونس,list
party_affiliations,TNP-00343,سهام الشريقي,ar,الشريقي,second_republic,كتلة حزب قلب تونس (2019),PTY-b4cc6c38811d,كتلة حزب قلب تونس (2019),bloc
party_affiliations,TNP-00344,سفيان المخلوفي,ar,المخلوفي,second_republic,الكتلة الديمقراطية (2019),PTY-079b16e9b74d,الكتلة الديمقراطية (2019),bloc
party_affiliations,TNP-00344,سفيان المخلوفي,ar,المخلوفي,second_republic,حزب التيار الديمقراطي,,حزب التيار الديمقراطي,list
party_affiliations,TNP-00345,سفيان طوبال,ar,طوبال,second_republic,Mouvement Nidaa Tounes,PTY-12c364be2b2b,Mouvement Nidaa Tounes,bloc
party_affiliations,TNP-00345,سفيان طوبال,ar,طوبال,second_republic,حركة نداء تونس,,حركة نداء تونس,list
party_affiliations,TNP-00345,سفيان طوبال,ar,طوبال,second_republic,حزب قلب تونس,,حزب قلب تونس,list
party_affiliations,TNP-00345,سفيان طوبال,ar,طوبال,second_republic,كتلة حزب قلب تونس (2019),PTY-b4cc6c38811d,كتلة حزب قلب تونس (2019),bloc
party_affiliations,TNP-00346,سنية الخشين,ar,الخشين,second_republic,حركة تحيا تونس,,حركة تحيا تونس,list
party_affiliations,TNP-00346,سنية الخشين,ar,الخشين,second_republic,كتلة تحيا تونس (2019),PTY-e2dde8867b6c,كتلة تحيا تونس (2019),bloc
party_affiliations,TNP-00347,صهيب الوذان,ar,الوذان,second_republic,حركة مشروع تونس,,حركة مشروع تونس,list
party_affiliations,TNP-00347,صهيب الوذان,ar,الوذان,second_republic,كتلة الاصلاح (2019),PTY-8c13e5152d0f,كتلة الاصلاح (2019),bloc
party_affiliations,TNP-00348,سهير العسكري,ar,العسكري,second_republic,Indépendant,PTY-INDEPENDENT,Indépendant,bloc
party_affiliations,TNP-00348,سهير العسكري,ar,العسكري,second_republic,حزب قلب تونس,,حزب قلب تونس,list
party_affiliations,TNP-00349,طارق براهمي,ar,براهمي,second_republic,حركة مشروع تونس,,حركة مشروع تونس,list
party_affiliations,TNP-00349,طارق براهمي,ar,براهمي,second_republic,كتلة الاصلاح (2019),PTY-8c13e5152d0f,كتلة الاصلاح (2019),bloc
party_affiliations,TNP-00350,طارق فتيتي,ar,فتيتي,second_republic,Alliance nationale,PTY-7233741e1ec0,Alliance nationale,bloc
party_affiliations,TNP-00350,طارق فتيتي,ar,فتيتي,second_republic,Aucun bloc,PTY-820f1119d5ed,Aucun bloc,bloc
party_affiliations,TNP-00350,طارق فتيتي,ar,فتيتي,second_republic,Union Patriotique Libre,PTY-9b0efa626777,Union Patriotique Libre,bloc
party_affiliations,TNP-00350,طارق فتيتي,ar,فتيتي,second_republic,الإتحاد الوطني الحر,,الإتحاد الوطني الحر,list
party_affiliations,TNP-00350,طارق فتيتي,ar,فتيتي,second_republic,القائمة المستقلة الرجوع الي الأصل,,القائمة المستقلة الرجوع الي الأصل,list
party_affiliations,TNP-00350,طارق فتيتي,ar,فتيتي,second_republic,كتلة الاصلاح (2019),PTY-8c13e5152d0f,كتلة الاصلاح (2019),bloc
party_affiliations,TNP-00351,توفيق الزايري,ar,الزايري,second_republic,حركة النهضة,,حركة النهضة,list
party_affiliations,TNP-00351,توفيق الزايري,ar,الزايري,second_republic,كتلة حركة النهضة (2019),PTY-4559a54ac238,كتلة حركة النهضة (2019),bloc
party_affiliations,TNP-00352,ثامر سعد,ar,سعد,second_republic,الحزب الدستوري الحر,,الحزب الدستوري الحر,list
party_affiliations,TNP-00352,ثامر سعد,ar,سعد,second_republic,كتلة الحزب الدستوري الحر (2019),PTY-2e6681d42a4b,كتلة الحزب الدستوري الحر (2019),bloc
party_affiliations,TNP-00353,التومي الحمروني,ar,الحمروني,second_republic,حركة النهضة,,حركة النهضة,list
party_affiliations,TNP-00353,التومي الحمروني,ar,الحمروني,second_republic,كتلة حركة النهضة (2019),PTY-4559a54ac238,كتلة حركة النهضة (2019),bloc
party_affiliations,TNP-00354,وفاء عطية,ar,عطية,second_republic,Mouvement Ennahdha,PTY-ENNAHDHA,Mouvement Ennahdha,bloc
party_affiliations,TNP-00354,وفاء عطية,ar,عطية,second_republic,حركة النهضة,,حركة النهضة,list
party_affiliations,TNP-00354,وفاء عطية,ar,عطية,second_republic,كتلة حركة النهضة (2019),PTY-4559a54ac238,كتلة حركة النهضة (2019),bloc
party_affiliations,TNP-00355,وليد الجلاد,ar,الجلاد,second_republic,Alliance nationale,PTY-7233741e1ec0,Alliance nationale,bloc
party_affiliations,TNP-00355,وليد الجلاد,ar,الجلاد,second_republic,Aucun bloc,PTY-820f1119d5ed,Aucun bloc,bloc
party_affiliations,TNP-00355,وليد الجلاد,ar,الجلاد,second_republic,Bloc Al Horra,PTY-cc0dd367425f,Bloc Al Horra,bloc
party_affiliations,TNP-00355,وليد الجلاد,ar,الجلاد,second_republic,Mouvement Nidaa Tounes,PTY-12c364be2b2b,Mouvement Nidaa Tounes,bloc
party_affiliations,TNP-00355,وليد الجلاد,ar,الجلاد,second_republic,الكتلة الوطنية (2020),PTY-4c282d241960,الكتلة الوطنية (2020),bloc
party_affiliations,TNP-00355,وليد الجلاد,ar,الجلاد,second_republic,حركة تحيا تونس,,حركة تحيا تونس,list
party_affiliations,TNP-00355,وليد الجلاد,ar,الجلاد,second_republic,حركة نداء تونس,,حركة نداء تونس,list
party_affiliations,TNP-00355,وليد الجلاد,ar,الجلاد,second_republic,كتلة تحيا تونس (2019),PTY-e2dde8867b6c,كتلة تحيا تونس (2019),bloc
party_affiliations,TNP-00356,وسام الشعري,ar,الشعري,second_republic,الحزب الدستوري الحر,,الحزب الدستوري الحر,list
party_affiliations,TNP-00356,وسام الشعري,ar,الشعري,second_republic,كتلة الحزب الدستوري الحر (2019),PTY-2e6681d42a4b,كتلة الحزب الدستوري الحر (2019),bloc
party_affiliations,TNP-00357,يمينة الزغلامي,ar,الزغلامي,second_republic,Mouvement Ennahdha,PTY-ENNAHDHA,Mouvement Ennahdha,affiliation|bloc
party_affiliations,TNP-00357,يمينة الزغلامي,ar,الزغلامي,transition,Mouvement Nahdha,PTY-ENNAHDHA,Mouvement Nahdha,list
party_affiliations,TNP-00357,يمينة الزغلامي,ar,الزغلامي,second_republic,حركة النهضة,,حركة النهضة,list
party_affiliations,TNP-00357,يمينة الزغلامي,ar,الزغلامي,second_republic,كتلة حركة النهضة (2019),PTY-4559a54ac238,كتلة حركة النهضة (2019),bloc
party_affiliations,TNP-00358,ياسين العياري,ar,العياري,second_republic,Aucun bloc,PTY-820f1119d5ed,Aucun bloc,bloc
party_affiliations,TNP-00358,ياسين العياري,ar,العياري,second_republic,Indépendant,PTY-INDEPENDENT,Indépendant,bloc
party_affiliations,TNP-00358,ياسين العياري,ar,العياري,second_republic,قائمة أمل وعمل المستقلة,,قائمة أمل وعمل المستقلة,list
party_affiliations,TNP-00358,ياسين العياري,ar,العياري,second_republic,مستقل,,مستقل,list
party_affiliations,TNP-00359,يسري الدالي,ar,الدالي,second_republic,إئتلاف الكرامة,,إئتلاف الكرامة,list
party_affiliations,TNP-00359,يسري الدالي,ar,الدالي,second_republic,كتلة ائتلاف الكرامة (2019),PTY-740db9d180c9,كتلة ائتلاف الكرامة (2019),bloc
party_affiliations,TNP-00360,زينب السفاري,ar,السفاري,second_republic,الحزب الدستوري الحر,,الحزب الدستوري الحر,list
party_affiliations,TNP-00360,زينب السفاري,ar,السفاري,second_republic,كتلة الحزب الدستوري الحر (2019),PTY-2e6681d42a4b,كتلة الحزب الدستوري الحر (2019),bloc
party_affiliations,TNP-00361,زينب براهمي,ar,براهمي,second_republic,Mouvement Ennahdha,PTY-ENNAHDHA,Mouvement Ennahdha,bloc
party_affiliations,TNP-00361,زينب براهمي,ar,براهمي,second_republic,حركة النهضة,,حركة النهضة,list
party_affiliations,TNP-00361,زينب براهمي,ar,براهمي,second_republic,كتلة حركة النهضة (2019),PTY-4559a54ac238,كتلة حركة النهضة (2019),bloc
party_affiliations,TNP-00362,زياد الغناي,ar,الغناي,second_republic,الكتلة الديمقراطية (2019),PTY-079b16e9b74d,الكتلة الديمقراطية (2019),bloc
party_affiliations,TNP-00362,زياد الغناي,ar,الغناي,second_republic,حزب التيار الديمقراطي,,حزب التيار الديمقراطي,list
party_affiliations,TNP-00363,زياد الهاشمي,ar,الهاشمي,second_republic,إئتلاف الكرامة,,إئتلاف الكرامة,list
party_affiliations,TNP-00363,زياد الهاشمي,ar,الهاشمي,second_republic,كتلة ائتلاف الكرامة (2019),PTY-740db9d180c9,كتلة ائتلاف الكرامة (2019),bloc
party_affiliations,TNP-00364,زياد العذاري,ar,العذاري,second_republic,Indépendant,PTY-INDEPENDENT,Indépendant,bloc
party_affiliations,TNP-00364,زياد العذاري,ar,العذاري,second_republic,Mouvement Ennahdha,PTY-ENNAHDHA,Mouvement Ennahdha,affiliation
party_affiliations,TNP-00364,زياد العذاري,ar,العذاري,transition,Mouvement Nahdha,PTY-ENNAHDHA,Mouvement Nahdha,list
party_affiliations,TNP-00364,زياد العذاري,ar,العذاري,second_republic,حركة النهضة,,حركة النهضة,list
party_affiliations,TNP-00364,زياد العذاري,ar,العذاري,transition,كتلة حركة النهضة (2019),PTY-4559a54ac238,كتلة حركة النهضة (2019),bloc
party_affiliations,TNP-00365,زهير المغزاوي,ar,المغزاوي,second_republic,Aucun bloc,PTY-820f1119d5ed,Aucun bloc,bloc
party_affiliations,TNP-00365,زهير المغزاوي,ar,المغزاوي,second_republic,الكتلة الديمقراطية (2019),PTY-079b16e9b74d,الكتلة الديمقراطية (2019),bloc
party_affiliations,TNP-00365,زهير المغزاوي,ar,المغزاوي,second_republic,حركة الشعب,,حركة الشعب,list
party_affiliations,TNP-00366,زهير مخلوف,ar,مخلوف,second_republic,Indépendant,PTY-INDEPENDENT,Indépendant,bloc
party_affiliations,TNP-00366,زهير مخلوف,ar,مخلوف,second_republic,حزب قلب تونس,,حزب قلب تونس,list
party_affiliations,TNP-00367,إبراهيم الحامدي,ar,الحامدي,transition,Fidélité à La Révolution,PTY-fe5731549756,Fidélité à La Révolution,bloc
party_affiliations,TNP-00367,إبراهيم الحامدي,ar,الحامدي,transition,La Voix du peuple de Tunisie,PTY-bbfe9bb6d793,La Voix du peuple de Tunisie,affiliation
party_affiliations,TNP-00367,إبراهيم الحامدي,ar,الحامدي,transition,Parti de la nation culturel et unioniste,PTY-bbfe9bb6d793,Parti de la nation culturel et unioniste,list
party_affiliations,TNP-00368,إبراهيم قصاص,ar,قصاص,transition,Indépendant,PTY-INDEPENDENT,Indépendant,affiliation
party_affiliations,TNP-00368,إبراهيم قصاص,ar,قصاص,transition,"Pétition populaire pour la liberté, la justice et le développement",PTY-INDEPENDENT,"Pétition populaire pour la liberté, la justice et le développement",list
party_affiliations,TNP-00368,إبراهيم قصاص,ar,قصاص,transition,غير المنتمين إلى كتل,PTY-4784a167446a,غير المنتمين إلى كتل,bloc
party_affiliations,TNP-00369,أحمد المشرقي,ar,المشرقي,second_republic,Mouvement Ennahdha,PTY-ENNAHDHA,Mouvement Ennahdha,affiliation|bloc
party_affiliations,TNP-00369,أحمد المشرقي,ar,المشرقي,transition,Mouvement Nahdha,PTY-ENNAHDHA,Mouvement Nahdha,list
party_affiliations,TNP-00369,أحمد المشرقي,ar,المشرقي,second_republic,حركة النهضة,,حركة النهضة,list
party_affiliations,TNP-00369,أحمد المشرقي,ar,المشرقي,transition,كتلة حركة النهضة (2019),PTY-4559a54ac238,كتلة حركة النهضة (2019),bloc
party_affiliations,TNP-00370,أحمد السافي,ar,السافي,transition,Parti communiste des ouvriers de Tunisie,PTY-bb9202bb86da,Parti communiste des ouvriers de Tunisie,list
party_affiliations,TNP-00370,أحمد السافي,ar,السافي,transition,Parti des travailleurs,PTY-bb9202bb86da,Parti des travailleurs,affiliation
party_affiliations,TNP-00370,أحمد السافي,ar,السافي,transition,غير المنتمين إلى كتل,PTY-4784a167446a,غير المنتمين إلى كتل,bloc
party_affiliations,TNP-00371,أحمد السميعي,ar,السميعي,transition,Mouvement Ennahdha,PTY-ENNAHDHA,Mouvement Ennahdha,affiliation
party_affiliations,TNP-00371,أحمد السميعي,ar,السميعي,transition,Mouvement Nahdha,PTY-ENNAHDHA,Mouvement Nahdha,list
party_affiliations,TNP-00371,أحمد السميعي,ar,السميعي,transition,كتلة حركة النهضة (2019),PTY-4559a54ac238,كتلة حركة النهضة (2019),bloc
party_affiliations,TNP-00372,أحمد إبراهيم,ar,إبراهيم,transition,Al Massar,PTY-ac4a3d2a8128,Al Massar,affiliation
party_affiliations,TNP-00372,أحمد إبراهيم,ar,إبراهيم,transition,Pôle démocratique moderniste,PTY-ac4a3d2a8128,Pôle démocratique moderniste,list
party_affiliations,TNP-00372,أحمد إبراهيم,ar,إبراهيم,transition,الكتلة الديمقراطية (2019),PTY-079b16e9b74d,الكتلة الديمقراطية (2019),bloc
party_affiliations,TNP-00373,أحمد نجيب الشابي,ar,الشابي,transition,Parti démocratique progressiste,PTY-JOMHOURI,Parti démocratique progressiste,list
party_affiliations,TNP-00373,أحمد نجيب الشابي,ar,الشابي,transition,Parti républicain,PTY-JOMHOURI,Parti républicain,affiliation
party_affiliations,TNP-00373,أحمد نجيب الشابي,ar,الشابي,transition,غير المنتمين إلى كتل,PTY-4784a167446a,غير المنتمين إلى كتل,bloc
party_affiliations,TNP-00374,أزاد بادي,ar,بادي,transition,Congrès pour la république,PTY-a8c344e9039d,Congrès pour la république,list
party_affiliations,TNP-00374,أزاد بادي,ar,بادي,transition,Fidélité à La Révolution,PTY-fe5731549756,Fidélité à La Révolution,bloc
party_affiliations,TNP-00374,أزاد بادي,ar,بادي,transition,Mouvement Wafa,PTY-a8c344e9039d,Mouvement Wafa,affiliation
party_affiliations,TNP-00375,أسامة الصغير,ar,الصغير,second_republic,Mouvement Ennahdha,PTY-ENNAHDHA,Mouvement Ennahdha,affiliation|bloc
party_affiliations,TNP-00375,أسامة الصغير,ar,الصغير,transition,Mouvement Nahdha,PTY-ENNAHDHA,Mouvement Nahdha,list
party_affiliations,TNP-00375,أسامة الصغير,ar,الصغير,second_republic,حركة النهضة,,حركة النهضة,list
party_affiliations,TNP-00375,أسامة الصغير,ar,الصغير,transition,كتلة حركة النهضة (2019),PTY-4559a54ac238,كتلة حركة النهضة (2019),bloc
party_affiliations,TNP-00376,اسكندر بوعلاقي,ar,بوعلاقي,transition,Courant de l'amour,PTY-7ad4295a0093,Courant de l'amour,affiliation
party_affiliations,TNP-00376,اسكندر بوعلاقي,ar,بوعلاقي,transition,"Pétition populaire pour la liberté, la justice et le développement",PTY-7ad4295a0093,"Pétition populaire pour la liberté, la justice et le développement",list
party_affiliations,TNP-00376,اسكندر بوعلاقي,ar,بوعلاقي,transition,غير المنتمين إلى كتل,PTY-4784a167446a,غير المنتمين إلى كتل,bloc
party_affiliations,TNP-00377,آسيا النفاتي,ar,النفاتي,transition,Mouvement Ennahdha,PTY-ENNAHDHA,Mouvement Ennahdha,affiliation
party_affiliations,TNP-00377,آسيا النفاتي,ar,النفاتي,transition,Mouvement Nahdha,PTY-ENNAHDHA,Mouvement Nahdha,list
party_affiliations,TNP-00377,آسيا النفاتي,ar,النفاتي,transition,كتلة حركة النهضة (2019),PTY-4559a54ac238,كتلة حركة النهضة (2019),bloc
party_affiliations,TNP-00378,إقبال المصدع,ar,المصدع,transition,Congrès pour la République,PTY-CPR,Congrès pour la République,affiliation|bloc
party_affiliations,TNP-00378,إقبال المصدع,ar,المصدع,transition,Congrès pour la république,PTY-CPR,Congrès pour la république,list
party_affiliations,TNP-00379,الأزهر الشملي,ar,الشملي,transition,Congrès pour la République,PTY-CPR,Congrès pour la République,bloc
party_affiliations,TNP-00379,الأزهر الشملي,ar,الشملي,transition,Congrès pour la république,PTY-efb0809dca6b,Congrès pour la république,list
party_affiliations,TNP-00379,الأزهر الشملي,ar,الشملي,transition,Courant Démocratique,PTY-efb0809dca6b,Courant Démocratique,affiliation
party_affiliations,TNP-00380,البشير شمام,ar,شمام,transition,Mouvement Ennahdha,PTY-ENNAHDHA,Mouvement Ennahdha,affiliation
party_affiliations,TNP-00380,البشير شمام,ar,شمام,transition,Mouvement Nahdha,PTY-ENNAHDHA,Mouvement Nahdha,list
party_affiliations,TNP-00380,البشير شمام,ar,شمام,transition,كتلة حركة النهضة (2019),PTY-4559a54ac238,كتلة حركة النهضة (2019),bloc
party_affiliations,TNP-00381,الجديدي السبوعي,ar,السبوعي,transition,Courant de l'amour,PTY-7ad4295a0093,Courant de l'amour,affiliation
party_affiliations,TNP-00381,الجديدي السبوعي,ar,السبوعي,transition,"Pétition populaire pour la liberté, la justice et le développement",PTY-7ad4295a0093,"Pétition populaire pour la liberté, la justice et le développement",list
party_affiliations,TNP-00381,الجديدي السبوعي,ar,السبوعي,transition,غير المنتمين إلى كتل,PTY-4784a167446a,غير المنتمين إلى كتل,bloc
party_affiliations,TNP-00382,الحبيب اللوز,ar,اللوز,transition,Mouvement Ennahdha,PTY-ENNAHDHA,Mouvement Ennahdha,affiliation
party_affiliations,TNP-00382,الحبيب اللوز,ar,اللوز,transition,Mouvement Nahdha,PTY-ENNAHDHA,Mouvement Nahdha,list
party_affiliations,TNP-00382,الحبيب اللوز,ar,اللوز,transition,كتلة حركة النهضة (2019),PTY-4559a54ac238,كتلة حركة النهضة (2019),bloc
party_affiliations,TNP-00383,الحبيب خضر,ar,خضر,second_republic,Mouvement Ennahdha,PTY-ENNAHDHA,Mouvement Ennahdha,affiliation|bloc
party_affiliations,TNP-00383,الحبيب خضر,ar,خضر,transition,Mouvement Nahdha,PTY-ENNAHDHA,Mouvement Nahdha,list
party_affiliations,TNP-00383,الحبيب خضر,ar,خضر,second_republic,حركة النهضة,,حركة النهضة,list
party_affiliations,TNP-00383,الحبيب خضر,ar,خضر,transition,كتلة حركة النهضة (2019),PTY-4559a54ac238,كتلة حركة النهضة (2019),bloc
party_affiliations,TNP-00384,الحسني بدري,ar,بدري,transition,Mouvement de la République,PTY-6be99d2e724f,Mouvement de la République,affiliation
party_affiliations,TNP-00384,الحسني بدري,ar,بدري,transition,"Pétition populaire pour la liberté, la justice et le développement",PTY-6be99d2e724f,"Pétition populaire pour la liberté, la justice et le développement",list
party_affiliations,TNP-00384,الحسني بدري,ar,بدري,transition,Transition Démocratique,PTY-0e2de5f37252,Transition Démocratique,bloc
party_affiliations,TNP-00385,زهرة صميدة,ar,صميدة,transition,Mouvement Ennahdha,PTY-ENNAHDHA,Mouvement Ennahdha,affiliation
party_affiliations,TNP-00385,زهرة صميدة,ar,صميدة,transition,Mouvement Nahdha,PTY-ENNAHDHA,Mouvement Nahdha,list
party_affiliations,TNP-00385,زهرة صميدة,ar,صميدة,transition,كتلة حركة النهضة (2019),PTY-4559a54ac238,كتلة حركة النهضة (2019),bloc
party_affiliations,TNP-00386,الصادق شورو,ar,شورو,transition,Mouvement Ennahdha,PTY-ENNAHDHA,Mouvement Ennahdha,affiliation
party_affiliations,TNP-00386,الصادق شورو,ar,شورو,transition,Mouvement Nahdha,PTY-ENNAHDHA,Mouvement Nahdha,list
party_affiliations,TNP-00386,الصادق شورو,ar,شورو,transition,كتلة حركة النهضة (2019),PTY-4559a54ac238,كتلة حركة النهضة (2019),bloc
party_affiliations,TNP-00387,الطاهر هميلة,ar,هميلة,transition,Congrès pour la république,PTY-52e09019f2f2,Congrès pour la république,list
party_affiliations,TNP-00387,الطاهر هميلة,ar,هميلة,transition,Mouvement de Décollage vers l'Avenir,PTY-52e09019f2f2,Mouvement de Décollage vers l'Avenir,affiliation
party_affiliations,TNP-00387,الطاهر هميلة,ar,هميلة,transition,غير المنتمين إلى كتل,PTY-4784a167446a,غير المنتمين إلى كتل,bloc
party_affiliations,TNP-00388,العربي عبيد,ar,عبيد,transition,Congrès pour la république,PTY-ETTAKATOL,Congrès pour la république,list
party_affiliations,TNP-00388,العربي عبيد,ar,عبيد,transition,Forum démocratique pour le travail et les libertés,PTY-ETTAKATOL,Forum démocratique pour le travail et les libertés,affiliation|bloc
party_affiliations,TNP-00389,الفرجاني الدغمان,ar,الدغمان,transition,Mouvement Ennahdha,PTY-ENNAHDHA,Mouvement Ennahdha,affiliation
party_affiliations,TNP-00389,الفرجاني الدغمان,ar,الدغمان,transition,Mouvement Nahdha,PTY-ENNAHDHA,Mouvement Nahdha,list
party_affiliations,TNP-00389,الفرجاني الدغمان,ar,الدغمان,transition,كتلة حركة النهضة (2019),PTY-4559a54ac238,كتلة حركة النهضة (2019),bloc
party_affiliations,TNP-00390,المنصف شارني,ar,شارني,transition,Mouvement de la République,PTY-6be99d2e724f,Mouvement de la République,affiliation
party_affiliations,TNP-00390,المنصف شارني,ar,شارني,transition,"Pétition populaire pour la liberté, la justice et le développement",PTY-6be99d2e724f,"Pétition populaire pour la liberté, la justice et le développement",list
party_affiliations,TNP-00390,المنصف شارني,ar,شارني,transition,Transition Démocratique,PTY-0e2de5f37252,Transition Démocratique,bloc
party_affiliations,TNP-00391,المولدي الرياحي,ar,الرياحي,transition,Forum démocratique pour le travail et les libertés,PTY-ETTAKATOL,Forum démocratique pour le travail et les libertés,affiliation|bloc|list
party_affiliations,TNP-00392,الناصر إبراهمي,ar,إبراهمي,transition,Congrès pour la république,PTY-INDEPENDENT,Congrès pour la république,list
party_affiliations,TNP-00392,الناصر إبراهمي,ar,إبراهمي,transition,Indépendant,PTY-INDEPENDENT,Indépendant,affiliation
party_affiliations,TNP-00392,الناصر إبراهمي,ar,إبراهمي,transition,غير المنتمين إلى كتل,PTY-4784a167446a,غير المنتمين إلى كتل,bloc
party_affiliations,TNP-00393,النفطي المحظي,ar,المحظي,transition,Mouvement Nahdha,PTY-e5c16bf2604d,Mouvement Nahdha,list
party_affiliations,TNP-00393,النفطي المحظي,ar,المحظي,transition,Parti de la Construction Patriotique,PTY-e5c16bf2604d,Parti de la Construction Patriotique,affiliation
party_affiliations,TNP-00393,النفطي المحظي,ar,المحظي,transition,كتلة حركة النهضة (2019),PTY-4559a54ac238,كتلة حركة النهضة (2019),bloc
party_affiliations,TNP-00394,الهادي بن ابراهم,ar,بن ابراهم|ابراهم,second_republic,Mouvement Ennahdha,PTY-ENNAHDHA,Mouvement Ennahdha,affiliation|bloc
party_affiliations,TNP-00394,الهادي بن ابراهم,ar,بن ابراهم|ابراهم,transition,Mouvement Nahdha,PTY-ENNAHDHA,Mouvement Nahdha,list
party_affiliations,TNP-00394,الهادي بن ابراهم,ar,بن ابراهم|ابراهم,second_republic,حركة النهضة,,حركة النهضة,list
party_affiliations,TNP-00394,الهادي بن ابراهم,ar,بن ابراهم|ابراهم,transition,كتلة حركة النهضة (2019),PTY-4559a54ac238,كتلة حركة النهضة (2019),bloc
party_affiliations,TNP-00395,الهادي الشاوش,ar,الشاوش,transition,L'Initiative,PTY-509dbc650cec,L'Initiative,list
party_affiliations,TNP-00395,الهادي الشاوش,ar,الشاوش,transition,Parti l'initiative,PTY-509dbc650cec,Parti l'initiative,affiliation
party_affiliations,TNP-00395,الهادي الشاوش,ar,الشاوش,transition,غير المنتمين إلى كتل,PTY-4784a167446a,غير المنتمين إلى كتل,bloc
party_affiliations,TNP-00396,الوليد بناني,ar,بناني,transition,Mouvement Ennahdha,PTY-ENNAHDHA,Mouvement Ennahdha,affiliation
party_affiliations,TNP-00396,الوليد بناني,ar,بناني,transition,Mouvement Nahdha,PTY-ENNAHDHA,Mouvement Nahdha,list
party_affiliations,TNP-00396,الوليد بناني,ar,بناني,transition,كتلة حركة النهضة (2019),PTY-4559a54ac238,كتلة حركة النهضة (2019),bloc
party_affiliations,TNP-00397,آمال عزوز,ar,عزوز,transition,Mouvement Ennahdha,PTY-ENNAHDHA,Mouvement Ennahdha,affiliation
party_affiliations,TNP-00397,آمال عزوز,ar,عزوز,transition,Mouvement Nahdha,PTY-ENNAHDHA,Mouvement Nahdha,list
party_affiliations,TNP-00397,آمال عزوز,ar,عزوز,transition,كتلة حركة النهضة (2019),PTY-4559a54ac238,كتلة حركة النهضة (2019),bloc
party_affiliations,TNP-00398,آمال غويل,ar,غويل,transition,Mouvement Ennahdha,PTY-ENNAHDHA,Mouvement Ennahdha,affiliation
party_affiliations,TNP-00398,آمال غويل,ar,غويل,transition,Mouvement Nahdha,PTY-ENNAHDHA,Mouvement Nahdha,list
party_affiliations,TNP-00398,آمال غويل,ar,غويل,transition,كتلة حركة النهضة (2019),PTY-4559a54ac238,كتلة حركة النهضة (2019),bloc
party_affiliations,TNP-00399,أميرة مرزوق,ar,مرزوق,transition,L'Initiative,PTY-509dbc650cec,L'Initiative,list
party_affiliations,TNP-00399,أميرة مرزوق,ar,مرزوق,transition,Parti l'initiative,PTY-509dbc650cec,Parti l'initiative,affiliation
party_affiliations,TNP-00399,أميرة مرزوق,ar,مرزوق,transition,غير المنتمين إلى كتل,PTY-4784a167446a,غير المنتمين إلى كتل,bloc
party_affiliations,TNP-00400,إياد الدهماني,ar,الدهماني,transition,Parti démocratique progressiste,PTY-JOMHOURI,Parti démocratique progressiste,list
party_affiliations,TNP-00400,إياد الدهماني,ar,الدهماني,transition,Parti républicain,PTY-JOMHOURI,Parti républicain,affiliation
party_affiliations,TNP-00400,إياد الدهماني,ar,الدهماني,transition,غير المنتمين إلى كتل,PTY-4784a167446a,غير المنتمين إلى كتل,bloc
party_affiliations,TNP-00401,إيمان بن محمد,ar,بن محمد|محمد,second_republic,Mouvement Ennahdha,PTY-ENNAHDHA,Mouvement Ennahdha,affiliation|bloc
party_affiliations,TNP-00401,إيمان بن محمد,ar,بن محمد|محمد,transition,Mouvement Nahdha,PTY-ENNAHDHA,Mouvement Nahdha,list
party_affiliations,TNP-00401,إيمان بن محمد,ar,بن محمد|محمد,second_republic,حركة النهضة,,حركة النهضة,list
party_affiliations,TNP-00401,إيمان بن محمد,ar,بن محمد|محمد,transition,كتلة حركة النهضة (2019),PTY-4559a54ac238,كتلة حركة النهضة (2019),bloc
party_affiliations,TNP-00402,أيمن الزواغي,ar,الزواغي,transition,Courant de l'amour,PTY-7ad4295a0093,Courant de l'amour,affiliation
party_affiliations,TNP-00402,أيمن الزواغي,ar,الزواغي,transition,"Pétition populaire pour la liberté, la justice et le développement",PTY-7ad4295a0093,"Pétition populaire pour la liberté, la justice et le développement",list
party_affiliations,TNP-00402,أيمن الزواغي,ar,الزواغي,transition,غير المنتمين إلى كتل,PTY-4784a167446a,غير المنتمين إلى كتل,bloc
party_affiliations,TNP-00403,بدر الدين عبد الكافي,ar,عبد الكافي|الكافي,transition,Mouvement Ennahdha,PTY-ENNAHDHA,Mouvement Ennahdha,affiliation
party_affiliations,TNP-00403,بدر الدين عبد الكافي,ar,عبد الكافي|الكافي,transition,Mouvement Nahdha,PTY-ENNAHDHA,Mouvement Nahdha,list
party_affiliations,TNP-00403,بدر الدين عبد الكافي,ar,عبد الكافي|الكافي,transition,كتلة حركة النهضة (2019),PTY-4559a54ac238,كتلة حركة النهضة (2019),bloc
party_affiliations,TNP-00404,بسمة الجبالي,ar,الجبالي,second_republic,Mouvement Ennahdha,PTY-ENNAHDHA,Mouvement Ennahdha,affiliation|bloc
party_affiliations,TNP-00404,بسمة الجبالي,ar,الجبالي,transition,Mouvement Nahdha,PTY-ENNAHDHA,Mouvement Nahdha,list
party_affiliations,TNP-00404,بسمة الجبالي,ar,الجبالي,second_republic,حركة النهضة,,حركة النهضة,list
party_affiliations,TNP-00404,بسمة الجبالي,ar,الجبالي,transition,كتلة حركة النهضة (2019),PTY-4559a54ac238,كتلة حركة النهضة (2019),bloc
party_affiliations,TNP-00405,بشير اللزام,ar,اللزام,transition,Mouvement Ennahdha,PTY-ENNAHDHA,Mouvement Ennahdha,affiliation
party_affiliations,TNP-00405,بشير اللزام,ar,اللزام,transition,Mouvement Nahdha,PTY-ENNAHDHA,Mouvement Nahdha,list
party_affiliations,TNP-00405,بشير اللزام,ar,اللزام,transition,كتلة حركة النهضة (2019),PTY-4559a54ac238,كتلة حركة النهضة (2019),bloc
party_affiliations,TNP-00406,بية جوادي,ar,جوادي,transition,Mouvement Ennahdha,PTY-ENNAHDHA,Mouvement Ennahdha,affiliation
party_affiliations,TNP-00406,بية جوادي,ar,جوادي,transition,Mouvement Nahdha,PTY-ENNAHDHA,Mouvement Nahdha,list
party_affiliations,TNP-00406,بية جوادي,ar,جوادي,transition,كتلة حركة النهضة (2019),PTY-4559a54ac238,كتلة حركة النهضة (2019),bloc
party_affiliations,TNP-00407,جلال فرحات,ar,فرحات,transition,La Voix du peuple de Tunisie,PTY-bbfe9bb6d793,La Voix du peuple de Tunisie,affiliation
party_affiliations,TNP-00407,جلال فرحات,ar,فرحات,transition,"Pétition populaire pour la liberté, la justice et le développement",PTY-bbfe9bb6d793,"Pétition populaire pour la liberté, la justice et le développement",list
party_affiliations,TNP-00407,جلال فرحات,ar,فرحات,transition,Transition Démocratique,PTY-0e2de5f37252,Transition Démocratique,bloc
party_affiliations,TNP-00408,جلال بوزيد,ar,بوزيد,transition,Forum démocratique pour le travail et les libertés,PTY-ETTAKATOL,Forum démocratique pour le travail et les libertés,affiliation|bloc|list
party_affiliations,TNP-00409,جمال القرقوري,ar,القرقوري,transition,Alliance Démocratique,PTY-20b849ddfcb3,Alliance Démocratique,affiliation|bloc
party_affiliations,TNP-00409,جمال القرقوري,ar,القرقوري,transition,Forum démocratique pour le travail et les libertés,PTY-20b849ddfcb3,Forum démocratique pour le travail et les libertés,list
party_affiliations,TNP-00410,جمال طوير,ar,طوير,transition,Forum démocratique pour le travail et les libertés,PTY-ETTAKATOL,Forum démocratique pour le travail et les libertés,affiliation|bloc|list
party_affiliations,TNP-00411,جوهرة التيس,ar,التيس,transition,Mouvement Ennahdha,PTY-ENNAHDHA,Mouvement Ennahdha,affiliation
party_affiliations,TNP-00411,جوهرة التيس,ar,التيس,transition,Mouvement Nahdha,PTY-ENNAHDHA,Mouvement Nahdha,list
party_affiliations,TNP-00411,جوهرة التيس,ar,التيس,transition,كتلة حركة النهضة (2019),PTY-4559a54ac238,كتلة حركة النهضة (2019),bloc
party_affiliations,TNP-00412,حاتم الكلاعي,ar,الكلاعي,transition,Indépendant,PTY-INDEPENDENT,Indépendant,affiliation
party_affiliations,TNP-00412,حاتم الكلاعي,ar,الكلاعي,transition,"Pétition populaire pour la liberté, la justice et le développement",PTY-INDEPENDENT,"Pétition populaire pour la liberté, la justice et le développement",list
party_affiliations,TNP-00412,حاتم الكلاعي,ar,الكلاعي,transition,غير المنتمين إلى كتل,PTY-4784a167446a,غير المنتمين إلى كتل,bloc
party_affiliations,TNP-00413,حافظ إبراهيم الأسود,ar,الأسود,transition,Mouvement Ennahdha,PTY-ENNAHDHA,Mouvement Ennahdha,affiliation
party_affiliations,TNP-00413,حافظ إبراهيم الأسود,ar,الأسود,transition,Mouvement Nahdha,PTY-ENNAHDHA,Mouvement Nahdha,list
party_affiliations,TNP-00413,حافظ إبراهيم الأسود,ar,الأسود,transition,كتلة حركة النهضة (2019),PTY-4559a54ac238,كتلة حركة النهضة (2019),bloc
party_affiliations,TNP-00414,حبيبة التريكي,ar,التريكي,transition,Mouvement Ennahdha,PTY-ENNAHDHA,Mouvement Ennahdha,affiliation
party_affiliations,TNP-00414,حبيبة التريكي,ar,التريكي,transition,Mouvement Nahdha,PTY-ENNAHDHA,Mouvement Nahdha,list
party_affiliations,TNP-00414,حبيبة التريكي,ar,التريكي,transition,كتلة حركة النهضة (2019),PTY-4559a54ac238,كتلة حركة النهضة (2019),bloc
party_affiliations,TNP-00415,حسن رضواني,ar,رضواني,transition,La Voix du peuple de Tunisie,PTY-bbfe9bb6d793,La Voix du peuple de Tunisie,affiliation
party_affiliations,TNP-00415,حسن رضواني,ar,رضواني,transition,"Pétition populaire pour la liberté, la justice et le développement",PTY-bbfe9bb6d793,"Pétition populaire pour la liberté, la justice et le développement",list
party_affiliations,TNP-00415,حسن رضواني,ar,رضواني,transition,غير المنتمين إلى كتل,PTY-4784a167446a,غير المنتمين إلى كتل,bloc
party_affiliations,TNP-00416,حسناء مرسيط,ar,مرسيط,transition,Congrès pour la république,PTY-INDEPENDENT,Congrès pour la république,list
party_affiliations,TNP-00416,حسناء مرسيط,ar,مرسيط,transition,Indépendant,PTY-INDEPENDENT,Indépendant,affiliation
party_affiliations,TNP-00416,حسناء مرسيط,ar,مرسيط,transition,غير المنتمين إلى كتل,PTY-4784a167446a,غير المنتمين إلى كتل,bloc
party_affiliations,TNP-00417,حطاب بركاتي,ar,بركاتي,transition,Parti communiste des ouvriers de Tunisie,PTY-bb9202bb86da,Parti communiste des ouvriers de Tunisie,list
party_affiliations,TNP-00417,حطاب بركاتي,ar,بركاتي,transition,Parti des travailleurs,PTY-bb9202bb86da,Parti des travailleurs,affiliation
party_affiliations,TNP-00417,حطاب بركاتي,ar,بركاتي,transition,غير المنتمين إلى كتل,PTY-4784a167446a,غير المنتمين إلى كتل,bloc
party_affiliations,TNP-00418,حليمة القني,ar,القني,transition,Mouvement Ennahdha,PTY-ENNAHDHA,Mouvement Ennahdha,affiliation
party_affiliations,TNP-00418,حليمة القني,ar,القني,transition,Mouvement Nahdha,PTY-ENNAHDHA,Mouvement Nahdha,list
party_affiliations,TNP-00418,حليمة القني,ar,القني,transition,كتلة حركة النهضة (2019),PTY-4559a54ac238,كتلة حركة النهضة (2019),bloc
party_affiliations,TNP-00419,حنان ساسي,ar,ساسي,transition,"Pétition populaire pour la liberté, la justice et le développement",PTY-9b0efa626777,"Pétition populaire pour la liberté, la justice et le développement",list
party_affiliations,TNP-00419,حنان ساسي,ar,ساسي,transition,Transition Démocratique,PTY-0e2de5f37252,Transition Démocratique,bloc
party_affiliations,TNP-00419,حنان ساسي,ar,ساسي,transition,Union Patriotique Libre,PTY-9b0efa626777,Union Patriotique Libre,affiliation
party_affiliations,TNP-00420,خميس قسيلة,ar,قسيلة,transition,Forum démocratique pour le travail et les libertés,PTY-NIDAA,Forum démocratique pour le travail et les libertés,list
party_affiliations,TNP-00420,خميس قسيلة,ar,قسيلة,transition,Nidaa Tounes,PTY-NIDAA,Nidaa Tounes,affiliation
party_affiliations,TNP-00420,خميس قسيلة,ar,قسيلة,transition,غير المنتمين إلى كتل,PTY-4784a167446a,غير المنتمين إلى كتل,bloc
party_affiliations,TNP-00421,خيرة صغيري,ar,صغيري,transition,Mouvement Ennahdha,PTY-ENNAHDHA,Mouvement Ennahdha,affiliation
party_affiliations,TNP-00421,خيرة صغيري,ar,صغيري,transition,Mouvement Nahdha,PTY-ENNAHDHA,Mouvement Nahdha,list
party_affiliations,TNP-00421,خيرة صغيري,ar,صغيري,transition,كتلة حركة النهضة (2019),PTY-4559a54ac238,كتلة حركة النهضة (2019),bloc
party_affiliations,TNP-00422,دليلة الببة,ar,الببة,second_republic,Mouvement Ennahdha,PTY-ENNAHDHA,Mouvement Ennahdha,affiliation|bloc
party_affiliations,TNP-00422,دليلة الببة,ar,الببة,transition,Mouvement Nahdha,PTY-ENNAHDHA,Mouvement Nahdha,list
party_affiliations,TNP-00422,دليلة الببة,ar,الببة,second_republic,حركة النهضة,,حركة النهضة,list
party_affiliations,TNP-00422,دليلة الببة,ar,الببة,transition,كتلة حركة النهضة (2019),PTY-4559a54ac238,كتلة حركة النهضة (2019),bloc
party_affiliations,TNP-00423,دليلة بوعين,ar,بوعين,transition,Mouvement Ennahdha,PTY-ENNAHDHA,Mouvement Ennahdha,affiliation
party_affiliations,TNP-00423,دليلة بوعين,ar,بوعين,transition,Mouvement Nahdha,PTY-ENNAHDHA,Mouvement Nahdha,list
party_affiliations,TNP-00423,دليلة بوعين,ar,بوعين,transition,كتلة حركة النهضة (2019),PTY-4559a54ac238,كتلة حركة النهضة (2019),bloc
party_affiliations,TNP-00424,رابح الخرايفي,ar,الخرايفي,transition,Alliance Démocratique,PTY-20b849ddfcb3,Alliance Démocratique,affiliation
party_affiliations,TNP-00424,رابح الخرايفي,ar,الخرايفي,transition,Parti démocratique progressiste,PTY-20b849ddfcb3,Parti démocratique progressiste,list
party_affiliations,TNP-00424,رابح الخرايفي,ar,الخرايفي,transition,غير المنتمين إلى كتل,PTY-4784a167446a,غير المنتمين إلى كتل,bloc
party_affiliations,TNP-00425,ربيع العابدي,ar,العابدي,transition,Congrès pour la république,PTY-a8c344e9039d,Congrès pour la république,list
party_affiliations,TNP-00425,ربيع العابدي,ar,العابدي,transition,Fidélité à La Révolution,PTY-fe5731549756,Fidélité à La Révolution,bloc
party_affiliations,TNP-00425,ربيع العابدي,ar,العابدي,transition,Mouvement Wafa,PTY-a8c344e9039d,Mouvement Wafa,affiliation
party_affiliations,TNP-00426,ربيعة نجلاوي,ar,نجلاوي,transition,Nidaa Tounes,PTY-NIDAA,Nidaa Tounes,affiliation
party_affiliations,TNP-00426,ربيعة نجلاوي,ar,نجلاوي,transition,"Pétition populaire pour la liberté, la justice et le développement",PTY-NIDAA,"Pétition populaire pour la liberté, la justice et le développement",list
party_affiliations,TNP-00426,ربيعة نجلاوي,ar,نجلاوي,transition,غير المنتمين إلى كتل,PTY-4784a167446a,غير المنتمين إلى كتل,bloc
party_affiliations,TNP-00427,رفيق التليلي,ar,التليلي,transition,Congrès pour la république,PTY-a8c344e9039d,Congrès pour la république,list
party_affiliations,TNP-00427,رفيق التليلي,ar,التليلي,transition,Fidélité à La Révolution,PTY-fe5731549756,Fidélité à La Révolution,bloc
party_affiliations,TNP-00427,رفيق التليلي,ar,التليلي,transition,Mouvement Wafa,PTY-a8c344e9039d,Mouvement Wafa,affiliation
party_affiliations,TNP-00428,رمضان دغماني,ar,دغماني,transition,La Voix du peuple de Tunisie,PTY-bbfe9bb6d793,La Voix du peuple de Tunisie,affiliation
party_affiliations,TNP-00428,رمضان دغماني,ar,دغماني,transition,"Pétition populaire pour la liberté, la justice et le développement",PTY-bbfe9bb6d793,"Pétition populaire pour la liberté, la justice et le développement",list
party_affiliations,TNP-00428,رمضان دغماني,ar,دغماني,transition,Transition Démocratique,PTY-0e2de5f37252,Transition Démocratique,bloc
party_affiliations,TNP-00429,ريم ثايري,ar,ثايري,second_republic,Aucun bloc,PTY-820f1119d5ed,Aucun bloc,bloc
party_affiliations,TNP-00429,ريم ثايري,ar,ثايري,second_republic,Bloc Social-Démocrate,PTY-dc4ed2228330,Bloc Social-Démocrate,bloc
party_affiliations,TNP-00429,ريم ثايري,ar,ثايري,second_republic,Courant de l'amour,PTY-7ad4295a0093,Courant de l'amour,affiliation
party_affiliations,TNP-00429,ريم ثايري,ar,ثايري,transition,"Pétition populaire pour la liberté, la justice et le développement",PTY-7ad4295a0093,"Pétition populaire pour la liberté, la justice et le développement",list
party_affiliations,TNP-00429,ريم ثايري,ar,ثايري,second_republic,الكتلة الديمقراطية (2019),PTY-079b16e9b74d,الكتلة الديمقراطية (2019),bloc
party_affiliations,TNP-00429,ريم ثايري,ar,ثايري,second_republic,تيار المحبة,,تيار المحبة,list
party_affiliations,TNP-00429,ريم ثايري,ar,ثايري,transition,غير المنتمين إلى كتل,PTY-4784a167446a,غير المنتمين إلى كتل,bloc
party_affiliations,TNP-00430,ريم محجوب,ar,محجوب,second_republic,Afek Tounes,PTY-b0109a4f5966,Afek Tounes,affiliation|bloc|list
party_affiliations,TNP-00430,ريم محجوب,ar,محجوب,second_republic,Afek Tounes et lappel des tunisiens à létranger,PTY-899a51f36f9d,Afek Tounes et lappel des tunisiens à létranger,bloc
party_affiliations,TNP-00430,ريم محجوب,ar,محجوب,second_republic,Afek Tounes le mouvement national et lappel des tunisiens à létranger,PTY-7c008889761b,Afek Tounes le mouvement national et lappel des tunisiens à létranger,bloc
party_affiliations,TNP-00430,ريم محجوب,ar,محجوب,second_republic,Allégeance à la Patrie,PTY-7e358197af47,Allégeance à la Patrie,bloc
party_affiliations,TNP-00430,ريم محجوب,ar,محجوب,second_republic,Aucun bloc,PTY-820f1119d5ed,Aucun bloc,bloc
party_affiliations,TNP-00430,ريم محجوب,ar,محجوب,second_republic,آفاق تونس,,آفاق تونس,list
party_affiliations,TNP-00430,ريم محجوب,ar,محجوب,transition,الكتلة الديمقراطية (2019),PTY-079b16e9b74d,الكتلة الديمقراطية (2019),bloc
party_affiliations,TNP-00431,زياد الدولاتي,ar,الدولاتي,transition,Mouvement Ennahdha,PTY-ENNAHDHA,Mouvement Ennahdha,affiliation
party_affiliations,TNP-00431,زياد الدولاتي,ar,الدولاتي,transition,Mouvement Nahdha,PTY-ENNAHDHA,Mouvement Nahdha,list
party_affiliations,TNP-00431,زياد الدولاتي,ar,الدولاتي,transition,كتلة حركة النهضة (2019),PTY-4559a54ac238,كتلة حركة النهضة (2019),bloc
party_affiliations,TNP-00432,سامية الفرشيشي,ar,الفرشيشي,transition,Mouvement Ennahdha,PTY-ENNAHDHA,Mouvement Ennahdha,affiliation
party_affiliations,TNP-00432,سامية الفرشيشي,ar,الفرشيشي,transition,Mouvement Nahdha,PTY-ENNAHDHA,Mouvement Nahdha,list
party_affiliations,TNP-00432,سامية الفرشيشي,ar,الفرشيشي,transition,كتلة حركة النهضة (2019),PTY-4559a54ac238,كتلة حركة النهضة (2019),bloc
party_affiliations,TNP-00433,سعاد عبد الرحيم,ar,عبد الرحيم|الرحيم,transition,Indépendant,PTY-INDEPENDENT,Indépendant,affiliation
party_affiliations,TNP-00433,سعاد عبد الرحيم,ar,عبد الرحيم|الرحيم,transition,Mouvement Nahdha,PTY-INDEPENDENT,Mouvement Nahdha,list
party_affiliations,TNP-00433,سعاد عبد الرحيم,ar,عبد الرحيم|الرحيم,transition,كتلة حركة النهضة (2019),PTY-4559a54ac238,كتلة حركة النهضة (2019),bloc
party_affiliations,TNP-00434,سعد بوعيش,ar,بوعيش,transition,Parti El Amen,PTY-52f9f25821ab,Parti El Amen,affiliation
party_affiliations,TNP-00434,سعد بوعيش,ar,بوعيش,transition,"Pétition populaire pour la liberté, la justice et le développement",PTY-52f9f25821ab,"Pétition populaire pour la liberté, la justice et le développement",list
party_affiliations,TNP-00434,سعد بوعيش,ar,بوعيش,transition,Transition Démocratique,PTY-0e2de5f37252,Transition Démocratique,bloc
party_affiliations,TNP-00435,سعيد خرشوفي,ar,خرشوفي,transition,Courant de l'amour,PTY-7ad4295a0093,Courant de l'amour,affiliation
party_affiliations,TNP-00435,سعيد خرشوفي,ar,خرشوفي,transition,"Pétition populaire pour la liberté, la justice et le développement",PTY-7ad4295a0093,"Pétition populaire pour la liberté, la justice et le développement",list
party_affiliations,TNP-00435,سعيد خرشوفي,ar,خرشوفي,transition,غير المنتمين إلى كتل,PTY-4784a167446a,غير المنتمين إلى كتل,bloc
party_affiliations,TNP-00436,سلمى بكار,ar,بكار,transition,Al Massar,PTY-ac4a3d2a8128,Al Massar,affiliation
party_affiliations,TNP-00436,سلمى بكار,ar,بكار,transition,Pôle démocratique moderniste,PTY-ac4a3d2a8128,Pôle démocratique moderniste,list
party_affiliations,TNP-00436,سلمى بكار,ar,بكار,transition,الكتلة الديمقراطية (2019),PTY-079b16e9b74d,الكتلة الديمقراطية (2019),bloc
party_affiliations,TNP-00437,سلمى صرصوط,ar,صرصوط,transition,Mouvement Ennahdha,PTY-ENNAHDHA,Mouvement Ennahdha,affiliation
party_affiliations,TNP-00437,سلمى صرصوط,ar,صرصوط,transition,Mouvement Nahdha,PTY-ENNAHDHA,Mouvement Nahdha,list
party_affiliations,TNP-00437,سلمى صرصوط,ar,صرصوط,transition,كتلة حركة النهضة (2019),PTY-4559a54ac238,كتلة حركة النهضة (2019),bloc
party_affiliations,TNP-00438,سلمى هادية مبروك,ar,مبروك,transition,Al Massar,PTY-ac4a3d2a8128,Al Massar,affiliation
party_affiliations,TNP-00438,سلمى هادية مبروك,ar,مبروك,transition,Forum démocratique pour le travail et les libertés,PTY-ac4a3d2a8128,Forum démocratique pour le travail et les libertés,list
party_affiliations,TNP-00438,سلمى هادية مبروك,ar,مبروك,transition,الكتلة الديمقراطية (2019),PTY-079b16e9b74d,الكتلة الديمقراطية (2019),bloc
party_affiliations,TNP-00439,سليم بن حميدان,ar,بن حميدان|حميدان,transition,Congrès pour la République,PTY-CPR,Congrès pour la République,affiliation|bloc
party_affiliations,TNP-00439,سليم بن حميدان,ar,بن حميدان|حميدان,transition,Congrès pour la république,PTY-CPR,Congrès pour la république,list
party_affiliations,TNP-00440,سليم بن عبد السلام,ar,بن عبد السلام|عبد السلام|السلام,transition,Forum démocratique pour le travail et les libertés,PTY-NIDAA,Forum démocratique pour le travail et les libertés,list
party_affiliations,TNP-00440,سليم بن عبد السلام,ar,بن عبد السلام|عبد السلام|السلام,transition,Nidaa Tounes,PTY-NIDAA,Nidaa Tounes,affiliation
party_affiliations,TNP-00440,سليم بن عبد السلام,ar,بن عبد السلام|عبد السلام|السلام,transition,غير المنتمين إلى كتل,PTY-4784a167446a,غير المنتمين إلى كتل,bloc
party_affiliations,TNP-00441,سليمان هلال,ar,هلال,transition,Mouvement Ennahdha,PTY-ENNAHDHA,Mouvement Ennahdha,affiliation
party_affiliations,TNP-00441,سليمان هلال,ar,هلال,transition,Mouvement Nahdha,PTY-ENNAHDHA,Mouvement Nahdha,list
party_affiliations,TNP-00441,سليمان هلال,ar,هلال,transition,كتلة حركة النهضة (2019),PTY-4559a54ac238,كتلة حركة النهضة (2019),bloc
party_affiliations,TNP-00442,سمير بن عمر,ar,بن عمر|عمر,transition,Congrès pour la République,PTY-CPR,Congrès pour la République,affiliation|bloc
party_affiliations,TNP-00442,سمير بن عمر,ar,بن عمر|عمر,transition,Congrès pour la république,PTY-CPR,Congrès pour la république,list
party_affiliations,TNP-00443,سمير بالطيب,ar,بالطيب,transition,Al Massar,PTY-ac4a3d2a8128,Al Massar,affiliation
party_affiliations,TNP-00443,سمير بالطيب,ar,بالطيب,transition,Pôle démocratique moderniste,PTY-ac4a3d2a8128,Pôle démocratique moderniste,list
party_affiliations,TNP-00443,سمير بالطيب,ar,بالطيب,transition,الكتلة الديمقراطية (2019),PTY-079b16e9b74d,الكتلة الديمقراطية (2019),bloc
party_affiliations,TNP-00444,سميرة مرعي,ar,مرعي,transition,Afek Tounes,PTY-b0109a4f5966,Afek Tounes,affiliation|list
party_affiliations,TNP-00444,سميرة مرعي,ar,مرعي,transition,الكتلة الديمقراطية (2019),PTY-079b16e9b74d,الكتلة الديمقراطية (2019),bloc
party_affiliations,TNP-00445,سناء مرسني,ar,مرسني,second_republic,Mouvement Ennahdha,PTY-ENNAHDHA,Mouvement Ennahdha,affiliation|bloc
party_affiliations,TNP-00445,سناء مرسني,ar,مرسني,transition,Mouvement Nahdha,PTY-ENNAHDHA,Mouvement Nahdha,list
party_affiliations,TNP-00445,سناء مرسني,ar,مرسني,second_republic,حركة النهضة,,حركة النهضة,list
party_affiliations,TNP-00445,سناء مرسني,ar,مرسني,transition,كتلة حركة النهضة (2019),PTY-4559a54ac238,كتلة حركة النهضة (2019),bloc
party_affiliations,TNP-00446,سناء الحداد,ar,الحداد,transition,Mouvement Ennahdha,PTY-ENNAHDHA,Mouvement Ennahdha,affiliation
party_affiliations,TNP-00446,سناء الحداد,ar,الحداد,transition,Mouvement Nahdha,PTY-ENNAHDHA,Mouvement Nahdha,list
party_affiliations,TNP-00446,سناء الحداد,ar,الحداد,transition,كتلة حركة النهضة (2019),PTY-4559a54ac238,كتلة حركة النهضة (2019),bloc
party_affiliations,TNP-00447,سنية تومية,ar,تومية,transition,Mouvement Ennahdha,PTY-ENNAHDHA,Mouvement Ennahdha,affiliation
party_affiliations,TNP-00447,سنية تومية,ar,تومية,transition,Mouvement Nahdha,PTY-ENNAHDHA,Mouvement Nahdha,list
party_affiliations,TNP-00447,سنية تومية,ar,تومية,transition,كتلة حركة النهضة (2019),PTY-4559a54ac238,كتلة حركة النهضة (2019),bloc
party_affiliations,TNP-00448,شكري يعيش,ar,يعيش,transition,Afek Tounes,PTY-20b849ddfcb3,Afek Tounes,list
party_affiliations,TNP-00448,شكري يعيش,ar,يعيش,transition,Alliance Démocratique,PTY-20b849ddfcb3,Alliance Démocratique,affiliation|bloc
party_affiliations,TNP-00449,شكري القسطلّي,ar,القسطلي,transition,Alliance Démocratique,PTY-20b849ddfcb3,Alliance Démocratique,affiliation|bloc
party_affiliations,TNP-00449,شكري القسطلّي,ar,القسطلي,transition,Parti démocratique progressiste,PTY-20b849ddfcb3,Parti démocratique progressiste,list
party_affiliations,TNP-00450,شكري العرفاوي,ar,العرفاوي,transition,Mouvement de la République,PTY-6be99d2e724f,Mouvement de la République,affiliation
party_affiliations,TNP-00450,شكري العرفاوي,ar,العرفاوي,transition,"Pétition populaire pour la liberté, la justice et le développement",PTY-6be99d2e724f,"Pétition populaire pour la liberté, la justice et le développement",list
party_affiliations,TNP-00450,شكري العرفاوي,ar,العرفاوي,transition,Transition Démocratique,PTY-0e2de5f37252,Transition Démocratique,bloc
party_affiliations,TNP-00451,صالح شعيب,ar,شعيب,transition,Forum démocratique pour le travail et les libertés,PTY-3bb19b9567e1,Forum démocratique pour le travail et les libertés,list
party_affiliations,TNP-00451,صالح شعيب,ar,شعيب,transition,Troisième Alternative,PTY-3bb19b9567e1,Troisième Alternative,affiliation
party_affiliations,TNP-00451,صالح شعيب,ar,شعيب,transition,غير المنتمين إلى كتل,PTY-4784a167446a,غير المنتمين إلى كتل,bloc
party_affiliations,TNP-00452,صالحة بن عائشة,ar,بن عائشة|عائشة,transition,Mouvement Ennahdha,PTY-ENNAHDHA,Mouvement Ennahdha,affiliation
party_affiliations,TNP-00452,صالحة بن عائشة,ar,بن عائشة|عائشة,transition,Mouvement Nahdha,PTY-ENNAHDHA,Mouvement Nahdha,list
party_affiliations,TNP-00452,صالحة بن عائشة,ar,بن عائشة|عائشة,transition,كتلة حركة النهضة (2019),PTY-4559a54ac238,كتلة حركة النهضة (2019),bloc
party_affiliations,TNP-00453,صلاح الدين الزحاف,ar,الزحاف,transition,Parti républicain,PTY-JOMHOURI,Parti républicain,affiliation
party_affiliations,TNP-00453,صلاح الدين الزحاف,ar,الزحاف,transition,Voix de l'indépendant,PTY-JOMHOURI,Voix de l'indépendant,list
party_affiliations,TNP-00453,صلاح الدين الزحاف,ar,الزحاف,transition,الكتلة الديمقراطية (2019),PTY-079b16e9b74d,الكتلة الديمقراطية (2019),bloc
party_affiliations,TNP-00454,صلاح الدين لهيبة,ar,لهيبة,transition,Mouvement Ennahdha,PTY-ENNAHDHA,Mouvement Ennahdha,affiliation
party_affiliations,TNP-00454,صلاح الدين لهيبة,ar,لهيبة,transition,Mouvement Nahdha,PTY-ENNAHDHA,Mouvement Nahdha,list
party_affiliations,TNP-00454,صلاح الدين لهيبة,ar,لهيبة,transition,كتلة حركة النهضة (2019),PTY-4559a54ac238,كتلة حركة النهضة (2019),bloc
party_affiliations,TNP-00455,ضمير المناعي,ar,المناعي,transition,Congrès pour la république,PTY-INDEPENDENT,Congrès pour la république,list
party_affiliations,TNP-00455,ضمير المناعي,ar,المناعي,transition,Indépendant,PTY-INDEPENDENT,Indépendant,affiliation
party_affiliations,TNP-00455,ضمير المناعي,ar,المناعي,transition,غير المنتمين إلى كتل,PTY-4784a167446a,غير المنتمين إلى كتل,bloc
party_affiliations,TNP-00456,طارق العبيدي,ar,العبيدي,transition,Congrès pour la république,PTY-ETTAKATOL,Congrès pour la république,list
party_affiliations,TNP-00456,طارق العبيدي,ar,العبيدي,transition,Forum démocratique pour le travail et les libertés,PTY-ETTAKATOL,Forum démocratique pour le travail et les libertés,affiliation|bloc
party_affiliations,TNP-00457,طارق بوعزيز,ar,بوعزيز,transition,Mouvement de la République,PTY-6be99d2e724f,Mouvement de la République,affiliation
party_affiliations,TNP-00457,طارق بوعزيز,ar,بوعزيز,transition,"Pétition populaire pour la liberté, la justice et le développement",PTY-6be99d2e724f,"Pétition populaire pour la liberté, la justice et le développement",list
party_affiliations,TNP-00457,طارق بوعزيز,ar,بوعزيز,transition,Transition Démocratique,PTY-0e2de5f37252,Transition Démocratique,bloc
party_affiliations,TNP-00458,عادل بن عطية,ar,بن عطية|عطية,transition,Mouvement Ennahdha,PTY-ENNAHDHA,Mouvement Ennahdha,affiliation
party_affiliations,TNP-00458,عادل بن عطية,ar,بن عطية|عطية,transition,Mouvement Nahdha,PTY-ENNAHDHA,Mouvement Nahdha,list
party_affiliations,TNP-00458,عادل بن عطية,ar,بن عطية|عطية,transition,كتلة حركة النهضة (2019),PTY-4559a54ac238,كتلة حركة النهضة (2019),bloc
party_affiliations,TNP-00459,عائشة الذوادي,ar,الذوادي,transition,Mouvement Ennahdha,PTY-ENNAHDHA,Mouvement Ennahdha,affiliation
party_affiliations,TNP-00459,عائشة الذوادي,ar,الذوادي,transition,Mouvement Nahdha,PTY-ENNAHDHA,Mouvement Nahdha,list
party_affiliations,TNP-00459,عائشة الذوادي,ar,الذوادي,transition,كتلة حركة النهضة (2019),PTY-4559a54ac238,كتلة حركة النهضة (2019),bloc
party_affiliations,TNP-00460,عبد الباسط بن الشيخ,ar,بن الشيخ|الشيخ,transition,Mouvement Ennahdha,PTY-ENNAHDHA,Mouvement Ennahdha,affiliation
party_affiliations,TNP-00460,عبد الباسط بن الشيخ,ar,بن الشيخ|الشيخ,transition,Mouvement Nahdha,PTY-ENNAHDHA,Mouvement Nahdha,list
party_affiliations,TNP-00460,عبد الباسط بن الشيخ,ar,بن الشيخ|الشيخ,transition,كتلة حركة النهضة (2019),PTY-4559a54ac238,كتلة حركة النهضة (2019),bloc
party_affiliations,TNP-00461,عبد الحليم زواري,ar,زواري,transition,Mouvement Ennahdha,PTY-ENNAHDHA,Mouvement Ennahdha,affiliation
party_affiliations,TNP-00461,عبد الحليم زواري,ar,زواري,transition,Mouvement Nahdha,PTY-ENNAHDHA,Mouvement Nahdha,list
party_affiliations,TNP-00461,عبد الحليم زواري,ar,زواري,transition,كتلة حركة النهضة (2019),PTY-4559a54ac238,كتلة حركة النهضة (2019),bloc
party_affiliations,TNP-00462,عبد الرحمان الأدغم,ar,الأدغم,transition,Forum démocratique pour le travail et les libertés,PTY-ETTAKATOL,Forum démocratique pour le travail et les libertés,affiliation|bloc|list
party_affiliations,TNP-00463,عبد الرزاق خلولي,ar,خلولي,transition,Parti El Amen,PTY-52f9f25821ab,Parti El Amen,affiliation
party_affiliations,TNP-00463,عبد الرزاق خلولي,ar,خلولي,transition,Parti néo-destour,PTY-52f9f25821ab,Parti néo-destour,list
party_affiliations,TNP-00463,عبد الرزاق خلولي,ar,خلولي,transition,Transition Démocratique,PTY-0e2de5f37252,Transition Démocratique,bloc
party_affiliations,TNP-00464,عبد الرؤوف العيادي,ar,العيادي,transition,Congrès pour la république,PTY-a8c344e9039d,Congrès pour la république,list
party_affiliations,TNP-00464,عبد الرؤوف العيادي,ar,العيادي,transition,Fidélité à La Révolution,PTY-fe5731549756,Fidélité à La Révolution,bloc
party_affiliations,TNP-00464,عبد الرؤوف العيادي,ar,العيادي,transition,Mouvement Wafa,PTY-a8c344e9039d,Mouvement Wafa,affiliation
party_affiliations,TNP-00465,عبد الستار الضيفي,ar,الضيفي,transition,Fidélité à La Révolution,PTY-fe5731549756,Fidélité à La Révolution,bloc
party_affiliations,TNP-00465,عبد الستار الضيفي,ar,الضيفي,transition,La Voix du peuple de Tunisie,PTY-bbfe9bb6d793,La Voix du peuple de Tunisie,affiliation
party_affiliations,TNP-00465,عبد الستار الضيفي,ar,الضيفي,transition,"Pétition populaire pour la liberté, la justice et le développement",PTY-bbfe9bb6d793,"Pétition populaire pour la liberté, la justice et le développement",list
party_affiliations,TNP-00466,عبد السلام شعبان,ar,شعبان,transition,Congrès pour la République,PTY-CPR,Congrès pour la République,affiliation|bloc
party_affiliations,TNP-00466,عبد السلام شعبان,ar,شعبان,transition,Congrès pour la république,PTY-CPR,Congrès pour la république,list
party_affiliations,TNP-00467,عبد العزيز شعبان,ar,شعبان,transition,Mouvement Ennahdha,PTY-ENNAHDHA,Mouvement Ennahdha,affiliation
party_affiliations,TNP-00467,عبد العزيز شعبان,ar,شعبان,transition,Mouvement Nahdha,PTY-ENNAHDHA,Mouvement Nahdha,list
party_affiliations,TNP-00467,عبد العزيز شعبان,ar,شعبان,transition,كتلة حركة النهضة (2019),PTY-4559a54ac238,كتلة حركة النهضة (2019),bloc
party_affiliations,TNP-00468,عبد العزيز القطي,ar,القطي,second_republic,Aucun bloc,PTY-820f1119d5ed,Aucun bloc,bloc
party_affiliations,TNP-00468,عبد العزيز القطي,ar,القطي,transition,Congrès pour la république,PTY-NIDAA,Congrès pour la république,list
party_affiliations,TNP-00468,عبد العزيز القطي,ar,القطي,second_republic,Mouvement Nidaa Tounes,PTY-12c364be2b2b,Mouvement Nidaa Tounes,bloc
party_affiliations,TNP-00468,عبد العزيز القطي,ar,القطي,second_republic,Nidaa Tounes,PTY-NIDAA,Nidaa Tounes,affiliation
party_affiliations,TNP-00468,عبد العزيز القطي,ar,القطي,second_republic,حركة نداء تونس,,حركة نداء تونس,list
party_affiliations,TNP-00468,عبد العزيز القطي,ar,القطي,transition,غير المنتمين إلى كتل,PTY-4784a167446a,غير المنتمين إلى كتل,bloc
party_affiliations,TNP-00469,عبد القادر بن خميس,ar,بن خميس|خميس,transition,Al Massar,PTY-ac4a3d2a8128,Al Massar,affiliation
party_affiliations,TNP-00469,عبد القادر بن خميس,ar,بن خميس|خميس,transition,Forum démocratique pour le travail et les libertés,PTY-ac4a3d2a8128,Forum démocratique pour le travail et les libertés,list
party_affiliations,TNP-00469,عبد القادر بن خميس,ar,بن خميس|خميس,transition,الكتلة الديمقراطية (2019),PTY-079b16e9b74d,الكتلة الديمقراطية (2019),bloc
party_affiliations,TNP-00470,عبد القادر القادري,ar,القادري,transition,Mouvement Ennahdha,PTY-ENNAHDHA,Mouvement Ennahdha,affiliation
party_affiliations,TNP-00470,عبد القادر القادري,ar,القادري,transition,Mouvement Nahdha,PTY-ENNAHDHA,Mouvement Nahdha,list
party_affiliations,TNP-00470,عبد القادر القادري,ar,القادري,transition,كتلة حركة النهضة (2019),PTY-4559a54ac238,كتلة حركة النهضة (2019),bloc
party_affiliations,TNP-00471,عبد المجيد النجار,ar,النجار,transition,Mouvement Ennahdha,PTY-ENNAHDHA,Mouvement Ennahdha,affiliation
party_affiliations,TNP-00471,عبد المجيد النجار,ar,النجار,transition,Mouvement Nahdha,PTY-ENNAHDHA,Mouvement Nahdha,list
party_affiliations,TNP-00471,عبد المجيد النجار,ar,النجار,transition,كتلة حركة النهضة (2019),PTY-4559a54ac238,كتلة حركة النهضة (2019),bloc
party_affiliations,TNP-00472,عبد الوهاب معطر,ar,معطر,transition,Congrès pour la République,PTY-CPR,Congrès pour la République,affiliation|bloc
party_affiliations,TNP-00472,عبد الوهاب معطر,ar,معطر,transition,Congrès pour la république,PTY-CPR,Congrès pour la république,list
party_affiliations,TNP-00473,عصام الشابي,ar,الشابي,transition,Parti démocratique progressiste,PTY-JOMHOURI,Parti démocratique progressiste,list
party_affiliations,TNP-00473,عصام الشابي,ar,الشابي,transition,Parti républicain,PTY-JOMHOURI,Parti républicain,affiliation
party_affiliations,TNP-00473,عصام الشابي,ar,الشابي,transition,غير المنتمين إلى كتل,PTY-4784a167446a,غير المنتمين إلى كتل,bloc
party_affiliations,TNP-00474,علي بالشريفة,ar,بالشريفة,transition,Al Massar,PTY-ac4a3d2a8128,Al Massar,affiliation
party_affiliations,TNP-00474,علي بالشريفة,ar,بالشريفة,transition,Forum démocratique pour le travail et les libertés,PTY-ac4a3d2a8128,Forum démocratique pour le travail et les libertés,list
party_affiliations,TNP-00474,علي بالشريفة,ar,بالشريفة,transition,الكتلة الديمقراطية (2019),PTY-079b16e9b74d,الكتلة الديمقراطية (2019),bloc
party_affiliations,TNP-00475,علي فارس,ar,فارس,transition,Mouvement Ennahdha,PTY-ENNAHDHA,Mouvement Ennahdha,affiliation
party_affiliations,TNP-00475,علي فارس,ar,فارس,transition,Mouvement Nahdha,PTY-ENNAHDHA,Mouvement Nahdha,list
party_affiliations,TNP-00475,علي فارس,ar,فارس,transition,كتلة حركة النهضة (2019),PTY-4559a54ac238,كتلة حركة النهضة (2019),bloc
party_affiliations,TNP-00476,علي حويجي,ar,حويجي,transition,Fidélité à La Révolution,PTY-fe5731549756,Fidélité à La Révolution,bloc
party_affiliations,TNP-00476,علي حويجي,ar,حويجي,transition,Mouvement Wafa,PTY-a8c344e9039d,Mouvement Wafa,affiliation
party_affiliations,TNP-00476,علي حويجي,ar,حويجي,transition,"Pétition populaire pour la liberté, la justice et le développement",PTY-a8c344e9039d,"Pétition populaire pour la liberté, la justice et le développement",list
party_affiliations,TNP-00477,عماد الحمامي,ar,الحمامي,transition,Mouvement Ennahdha,PTY-ENNAHDHA,Mouvement Ennahdha,affiliation
party_affiliations,TNP-00477,عماد الحمامي,ar,الحمامي,transition,Mouvement Nahdha,PTY-ENNAHDHA,Mouvement Nahdha,list
party_affiliations,TNP-00477,عماد الحمامي,ar,الحمامي,transition,كتلة حركة النهضة (2019),PTY-4559a54ac238,كتلة حركة النهضة (2019),bloc
party_affiliations,TNP-00478,عمر الشتوي,ar,الشتوي,transition,Congrès pour la République,PTY-CPR,Congrès pour la République,affiliation|bloc
party_affiliations,TNP-00478,عمر الشتوي,ar,الشتوي,transition,Congrès pour la république,PTY-CPR,Congrès pour la république,list
party_affiliations,TNP-00479,فاضل الوج,ar,الوج,transition,L'Initiative,PTY-509dbc650cec,L'Initiative,list
party_affiliations,TNP-00479,فاضل الوج,ar,الوج,transition,Parti l'initiative,PTY-509dbc650cec,Parti l'initiative,affiliation
party_affiliations,TNP-00479,فاضل الوج,ar,الوج,transition,غير المنتمين إلى كتل,PTY-4784a167446a,غير المنتمين إلى كتل,bloc
party_affiliations,TNP-00480,فاطمة الغربي,ar,الغربي,transition,Forum démocratique pour le travail et les libertés,PTY-NIDAA,Forum démocratique pour le travail et les libertés,list
party_affiliations,TNP-00480,فاطمة الغربي,ar,الغربي,transition,Nidaa Tounes,PTY-NIDAA,Nidaa Tounes,affiliation
party_affiliations,TNP-00480,فاطمة الغربي,ar,الغربي,transition,غير المنتمين إلى كتل,PTY-4784a167446a,غير المنتمين إلى كتل,bloc
party_affiliations,TNP-00481,فايزة كدوسي,ar,كدوسي,transition,Courant de l'amour,PTY-7ad4295a0093,Courant de l'amour,affiliation
party_affiliations,TNP-00481,فايزة كدوسي,ar,كدوسي,transition,"Pétition populaire pour la liberté, la justice et le développement",PTY-7ad4295a0093,"Pétition populaire pour la liberté, la justice et le développement",list
party_affiliations,TNP-00481,فايزة كدوسي,ar,كدوسي,transition,غير المنتمين إلى كتل,PTY-4784a167446a,غير المنتمين إلى كتل,bloc
party_affiliations,TNP-00482,فتحي اللطيف,ar,اللطيف,transition,Parti communiste des ouvriers de Tunisie,PTY-bb9202bb86da,Parti communiste des ouvriers de Tunisie,list
party_affiliations,TNP-00482,فتحي اللطيف,ar,اللطيف,transition,Parti des travailleurs,PTY-bb9202bb86da,Parti des travailleurs,affiliation
party_affiliations,TNP-00482,فتحي اللطيف,ar,اللطيف,transition,غير المنتمين إلى كتل,PTY-4784a167446a,غير المنتمين إلى كتل,bloc
party_affiliations,TNP-00483,فرح النصيبي,ar,النصيبي,transition,Mouvement Nahdha,PTY-e5c16bf2604d,Mouvement Nahdha,list
party_affiliations,TNP-00483,فرح النصيبي,ar,النصيبي,transition,Parti de la Construction Patriotique,PTY-e5c16bf2604d,Parti de la Construction Patriotique,affiliation
party_affiliations,TNP-00483,فرح النصيبي,ar,النصيبي,transition,غير المنتمين إلى كتل,PTY-4784a167446a,غير المنتمين إلى كتل,bloc
party_affiliations,TNP-00484,فريدة عبيدي,ar,عبيدي,transition,Mouvement Ennahdha,PTY-ENNAHDHA,Mouvement Ennahdha,affiliation
party_affiliations,TNP-00484,فريدة عبيدي,ar,عبيدي,transition,Mouvement Nahdha,PTY-ENNAHDHA,Mouvement Nahdha,list
party_affiliations,TNP-00484,فريدة عبيدي,ar,عبيدي,transition,كتلة حركة النهضة (2019),PTY-4559a54ac238,كتلة حركة النهضة (2019),bloc
party_affiliations,TNP-00485,فطوم الأسود,ar,الأسود,transition,Mouvement Ennahdha,PTY-ENNAHDHA,Mouvement Ennahdha,affiliation
party_affiliations,TNP-00485,فطوم الأسود,ar,الأسود,transition,Mouvement Nahdha,PTY-ENNAHDHA,Mouvement Nahdha,list
party_affiliations,TNP-00485,فطوم الأسود,ar,الأسود,transition,كتلة حركة النهضة (2019),PTY-4559a54ac238,كتلة حركة النهضة (2019),bloc
party_affiliations,TNP-00486,فطومة عطية,ar,عطية,transition,Mouvement Ennahdha,PTY-ENNAHDHA,Mouvement Ennahdha,affiliation
party_affiliations,TNP-00486,فطومة عطية,ar,عطية,transition,Mouvement Nahdha,PTY-ENNAHDHA,Mouvement Nahdha,list
party_affiliations,TNP-00486,فطومة عطية,ar,عطية,transition,كتلة حركة النهضة (2019),PTY-4559a54ac238,كتلة حركة النهضة (2019),bloc
party_affiliations,TNP-00487,فؤاد ثامر,ar,ثامر,transition,Front National Tunisien,PTY-a49b95b8bbb3,Front National Tunisien,affiliation
party_affiliations,TNP-00487,فؤاد ثامر,ar,ثامر,transition,Pour un front national Tunisien,PTY-a49b95b8bbb3,Pour un front national Tunisien,list
party_affiliations,TNP-00487,فؤاد ثامر,ar,ثامر,transition,الكتلة الديمقراطية (2019),PTY-079b16e9b74d,الكتلة الديمقراطية (2019),bloc
party_affiliations,TNP-00488,فيصل جدلاوي,ar,جدلاوي,transition,Indépendant,PTY-INDEPENDENT,Indépendant,affiliation
party_affiliations,TNP-00488,فيصل جدلاوي,ar,جدلاوي,transition,La justice,PTY-INDEPENDENT,La justice,list
party_affiliations,TNP-00488,فيصل جدلاوي,ar,جدلاوي,transition,غير المنتمين إلى كتل,PTY-4784a167446a,غير المنتمين إلى كتل,bloc
party_affiliations,TNP-00489,قيس مختار,ar,مختار,transition,Parti démocratique progressiste,PTY-JOMHOURI,Parti démocratique progressiste,list
party_affiliations,TNP-00489,قيس مختار,ar,مختار,transition,Parti républicain,PTY-JOMHOURI,Parti républicain,affiliation
party_affiliations,TNP-00489,قيس مختار,ar,مختار,transition,غير المنتمين إلى كتل,PTY-4784a167446a,غير المنتمين إلى كتل,bloc
party_affiliations,TNP-00490,كريم بوعبدلي,ar,بوعبدلي,transition,Parti Républicain Maghrébin,PTY-5a1bda8022f4,Parti Républicain Maghrébin,affiliation
party_affiliations,TNP-00490,كريم بوعبدلي,ar,بوعبدلي,transition,Parti libéral maghrébin,PTY-5a1bda8022f4,Parti libéral maghrébin,list
party_affiliations,TNP-00490,كريم بوعبدلي,ar,بوعبدلي,transition,الكتلة الديمقراطية (2019),PTY-079b16e9b74d,الكتلة الديمقراطية (2019),bloc
party_affiliations,TNP-00491,كريمة سويد,ar,سويد,transition,Al Massar,PTY-ac4a3d2a8128,Al Massar,affiliation
party_affiliations,TNP-00491,كريمة سويد,ar,سويد,transition,Forum démocratique pour le travail et les libertés,PTY-ac4a3d2a8128,Forum démocratique pour le travail et les libertés,list
party_affiliations,TNP-00491,كريمة سويد,ar,سويد,transition,الكتلة الديمقراطية (2019),PTY-079b16e9b74d,الكتلة الديمقراطية (2019),bloc
party_affiliations,TNP-00492,كلثوم بدر الدين,ar,بدر الدين,second_republic,Mouvement Ennahdha,PTY-ENNAHDHA,Mouvement Ennahdha,affiliation|bloc
party_affiliations,TNP-00492,كلثوم بدر الدين,ar,بدر الدين,transition,Mouvement Nahdha,PTY-ENNAHDHA,Mouvement Nahdha,list
party_affiliations,TNP-00492,كلثوم بدر الدين,ar,بدر الدين,second_republic,حركة النهضة,,حركة النهضة,list
party_affiliations,TNP-00492,كلثوم بدر الدين,ar,بدر الدين,transition,كتلة حركة النهضة (2019),PTY-4559a54ac238,كتلة حركة النهضة (2019),bloc
party_affiliations,TNP-00493,كمال السعداوي,ar,السعداوي,transition,Indépendant,PTY-INDEPENDENT,Indépendant,affiliation
party_affiliations,TNP-00493,كمال السعداوي,ar,السعداوي,transition,Mouvement des démocrates socialistes,PTY-INDEPENDENT,Mouvement des démocrates socialistes,list
party_affiliations,TNP-00493,كمال السعداوي,ar,السعداوي,transition,غير المنتمين إلى كتل,PTY-4784a167446a,غير المنتمين إلى كتل,bloc
party_affiliations,TNP-00494,كمال عمّار,ar,عمار,transition,Mouvement Ennahdha,PTY-ENNAHDHA,Mouvement Ennahdha,affiliation
party_affiliations,TNP-00494,كمال عمّار,ar,عمار,transition,Mouvement Nahdha,PTY-ENNAHDHA,Mouvement Nahdha,list
party_affiliations,TNP-00494,كمال عمّار,ar,عمار,transition,كتلة حركة النهضة (2019),PTY-4559a54ac238,كتلة حركة النهضة (2019),bloc
party_affiliations,TNP-00495,كمال بن عمارة,ar,بن عمارة|عمارة,transition,Mouvement Ennahdha,PTY-ENNAHDHA,Mouvement Ennahdha,affiliation
party_affiliations,TNP-00495,كمال بن عمارة,ar,بن عمارة|عمارة,transition,Mouvement Nahdha,PTY-ENNAHDHA,Mouvement Nahdha,list
party_affiliations,TNP-00495,كمال بن عمارة,ar,بن عمارة|عمارة,transition,كتلة حركة النهضة (2019),PTY-4559a54ac238,كتلة حركة النهضة (2019),bloc
party_affiliations,TNP-00496,كوثر الأدغم,ar,الأدغم,transition,Mouvement Ennahdha,PTY-ENNAHDHA,Mouvement Ennahdha,affiliation
party_affiliations,TNP-00496,كوثر الأدغم,ar,الأدغم,transition,Mouvement Nahdha,PTY-ENNAHDHA,Mouvement Nahdha,list
party_affiliations,TNP-00496,كوثر الأدغم,ar,الأدغم,transition,كتلة حركة النهضة (2019),PTY-4559a54ac238,كتلة حركة النهضة (2019),bloc
party_affiliations,TNP-00497,لبنى الجريبي,ar,الجريبي,transition,Forum démocratique pour le travail et les libertés,PTY-ETTAKATOL,Forum démocratique pour le travail et les libertés,affiliation|bloc|list
party_affiliations,TNP-00498,مبروك الحريزي,ar,الحريزي,second_republic,Aucun bloc,PTY-820f1119d5ed,Aucun bloc,bloc
party_affiliations,TNP-00498,مبروك الحريزي,ar,الحريزي,second_republic,Congrès pour la République,PTY-CPR,Congrès pour la République,affiliation
party_affiliations,TNP-00498,مبروك الحريزي,ar,الحريزي,transition,Fidélité à La Révolution,PTY-fe5731549756,Fidélité à La Révolution,bloc
party_affiliations,TNP-00498,مبروك الحريزي,ar,الحريزي,transition,La fidélité,PTY-CPR,La fidélité,list
party_affiliations,TNP-00498,مبروك الحريزي,ar,الحريزي,second_republic,الكتلة الديمقراطية (2019),PTY-079b16e9b74d,الكتلة الديمقراطية (2019),bloc
party_affiliations,TNP-00498,مبروك الحريزي,ar,الحريزي,second_republic,المؤتمر من أجل الجمهورية,,المؤتمر من أجل الجمهورية,list
party_affiliations,TNP-00499,مبروكة مبارك,ar,مبارك,transition,Congrès pour la République,PTY-CPR,Congrès pour la République,affiliation|bloc
party_affiliations,TNP-00499,مبروكة مبارك,ar,مبارك,transition,Congrès pour la république,PTY-CPR,Congrès pour la république,list
party_affiliations,TNP-00500,محرزية العبيدي,ar,العبيدي,second_republic,Mouvement Ennahdha,PTY-ENNAHDHA,Mouvement Ennahdha,affiliation|bloc
party_affiliations,TNP-00500,محرزية العبيدي,ar,العبيدي,transition,Mouvement Nahdha,PTY-ENNAHDHA,Mouvement Nahdha,list
party_affiliations,TNP-00500,محرزية العبيدي,ar,العبيدي,second_republic,حركة النهضة,,حركة النهضة,list
party_affiliations,TNP-00500,محرزية العبيدي,ar,العبيدي,transition,كتلة حركة النهضة (2019),PTY-4559a54ac238,كتلة حركة النهضة (2019),bloc
party_affiliations,TNP-00501,محسن الكعبي,ar,الكعبي,transition,Mouvement Ennahdha,PTY-ENNAHDHA,Mouvement Ennahdha,affiliation
party_affiliations,TNP-00501,محسن الكعبي,ar,الكعبي,transition,Mouvement Nahdha,PTY-ENNAHDHA,Mouvement Nahdha,list
party_affiliations,TNP-00501,محسن الكعبي,ar,الكعبي,transition,كتلة حركة النهضة (2019),PTY-4559a54ac238,كتلة حركة النهضة (2019),bloc
party_affiliations,TNP-00502,محمد الحبيب هرقام,ar,هرقام,transition,Forum démocratique pour le travail et les libertés,PTY-ETTAKATOL,Forum démocratique pour le travail et les libertés,affiliation|bloc|list
party_affiliations,TNP-00503,محمد الصالح شعيرات,ar,شعيرات,transition,Parti El Amen,PTY-52f9f25821ab,Parti El Amen,affiliation
party_affiliations,TNP-00503,محمد الصالح شعيرات,ar,شعيرات,transition,"Pétition populaire pour la liberté, la justice et le développement",PTY-52f9f25821ab,"Pétition populaire pour la liberté, la justice et le développement",list
party_affiliations,TNP-00503,محمد الصالح شعيرات,ar,شعيرات,transition,Transition Démocratique,PTY-0e2de5f37252,Transition Démocratique,bloc
party_affiliations,TNP-00504,محمد الطاهر إيلاهي,ar,إيلاهي,transition,L'indépendant,PTY-e34601720a98,L'indépendant,list
party_affiliations,TNP-00504,محمد الطاهر إيلاهي,ar,إيلاهي,transition,Mouvement Tunisien pour la Liberté et la Dignité,PTY-e34601720a98,Mouvement Tunisien pour la Liberté et la Dignité,affiliation
party_affiliations,TNP-00504,محمد الطاهر إيلاهي,ar,إيلاهي,transition,غير المنتمين إلى كتل,PTY-4784a167446a,غير المنتمين إلى كتل,bloc
party_affiliations,TNP-00505,محمد الطاهر تليلي,ar,تليلي,transition,Mouvement Ennahdha,PTY-ENNAHDHA,Mouvement Ennahdha,affiliation
party_affiliations,TNP-00505,محمد الطاهر تليلي,ar,تليلي,transition,Mouvement Nahdha,PTY-ENNAHDHA,Mouvement Nahdha,list
party_affiliations,TNP-00505,محمد الطاهر تليلي,ar,تليلي,transition,كتلة حركة النهضة (2019),PTY-4559a54ac238,كتلة حركة النهضة (2019),bloc
party_affiliations,TNP-00506,محمد العربي فاضل موسى,ar,موسى,transition,Al Massar,PTY-ac4a3d2a8128,Al Massar,affiliation
party_affiliations,TNP-00506,محمد العربي فاضل موسى,ar,موسى,transition,Pôle démocratique moderniste,PTY-ac4a3d2a8128,Pôle démocratique moderniste,list
party_affiliations,TNP-00506,محمد العربي فاضل موسى,ar,موسى,transition,الكتلة الديمقراطية (2019),PTY-079b16e9b74d,الكتلة الديمقراطية (2019),bloc
party_affiliations,TNP-00507,محمد الكراي الجربي,ar,الجربي,transition,Congrès pour la république,PTY-a8c344e9039d,Congrès pour la république,list
party_affiliations,TNP-00507,محمد الكراي الجربي,ar,الجربي,transition,Fidélité à La Révolution,PTY-fe5731549756,Fidélité à La Révolution,bloc
party_affiliations,TNP-00507,محمد الكراي الجربي,ar,الجربي,transition,Mouvement Wafa,PTY-a8c344e9039d,Mouvement Wafa,affiliation
party_affiliations,TNP-00508,المنصف شيخ روحه,ar,شيخ روحه|روحه,transition,Alliance Démocratique,PTY-20b849ddfcb3,Alliance Démocratique,affiliation|bloc
party_affiliations,TNP-00508,المنصف شيخ روحه,ar,شيخ روحه|روحه,transition,Parti démocratique progressiste,PTY-20b849ddfcb3,Parti démocratique progressiste,list
party_affiliations,TNP-00509,محمد الناجي غرسلي,ar,غرسلي,transition,Parti de la réforme et du développement,PTY-61a3f228649f,Parti de la réforme et du développement,affiliation
party_affiliations,TNP-00509,محمد الناجي غرسلي,ar,غرسلي,transition,Parti démocratique progressiste,PTY-61a3f228649f,Parti démocratique progressiste,list
party_affiliations,TNP-00509,محمد الناجي غرسلي,ar,غرسلي,transition,غير المنتمين إلى كتل,PTY-4784a167446a,غير المنتمين إلى كتل,bloc
party_affiliations,TNP-00510,محمد سعيدي,ar,سعيدي,transition,Mouvement Ennahdha,PTY-ENNAHDHA,Mouvement Ennahdha,affiliation
party_affiliations,TNP-00510,محمد سعيدي,ar,سعيدي,transition,Mouvement Nahdha,PTY-ENNAHDHA,Mouvement Nahdha,list
party_affiliations,TNP-00510,محمد سعيدي,ar,سعيدي,transition,كتلة حركة النهضة (2019),PTY-4559a54ac238,كتلة حركة النهضة (2019),bloc
party_affiliations,TNP-00511,محمد بن المبروك الحامدي,ar,الحامدي,transition,Alliance Démocratique,PTY-20b849ddfcb3,Alliance Démocratique,affiliation|bloc
party_affiliations,TNP-00511,محمد بن المبروك الحامدي,ar,الحامدي,transition,Parti démocratique progressiste,PTY-20b849ddfcb3,Parti démocratique progressiste,list
party_affiliations,TNP-00512,محمود الماي,ar,الماي,transition,Parti démocratique progressiste,PTY-JOMHOURI,Parti démocratique progressiste,list
party_affiliations,TNP-00512,محمود الماي,ar,الماي,transition,Parti républicain,PTY-JOMHOURI,Parti républicain,affiliation
party_affiliations,TNP-00512,محمود الماي,ar,الماي,transition,غير المنتمين إلى كتل,PTY-4784a167446a,غير المنتمين إلى كتل,bloc
party_affiliations,TNP-00513,محمد الصغير,ar,الصغير,transition,Mouvement Ennahdha,PTY-ENNAHDHA,Mouvement Ennahdha,affiliation
party_affiliations,TNP-00513,محمد الصغير,ar,الصغير,transition,Mouvement Nahdha,PTY-ENNAHDHA,Mouvement Nahdha,list
party_affiliations,TNP-00513,محمد الصغير,ar,الصغير,transition,كتلة حركة النهضة (2019),PTY-4559a54ac238,كتلة حركة النهضة (2019),bloc
party_affiliations,TNP-00514,محمد قحبيش,ar,قحبيش,transition,Alliance Démocratique,PTY-20b849ddfcb3,Alliance Démocratique,affiliation|bloc
party_affiliations,TNP-00514,محمد قحبيش,ar,قحبيش,transition,Parti démocratique progressiste,PTY-20b849ddfcb3,Parti démocratique progressiste,list
party_affiliations,TNP-00515,محمد كحيلة,ar,كحيلة,transition,Indépendant,PTY-INDEPENDENT,Indépendant,affiliation
party_affiliations,TNP-00515,محمد كحيلة,ar,كحيلة,transition,Parti démocratique progressiste,PTY-INDEPENDENT,Parti démocratique progressiste,list
party_affiliations,TNP-00515,محمد كحيلة,ar,كحيلة,transition,غير المنتمين إلى كتل,PTY-4784a167446a,غير المنتمين إلى كتل,bloc
party_affiliations,TNP-00516,محمد بن يوسف الحامدي,ar,الحامدي,transition,Courant de l'amour,PTY-7ad4295a0093,Courant de l'amour,affiliation
party_affiliations,TNP-00516,محمد بن يوسف الحامدي,ar,الحامدي,transition,"Pétition populaire pour la liberté, la justice et le développement",PTY-7ad4295a0093,"Pétition populaire pour la liberté, la justice et le développement",list
party_affiliations,TNP-00516,محمد بن يوسف الحامدي,ar,الحامدي,transition,غير المنتمين إلى كتل,PTY-4784a167446a,غير المنتمين إلى كتل,bloc
party_affiliations,TNP-00517,محمد شفيق زرقين,ar,زرقين,transition,Alliance Démocratique,PTY-20b849ddfcb3,Alliance Démocratique,affiliation|bloc
party_affiliations,TNP-00517,محمد شفيق زرقين,ar,زرقين,transition,La fidélité aux martyrs,PTY-20b849ddfcb3,La fidélité aux martyrs,list
party_affiliations,TNP-00518,محمد عبد المنعم كرير,ar,كرير,transition,Nidaa Tounes,PTY-NIDAA,Nidaa Tounes,affiliation
party_affiliations,TNP-00518,محمد عبد المنعم كرير,ar,كرير,transition,"Pétition populaire pour la liberté, la justice et le développement",PTY-NIDAA,"Pétition populaire pour la liberté, la justice et le développement",list
party_affiliations,TNP-00518,محمد عبد المنعم كرير,ar,كرير,transition,غير المنتمين إلى كتل,PTY-4784a167446a,غير المنتمين إلى كتل,bloc
party_affiliations,TNP-00519,محمد علي نصري,ar,نصري,transition,Congrès pour la république,PTY-INDEPENDENT,Congrès pour la république,list
party_affiliations,TNP-00519,محمد علي نصري,ar,نصري,transition,Indépendant,PTY-INDEPENDENT,Indépendant,affiliation
party_affiliations,TNP-00519,محمد علي نصري,ar,نصري,transition,غير المنتمين إلى كتل,PTY-4784a167446a,غير المنتمين إلى كتل,bloc
party_affiliations,TNP-00520,محمد لطفي بن مصباح,ar,بن مصباح|مصباح,transition,Indépendant,PTY-INDEPENDENT,Indépendant,affiliation
party_affiliations,TNP-00520,محمد لطفي بن مصباح,ar,بن مصباح|مصباح,transition,Parti de la justice et l'égalité,PTY-INDEPENDENT,Parti de la justice et l'égalité,list
party_affiliations,TNP-00520,محمد لطفي بن مصباح,ar,بن مصباح|مصباح,transition,الكتلة الديمقراطية (2019),PTY-079b16e9b74d,الكتلة الديمقراطية (2019),bloc
party_affiliations,TNP-00521,محمد نجيب الحسني,ar,الحسني,transition,Indépendant,PTY-INDEPENDENT,Indépendant,affiliation
party_affiliations,TNP-00521,محمد نجيب الحسني,ar,الحسني,transition,L'espoir,PTY-INDEPENDENT,L'espoir,list
party_affiliations,TNP-00521,محمد نجيب الحسني,ar,الحسني,transition,غير المنتمين إلى كتل,PTY-4784a167446a,غير المنتمين إلى كتل,bloc
party_affiliations,TNP-00522,محمد نزار قاسم,ar,قاسم,transition,Indépendant,PTY-INDEPENDENT,Indépendant,affiliation
party_affiliations,TNP-00522,محمد نزار قاسم,ar,قاسم,transition,Parti républicain pour la liberté et la justice,PTY-INDEPENDENT,Parti républicain pour la liberté et la justice,list
party_affiliations,TNP-00522,محمد نزار قاسم,ar,قاسم,transition,غير المنتمين إلى كتل,PTY-4784a167446a,غير المنتمين إلى كتل,bloc
party_affiliations,TNP-00523,محمود قويعة,ar,قويعة,second_republic,Mouvement Ennahdha,PTY-ENNAHDHA,Mouvement Ennahdha,affiliation|bloc
party_affiliations,TNP-00523,محمود قويعة,ar,قويعة,transition,Mouvement Nahdha,PTY-ENNAHDHA,Mouvement Nahdha,list
party_affiliations,TNP-00523,محمود قويعة,ar,قويعة,second_republic,حركة النهضة,,حركة النهضة,list
party_affiliations,TNP-00523,محمود قويعة,ar,قويعة,transition,كتلة حركة النهضة (2019),PTY-4559a54ac238,كتلة حركة النهضة (2019),bloc
party_affiliations,TNP-00524,محمود البارودي,ar,البارودي,transition,Alliance Démocratique,PTY-20b849ddfcb3,Alliance Démocratique,affiliation|bloc
party_affiliations,TNP-00524,محمود البارودي,ar,البارودي,transition,Parti démocratique progressiste,PTY-20b849ddfcb3,Parti démocratique progressiste,list
party_affiliations,TNP-00525,مراد العمدوني,ar,العمدوني,transition,Courant Populaire,PTY-cb447bb1247c,Courant Populaire,affiliation
party_affiliations,TNP-00525,مراد العمدوني,ar,العمدوني,transition,Mouvement du peuple,PTY-cb447bb1247c,Mouvement du peuple,list
party_affiliations,TNP-00525,مراد العمدوني,ar,العمدوني,transition,غير المنتمين إلى كتل,PTY-4784a167446a,غير المنتمين إلى كتل,bloc
party_affiliations,TNP-00526,مصطفى بن جعفر,ar,بن جعفر|جعفر,transition,Forum démocratique pour le travail et les libertés,PTY-ETTAKATOL,Forum démocratique pour le travail et les libertés,affiliation|bloc|list
party_affiliations,TNP-00527,معز كمون,ar,كمون,transition,Parti El Amen,PTY-52f9f25821ab,Parti El Amen,affiliation
party_affiliations,TNP-00527,معز كمون,ar,كمون,transition,"Pétition populaire pour la liberté, la justice et le développement",PTY-52f9f25821ab,"Pétition populaire pour la liberté, la justice et le développement",list
party_affiliations,TNP-00527,معز كمون,ar,كمون,transition,Transition Démocratique,PTY-0e2de5f37252,Transition Démocratique,bloc
party_affiliations,TNP-00528,مفيدة مرزوقي,ar,مرزوقي,transition,Mouvement Ennahdha,PTY-ENNAHDHA,Mouvement Ennahdha,affiliation
party_affiliations,TNP-00528,مفيدة مرزوقي,ar,مرزوقي,transition,Mouvement Nahdha,PTY-ENNAHDHA,Mouvement Nahdha,list
party_affiliations,TNP-00528,مفيدة مرزوقي,ar,مرزوقي,transition,كتلة حركة النهضة (2019),PTY-4559a54ac238,كتلة حركة النهضة (2019),bloc
party_affiliations,TNP-00529,منى بن نصر,ar,بن نصر|نصر,transition,Indépendant,PTY-INDEPENDENT,Indépendant,affiliation
party_affiliations,TNP-00529,منى بن نصر,ar,بن نصر|نصر,transition,L'Initiative,PTY-INDEPENDENT,L'Initiative,list
party_affiliations,TNP-00529,منى بن نصر,ar,بن نصر|نصر,transition,غير المنتمين إلى كتل,PTY-4784a167446a,غير المنتمين إلى كتل,bloc
party_affiliations,TNP-00530,منية إبراهيم,ar,إبراهيم,transition,Mouvement Ennahdha,PTY-ENNAHDHA,Mouvement Ennahdha,affiliation
party_affiliations,TNP-00530,منية إبراهيم,ar,إبراهيم,transition,Mouvement Nahdha,PTY-ENNAHDHA,Mouvement Nahdha,list
party_affiliations,TNP-00530,منية إبراهيم,ar,إبراهيم,transition,كتلة حركة النهضة (2019),PTY-4559a54ac238,كتلة حركة النهضة (2019),bloc
party_affiliations,TNP-00531,منية القصري,ar,القصري,transition,Mouvement Ennahdha,PTY-ENNAHDHA,Mouvement Ennahdha,affiliation
party_affiliations,TNP-00531,منية القصري,ar,القصري,transition,Mouvement Nahdha,PTY-ENNAHDHA,Mouvement Nahdha,list
party_affiliations,TNP-00531,منية القصري,ar,القصري,transition,كتلة حركة النهضة (2019),PTY-4559a54ac238,كتلة حركة النهضة (2019),bloc
party_affiliations,TNP-00532,منير بن هنية,ar,بن هنية|هنية,transition,Mouvement Ennahdha,PTY-ENNAHDHA,Mouvement Ennahdha,affiliation
party_affiliations,TNP-00532,منير بن هنية,ar,بن هنية|هنية,transition,Mouvement Nahdha,PTY-ENNAHDHA,Mouvement Nahdha,list
party_affiliations,TNP-00532,منير بن هنية,ar,بن هنية|هنية,transition,كتلة حركة النهضة (2019),PTY-4559a54ac238,كتلة حركة النهضة (2019),bloc
party_affiliations,TNP-00533,منيرة عمري,ar,عمري,transition,Mouvement Ennahdha,PTY-ENNAHDHA,Mouvement Ennahdha,affiliation
party_affiliations,TNP-00533,منيرة عمري,ar,عمري,transition,Mouvement Nahdha,PTY-ENNAHDHA,Mouvement Nahdha,list
party_affiliations,TNP-00533,منيرة عمري,ar,عمري,transition,كتلة حركة النهضة (2019),PTY-4559a54ac238,كتلة حركة النهضة (2019),bloc
party_affiliations,TNP-00534,مولدي الزيدي,ar,الزيدي,transition,Indépendant,PTY-INDEPENDENT,Indépendant,affiliation
party_affiliations,TNP-00534,مولدي الزيدي,ar,الزيدي,transition,"Pétition populaire pour la liberté, la justice et le développement",PTY-INDEPENDENT,"Pétition populaire pour la liberté, la justice et le développement",list
party_affiliations,TNP-00534,مولدي الزيدي,ar,الزيدي,transition,غير المنتمين إلى كتل,PTY-4784a167446a,غير المنتمين إلى كتل,bloc
party_affiliations,TNP-00535,مية الجريبي,ar,الجريبي,transition,Parti démocratique progressiste,PTY-JOMHOURI,Parti démocratique progressiste,list
party_affiliations,TNP-00535,مية الجريبي,ar,الجريبي,transition,Parti républicain,PTY-JOMHOURI,Parti républicain,affiliation
party_affiliations,TNP-00535,مية الجريبي,ar,الجريبي,transition,غير المنتمين إلى كتل,PTY-4784a167446a,غير المنتمين إلى كتل,bloc
party_affiliations,TNP-00536,نادية شعبان,ar,شعبان,transition,Al Massar,PTY-ac4a3d2a8128,Al Massar,affiliation
party_affiliations,TNP-00536,نادية شعبان,ar,شعبان,transition,Pôle démocratique moderniste,PTY-ac4a3d2a8128,Pôle démocratique moderniste,list
party_affiliations,TNP-00536,نادية شعبان,ar,شعبان,transition,الكتلة الديمقراطية (2019),PTY-079b16e9b74d,الكتلة الديمقراطية (2019),bloc
party_affiliations,TNP-00537,نبيلة العسكري السنوسي,ar,السنوسي,transition,Mouvement Ennahdha,PTY-ENNAHDHA,Mouvement Ennahdha,affiliation
party_affiliations,TNP-00537,نبيلة العسكري السنوسي,ar,السنوسي,transition,Mouvement Nahdha,PTY-ENNAHDHA,Mouvement Nahdha,list
party_affiliations,TNP-00537,نبيلة العسكري السنوسي,ar,السنوسي,transition,كتلة حركة النهضة (2019),PTY-4559a54ac238,كتلة حركة النهضة (2019),bloc
party_affiliations,TNP-00538,نبيهة ترجمان,ar,ترجمان,transition,Mouvement Ennahdha,PTY-ENNAHDHA,Mouvement Ennahdha,affiliation
party_affiliations,TNP-00538,نبيهة ترجمان,ar,ترجمان,transition,Mouvement Nahdha,PTY-ENNAHDHA,Mouvement Nahdha,list
party_affiliations,TNP-00538,نبيهة ترجمان,ar,ترجمان,transition,كتلة حركة النهضة (2019),PTY-4559a54ac238,كتلة حركة النهضة (2019),bloc
party_affiliations,TNP-00539,نجلاء بوريال,ar,بوريال,transition,Alliance Démocratique,PTY-20b849ddfcb3,Alliance Démocratique,affiliation|bloc
party_affiliations,TNP-00539,نجلاء بوريال,ar,بوريال,transition,Parti démocratique progressiste,PTY-20b849ddfcb3,Parti démocratique progressiste,list
party_affiliations,TNP-00540,نجيب مراد,ar,مراد,transition,Mouvement Ennahdha,PTY-ENNAHDHA,Mouvement Ennahdha,affiliation
party_affiliations,TNP-00540,نجيب مراد,ar,مراد,transition,Mouvement Nahdha,PTY-ENNAHDHA,Mouvement Nahdha,list
party_affiliations,TNP-00540,نجيب مراد,ar,مراد,transition,كتلة حركة النهضة (2019),PTY-4559a54ac238,كتلة حركة النهضة (2019),bloc
party_affiliations,TNP-00541,نجيبة بريول,ar,بريول,transition,Mouvement Ennahdha,PTY-ENNAHDHA,Mouvement Ennahdha,affiliation
party_affiliations,TNP-00541,نجيبة بريول,ar,بريول,transition,Mouvement Nahdha,PTY-ENNAHDHA,Mouvement Nahdha,list
party_affiliations,TNP-00541,نجيبة بريول,ar,بريول,transition,كتلة حركة النهضة (2019),PTY-4559a54ac238,كتلة حركة النهضة (2019),bloc
party_affiliations,TNP-00542,نزار مخلوفي,ar,مخلوفي,transition,Congrès pour la république,PTY-efb0809dca6b,Congrès pour la république,list
party_affiliations,TNP-00542,نزار مخلوفي,ar,مخلوفي,transition,Courant Démocratique,PTY-efb0809dca6b,Courant Démocratique,affiliation
party_affiliations,TNP-00542,نزار مخلوفي,ar,مخلوفي,transition,Fidélité à La Révolution,PTY-fe5731549756,Fidélité à La Révolution,bloc
party_affiliations,TNP-00543,نعمان الفهري,ar,الفهري,second_republic,Afek Tounes,PTY-b0109a4f5966,Afek Tounes,affiliation|list
party_affiliations,TNP-00543,نعمان الفهري,ar,الفهري,second_republic,آفاق تونس,,آفاق تونس,list
party_affiliations,TNP-00543,نعمان الفهري,ar,الفهري,transition,الكتلة الديمقراطية (2019),PTY-079b16e9b74d,الكتلة الديمقراطية (2019),bloc
party_affiliations,TNP-00544,نور الدين المرابطي,ar,المرابطي,second_republic,Alliance nationale,PTY-7233741e1ec0,Alliance nationale,bloc
party_affiliations,TNP-00544,نور الدين المرابطي,ar,المرابطي,second_republic,Mouvement Nidaa Tounes,PTY-12c364be2b2b,Mouvement Nidaa Tounes,bloc
party_affiliations,TNP-00544,نور الدين المرابطي,ar,المرابطي,transition,Transition Démocratique,PTY-0e2de5f37252,Transition Démocratique,bloc
party_affiliations,TNP-00544,نور الدين المرابطي,ar,المرابطي,second_republic,Union Patriotique Libre,PTY-9b0efa626777,Union Patriotique Libre,affiliation|bloc
party_affiliations,TNP-00544,نور الدين المرابطي,ar,المرابطي,transition,l'Union Patriotique Libre,PTY-9b0efa626777,l'Union Patriotique Libre,list
party_affiliations,TNP-00544,نور الدين المرابطي,ar,المرابطي,second_republic,الإتحاد الوطني الحر,,الإتحاد الوطني الحر,list
party_affiliations,TNP-00545,نوفل الغريبي,ar,الغريبي,transition,Congrès pour la République,PTY-CPR,Congrès pour la République,affiliation|bloc
party_affiliations,TNP-00545,نوفل الغريبي,ar,الغريبي,transition,Congrès pour la république,PTY-CPR,Congrès pour la république,list
party_affiliations,TNP-00546,هاجر منيفي,ar,منيفي,transition,Mouvement Ennahdha,PTY-ENNAHDHA,Mouvement Ennahdha,affiliation
party_affiliations,TNP-00546,هاجر منيفي,ar,منيفي,transition,Mouvement Nahdha,PTY-ENNAHDHA,Mouvement Nahdha,list
party_affiliations,TNP-00546,هاجر منيفي,ar,منيفي,transition,كتلة حركة النهضة (2019),PTY-4559a54ac238,كتلة حركة النهضة (2019),bloc
party_affiliations,TNP-00547,هاجر عزيز,ar,عزيز,transition,Mouvement Ennahdha,PTY-ENNAHDHA,Mouvement Ennahdha,affiliation
party_affiliations,TNP-00547,هاجر عزيز,ar,عزيز,transition,Mouvement Nahdha,PTY-ENNAHDHA,Mouvement Nahdha,list
party_affiliations,TNP-00547,هاجر عزيز,ar,عزيز,transition,كتلة حركة النهضة (2019),PTY-4559a54ac238,كتلة حركة النهضة (2019),bloc
party_affiliations,TNP-00548,هالة الحامي,ar,الحامي,second_republic,Mouvement Ennahdha,PTY-ENNAHDHA,Mouvement Ennahdha,affiliation|bloc
party_affiliations,TNP-00548,هالة الحامي,ar,الحامي,transition,Mouvement Nahdha,PTY-ENNAHDHA,Mouvement Nahdha,list
party_affiliations,TNP-00548,هالة الحامي,ar,الحامي,second_republic,حركة النهضة,,حركة النهضة,list
party_affiliations,TNP-00548,هالة الحامي,ar,الحامي,transition,كتلة حركة النهضة (2019),PTY-4559a54ac238,كتلة حركة النهضة (2019),bloc
party_affiliations,TNP-00549,هشام بن جامع,ar,بن جامع|جامع,transition,Congrès pour la République,PTY-CPR,Congrès pour la République,bloc
party_affiliations,TNP-00549,هشام بن جامع,ar,بن جامع|جامع,transition,Congrès pour la république,PTY-efb0809dca6b,Congrès pour la république,list
party_affiliations,TNP-00549,هشام بن جامع,ar,بن جامع|جامع,transition,Courant Démocratique,PTY-efb0809dca6b,Courant Démocratique,affiliation
party_affiliations,TNP-00550,هيثم بلقاسم,ar,بلقاسم,transition,Congrès pour la République,PTY-CPR,Congrès pour la République,affiliation|bloc
party_affiliations,TNP-00550,هيثم بلقاسم,ar,بلقاسم,transition,Congrès pour la république,PTY-CPR,Congrès pour la république,list
party_affiliations,TNP-00551,وسام ياسين,ar,ياسين,transition,La Voix du peuple de Tunisie,PTY-bbfe9bb6d793,La Voix du peuple de Tunisie,affiliation
party_affiliations,TNP-00551,وسام ياسين,ar,ياسين,transition,La lutte socialiste,PTY-bbfe9bb6d793,La lutte socialiste,list
party_affiliations,TNP-00551,وسام ياسين,ar,ياسين,transition,غير المنتمين إلى كتل,PTY-4784a167446a,غير المنتمين إلى كتل,bloc
party_affiliations,TNP-00552,كمال بن رمضان,ar,بن رمضان|رمضان,transition,Mouvement Ennahdha,PTY-ENNAHDHA,Mouvement Ennahdha,affiliation
party_affiliations,TNP-00552,كمال بن رمضان,ar,بن رمضان|رمضان,transition,Mouvement Nahdha,PTY-ENNAHDHA,Mouvement Nahdha,list
party_affiliations,TNP-00552,كمال بن رمضان,ar,بن رمضان|رمضان,transition,كتلة حركة النهضة (2019),PTY-4559a54ac238,كتلة حركة النهضة (2019),bloc
party_affiliations,TNP-00553,سلاف القسنطيني,ar,القسنطيني,second_republic,Mouvement Ennahdha,PTY-ENNAHDHA,Mouvement Ennahdha,affiliation|bloc
party_affiliations,TNP-00553,سلاف القسنطيني,ar,القسنطيني,transition,Mouvement Nahdha,PTY-ENNAHDHA,Mouvement Nahdha,list
party_affiliations,TNP-00553,سلاف القسنطيني,ar,القسنطيني,second_republic,حركة النهضة,,حركة النهضة,list
party_affiliations,TNP-00553,سلاف القسنطيني,ar,القسنطيني,transition,كتلة حركة النهضة (2019),PTY-4559a54ac238,كتلة حركة النهضة (2019),bloc
party_affiliations,TNP-00554,سهير الدردوري,ar,الدردوري,transition,Congrès pour la république,PTY-INDEPENDENT,Congrès pour la république,list
party_affiliations,TNP-00554,سهير الدردوري,ar,الدردوري,transition,Indépendant,PTY-INDEPENDENT,Indépendant,affiliation
party_affiliations,TNP-00554,سهير الدردوري,ar,الدردوري,transition,Transition Démocratique,PTY-0e2de5f37252,Transition Démocratique,bloc
party_affiliations,TNP-00555,مختار لموشي,ar,لموشي,transition,Mouvement Ennahdha,PTY-ENNAHDHA,Mouvement Ennahdha,affiliation
party_affiliations,TNP-00555,مختار لموشي,ar,لموشي,transition,Mouvement Nahdha,PTY-ENNAHDHA,Mouvement Nahdha,list
party_affiliations,TNP-00555,مختار لموشي,ar,لموشي,transition,كتلة حركة النهضة (2019),PTY-4559a54ac238,كتلة حركة النهضة (2019),bloc
party_affiliations,TNP-00556,حبيب بريبش,ar,بريبش,transition,Mouvement Ennahdha,PTY-ENNAHDHA,Mouvement Ennahdha,affiliation
party_affiliations,TNP-00556,حبيب بريبش,ar,بريبش,transition,Mouvement Nahdha,PTY-ENNAHDHA,Mouvement Nahdha,list
party_affiliations,TNP-00556,حبيب بريبش,ar,بريبش,transition,كتلة حركة النهضة (2019),PTY-4559a54ac238,كتلة حركة النهضة (2019),bloc
party_affiliations,TNP-00557,بشير النفزي,ar,النفزي,transition,Congrès pour la République,PTY-CPR,Congrès pour la République,affiliation|bloc
party_affiliations,TNP-00557,بشير النفزي,ar,النفزي,transition,Congrès pour la république,PTY-CPR,Congrès pour la république,list
party_affiliations,TNP-00558,نورة بن حسن,ar,بن حسن|حسن,transition,Congrès pour la République,PTY-CPR,Congrès pour la République,affiliation|bloc
party_affiliations,TNP-00558,نورة بن حسن,ar,بن حسن|حسن,transition,Congrès pour la république,PTY-CPR,Congrès pour la république,list
party_affiliations,TNP-00559,جمال بوعجاجة,ar,بوعجاجة,transition,Mouvement Ennahdha,PTY-ENNAHDHA,Mouvement Ennahdha,affiliation
party_affiliations,TNP-00559,جمال بوعجاجة,ar,بوعجاجة,transition,Mouvement Nahdha,PTY-ENNAHDHA,Mouvement Nahdha,list
party_affiliations,TNP-00559,جمال بوعجاجة,ar,بوعجاجة,transition,كتلة حركة النهضة (2019),PTY-4559a54ac238,كتلة حركة النهضة (2019),bloc
party_affiliations,TNP-00560,فرج بن عمر,ar,بن عمر|عمر,transition,Mouvement Ennahdha,PTY-ENNAHDHA,Mouvement Ennahdha,affiliation
party_affiliations,TNP-00560,فرج بن عمر,ar,بن عمر|عمر,transition,Mouvement Nahdha,PTY-ENNAHDHA,Mouvement Nahdha,list
party_affiliations,TNP-00560,فرج بن عمر,ar,بن عمر|عمر,transition,كتلة حركة النهضة (2019),PTY-4559a54ac238,كتلة حركة النهضة (2019),bloc
party_affiliations,TNP-00561,خليد بلحاج,ar,بلحاج,transition,Mouvement Nahdha,PTY-e5c16bf2604d,Mouvement Nahdha,list
party_affiliations,TNP-00561,خليد بلحاج,ar,بلحاج,transition,Parti de la Construction Patriotique,PTY-e5c16bf2604d,Parti de la Construction Patriotique,affiliation
party_affiliations,TNP-00561,خليد بلحاج,ar,بلحاج,transition,غير المنتمين إلى كتل,PTY-4784a167446a,غير المنتمين إلى كتل,bloc
party_affiliations,TNP-00562,نفيسة المرزوقي,ar,المرزوقي,transition,Forum démocratique pour le travail et les libertés,PTY-ETTAKATOL,Forum démocratique pour le travail et les libertés,affiliation|bloc|list
party_affiliations,TNP-00563,وردة التركي,ar,التركي,transition,Mouvement Ennahdha,PTY-ENNAHDHA,Mouvement Ennahdha,affiliation
party_affiliations,TNP-00563,وردة التركي,ar,التركي,transition,Mouvement Nahdha,PTY-ENNAHDHA,Mouvement Nahdha,list
party_affiliations,TNP-00563,وردة التركي,ar,التركي,transition,كتلة حركة النهضة (2019),PTY-4559a54ac238,كتلة حركة النهضة (2019),bloc
party_affiliations,TNP-00564,محمد منذر بن رحال,ar,بن رحال|رحال,transition,Forum démocratique pour le travail et les libertés,PTY-ETTAKATOL,Forum démocratique pour le travail et les libertés,affiliation|bloc|list
party_affiliations,TNP-00565,منال القادري,ar,القادري,transition,Al Massar,PTY-ac4a3d2a8128,Al Massar,affiliation
party_affiliations,TNP-00565,منال القادري,ar,القادري,transition,Mouvement des démocrates socialistes,PTY-ac4a3d2a8128,Mouvement des démocrates socialistes,list
party_affiliations,TNP-00565,منال القادري,ar,القادري,transition,غير المنتمين إلى كتل,PTY-4784a167446a,غير المنتمين إلى كتل,bloc
party_affiliations,TNP-00566,فاضل الصغراوي,ar,الصغراوي,transition,Courant Populaire,PTY-cb447bb1247c,Courant Populaire,affiliation
party_affiliations,TNP-00566,فاضل الصغراوي,ar,الصغراوي,transition,Mouvement du peuple,PTY-cb447bb1247c,Mouvement du peuple,list
party_affiliations,TNP-00566,فاضل الصغراوي,ar,الصغراوي,transition,غير المنتمين إلى كتل,PTY-4784a167446a,غير المنتمين إلى كتل,bloc
party_affiliations,TNP-00567,منية بن نصر العيادي,ar,العيادي,transition,Forum démocratique pour le travail et les libertés,PTY-INDEPENDENT,Forum démocratique pour le travail et les libertés,list
party_affiliations,TNP-00567,منية بن نصر العيادي,ar,العيادي,transition,Indépendant,PTY-INDEPENDENT,Indépendant,affiliation
party_affiliations,TNP-00567,منية بن نصر العيادي,ar,العيادي,transition,الكتلة الديمقراطية (2019),PTY-079b16e9b74d,الكتلة الديمقراطية (2019),bloc
party_affiliations,TNP-00568,سلمى نزيه الزنايدي,ar,الزنايدي,transition,Forum démocratique pour le travail et les libertés,PTY-ETTAKATOL,Forum démocratique pour le travail et les libertés,affiliation|bloc|list
party_affiliations,TNP-00569,المنجي سليم,ar,سليم,protectorate_transition,Front National,PTY-NEODESTOUR,Front National,list
party_affiliations,TNP-00570,ألبير بسيس,ar,بسيس,protectorate_transition,Front National,PTY-NEODESTOUR,Front National,list
party_affiliations,TNP-00571,أحمد المستيري,ar,المستيري,protectorate_transition,Front National,PTY-NEODESTOUR,Front National,list
party_affiliations,TNP-00572,الطاهر بن عمار,ar,بن عمار|عمار,protectorate_transition,Front National,PTY-NEODESTOUR,Front National,list
party_affiliations,TNP-00573,العزيز الجلولي,ar,الجلولي,protectorate_transition,Front National,PTY-NEODESTOUR,Front National,list
party_affiliations,TNP-00574,محمود بن عز الدين,ar,بن عز الدين|عز الدين,protectorate_transition,Front National,PTY-NEODESTOUR,Front National,list
party_affiliations,TNP-00575,الهادي نويرة,ar,نويرة,protectorate_transition,Front National,PTY-NEODESTOUR,Front National,list
party_affiliations,TNP-00576,مصطفى الوالي,ar,الوالي,protectorate_transition,Front National,PTY-NEODESTOUR,Front National,list
party_affiliations,TNP-00577,حمزة ستا,ar,ستا,protectorate_transition,Front National,PTY-NEODESTOUR,Front National,list
party_affiliations,TNP-00578,محمد الحبيب,ar,الحبيب,protectorate_transition,Front National,PTY-NEODESTOUR,Front National,list
party_affiliations,TNP-00579,حبيب تليبة,ar,تليبة,protectorate_transition,Front National,PTY-NEODESTOUR,Front National,list
party_affiliations,TNP-00580,أحمد بن حميدة,ar,بن حميدة|حميدة,protectorate_transition,Front National,PTY-NEODESTOUR,Front National,list
party_affiliations,TNP-00581,الجلولي فارس,ar,فارس,protectorate_transition,Front National,PTY-NEODESTOUR,Front National,list
party_affiliations,TNP-00582,عبد الرحمان مجول,ar,مجول,protectorate_transition,Front National,PTY-NEODESTOUR,Front National,list
party_affiliations,TNP-00583,أحمد بن عبد الكريم,ar,بن عبد الكريم|عبد الكريم|الكريم,protectorate_transition,Front National,PTY-NEODESTOUR,Front National,list
party_affiliations,TNP-00584,عبد العزيز نوري,ar,نوري,protectorate_transition,Front National,PTY-NEODESTOUR,Front National,list
party_affiliations,TNP-00585,طاهر دباية,ar,دباية,protectorate_transition,Front National,PTY-NEODESTOUR,Front National,list
party_affiliations,TNP-00586,مصطفى الفيلالي,ar,الفيلالي,protectorate_transition,Front National,PTY-NEODESTOUR,Front National,list
party_affiliations,TNP-00587,محمد شكرون,ar,شكرون,protectorate_transition,Front National,PTY-NEODESTOUR,Front National,list
party_affiliations,TNP-00588,صلاح كشريد,ar,كشريد,protectorate_transition,Front National,PTY-NEODESTOUR,Front National,list
party_affiliations,TNP-00589,عبد السلام عاشور,ar,عاشور,protectorate_transition,Front National,PTY-NEODESTOUR,Front National,list
party_affiliations,TNP-00590,محمد فالح جهيناوي,ar,جهيناوي,protectorate_transition,Front National,PTY-NEODESTOUR,Front National,list
party_affiliations,TNP-00591,حسن ساسي,ar,ساسي,protectorate_transition,Front National,PTY-NEODESTOUR,Front National,list
party_affiliations,TNP-00592,عز الدين عباسي,ar,عباسي,protectorate_transition,Front National,PTY-NEODESTOUR,Front National,list
party_affiliations,TNP-00593,الشيخ علي بنعيسى بوحجر,ar,بوحجر,protectorate_transition,Front National,PTY-NEODESTOUR,Front National,list
party_affiliations,TNP-00594,العربي عبروق,ar,عبروق,protectorate_transition,Front National,PTY-NEODESTOUR,Front National,list
party_affiliations,TNP-00595,محمد كرمة,ar,كرمة,protectorate_transition,Front National,PTY-NEODESTOUR,Front National,list
party_affiliations,TNP-00596,صالح بالعيش,ar,بالعيش,protectorate_transition,Front National,PTY-NEODESTOUR,Front National,list
party_affiliations,TNP-00597,محمد المصمودي,ar,المصمودي,protectorate_transition,Front National,PTY-NEODESTOUR,Front National,list
party_affiliations,TNP-00598,محمد قاسم,ar,قاسم,protectorate_transition,Front National,PTY-NEODESTOUR,Front National,list
party_affiliations,TNP-00599,محمد صفر,ar,صفر,protectorate_transition,Front National,PTY-NEODESTOUR,Front National,list
party_affiliations,TNP-00600,فرج جمعة,ar,جمعة,protectorate_transition,Front National,PTY-NEODESTOUR,Front National,list
party_affiliations,TNP-00601,محمد الجدي,ar,الجدي,protectorate_transition,Front National,PTY-NEODESTOUR,Front National,list
party_affiliations,TNP-00602,صادق بن يحمد,ar,بن يحمد|يحمد,protectorate_transition,Front National,PTY-NEODESTOUR,Front National,list
party_affiliations,TNP-00603,عبد الحميد برغاوي,ar,برغاوي,protectorate_transition,Front National,PTY-NEODESTOUR,Front National,list
party_affiliations,TNP-00604,محمد حمزة,ar,حمزة,protectorate_transition,Front National,PTY-NEODESTOUR,Front National,list
party_affiliations,TNP-00605,محمد شنيق,ar,شنيق,protectorate_transition,Front National,PTY-NEODESTOUR,Front National,list
party_affiliations,TNP-00606,عبد الرحمان عبد النبي,ar,عبد النبي|النبي,protectorate_transition,Front National,PTY-NEODESTOUR,Front National,list
party_affiliations,TNP-00607,أحمد الغرياني,ar,الغرياني,protectorate_transition,Front National,PTY-NEODESTOUR,Front National,list
party_affiliations,TNP-00608,سليمان الزواري,ar,الزواري,protectorate_transition,Front National,PTY-NEODESTOUR,Front National,list
party_affiliations,TNP-00609,الحبيب بورقيبة,ar,بورقيبة,protectorate_transition,Front National,PTY-NEODESTOUR,Front National,list
party_affiliations,TNP-00610,الهادي بوسلامة,ar,بوسلامة,protectorate_transition,Front National,PTY-NEODESTOUR,Front National,list
party_affiliations,TNP-00611,العجمي سليم,ar,سليم,protectorate_transition,Front National,PTY-NEODESTOUR,Front National,list
party_affiliations,TNP-00612,الطيب المهيري,ar,المهيري,protectorate_transition,Front National,PTY-NEODESTOUR,Front National,list
party_affiliations,TNP-00613,الهادي الغلوصي,ar,الغلوصي,protectorate_transition,Front National,PTY-NEODESTOUR,Front National,list
party_affiliations,TNP-00614,مختار عزيز,ar,عزيز,protectorate_transition,Front National,PTY-NEODESTOUR,Front National,list
party_affiliations,TNP-00615,الصادق بوصفارة,ar,بوصفارة,protectorate_transition,Front National,PTY-NEODESTOUR,Front National,list
party_affiliations,TNP-00616,بشير بلاغة,ar,بلاغة,protectorate_transition,Front National,PTY-NEODESTOUR,Front National,list
party_affiliations,TNP-00617,محمد زهوية,ar,زهوية,protectorate_transition,Front National,PTY-NEODESTOUR,Front National,list
party_affiliations,TNP-00618,محمد بدرة,ar,بدرة,protectorate_transition,Front National,PTY-NEODESTOUR,Front National,list
party_affiliations,TNP-00619,أحمد بن صالح,ar,بن صالح|صالح,protectorate_transition,Front National,PTY-NEODESTOUR,Front National,list
party_affiliations,TNP-00620,عبد الرحمان بوعجاجة,ar,بوعجاجة,protectorate_transition,Front National,PTY-NEODESTOUR,Front National,list
party_affiliations,TNP-00621,محمود الخياري,ar,الخياري,protectorate_transition,Front National,PTY-NEODESTOUR,Front National,list
party_affiliations,TNP-00622,نصر مرزوقي,ar,مرزوقي,protectorate_transition,Front National,PTY-NEODESTOUR,Front National,list
party_affiliations,TNP-00623,محمد الراي,ar,الراي,protectorate_transition,Front National,PTY-NEODESTOUR,Front National,list
party_affiliations,TNP-00624,يوسف لبوز,ar,لبوز,protectorate_transition,Front National,PTY-NEODESTOUR,Front National,list
party_affiliations,TNP-00625,نصر بن جعفر,ar,بن جعفر|جعفر,protectorate_transition,Front National,PTY-NEODESTOUR,Front National,list
party_affiliations,TNP-00626,الفرجاني بالحاج عمار,ar,عمار,protectorate_transition,Front National,PTY-NEODESTOUR,Front National,list
party_affiliations,TNP-00627,أحمد علولو,ar,علولو,protectorate_transition,Front National,PTY-NEODESTOUR,Front National,list
party_affiliations,TNP-00628,الحبيب عاشور,ar,عاشور,protectorate_transition,Front National,PTY-NEODESTOUR,Front National,list
party_affiliations,TNP-00629,حسن شفرود,ar,شفرود,protectorate_transition,Front National,PTY-NEODESTOUR,Front National,list
party_affiliations,TNP-00630,محمد مكني,ar,مكني,protectorate_transition,Front National,PTY-NEODESTOUR,Front National,list
party_affiliations,TNP-00631,مفتاح سميري,ar,سميري,protectorate_transition,Front National,PTY-NEODESTOUR,Front National,list
party_affiliations,TNP-00632,أحمد دريرة,ar,دريرة,protectorate_transition,Front National,PTY-NEODESTOUR,Front National,list
party_affiliations,TNP-00633,محمود الغول,ar,الغول,protectorate_transition,Front National,PTY-NEODESTOUR,Front National,list
party_affiliations,TNP-00634,طاهر عبد الكافي,ar,عبد الكافي|الكافي,protectorate_transition,Front National,PTY-NEODESTOUR,Front National,list
party_affiliations,TNP-00635,أحمد التليلي,ar,التليلي,protectorate_transition,Front National,PTY-NEODESTOUR,Front National,list
party_affiliations,TNP-00636,حسين بن صالح,ar,بن صالح|صالح,protectorate_transition,Front National,PTY-NEODESTOUR,Front National,list
party_affiliations,TNP-00637,حسين بوزيان,ar,بوزيان,protectorate_transition,Front National,PTY-NEODESTOUR,Front National,list
party_affiliations,TNP-00638,محمد الأمين الشابي,ar,الشابي,protectorate_transition,Front National,PTY-NEODESTOUR,Front National,list
party_affiliations,TNP-00639,حسونة بن طاهر,ar,بن طاهر|طاهر,protectorate_transition,Front National,PTY-NEODESTOUR,Front National,list
party_affiliations,TNP-00640,قلعي رشدي,ar,رشدي,protectorate_transition,Front National,PTY-NEODESTOUR,Front National,list
party_affiliations,TNP-00641,الشادلي باش تبجي,ar,باش تبجي|تبجي,protectorate_transition,Front National,PTY-NEODESTOUR,Front National,list
party_affiliations,TNP-00642,فتحي زهير,ar,زهير,protectorate_transition,Front National,PTY-NEODESTOUR,Front National,list
party_affiliations,TNP-00643,محمد كباني,ar,كباني,protectorate_transition,Front National,PTY-NEODESTOUR,Front National,list
party_affiliations,TNP-00644,طاهر بوريال,ar,بوريال,protectorate_transition,Front National,PTY-NEODESTOUR,Front National,list
party_affiliations,TNP-00645,صالح قلعاوي,ar,قلعاوي,protectorate_transition,Front National,PTY-NEODESTOUR,Front National,list
party_affiliations,TNP-00646,الصادق المقدم,ar,المقدم,protectorate_transition,Front National,PTY-NEODESTOUR,Front National,list
party_affiliations,TNP-00647,علي الزلاوي,ar,الزلاوي,protectorate_transition,Front National,PTY-NEODESTOUR,Front National,list
party_affiliations,TNP-00648,شريف مراد,ar,مراد,protectorate_transition,Front National,PTY-NEODESTOUR,Front National,list
party_affiliations,TNP-00649,شادلي رحيم,ar,رحيم,protectorate_transition,Front National,PTY-NEODESTOUR,Front National,list
party_affiliations,TNP-00650,عبد الله فرحات,ar,فرحات,protectorate_transition,Front National,PTY-NEODESTOUR,Front National,list
party_affiliations,TNP-00651,جلول بن شريفة,ar,بن شريفة|شريفة,protectorate_transition,Front National,PTY-NEODESTOUR,Front National,list
party_affiliations,TNP-00652,محمد رمضان,ar,رمضان,protectorate_transition,Front National,PTY-NEODESTOUR,Front National,list
party_affiliations,TNP-00653,محمد بن للونة,ar,بن للونة|للونة,protectorate_transition,Front National,PTY-NEODESTOUR,Front National,list
party_affiliations,TNP-00654,علي البلهوان,ar,البلهوان,protectorate_transition,Front National,PTY-NEODESTOUR,Front National,list
party_affiliations,TNP-00655,الحبيب الشطي,ar,الشطي,protectorate_transition,Front National,PTY-NEODESTOUR,Front National,list
party_affiliations,TNP-00656,عمار بالحاج عثمان,ar,عثمان,protectorate_transition,Front National,PTY-NEODESTOUR,Front National,list
party_affiliations,TNP-00657,أحمد بالأمين,ar,بالأمين,protectorate_transition,Front National,PTY-NEODESTOUR,Front National,list
party_affiliations,TNP-00658,الباهي الأدغم,ar,الأدغم,protectorate_transition,Front National,PTY-NEODESTOUR,Front National,list
party_affiliations,TNP-00659,محمد الشاذلي النيفر,ar,النيفر,protectorate_transition,Front National,PTY-NEODESTOUR,Front National,list
party_affiliations,TNP-00660,محمود الماطري,ar,الماطري,protectorate_transition,Front National,PTY-NEODESTOUR,Front National,list
party_affiliations,TNP-00661,عمر الرياحي,ar,الرياحي,protectorate_transition,Front National,PTY-NEODESTOUR,Front National,list
party_affiliations,TNP-00662,أندريه بروش,ar,بروش,protectorate_transition,Front National,PTY-NEODESTOUR,Front National,list
party_affiliations,TNP-00663,الطيب السحباني,ar,السحباني,protectorate_transition,Front National,PTY-NEODESTOUR,Front National,list
party_affiliations,TNP-00664,محمد لصفر جراد,ar,جراد,protectorate_transition,Front National,PTY-NEODESTOUR,Front National,list
party_affiliations,TNP-00665,عزوز الرباعي,ar,الرباعي,protectorate_transition,Front National,PTY-NEODESTOUR,Front National,list
party_affiliations,TNP-00666,محمود زرزاري,ar,زرزاري,protectorate_transition,Front National,PTY-NEODESTOUR,Front National,list
party_affiliations,TNP-00667,الطيب الميلادي,ar,الميلادي,protectorate_transition,Front National,PTY-NEODESTOUR,Front National,list
party_affiliations,TNP-00668,توفيق بن براهيم,ar,بن براهيم|براهيم,protectorate_transition,Front National,PTY-NEODESTOUR,Front National,list
party_affiliations,TNP-00669,الرشيد إدريس,ar,إدريس,protectorate_transition,Front National,PTY-NEODESTOUR,Front National,list
party_affiliations,TNP-00670,أحمد عمارة,ar,عمارة,protectorate_transition,Front National,PTY-NEODESTOUR,Front National,list
party_affiliations,TNP-00671,محمد النفطي,ar,النفطي,protectorate_transition,Front National,PTY-NEODESTOUR,Front National,list
party_affiliations,TNP-00672,البحري بربوش,ar,بربوش,protectorate_transition,Front National,PTY-NEODESTOUR,Front National,list
party_affiliations,TNP-00673,صادق غرمازي,ar,غرمازي,protectorate_transition,Front National,PTY-NEODESTOUR,Front National,list
party_affiliations,TNP-00674,صادق خلف الله,ar,خلف الله,protectorate_transition,Front National,PTY-NEODESTOUR,Front National,list
party_affiliations,TNP-00675,أحمد السنوسي,ar,السنوسي,protectorate_transition,Front National,PTY-NEODESTOUR,Front National,list
party_affiliations,TNP-00676,محمد عجيلي,ar,عجيلي,protectorate_transition,Front National,PTY-NEODESTOUR,Front National,list
party_affiliations,TNP-00790,عبادة الكافي,ar,الكافي,second_republic,Bloc Al Horra,PTY-cc0dd367425f,Bloc Al Horra,bloc
party_affiliations,TNP-00790,عبادة الكافي,ar,الكافي,second_republic,Bloc Al Horra du Mouvement Machrouu Tounes,PTY-30d752133dab,Bloc Al Horra du Mouvement Machrouu Tounes,bloc
party_affiliations,TNP-00790,عبادة الكافي,ar,الكافي,second_republic,Mouvement Nidaa Tounes,PTY-12c364be2b2b,Mouvement Nidaa Tounes,bloc
party_affiliations,TNP-00790,عبادة الكافي,ar,الكافي,second_republic,حركة نداء تونس,,حركة نداء تونس,list
party_affiliations,TNP-00791,عبد الفتاح مورو,ar,مورو,second_republic,Mouvement Ennahdha,PTY-ENNAHDHA,Mouvement Ennahdha,bloc
party_affiliations,TNP-00791,عبد الفتاح مورو,ar,مورو,second_republic,حركة النهضة,,حركة النهضة,list
party_affiliations,TNP-00792,عبد القادر بنضيف الله,ar,بنضيف الله,second_republic,Alliance nationale,PTY-7233741e1ec0,Alliance nationale,bloc
party_affiliations,TNP-00792,عبد القادر بنضيف الله,ar,بنضيف الله,second_republic,Aucun bloc,PTY-820f1119d5ed,Aucun bloc,bloc
party_affiliations,TNP-00792,عبد القادر بنضيف الله,ar,بنضيف الله,second_republic,Union Patriotique Libre,PTY-9b0efa626777,Union Patriotique Libre,bloc
party_affiliations,TNP-00792,عبد القادر بنضيف الله,ar,بنضيف الله,second_republic,الإتحاد الوطني الحر,,الإتحاد الوطني الحر,list
party_affiliations,TNP-00793,عبد اللطيف المكّي,ar,المكي,second_republic,Mouvement Ennahdha,PTY-ENNAHDHA,Mouvement Ennahdha,bloc
party_affiliations,TNP-00793,عبد اللطيف المكّي,ar,المكي,second_republic,حركة النهضة,,حركة النهضة,list
party_affiliations,TNP-00794,عبد المؤمن بلعانس,ar,بلعانس,second_republic,Front Populaire,PTY-df2e2fbfa81f,Front Populaire,bloc
party_affiliations,TNP-00794,عبد المؤمن بلعانس,ar,بلعانس,second_republic,الجبهة الشعبية,,الجبهة الشعبية,list
party_affiliations,TNP-00795,عبد الوهاب الورفلي,ar,الورفلي,second_republic,Allégeance à la Patrie,PTY-7e358197af47,Allégeance à la Patrie,bloc
party_affiliations,TNP-00795,عبد الوهاب الورفلي,ar,الورفلي,second_republic,Aucun bloc,PTY-820f1119d5ed,Aucun bloc,bloc
party_affiliations,TNP-00795,عبد الوهاب الورفلي,ar,الورفلي,second_republic,الحزب الجمهوري,,الحزب الجمهوري,list
party_affiliations,TNP-00796,عبد الناصر شويخ,ar,شويخ,second_republic,Allégeance à la Patrie,PTY-7e358197af47,Allégeance à la Patrie,bloc
party_affiliations,TNP-00796,عبد الناصر شويخ,ar,شويخ,second_republic,Aucun bloc,PTY-820f1119d5ed,Aucun bloc,bloc
party_affiliations,TNP-00796,عبد الناصر شويخ,ar,شويخ,second_republic,Mouvement Nidaa Tounes,PTY-12c364be2b2b,Mouvement Nidaa Tounes,bloc
party_affiliations,TNP-00796,عبد الناصر شويخ,ar,شويخ,second_republic,حركة نداء تونس,,حركة نداء تونس,list
party_affiliations,TNP-00797,عبد الرؤوف الشابي,ar,الشابي,second_republic,Alliance nationale,PTY-7233741e1ec0,Alliance nationale,bloc
party_affiliations,TNP-00797,عبد الرؤوف الشابي,ar,الشابي,second_republic,Mouvement Nidaa Tounes,PTY-12c364be2b2b,Mouvement Nidaa Tounes,bloc
party_affiliations,TNP-00797,عبد الرؤوف الشابي,ar,الشابي,second_republic,Union Patriotique Libre,PTY-9b0efa626777,Union Patriotique Libre,bloc
party_affiliations,TNP-00797,عبد الرؤوف الشابي,ar,الشابي,second_republic,الإتحاد الوطني الحر,,الإتحاد الوطني الحر,list
party_affiliations,TNP-00798,عبد الرؤوف الشريف,ar,الشريف,second_republic,Bloc Al Horra,PTY-cc0dd367425f,Bloc Al Horra,bloc
party_affiliations,TNP-00798,عبد الرؤوف الشريف,ar,الشريف,second_republic,Bloc Al Horra du Mouvement Machrouu Tounes,PTY-30d752133dab,Bloc Al Horra du Mouvement Machrouu Tounes,bloc
party_affiliations,TNP-00798,عبد الرؤوف الشريف,ar,الشريف,second_republic,Mouvement Nidaa Tounes,PTY-12c364be2b2b,Mouvement Nidaa Tounes,bloc
party_affiliations,TNP-00798,عبد الرؤوف الشريف,ar,الشريف,second_republic,حركة نداء تونس,,حركة نداء تونس,list
party_affiliations,TNP-00799,عبد الرؤوف الماي,ar,الماي,second_republic,Alliance nationale,PTY-7233741e1ec0,Alliance nationale,bloc
party_affiliations,TNP-00799,عبد الرؤوف الماي,ar,الماي,second_republic,Aucun bloc,PTY-820f1119d5ed,Aucun bloc,bloc
party_affiliations,TNP-00799,عبد الرؤوف الماي,ar,الماي,second_republic,Bloc Al Horra,PTY-cc0dd367425f,Bloc Al Horra,bloc
party_affiliations,TNP-00799,عبد الرؤوف الماي,ar,الماي,second_republic,Bloc Al Horra du Mouvement Machrouu Tounes,PTY-30d752133dab,Bloc Al Horra du Mouvement Machrouu Tounes,bloc
party_affiliations,TNP-00799,عبد الرؤوف الماي,ar,الماي,second_republic,Mouvement Nidaa Tounes,PTY-12c364be2b2b,Mouvement Nidaa Tounes,bloc
party_affiliations,TNP-00799,عبد الرؤوف الماي,ar,الماي,second_republic,حركة نداء تونس,,حركة نداء تونس,list
party_affiliations,TNP-00800,عبد الرزاق شريط,ar,شريط,second_republic,Aucun bloc,PTY-820f1119d5ed,Aucun bloc,bloc
party_affiliations,TNP-00800,عبد الرزاق شريط,ar,شريط,second_republic,القائمة المستقلة لمجد الجريد,,القائمة المستقلة لمجد الجريد,list
party_affiliations,TNP-00801,عبير عبدلي,ar,عبدلي,second_republic,Alliance nationale,PTY-7233741e1ec0,Alliance nationale,bloc
party_affiliations,TNP-00801,عبير عبدلي,ar,عبدلي,second_republic,Mouvement Nidaa Tounes,PTY-12c364be2b2b,Mouvement Nidaa Tounes,bloc
party_affiliations,TNP-00801,عبير عبدلي,ar,عبدلي,second_republic,حركة نداء تونس,,حركة نداء تونس,list
party_affiliations,TNP-00802,أحمد عماري,ar,عماري,second_republic,Mouvement Ennahdha,PTY-ENNAHDHA,Mouvement Ennahdha,bloc
party_affiliations,TNP-00802,أحمد عماري,ar,عماري,second_republic,حركة النهضة,,حركة النهضة,list
party_affiliations,TNP-00803,أحمد السعيدي,ar,السعيدي,second_republic,Alliance nationale,PTY-7233741e1ec0,Alliance nationale,bloc
party_affiliations,TNP-00803,أحمد السعيدي,ar,السعيدي,second_republic,Aucun bloc,PTY-820f1119d5ed,Aucun bloc,bloc
party_affiliations,TNP-00803,أحمد السعيدي,ar,السعيدي,second_republic,Bloc Social-Démocrate,PTY-dc4ed2228330,Bloc Social-Démocrate,bloc
party_affiliations,TNP-00803,أحمد السعيدي,ar,السعيدي,second_republic,Mouvement Nidaa Tounes,PTY-12c364be2b2b,Mouvement Nidaa Tounes,bloc
party_affiliations,TNP-00803,أحمد السعيدي,ar,السعيدي,second_republic,حزب المبادرة,,حزب المبادرة,list
party_affiliations,TNP-00804,أحمد الصديق,ar,الصديق,second_republic,Front Populaire,PTY-df2e2fbfa81f,Front Populaire,bloc
party_affiliations,TNP-00804,أحمد الصديق,ar,الصديق,second_republic,الجبهة الشعبية,,الجبهة الشعبية,list
party_affiliations,TNP-00805,علي بالاخوة,ar,بالاخوة,second_republic,Alliance nationale,PTY-7233741e1ec0,Alliance nationale,bloc
party_affiliations,TNP-00805,علي بالاخوة,ar,بالاخوة,second_republic,Aucun bloc,PTY-820f1119d5ed,Aucun bloc,bloc
party_affiliations,TNP-00805,علي بالاخوة,ar,بالاخوة,second_republic,Mouvement Nidaa Tounes,PTY-12c364be2b2b,Mouvement Nidaa Tounes,bloc
party_affiliations,TNP-00805,علي بالاخوة,ar,بالاخوة,second_republic,Union Patriotique Libre,PTY-9b0efa626777,Union Patriotique Libre,bloc
party_affiliations,TNP-00805,علي بالاخوة,ar,بالاخوة,second_republic,الإتحاد الوطني الحر,,الإتحاد الوطني الحر,list
party_affiliations,TNP-00806,علي بن سالم,ar,بن سالم|سالم,second_republic,Mouvement Nidaa Tounes,PTY-12c364be2b2b,Mouvement Nidaa Tounes,bloc
party_affiliations,TNP-00806,علي بن سالم,ar,بن سالم|سالم,second_republic,حركة نداء تونس,,حركة نداء تونس,list
party_affiliations,TNP-00807,علي بنور,ar,بنور,second_republic,Afek Tounes,PTY-b0109a4f5966,Afek Tounes,bloc
party_affiliations,TNP-00807,علي بنور,ar,بنور,second_republic,Afek Tounes et lappel des tunisiens à létranger,PTY-899a51f36f9d,Afek Tounes et lappel des tunisiens à létranger,bloc
party_affiliations,TNP-00807,علي بنور,ar,بنور,second_republic,Afek Tounes le mouvement national et lappel des tunisiens à létranger,PTY-7c008889761b,Afek Tounes le mouvement national et lappel des tunisiens à létranger,bloc
party_affiliations,TNP-00807,علي بنور,ar,بنور,second_republic,Alliance nationale,PTY-7233741e1ec0,Alliance nationale,bloc
party_affiliations,TNP-00807,علي بنور,ar,بنور,second_republic,آفاق تونس,,آفاق تونس,list
party_affiliations,TNP-00808,علي العريض,ar,العريض,second_republic,Mouvement Ennahdha,PTY-ENNAHDHA,Mouvement Ennahdha,bloc
party_affiliations,TNP-00808,علي العريض,ar,العريض,second_republic,حركة النهضة,,حركة النهضة,list
party_affiliations,TNP-00809,أمل سويد,ar,سويد,second_republic,Mouvement Ennahdha,PTY-ENNAHDHA,Mouvement Ennahdha,bloc
party_affiliations,TNP-00809,أمل سويد,ar,سويد,second_republic,حركة النهضة,,حركة النهضة,list
party_affiliations,TNP-00810,أميرة زوكاري,ar,زوكاري,second_republic,Mouvement Nidaa Tounes,PTY-12c364be2b2b,Mouvement Nidaa Tounes,bloc
party_affiliations,TNP-00810,أميرة زوكاري,ar,زوكاري,second_republic,حركة نداء تونس,,حركة نداء تونس,list
party_affiliations,TNP-00811,عمار عمروسيه,ar,عمروسيه,second_republic,Front Populaire,PTY-df2e2fbfa81f,Front Populaire,bloc
party_affiliations,TNP-00811,عمار عمروسيه,ar,عمروسيه,second_republic,الجبهة الشعبية,,الجبهة الشعبية,list
party_affiliations,TNP-00812,اسماء بو الهناء,ar,بو الهناء|الهناء,second_republic,Mouvement Nidaa Tounes,PTY-12c364be2b2b,Mouvement Nidaa Tounes,bloc
party_affiliations,TNP-00812,اسماء بو الهناء,ar,بو الهناء|الهناء,second_republic,حركة نداء تونس,,حركة نداء تونس,list
party_affiliations,TNP-00813,أيمن علوي,ar,علوي,second_republic,Front Populaire,PTY-df2e2fbfa81f,Front Populaire,bloc
party_affiliations,TNP-00813,أيمن علوي,ar,علوي,second_republic,الجبهة الشعبية,,الجبهة الشعبية,list
party_affiliations,TNP-00814,بدر الدين عبدالكافي,ar,عبدالكافي,second_republic,Mouvement Ennahdha,PTY-ENNAHDHA,Mouvement Ennahdha,bloc
party_affiliations,TNP-00814,بدر الدين عبدالكافي,ar,عبدالكافي,second_republic,حركة النهضة,,حركة النهضة,list
party_affiliations,TNP-00815,البشير بن عمر,ar,بن عمر|عمر,second_republic,Alliance nationale,PTY-7233741e1ec0,Alliance nationale,bloc
party_affiliations,TNP-00815,البشير بن عمر,ar,بن عمر|عمر,second_republic,Mouvement Nidaa Tounes,PTY-12c364be2b2b,Mouvement Nidaa Tounes,bloc
party_affiliations,TNP-00815,البشير بن عمر,ar,بن عمر|عمر,second_republic,حركة نداء تونس,,حركة نداء تونس,list
party_affiliations,TNP-00816,البشير اللزام,ar,اللزام,second_republic,Mouvement Ennahdha,PTY-ENNAHDHA,Mouvement Ennahdha,bloc
party_affiliations,TNP-00816,البشير اللزام,ar,اللزام,second_republic,حركة النهضة,,حركة النهضة,list
party_affiliations,TNP-00817,بلقاسم دخيلي,ar,دخيلي,second_republic,Bloc Al Horra du Mouvement Machrouu Tounes,PTY-30d752133dab,Bloc Al Horra du Mouvement Machrouu Tounes,bloc
party_affiliations,TNP-00817,بلقاسم دخيلي,ar,دخيلي,second_republic,Mouvement Nidaa Tounes,PTY-12c364be2b2b,Mouvement Nidaa Tounes,bloc
party_affiliations,TNP-00817,بلقاسم دخيلي,ar,دخيلي,second_republic,حركة نداء تونس,,حركة نداء تونس,list
party_affiliations,TNP-00818,بشرى بلحاج حميدة,ar,بلحاج حميدة|حميدة,second_republic,Alliance nationale,PTY-7233741e1ec0,Alliance nationale,bloc
party_affiliations,TNP-00818,بشرى بلحاج حميدة,ar,بلحاج حميدة|حميدة,second_republic,Aucun bloc,PTY-820f1119d5ed,Aucun bloc,bloc
party_affiliations,TNP-00818,بشرى بلحاج حميدة,ar,بلحاج حميدة|حميدة,second_republic,Bloc Al Horra,PTY-cc0dd367425f,Bloc Al Horra,bloc
party_affiliations,TNP-00818,بشرى بلحاج حميدة,ar,بلحاج حميدة|حميدة,second_republic,Bloc Al Horra du Mouvement Machrouu Tounes,PTY-30d752133dab,Bloc Al Horra du Mouvement Machrouu Tounes,bloc
party_affiliations,TNP-00818,بشرى بلحاج حميدة,ar,بلحاج حميدة|حميدة,second_republic,Mouvement Nidaa Tounes,PTY-12c364be2b2b,Mouvement Nidaa Tounes,bloc
party_affiliations,TNP-00818,بشرى بلحاج حميدة,ar,بلحاج حميدة|حميدة,second_republic,الكتلة الوطنية (2020),PTY-4c282d241960,الكتلة الوطنية (2020),bloc
party_affiliations,TNP-00818,بشرى بلحاج حميدة,ar,بلحاج حميدة|حميدة,second_republic,حركة نداء تونس,,حركة نداء تونس,list
party_affiliations,TNP-00819,بثينة بن يغلان,ar,بن يغلان|يغلان,second_republic,حركة النهضة,,حركة النهضة,list
party_affiliations,TNP-00820,ابراهيم ناصف,ar,ناصف,second_republic,Bloc Al Horra,PTY-cc0dd367425f,Bloc Al Horra,bloc
party_affiliations,TNP-00820,ابراهيم ناصف,ar,ناصف,second_republic,Bloc Al Horra du Mouvement Machrouu Tounes,PTY-30d752133dab,Bloc Al Horra du Mouvement Machrouu Tounes,bloc
party_affiliations,TNP-00820,ابراهيم ناصف,ar,ناصف,second_republic,Mouvement Nidaa Tounes,PTY-12c364be2b2b,Mouvement Nidaa Tounes,bloc
party_affiliations,TNP-00820,ابراهيم ناصف,ar,ناصف,second_republic,حركة نداء تونس,,حركة نداء تونس,list
party_affiliations,TNP-00821,شفيق العيادي,ar,العيادي,second_republic,Front Populaire,PTY-df2e2fbfa81f,Front Populaire,bloc
party_affiliations,TNP-00821,شفيق العيادي,ar,العيادي,second_republic,الجبهة الشعبية,,الجبهة الشعبية,list
party_affiliations,TNP-00822,شهيدة فرج,ar,فرج,second_republic,Mouvement Ennahdha,PTY-ENNAHDHA,Mouvement Ennahdha,bloc
party_affiliations,TNP-00822,شهيدة فرج,ar,فرج,second_republic,حركة النهضة,,حركة النهضة,list
party_affiliations,TNP-00823,شاكر عيادي,ar,عيادي,second_republic,Mouvement Nidaa Tounes,PTY-12c364be2b2b,Mouvement Nidaa Tounes,bloc
party_affiliations,TNP-00823,شاكر عيادي,ar,عيادي,second_republic,حركة نداء تونس,,حركة نداء تونس,list
party_affiliations,TNP-00824,شكيب باني,ar,باني,second_republic,Mouvement Nidaa Tounes,PTY-12c364be2b2b,Mouvement Nidaa Tounes,bloc
party_affiliations,TNP-00824,شكيب باني,ar,باني,second_republic,حركة نداء تونس,,حركة نداء تونس,list
party_affiliations,TNP-00825,درة يعقوبي,ar,يعقوبي,second_republic,Alliance nationale,PTY-7233741e1ec0,Alliance nationale,bloc
party_affiliations,TNP-00825,درة يعقوبي,ar,يعقوبي,second_republic,Aucun bloc,PTY-820f1119d5ed,Aucun bloc,bloc
party_affiliations,TNP-00825,درة يعقوبي,ar,يعقوبي,second_republic,Union Patriotique Libre,PTY-9b0efa626777,Union Patriotique Libre,bloc
party_affiliations,TNP-00825,درة يعقوبي,ar,يعقوبي,second_republic,الإتحاد الوطني الحر,,الإتحاد الوطني الحر,list
party_affiliations,TNP-00826,الخنساء بن حراث,ar,بن حراث|حراث,second_republic,Mouvement Nidaa Tounes,PTY-12c364be2b2b,Mouvement Nidaa Tounes,bloc
party_affiliations,TNP-00826,الخنساء بن حراث,ar,بن حراث|حراث,second_republic,حركة نداء تونس,,حركة نداء تونس,list
party_affiliations,TNP-00827,فوزية بن فضة,ar,بن فضة|فضة,second_republic,Alliance nationale,PTY-7233741e1ec0,Alliance nationale,bloc
party_affiliations,TNP-00827,فوزية بن فضة,ar,بن فضة|فضة,second_republic,Aucun bloc,PTY-820f1119d5ed,Aucun bloc,bloc
party_affiliations,TNP-00827,فوزية بن فضة,ar,بن فضة|فضة,second_republic,Union Patriotique Libre,PTY-9b0efa626777,Union Patriotique Libre,bloc
party_affiliations,TNP-00827,فوزية بن فضة,ar,بن فضة|فضة,second_republic,الإتحاد الوطني الحر,,الإتحاد الوطني الحر,list
party_affiliations,TNP-00828,فاتن  الوسلاتي,ar,الوسلاتي,second_republic,Aucun bloc,PTY-820f1119d5ed,Aucun bloc,bloc
party_affiliations,TNP-00828,فاتن  الوسلاتي,ar,الوسلاتي,second_republic,الحزب الجمهوري,,الحزب الجمهوري,list
party_affiliations,TNP-00829,فتحي شامخي,ar,شامخي,second_republic,Front Populaire,PTY-df2e2fbfa81f,Front Populaire,bloc
party_affiliations,TNP-00829,فتحي شامخي,ar,شامخي,second_republic,الجبهة الشعبية,,الجبهة الشعبية,list
party_affiliations,TNP-00830,فيصل خليفة,ar,خليفة,second_republic,Mouvement Nidaa Tounes,PTY-12c364be2b2b,Mouvement Nidaa Tounes,bloc
party_affiliations,TNP-00830,فيصل خليفة,ar,خليفة,second_republic,حركة نداء تونس,,حركة نداء تونس,list
party_affiliations,TNP-00831,غازي الشواشي,ar,الشواشي,second_republic,Aucun bloc,PTY-820f1119d5ed,Aucun bloc,bloc
party_affiliations,TNP-00831,غازي الشواشي,ar,الشواشي,second_republic,التيار الديمقراطي,,التيار الديمقراطي,list
party_affiliations,TNP-00831,غازي الشواشي,ar,الشواشي,second_republic,الكتلة الديمقراطية (2019),PTY-079b16e9b74d,الكتلة الديمقراطية (2019),bloc
party_affiliations,TNP-00832,هاجر تريكي,ar,تريكي,second_republic,Mouvement Ennahdha,PTY-ENNAHDHA,Mouvement Ennahdha,bloc
party_affiliations,TNP-00832,هاجر تريكي,ar,تريكي,second_republic,حركة النهضة,,حركة النهضة,list
party_affiliations,TNP-00833,حمدي قزقز,ar,قزقز,second_republic,Mouvement Nidaa Tounes,PTY-12c364be2b2b,Mouvement Nidaa Tounes,bloc
party_affiliations,TNP-00833,حمدي قزقز,ar,قزقز,second_republic,حركة نداء تونس,,حركة نداء تونس,list
party_affiliations,TNP-00834,حاتم الفرجاني,ar,الفرجاني,second_republic,Mouvement Nidaa Tounes,PTY-12c364be2b2b,Mouvement Nidaa Tounes,bloc
party_affiliations,TNP-00834,حاتم الفرجاني,ar,الفرجاني,second_republic,حركة نداء تونس,,حركة نداء تونس,list
party_affiliations,TNP-00835,حياة كبير,ar,كبير,second_republic,Aucun bloc,PTY-820f1119d5ed,Aucun bloc,bloc
party_affiliations,TNP-00835,حياة كبير,ar,كبير,second_republic,Mouvement Nidaa Tounes,PTY-12c364be2b2b,Mouvement Nidaa Tounes,bloc
party_affiliations,TNP-00835,حياة كبير,ar,كبير,second_republic,حركة نداء تونس,,حركة نداء تونس,list
party_affiliations,TNP-00836,هيكل بلقاسم,ar,بلقاسم,second_republic,Front Populaire,PTY-df2e2fbfa81f,Front Populaire,bloc
party_affiliations,TNP-00836,هيكل بلقاسم,ar,بلقاسم,second_republic,الجبهة الشعبية,,الجبهة الشعبية,list
party_affiliations,TNP-00837,الهادي صولة,ar,صولة,second_republic,Mouvement Ennahdha,PTY-ENNAHDHA,Mouvement Ennahdha,bloc
party_affiliations,TNP-00837,الهادي صولة,ar,صولة,second_republic,حركة النهضة,,حركة النهضة,list
party_affiliations,TNP-00838,هاجر بالشيخ أحمد,ar,أحمد,second_republic,Afek Tounes et lappel des tunisiens à létranger,PTY-899a51f36f9d,Afek Tounes et lappel des tunisiens à létranger,bloc
party_affiliations,TNP-00838,هاجر بالشيخ أحمد,ar,أحمد,second_republic,Afek Tounes le mouvement national et lappel des tunisiens à létranger,PTY-7c008889761b,Afek Tounes le mouvement national et lappel des tunisiens à létranger,bloc
party_affiliations,TNP-00838,هاجر بالشيخ أحمد,ar,أحمد,second_republic,Alliance nationale,PTY-7233741e1ec0,Alliance nationale,bloc
party_affiliations,TNP-00838,هاجر بالشيخ أحمد,ar,أحمد,second_republic,آفاق تونس,,آفاق تونس,list
party_affiliations,TNP-00839,هاجر العروسي,ar,العروسي,second_republic,Bloc Al Horra,PTY-cc0dd367425f,Bloc Al Horra,bloc
party_affiliations,TNP-00839,هاجر العروسي,ar,العروسي,second_republic,Bloc Al Horra du Mouvement Machrouu Tounes,PTY-30d752133dab,Bloc Al Horra du Mouvement Machrouu Tounes,bloc
party_affiliations,TNP-00839,هاجر العروسي,ar,العروسي,second_republic,Mouvement Nidaa Tounes,PTY-12c364be2b2b,Mouvement Nidaa Tounes,bloc
party_affiliations,TNP-00839,هاجر العروسي,ar,العروسي,second_republic,حركة نداء تونس,,حركة نداء تونس,list
party_affiliations,TNP-00840,هالة عمران,ar,عمران,second_republic,Alliance nationale,PTY-7233741e1ec0,Alliance nationale,bloc
party_affiliations,TNP-00840,هالة عمران,ar,عمران,second_republic,Mouvement Nidaa Tounes,PTY-12c364be2b2b,Mouvement Nidaa Tounes,bloc
party_affiliations,TNP-00840,هالة عمران,ar,عمران,second_republic,حركة نداء تونس,,حركة نداء تونس,list
party_affiliations,TNP-00841,حمد الخصخوصي,ar,الخصخوصي,second_republic,Allégeance à la Patrie,PTY-7e358197af47,Allégeance à la Patrie,bloc
party_affiliations,TNP-00841,حمد الخصخوصي,ar,الخصخوصي,second_republic,Aucun bloc,PTY-820f1119d5ed,Aucun bloc,bloc
party_affiliations,TNP-00841,حمد الخصخوصي,ar,الخصخوصي,second_republic,Bloc Social-Démocrate,PTY-dc4ed2228330,Bloc Social-Démocrate,bloc
party_affiliations,TNP-00841,حمد الخصخوصي,ar,الخصخوصي,second_republic,الكتلة الديمقراطية (2019),PTY-079b16e9b74d,الكتلة الديمقراطية (2019),bloc
party_affiliations,TNP-00841,حمد الخصخوصي,ar,الخصخوصي,second_republic,حركة الديمقراطيين الإجتماعيين,,حركة الديمقراطيين الإجتماعيين,list
party_affiliations,TNP-00842,الحسين جزيري,ar,جزيري,second_republic,Mouvement Ennahdha,PTY-ENNAHDHA,Mouvement Ennahdha,bloc
party_affiliations,TNP-00842,الحسين جزيري,ar,جزيري,second_republic,حركة النهضة,,حركة النهضة,list
party_affiliations,TNP-00843,هدى سليم,ar,سليم,second_republic,Alliance nationale,PTY-7233741e1ec0,Alliance nationale,bloc
party_affiliations,TNP-00843,هدى سليم,ar,سليم,second_republic,Bloc Al Horra,PTY-cc0dd367425f,Bloc Al Horra,bloc
party_affiliations,TNP-00843,هدى سليم,ar,سليم,second_republic,Bloc Al Horra du Mouvement Machrouu Tounes,PTY-30d752133dab,Bloc Al Horra du Mouvement Machrouu Tounes,bloc
party_affiliations,TNP-00843,هدى سليم,ar,سليم,second_republic,Mouvement Nidaa Tounes,PTY-12c364be2b2b,Mouvement Nidaa Tounes,bloc
party_affiliations,TNP-00843,هدى سليم,ar,سليم,second_republic,حركة نداء تونس,,حركة نداء تونس,list
party_affiliations,TNP-00844,هدى تقية,ar,تقية,second_republic,Mouvement Nidaa Tounes,PTY-12c364be2b2b,Mouvement Nidaa Tounes,bloc
party_affiliations,TNP-00844,هدى تقية,ar,تقية,second_republic,حركة نداء تونس,,حركة نداء تونس,list
party_affiliations,TNP-00845,حسام بونني,ar,بونني,second_republic,Mouvement Nidaa Tounes,PTY-12c364be2b2b,Mouvement Nidaa Tounes,bloc
party_affiliations,TNP-00845,حسام بونني,ar,بونني,second_republic,حركة نداء تونس,,حركة نداء تونس,list
party_affiliations,TNP-00846,حسن العماري,ar,العماري,second_republic,Mouvement Nidaa Tounes,PTY-12c364be2b2b,Mouvement Nidaa Tounes,bloc
party_affiliations,TNP-00846,حسن العماري,ar,العماري,second_republic,حركة نداء تونس,,حركة نداء تونس,list
party_affiliations,TNP-00847,الحسين اليحياوي,ar,اليحياوي,second_republic,Mouvement Ennahdha,PTY-ENNAHDHA,Mouvement Ennahdha,bloc
party_affiliations,TNP-00847,الحسين اليحياوي,ar,اليحياوي,second_republic,حركة النهضة,,حركة النهضة,list
party_affiliations,TNP-00848,ابراهيم بن سعيد,ar,بن سعيد|سعيد,second_republic,Aucun bloc,PTY-820f1119d5ed,Aucun bloc,bloc
party_affiliations,TNP-00848,ابراهيم بن سعيد,ar,بن سعيد|سعيد,second_republic,الكتلة الديمقراطية (2019),PTY-079b16e9b74d,الكتلة الديمقراطية (2019),bloc
party_affiliations,TNP-00848,ابراهيم بن سعيد,ar,بن سعيد|سعيد,second_republic,المؤتمر من أجل الجمهورية,,المؤتمر من أجل الجمهورية,list
party_affiliations,TNP-00849,ابتسام جبابلي,ar,جبابلي,second_republic,Alliance nationale,PTY-7233741e1ec0,Alliance nationale,bloc
party_affiliations,TNP-00849,ابتسام جبابلي,ar,جبابلي,second_republic,Mouvement Nidaa Tounes,PTY-12c364be2b2b,Mouvement Nidaa Tounes,bloc
party_affiliations,TNP-00849,ابتسام جبابلي,ar,جبابلي,second_republic,حركة نداء تونس,,حركة نداء تونس,list
party_affiliations,TNP-00850,إكرام مولاهي,ar,مولاهي,second_republic,Alliance nationale,PTY-7233741e1ec0,Alliance nationale,bloc
party_affiliations,TNP-00850,إكرام مولاهي,ar,مولاهي,second_republic,Mouvement Nidaa Tounes,PTY-12c364be2b2b,Mouvement Nidaa Tounes,bloc
party_affiliations,TNP-00850,إكرام مولاهي,ar,مولاهي,second_republic,حركة نداء تونس,,حركة نداء تونس,list
party_affiliations,TNP-00851,عماد الدائمي,ar,الدائمي,second_republic,Aucun bloc,PTY-820f1119d5ed,Aucun bloc,bloc
party_affiliations,TNP-00851,عماد الدائمي,ar,الدائمي,second_republic,الكتلة الديمقراطية (2019),PTY-079b16e9b74d,الكتلة الديمقراطية (2019),bloc
party_affiliations,TNP-00851,عماد الدائمي,ar,الدائمي,second_republic,المؤتمر من أجل الجمهورية,,المؤتمر من أجل الجمهورية,list
party_affiliations,TNP-00852,اسماعيل بن محمود,ar,بن محمود|محمود,second_republic,Alliance nationale,PTY-7233741e1ec0,Alliance nationale,bloc
party_affiliations,TNP-00852,اسماعيل بن محمود,ar,بن محمود|محمود,second_republic,Mouvement Nidaa Tounes,PTY-12c364be2b2b,Mouvement Nidaa Tounes,bloc
party_affiliations,TNP-00852,اسماعيل بن محمود,ar,بن محمود|محمود,second_republic,حركة نداء تونس,,حركة نداء تونس,list
party_affiliations,TNP-00853,عصام الماطوسي,ar,الماطوسي,second_republic,Alliance nationale,PTY-7233741e1ec0,Alliance nationale,bloc
party_affiliations,TNP-00853,عصام الماطوسي,ar,الماطوسي,second_republic,Aucun bloc,PTY-820f1119d5ed,Aucun bloc,bloc
party_affiliations,TNP-00853,عصام الماطوسي,ar,الماطوسي,second_republic,Mouvement Nidaa Tounes,PTY-12c364be2b2b,Mouvement Nidaa Tounes,bloc
party_affiliations,TNP-00853,عصام الماطوسي,ar,الماطوسي,second_republic,حركة نداء تونس,,حركة نداء تونس,list
party_affiliations,TNP-00854,إياد الدهماني,ar,الدهماني,second_republic,Aucun bloc,PTY-820f1119d5ed,Aucun bloc,bloc
party_affiliations,TNP-00854,إياد الدهماني,ar,الدهماني,second_republic,Bloc Social-Démocrate,PTY-dc4ed2228330,Bloc Social-Démocrate,bloc
party_affiliations,TNP-00854,إياد الدهماني,ar,الدهماني,second_republic,الحزب الجمهوري,,الحزب الجمهوري,list
party_affiliations,TNP-00855,جيهان عويشي,ar,عويشي,second_republic,Alliance nationale,PTY-7233741e1ec0,Alliance nationale,bloc
party_affiliations,TNP-00855,جيهان عويشي,ar,عويشي,second_republic,Mouvement Nidaa Tounes,PTY-12c364be2b2b,Mouvement Nidaa Tounes,bloc
party_affiliations,TNP-00855,جيهان عويشي,ar,عويشي,second_republic,حركة نداء تونس,,حركة نداء تونس,list
party_affiliations,TNP-00856,جيهان عبادي,ar,عبادي,second_republic,Bloc Al Horra du Mouvement Machrouu Tounes,PTY-30d752133dab,Bloc Al Horra du Mouvement Machrouu Tounes,bloc
party_affiliations,TNP-00856,جيهان عبادي,ar,عبادي,second_republic,حركة نداء تونس,,حركة نداء تونس,list
party_affiliations,TNP-00857,الجيلاني الهمامي,ar,الهمامي,second_republic,Front Populaire,PTY-df2e2fbfa81f,Front Populaire,bloc
party_affiliations,TNP-00857,الجيلاني الهمامي,ar,الهمامي,second_republic,الجبهة الشعبية,,الجبهة الشعبية,list
party_affiliations,TNP-00858,كمال ذوادي,ar,ذوادي,second_republic,Mouvement Nidaa Tounes,PTY-12c364be2b2b,Mouvement Nidaa Tounes,bloc
party_affiliations,TNP-00858,كمال ذوادي,ar,ذوادي,second_republic,حركة نداء تونس,,حركة نداء تونس,list
party_affiliations,TNP-00859,كمال هراغي,ar,هراغي,second_republic,Alliance nationale,PTY-7233741e1ec0,Alliance nationale,bloc
party_affiliations,TNP-00859,كمال هراغي,ar,هراغي,second_republic,Aucun bloc,PTY-820f1119d5ed,Aucun bloc,bloc
party_affiliations,TNP-00859,كمال هراغي,ar,هراغي,second_republic,Union Patriotique Libre,PTY-9b0efa626777,Union Patriotique Libre,bloc
party_affiliations,TNP-00859,كمال هراغي,ar,هراغي,second_republic,الإتحاد الوطني الحر,,الإتحاد الوطني الحر,list
party_affiliations,TNP-00860,كريم الهلالي,ar,الهلالي,second_republic,Afek Tounes,PTY-b0109a4f5966,Afek Tounes,bloc
party_affiliations,TNP-00860,كريم الهلالي,ar,الهلالي,second_republic,Afek Tounes et lappel des tunisiens à létranger,PTY-899a51f36f9d,Afek Tounes et lappel des tunisiens à létranger,bloc
party_affiliations,TNP-00860,كريم الهلالي,ar,الهلالي,second_republic,Afek Tounes le mouvement national et lappel des tunisiens à létranger,PTY-7c008889761b,Afek Tounes le mouvement national et lappel des tunisiens à létranger,bloc
party_affiliations,TNP-00860,كريم الهلالي,ar,الهلالي,second_republic,Alliance nationale,PTY-7233741e1ec0,Alliance nationale,bloc
party_affiliations,TNP-00860,كريم الهلالي,ar,الهلالي,second_republic,آفاق تونس,,آفاق تونس,list
party_affiliations,TNP-00861,كريمة  التقاز,ar,التقاز,second_republic,Mouvement Ennahdha,PTY-ENNAHDHA,Mouvement Ennahdha,bloc
party_affiliations,TNP-00861,كريمة  التقاز,ar,التقاز,second_republic,حركة النهضة,,حركة النهضة,list
party_affiliations,TNP-00862,خالد شوكات,ar,شوكات,second_republic,Aucun bloc,PTY-820f1119d5ed,Aucun bloc,bloc
party_affiliations,TNP-00862,خالد شوكات,ar,شوكات,second_republic,Mouvement Nidaa Tounes,PTY-12c364be2b2b,Mouvement Nidaa Tounes,bloc
party_affiliations,TNP-00862,خالد شوكات,ar,شوكات,second_republic,حركة نداء تونس,,حركة نداء تونس,list
party_affiliations,TNP-00863,خولة بن عائشة,ar,بن عائشة|عائشة,second_republic,Bloc Al Horra,PTY-cc0dd367425f,Bloc Al Horra,bloc
party_affiliations,TNP-00863,خولة بن عائشة,ar,بن عائشة|عائشة,second_republic,Bloc Al Horra du Mouvement Machrouu Tounes,PTY-30d752133dab,Bloc Al Horra du Mouvement Machrouu Tounes,bloc
party_affiliations,TNP-00863,خولة بن عائشة,ar,بن عائشة|عائشة,second_republic,Mouvement Nidaa Tounes,PTY-12c364be2b2b,Mouvement Nidaa Tounes,bloc
party_affiliations,TNP-00863,خولة بن عائشة,ar,بن عائشة|عائشة,second_republic,حركة نداء تونس,,حركة نداء تونس,list
party_affiliations,TNP-00864,خميس قسيلة,ar,قسيلة,second_republic,Allégeance à la Patrie,PTY-7e358197af47,Allégeance à la Patrie,bloc
party_affiliations,TNP-00864,خميس قسيلة,ar,قسيلة,second_republic,Aucun bloc,PTY-820f1119d5ed,Aucun bloc,bloc
party_affiliations,TNP-00864,خميس قسيلة,ar,قسيلة,second_republic,Mouvement Nidaa Tounes,PTY-12c364be2b2b,Mouvement Nidaa Tounes,bloc
party_affiliations,TNP-00864,خميس قسيلة,ar,قسيلة,second_republic,حركة نداء تونس,,حركة نداء تونس,list
party_affiliations,TNP-00865,العجمي الوريمي,ar,الوريمي,second_republic,Mouvement Ennahdha,PTY-ENNAHDHA,Mouvement Ennahdha,bloc
party_affiliations,TNP-00865,العجمي الوريمي,ar,الوريمي,second_republic,حركة النهضة,,حركة النهضة,list
party_affiliations,TNP-00866,لخضر بالهوشات,ar,بالهوشات,second_republic,Mouvement Ennahdha,PTY-ENNAHDHA,Mouvement Ennahdha,bloc
party_affiliations,TNP-00866,لخضر بالهوشات,ar,بالهوشات,second_republic,حركة النهضة,,حركة النهضة,list
party_affiliations,TNP-00867,لمياء  الدريدي,ar,الدريدي,second_republic,Alliance nationale,PTY-7233741e1ec0,Alliance nationale,bloc
party_affiliations,TNP-00867,لمياء  الدريدي,ar,الدريدي,second_republic,Aucun bloc,PTY-820f1119d5ed,Aucun bloc,bloc
party_affiliations,TNP-00867,لمياء  الدريدي,ar,الدريدي,second_republic,Mouvement Nidaa Tounes,PTY-12c364be2b2b,Mouvement Nidaa Tounes,bloc
party_affiliations,TNP-00867,لمياء  الدريدي,ar,الدريدي,second_republic,التحالف الديمقراطي,,التحالف الديمقراطي,list
party_affiliations,TNP-00868,لمياء الغربي,ar,الغربي,second_republic,Mouvement Nidaa Tounes,PTY-12c364be2b2b,Mouvement Nidaa Tounes,bloc
party_affiliations,TNP-00868,لمياء الغربي,ar,الغربي,second_republic,حركة نداء تونس,,حركة نداء تونس,list
party_affiliations,TNP-00869,لمياء المليح,ar,المليح,second_republic,Mouvement Nidaa Tounes,PTY-12c364be2b2b,Mouvement Nidaa Tounes,bloc
party_affiliations,TNP-00869,لمياء المليح,ar,المليح,second_republic,حركة نداء تونس,,حركة نداء تونس,list
party_affiliations,TNP-00870,ليلى الشتاوي بوقطف,ar,بوقطف,second_republic,Alliance nationale,PTY-7233741e1ec0,Alliance nationale,bloc
party_affiliations,TNP-00870,ليلى الشتاوي بوقطف,ar,بوقطف,second_republic,Bloc Al Horra du Mouvement Machrouu Tounes,PTY-30d752133dab,Bloc Al Horra du Mouvement Machrouu Tounes,bloc
party_affiliations,TNP-00870,ليلى الشتاوي بوقطف,ar,بوقطف,second_republic,حركة نداء تونس,,حركة نداء تونس,list
party_affiliations,TNP-00871,ليلى بوقطف,ar,بوقطف,second_republic,Aucun bloc,PTY-820f1119d5ed,Aucun bloc,bloc
party_affiliations,TNP-00871,ليلى بوقطف,ar,بوقطف,second_republic,Bloc Al Horra du Mouvement Machrouu Tounes,PTY-30d752133dab,Bloc Al Horra du Mouvement Machrouu Tounes,bloc
party_affiliations,TNP-00871,ليلى بوقطف,ar,بوقطف,second_republic,Mouvement Nidaa Tounes,PTY-12c364be2b2b,Mouvement Nidaa Tounes,bloc
party_affiliations,TNP-00871,ليلى بوقطف,ar,بوقطف,second_republic,حركة نداء تونس,,حركة نداء تونس,list
party_affiliations,TNP-00872,ليلى الحمروني,ar,الحمروني,second_republic,Alliance nationale,PTY-7233741e1ec0,Alliance nationale,bloc
party_affiliations,TNP-00872,ليلى الحمروني,ar,الحمروني,second_republic,Aucun bloc,PTY-820f1119d5ed,Aucun bloc,bloc
party_affiliations,TNP-00872,ليلى الحمروني,ar,الحمروني,second_republic,Bloc Al Horra,PTY-cc0dd367425f,Bloc Al Horra,bloc
party_affiliations,TNP-00872,ليلى الحمروني,ar,الحمروني,second_republic,Bloc Al Horra du Mouvement Machrouu Tounes,PTY-30d752133dab,Bloc Al Horra du Mouvement Machrouu Tounes,bloc
party_affiliations,TNP-00872,ليلى الحمروني,ar,الحمروني,second_republic,Mouvement Nidaa Tounes,PTY-12c364be2b2b,Mouvement Nidaa Tounes,bloc
party_affiliations,TNP-00872,ليلى الحمروني,ar,الحمروني,second_republic,الكتلة الوطنية (2020),PTY-4c282d241960,الكتلة الوطنية (2020),bloc
party_affiliations,TNP-00872,ليلى الحمروني,ar,الحمروني,second_republic,حركة نداء تونس,,حركة نداء تونس,list
party_affiliations,TNP-00873,ليلى الوسلاتي,ar,الوسلاتي,second_republic,Mouvement Ennahdha,PTY-ENNAHDHA,Mouvement Ennahdha,bloc
party_affiliations,TNP-00873,ليلى الوسلاتي,ar,الوسلاتي,second_republic,حركة النهضة,,حركة النهضة,list
party_affiliations,TNP-00874,ليلى أولاد علي,ar,أولاد علي|علي,second_republic,Alliance nationale,PTY-7233741e1ec0,Alliance nationale,bloc
party_affiliations,TNP-00874,ليلى أولاد علي,ar,أولاد علي|علي,second_republic,Aucun bloc,PTY-820f1119d5ed,Aucun bloc,bloc
party_affiliations,TNP-00874,ليلى أولاد علي,ar,أولاد علي|علي,second_republic,Mouvement Nidaa Tounes,PTY-12c364be2b2b,Mouvement Nidaa Tounes,bloc
party_affiliations,TNP-00874,ليلى أولاد علي,ar,أولاد علي|علي,second_republic,الكتلة الوطنية (2020),PTY-4c282d241960,الكتلة الوطنية (2020),bloc
party_affiliations,TNP-00874,ليلى أولاد علي,ar,أولاد علي|علي,second_republic,حركة نداء تونس,,حركة نداء تونس,list
party_affiliations,TNP-00875,ليلى الزحاف,ar,الزحاف,second_republic,Bloc Al Horra,PTY-cc0dd367425f,Bloc Al Horra,bloc
party_affiliations,TNP-00875,ليلى الزحاف,ar,الزحاف,second_republic,Bloc Al Horra du Mouvement Machrouu Tounes,PTY-30d752133dab,Bloc Al Horra du Mouvement Machrouu Tounes,bloc
party_affiliations,TNP-00875,ليلى الزحاف,ar,الزحاف,second_republic,Mouvement Nidaa Tounes,PTY-12c364be2b2b,Mouvement Nidaa Tounes,bloc
party_affiliations,TNP-00875,ليلى الزحاف,ar,الزحاف,second_republic,حركة نداء تونس,,حركة نداء تونس,list
party_affiliations,TNP-00876,ليليا يونس كسيبي,ar,كسيبي,second_republic,Afek Tounes,PTY-b0109a4f5966,Afek Tounes,bloc
party_affiliations,TNP-00876,ليليا يونس كسيبي,ar,كسيبي,second_republic,Afek Tounes et lappel des tunisiens à létranger,PTY-899a51f36f9d,Afek Tounes et lappel des tunisiens à létranger,bloc
party_affiliations,TNP-00876,ليليا يونس كسيبي,ar,كسيبي,second_republic,Afek Tounes le mouvement national et lappel des tunisiens à létranger,PTY-7c008889761b,Afek Tounes le mouvement national et lappel des tunisiens à létranger,bloc
party_affiliations,TNP-00876,ليليا يونس كسيبي,ar,كسيبي,second_republic,Alliance nationale,PTY-7233741e1ec0,Alliance nationale,bloc
party_affiliations,TNP-00876,ليليا يونس كسيبي,ar,كسيبي,second_republic,آفاق تونس,,آفاق تونس,list
party_affiliations,TNP-00877,لطفي النابلي,ar,النابلي,second_republic,Alliance nationale,PTY-7233741e1ec0,Alliance nationale,bloc
party_affiliations,TNP-00877,لطفي النابلي,ar,النابلي,second_republic,Mouvement Nidaa Tounes,PTY-12c364be2b2b,Mouvement Nidaa Tounes,bloc
party_affiliations,TNP-00877,لطفي النابلي,ar,النابلي,second_republic,حركة نداء تونس,,حركة نداء تونس,list
party_affiliations,TNP-00878,محمود قاهري,ar,قاهري,second_republic,Alliance nationale,PTY-7233741e1ec0,Alliance nationale,bloc
party_affiliations,TNP-00878,محمود قاهري,ar,قاهري,second_republic,Aucun bloc,PTY-820f1119d5ed,Aucun bloc,bloc
party_affiliations,TNP-00878,محمود قاهري,ar,قاهري,second_republic,Union Patriotique Libre,PTY-9b0efa626777,Union Patriotique Libre,bloc
party_affiliations,TNP-00878,محمود قاهري,ar,قاهري,second_republic,الإتحاد الوطني الحر,,الإتحاد الوطني الحر,list
party_affiliations,TNP-00879,مروى بوعزي,ar,بوعزي,second_republic,Alliance nationale,PTY-7233741e1ec0,Alliance nationale,bloc
party_affiliations,TNP-00879,مروى بوعزي,ar,بوعزي,second_republic,حركة نداء تونس,,حركة نداء تونس,list
party_affiliations,TNP-00880,مروان فلفال,ar,فلفال,second_republic,Bloc Al Horra,PTY-cc0dd367425f,Bloc Al Horra,bloc
party_affiliations,TNP-00880,مروان فلفال,ar,فلفال,second_republic,Bloc Al Horra du Mouvement Machrouu Tounes,PTY-30d752133dab,Bloc Al Horra du Mouvement Machrouu Tounes,bloc
party_affiliations,TNP-00880,مروان فلفال,ar,فلفال,second_republic,Mouvement Nidaa Tounes,PTY-12c364be2b2b,Mouvement Nidaa Tounes,bloc
party_affiliations,TNP-00880,مروان فلفال,ar,فلفال,second_republic,حركة نداء تونس,,حركة نداء تونس,list
party_affiliations,TNP-00881,مباركة عوائنية,ar,عوائنية,second_republic,Front Populaire,PTY-df2e2fbfa81f,Front Populaire,bloc
party_affiliations,TNP-00881,مباركة عوائنية,ar,عوائنية,second_republic,الجبهة الشعبية,,الجبهة الشعبية,list
party_affiliations,TNP-00882,مريم بوجبل,ar,بوجبل,second_republic,Bloc Al Horra,PTY-cc0dd367425f,Bloc Al Horra,bloc
party_affiliations,TNP-00882,مريم بوجبل,ar,بوجبل,second_republic,Bloc Al Horra du Mouvement Machrouu Tounes,PTY-30d752133dab,Bloc Al Horra du Mouvement Machrouu Tounes,bloc
party_affiliations,TNP-00882,مريم بوجبل,ar,بوجبل,second_republic,Mouvement Nidaa Tounes,PTY-12c364be2b2b,Mouvement Nidaa Tounes,bloc
party_affiliations,TNP-00882,مريم بوجبل,ar,بوجبل,second_republic,حركة نداء تونس,,حركة نداء تونس,list
party_affiliations,TNP-00883,محمد عبد اللاوي,ar,عبد اللاوي|اللاوي,second_republic,Mouvement Nidaa Tounes,PTY-12c364be2b2b,Mouvement Nidaa Tounes,bloc
party_affiliations,TNP-00883,محمد عبد اللاوي,ar,عبد اللاوي|اللاوي,second_republic,حركة نداء تونس,,حركة نداء تونس,list
party_affiliations,TNP-00884,محمد علي البدوي,ar,البدوي,second_republic,Mouvement Ennahdha,PTY-ENNAHDHA,Mouvement Ennahdha,bloc
party_affiliations,TNP-00884,محمد علي البدوي,ar,البدوي,second_republic,حركة النهضة,,حركة النهضة,list
party_affiliations,TNP-00885,محمد الأمين كحلول,ar,كحلول,second_republic,Alliance nationale,PTY-7233741e1ec0,Alliance nationale,bloc
party_affiliations,TNP-00885,محمد الأمين كحلول,ar,كحلول,second_republic,Aucun bloc,PTY-820f1119d5ed,Aucun bloc,bloc
party_affiliations,TNP-00885,محمد الأمين كحلول,ar,كحلول,second_republic,Union Patriotique Libre,PTY-9b0efa626777,Union Patriotique Libre,bloc
party_affiliations,TNP-00885,محمد الأمين كحلول,ar,كحلول,second_republic,الإتحاد الوطني الحر,,الإتحاد الوطني الحر,list
party_affiliations,TNP-00886,محمد أنور العذار,ar,العذار,second_republic,Afek Tounes,PTY-b0109a4f5966,Afek Tounes,bloc
party_affiliations,TNP-00886,محمد أنور العذار,ar,العذار,second_republic,Afek Tounes et lappel des tunisiens à létranger,PTY-899a51f36f9d,Afek Tounes et lappel des tunisiens à létranger,bloc
party_affiliations,TNP-00886,محمد أنور العذار,ar,العذار,second_republic,Afek Tounes le mouvement national et lappel des tunisiens à létranger,PTY-7c008889761b,Afek Tounes le mouvement national et lappel des tunisiens à létranger,bloc
party_affiliations,TNP-00886,محمد أنور العذار,ar,العذار,second_republic,Alliance nationale,PTY-7233741e1ec0,Alliance nationale,bloc
party_affiliations,TNP-00886,محمد أنور العذار,ar,العذار,second_republic,آفاق تونس,,آفاق تونس,list
party_affiliations,TNP-00887,محمد بن سالم,ar,بن سالم|سالم,second_republic,Mouvement Ennahdha,PTY-ENNAHDHA,Mouvement Ennahdha,bloc
party_affiliations,TNP-00887,محمد بن سالم,ar,بن سالم|سالم,second_republic,حركة النهضة,,حركة النهضة,list
party_affiliations,TNP-00888,محمد بنصوف,ar,بنصوف,second_republic,Mouvement Nidaa Tounes,PTY-12c364be2b2b,Mouvement Nidaa Tounes,bloc
party_affiliations,TNP-00888,محمد بنصوف,ar,بنصوف,second_republic,حركة نداء تونس,,حركة نداء تونس,list
party_affiliations,TNP-00889,محمد حامدي,ar,حامدي,second_republic,Aucun bloc,PTY-820f1119d5ed,Aucun bloc,bloc
party_affiliations,TNP-00889,محمد حامدي,ar,حامدي,second_republic,Bloc Social-Démocrate,PTY-dc4ed2228330,Bloc Social-Démocrate,bloc
party_affiliations,TNP-00889,محمد حامدي,ar,حامدي,second_republic,الكتلة الديمقراطية (2019),PTY-079b16e9b74d,الكتلة الديمقراطية (2019),bloc
party_affiliations,TNP-00889,محمد حامدي,ar,حامدي,second_republic,تيار المحبة,,تيار المحبة,list
party_affiliations,TNP-00890,محمد الناصر,ar,الناصر,second_republic,Mouvement Nidaa Tounes,PTY-12c364be2b2b,Mouvement Nidaa Tounes,bloc
party_affiliations,TNP-00890,محمد الناصر,ar,الناصر,second_republic,حركة نداء تونس,,حركة نداء تونس,list
party_affiliations,TNP-00891,محمد الناصر جبيرة,ar,جبيرة,second_republic,Alliance nationale,PTY-7233741e1ec0,Alliance nationale,bloc
party_affiliations,TNP-00891,محمد الناصر جبيرة,ar,جبيرة,second_republic,Bloc Al Horra,PTY-cc0dd367425f,Bloc Al Horra,bloc
party_affiliations,TNP-00891,محمد الناصر جبيرة,ar,جبيرة,second_republic,Mouvement Nidaa Tounes,PTY-12c364be2b2b,Mouvement Nidaa Tounes,bloc
party_affiliations,TNP-00891,محمد الناصر جبيرة,ar,جبيرة,second_republic,حركة نداء تونس,,حركة نداء تونس,list
party_affiliations,TNP-00892,محمد الفاضل بن عمران,ar,بن عمران|عمران,second_republic,Mouvement Nidaa Tounes,PTY-12c364be2b2b,Mouvement Nidaa Tounes,bloc
party_affiliations,TNP-00892,محمد الفاضل بن عمران,ar,بن عمران|عمران,second_republic,حركة نداء تونس,,حركة نداء تونس,list
party_affiliations,TNP-00893,محمد الفريخة,ar,الفريخة,second_republic,Mouvement Ennahdha,PTY-ENNAHDHA,Mouvement Ennahdha,bloc
party_affiliations,TNP-00893,محمد الفريخة,ar,الفريخة,second_republic,حركة النهضة,,حركة النهضة,list
party_affiliations,TNP-00894,محمد غنام,ar,غنام,second_republic,Afek Tounes,PTY-b0109a4f5966,Afek Tounes,bloc
party_affiliations,TNP-00894,محمد غنام,ar,غنام,second_republic,Afek Tounes et lappel des tunisiens à létranger,PTY-899a51f36f9d,Afek Tounes et lappel des tunisiens à létranger,bloc
party_affiliations,TNP-00894,محمد غنام,ar,غنام,second_republic,Afek Tounes le mouvement national et lappel des tunisiens à létranger,PTY-7c008889761b,Afek Tounes le mouvement national et lappel des tunisiens à létranger,bloc
party_affiliations,TNP-00894,محمد غنام,ar,غنام,second_republic,Alliance nationale,PTY-7233741e1ec0,Alliance nationale,bloc
party_affiliations,TNP-00894,محمد غنام,ar,غنام,second_republic,Aucun bloc,PTY-820f1119d5ed,Aucun bloc,bloc
party_affiliations,TNP-00894,محمد غنام,ar,غنام,second_republic,آفاق تونس,,آفاق تونس,list
party_affiliations,TNP-00895,محمد الهادي قديش,ar,قديش,second_republic,Allégeance à la Patrie,PTY-7e358197af47,Allégeance à la Patrie,bloc
party_affiliations,TNP-00895,محمد الهادي قديش,ar,قديش,second_republic,Bloc Al Horra du Mouvement Machrouu Tounes,PTY-30d752133dab,Bloc Al Horra du Mouvement Machrouu Tounes,bloc
party_affiliations,TNP-00895,محمد الهادي قديش,ar,قديش,second_republic,Mouvement Nidaa Tounes,PTY-12c364be2b2b,Mouvement Nidaa Tounes,bloc
party_affiliations,TNP-00895,محمد الهادي قديش,ar,قديش,second_republic,حركة نداء تونس,,حركة نداء تونس,list
party_affiliations,TNP-00896,محمد جلال غديرة,ar,غديرة,second_republic,Alliance nationale,PTY-7233741e1ec0,Alliance nationale,bloc
party_affiliations,TNP-00896,محمد جلال غديرة,ar,غديرة,second_republic,Mouvement Nidaa Tounes,PTY-12c364be2b2b,Mouvement Nidaa Tounes,bloc
party_affiliations,TNP-00896,محمد جلال غديرة,ar,غديرة,second_republic,حركة نداء تونس,,حركة نداء تونس,list
party_affiliations,TNP-00897,محمد كمال بسباس,ar,بسباس,second_republic,Mouvement Ennahdha,PTY-ENNAHDHA,Mouvement Ennahdha,bloc
party_affiliations,TNP-00897,محمد كمال بسباس,ar,بسباس,second_republic,حركة النهضة,,حركة النهضة,list
party_affiliations,TNP-00898,محمد الأخضر العجيلي,ar,العجيلي,second_republic,Mouvement Ennahdha,PTY-ENNAHDHA,Mouvement Ennahdha,bloc
party_affiliations,TNP-00898,محمد الأخضر العجيلي,ar,العجيلي,second_republic,حركة النهضة,,حركة النهضة,list
party_affiliations,TNP-00899,محمد الأزهر عكرمي,ar,عكرمي,second_republic,حركة نداء تونس,,حركة نداء تونس,list
party_affiliations,TNP-00900,محمد المحجوب,ar,المحجوب,second_republic,Mouvement Ennahdha,PTY-ENNAHDHA,Mouvement Ennahdha,bloc
party_affiliations,TNP-00900,محمد المحجوب,ar,المحجوب,second_republic,حركة النهضة,,حركة النهضة,list
party_affiliations,TNP-00901,محمد المحسن سوداني,ar,سوداني,second_republic,Mouvement Ennahdha,PTY-ENNAHDHA,Mouvement Ennahdha,bloc
party_affiliations,TNP-00901,محمد المحسن سوداني,ar,سوداني,second_republic,حركة النهضة,,حركة النهضة,list
party_affiliations,TNP-00902,محمد نجيب ترجمان,ar,ترجمان,second_republic,Bloc Al Horra,PTY-cc0dd367425f,Bloc Al Horra,bloc
party_affiliations,TNP-00902,محمد نجيب ترجمان,ar,ترجمان,second_republic,Bloc Al Horra du Mouvement Machrouu Tounes,PTY-30d752133dab,Bloc Al Horra du Mouvement Machrouu Tounes,bloc
party_affiliations,TNP-00902,محمد نجيب ترجمان,ar,ترجمان,second_republic,Mouvement Nidaa Tounes,PTY-12c364be2b2b,Mouvement Nidaa Tounes,bloc
party_affiliations,TNP-00902,محمد نجيب ترجمان,ar,ترجمان,second_republic,حركة نداء تونس,,حركة نداء تونس,list
party_affiliations,TNP-00903,محمد الراشدي,ar,الراشدي,second_republic,Mouvement Nidaa Tounes,PTY-12c364be2b2b,Mouvement Nidaa Tounes,bloc
party_affiliations,TNP-00903,محمد الراشدي,ar,الراشدي,second_republic,حركة نداء تونس,,حركة نداء تونس,list
party_affiliations,TNP-00904,محمد الراشدي بوقرة,ar,بوقرة,second_republic,Alliance nationale,PTY-7233741e1ec0,Alliance nationale,bloc
party_affiliations,TNP-00904,محمد الراشدي بوقرة,ar,بوقرة,second_republic,Bloc Al Horra,PTY-cc0dd367425f,Bloc Al Horra,bloc
party_affiliations,TNP-00904,محمد الراشدي بوقرة,ar,بوقرة,second_republic,Mouvement Nidaa Tounes,PTY-12c364be2b2b,Mouvement Nidaa Tounes,bloc
party_affiliations,TNP-00904,محمد الراشدي بوقرة,ar,بوقرة,second_republic,حركة نداء تونس,,حركة نداء تونس,list
party_affiliations,TNP-00905,محمد رمزي خميس,ar,خميس,second_republic,Mouvement Nidaa Tounes,PTY-12c364be2b2b,Mouvement Nidaa Tounes,bloc
party_affiliations,TNP-00905,محمد رمزي خميس,ar,خميس,second_republic,حركة نداء تونس,,حركة نداء تونس,list
party_affiliations,TNP-00906,محمد سعيدان,ar,سعيدان,second_republic,Alliance nationale,PTY-7233741e1ec0,Alliance nationale,bloc
party_affiliations,TNP-00906,محمد سعيدان,ar,سعيدان,second_republic,Mouvement Nidaa Tounes,PTY-12c364be2b2b,Mouvement Nidaa Tounes,bloc
party_affiliations,TNP-00906,محمد سعيدان,ar,سعيدان,second_republic,حركة نداء تونس,,حركة نداء تونس,list
party_affiliations,TNP-00907,محمد سيدهم,ar,سيدهم,second_republic,Mouvement Ennahdha,PTY-ENNAHDHA,Mouvement Ennahdha,bloc
party_affiliations,TNP-00907,محمد سيدهم,ar,سيدهم,second_republic,حركة النهضة,,حركة النهضة,list
party_affiliations,TNP-00908,محمد الطرودي,ar,الطرودي,second_republic,Bloc Al Horra,PTY-cc0dd367425f,Bloc Al Horra,bloc
party_affiliations,TNP-00908,محمد الطرودي,ar,الطرودي,second_republic,Bloc Al Horra du Mouvement Machrouu Tounes,PTY-30d752133dab,Bloc Al Horra du Mouvement Machrouu Tounes,bloc
party_affiliations,TNP-00908,محمد الطرودي,ar,الطرودي,second_republic,Mouvement Nidaa Tounes,PTY-12c364be2b2b,Mouvement Nidaa Tounes,bloc
party_affiliations,TNP-00908,محمد الطرودي,ar,الطرودي,second_republic,حركة نداء تونس,,حركة نداء تونس,list
party_affiliations,TNP-00909,محسن حسن,ar,حسن,second_republic,Aucun bloc,PTY-820f1119d5ed,Aucun bloc,bloc
party_affiliations,TNP-00909,محسن حسن,ar,حسن,second_republic,Union Patriotique Libre,PTY-9b0efa626777,Union Patriotique Libre,bloc
party_affiliations,TNP-00909,محسن حسن,ar,حسن,second_republic,الإتحاد الوطني الحر,,الإتحاد الوطني الحر,list
party_affiliations,TNP-00910,المنصف السلامي,ar,السلامي,second_republic,Alliance nationale,PTY-7233741e1ec0,Alliance nationale,bloc
party_affiliations,TNP-00910,المنصف السلامي,ar,السلامي,second_republic,Mouvement Nidaa Tounes,PTY-12c364be2b2b,Mouvement Nidaa Tounes,bloc
party_affiliations,TNP-00910,المنصف السلامي,ar,السلامي,second_republic,حركة نداء تونس,,حركة نداء تونس,list
party_affiliations,TNP-00911,المنذر بلحاج علي,ar,بلحاج علي|علي,second_republic,Aucun bloc,PTY-820f1119d5ed,Aucun bloc,bloc
party_affiliations,TNP-00911,المنذر بلحاج علي,ar,بلحاج علي|علي,second_republic,Bloc Al Horra,PTY-cc0dd367425f,Bloc Al Horra,bloc
party_affiliations,TNP-00911,المنذر بلحاج علي,ar,بلحاج علي|علي,second_republic,Mouvement Nidaa Tounes,PTY-12c364be2b2b,Mouvement Nidaa Tounes,bloc
party_affiliations,TNP-00911,المنذر بلحاج علي,ar,بلحاج علي|علي,second_republic,الكتلة الوطنية (2020),PTY-4c282d241960,الكتلة الوطنية (2020),bloc
party_affiliations,TNP-00911,المنذر بلحاج علي,ar,بلحاج علي|علي,second_republic,حركة نداء تونس,,حركة نداء تونس,list
party_affiliations,TNP-00912,المنجي حرباوي,ar,حرباوي,second_republic,Mouvement Nidaa Tounes,PTY-12c364be2b2b,Mouvement Nidaa Tounes,bloc
party_affiliations,TNP-00912,المنجي حرباوي,ar,حرباوي,second_republic,حركة نداء تونس,,حركة نداء تونس,list
party_affiliations,TNP-00913,منية ابراهيم,ar,ابراهيم,second_republic,Mouvement Ennahdha,PTY-ENNAHDHA,Mouvement Ennahdha,bloc
party_affiliations,TNP-00913,منية ابراهيم,ar,ابراهيم,second_republic,حركة النهضة,,حركة النهضة,list
party_affiliations,TNP-00914,منير الحمدي,ar,الحمدي,second_republic,Mouvement Nidaa Tounes,PTY-12c364be2b2b,Mouvement Nidaa Tounes,bloc
party_affiliations,TNP-00914,منير الحمدي,ar,الحمدي,second_republic,حركة نداء تونس,,حركة نداء تونس,list
party_affiliations,TNP-00915,مراد حمايدي,ar,حمايدي,second_republic,Front Populaire,PTY-df2e2fbfa81f,Front Populaire,bloc
party_affiliations,TNP-00915,مراد حمايدي,ar,حمايدي,second_republic,الجبهة الشعبية,,الجبهة الشعبية,list
party_affiliations,TNP-00916,النذير بن عمو,ar,بن عمو|عمو,second_republic,Allégeance à la Patrie,PTY-7e358197af47,Allégeance à la Patrie,bloc
party_affiliations,TNP-00916,النذير بن عمو,ar,بن عمو|عمو,second_republic,Aucun bloc,PTY-820f1119d5ed,Aucun bloc,bloc
party_affiliations,TNP-00916,النذير بن عمو,ar,بن عمو|عمو,second_republic,Mouvement Ennahdha,PTY-ENNAHDHA,Mouvement Ennahdha,bloc
party_affiliations,TNP-00916,النذير بن عمو,ar,بن عمو|عمو,second_republic,حركة النهضة,,حركة النهضة,list
party_affiliations,TNP-00917,نادية زنڨر,ar,زنڨر,second_republic,Bloc Al Horra,PTY-cc0dd367425f,Bloc Al Horra,bloc
party_affiliations,TNP-00917,نادية زنڨر,ar,زنڨر,second_republic,Bloc Al Horra du Mouvement Machrouu Tounes,PTY-30d752133dab,Bloc Al Horra du Mouvement Machrouu Tounes,bloc
party_affiliations,TNP-00917,نادية زنڨر,ar,زنڨر,second_republic,Mouvement Nidaa Tounes,PTY-12c364be2b2b,Mouvement Nidaa Tounes,bloc
party_affiliations,TNP-00917,نادية زنڨر,ar,زنڨر,second_republic,حركة نداء تونس,,حركة نداء تونس,list
party_affiliations,TNP-00918,ناجية بن عبد الحفيظ,ar,بن عبد الحفيظ|عبد الحفيظ|الحفيظ,second_republic,Alliance nationale,PTY-7233741e1ec0,Alliance nationale,bloc
party_affiliations,TNP-00918,ناجية بن عبد الحفيظ,ar,بن عبد الحفيظ|عبد الحفيظ|الحفيظ,second_republic,Aucun bloc,PTY-820f1119d5ed,Aucun bloc,bloc
party_affiliations,TNP-00918,ناجية بن عبد الحفيظ,ar,بن عبد الحفيظ|عبد الحفيظ|الحفيظ,second_republic,Mouvement Nidaa Tounes,PTY-12c364be2b2b,Mouvement Nidaa Tounes,bloc
party_affiliations,TNP-00918,ناجية بن عبد الحفيظ,ar,بن عبد الحفيظ|عبد الحفيظ|الحفيظ,second_republic,الكتلة الوطنية (2020),PTY-4c282d241960,الكتلة الوطنية (2020),bloc
party_affiliations,TNP-00918,ناجية بن عبد الحفيظ,ar,بن عبد الحفيظ|عبد الحفيظ|الحفيظ,second_republic,حركة نداء تونس,,حركة نداء تونس,list
party_affiliations,TNP-00919,نجلاء سعداوي,ar,سعداوي,second_republic,Mouvement Nidaa Tounes,PTY-12c364be2b2b,Mouvement Nidaa Tounes,bloc
party_affiliations,TNP-00919,نجلاء سعداوي,ar,سعداوي,second_republic,حركة نداء تونس,,حركة نداء تونس,list
party_affiliations,TNP-00920,نوال طياش,ar,طياش,second_republic,Mouvement Nidaa Tounes,PTY-12c364be2b2b,Mouvement Nidaa Tounes,bloc
party_affiliations,TNP-00920,نوال طياش,ar,طياش,second_republic,حركة نداء تونس,,حركة نداء تونس,list
party_affiliations,TNP-00921,نزار عمامي,ar,عمامي,second_republic,Front Populaire,PTY-df2e2fbfa81f,Front Populaire,bloc
party_affiliations,TNP-00921,نزار عمامي,ar,عمامي,second_republic,الجبهة الشعبية,,الجبهة الشعبية,list
party_affiliations,TNP-00922,نورة العامري,ar,العامري,second_republic,Mouvement Nidaa Tounes,PTY-12c364be2b2b,Mouvement Nidaa Tounes,bloc
party_affiliations,TNP-00922,نورة العامري,ar,العامري,second_republic,حركة نداء تونس,,حركة نداء تونس,list
party_affiliations,TNP-00923,نور الدين بن عاشور,ar,بن عاشور|عاشور,second_republic,Allégeance à la Patrie,PTY-7e358197af47,Allégeance à la Patrie,bloc
party_affiliations,TNP-00923,نور الدين بن عاشور,ar,بن عاشور|عاشور,second_republic,Aucun bloc,PTY-820f1119d5ed,Aucun bloc,bloc
party_affiliations,TNP-00923,نور الدين بن عاشور,ar,بن عاشور|عاشور,second_republic,Bloc Al Horra du Mouvement Machrouu Tounes,PTY-30d752133dab,Bloc Al Horra du Mouvement Machrouu Tounes,bloc
party_affiliations,TNP-00923,نور الدين بن عاشور,ar,بن عاشور|عاشور,second_republic,Mouvement Nidaa Tounes,PTY-12c364be2b2b,Mouvement Nidaa Tounes,bloc
party_affiliations,TNP-00923,نور الدين بن عاشور,ar,بن عاشور|عاشور,second_republic,Union Patriotique Libre,PTY-9b0efa626777,Union Patriotique Libre,bloc
party_affiliations,TNP-00923,نور الدين بن عاشور,ar,بن عاشور|عاشور,second_republic,الإتحاد الوطني الحر,,الإتحاد الوطني الحر,list
party_affiliations,TNP-00924,نزهة بياوي,ar,بياوي,second_republic,Afek Tounes et lappel des tunisiens à létranger,PTY-899a51f36f9d,Afek Tounes et lappel des tunisiens à létranger,bloc
party_affiliations,TNP-00924,نزهة بياوي,ar,بياوي,second_republic,Afek Tounes le mouvement national et lappel des tunisiens à létranger,PTY-7c008889761b,Afek Tounes le mouvement national et lappel des tunisiens à létranger,bloc
party_affiliations,TNP-00924,نزهة بياوي,ar,بياوي,second_republic,Alliance nationale,PTY-7233741e1ec0,Alliance nationale,bloc
party_affiliations,TNP-00924,نزهة بياوي,ar,بياوي,second_republic,Aucun bloc,PTY-820f1119d5ed,Aucun bloc,bloc
party_affiliations,TNP-00924,نزهة بياوي,ar,بياوي,second_republic,الجبهة الوطنية للإنقاذ,,الجبهة الوطنية للإنقاذ,list
party_affiliations,TNP-00925,ألفة الجويني,ar,الجويني,second_republic,Alliance nationale,PTY-7233741e1ec0,Alliance nationale,bloc
party_affiliations,TNP-00925,ألفة الجويني,ar,الجويني,second_republic,Mouvement Nidaa Tounes,PTY-12c364be2b2b,Mouvement Nidaa Tounes,bloc
party_affiliations,TNP-00925,ألفة الجويني,ar,الجويني,second_republic,Union Patriotique Libre,PTY-9b0efa626777,Union Patriotique Libre,bloc
party_affiliations,TNP-00925,ألفة الجويني,ar,الجويني,second_republic,الإتحاد الوطني الحر,,الإتحاد الوطني الحر,list
party_affiliations,TNP-00926,ألفة السكري,ar,السكري,second_republic,Aucun bloc,PTY-820f1119d5ed,Aucun bloc,bloc
party_affiliations,TNP-00926,ألفة السكري,ar,السكري,second_republic,Mouvement Nidaa Tounes,PTY-12c364be2b2b,Mouvement Nidaa Tounes,bloc
party_affiliations,TNP-00926,ألفة السكري,ar,السكري,second_republic,حركة نداء تونس,,حركة نداء تونس,list
party_affiliations,TNP-00927,أنس الحطاب,ar,الحطاب,second_republic,Mouvement Nidaa Tounes,PTY-12c364be2b2b,Mouvement Nidaa Tounes,bloc
party_affiliations,TNP-00927,أنس الحطاب,ar,الحطاب,second_republic,حركة نداء تونس,,حركة نداء تونس,list
party_affiliations,TNP-00928,أسامة علية الصغير,ar,الصغير,second_republic,Mouvement Ennahdha,PTY-ENNAHDHA,Mouvement Ennahdha,bloc
party_affiliations,TNP-00928,أسامة علية الصغير,ar,الصغير,second_republic,حركة النهضة,,حركة النهضة,list
party_affiliations,TNP-00929,رابحة بن حسين,ar,بن حسين|حسين,second_republic,Bloc Al Horra,PTY-cc0dd367425f,Bloc Al Horra,bloc
party_affiliations,TNP-00929,رابحة بن حسين,ar,بن حسين|حسين,second_republic,Bloc Al Horra du Mouvement Machrouu Tounes,PTY-30d752133dab,Bloc Al Horra du Mouvement Machrouu Tounes,bloc
party_affiliations,TNP-00929,رابحة بن حسين,ar,بن حسين|حسين,second_republic,Mouvement Nidaa Tounes,PTY-12c364be2b2b,Mouvement Nidaa Tounes,bloc
party_affiliations,TNP-00929,رابحة بن حسين,ar,بن حسين|حسين,second_republic,حركة نداء تونس,,حركة نداء تونس,list
party_affiliations,TNP-00930,راضيه التومي,ar,التومي,second_republic,Mouvement Ennahdha,PTY-ENNAHDHA,Mouvement Ennahdha,bloc
party_affiliations,TNP-00930,راضيه التومي,ar,التومي,second_republic,حركة النهضة,,حركة النهضة,list
party_affiliations,TNP-00931,رمزي بن فرج,ar,بن فرج|فرج,second_republic,Mouvement Ennahdha,PTY-ENNAHDHA,Mouvement Ennahdha,bloc
party_affiliations,TNP-00931,رمزي بن فرج,ar,بن فرج|فرج,second_republic,حركة النهضة,,حركة النهضة,list
party_affiliations,TNP-00932,رياض المؤخر,ar,المؤخر,second_republic,Afek Tounes,PTY-b0109a4f5966,Afek Tounes,bloc
party_affiliations,TNP-00932,رياض المؤخر,ar,المؤخر,second_republic,Afek Tounes le mouvement national et lappel des tunisiens à létranger,PTY-7c008889761b,Afek Tounes le mouvement national et lappel des tunisiens à létranger,bloc
party_affiliations,TNP-00932,رياض المؤخر,ar,المؤخر,second_republic,Aucun bloc,PTY-820f1119d5ed,Aucun bloc,bloc
party_affiliations,TNP-00932,رياض المؤخر,ar,المؤخر,second_republic,آفاق تونس,,آفاق تونس,list
party_affiliations,TNP-00933,رضا الزغندي,ar,الزغندي,second_republic,Alliance nationale,PTY-7233741e1ec0,Alliance nationale,bloc
party_affiliations,TNP-00933,رضا الزغندي,ar,الزغندي,second_republic,Aucun bloc,PTY-820f1119d5ed,Aucun bloc,bloc
party_affiliations,TNP-00933,رضا الزغندي,ar,الزغندي,second_republic,Mouvement Nidaa Tounes,PTY-12c364be2b2b,Mouvement Nidaa Tounes,bloc
party_affiliations,TNP-00933,رضا الزغندي,ar,الزغندي,second_republic,Union Patriotique Libre,PTY-9b0efa626777,Union Patriotique Libre,bloc
party_affiliations,TNP-00933,رضا الزغندي,ar,الزغندي,second_republic,الإتحاد الوطني الحر,,الإتحاد الوطني الحر,list
party_affiliations,TNP-00934,صبري الدخيل,ar,الدخيل,second_republic,Aucun bloc,PTY-820f1119d5ed,Aucun bloc,bloc
party_affiliations,TNP-00934,صبري الدخيل,ar,الدخيل,second_republic,الكتلة الديمقراطية (2019),PTY-079b16e9b74d,الكتلة الديمقراطية (2019),bloc
party_affiliations,TNP-00934,صبري الدخيل,ar,الدخيل,second_republic,المؤتمر من أجل الجمهورية,,المؤتمر من أجل الجمهورية,list
party_affiliations,TNP-00935,صبرين الغبنتني,ar,الغبنتني,second_republic,Alliance nationale,PTY-7233741e1ec0,Alliance nationale,bloc
party_affiliations,TNP-00935,صبرين الغبنتني,ar,الغبنتني,second_republic,Aucun bloc,PTY-820f1119d5ed,Aucun bloc,bloc
party_affiliations,TNP-00935,صبرين الغبنتني,ar,الغبنتني,second_republic,Mouvement Nidaa Tounes,PTY-12c364be2b2b,Mouvement Nidaa Tounes,bloc
party_affiliations,TNP-00935,صبرين الغبنتني,ar,الغبنتني,second_republic,الكتلة الوطنية (2020),PTY-4c282d241960,الكتلة الوطنية (2020),bloc
party_affiliations,TNP-00935,صبرين الغبنتني,ar,الغبنتني,second_republic,حركة نداء تونس,,حركة نداء تونس,list
party_affiliations,TNP-00936,صافية خلفي,ar,خلفي,second_republic,Mouvement Ennahdha,PTY-ENNAHDHA,Mouvement Ennahdha,bloc
party_affiliations,TNP-00936,صافية خلفي,ar,خلفي,second_republic,حركة النهضة,,حركة النهضة,list
party_affiliations,TNP-00937,الصحبي بن فرج,ar,بن فرج|فرج,second_republic,Alliance nationale,PTY-7233741e1ec0,Alliance nationale,bloc
party_affiliations,TNP-00937,الصحبي بن فرج,ar,بن فرج|فرج,second_republic,Bloc Al Horra,PTY-cc0dd367425f,Bloc Al Horra,bloc
party_affiliations,TNP-00937,الصحبي بن فرج,ar,بن فرج|فرج,second_republic,Bloc Al Horra du Mouvement Machrouu Tounes,PTY-30d752133dab,Bloc Al Horra du Mouvement Machrouu Tounes,bloc
party_affiliations,TNP-00937,الصحبي بن فرج,ar,بن فرج|فرج,second_republic,Mouvement Nidaa Tounes,PTY-12c364be2b2b,Mouvement Nidaa Tounes,bloc
party_affiliations,TNP-00937,الصحبي بن فرج,ar,بن فرج|فرج,second_republic,حركة نداء تونس,,حركة نداء تونس,list
party_affiliations,TNP-00938,سعيد العايدي,ar,العايدي,second_republic,حركة نداء تونس,,حركة نداء تونس,list
party_affiliations,TNP-00939,صـلاح البرقاوي,ar,البرقاوي,second_republic,Bloc Al Horra,PTY-cc0dd367425f,Bloc Al Horra,bloc
party_affiliations,TNP-00939,صـلاح البرقاوي,ar,البرقاوي,second_republic,Bloc Al Horra du Mouvement Machrouu Tounes,PTY-30d752133dab,Bloc Al Horra du Mouvement Machrouu Tounes,bloc
party_affiliations,TNP-00939,صـلاح البرقاوي,ar,البرقاوي,second_republic,Mouvement Nidaa Tounes,PTY-12c364be2b2b,Mouvement Nidaa Tounes,bloc
party_affiliations,TNP-00939,صـلاح البرقاوي,ar,البرقاوي,second_republic,حركة نداء تونس,,حركة نداء تونس,list
party_affiliations,TNP-00940,سالم حامدي,ar,حامدي,second_republic,Aucun bloc,PTY-820f1119d5ed,Aucun bloc,bloc
party_affiliations,TNP-00940,سالم حامدي,ar,حامدي,second_republic,Mouvement Nidaa Tounes,PTY-12c364be2b2b,Mouvement Nidaa Tounes,bloc
party_affiliations,TNP-00940,سالم حامدي,ar,حامدي,second_republic,حركة نداء تونس,,حركة نداء تونس,list
party_affiliations,TNP-00941,سلمى اللومي,ar,اللومي,second_republic,حركة نداء تونس,,حركة نداء تونس,list
party_affiliations,TNP-00942,سماح بوحوال,ar,بوحوال,second_republic,Bloc Al Horra,PTY-cc0dd367425f,Bloc Al Horra,bloc
party_affiliations,TNP-00942,سماح بوحوال,ar,بوحوال,second_republic,Bloc Al Horra du Mouvement Machrouu Tounes,PTY-30d752133dab,Bloc Al Horra du Mouvement Machrouu Tounes,bloc
party_affiliations,TNP-00942,سماح بوحوال,ar,بوحوال,second_republic,Mouvement Nidaa Tounes,PTY-12c364be2b2b,Mouvement Nidaa Tounes,bloc
party_affiliations,TNP-00942,سماح بوحوال,ar,بوحوال,second_republic,حركة نداء تونس,,حركة نداء تونس,list
party_affiliations,TNP-00943,سامي الفطناسي,ar,الفطناسي,second_republic,Mouvement Ennahdha,PTY-ENNAHDHA,Mouvement Ennahdha,bloc
party_affiliations,TNP-00943,سامي الفطناسي,ar,الفطناسي,second_republic,حركة النهضة,,حركة النهضة,list
party_affiliations,TNP-00944,سناء الصالحي,ar,الصالحي,second_republic,Alliance nationale,PTY-7233741e1ec0,Alliance nationale,bloc
party_affiliations,TNP-00944,سناء الصالحي,ar,الصالحي,second_republic,Mouvement Nidaa Tounes,PTY-12c364be2b2b,Mouvement Nidaa Tounes,bloc
party_affiliations,TNP-00944,سناء الصالحي,ar,الصالحي,second_republic,حركة نداء تونس,,حركة نداء تونس,list
party_affiliations,TNP-00945,سليم بسباس,ar,بسباس,second_republic,Mouvement Ennahdha,PTY-ENNAHDHA,Mouvement Ennahdha,bloc
party_affiliations,TNP-00945,سليم بسباس,ar,بسباس,second_republic,حركة النهضة,,حركة النهضة,list
party_affiliations,TNP-00946,سعاد البيولي,ar,البيولي,second_republic,Front Populaire,PTY-df2e2fbfa81f,Front Populaire,bloc
party_affiliations,TNP-00946,سعاد البيولي,ar,البيولي,second_republic,الجبهة الشعبية,,الجبهة الشعبية,list
party_affiliations,TNP-00947,سعاد الزوالي,ar,الزوالي,second_republic,Alliance nationale,PTY-7233741e1ec0,Alliance nationale,bloc
party_affiliations,TNP-00947,سعاد الزوالي,ar,الزوالي,second_republic,Mouvement Nidaa Tounes,PTY-12c364be2b2b,Mouvement Nidaa Tounes,bloc
party_affiliations,TNP-00947,سعاد الزوالي,ar,الزوالي,second_republic,الكتلة الوطنية (2020),PTY-4c282d241960,الكتلة الوطنية (2020),bloc
party_affiliations,TNP-00947,سعاد الزوالي,ar,الزوالي,second_republic,حركة نداء تونس,,حركة نداء تونس,list
party_affiliations,TNP-00948,سهيل العلويني,ar,العلويني,second_republic,Alliance nationale,PTY-7233741e1ec0,Alliance nationale,bloc
party_affiliations,TNP-00948,سهيل العلويني,ar,العلويني,second_republic,Bloc Al Horra,PTY-cc0dd367425f,Bloc Al Horra,bloc
party_affiliations,TNP-00948,سهيل العلويني,ar,العلويني,second_republic,Bloc Al Horra du Mouvement Machrouu Tounes,PTY-30d752133dab,Bloc Al Horra du Mouvement Machrouu Tounes,bloc
party_affiliations,TNP-00948,سهيل العلويني,ar,العلويني,second_republic,Mouvement Nidaa Tounes,PTY-12c364be2b2b,Mouvement Nidaa Tounes,bloc
party_affiliations,TNP-00948,سهيل العلويني,ar,العلويني,second_republic,حركة نداء تونس,,حركة نداء تونس,list
party_affiliations,TNP-00949,الطاهر فضيل,ar,فضيل,second_republic,Alliance nationale,PTY-7233741e1ec0,Alliance nationale,bloc
party_affiliations,TNP-00949,الطاهر فضيل,ar,فضيل,second_republic,Mouvement Nidaa Tounes,PTY-12c364be2b2b,Mouvement Nidaa Tounes,bloc
party_affiliations,TNP-00949,الطاهر فضيل,ar,فضيل,second_republic,Union Patriotique Libre,PTY-9b0efa626777,Union Patriotique Libre,bloc
party_affiliations,TNP-00949,الطاهر فضيل,ar,فضيل,second_republic,الإتحاد الوطني الحر,,الإتحاد الوطني الحر,list
party_affiliations,TNP-00950,الطاهر بطيخ,ar,بطيخ,second_republic,Mouvement Nidaa Tounes,PTY-12c364be2b2b,Mouvement Nidaa Tounes,bloc
party_affiliations,TNP-00950,الطاهر بطيخ,ar,بطيخ,second_republic,حركة نداء تونس,,حركة نداء تونس,list
party_affiliations,TNP-00951,الطيب المدني,ar,المدني,second_republic,Mouvement Nidaa Tounes,PTY-12c364be2b2b,Mouvement Nidaa Tounes,bloc
party_affiliations,TNP-00951,الطيب المدني,ar,المدني,second_republic,حركة نداء تونس,,حركة نداء تونس,list
party_affiliations,TNP-00952,توفيق الجملي,ar,الجملي,second_republic,Allégeance à la Patrie,PTY-7e358197af47,Allégeance à la Patrie,bloc
party_affiliations,TNP-00952,توفيق الجملي,ar,الجملي,second_republic,Union Patriotique Libre,PTY-9b0efa626777,Union Patriotique Libre,bloc
party_affiliations,TNP-00952,توفيق الجملي,ar,الجملي,second_republic,الإتحاد الوطني الحر,,الإتحاد الوطني الحر,list
party_affiliations,TNP-00953,توفيق والي,ar,والي,second_republic,Bloc Al Horra,PTY-cc0dd367425f,Bloc Al Horra,bloc
party_affiliations,TNP-00953,توفيق والي,ar,والي,second_republic,Bloc Al Horra du Mouvement Machrouu Tounes,PTY-30d752133dab,Bloc Al Horra du Mouvement Machrouu Tounes,bloc
party_affiliations,TNP-00953,توفيق والي,ar,والي,second_republic,Mouvement Nidaa Tounes,PTY-12c364be2b2b,Mouvement Nidaa Tounes,bloc
party_affiliations,TNP-00953,توفيق والي,ar,والي,second_republic,حركة نداء تونس,,حركة نداء تونس,list
party_affiliations,TNP-00954,طارق براق,ar,براق,second_republic,Front Populaire,PTY-df2e2fbfa81f,Front Populaire,bloc
party_affiliations,TNP-00954,طارق براق,ar,براق,second_republic,الجبهة الشعبية,,الجبهة الشعبية,list
party_affiliations,TNP-00955,تهامي عبدولي,ar,عبدولي,second_republic,الجبهة الوطنية للإنقاذ,,الجبهة الوطنية للإنقاذ,list
party_affiliations,TNP-00956,وفاء مخلوف,ar,مخلوف,second_republic,Mouvement Nidaa Tounes,PTY-12c364be2b2b,Mouvement Nidaa Tounes,bloc
party_affiliations,TNP-00956,وفاء مخلوف,ar,مخلوف,second_republic,حركة نداء تونس,,حركة نداء تونس,list
party_affiliations,TNP-00957,الوليد البناني,ar,البناني,second_republic,Mouvement Ennahdha,PTY-ENNAHDHA,Mouvement Ennahdha,bloc
party_affiliations,TNP-00957,الوليد البناني,ar,البناني,second_republic,حركة النهضة,,حركة النهضة,list
party_affiliations,TNP-00958,ياسين ابراهيم,ar,ابراهيم,second_republic,آفاق تونس,,آفاق تونس,list
party_affiliations,TNP-00959,يوسف الجويني,ar,الجويني,second_republic,Alliance nationale,PTY-7233741e1ec0,Alliance nationale,bloc
party_affiliations,TNP-00959,يوسف الجويني,ar,الجويني,second_republic,Aucun bloc,PTY-820f1119d5ed,Aucun bloc,bloc
party_affiliations,TNP-00959,يوسف الجويني,ar,الجويني,second_republic,Mouvement Nidaa Tounes,PTY-12c364be2b2b,Mouvement Nidaa Tounes,bloc
party_affiliations,TNP-00959,يوسف الجويني,ar,الجويني,second_republic,Union Patriotique Libre,PTY-9b0efa626777,Union Patriotique Libre,bloc
party_affiliations,TNP-00959,يوسف الجويني,ar,الجويني,second_republic,الإتحاد الوطني الحر,,الإتحاد الوطني الحر,list
party_affiliations,TNP-00960,زياد الأخضر,ar,الأخضر,second_republic,Front Populaire,PTY-df2e2fbfa81f,Front Populaire,bloc
party_affiliations,TNP-00960,زياد الأخضر,ar,الأخضر,second_republic,الجبهة الشعبية,,الجبهة الشعبية,list
party_affiliations,TNP-00961,الزهرة ادريس,ar,ادريس,second_republic,Alliance nationale,PTY-7233741e1ec0,Alliance nationale,bloc
party_affiliations,TNP-00961,الزهرة ادريس,ar,ادريس,second_republic,Mouvement Nidaa Tounes,PTY-12c364be2b2b,Mouvement Nidaa Tounes,bloc
party_affiliations,TNP-00961,الزهرة ادريس,ar,ادريس,second_republic,حركة نداء تونس,,حركة نداء تونس,list
party_affiliations,TNP-00962,الزهير الرجبي,ar,الرجبي,second_republic,Mouvement Ennahdha,PTY-ENNAHDHA,Mouvement Ennahdha,bloc
party_affiliations,TNP-00962,الزهير الرجبي,ar,الرجبي,second_republic,حركة النهضة,,حركة النهضة,list
party_affiliations,TNP-00963,الزهير الرجبي,ar,الرجبي,second_republic,Mouvement Ennahdha,PTY-ENNAHDHA,Mouvement Ennahdha,bloc
party_affiliations,TNP-00963,الزهير الرجبي,ar,الرجبي,second_republic,حركة النهضة,,حركة النهضة,list
