amendment_id,person_id,assembly_id,source_ids
AMD-e0e141cd8c4e,TNP-00277,NCA-2011,MARSAD_ANC
AMD-e0e141cd8c4e,TNP-00370,NCA-2011,MARSAD_ANC
AMD-e0e141cd8c4e,TNP-00376,NCA-2011,MARSAD_ANC
AMD-e0e141cd8c4e,TNP-00381,NCA-2011,MARSAD_ANC
AMD-e0e141cd8c4e,TNP-00402,NCA-2011,MARSAD_ANC
AMD-e0e141cd8c4e,TNP-00405,NCA-2011,MARSAD_ANC
AMD-e0e141cd8c4e,TNP-00423,NCA-2011,MARSAD_ANC
AMD-e0e141cd8c4e,TNP-00429,NCA-2011,MARSAD_ANC
AMD-e0e141cd8c4e,TNP-00435,NCA-2011,MARSAD_ANC
AMD-e0e141cd8c4e,TNP-00437,NCA-2011,MARSAD_ANC
AMD-e0e141cd8c4e,TNP-00447,NCA-2011,MARSAD_ANC
AMD-e0e141cd8c4e,TNP-00463,NCA-2011,MARSAD_ANC
AMD-e0e141cd8c4e,TNP-00478,NCA-2011,MARSAD_ANC
AMD-e0e141cd8c4e,TNP-00481,NCA-2011,MARSAD_ANC
AMD-e0e141cd8c4e,TNP-00488,NCA-2011,MARSAD_ANC
AMD-e0e141cd8c4e,TNP-00493,NCA-2011,MARSAD_ANC
AMD-e0e141cd8c4e,TNP-00496,NCA-2011,MARSAD_ANC
AMD-e0e141cd8c4e,TNP-00502,NCA-2011,MARSAD_ANC
AMD-e0e141cd8c4e,TNP-00516,NCA-2011,MARSAD_ANC
AMD-e0e141cd8c4e,TNP-00534,NCA-2011,MARSAD_ANC
AMD-e0e141cd8c4e,TNP-00551,NCA-2011,MARSAD_ANC
AMD-e0e141cd8c4e,TNP-00560,NCA-2011,MARSAD_ANC
AMD-88f8708ba94d,TNP-00007,NCA-2011,MARSAD_ANC
AMD-88f8708ba94d,TNP-00380,NCA-2011,MARSAD_ANC
AMD-88f8708ba94d,TNP-00381,NCA-2011,MARSAD_ANC
AMD-88f8708ba94d,TNP-00384,NCA-2011,MARSAD_ANC
AMD-88f8708ba94d,TNP-00392,NCA-2011,MARSAD_ANC
AMD-88f8708ba94d,TNP-00406,NCA-2011,MARSAD_ANC
AMD-88f8708ba94d,TNP-00428,NCA-2011,MARSAD_ANC
AMD-88f8708ba94d,TNP-00429,NCA-2011,MARSAD_ANC
AMD-88f8708ba94d,TNP-00435,NCA-2011,MARSAD_ANC
AMD-88f8708ba94d,TNP-00481,NCA-2011,MARSAD_ANC
AMD-88f8708ba94d,TNP-00504,NCA-2011,MARSAD_ANC
AMD-88f8708ba94d,TNP-00505,NCA-2011,MARSAD_ANC
AMD-88f8708ba94d,TNP-00516,NCA-2011,MARSAD_ANC
AMD-88f8708ba94d,TNP-00525,NCA-2011,MARSAD_ANC
AMD-88f8708ba94d,TNP-00562,NCA-2011,MARSAD_ANC
AMD-b74fedc4e21d,TNP-00141,NCA-2011,MARSAD_ANC
AMD-b74fedc4e21d,TNP-00367,NCA-2011,MARSAD_ANC
AMD-b74fedc4e21d,TNP-00370,NCA-2011,MARSAD_ANC
AMD-b74fedc4e21d,TNP-00384,NCA-2011,MARSAD_ANC
AMD-b74fedc4e21d,TNP-00390,NCA-2011,MARSAD_ANC
AMD-b74fedc4e21d,TNP-00405,NCA-2011,MARSAD_ANC
AMD-b74fedc4e21d,TNP-00415,NCA-2011,MARSAD_ANC
AMD-b74fedc4e21d,TNP-00419,NCA-2011,MARSAD_ANC
AMD-b74fedc4e21d,TNP-00426,NCA-2011,MARSAD_ANC
AMD-b74fedc4e21d,TNP-00428,NCA-2011,MARSAD_ANC
AMD-b74fedc4e21d,TNP-00450,NCA-2011,MARSAD_ANC
AMD-b74fedc4e21d,TNP-00457,NCA-2011,MARSAD_ANC
AMD-b74fedc4e21d,TNP-00463,NCA-2011,MARSAD_ANC
AMD-b74fedc4e21d,TNP-00482,NCA-2011,MARSAD_ANC
AMD-b74fedc4e21d,TNP-00493,NCA-2011,MARSAD_ANC
AMD-b74fedc4e21d,TNP-00502,NCA-2011,MARSAD_ANC
AMD-b74fedc4e21d,TNP-00503,NCA-2011,MARSAD_ANC
AMD-b74fedc4e21d,TNP-00521,NCA-2011,MARSAD_ANC
AMD-b74fedc4e21d,TNP-00522,NCA-2011,MARSAD_ANC
AMD-b74fedc4e21d,TNP-00527,NCA-2011,MARSAD_ANC
AMD-b74fedc4e21d,TNP-00533,NCA-2011,MARSAD_ANC
AMD-b74fedc4e21d,TNP-00534,NCA-2011,MARSAD_ANC
AMD-b74fedc4e21d,TNP-00544,NCA-2011,MARSAD_ANC
AMD-b74fedc4e21d,TNP-00548,NCA-2011,MARSAD_ANC
AMD-b74fedc4e21d,TNP-00551,NCA-2011,MARSAD_ANC
AMD-b74fedc4e21d,TNP-00553,NCA-2011,MARSAD_ANC
AMD-b74fedc4e21d,TNP-00554,NCA-2011,MARSAD_ANC
AMD-b74fedc4e21d,TNP-00564,NCA-2011,MARSAD_ANC
AMD-2247a8797ae5,TNP-00007,NCA-2011,MARSAD_ANC
AMD-2247a8797ae5,TNP-00141,NCA-2011,MARSAD_ANC
AMD-2247a8797ae5,TNP-00368,NCA-2011,MARSAD_ANC
AMD-2247a8797ae5,TNP-00384,NCA-2011,MARSAD_ANC
AMD-2247a8797ae5,TNP-00390,NCA-2011,MARSAD_ANC
AMD-2247a8797ae5,TNP-00412,NCA-2011,MARSAD_ANC
AMD-2247a8797ae5,TNP-00415,NCA-2011,MARSAD_ANC
AMD-2247a8797ae5,TNP-00426,NCA-2011,MARSAD_ANC
AMD-2247a8797ae5,TNP-00427,NCA-2011,MARSAD_ANC
AMD-2247a8797ae5,TNP-00428,NCA-2011,MARSAD_ANC
AMD-2247a8797ae5,TNP-00434,NCA-2011,MARSAD_ANC
AMD-2247a8797ae5,TNP-00450,NCA-2011,MARSAD_ANC
AMD-2247a8797ae5,TNP-00457,NCA-2011,MARSAD_ANC
AMD-2247a8797ae5,TNP-00463,NCA-2011,MARSAD_ANC
AMD-2247a8797ae5,TNP-00476,NCA-2011,MARSAD_ANC
AMD-2247a8797ae5,TNP-00479,NCA-2011,MARSAD_ANC
AMD-2247a8797ae5,TNP-00482,NCA-2011,MARSAD_ANC
AMD-2247a8797ae5,TNP-00483,NCA-2011,MARSAD_ANC
AMD-2247a8797ae5,TNP-00488,NCA-2011,MARSAD_ANC
AMD-2247a8797ae5,TNP-00493,NCA-2011,MARSAD_ANC
AMD-2247a8797ae5,TNP-00502,NCA-2011,MARSAD_ANC
AMD-2247a8797ae5,TNP-00503,NCA-2011,MARSAD_ANC
AMD-2247a8797ae5,TNP-00521,NCA-2011,MARSAD_ANC
AMD-2247a8797ae5,TNP-00522,NCA-2011,MARSAD_ANC
AMD-2247a8797ae5,TNP-00527,NCA-2011,MARSAD_ANC
AMD-2247a8797ae5,TNP-00534,NCA-2011,MARSAD_ANC
AMD-2247a8797ae5,TNP-00544,NCA-2011,MARSAD_ANC
AMD-2247a8797ae5,TNP-00551,NCA-2011,MARSAD_ANC
AMD-2247a8797ae5,TNP-00560,NCA-2011,MARSAD_ANC
AMD-4d959ab8b418,TNP-00141,NCA-2011,MARSAD_ANC
AMD-4d959ab8b418,TNP-00374,NCA-2011,MARSAD_ANC
AMD-4d959ab8b418,TNP-00379,NCA-2011,MARSAD_ANC
AMD-4d959ab8b418,TNP-00392,NCA-2011,MARSAD_ANC
AMD-4d959ab8b418,TNP-00406,NCA-2011,MARSAD_ANC
AMD-4d959ab8b418,TNP-00407,NCA-2011,MARSAD_ANC
AMD-4d959ab8b418,TNP-00410,NCA-2011,MARSAD_ANC
AMD-4d959ab8b418,TNP-00416,NCA-2011,MARSAD_ANC
AMD-4d959ab8b418,TNP-00423,NCA-2011,MARSAD_ANC
AMD-4d959ab8b418,TNP-00427,NCA-2011,MARSAD_ANC
AMD-4d959ab8b418,TNP-00429,NCA-2011,MARSAD_ANC
AMD-4d959ab8b418,TNP-00433,NCA-2011,MARSAD_ANC
AMD-4d959ab8b418,TNP-00441,NCA-2011,MARSAD_ANC
AMD-4d959ab8b418,TNP-00449,NCA-2011,MARSAD_ANC
AMD-4d959ab8b418,TNP-00466,NCA-2011,MARSAD_ANC
AMD-4d959ab8b418,TNP-00481,NCA-2011,MARSAD_ANC
AMD-4d959ab8b418,TNP-00493,NCA-2011,MARSAD_ANC
AMD-4d959ab8b418,TNP-00498,NCA-2011,MARSAD_ANC
AMD-4d959ab8b418,TNP-00515,NCA-2011,MARSAD_ANC
AMD-4d959ab8b418,TNP-00516,NCA-2011,MARSAD_ANC
AMD-4d959ab8b418,TNP-00519,NCA-2011,MARSAD_ANC
AMD-4d959ab8b418,TNP-00529,NCA-2011,MARSAD_ANC
AMD-4d959ab8b418,TNP-00542,NCA-2011,MARSAD_ANC
AMD-4d959ab8b418,TNP-00545,NCA-2011,MARSAD_ANC
AMD-4d959ab8b418,TNP-00549,NCA-2011,MARSAD_ANC
AMD-4d959ab8b418,TNP-00550,NCA-2011,MARSAD_ANC
AMD-4d959ab8b418,TNP-00551,NCA-2011,MARSAD_ANC
AMD-4d959ab8b418,TNP-00554,NCA-2011,MARSAD_ANC
AMD-4d959ab8b418,TNP-00562,NCA-2011,MARSAD_ANC
AMD-da7d07ce97f3,TNP-00247,NCA-2011,MARSAD_ANC
AMD-da7d07ce97f3,TNP-00277,NCA-2011,MARSAD_ANC
AMD-da7d07ce97f3,TNP-00332,NCA-2011,MARSAD_ANC
AMD-da7d07ce97f3,TNP-00370,NCA-2011,MARSAD_ANC
AMD-da7d07ce97f3,TNP-00374,NCA-2011,MARSAD_ANC
AMD-da7d07ce97f3,TNP-00388,NCA-2011,MARSAD_ANC
AMD-da7d07ce97f3,TNP-00390,NCA-2011,MARSAD_ANC
AMD-da7d07ce97f3,TNP-00409,NCA-2011,MARSAD_ANC
AMD-da7d07ce97f3,TNP-00419,NCA-2011,MARSAD_ANC
AMD-da7d07ce97f3,TNP-00424,NCA-2011,MARSAD_ANC
AMD-da7d07ce97f3,TNP-00441,NCA-2011,MARSAD_ANC
AMD-da7d07ce97f3,TNP-00442,NCA-2011,MARSAD_ANC
AMD-da7d07ce97f3,TNP-00445,NCA-2011,MARSAD_ANC
AMD-da7d07ce97f3,TNP-00452,NCA-2011,MARSAD_ANC
AMD-da7d07ce97f3,TNP-00456,NCA-2011,MARSAD_ANC
AMD-da7d07ce97f3,TNP-00457,NCA-2011,MARSAD_ANC
AMD-da7d07ce97f3,TNP-00463,NCA-2011,MARSAD_ANC
AMD-da7d07ce97f3,TNP-00467,NCA-2011,MARSAD_ANC
AMD-da7d07ce97f3,TNP-00475,NCA-2011,MARSAD_ANC
AMD-da7d07ce97f3,TNP-00478,NCA-2011,MARSAD_ANC
AMD-da7d07ce97f3,TNP-00483,NCA-2011,MARSAD_ANC
AMD-da7d07ce97f3,TNP-00484,NCA-2011,MARSAD_ANC
AMD-da7d07ce97f3,TNP-00488,NCA-2011,MARSAD_ANC
AMD-da7d07ce97f3,TNP-00492,NCA-2011,MARSAD_ANC
AMD-da7d07ce97f3,TNP-00514,NCA-2011,MARSAD_ANC
AMD-da7d07ce97f3,TNP-00522,NCA-2011,MARSAD_ANC
AMD-da7d07ce97f3,TNP-00549,NCA-2011,MARSAD_ANC
AMD-da7d07ce97f3,TNP-00551,NCA-2011,MARSAD_ANC
AMD-da7d07ce97f3,TNP-00557,NCA-2011,MARSAD_ANC
AMD-da7d07ce97f3,TNP-00561,NCA-2011,MARSAD_ANC
AMD-778d07d0b84d,TNP-00141,NCA-2011,MARSAD_ANC
AMD-778d07d0b84d,TNP-00370,NCA-2011,MARSAD_ANC
AMD-778d07d0b84d,TNP-00374,NCA-2011,MARSAD_ANC
AMD-778d07d0b84d,TNP-00427,NCA-2011,MARSAD_ANC
AMD-778d07d0b84d,TNP-00457,NCA-2011,MARSAD_ANC
AMD-778d07d0b84d,TNP-00463,NCA-2011,MARSAD_ANC
AMD-778d07d0b84d,TNP-00466,NCA-2011,MARSAD_ANC
AMD-778d07d0b84d,TNP-00488,NCA-2011,MARSAD_ANC
AMD-778d07d0b84d,TNP-00502,NCA-2011,MARSAD_ANC
AMD-778d07d0b84d,TNP-00503,NCA-2011,MARSAD_ANC
AMD-778d07d0b84d,TNP-00507,NCA-2011,MARSAD_ANC
AMD-778d07d0b84d,TNP-00522,NCA-2011,MARSAD_ANC
AMD-778d07d0b84d,TNP-00550,NCA-2011,MARSAD_ANC
AMD-778d07d0b84d,TNP-00551,NCA-2011,MARSAD_ANC
AMD-778d07d0b84d,TNP-00557,NCA-2011,MARSAD_ANC
AMD-d1b0f8b9c017,TNP-00141,NCA-2011,MARSAD_ANC
AMD-d1b0f8b9c017,TNP-00332,NCA-2011,MARSAD_ANC
AMD-d1b0f8b9c017,TNP-00390,NCA-2011,MARSAD_ANC
AMD-d1b0f8b9c017,TNP-00416,NCA-2011,MARSAD_ANC
AMD-d1b0f8b9c017,TNP-00419,NCA-2011,MARSAD_ANC
AMD-d1b0f8b9c017,TNP-00427,NCA-2011,MARSAD_ANC
AMD-d1b0f8b9c017,TNP-00428,NCA-2011,MARSAD_ANC
AMD-d1b0f8b9c017,TNP-00434,NCA-2011,MARSAD_ANC
AMD-d1b0f8b9c017,TNP-00463,NCA-2011,MARSAD_ANC
AMD-d1b0f8b9c017,TNP-00467,NCA-2011,MARSAD_ANC
AMD-d1b0f8b9c017,TNP-00476,NCA-2011,MARSAD_ANC
AMD-d1b0f8b9c017,TNP-00522,NCA-2011,MARSAD_ANC
AMD-d1b0f8b9c017,TNP-00527,NCA-2011,MARSAD_ANC
AMD-d1b0f8b9c017,TNP-00562,NCA-2011,MARSAD_ANC
AMD-3d42990e4162,TNP-00174,NCA-2011,MARSAD_ANC
AMD-3d42990e4162,TNP-00199,NCA-2011,MARSAD_ANC
AMD-3d42990e4162,TNP-00289,NCA-2011,MARSAD_ANC
AMD-3d42990e4162,TNP-00332,NCA-2011,MARSAD_ANC
AMD-3d42990e4162,TNP-00370,NCA-2011,MARSAD_ANC
AMD-3d42990e4162,TNP-00378,NCA-2011,MARSAD_ANC
AMD-3d42990e4162,TNP-00381,NCA-2011,MARSAD_ANC
AMD-3d42990e4162,TNP-00388,NCA-2011,MARSAD_ANC
AMD-3d42990e4162,TNP-00402,NCA-2011,MARSAD_ANC
AMD-3d42990e4162,TNP-00422,NCA-2011,MARSAD_ANC
AMD-3d42990e4162,TNP-00434,NCA-2011,MARSAD_ANC
AMD-3d42990e4162,TNP-00435,NCA-2011,MARSAD_ANC
AMD-3d42990e4162,TNP-00442,NCA-2011,MARSAD_ANC
AMD-3d42990e4162,TNP-00456,NCA-2011,MARSAD_ANC
AMD-3d42990e4162,TNP-00465,NCA-2011,MARSAD_ANC
AMD-3d42990e4162,TNP-00478,NCA-2011,MARSAD_ANC
AMD-3d42990e4162,TNP-00488,NCA-2011,MARSAD_ANC
AMD-3d42990e4162,TNP-00499,NCA-2011,MARSAD_ANC
AMD-3d42990e4162,TNP-00500,NCA-2011,MARSAD_ANC
AMD-3d42990e4162,TNP-00502,NCA-2011,MARSAD_ANC
AMD-3d42990e4162,TNP-00507,NCA-2011,MARSAD_ANC
AMD-3d42990e4162,TNP-00508,NCA-2011,MARSAD_ANC
AMD-3d42990e4162,TNP-00517,NCA-2011,MARSAD_ANC
AMD-3d42990e4162,TNP-00521,NCA-2011,MARSAD_ANC
AMD-3d42990e4162,TNP-00524,NCA-2011,MARSAD_ANC
AMD-3d42990e4162,TNP-00544,NCA-2011,MARSAD_ANC
AMD-3d42990e4162,TNP-00557,NCA-2011,MARSAD_ANC
AMD-3d42990e4162,TNP-00558,NCA-2011,MARSAD_ANC
AMD-3d42990e4162,TNP-00564,NCA-2011,MARSAD_ANC
AMD-5e915def50f9,TNP-00007,NCA-2011,MARSAD_ANC
AMD-5e915def50f9,TNP-00289,NCA-2011,MARSAD_ANC
AMD-5e915def50f9,TNP-00367,NCA-2011,MARSAD_ANC
AMD-5e915def50f9,TNP-00370,NCA-2011,MARSAD_ANC
AMD-5e915def50f9,TNP-00381,NCA-2011,MARSAD_ANC
AMD-5e915def50f9,TNP-00384,NCA-2011,MARSAD_ANC
AMD-5e915def50f9,TNP-00390,NCA-2011,MARSAD_ANC
AMD-5e915def50f9,TNP-00392,NCA-2011,MARSAD_ANC
AMD-5e915def50f9,TNP-00395,NCA-2011,MARSAD_ANC
AMD-5e915def50f9,TNP-00417,NCA-2011,MARSAD_ANC
AMD-5e915def50f9,TNP-00426,NCA-2011,MARSAD_ANC
AMD-5e915def50f9,TNP-00427,NCA-2011,MARSAD_ANC
AMD-5e915def50f9,TNP-00428,NCA-2011,MARSAD_ANC
AMD-5e915def50f9,TNP-00429,NCA-2011,MARSAD_ANC
AMD-5e915def50f9,TNP-00434,NCA-2011,MARSAD_ANC
AMD-5e915def50f9,TNP-00435,NCA-2011,MARSAD_ANC
AMD-5e915def50f9,TNP-00450,NCA-2011,MARSAD_ANC
AMD-5e915def50f9,TNP-00457,NCA-2011,MARSAD_ANC
AMD-5e915def50f9,TNP-00479,NCA-2011,MARSAD_ANC
AMD-5e915def50f9,TNP-00487,NCA-2011,MARSAD_ANC
AMD-5e915def50f9,TNP-00493,NCA-2011,MARSAD_ANC
AMD-5e915def50f9,TNP-00503,NCA-2011,MARSAD_ANC
AMD-5e915def50f9,TNP-00515,NCA-2011,MARSAD_ANC
AMD-5e915def50f9,TNP-00516,NCA-2011,MARSAD_ANC
AMD-5e915def50f9,TNP-00522,NCA-2011,MARSAD_ANC
AMD-5e915def50f9,TNP-00525,NCA-2011,MARSAD_ANC
AMD-5e915def50f9,TNP-00527,NCA-2011,MARSAD_ANC
AMD-5e915def50f9,TNP-00534,NCA-2011,MARSAD_ANC
AMD-93b4fd90dc5b,TNP-00141,NCA-2011,MARSAD_ANC
AMD-93b4fd90dc5b,TNP-00367,NCA-2011,MARSAD_ANC
AMD-93b4fd90dc5b,TNP-00369,NCA-2011,MARSAD_ANC
AMD-93b4fd90dc5b,TNP-00390,NCA-2011,MARSAD_ANC
AMD-93b4fd90dc5b,TNP-00428,NCA-2011,MARSAD_ANC
AMD-93b4fd90dc5b,TNP-00434,NCA-2011,MARSAD_ANC
AMD-93b4fd90dc5b,TNP-00457,NCA-2011,MARSAD_ANC
AMD-93b4fd90dc5b,TNP-00488,NCA-2011,MARSAD_ANC
AMD-93b4fd90dc5b,TNP-00503,NCA-2011,MARSAD_ANC
AMD-93b4fd90dc5b,TNP-00521,NCA-2011,MARSAD_ANC
AMD-93b4fd90dc5b,TNP-00522,NCA-2011,MARSAD_ANC
AMD-93b4fd90dc5b,TNP-00527,NCA-2011,MARSAD_ANC
AMD-93b4fd90dc5b,TNP-00534,NCA-2011,MARSAD_ANC
AMD-93b4fd90dc5b,TNP-00549,NCA-2011,MARSAD_ANC
AMD-93b4fd90dc5b,TNP-00551,NCA-2011,MARSAD_ANC
AMD-567f50671d64,TNP-00141,NCA-2011,MARSAD_ANC
AMD-567f50671d64,TNP-00387,NCA-2011,MARSAD_ANC
AMD-567f50671d64,TNP-00390,NCA-2011,MARSAD_ANC
AMD-567f50671d64,TNP-00412,NCA-2011,MARSAD_ANC
AMD-567f50671d64,TNP-00426,NCA-2011,MARSAD_ANC
AMD-567f50671d64,TNP-00428,NCA-2011,MARSAD_ANC
AMD-567f50671d64,TNP-00434,NCA-2011,MARSAD_ANC
AMD-567f50671d64,TNP-00450,NCA-2011,MARSAD_ANC
AMD-567f50671d64,TNP-00457,NCA-2011,MARSAD_ANC
AMD-567f50671d64,TNP-00488,NCA-2011,MARSAD_ANC
AMD-567f50671d64,TNP-00522,NCA-2011,MARSAD_ANC
AMD-567f50671d64,TNP-00527,NCA-2011,MARSAD_ANC
AMD-567f50671d64,TNP-00534,NCA-2011,MARSAD_ANC
AMD-567f50671d64,TNP-00551,NCA-2011,MARSAD_ANC
AMD-0f4b98798c5d,TNP-00007,NCA-2011,MARSAD_ANC
AMD-0f4b98798c5d,TNP-00141,NCA-2011,MARSAD_ANC
AMD-0f4b98798c5d,TNP-00390,NCA-2011,MARSAD_ANC
AMD-0f4b98798c5d,TNP-00412,NCA-2011,MARSAD_ANC
AMD-0f4b98798c5d,TNP-00428,NCA-2011,MARSAD_ANC
AMD-0f4b98798c5d,TNP-00434,NCA-2011,MARSAD_ANC
AMD-0f4b98798c5d,TNP-00450,NCA-2011,MARSAD_ANC
AMD-0f4b98798c5d,TNP-00457,NCA-2011,MARSAD_ANC
AMD-0f4b98798c5d,TNP-00488,NCA-2011,MARSAD_ANC
AMD-0f4b98798c5d,TNP-00522,NCA-2011,MARSAD_ANC
AMD-0f4b98798c5d,TNP-00525,NCA-2011,MARSAD_ANC
AMD-0f4b98798c5d,TNP-00527,NCA-2011,MARSAD_ANC
AMD-0f4b98798c5d,TNP-00549,NCA-2011,MARSAD_ANC
AMD-0f4b98798c5d,TNP-00551,NCA-2011,MARSAD_ANC
AMD-855e27bc8a31,TNP-00141,NCA-2011,MARSAD_ANC
AMD-855e27bc8a31,TNP-00332,NCA-2011,MARSAD_ANC
AMD-855e27bc8a31,TNP-00376,NCA-2011,MARSAD_ANC
AMD-855e27bc8a31,TNP-00382,NCA-2011,MARSAD_ANC
AMD-855e27bc8a31,TNP-00393,NCA-2011,MARSAD_ANC
AMD-855e27bc8a31,TNP-00402,NCA-2011,MARSAD_ANC
AMD-855e27bc8a31,TNP-00435,NCA-2011,MARSAD_ANC
AMD-855e27bc8a31,TNP-00442,NCA-2011,MARSAD_ANC
AMD-855e27bc8a31,TNP-00465,NCA-2011,MARSAD_ANC
AMD-855e27bc8a31,TNP-00466,NCA-2011,MARSAD_ANC
AMD-855e27bc8a31,TNP-00488,NCA-2011,MARSAD_ANC
AMD-855e27bc8a31,TNP-00493,NCA-2011,MARSAD_ANC
AMD-855e27bc8a31,TNP-00502,NCA-2011,MARSAD_ANC
AMD-855e27bc8a31,TNP-00503,NCA-2011,MARSAD_ANC
AMD-855e27bc8a31,TNP-00507,NCA-2011,MARSAD_ANC
AMD-855e27bc8a31,TNP-00521,NCA-2011,MARSAD_ANC
AMD-855e27bc8a31,TNP-00540,NCA-2011,MARSAD_ANC
AMD-855e27bc8a31,TNP-00550,NCA-2011,MARSAD_ANC
AMD-855e27bc8a31,TNP-00551,NCA-2011,MARSAD_ANC
AMD-855e27bc8a31,TNP-00554,NCA-2011,MARSAD_ANC
AMD-855e27bc8a31,TNP-00557,NCA-2011,MARSAD_ANC
AMD-12dcb7c3970f,TNP-00141,NCA-2011,MARSAD_ANC
AMD-12dcb7c3970f,TNP-00332,NCA-2011,MARSAD_ANC
AMD-12dcb7c3970f,TNP-00374,NCA-2011,MARSAD_ANC
AMD-12dcb7c3970f,TNP-00376,NCA-2011,MARSAD_ANC
AMD-12dcb7c3970f,TNP-00382,NCA-2011,MARSAD_ANC
AMD-12dcb7c3970f,TNP-00393,NCA-2011,MARSAD_ANC
AMD-12dcb7c3970f,TNP-00402,NCA-2011,MARSAD_ANC
AMD-12dcb7c3970f,TNP-00435,NCA-2011,MARSAD_ANC
AMD-12dcb7c3970f,TNP-00442,NCA-2011,MARSAD_ANC
AMD-12dcb7c3970f,TNP-00465,NCA-2011,MARSAD_ANC
AMD-12dcb7c3970f,TNP-00466,NCA-2011,MARSAD_ANC
AMD-12dcb7c3970f,TNP-00488,NCA-2011,MARSAD_ANC
AMD-12dcb7c3970f,TNP-00493,NCA-2011,MARSAD_ANC
AMD-12dcb7c3970f,TNP-00502,NCA-2011,MARSAD_ANC
AMD-12dcb7c3970f,TNP-00503,NCA-2011,MARSAD_ANC
AMD-12dcb7c3970f,TNP-00507,NCA-2011,MARSAD_ANC
AMD-12dcb7c3970f,TNP-00521,NCA-2011,MARSAD_ANC
AMD-12dcb7c3970f,TNP-00540,NCA-2011,MARSAD_ANC
AMD-12dcb7c3970f,TNP-00550,NCA-2011,MARSAD_ANC
AMD-12dcb7c3970f,TNP-00551,NCA-2011,MARSAD_ANC
AMD-12dcb7c3970f,TNP-00554,NCA-2011,MARSAD_ANC
AMD-12dcb7c3970f,TNP-00557,NCA-2011,MARSAD_ANC
AMD-e8b5b0a45e5d,TNP-00370,NCA-2011,MARSAD_ANC
AMD-e8b5b0a45e5d,TNP-00374,NCA-2011,MARSAD_ANC
AMD-e8b5b0a45e5d,TNP-00379,NCA-2011,MARSAD_ANC
AMD-e8b5b0a45e5d,TNP-00390,NCA-2011,MARSAD_ANC
AMD-e8b5b0a45e5d,TNP-00425,NCA-2011,MARSAD_ANC
AMD-e8b5b0a45e5d,TNP-00427,NCA-2011,MARSAD_ANC
AMD-e8b5b0a45e5d,TNP-00428,NCA-2011,MARSAD_ANC
AMD-e8b5b0a45e5d,TNP-00439,NCA-2011,MARSAD_ANC
AMD-e8b5b0a45e5d,TNP-00450,NCA-2011,MARSAD_ANC
AMD-e8b5b0a45e5d,TNP-00457,NCA-2011,MARSAD_ANC
AMD-e8b5b0a45e5d,TNP-00464,NCA-2011,MARSAD_ANC
AMD-e8b5b0a45e5d,TNP-00465,NCA-2011,MARSAD_ANC
AMD-e8b5b0a45e5d,TNP-00476,NCA-2011,MARSAD_ANC
AMD-e8b5b0a45e5d,TNP-00488,NCA-2011,MARSAD_ANC
AMD-e8b5b0a45e5d,TNP-00498,NCA-2011,MARSAD_ANC
AMD-e8b5b0a45e5d,TNP-00507,NCA-2011,MARSAD_ANC
AMD-e8b5b0a45e5d,TNP-00534,NCA-2011,MARSAD_ANC
AMD-e8b5b0a45e5d,TNP-00542,NCA-2011,MARSAD_ANC
AMD-e8b5b0a45e5d,TNP-00551,NCA-2011,MARSAD_ANC
AMD-35e955875057,TNP-00370,NCA-2011,MARSAD_ANC
AMD-35e955875057,TNP-00427,NCA-2011,MARSAD_ANC
AMD-35e955875057,TNP-00428,NCA-2011,MARSAD_ANC
AMD-35e955875057,TNP-00430,NCA-2011,MARSAD_ANC
AMD-35e955875057,TNP-00443,NCA-2011,MARSAD_ANC
AMD-35e955875057,TNP-00444,NCA-2011,MARSAD_ANC
AMD-491ab6830ee4,TNP-00332,NCA-2011,MARSAD_ANC
AMD-491ab6830ee4,TNP-00408,NCA-2011,MARSAD_ANC
AMD-491ab6830ee4,TNP-00410,NCA-2011,MARSAD_ANC
AMD-491ab6830ee4,TNP-00427,NCA-2011,MARSAD_ANC
AMD-491ab6830ee4,TNP-00466,NCA-2011,MARSAD_ANC
AMD-491ab6830ee4,TNP-00478,NCA-2011,MARSAD_ANC
AMD-491ab6830ee4,TNP-00488,NCA-2011,MARSAD_ANC
AMD-491ab6830ee4,TNP-00497,NCA-2011,MARSAD_ANC
AMD-491ab6830ee4,TNP-00502,NCA-2011,MARSAD_ANC
AMD-491ab6830ee4,TNP-00509,NCA-2011,MARSAD_ANC
AMD-491ab6830ee4,TNP-00550,NCA-2011,MARSAD_ANC
AMD-491ab6830ee4,TNP-00558,NCA-2011,MARSAD_ANC
AMD-491ab6830ee4,TNP-00564,NCA-2011,MARSAD_ANC
AMD-dc2668cb4c79,TNP-00377,NCA-2011,MARSAD_ANC
AMD-dc2668cb4c79,TNP-00391,NCA-2011,MARSAD_ANC
AMD-ac527627dbf7,TNP-00277,NCA-2011,MARSAD_ANC
AMD-ac527627dbf7,TNP-00332,NCA-2011,MARSAD_ANC
AMD-ac527627dbf7,TNP-00378,NCA-2011,MARSAD_ANC
AMD-ac527627dbf7,TNP-00392,NCA-2011,MARSAD_ANC
AMD-ac527627dbf7,TNP-00408,NCA-2011,MARSAD_ANC
AMD-ac527627dbf7,TNP-00427,NCA-2011,MARSAD_ANC
AMD-ac527627dbf7,TNP-00466,NCA-2011,MARSAD_ANC
AMD-ac527627dbf7,TNP-00478,NCA-2011,MARSAD_ANC
AMD-ac527627dbf7,TNP-00488,NCA-2011,MARSAD_ANC
AMD-ac527627dbf7,TNP-00497,NCA-2011,MARSAD_ANC
AMD-ac527627dbf7,TNP-00502,NCA-2011,MARSAD_ANC
AMD-ac527627dbf7,TNP-00508,NCA-2011,MARSAD_ANC
AMD-ac527627dbf7,TNP-00509,NCA-2011,MARSAD_ANC
AMD-ac527627dbf7,TNP-00529,NCA-2011,MARSAD_ANC
AMD-ac527627dbf7,TNP-00550,NCA-2011,MARSAD_ANC
AMD-ac527627dbf7,TNP-00558,NCA-2011,MARSAD_ANC
AMD-ac527627dbf7,TNP-00564,NCA-2011,MARSAD_ANC
AMD-43d565509511,TNP-00332,NCA-2011,MARSAD_ANC
AMD-43d565509511,TNP-00392,NCA-2011,MARSAD_ANC
AMD-43d565509511,TNP-00408,NCA-2011,MARSAD_ANC
AMD-43d565509511,TNP-00410,NCA-2011,MARSAD_ANC
AMD-43d565509511,TNP-00478,NCA-2011,MARSAD_ANC
AMD-43d565509511,TNP-00480,NCA-2011,MARSAD_ANC
AMD-43d565509511,TNP-00487,NCA-2011,MARSAD_ANC
AMD-43d565509511,TNP-00488,NCA-2011,MARSAD_ANC
AMD-43d565509511,TNP-00497,NCA-2011,MARSAD_ANC
AMD-43d565509511,TNP-00502,NCA-2011,MARSAD_ANC
AMD-43d565509511,TNP-00509,NCA-2011,MARSAD_ANC
AMD-43d565509511,TNP-00550,NCA-2011,MARSAD_ANC
AMD-43d565509511,TNP-00558,NCA-2011,MARSAD_ANC
AMD-43d565509511,TNP-00564,NCA-2011,MARSAD_ANC
AMD-d0afb09a577f,TNP-00377,NCA-2011,MARSAD_ANC
AMD-d0afb09a577f,TNP-00380,NCA-2011,MARSAD_ANC
AMD-d0afb09a577f,TNP-00406,NCA-2011,MARSAD_ANC
AMD-d0afb09a577f,TNP-00413,NCA-2011,MARSAD_ANC
AMD-d0afb09a577f,TNP-00414,NCA-2011,MARSAD_ANC
AMD-d0afb09a577f,TNP-00459,NCA-2011,MARSAD_ANC
AMD-d0afb09a577f,TNP-00461,NCA-2011,MARSAD_ANC
AMD-d0afb09a577f,TNP-00470,NCA-2011,MARSAD_ANC
AMD-d0afb09a577f,TNP-00492,NCA-2011,MARSAD_ANC
AMD-d0afb09a577f,TNP-00500,NCA-2011,MARSAD_ANC
AMD-d0afb09a577f,TNP-00531,NCA-2011,MARSAD_ANC
AMD-d0afb09a577f,TNP-00547,NCA-2011,MARSAD_ANC
AMD-d0afb09a577f,TNP-00555,NCA-2011,MARSAD_ANC
AMD-d0afb09a577f,TNP-00559,NCA-2011,MARSAD_ANC
AMD-d0afb09a577f,TNP-00563,NCA-2011,MARSAD_ANC
AMD-975588f13f13,TNP-00332,NCA-2011,MARSAD_ANC
AMD-975588f13f13,TNP-00392,NCA-2011,MARSAD_ANC
AMD-975588f13f13,TNP-00408,NCA-2011,MARSAD_ANC
AMD-975588f13f13,TNP-00427,NCA-2011,MARSAD_ANC
AMD-975588f13f13,TNP-00466,NCA-2011,MARSAD_ANC
AMD-975588f13f13,TNP-00478,NCA-2011,MARSAD_ANC
AMD-975588f13f13,TNP-00488,NCA-2011,MARSAD_ANC
AMD-975588f13f13,TNP-00497,NCA-2011,MARSAD_ANC
AMD-975588f13f13,TNP-00502,NCA-2011,MARSAD_ANC
AMD-975588f13f13,TNP-00508,NCA-2011,MARSAD_ANC
AMD-975588f13f13,TNP-00509,NCA-2011,MARSAD_ANC
AMD-975588f13f13,TNP-00550,NCA-2011,MARSAD_ANC
AMD-975588f13f13,TNP-00558,NCA-2011,MARSAD_ANC
AMD-975588f13f13,TNP-00564,NCA-2011,MARSAD_ANC
AMD-ed33e3dfc852,TNP-00007,NCA-2011,MARSAD_ANC
AMD-ed33e3dfc852,TNP-00367,NCA-2011,MARSAD_ANC
AMD-ed33e3dfc852,TNP-00369,NCA-2011,MARSAD_ANC
AMD-ed33e3dfc852,TNP-00416,NCA-2011,MARSAD_ANC
AMD-ed33e3dfc852,TNP-00417,NCA-2011,MARSAD_ANC
AMD-ed33e3dfc852,TNP-00426,NCA-2011,MARSAD_ANC
AMD-ed33e3dfc852,TNP-00434,NCA-2011,MARSAD_ANC
AMD-ed33e3dfc852,TNP-00480,NCA-2011,MARSAD_ANC
AMD-ed33e3dfc852,TNP-00482,NCA-2011,MARSAD_ANC
AMD-ed33e3dfc852,TNP-00493,NCA-2011,MARSAD_ANC
AMD-ed33e3dfc852,TNP-00516,NCA-2011,MARSAD_ANC
AMD-ed33e3dfc852,TNP-00525,NCA-2011,MARSAD_ANC
AMD-ed33e3dfc852,TNP-00562,NCA-2011,MARSAD_ANC
AMD-ed33e3dfc852,TNP-00566,NCA-2011,MARSAD_ANC
AMD-9bb15d784c8a,TNP-00277,NCA-2011,MARSAD_ANC
AMD-9bb15d784c8a,TNP-00370,NCA-2011,MARSAD_ANC
AMD-9bb15d784c8a,TNP-00372,NCA-2011,MARSAD_ANC
AMD-9bb15d784c8a,TNP-00392,NCA-2011,MARSAD_ANC
AMD-9bb15d784c8a,TNP-00438,NCA-2011,MARSAD_ANC
AMD-9bb15d784c8a,TNP-00443,NCA-2011,MARSAD_ANC
AMD-9bb15d784c8a,TNP-00449,NCA-2011,MARSAD_ANC
AMD-9bb15d784c8a,TNP-00470,NCA-2011,MARSAD_ANC
AMD-9bb15d784c8a,TNP-00474,NCA-2011,MARSAD_ANC
AMD-9bb15d784c8a,TNP-00487,NCA-2011,MARSAD_ANC
AMD-9bb15d784c8a,TNP-00506,NCA-2011,MARSAD_ANC
AMD-9bb15d784c8a,TNP-00511,NCA-2011,MARSAD_ANC
AMD-9bb15d784c8a,TNP-00515,NCA-2011,MARSAD_ANC
AMD-9bb15d784c8a,TNP-00536,NCA-2011,MARSAD_ANC
AMD-9bb15d784c8a,TNP-00539,NCA-2011,MARSAD_ANC
AMD-d770bb2e3584,TNP-00141,NCA-2011,MARSAD_ANC
AMD-d770bb2e3584,TNP-00370,NCA-2011,MARSAD_ANC
AMD-d770bb2e3584,TNP-00390,NCA-2011,MARSAD_ANC
AMD-d770bb2e3584,TNP-00402,NCA-2011,MARSAD_ANC
AMD-d770bb2e3584,TNP-00427,NCA-2011,MARSAD_ANC
AMD-d770bb2e3584,TNP-00428,NCA-2011,MARSAD_ANC
AMD-d770bb2e3584,TNP-00435,NCA-2011,MARSAD_ANC
AMD-d770bb2e3584,TNP-00466,NCA-2011,MARSAD_ANC
AMD-d770bb2e3584,TNP-00476,NCA-2011,MARSAD_ANC
AMD-d770bb2e3584,TNP-00488,NCA-2011,MARSAD_ANC
AMD-d770bb2e3584,TNP-00498,NCA-2011,MARSAD_ANC
AMD-d770bb2e3584,TNP-00507,NCA-2011,MARSAD_ANC
AMD-d770bb2e3584,TNP-00517,NCA-2011,MARSAD_ANC
AMD-d770bb2e3584,TNP-00519,NCA-2011,MARSAD_ANC
AMD-d770bb2e3584,TNP-00522,NCA-2011,MARSAD_ANC
AMD-d770bb2e3584,TNP-00527,NCA-2011,MARSAD_ANC
AMD-d770bb2e3584,TNP-00554,NCA-2011,MARSAD_ANC
AMD-1e6a0e37b18a,TNP-00141,NCA-2011,MARSAD_ANC
AMD-1e6a0e37b18a,TNP-00390,NCA-2011,MARSAD_ANC
AMD-1e6a0e37b18a,TNP-00402,NCA-2011,MARSAD_ANC
AMD-1e6a0e37b18a,TNP-00419,NCA-2011,MARSAD_ANC
AMD-1e6a0e37b18a,TNP-00427,NCA-2011,MARSAD_ANC
AMD-1e6a0e37b18a,TNP-00428,NCA-2011,MARSAD_ANC
AMD-1e6a0e37b18a,TNP-00434,NCA-2011,MARSAD_ANC
AMD-1e6a0e37b18a,TNP-00435,NCA-2011,MARSAD_ANC
AMD-1e6a0e37b18a,TNP-00466,NCA-2011,MARSAD_ANC
AMD-1e6a0e37b18a,TNP-00476,NCA-2011,MARSAD_ANC
AMD-1e6a0e37b18a,TNP-00481,NCA-2011,MARSAD_ANC
AMD-1e6a0e37b18a,TNP-00488,NCA-2011,MARSAD_ANC
AMD-1e6a0e37b18a,TNP-00498,NCA-2011,MARSAD_ANC
AMD-1e6a0e37b18a,TNP-00507,NCA-2011,MARSAD_ANC
AMD-1e6a0e37b18a,TNP-00517,NCA-2011,MARSAD_ANC
AMD-1e6a0e37b18a,TNP-00522,NCA-2011,MARSAD_ANC
AMD-1e6a0e37b18a,TNP-00527,NCA-2011,MARSAD_ANC
AMD-1e6a0e37b18a,TNP-00544,NCA-2011,MARSAD_ANC
AMD-2ffda432ef4c,TNP-00390,NCA-2011,MARSAD_ANC
AMD-2ffda432ef4c,TNP-00402,NCA-2011,MARSAD_ANC
AMD-2ffda432ef4c,TNP-00427,NCA-2011,MARSAD_ANC
AMD-2ffda432ef4c,TNP-00428,NCA-2011,MARSAD_ANC
AMD-2ffda432ef4c,TNP-00434,NCA-2011,MARSAD_ANC
AMD-2ffda432ef4c,TNP-00435,NCA-2011,MARSAD_ANC
AMD-2ffda432ef4c,TNP-00466,NCA-2011,MARSAD_ANC
AMD-2ffda432ef4c,TNP-00476,NCA-2011,MARSAD_ANC
AMD-2ffda432ef4c,TNP-00478,NCA-2011,MARSAD_ANC
AMD-2ffda432ef4c,TNP-00488,NCA-2011,MARSAD_ANC
AMD-2ffda432ef4c,TNP-00498,NCA-2011,MARSAD_ANC
AMD-2ffda432ef4c,TNP-00499,NCA-2011,MARSAD_ANC
AMD-2ffda432ef4c,TNP-00507,NCA-2011,MARSAD_ANC
AMD-2ffda432ef4c,TNP-00517,NCA-2011,MARSAD_ANC
AMD-2ffda432ef4c,TNP-00522,NCA-2011,MARSAD_ANC
AMD-2ffda432ef4c,TNP-00527,NCA-2011,MARSAD_ANC
AMD-2ffda432ef4c,TNP-00557,NCA-2011,MARSAD_ANC
AMD-2ffda432ef4c,TNP-00558,NCA-2011,MARSAD_ANC
AMD-16f3ba7c9fb1,TNP-00141,NCA-2011,MARSAD_ANC
AMD-16f3ba7c9fb1,TNP-00390,NCA-2011,MARSAD_ANC
AMD-16f3ba7c9fb1,TNP-00402,NCA-2011,MARSAD_ANC
AMD-16f3ba7c9fb1,TNP-00427,NCA-2011,MARSAD_ANC
AMD-16f3ba7c9fb1,TNP-00428,NCA-2011,MARSAD_ANC
AMD-16f3ba7c9fb1,TNP-00434,NCA-2011,MARSAD_ANC
AMD-16f3ba7c9fb1,TNP-00435,NCA-2011,MARSAD_ANC
AMD-16f3ba7c9fb1,TNP-00481,NCA-2011,MARSAD_ANC
AMD-16f3ba7c9fb1,TNP-00488,NCA-2011,MARSAD_ANC
AMD-16f3ba7c9fb1,TNP-00498,NCA-2011,MARSAD_ANC
AMD-16f3ba7c9fb1,TNP-00507,NCA-2011,MARSAD_ANC
AMD-16f3ba7c9fb1,TNP-00517,NCA-2011,MARSAD_ANC
AMD-16f3ba7c9fb1,TNP-00522,NCA-2011,MARSAD_ANC
AMD-16f3ba7c9fb1,TNP-00527,NCA-2011,MARSAD_ANC
AMD-16f3ba7c9fb1,TNP-00554,NCA-2011,MARSAD_ANC
AMD-2dc50e69817c,TNP-00141,NCA-2011,MARSAD_ANC
AMD-2dc50e69817c,TNP-00374,NCA-2011,MARSAD_ANC
AMD-2dc50e69817c,TNP-00376,NCA-2011,MARSAD_ANC
AMD-2dc50e69817c,TNP-00402,NCA-2011,MARSAD_ANC
AMD-2dc50e69817c,TNP-00425,NCA-2011,MARSAD_ANC
AMD-2dc50e69817c,TNP-00434,NCA-2011,MARSAD_ANC
AMD-2dc50e69817c,TNP-00464,NCA-2011,MARSAD_ANC
AMD-2dc50e69817c,TNP-00476,NCA-2011,MARSAD_ANC
AMD-2dc50e69817c,TNP-00488,NCA-2011,MARSAD_ANC
AMD-2dc50e69817c,TNP-00498,NCA-2011,MARSAD_ANC
AMD-2dc50e69817c,TNP-00521,NCA-2011,MARSAD_ANC
AMD-2dc50e69817c,TNP-00534,NCA-2011,MARSAD_ANC
AMD-2dc50e69817c,TNP-00542,NCA-2011,MARSAD_ANC
AMD-2dc50e69817c,TNP-00551,NCA-2011,MARSAD_ANC
AMD-1c8e291ae9d6,TNP-00141,NCA-2011,MARSAD_ANC
AMD-1c8e291ae9d6,TNP-00277,NCA-2011,MARSAD_ANC
AMD-1c8e291ae9d6,TNP-00289,NCA-2011,MARSAD_ANC
AMD-1c8e291ae9d6,TNP-00357,NCA-2011,MARSAD_ANC
AMD-1c8e291ae9d6,TNP-00369,NCA-2011,MARSAD_ANC
AMD-1c8e291ae9d6,TNP-00375,NCA-2011,MARSAD_ANC
AMD-1c8e291ae9d6,TNP-00376,NCA-2011,MARSAD_ANC
AMD-1c8e291ae9d6,TNP-00377,NCA-2011,MARSAD_ANC
AMD-1c8e291ae9d6,TNP-00387,NCA-2011,MARSAD_ANC
AMD-1c8e291ae9d6,TNP-00393,NCA-2011,MARSAD_ANC
AMD-1c8e291ae9d6,TNP-00409,NCA-2011,MARSAD_ANC
AMD-1c8e291ae9d6,TNP-00410,NCA-2011,MARSAD_ANC
AMD-1c8e291ae9d6,TNP-00412,NCA-2011,MARSAD_ANC
AMD-1c8e291ae9d6,TNP-00416,NCA-2011,MARSAD_ANC
AMD-1c8e291ae9d6,TNP-00418,NCA-2011,MARSAD_ANC
AMD-1c8e291ae9d6,TNP-00424,NCA-2011,MARSAD_ANC
AMD-1c8e291ae9d6,TNP-00429,NCA-2011,MARSAD_ANC
AMD-1c8e291ae9d6,TNP-00433,NCA-2011,MARSAD_ANC
AMD-1c8e291ae9d6,TNP-00434,NCA-2011,MARSAD_ANC
AMD-1c8e291ae9d6,TNP-00441,NCA-2011,MARSAD_ANC
AMD-1c8e291ae9d6,TNP-00444,NCA-2011,MARSAD_ANC
AMD-1c8e291ae9d6,TNP-00445,NCA-2011,MARSAD_ANC
AMD-1c8e291ae9d6,TNP-00455,NCA-2011,MARSAD_ANC
AMD-1c8e291ae9d6,TNP-00456,NCA-2011,MARSAD_ANC
AMD-1c8e291ae9d6,TNP-00458,NCA-2011,MARSAD_ANC
AMD-1c8e291ae9d6,TNP-00463,NCA-2011,MARSAD_ANC
AMD-1c8e291ae9d6,TNP-00464,NCA-2011,MARSAD_ANC
AMD-1c8e291ae9d6,TNP-00466,NCA-2011,MARSAD_ANC
AMD-1c8e291ae9d6,TNP-00473,NCA-2011,MARSAD_ANC
AMD-1c8e291ae9d6,TNP-00476,NCA-2011,MARSAD_ANC
AMD-1c8e291ae9d6,TNP-00480,NCA-2011,MARSAD_ANC
AMD-1c8e291ae9d6,TNP-00483,NCA-2011,MARSAD_ANC
AMD-1c8e291ae9d6,TNP-00488,NCA-2011,MARSAD_ANC
AMD-1c8e291ae9d6,TNP-00493,NCA-2011,MARSAD_ANC
AMD-1c8e291ae9d6,TNP-00495,NCA-2011,MARSAD_ANC
AMD-1c8e291ae9d6,TNP-00503,NCA-2011,MARSAD_ANC
AMD-1c8e291ae9d6,TNP-00504,NCA-2011,MARSAD_ANC
AMD-1c8e291ae9d6,TNP-00508,NCA-2011,MARSAD_ANC
AMD-1c8e291ae9d6,TNP-00512,NCA-2011,MARSAD_ANC
AMD-1c8e291ae9d6,TNP-00516,NCA-2011,MARSAD_ANC
AMD-1c8e291ae9d6,TNP-00517,NCA-2011,MARSAD_ANC
AMD-1c8e291ae9d6,TNP-00521,NCA-2011,MARSAD_ANC
AMD-1c8e291ae9d6,TNP-00524,NCA-2011,MARSAD_ANC
AMD-1c8e291ae9d6,TNP-00527,NCA-2011,MARSAD_ANC
AMD-1c8e291ae9d6,TNP-00528,NCA-2011,MARSAD_ANC
AMD-1c8e291ae9d6,TNP-00533,NCA-2011,MARSAD_ANC
AMD-1c8e291ae9d6,TNP-00539,NCA-2011,MARSAD_ANC
AMD-1c8e291ae9d6,TNP-00543,NCA-2011,MARSAD_ANC
AMD-1c8e291ae9d6,TNP-00548,NCA-2011,MARSAD_ANC
AMD-1c8e291ae9d6,TNP-00549,NCA-2011,MARSAD_ANC
AMD-1c8e291ae9d6,TNP-00551,NCA-2011,MARSAD_ANC
AMD-1c8e291ae9d6,TNP-00553,NCA-2011,MARSAD_ANC
AMD-1c8e291ae9d6,TNP-00555,NCA-2011,MARSAD_ANC
AMD-1c8e291ae9d6,TNP-00560,NCA-2011,MARSAD_ANC
AMD-1c8e291ae9d6,TNP-00561,NCA-2011,MARSAD_ANC
AMD-1c8e291ae9d6,TNP-00562,NCA-2011,MARSAD_ANC
AMD-1c8e291ae9d6,TNP-00563,NCA-2011,MARSAD_ANC
AMD-1c8e291ae9d6,TNP-00564,NCA-2011,MARSAD_ANC
AMD-74610140b23c,TNP-00289,NCA-2011,MARSAD_ANC
AMD-74610140b23c,TNP-00370,NCA-2011,MARSAD_ANC
AMD-74610140b23c,TNP-00372,NCA-2011,MARSAD_ANC
AMD-74610140b23c,TNP-00392,NCA-2011,MARSAD_ANC
AMD-74610140b23c,TNP-00417,NCA-2011,MARSAD_ANC
AMD-74610140b23c,TNP-00443,NCA-2011,MARSAD_ANC
AMD-74610140b23c,TNP-00444,NCA-2011,MARSAD_ANC
AMD-74610140b23c,TNP-00469,NCA-2011,MARSAD_ANC
AMD-74610140b23c,TNP-00480,NCA-2011,MARSAD_ANC
AMD-74610140b23c,TNP-00482,NCA-2011,MARSAD_ANC
AMD-74610140b23c,TNP-00506,NCA-2011,MARSAD_ANC
AMD-74610140b23c,TNP-00515,NCA-2011,MARSAD_ANC
AMD-74610140b23c,TNP-00525,NCA-2011,MARSAD_ANC
AMD-74610140b23c,TNP-00536,NCA-2011,MARSAD_ANC
AMD-74610140b23c,TNP-00543,NCA-2011,MARSAD_ANC
AMD-438c31059701,TNP-00007,NCA-2011,MARSAD_ANC
AMD-438c31059701,TNP-00367,NCA-2011,MARSAD_ANC
AMD-438c31059701,TNP-00371,NCA-2011,MARSAD_ANC
AMD-438c31059701,TNP-00376,NCA-2011,MARSAD_ANC
AMD-438c31059701,TNP-00381,NCA-2011,MARSAD_ANC
AMD-438c31059701,TNP-00402,NCA-2011,MARSAD_ANC
AMD-438c31059701,TNP-00429,NCA-2011,MARSAD_ANC
AMD-438c31059701,TNP-00435,NCA-2011,MARSAD_ANC
AMD-438c31059701,TNP-00447,NCA-2011,MARSAD_ANC
AMD-438c31059701,TNP-00460,NCA-2011,MARSAD_ANC
AMD-438c31059701,TNP-00481,NCA-2011,MARSAD_ANC
AMD-438c31059701,TNP-00493,NCA-2011,MARSAD_ANC
AMD-438c31059701,TNP-00496,NCA-2011,MARSAD_ANC
AMD-438c31059701,TNP-00498,NCA-2011,MARSAD_ANC
AMD-438c31059701,TNP-00516,NCA-2011,MARSAD_ANC
AMD-438c31059701,TNP-00517,NCA-2011,MARSAD_ANC
AMD-438c31059701,TNP-00529,NCA-2011,MARSAD_ANC
AMD-438c31059701,TNP-00549,NCA-2011,MARSAD_ANC
AMD-438c31059701,TNP-00551,NCA-2011,MARSAD_ANC
AMD-d3cd0194c87b,TNP-00368,NCA-2011,MARSAD_ANC
AMD-d3cd0194c87b,TNP-00380,NCA-2011,MARSAD_ANC
AMD-d3cd0194c87b,TNP-00384,NCA-2011,MARSAD_ANC
AMD-d3cd0194c87b,TNP-00428,NCA-2011,MARSAD_ANC
AMD-d3cd0194c87b,TNP-00434,NCA-2011,MARSAD_ANC
AMD-d3cd0194c87b,TNP-00458,NCA-2011,MARSAD_ANC
AMD-d3cd0194c87b,TNP-00465,NCA-2011,MARSAD_ANC
AMD-d3cd0194c87b,TNP-00476,NCA-2011,MARSAD_ANC
AMD-d3cd0194c87b,TNP-00494,NCA-2011,MARSAD_ANC
AMD-d3cd0194c87b,TNP-00501,NCA-2011,MARSAD_ANC
AMD-d3cd0194c87b,TNP-00510,NCA-2011,MARSAD_ANC
AMD-d3cd0194c87b,TNP-00534,NCA-2011,MARSAD_ANC
AMD-d3cd0194c87b,TNP-00552,NCA-2011,MARSAD_ANC
AMD-d3cd0194c87b,TNP-00559,NCA-2011,MARSAD_ANC
AMD-d3cd0194c87b,TNP-00560,NCA-2011,MARSAD_ANC
AMD-6091b7d0dfe4,TNP-00141,NCA-2011,MARSAD_ANC
AMD-6091b7d0dfe4,TNP-00332,NCA-2011,MARSAD_ANC
AMD-6091b7d0dfe4,TNP-00370,NCA-2011,MARSAD_ANC
AMD-6091b7d0dfe4,TNP-00390,NCA-2011,MARSAD_ANC
AMD-6091b7d0dfe4,TNP-00427,NCA-2011,MARSAD_ANC
AMD-6091b7d0dfe4,TNP-00428,NCA-2011,MARSAD_ANC
AMD-6091b7d0dfe4,TNP-00434,NCA-2011,MARSAD_ANC
AMD-6091b7d0dfe4,TNP-00445,NCA-2011,MARSAD_ANC
AMD-6091b7d0dfe4,TNP-00466,NCA-2011,MARSAD_ANC
AMD-6091b7d0dfe4,TNP-00476,NCA-2011,MARSAD_ANC
AMD-6091b7d0dfe4,TNP-00488,NCA-2011,MARSAD_ANC
AMD-6091b7d0dfe4,TNP-00498,NCA-2011,MARSAD_ANC
AMD-6091b7d0dfe4,TNP-00507,NCA-2011,MARSAD_ANC
AMD-6091b7d0dfe4,TNP-00517,NCA-2011,MARSAD_ANC
AMD-6091b7d0dfe4,TNP-00522,NCA-2011,MARSAD_ANC
AMD-6091b7d0dfe4,TNP-00527,NCA-2011,MARSAD_ANC
AMD-6091b7d0dfe4,TNP-00554,NCA-2011,MARSAD_ANC
AMD-6b757de23840,TNP-00380,NCA-2011,MARSAD_ANC
AMD-6b757de23840,TNP-00382,NCA-2011,MARSAD_ANC
AMD-6b757de23840,TNP-00421,NCA-2011,MARSAD_ANC
AMD-6b757de23840,TNP-00422,NCA-2011,MARSAD_ANC
AMD-6b757de23840,TNP-00432,NCA-2011,MARSAD_ANC
AMD-6b757de23840,TNP-00437,NCA-2011,MARSAD_ANC
AMD-6b757de23840,TNP-00446,NCA-2011,MARSAD_ANC
AMD-6b757de23840,TNP-00452,NCA-2011,MARSAD_ANC
AMD-6b757de23840,TNP-00509,NCA-2011,MARSAD_ANC
AMD-6b757de23840,TNP-00533,NCA-2011,MARSAD_ANC
AMD-6b757de23840,TNP-00538,NCA-2011,MARSAD_ANC
AMD-6b757de23840,TNP-00540,NCA-2011,MARSAD_ANC
AMD-6b757de23840,TNP-00548,NCA-2011,MARSAD_ANC
AMD-6b757de23840,TNP-00555,NCA-2011,MARSAD_ANC
AMD-6b757de23840,TNP-00563,NCA-2011,MARSAD_ANC
AMD-594a18cbc984,TNP-00324,NCA-2011,MARSAD_ANC
AMD-594a18cbc984,TNP-00370,NCA-2011,MARSAD_ANC
AMD-3383bdedc1ac,TNP-00277,NCA-2011,MARSAD_ANC
AMD-3383bdedc1ac,TNP-00332,NCA-2011,MARSAD_ANC
AMD-3383bdedc1ac,TNP-00370,NCA-2011,MARSAD_ANC
AMD-3383bdedc1ac,TNP-00379,NCA-2011,MARSAD_ANC
AMD-3383bdedc1ac,TNP-00402,NCA-2011,MARSAD_ANC
AMD-3383bdedc1ac,TNP-00416,NCA-2011,MARSAD_ANC
AMD-3383bdedc1ac,TNP-00427,NCA-2011,MARSAD_ANC
AMD-3383bdedc1ac,TNP-00435,NCA-2011,MARSAD_ANC
AMD-3383bdedc1ac,TNP-00466,NCA-2011,MARSAD_ANC
AMD-3383bdedc1ac,TNP-00476,NCA-2011,MARSAD_ANC
AMD-3383bdedc1ac,TNP-00478,NCA-2011,MARSAD_ANC
AMD-3383bdedc1ac,TNP-00499,NCA-2011,MARSAD_ANC
AMD-3383bdedc1ac,TNP-00507,NCA-2011,MARSAD_ANC
AMD-3383bdedc1ac,TNP-00519,NCA-2011,MARSAD_ANC
AMD-3383bdedc1ac,TNP-00551,NCA-2011,MARSAD_ANC
AMD-3383bdedc1ac,TNP-00554,NCA-2011,MARSAD_ANC
AMD-3383bdedc1ac,TNP-00562,NCA-2011,MARSAD_ANC
AMD-17573c8f9fb4,TNP-00289,NCA-2011,MARSAD_ANC
AMD-17573c8f9fb4,TNP-00372,NCA-2011,MARSAD_ANC
AMD-17573c8f9fb4,TNP-00392,NCA-2011,MARSAD_ANC
AMD-17573c8f9fb4,TNP-00426,NCA-2011,MARSAD_ANC
AMD-17573c8f9fb4,TNP-00430,NCA-2011,MARSAD_ANC
AMD-17573c8f9fb4,TNP-00443,NCA-2011,MARSAD_ANC
AMD-17573c8f9fb4,TNP-00449,NCA-2011,MARSAD_ANC
AMD-17573c8f9fb4,TNP-00487,NCA-2011,MARSAD_ANC
AMD-17573c8f9fb4,TNP-00511,NCA-2011,MARSAD_ANC
AMD-17573c8f9fb4,TNP-00515,NCA-2011,MARSAD_ANC
AMD-17573c8f9fb4,TNP-00536,NCA-2011,MARSAD_ANC
AMD-17573c8f9fb4,TNP-00543,NCA-2011,MARSAD_ANC
AMD-41cc0772976a,TNP-00324,NCA-2011,MARSAD_ANC
AMD-41cc0772976a,TNP-00497,NCA-2011,MARSAD_ANC
AMD-29c2a44147ae,TNP-00289,NCA-2011,MARSAD_ANC
AMD-29c2a44147ae,TNP-00367,NCA-2011,MARSAD_ANC
AMD-29c2a44147ae,TNP-00370,NCA-2011,MARSAD_ANC
AMD-29c2a44147ae,TNP-00416,NCA-2011,MARSAD_ANC
AMD-29c2a44147ae,TNP-00417,NCA-2011,MARSAD_ANC
AMD-29c2a44147ae,TNP-00426,NCA-2011,MARSAD_ANC
AMD-29c2a44147ae,TNP-00427,NCA-2011,MARSAD_ANC
AMD-29c2a44147ae,TNP-00434,NCA-2011,MARSAD_ANC
AMD-29c2a44147ae,TNP-00482,NCA-2011,MARSAD_ANC
AMD-29c2a44147ae,TNP-00493,NCA-2011,MARSAD_ANC
AMD-29c2a44147ae,TNP-00515,NCA-2011,MARSAD_ANC
AMD-29c2a44147ae,TNP-00516,NCA-2011,MARSAD_ANC
AMD-29c2a44147ae,TNP-00525,NCA-2011,MARSAD_ANC
AMD-29c2a44147ae,TNP-00566,NCA-2011,MARSAD_ANC
AMD-903fe71105b2,TNP-00141,NCA-2011,MARSAD_ANC
AMD-903fe71105b2,TNP-00367,NCA-2011,MARSAD_ANC
AMD-903fe71105b2,TNP-00376,NCA-2011,MARSAD_ANC
AMD-903fe71105b2,TNP-00390,NCA-2011,MARSAD_ANC
AMD-903fe71105b2,TNP-00428,NCA-2011,MARSAD_ANC
AMD-903fe71105b2,TNP-00434,NCA-2011,MARSAD_ANC
AMD-903fe71105b2,TNP-00457,NCA-2011,MARSAD_ANC
AMD-903fe71105b2,TNP-00463,NCA-2011,MARSAD_ANC
AMD-903fe71105b2,TNP-00488,NCA-2011,MARSAD_ANC
AMD-903fe71105b2,TNP-00493,NCA-2011,MARSAD_ANC
AMD-903fe71105b2,TNP-00522,NCA-2011,MARSAD_ANC
AMD-903fe71105b2,TNP-00527,NCA-2011,MARSAD_ANC
AMD-903fe71105b2,TNP-00549,NCA-2011,MARSAD_ANC
AMD-903fe71105b2,TNP-00551,NCA-2011,MARSAD_ANC
AMD-16395f50f5e2,TNP-00380,NCA-2011,MARSAD_ANC
AMD-16395f50f5e2,TNP-00382,NCA-2011,MARSAD_ANC
AMD-16395f50f5e2,TNP-00394,NCA-2011,MARSAD_ANC
AMD-16395f50f5e2,TNP-00406,NCA-2011,MARSAD_ANC
AMD-16395f50f5e2,TNP-00413,NCA-2011,MARSAD_ANC
AMD-16395f50f5e2,TNP-00414,NCA-2011,MARSAD_ANC
AMD-16395f50f5e2,TNP-00421,NCA-2011,MARSAD_ANC
AMD-16395f50f5e2,TNP-00446,NCA-2011,MARSAD_ANC
AMD-16395f50f5e2,TNP-00458,NCA-2011,MARSAD_ANC
AMD-16395f50f5e2,TNP-00492,NCA-2011,MARSAD_ANC
AMD-16395f50f5e2,TNP-00493,NCA-2011,MARSAD_ANC
AMD-16395f50f5e2,TNP-00496,NCA-2011,MARSAD_ANC
AMD-16395f50f5e2,TNP-00521,NCA-2011,MARSAD_ANC
AMD-16395f50f5e2,TNP-00538,NCA-2011,MARSAD_ANC
AMD-16395f50f5e2,TNP-00541,NCA-2011,MARSAD_ANC
AMD-7c7fd9b30aa7,TNP-00371,NCA-2011,MARSAD_ANC
AMD-7c7fd9b30aa7,TNP-00381,NCA-2011,MARSAD_ANC
AMD-7c7fd9b30aa7,TNP-00404,NCA-2011,MARSAD_ANC
AMD-7c7fd9b30aa7,TNP-00435,NCA-2011,MARSAD_ANC
AMD-7c7fd9b30aa7,TNP-00460,NCA-2011,MARSAD_ANC
AMD-7c7fd9b30aa7,TNP-00481,NCA-2011,MARSAD_ANC
AMD-7c7fd9b30aa7,TNP-00488,NCA-2011,MARSAD_ANC
AMD-7c7fd9b30aa7,TNP-00494,NCA-2011,MARSAD_ANC
AMD-7c7fd9b30aa7,TNP-00501,NCA-2011,MARSAD_ANC
AMD-7c7fd9b30aa7,TNP-00531,NCA-2011,MARSAD_ANC
AMD-7c7fd9b30aa7,TNP-00533,NCA-2011,MARSAD_ANC
AMD-7c7fd9b30aa7,TNP-00534,NCA-2011,MARSAD_ANC
AMD-7c7fd9b30aa7,TNP-00552,NCA-2011,MARSAD_ANC
AMD-7c7fd9b30aa7,TNP-00559,NCA-2011,MARSAD_ANC
AMD-2e6fa023376a,TNP-00374,NCA-2011,MARSAD_ANC
AMD-2e6fa023376a,TNP-00379,NCA-2011,MARSAD_ANC
AMD-2e6fa023376a,TNP-00422,NCA-2011,MARSAD_ANC
AMD-2e6fa023376a,TNP-00425,NCA-2011,MARSAD_ANC
AMD-2e6fa023376a,TNP-00427,NCA-2011,MARSAD_ANC
AMD-2e6fa023376a,TNP-00464,NCA-2011,MARSAD_ANC
AMD-2e6fa023376a,TNP-00465,NCA-2011,MARSAD_ANC
AMD-2e6fa023376a,TNP-00476,NCA-2011,MARSAD_ANC
AMD-2e6fa023376a,TNP-00498,NCA-2011,MARSAD_ANC
AMD-2e6fa023376a,TNP-00502,NCA-2011,MARSAD_ANC
AMD-2e6fa023376a,TNP-00507,NCA-2011,MARSAD_ANC
AMD-2e6fa023376a,TNP-00529,NCA-2011,MARSAD_ANC
AMD-2e6fa023376a,TNP-00542,NCA-2011,MARSAD_ANC
AMD-b02328c21af5,TNP-00332,NCA-2011,MARSAD_ANC
AMD-b02328c21af5,TNP-00370,NCA-2011,MARSAD_ANC
AMD-b02328c21af5,TNP-00378,NCA-2011,MARSAD_ANC
AMD-b02328c21af5,TNP-00425,NCA-2011,MARSAD_ANC
AMD-b02328c21af5,TNP-00427,NCA-2011,MARSAD_ANC
AMD-b02328c21af5,TNP-00439,NCA-2011,MARSAD_ANC
AMD-b02328c21af5,TNP-00466,NCA-2011,MARSAD_ANC
AMD-b02328c21af5,TNP-00472,NCA-2011,MARSAD_ANC
AMD-b02328c21af5,TNP-00478,NCA-2011,MARSAD_ANC
AMD-b02328c21af5,TNP-00488,NCA-2011,MARSAD_ANC
AMD-b02328c21af5,TNP-00499,NCA-2011,MARSAD_ANC
AMD-b02328c21af5,TNP-00524,NCA-2011,MARSAD_ANC
AMD-b02328c21af5,TNP-00529,NCA-2011,MARSAD_ANC
AMD-b02328c21af5,TNP-00550,NCA-2011,MARSAD_ANC
AMD-b02328c21af5,TNP-00554,NCA-2011,MARSAD_ANC
AMD-b02328c21af5,TNP-00557,NCA-2011,MARSAD_ANC
AMD-b02328c21af5,TNP-00558,NCA-2011,MARSAD_ANC
AMD-b02328c21af5,TNP-00562,NCA-2011,MARSAD_ANC
AMD-89e176273d7c,TNP-00370,NCA-2011,MARSAD_ANC
AMD-89e176273d7c,TNP-00372,NCA-2011,MARSAD_ANC
AMD-89e176273d7c,TNP-00420,NCA-2011,MARSAD_ANC
AMD-89e176273d7c,TNP-00444,NCA-2011,MARSAD_ANC
AMD-89e176273d7c,TNP-00449,NCA-2011,MARSAD_ANC
AMD-89e176273d7c,TNP-00480,NCA-2011,MARSAD_ANC
AMD-89e176273d7c,TNP-00482,NCA-2011,MARSAD_ANC
AMD-89e176273d7c,TNP-00487,NCA-2011,MARSAD_ANC
AMD-89e176273d7c,TNP-00511,NCA-2011,MARSAD_ANC
AMD-89e176273d7c,TNP-00514,NCA-2011,MARSAD_ANC
AMD-89e176273d7c,TNP-00518,NCA-2011,MARSAD_ANC
AMD-89e176273d7c,TNP-00519,NCA-2011,MARSAD_ANC
AMD-89e176273d7c,TNP-00536,NCA-2011,MARSAD_ANC
AMD-89e176273d7c,TNP-00539,NCA-2011,MARSAD_ANC
AMD-89e176273d7c,TNP-00566,NCA-2011,MARSAD_ANC
AMD-dd5e98dfab44,TNP-00007,NCA-2011,MARSAD_ANC
AMD-dd5e98dfab44,TNP-00332,NCA-2011,MARSAD_ANC
AMD-dd5e98dfab44,TNP-00370,NCA-2011,MARSAD_ANC
AMD-dd5e98dfab44,TNP-00408,NCA-2011,MARSAD_ANC
AMD-dd5e98dfab44,TNP-00410,NCA-2011,MARSAD_ANC
AMD-dd5e98dfab44,TNP-00426,NCA-2011,MARSAD_ANC
AMD-dd5e98dfab44,TNP-00427,NCA-2011,MARSAD_ANC
AMD-dd5e98dfab44,TNP-00473,NCA-2011,MARSAD_ANC
AMD-dd5e98dfab44,TNP-00497,NCA-2011,MARSAD_ANC
AMD-dd5e98dfab44,TNP-00502,NCA-2011,MARSAD_ANC
AMD-dd5e98dfab44,TNP-00524,NCA-2011,MARSAD_ANC
AMD-dd5e98dfab44,TNP-00525,NCA-2011,MARSAD_ANC
AMD-dd5e98dfab44,TNP-00543,NCA-2011,MARSAD_ANC
AMD-dd5e98dfab44,TNP-00557,NCA-2011,MARSAD_ANC
AMD-dd5e98dfab44,TNP-00562,NCA-2011,MARSAD_ANC
AMD-dd5e98dfab44,TNP-00564,NCA-2011,MARSAD_ANC
AMD-4d75db02f04b,TNP-00007,NCA-2011,MARSAD_ANC
AMD-4d75db02f04b,TNP-00371,NCA-2011,MARSAD_ANC
AMD-4d75db02f04b,TNP-00533,NCA-2011,MARSAD_ANC
AMD-4d75db02f04b,TNP-00548,NCA-2011,MARSAD_ANC
AMD-3dbce4d970be,TNP-00332,NCA-2011,MARSAD_ANC
AMD-3dbce4d970be,TNP-00391,NCA-2011,MARSAD_ANC
AMD-3dbce4d970be,TNP-00392,NCA-2011,MARSAD_ANC
AMD-3dbce4d970be,TNP-00408,NCA-2011,MARSAD_ANC
AMD-3dbce4d970be,TNP-00416,NCA-2011,MARSAD_ANC
AMD-3dbce4d970be,TNP-00438,NCA-2011,MARSAD_ANC
AMD-3dbce4d970be,TNP-00443,NCA-2011,MARSAD_ANC
AMD-3dbce4d970be,TNP-00473,NCA-2011,MARSAD_ANC
AMD-3dbce4d970be,TNP-00478,NCA-2011,MARSAD_ANC
AMD-3dbce4d970be,TNP-00488,NCA-2011,MARSAD_ANC
AMD-3dbce4d970be,TNP-00497,NCA-2011,MARSAD_ANC
AMD-3dbce4d970be,TNP-00499,NCA-2011,MARSAD_ANC
AMD-3dbce4d970be,TNP-00524,NCA-2011,MARSAD_ANC
AMD-3dbce4d970be,TNP-00536,NCA-2011,MARSAD_ANC
AMD-3dbce4d970be,TNP-00558,NCA-2011,MARSAD_ANC
AMD-3dbce4d970be,TNP-00564,NCA-2011,MARSAD_ANC
AMD-57704d34dafe,TNP-00277,NCA-2011,MARSAD_ANC
AMD-57704d34dafe,TNP-00289,NCA-2011,MARSAD_ANC
AMD-57704d34dafe,TNP-00392,NCA-2011,MARSAD_ANC
AMD-57704d34dafe,TNP-00400,NCA-2011,MARSAD_ANC
AMD-57704d34dafe,TNP-00420,NCA-2011,MARSAD_ANC
AMD-57704d34dafe,TNP-00436,NCA-2011,MARSAD_ANC
AMD-57704d34dafe,TNP-00443,NCA-2011,MARSAD_ANC
AMD-57704d34dafe,TNP-00444,NCA-2011,MARSAD_ANC
AMD-57704d34dafe,TNP-00468,NCA-2011,MARSAD_ANC
AMD-57704d34dafe,TNP-00487,NCA-2011,MARSAD_ANC
AMD-57704d34dafe,TNP-00491,NCA-2011,MARSAD_ANC
AMD-57704d34dafe,TNP-00506,NCA-2011,MARSAD_ANC
AMD-57704d34dafe,TNP-00518,NCA-2011,MARSAD_ANC
AMD-57704d34dafe,TNP-00519,NCA-2011,MARSAD_ANC
AMD-57704d34dafe,TNP-00525,NCA-2011,MARSAD_ANC
AMD-57704d34dafe,TNP-00536,NCA-2011,MARSAD_ANC
AMD-57704d34dafe,TNP-00566,NCA-2011,MARSAD_ANC
AMD-b64cab6f97d6,TNP-00289,NCA-2011,MARSAD_ANC
AMD-b64cab6f97d6,TNP-00370,NCA-2011,MARSAD_ANC
AMD-b64cab6f97d6,TNP-00400,NCA-2011,MARSAD_ANC
AMD-b64cab6f97d6,TNP-00420,NCA-2011,MARSAD_ANC
AMD-b64cab6f97d6,TNP-00436,NCA-2011,MARSAD_ANC
AMD-b64cab6f97d6,TNP-00443,NCA-2011,MARSAD_ANC
AMD-b64cab6f97d6,TNP-00468,NCA-2011,MARSAD_ANC
AMD-b64cab6f97d6,TNP-00491,NCA-2011,MARSAD_ANC
AMD-b64cab6f97d6,TNP-00506,NCA-2011,MARSAD_ANC
AMD-b64cab6f97d6,TNP-00518,NCA-2011,MARSAD_ANC
AMD-b64cab6f97d6,TNP-00519,NCA-2011,MARSAD_ANC
AMD-b64cab6f97d6,TNP-00525,NCA-2011,MARSAD_ANC
AMD-b64cab6f97d6,TNP-00536,NCA-2011,MARSAD_ANC
AMD-b64cab6f97d6,TNP-00543,NCA-2011,MARSAD_ANC
AMD-b64cab6f97d6,TNP-00566,NCA-2011,MARSAD_ANC
AMD-e33c89c17306,TNP-00141,NCA-2011,MARSAD_ANC
AMD-e33c89c17306,TNP-00247,NCA-2011,MARSAD_ANC
AMD-e33c89c17306,TNP-00368,NCA-2011,MARSAD_ANC
AMD-e33c89c17306,TNP-00370,NCA-2011,MARSAD_ANC
AMD-e33c89c17306,TNP-00371,NCA-2011,MARSAD_ANC
AMD-e33c89c17306,TNP-00379,NCA-2011,MARSAD_ANC
AMD-e33c89c17306,TNP-00387,NCA-2011,MARSAD_ANC
AMD-e33c89c17306,TNP-00389,NCA-2011,MARSAD_ANC
AMD-e33c89c17306,TNP-00402,NCA-2011,MARSAD_ANC
AMD-e33c89c17306,TNP-00410,NCA-2011,MARSAD_ANC
AMD-e33c89c17306,TNP-00415,NCA-2011,MARSAD_ANC
AMD-e33c89c17306,TNP-00419,NCA-2011,MARSAD_ANC
AMD-e33c89c17306,TNP-00427,NCA-2011,MARSAD_ANC
AMD-e33c89c17306,TNP-00445,NCA-2011,MARSAD_ANC
AMD-e33c89c17306,TNP-00449,NCA-2011,MARSAD_ANC
AMD-e33c89c17306,TNP-00455,NCA-2011,MARSAD_ANC
AMD-e33c89c17306,TNP-00456,NCA-2011,MARSAD_ANC
AMD-e33c89c17306,TNP-00476,NCA-2011,MARSAD_ANC
AMD-e33c89c17306,TNP-00477,NCA-2011,MARSAD_ANC
AMD-e33c89c17306,TNP-00481,NCA-2011,MARSAD_ANC
AMD-e33c89c17306,TNP-00486,NCA-2011,MARSAD_ANC
AMD-e33c89c17306,TNP-00488,NCA-2011,MARSAD_ANC
AMD-e33c89c17306,TNP-00493,NCA-2011,MARSAD_ANC
AMD-e33c89c17306,TNP-00497,NCA-2011,MARSAD_ANC
AMD-e33c89c17306,TNP-00498,NCA-2011,MARSAD_ANC
AMD-e33c89c17306,TNP-00502,NCA-2011,MARSAD_ANC
AMD-e33c89c17306,TNP-00517,NCA-2011,MARSAD_ANC
AMD-e33c89c17306,TNP-00521,NCA-2011,MARSAD_ANC
AMD-e33c89c17306,TNP-00529,NCA-2011,MARSAD_ANC
AMD-e33c89c17306,TNP-00534,NCA-2011,MARSAD_ANC
AMD-e33c89c17306,TNP-00540,NCA-2011,MARSAD_ANC
AMD-e33c89c17306,TNP-00549,NCA-2011,MARSAD_ANC
AMD-e33c89c17306,TNP-00551,NCA-2011,MARSAD_ANC
AMD-e33c89c17306,TNP-00554,NCA-2011,MARSAD_ANC
AMD-e33c89c17306,TNP-00555,NCA-2011,MARSAD_ANC
AMD-e33c89c17306,TNP-00557,NCA-2011,MARSAD_ANC
AMD-e33c89c17306,TNP-00561,NCA-2011,MARSAD_ANC
AMD-e33c89c17306,TNP-00562,NCA-2011,MARSAD_ANC
AMD-e33c89c17306,TNP-00564,NCA-2011,MARSAD_ANC
AMD-403d2e035ae1,TNP-00277,NCA-2011,MARSAD_ANC
AMD-403d2e035ae1,TNP-00368,NCA-2011,MARSAD_ANC
AMD-403d2e035ae1,TNP-00370,NCA-2011,MARSAD_ANC
AMD-403d2e035ae1,TNP-00388,NCA-2011,MARSAD_ANC
AMD-403d2e035ae1,TNP-00402,NCA-2011,MARSAD_ANC
AMD-403d2e035ae1,TNP-00410,NCA-2011,MARSAD_ANC
AMD-403d2e035ae1,TNP-00412,NCA-2011,MARSAD_ANC
AMD-403d2e035ae1,TNP-00416,NCA-2011,MARSAD_ANC
AMD-403d2e035ae1,TNP-00427,NCA-2011,MARSAD_ANC
AMD-403d2e035ae1,TNP-00434,NCA-2011,MARSAD_ANC
AMD-403d2e035ae1,TNP-00457,NCA-2011,MARSAD_ANC
AMD-403d2e035ae1,TNP-00481,NCA-2011,MARSAD_ANC
AMD-403d2e035ae1,TNP-00487,NCA-2011,MARSAD_ANC
AMD-403d2e035ae1,TNP-00488,NCA-2011,MARSAD_ANC
AMD-403d2e035ae1,TNP-00516,NCA-2011,MARSAD_ANC
AMD-403d2e035ae1,TNP-00534,NCA-2011,MARSAD_ANC
AMD-5011a7c47a3c,TNP-00370,NCA-2011,MARSAD_ANC
AMD-5011a7c47a3c,TNP-00389,NCA-2011,MARSAD_ANC
AMD-5011a7c47a3c,TNP-00392,NCA-2011,MARSAD_ANC
AMD-5011a7c47a3c,TNP-00417,NCA-2011,MARSAD_ANC
AMD-5011a7c47a3c,TNP-00444,NCA-2011,MARSAD_ANC
AMD-5011a7c47a3c,TNP-00448,NCA-2011,MARSAD_ANC
AMD-5011a7c47a3c,TNP-00474,NCA-2011,MARSAD_ANC
AMD-5011a7c47a3c,TNP-00482,NCA-2011,MARSAD_ANC
AMD-5011a7c47a3c,TNP-00508,NCA-2011,MARSAD_ANC
AMD-5011a7c47a3c,TNP-00511,NCA-2011,MARSAD_ANC
AMD-5011a7c47a3c,TNP-00514,NCA-2011,MARSAD_ANC
AMD-5011a7c47a3c,TNP-00517,NCA-2011,MARSAD_ANC
AMD-5011a7c47a3c,TNP-00539,NCA-2011,MARSAD_ANC
AMD-5011a7c47a3c,TNP-00543,NCA-2011,MARSAD_ANC
AMD-5011a7c47a3c,TNP-00552,NCA-2011,MARSAD_ANC
AMD-8a5709cc9cf3,TNP-00141,NCA-2011,MARSAD_ANC
AMD-8a5709cc9cf3,TNP-00247,NCA-2011,MARSAD_ANC
AMD-8a5709cc9cf3,TNP-00368,NCA-2011,MARSAD_ANC
AMD-8a5709cc9cf3,TNP-00370,NCA-2011,MARSAD_ANC
AMD-8a5709cc9cf3,TNP-00371,NCA-2011,MARSAD_ANC
AMD-8a5709cc9cf3,TNP-00379,NCA-2011,MARSAD_ANC
AMD-8a5709cc9cf3,TNP-00387,NCA-2011,MARSAD_ANC
AMD-8a5709cc9cf3,TNP-00389,NCA-2011,MARSAD_ANC
AMD-8a5709cc9cf3,TNP-00402,NCA-2011,MARSAD_ANC
AMD-8a5709cc9cf3,TNP-00410,NCA-2011,MARSAD_ANC
AMD-8a5709cc9cf3,TNP-00415,NCA-2011,MARSAD_ANC
AMD-8a5709cc9cf3,TNP-00419,NCA-2011,MARSAD_ANC
AMD-8a5709cc9cf3,TNP-00427,NCA-2011,MARSAD_ANC
AMD-8a5709cc9cf3,TNP-00445,NCA-2011,MARSAD_ANC
AMD-8a5709cc9cf3,TNP-00449,NCA-2011,MARSAD_ANC
AMD-8a5709cc9cf3,TNP-00455,NCA-2011,MARSAD_ANC
AMD-8a5709cc9cf3,TNP-00456,NCA-2011,MARSAD_ANC
AMD-8a5709cc9cf3,TNP-00476,NCA-2011,MARSAD_ANC
AMD-8a5709cc9cf3,TNP-00477,NCA-2011,MARSAD_ANC
AMD-8a5709cc9cf3,TNP-00481,NCA-2011,MARSAD_ANC
AMD-8a5709cc9cf3,TNP-00486,NCA-2011,MARSAD_ANC
AMD-8a5709cc9cf3,TNP-00488,NCA-2011,MARSAD_ANC
AMD-8a5709cc9cf3,TNP-00493,NCA-2011,MARSAD_ANC
AMD-8a5709cc9cf3,TNP-00497,NCA-2011,MARSAD_ANC
AMD-8a5709cc9cf3,TNP-00498,NCA-2011,MARSAD_ANC
AMD-8a5709cc9cf3,TNP-00502,NCA-2011,MARSAD_ANC
AMD-8a5709cc9cf3,TNP-00517,NCA-2011,MARSAD_ANC
AMD-8a5709cc9cf3,TNP-00521,NCA-2011,MARSAD_ANC
AMD-8a5709cc9cf3,TNP-00529,NCA-2011,MARSAD_ANC
AMD-8a5709cc9cf3,TNP-00534,NCA-2011,MARSAD_ANC
AMD-8a5709cc9cf3,TNP-00540,NCA-2011,MARSAD_ANC
AMD-8a5709cc9cf3,TNP-00549,NCA-2011,MARSAD_ANC
AMD-8a5709cc9cf3,TNP-00551,NCA-2011,MARSAD_ANC
AMD-8a5709cc9cf3,TNP-00554,NCA-2011,MARSAD_ANC
AMD-8a5709cc9cf3,TNP-00555,NCA-2011,MARSAD_ANC
AMD-8a5709cc9cf3,TNP-00557,NCA-2011,MARSAD_ANC
AMD-8a5709cc9cf3,TNP-00561,NCA-2011,MARSAD_ANC
AMD-8a5709cc9cf3,TNP-00562,NCA-2011,MARSAD_ANC
AMD-8a5709cc9cf3,TNP-00564,NCA-2011,MARSAD_ANC
AMD-554ee503f44d,TNP-00007,NCA-2011,MARSAD_ANC
AMD-554ee503f44d,TNP-00277,NCA-2011,MARSAD_ANC
AMD-554ee503f44d,TNP-00395,NCA-2011,MARSAD_ANC
AMD-554ee503f44d,TNP-00400,NCA-2011,MARSAD_ANC
AMD-554ee503f44d,TNP-00416,NCA-2011,MARSAD_ANC
AMD-554ee503f44d,TNP-00426,NCA-2011,MARSAD_ANC
AMD-554ee503f44d,TNP-00430,NCA-2011,MARSAD_ANC
AMD-554ee503f44d,TNP-00479,NCA-2011,MARSAD_ANC
AMD-554ee503f44d,TNP-00511,NCA-2011,MARSAD_ANC
AMD-554ee503f44d,TNP-00512,NCA-2011,MARSAD_ANC
AMD-554ee503f44d,TNP-00524,NCA-2011,MARSAD_ANC
AMD-554ee503f44d,TNP-00535,NCA-2011,MARSAD_ANC
AMD-554ee503f44d,TNP-00539,NCA-2011,MARSAD_ANC
AMD-554ee503f44d,TNP-00562,NCA-2011,MARSAD_ANC
AMD-e1ebca5596d5,TNP-00332,NCA-2011,MARSAD_ANC
AMD-e1ebca5596d5,TNP-00378,NCA-2011,MARSAD_ANC
AMD-e1ebca5596d5,TNP-00379,NCA-2011,MARSAD_ANC
AMD-e1ebca5596d5,TNP-00419,NCA-2011,MARSAD_ANC
AMD-e1ebca5596d5,TNP-00425,NCA-2011,MARSAD_ANC
AMD-e1ebca5596d5,TNP-00439,NCA-2011,MARSAD_ANC
AMD-e1ebca5596d5,TNP-00442,NCA-2011,MARSAD_ANC
AMD-e1ebca5596d5,TNP-00446,NCA-2011,MARSAD_ANC
AMD-e1ebca5596d5,TNP-00466,NCA-2011,MARSAD_ANC
AMD-e1ebca5596d5,TNP-00472,NCA-2011,MARSAD_ANC
AMD-e1ebca5596d5,TNP-00478,NCA-2011,MARSAD_ANC
AMD-e1ebca5596d5,TNP-00499,NCA-2011,MARSAD_ANC
AMD-e1ebca5596d5,TNP-00545,NCA-2011,MARSAD_ANC
AMD-e1ebca5596d5,TNP-00550,NCA-2011,MARSAD_ANC
AMD-e1ebca5596d5,TNP-00557,NCA-2011,MARSAD_ANC
AMD-e1ebca5596d5,TNP-00558,NCA-2011,MARSAD_ANC
AMD-73d91d8bddd9,TNP-00394,NCA-2011,MARSAD_ANC
AMD-73d91d8bddd9,TNP-00398,NCA-2011,MARSAD_ANC
AMD-73d91d8bddd9,TNP-00404,NCA-2011,MARSAD_ANC
AMD-73d91d8bddd9,TNP-00422,NCA-2011,MARSAD_ANC
AMD-73d91d8bddd9,TNP-00432,NCA-2011,MARSAD_ANC
AMD-73d91d8bddd9,TNP-00438,NCA-2011,MARSAD_ANC
AMD-73d91d8bddd9,TNP-00459,NCA-2011,MARSAD_ANC
AMD-73d91d8bddd9,TNP-00461,NCA-2011,MARSAD_ANC
AMD-73d91d8bddd9,TNP-00470,NCA-2011,MARSAD_ANC
AMD-73d91d8bddd9,TNP-00475,NCA-2011,MARSAD_ANC
AMD-73d91d8bddd9,TNP-00517,NCA-2011,MARSAD_ANC
AMD-73d91d8bddd9,TNP-00532,NCA-2011,MARSAD_ANC
AMD-73d91d8bddd9,TNP-00533,NCA-2011,MARSAD_ANC
AMD-73d91d8bddd9,TNP-00543,NCA-2011,MARSAD_ANC
AMD-73d91d8bddd9,TNP-00552,NCA-2011,MARSAD_ANC
AMD-80e15e22ae88,TNP-00371,NCA-2011,MARSAD_ANC
AMD-80e15e22ae88,TNP-00380,NCA-2011,MARSAD_ANC
AMD-80e15e22ae88,TNP-00385,NCA-2011,MARSAD_ANC
AMD-80e15e22ae88,TNP-00406,NCA-2011,MARSAD_ANC
AMD-80e15e22ae88,TNP-00414,NCA-2011,MARSAD_ANC
AMD-80e15e22ae88,TNP-00419,NCA-2011,MARSAD_ANC
AMD-80e15e22ae88,TNP-00421,NCA-2011,MARSAD_ANC
AMD-80e15e22ae88,TNP-00422,NCA-2011,MARSAD_ANC
AMD-80e15e22ae88,TNP-00437,NCA-2011,MARSAD_ANC
AMD-80e15e22ae88,TNP-00461,NCA-2011,MARSAD_ANC
AMD-80e15e22ae88,TNP-00494,NCA-2011,MARSAD_ANC
AMD-80e15e22ae88,TNP-00496,NCA-2011,MARSAD_ANC
AMD-80e15e22ae88,TNP-00531,NCA-2011,MARSAD_ANC
AMD-80e15e22ae88,TNP-00537,NCA-2011,MARSAD_ANC
AMD-80e15e22ae88,TNP-00552,NCA-2011,MARSAD_ANC
AMD-80e15e22ae88,TNP-00559,NCA-2011,MARSAD_ANC
AMD-2dcc5cdb9d86,TNP-00141,NCA-2011,MARSAD_ANC
AMD-2dcc5cdb9d86,TNP-00368,NCA-2011,MARSAD_ANC
AMD-2dcc5cdb9d86,TNP-00381,NCA-2011,MARSAD_ANC
AMD-2dcc5cdb9d86,TNP-00415,NCA-2011,MARSAD_ANC
AMD-2dcc5cdb9d86,TNP-00418,NCA-2011,MARSAD_ANC
AMD-2dcc5cdb9d86,TNP-00421,NCA-2011,MARSAD_ANC
AMD-2dcc5cdb9d86,TNP-00428,NCA-2011,MARSAD_ANC
AMD-2dcc5cdb9d86,TNP-00434,NCA-2011,MARSAD_ANC
AMD-2dcc5cdb9d86,TNP-00456,NCA-2011,MARSAD_ANC
AMD-2dcc5cdb9d86,TNP-00463,NCA-2011,MARSAD_ANC
AMD-2dcc5cdb9d86,TNP-00488,NCA-2011,MARSAD_ANC
AMD-2dcc5cdb9d86,TNP-00498,NCA-2011,MARSAD_ANC
AMD-2dcc5cdb9d86,TNP-00503,NCA-2011,MARSAD_ANC
AMD-2dcc5cdb9d86,TNP-00521,NCA-2011,MARSAD_ANC
AMD-2dcc5cdb9d86,TNP-00522,NCA-2011,MARSAD_ANC
AMD-2dcc5cdb9d86,TNP-00527,NCA-2011,MARSAD_ANC
AMD-2dcc5cdb9d86,TNP-00544,NCA-2011,MARSAD_ANC
AMD-79f78eb37ab4,TNP-00332,NCA-2011,MARSAD_ANC
AMD-79f78eb37ab4,TNP-00370,NCA-2011,MARSAD_ANC
AMD-79f78eb37ab4,TNP-00374,NCA-2011,MARSAD_ANC
AMD-79f78eb37ab4,TNP-00392,NCA-2011,MARSAD_ANC
AMD-79f78eb37ab4,TNP-00419,NCA-2011,MARSAD_ANC
AMD-79f78eb37ab4,TNP-00427,NCA-2011,MARSAD_ANC
AMD-79f78eb37ab4,TNP-00465,NCA-2011,MARSAD_ANC
AMD-79f78eb37ab4,TNP-00476,NCA-2011,MARSAD_ANC
AMD-79f78eb37ab4,TNP-00493,NCA-2011,MARSAD_ANC
AMD-79f78eb37ab4,TNP-00502,NCA-2011,MARSAD_ANC
AMD-79f78eb37ab4,TNP-00507,NCA-2011,MARSAD_ANC
AMD-79f78eb37ab4,TNP-00519,NCA-2011,MARSAD_ANC
AMD-79f78eb37ab4,TNP-00529,NCA-2011,MARSAD_ANC
AMD-79f78eb37ab4,TNP-00534,NCA-2011,MARSAD_ANC
AMD-79f78eb37ab4,TNP-00551,NCA-2011,MARSAD_ANC
AMD-79f78eb37ab4,TNP-00554,NCA-2011,MARSAD_ANC
AMD-2adb28d8cdd7,TNP-00370,NCA-2011,MARSAD_ANC
AMD-2adb28d8cdd7,TNP-00372,NCA-2011,MARSAD_ANC
AMD-2adb28d8cdd7,TNP-00392,NCA-2011,MARSAD_ANC
AMD-2adb28d8cdd7,TNP-00400,NCA-2011,MARSAD_ANC
AMD-2adb28d8cdd7,TNP-00417,NCA-2011,MARSAD_ANC
AMD-2adb28d8cdd7,TNP-00430,NCA-2011,MARSAD_ANC
AMD-2adb28d8cdd7,TNP-00436,NCA-2011,MARSAD_ANC
AMD-2adb28d8cdd7,TNP-00443,NCA-2011,MARSAD_ANC
AMD-2adb28d8cdd7,TNP-00444,NCA-2011,MARSAD_ANC
AMD-2adb28d8cdd7,TNP-00468,NCA-2011,MARSAD_ANC
AMD-2adb28d8cdd7,TNP-00482,NCA-2011,MARSAD_ANC
AMD-2adb28d8cdd7,TNP-00515,NCA-2011,MARSAD_ANC
AMD-2adb28d8cdd7,TNP-00525,NCA-2011,MARSAD_ANC
AMD-2adb28d8cdd7,TNP-00536,NCA-2011,MARSAD_ANC
AMD-43e5b2c691f0,TNP-00007,NCA-2011,MARSAD_ANC
AMD-43e5b2c691f0,TNP-00277,NCA-2011,MARSAD_ANC
AMD-43e5b2c691f0,TNP-00289,NCA-2011,MARSAD_ANC
AMD-43e5b2c691f0,TNP-00370,NCA-2011,MARSAD_ANC
AMD-43e5b2c691f0,TNP-00416,NCA-2011,MARSAD_ANC
AMD-43e5b2c691f0,TNP-00417,NCA-2011,MARSAD_ANC
AMD-43e5b2c691f0,TNP-00426,NCA-2011,MARSAD_ANC
AMD-43e5b2c691f0,TNP-00434,NCA-2011,MARSAD_ANC
AMD-43e5b2c691f0,TNP-00479,NCA-2011,MARSAD_ANC
AMD-43e5b2c691f0,TNP-00482,NCA-2011,MARSAD_ANC
AMD-43e5b2c691f0,TNP-00493,NCA-2011,MARSAD_ANC
AMD-43e5b2c691f0,TNP-00515,NCA-2011,MARSAD_ANC
AMD-43e5b2c691f0,TNP-00525,NCA-2011,MARSAD_ANC
AMD-bf9c194012a4,TNP-00410,NCA-2011,MARSAD_ANC
AMD-bf9c194012a4,TNP-00427,NCA-2011,MARSAD_ANC
AMD-bf9c194012a4,TNP-00437,NCA-2011,MARSAD_ANC
AMD-bf9c194012a4,TNP-00445,NCA-2011,MARSAD_ANC
AMD-bf9c194012a4,TNP-00467,NCA-2011,MARSAD_ANC
AMD-bf9c194012a4,TNP-00476,NCA-2011,MARSAD_ANC
AMD-bf9c194012a4,TNP-00481,NCA-2011,MARSAD_ANC
AMD-bf9c194012a4,TNP-00498,NCA-2011,MARSAD_ANC
AMD-bf9c194012a4,TNP-00524,NCA-2011,MARSAD_ANC
AMD-bf9c194012a4,TNP-00529,NCA-2011,MARSAD_ANC
AMD-bf9c194012a4,TNP-00550,NCA-2011,MARSAD_ANC
AMD-bf9c194012a4,TNP-00558,NCA-2011,MARSAD_ANC
AMD-bf9c194012a4,TNP-00560,NCA-2011,MARSAD_ANC
AMD-bf9c194012a4,TNP-00564,NCA-2011,MARSAD_ANC
AMD-1e44a50db2f3,TNP-00332,NCA-2011,MARSAD_ANC
AMD-1e44a50db2f3,TNP-00378,NCA-2011,MARSAD_ANC
AMD-1e44a50db2f3,TNP-00425,NCA-2011,MARSAD_ANC
AMD-1e44a50db2f3,TNP-00427,NCA-2011,MARSAD_ANC
AMD-1e44a50db2f3,TNP-00439,NCA-2011,MARSAD_ANC
AMD-1e44a50db2f3,TNP-00466,NCA-2011,MARSAD_ANC
AMD-1e44a50db2f3,TNP-00472,NCA-2011,MARSAD_ANC
AMD-1e44a50db2f3,TNP-00478,NCA-2011,MARSAD_ANC
AMD-1e44a50db2f3,TNP-00488,NCA-2011,MARSAD_ANC
AMD-1e44a50db2f3,TNP-00499,NCA-2011,MARSAD_ANC
AMD-1e44a50db2f3,TNP-00524,NCA-2011,MARSAD_ANC
AMD-1e44a50db2f3,TNP-00529,NCA-2011,MARSAD_ANC
AMD-1e44a50db2f3,TNP-00550,NCA-2011,MARSAD_ANC
AMD-1e44a50db2f3,TNP-00557,NCA-2011,MARSAD_ANC
AMD-1e44a50db2f3,TNP-00558,NCA-2011,MARSAD_ANC
AMD-1e44a50db2f3,TNP-00562,NCA-2011,MARSAD_ANC
AMD-b535778ee5e6,TNP-00289,NCA-2011,MARSAD_ANC
AMD-b535778ee5e6,TNP-00370,NCA-2011,MARSAD_ANC
AMD-b535778ee5e6,TNP-00392,NCA-2011,MARSAD_ANC
AMD-b535778ee5e6,TNP-00400,NCA-2011,MARSAD_ANC
AMD-b535778ee5e6,TNP-00416,NCA-2011,MARSAD_ANC
AMD-b535778ee5e6,TNP-00430,NCA-2011,MARSAD_ANC
AMD-b535778ee5e6,TNP-00438,NCA-2011,MARSAD_ANC
AMD-b535778ee5e6,TNP-00443,NCA-2011,MARSAD_ANC
AMD-b535778ee5e6,TNP-00468,NCA-2011,MARSAD_ANC
AMD-b535778ee5e6,TNP-00478,NCA-2011,MARSAD_ANC
AMD-b535778ee5e6,TNP-00508,NCA-2011,MARSAD_ANC
AMD-b535778ee5e6,TNP-00536,NCA-2011,MARSAD_ANC
AMD-b535778ee5e6,TNP-00543,NCA-2011,MARSAD_ANC
AMD-bf30c3a4a23b,TNP-00332,NCA-2011,MARSAD_ANC
AMD-bf30c3a4a23b,TNP-00374,NCA-2011,MARSAD_ANC
AMD-bf30c3a4a23b,TNP-00378,NCA-2011,MARSAD_ANC
AMD-bf30c3a4a23b,TNP-00425,NCA-2011,MARSAD_ANC
AMD-bf30c3a4a23b,TNP-00427,NCA-2011,MARSAD_ANC
AMD-bf30c3a4a23b,TNP-00464,NCA-2011,MARSAD_ANC
AMD-bf30c3a4a23b,TNP-00476,NCA-2011,MARSAD_ANC
AMD-bf30c3a4a23b,TNP-00478,NCA-2011,MARSAD_ANC
AMD-bf30c3a4a23b,TNP-00498,NCA-2011,MARSAD_ANC
AMD-bf30c3a4a23b,TNP-00499,NCA-2011,MARSAD_ANC
AMD-bf30c3a4a23b,TNP-00507,NCA-2011,MARSAD_ANC
AMD-bf30c3a4a23b,TNP-00529,NCA-2011,MARSAD_ANC
AMD-bf30c3a4a23b,TNP-00542,NCA-2011,MARSAD_ANC
AMD-bf30c3a4a23b,TNP-00550,NCA-2011,MARSAD_ANC
AMD-bf30c3a4a23b,TNP-00557,NCA-2011,MARSAD_ANC
AMD-bf30c3a4a23b,TNP-00558,NCA-2011,MARSAD_ANC
AMD-893191c40c22,TNP-00277,NCA-2011,MARSAD_ANC
AMD-893191c40c22,TNP-00372,NCA-2011,MARSAD_ANC
AMD-893191c40c22,TNP-00391,NCA-2011,MARSAD_ANC
AMD-893191c40c22,TNP-00408,NCA-2011,MARSAD_ANC
AMD-893191c40c22,TNP-00420,NCA-2011,MARSAD_ANC
AMD-893191c40c22,TNP-00430,NCA-2011,MARSAD_ANC
AMD-893191c40c22,TNP-00468,NCA-2011,MARSAD_ANC
AMD-893191c40c22,TNP-00487,NCA-2011,MARSAD_ANC
AMD-893191c40c22,TNP-00497,NCA-2011,MARSAD_ANC
AMD-893191c40c22,TNP-00511,NCA-2011,MARSAD_ANC
AMD-893191c40c22,TNP-00512,NCA-2011,MARSAD_ANC
AMD-893191c40c22,TNP-00519,NCA-2011,MARSAD_ANC
AMD-893191c40c22,TNP-00524,NCA-2011,MARSAD_ANC
AMD-893191c40c22,TNP-00536,NCA-2011,MARSAD_ANC
AMD-abf1c7cefdd5,TNP-00371,NCA-2011,MARSAD_ANC
AMD-abf1c7cefdd5,TNP-00380,NCA-2011,MARSAD_ANC
AMD-abf1c7cefdd5,TNP-00385,NCA-2011,MARSAD_ANC
AMD-abf1c7cefdd5,TNP-00398,NCA-2011,MARSAD_ANC
AMD-abf1c7cefdd5,TNP-00406,NCA-2011,MARSAD_ANC
AMD-abf1c7cefdd5,TNP-00414,NCA-2011,MARSAD_ANC
AMD-abf1c7cefdd5,TNP-00419,NCA-2011,MARSAD_ANC
AMD-abf1c7cefdd5,TNP-00421,NCA-2011,MARSAD_ANC
AMD-abf1c7cefdd5,TNP-00422,NCA-2011,MARSAD_ANC
AMD-abf1c7cefdd5,TNP-00432,NCA-2011,MARSAD_ANC
AMD-abf1c7cefdd5,TNP-00494,NCA-2011,MARSAD_ANC
AMD-abf1c7cefdd5,TNP-00496,NCA-2011,MARSAD_ANC
AMD-abf1c7cefdd5,TNP-00531,NCA-2011,MARSAD_ANC
AMD-abf1c7cefdd5,TNP-00537,NCA-2011,MARSAD_ANC
AMD-abf1c7cefdd5,TNP-00555,NCA-2011,MARSAD_ANC
AMD-4dd69d898e80,TNP-00476,NCA-2011,MARSAD_ANC
AMD-4dd69d898e80,TNP-00487,NCA-2011,MARSAD_ANC
AMD-4dd69d898e80,TNP-00501,NCA-2011,MARSAD_ANC
AMD-6c702fcfe130,TNP-00277,NCA-2011,MARSAD_ANC
AMD-6c702fcfe130,TNP-00370,NCA-2011,MARSAD_ANC
AMD-6c702fcfe130,TNP-00392,NCA-2011,MARSAD_ANC
AMD-6c702fcfe130,TNP-00416,NCA-2011,MARSAD_ANC
AMD-6c702fcfe130,TNP-00417,NCA-2011,MARSAD_ANC
AMD-6c702fcfe130,TNP-00430,NCA-2011,MARSAD_ANC
AMD-6c702fcfe130,TNP-00443,NCA-2011,MARSAD_ANC
AMD-6c702fcfe130,TNP-00444,NCA-2011,MARSAD_ANC
AMD-6c702fcfe130,TNP-00468,NCA-2011,MARSAD_ANC
AMD-6c702fcfe130,TNP-00482,NCA-2011,MARSAD_ANC
AMD-6c702fcfe130,TNP-00511,NCA-2011,MARSAD_ANC
AMD-6c702fcfe130,TNP-00515,NCA-2011,MARSAD_ANC
AMD-6c702fcfe130,TNP-00525,NCA-2011,MARSAD_ANC
AMD-6c702fcfe130,TNP-00536,NCA-2011,MARSAD_ANC
AMD-6c702fcfe130,TNP-00543,NCA-2011,MARSAD_ANC
AMD-03963bf549df,TNP-00289,NCA-2011,MARSAD_ANC
AMD-03963bf549df,TNP-00372,NCA-2011,MARSAD_ANC
AMD-03963bf549df,TNP-00400,NCA-2011,MARSAD_ANC
AMD-03963bf549df,TNP-00426,NCA-2011,MARSAD_ANC
AMD-03963bf549df,TNP-00430,NCA-2011,MARSAD_ANC
AMD-03963bf549df,TNP-00438,NCA-2011,MARSAD_ANC
AMD-03963bf549df,TNP-00443,NCA-2011,MARSAD_ANC
AMD-03963bf549df,TNP-00444,NCA-2011,MARSAD_ANC
AMD-03963bf549df,TNP-00449,NCA-2011,MARSAD_ANC
AMD-03963bf549df,TNP-00487,NCA-2011,MARSAD_ANC
AMD-03963bf549df,TNP-00514,NCA-2011,MARSAD_ANC
AMD-03963bf549df,TNP-00517,NCA-2011,MARSAD_ANC
AMD-03963bf549df,TNP-00539,NCA-2011,MARSAD_ANC
AMD-03963bf549df,TNP-00543,NCA-2011,MARSAD_ANC
AMD-5eae9ef61ce5,TNP-00332,NCA-2011,MARSAD_ANC
AMD-5eae9ef61ce5,TNP-00370,NCA-2011,MARSAD_ANC
AMD-5eae9ef61ce5,TNP-00416,NCA-2011,MARSAD_ANC
AMD-5eae9ef61ce5,TNP-00417,NCA-2011,MARSAD_ANC
AMD-5eae9ef61ce5,TNP-00427,NCA-2011,MARSAD_ANC
AMD-5eae9ef61ce5,TNP-00434,NCA-2011,MARSAD_ANC
AMD-5eae9ef61ce5,TNP-00480,NCA-2011,MARSAD_ANC
AMD-5eae9ef61ce5,TNP-00507,NCA-2011,MARSAD_ANC
AMD-5eae9ef61ce5,TNP-00519,NCA-2011,MARSAD_ANC
AMD-5eae9ef61ce5,TNP-00524,NCA-2011,MARSAD_ANC
AMD-5eae9ef61ce5,TNP-00544,NCA-2011,MARSAD_ANC
AMD-5eae9ef61ce5,TNP-00554,NCA-2011,MARSAD_ANC
AMD-5eae9ef61ce5,TNP-00562,NCA-2011,MARSAD_ANC
AMD-5eae9ef61ce5,TNP-00564,NCA-2011,MARSAD_ANC
AMD-e14ba5f8fd04,TNP-00372,NCA-2011,MARSAD_ANC
AMD-e14ba5f8fd04,TNP-00536,NCA-2011,MARSAD_ANC
AMD-db5868411ee7,TNP-00477,NCA-2011,MARSAD_ANC
AMD-db5868411ee7,TNP-00484,NCA-2011,MARSAD_ANC
AMD-a3e2dc7fef4c,TNP-00370,NCA-2011,MARSAD_ANC
AMD-a3e2dc7fef4c,TNP-00374,NCA-2011,MARSAD_ANC
AMD-a3e2dc7fef4c,TNP-00390,NCA-2011,MARSAD_ANC
AMD-a3e2dc7fef4c,TNP-00419,NCA-2011,MARSAD_ANC
AMD-a3e2dc7fef4c,TNP-00425,NCA-2011,MARSAD_ANC
AMD-a3e2dc7fef4c,TNP-00428,NCA-2011,MARSAD_ANC
AMD-a3e2dc7fef4c,TNP-00439,NCA-2011,MARSAD_ANC
AMD-a3e2dc7fef4c,TNP-00457,NCA-2011,MARSAD_ANC
AMD-a3e2dc7fef4c,TNP-00476,NCA-2011,MARSAD_ANC
AMD-a3e2dc7fef4c,TNP-00488,NCA-2011,MARSAD_ANC
AMD-a3e2dc7fef4c,TNP-00498,NCA-2011,MARSAD_ANC
AMD-a3e2dc7fef4c,TNP-00507,NCA-2011,MARSAD_ANC
AMD-a3e2dc7fef4c,TNP-00529,NCA-2011,MARSAD_ANC
AMD-a3e2dc7fef4c,TNP-00534,NCA-2011,MARSAD_ANC
AMD-a3e2dc7fef4c,TNP-00551,NCA-2011,MARSAD_ANC
AMD-7ed101d02ef9,TNP-00141,NCA-2011,MARSAD_ANC
AMD-7ed101d02ef9,TNP-00199,NCA-2011,MARSAD_ANC
AMD-7ed101d02ef9,TNP-00374,NCA-2011,MARSAD_ANC
AMD-7ed101d02ef9,TNP-00390,NCA-2011,MARSAD_ANC
AMD-7ed101d02ef9,TNP-00419,NCA-2011,MARSAD_ANC
AMD-7ed101d02ef9,TNP-00435,NCA-2011,MARSAD_ANC
AMD-7ed101d02ef9,TNP-00445,NCA-2011,MARSAD_ANC
AMD-7ed101d02ef9,TNP-00457,NCA-2011,MARSAD_ANC
AMD-7ed101d02ef9,TNP-00459,NCA-2011,MARSAD_ANC
AMD-7ed101d02ef9,TNP-00463,NCA-2011,MARSAD_ANC
AMD-7ed101d02ef9,TNP-00465,NCA-2011,MARSAD_ANC
AMD-7ed101d02ef9,TNP-00476,NCA-2011,MARSAD_ANC
AMD-7ed101d02ef9,TNP-00502,NCA-2011,MARSAD_ANC
AMD-7ed101d02ef9,TNP-00521,NCA-2011,MARSAD_ANC
AMD-7ed101d02ef9,TNP-00522,NCA-2011,MARSAD_ANC
AMD-7ed101d02ef9,TNP-00527,NCA-2011,MARSAD_ANC
AMD-7ed101d02ef9,TNP-00529,NCA-2011,MARSAD_ANC
AMD-ae86d7686513,TNP-00289,NCA-2011,MARSAD_ANC
AMD-ae86d7686513,TNP-00370,NCA-2011,MARSAD_ANC
AMD-ae86d7686513,TNP-00400,NCA-2011,MARSAD_ANC
AMD-ae86d7686513,TNP-00420,NCA-2011,MARSAD_ANC
AMD-ae86d7686513,TNP-00436,NCA-2011,MARSAD_ANC
AMD-ae86d7686513,TNP-00443,NCA-2011,MARSAD_ANC
AMD-ae86d7686513,TNP-00468,NCA-2011,MARSAD_ANC
AMD-ae86d7686513,TNP-00491,NCA-2011,MARSAD_ANC
AMD-ae86d7686513,TNP-00506,NCA-2011,MARSAD_ANC
AMD-ae86d7686513,TNP-00518,NCA-2011,MARSAD_ANC
AMD-ae86d7686513,TNP-00519,NCA-2011,MARSAD_ANC
AMD-ae86d7686513,TNP-00525,NCA-2011,MARSAD_ANC
AMD-ae86d7686513,TNP-00536,NCA-2011,MARSAD_ANC
AMD-ae86d7686513,TNP-00566,NCA-2011,MARSAD_ANC
AMD-06d10e3f4a36,TNP-00376,NCA-2011,MARSAD_ANC
AMD-06d10e3f4a36,TNP-00380,NCA-2011,MARSAD_ANC
AMD-06d10e3f4a36,TNP-00382,NCA-2011,MARSAD_ANC
AMD-06d10e3f4a36,TNP-00404,NCA-2011,MARSAD_ANC
AMD-06d10e3f4a36,TNP-00406,NCA-2011,MARSAD_ANC
AMD-06d10e3f4a36,TNP-00435,NCA-2011,MARSAD_ANC
AMD-06d10e3f4a36,TNP-00446,NCA-2011,MARSAD_ANC
AMD-06d10e3f4a36,TNP-00460,NCA-2011,MARSAD_ANC
AMD-06d10e3f4a36,TNP-00498,NCA-2011,MARSAD_ANC
AMD-06d10e3f4a36,TNP-00501,NCA-2011,MARSAD_ANC
AMD-06d10e3f4a36,TNP-00503,NCA-2011,MARSAD_ANC
AMD-06d10e3f4a36,TNP-00510,NCA-2011,MARSAD_ANC
AMD-06d10e3f4a36,TNP-00527,NCA-2011,MARSAD_ANC
AMD-06d10e3f4a36,TNP-00529,NCA-2011,MARSAD_ANC
AMD-06d10e3f4a36,TNP-00540,NCA-2011,MARSAD_ANC
AMD-06d10e3f4a36,TNP-00563,NCA-2011,MARSAD_ANC
AMD-94f13462fa04,TNP-00416,NCA-2011,MARSAD_ANC
AMD-94f13462fa04,TNP-00438,NCA-2011,MARSAD_ANC
AMD-02c5033c1ad6,TNP-00007,NCA-2011,MARSAD_ANC
AMD-02c5033c1ad6,TNP-00419,NCA-2011,MARSAD_ANC
AMD-02c5033c1ad6,TNP-00553,NCA-2011,MARSAD_ANC
AMD-d57467a41374,TNP-00416,NCA-2011,MARSAD_ANC
AMD-d57467a41374,TNP-00438,NCA-2011,MARSAD_ANC
AMD-00a5215ddb85,TNP-00370,NCA-2011,MARSAD_ANC
AMD-00a5215ddb85,TNP-00400,NCA-2011,MARSAD_ANC
AMD-00a5215ddb85,TNP-00420,NCA-2011,MARSAD_ANC
AMD-00a5215ddb85,TNP-00443,NCA-2011,MARSAD_ANC
AMD-00a5215ddb85,TNP-00455,NCA-2011,MARSAD_ANC
AMD-00a5215ddb85,TNP-00478,NCA-2011,MARSAD_ANC
AMD-00a5215ddb85,TNP-00479,NCA-2011,MARSAD_ANC
AMD-00a5215ddb85,TNP-00512,NCA-2011,MARSAD_ANC
AMD-00a5215ddb85,TNP-00514,NCA-2011,MARSAD_ANC
AMD-00a5215ddb85,TNP-00517,NCA-2011,MARSAD_ANC
AMD-00a5215ddb85,TNP-00518,NCA-2011,MARSAD_ANC
AMD-00a5215ddb85,TNP-00519,NCA-2011,MARSAD_ANC
AMD-00a5215ddb85,TNP-00535,NCA-2011,MARSAD_ANC
AMD-00a5215ddb85,TNP-00536,NCA-2011,MARSAD_ANC
AMD-00a5215ddb85,TNP-00539,NCA-2011,MARSAD_ANC
AMD-00a5215ddb85,TNP-00566,NCA-2011,MARSAD_ANC
AMD-50b7f3066bd3,TNP-00372,NCA-2011,MARSAD_ANC
AMD-50b7f3066bd3,TNP-00377,NCA-2011,MARSAD_ANC
AMD-50b7f3066bd3,TNP-00393,NCA-2011,MARSAD_ANC
AMD-50b7f3066bd3,TNP-00397,NCA-2011,MARSAD_ANC
AMD-50b7f3066bd3,TNP-00398,NCA-2011,MARSAD_ANC
AMD-50b7f3066bd3,TNP-00401,NCA-2011,MARSAD_ANC
AMD-50b7f3066bd3,TNP-00406,NCA-2011,MARSAD_ANC
AMD-50b7f3066bd3,TNP-00413,NCA-2011,MARSAD_ANC
AMD-50b7f3066bd3,TNP-00422,NCA-2011,MARSAD_ANC
AMD-50b7f3066bd3,TNP-00427,NCA-2011,MARSAD_ANC
AMD-50b7f3066bd3,TNP-00446,NCA-2011,MARSAD_ANC
AMD-50b7f3066bd3,TNP-00452,NCA-2011,MARSAD_ANC
AMD-50b7f3066bd3,TNP-00454,NCA-2011,MARSAD_ANC
AMD-50b7f3066bd3,TNP-00459,NCA-2011,MARSAD_ANC
AMD-50b7f3066bd3,TNP-00461,NCA-2011,MARSAD_ANC
AMD-50b7f3066bd3,TNP-00470,NCA-2011,MARSAD_ANC
AMD-50b7f3066bd3,TNP-00471,NCA-2011,MARSAD_ANC
AMD-50b7f3066bd3,TNP-00477,NCA-2011,MARSAD_ANC
AMD-50b7f3066bd3,TNP-00484,NCA-2011,MARSAD_ANC
AMD-50b7f3066bd3,TNP-00492,NCA-2011,MARSAD_ANC
AMD-50b7f3066bd3,TNP-00505,NCA-2011,MARSAD_ANC
AMD-50b7f3066bd3,TNP-00509,NCA-2011,MARSAD_ANC
AMD-50b7f3066bd3,TNP-00517,NCA-2011,MARSAD_ANC
AMD-50b7f3066bd3,TNP-00532,NCA-2011,MARSAD_ANC
AMD-50b7f3066bd3,TNP-00540,NCA-2011,MARSAD_ANC
AMD-50b7f3066bd3,TNP-00548,NCA-2011,MARSAD_ANC
AMD-50b7f3066bd3,TNP-00552,NCA-2011,MARSAD_ANC
AMD-50b7f3066bd3,TNP-00555,NCA-2011,MARSAD_ANC
AMD-50b7f3066bd3,TNP-00559,NCA-2011,MARSAD_ANC
AMD-d5e40bdc0948,TNP-00141,NCA-2011,MARSAD_ANC
AMD-d5e40bdc0948,TNP-00374,NCA-2011,MARSAD_ANC
AMD-d5e40bdc0948,TNP-00376,NCA-2011,MARSAD_ANC
AMD-d5e40bdc0948,TNP-00382,NCA-2011,MARSAD_ANC
AMD-d5e40bdc0948,TNP-00390,NCA-2011,MARSAD_ANC
AMD-d5e40bdc0948,TNP-00402,NCA-2011,MARSAD_ANC
AMD-d5e40bdc0948,TNP-00405,NCA-2011,MARSAD_ANC
AMD-d5e40bdc0948,TNP-00413,NCA-2011,MARSAD_ANC
AMD-d5e40bdc0948,TNP-00434,NCA-2011,MARSAD_ANC
AMD-d5e40bdc0948,TNP-00450,NCA-2011,MARSAD_ANC
AMD-d5e40bdc0948,TNP-00463,NCA-2011,MARSAD_ANC
AMD-d5e40bdc0948,TNP-00476,NCA-2011,MARSAD_ANC
AMD-d5e40bdc0948,TNP-00488,NCA-2011,MARSAD_ANC
AMD-d5e40bdc0948,TNP-00493,NCA-2011,MARSAD_ANC
AMD-d5e40bdc0948,TNP-00551,NCA-2011,MARSAD_ANC
AMD-64d95f7a612c,TNP-00277,NCA-2011,MARSAD_ANC
AMD-64d95f7a612c,TNP-00372,NCA-2011,MARSAD_ANC
AMD-64d95f7a612c,TNP-00392,NCA-2011,MARSAD_ANC
AMD-64d95f7a612c,TNP-00408,NCA-2011,MARSAD_ANC
AMD-64d95f7a612c,TNP-00426,NCA-2011,MARSAD_ANC
AMD-64d95f7a612c,TNP-00430,NCA-2011,MARSAD_ANC
AMD-64d95f7a612c,TNP-00443,NCA-2011,MARSAD_ANC
AMD-64d95f7a612c,TNP-00473,NCA-2011,MARSAD_ANC
AMD-64d95f7a612c,TNP-00487,NCA-2011,MARSAD_ANC
AMD-64d95f7a612c,TNP-00497,NCA-2011,MARSAD_ANC
AMD-64d95f7a612c,TNP-00506,NCA-2011,MARSAD_ANC
AMD-64d95f7a612c,TNP-00514,NCA-2011,MARSAD_ANC
AMD-64d95f7a612c,TNP-00524,NCA-2011,MARSAD_ANC
AMD-64d95f7a612c,TNP-00536,NCA-2011,MARSAD_ANC
AMD-64d95f7a612c,TNP-00543,NCA-2011,MARSAD_ANC
AMD-e2ed84e56fa3,TNP-00370,NCA-2011,MARSAD_ANC
AMD-e2ed84e56fa3,TNP-00392,NCA-2011,MARSAD_ANC
AMD-e2ed84e56fa3,TNP-00417,NCA-2011,MARSAD_ANC
AMD-e2ed84e56fa3,TNP-00430,NCA-2011,MARSAD_ANC
AMD-e2ed84e56fa3,TNP-00436,NCA-2011,MARSAD_ANC
AMD-e2ed84e56fa3,TNP-00443,NCA-2011,MARSAD_ANC
AMD-e2ed84e56fa3,TNP-00444,NCA-2011,MARSAD_ANC
AMD-e2ed84e56fa3,TNP-00449,NCA-2011,MARSAD_ANC
AMD-e2ed84e56fa3,TNP-00478,NCA-2011,MARSAD_ANC
AMD-e2ed84e56fa3,TNP-00482,NCA-2011,MARSAD_ANC
AMD-e2ed84e56fa3,TNP-00515,NCA-2011,MARSAD_ANC
AMD-e2ed84e56fa3,TNP-00525,NCA-2011,MARSAD_ANC
AMD-e2ed84e56fa3,TNP-00536,NCA-2011,MARSAD_ANC
AMD-e2ed84e56fa3,TNP-00543,NCA-2011,MARSAD_ANC
AMD-19f91cd86364,TNP-00370,NCA-2011,MARSAD_ANC
AMD-19f91cd86364,TNP-00438,NCA-2011,MARSAD_ANC
AMD-d6566b35babf,TNP-00007,NCA-2011,MARSAD_ANC
AMD-d6566b35babf,TNP-00432,NCA-2011,MARSAD_ANC
AMD-d6566b35babf,TNP-00470,NCA-2011,MARSAD_ANC
AMD-c1eec3fbfc7a,TNP-00371,NCA-2011,MARSAD_ANC
AMD-c1eec3fbfc7a,TNP-00380,NCA-2011,MARSAD_ANC
AMD-c1eec3fbfc7a,TNP-00385,NCA-2011,MARSAD_ANC
AMD-c1eec3fbfc7a,TNP-00404,NCA-2011,MARSAD_ANC
AMD-c1eec3fbfc7a,TNP-00405,NCA-2011,MARSAD_ANC
AMD-c1eec3fbfc7a,TNP-00411,NCA-2011,MARSAD_ANC
AMD-c1eec3fbfc7a,TNP-00421,NCA-2011,MARSAD_ANC
AMD-c1eec3fbfc7a,TNP-00437,NCA-2011,MARSAD_ANC
AMD-c1eec3fbfc7a,TNP-00446,NCA-2011,MARSAD_ANC
AMD-c1eec3fbfc7a,TNP-00458,NCA-2011,MARSAD_ANC
AMD-c1eec3fbfc7a,TNP-00461,NCA-2011,MARSAD_ANC
AMD-c1eec3fbfc7a,TNP-00495,NCA-2011,MARSAD_ANC
AMD-c1eec3fbfc7a,TNP-00510,NCA-2011,MARSAD_ANC
AMD-c1eec3fbfc7a,TNP-00533,NCA-2011,MARSAD_ANC
AMD-c1eec3fbfc7a,TNP-00559,NCA-2011,MARSAD_ANC
AMD-2a90b1e5248b,TNP-00374,NCA-2011,MARSAD_ANC
AMD-2a90b1e5248b,TNP-00390,NCA-2011,MARSAD_ANC
AMD-2a90b1e5248b,TNP-00414,NCA-2011,MARSAD_ANC
AMD-2a90b1e5248b,TNP-00419,NCA-2011,MARSAD_ANC
AMD-2a90b1e5248b,TNP-00422,NCA-2011,MARSAD_ANC
AMD-2a90b1e5248b,TNP-00428,NCA-2011,MARSAD_ANC
AMD-2a90b1e5248b,TNP-00457,NCA-2011,MARSAD_ANC
AMD-2a90b1e5248b,TNP-00476,NCA-2011,MARSAD_ANC
AMD-2a90b1e5248b,TNP-00492,NCA-2011,MARSAD_ANC
AMD-2a90b1e5248b,TNP-00493,NCA-2011,MARSAD_ANC
AMD-2a90b1e5248b,TNP-00503,NCA-2011,MARSAD_ANC
AMD-2a90b1e5248b,TNP-00521,NCA-2011,MARSAD_ANC
AMD-2a90b1e5248b,TNP-00544,NCA-2011,MARSAD_ANC
AMD-2a90b1e5248b,TNP-00553,NCA-2011,MARSAD_ANC
AMD-2a90b1e5248b,TNP-00554,NCA-2011,MARSAD_ANC
AMD-a03037dc1094,TNP-00324,NCA-2011,MARSAD_ANC
AMD-a03037dc1094,TNP-00497,NCA-2011,MARSAD_ANC
AMD-f439052d9da1,TNP-00370,NCA-2011,MARSAD_ANC
AMD-f439052d9da1,TNP-00374,NCA-2011,MARSAD_ANC
AMD-f439052d9da1,TNP-00376,NCA-2011,MARSAD_ANC
AMD-f439052d9da1,TNP-00381,NCA-2011,MARSAD_ANC
AMD-f439052d9da1,TNP-00393,NCA-2011,MARSAD_ANC
AMD-f439052d9da1,TNP-00402,NCA-2011,MARSAD_ANC
AMD-f439052d9da1,TNP-00427,NCA-2011,MARSAD_ANC
AMD-f439052d9da1,TNP-00428,NCA-2011,MARSAD_ANC
AMD-f439052d9da1,TNP-00429,NCA-2011,MARSAD_ANC
AMD-f439052d9da1,TNP-00435,NCA-2011,MARSAD_ANC
AMD-f439052d9da1,TNP-00442,NCA-2011,MARSAD_ANC
AMD-f439052d9da1,TNP-00447,NCA-2011,MARSAD_ANC
AMD-f439052d9da1,TNP-00463,NCA-2011,MARSAD_ANC
AMD-f439052d9da1,TNP-00481,NCA-2011,MARSAD_ANC
AMD-f439052d9da1,TNP-00488,NCA-2011,MARSAD_ANC
AMD-f439052d9da1,TNP-00493,NCA-2011,MARSAD_ANC
AMD-f439052d9da1,TNP-00507,NCA-2011,MARSAD_ANC
AMD-f439052d9da1,TNP-00516,NCA-2011,MARSAD_ANC
AMD-f439052d9da1,TNP-00521,NCA-2011,MARSAD_ANC
AMD-f439052d9da1,TNP-00551,NCA-2011,MARSAD_ANC
AMD-b7c92c15dbaf,TNP-00007,NCA-2011,MARSAD_ANC
AMD-b7c92c15dbaf,TNP-00367,NCA-2011,MARSAD_ANC
AMD-b7c92c15dbaf,TNP-00370,NCA-2011,MARSAD_ANC
AMD-b7c92c15dbaf,TNP-00376,NCA-2011,MARSAD_ANC
AMD-b7c92c15dbaf,TNP-00381,NCA-2011,MARSAD_ANC
AMD-b7c92c15dbaf,TNP-00395,NCA-2011,MARSAD_ANC
AMD-b7c92c15dbaf,TNP-00402,NCA-2011,MARSAD_ANC
AMD-b7c92c15dbaf,TNP-00405,NCA-2011,MARSAD_ANC
AMD-b7c92c15dbaf,TNP-00417,NCA-2011,MARSAD_ANC
AMD-b7c92c15dbaf,TNP-00427,NCA-2011,MARSAD_ANC
AMD-b7c92c15dbaf,TNP-00429,NCA-2011,MARSAD_ANC
AMD-b7c92c15dbaf,TNP-00435,NCA-2011,MARSAD_ANC
AMD-b7c92c15dbaf,TNP-00479,NCA-2011,MARSAD_ANC
AMD-b7c92c15dbaf,TNP-00481,NCA-2011,MARSAD_ANC
AMD-b7c92c15dbaf,TNP-00482,NCA-2011,MARSAD_ANC
AMD-b7c92c15dbaf,TNP-00502,NCA-2011,MARSAD_ANC
AMD-b7c92c15dbaf,TNP-00516,NCA-2011,MARSAD_ANC
AMD-b7c92c15dbaf,TNP-00525,NCA-2011,MARSAD_ANC
AMD-b7c92c15dbaf,TNP-00534,NCA-2011,MARSAD_ANC
AMD-b7c92c15dbaf,TNP-00544,NCA-2011,MARSAD_ANC
AMD-b7c92c15dbaf,TNP-00551,NCA-2011,MARSAD_ANC
AMD-041a3d556ccd,TNP-00377,NCA-2011,MARSAD_ANC
AMD-041a3d556ccd,TNP-00393,NCA-2011,MARSAD_ANC
AMD-041a3d556ccd,TNP-00405,NCA-2011,MARSAD_ANC
AMD-041a3d556ccd,TNP-00413,NCA-2011,MARSAD_ANC
AMD-041a3d556ccd,TNP-00418,NCA-2011,MARSAD_ANC
AMD-041a3d556ccd,TNP-00421,NCA-2011,MARSAD_ANC
AMD-041a3d556ccd,TNP-00447,NCA-2011,MARSAD_ANC
AMD-041a3d556ccd,TNP-00458,NCA-2011,MARSAD_ANC
AMD-041a3d556ccd,TNP-00461,NCA-2011,MARSAD_ANC
AMD-041a3d556ccd,TNP-00483,NCA-2011,MARSAD_ANC
AMD-041a3d556ccd,TNP-00505,NCA-2011,MARSAD_ANC
AMD-041a3d556ccd,TNP-00531,NCA-2011,MARSAD_ANC
AMD-041a3d556ccd,TNP-00541,NCA-2011,MARSAD_ANC
AMD-041a3d556ccd,TNP-00559,NCA-2011,MARSAD_ANC
AMD-041a3d556ccd,TNP-00561,NCA-2011,MARSAD_ANC
AMD-66e619c32ae5,TNP-00378,NCA-2011,MARSAD_ANC
AMD-66e619c32ae5,TNP-00379,NCA-2011,MARSAD_ANC
AMD-66e619c32ae5,TNP-00385,NCA-2011,MARSAD_ANC
AMD-66e619c32ae5,TNP-00410,NCA-2011,MARSAD_ANC
AMD-66e619c32ae5,TNP-00432,NCA-2011,MARSAD_ANC
AMD-66e619c32ae5,TNP-00498,NCA-2011,MARSAD_ANC
AMD-66e619c32ae5,TNP-00499,NCA-2011,MARSAD_ANC
AMD-66e619c32ae5,TNP-00507,NCA-2011,MARSAD_ANC
AMD-66e619c32ae5,TNP-00529,NCA-2011,MARSAD_ANC
AMD-66e619c32ae5,TNP-00530,NCA-2011,MARSAD_ANC
AMD-66e619c32ae5,TNP-00550,NCA-2011,MARSAD_ANC
AMD-66e619c32ae5,TNP-00558,NCA-2011,MARSAD_ANC
AMD-66e619c32ae5,TNP-00560,NCA-2011,MARSAD_ANC
AMD-4f053bece113,TNP-00371,NCA-2011,MARSAD_ANC
AMD-4f053bece113,TNP-00380,NCA-2011,MARSAD_ANC
AMD-4f053bece113,TNP-00382,NCA-2011,MARSAD_ANC
AMD-4f053bece113,TNP-00385,NCA-2011,MARSAD_ANC
AMD-4f053bece113,TNP-00413,NCA-2011,MARSAD_ANC
AMD-4f053bece113,TNP-00418,NCA-2011,MARSAD_ANC
AMD-4f053bece113,TNP-00432,NCA-2011,MARSAD_ANC
AMD-4f053bece113,TNP-00457,NCA-2011,MARSAD_ANC
AMD-4f053bece113,TNP-00496,NCA-2011,MARSAD_ANC
AMD-4f053bece113,TNP-00533,NCA-2011,MARSAD_ANC
AMD-4f053bece113,TNP-00547,NCA-2011,MARSAD_ANC
AMD-4f053bece113,TNP-00555,NCA-2011,MARSAD_ANC
AMD-4f053bece113,TNP-00560,NCA-2011,MARSAD_ANC
AMD-4f053bece113,TNP-00563,NCA-2011,MARSAD_ANC
AMD-5a09ebfdac7e,TNP-00372,NCA-2011,MARSAD_ANC
AMD-5a09ebfdac7e,TNP-00392,NCA-2011,MARSAD_ANC
AMD-5a09ebfdac7e,TNP-00419,NCA-2011,MARSAD_ANC
AMD-5a09ebfdac7e,TNP-00438,NCA-2011,MARSAD_ANC
AMD-5a09ebfdac7e,TNP-00443,NCA-2011,MARSAD_ANC
AMD-5a09ebfdac7e,TNP-00474,NCA-2011,MARSAD_ANC
AMD-5a09ebfdac7e,TNP-00480,NCA-2011,MARSAD_ANC
AMD-5a09ebfdac7e,TNP-00509,NCA-2011,MARSAD_ANC
AMD-5a09ebfdac7e,TNP-00515,NCA-2011,MARSAD_ANC
AMD-5a09ebfdac7e,TNP-00517,NCA-2011,MARSAD_ANC
AMD-5a09ebfdac7e,TNP-00525,NCA-2011,MARSAD_ANC
AMD-5a09ebfdac7e,TNP-00536,NCA-2011,MARSAD_ANC
AMD-5a09ebfdac7e,TNP-00539,NCA-2011,MARSAD_ANC
AMD-5a09ebfdac7e,TNP-00543,NCA-2011,MARSAD_ANC
AMD-d9974dd9a9d1,TNP-00285,NCA-2011,MARSAD_ANC
AMD-d9974dd9a9d1,TNP-00377,NCA-2011,MARSAD_ANC
AMD-d9974dd9a9d1,TNP-00385,NCA-2011,MARSAD_ANC
AMD-d9974dd9a9d1,TNP-00413,NCA-2011,MARSAD_ANC
AMD-d9974dd9a9d1,TNP-00418,NCA-2011,MARSAD_ANC
AMD-d9974dd9a9d1,TNP-00421,NCA-2011,MARSAD_ANC
AMD-d9974dd9a9d1,TNP-00432,NCA-2011,MARSAD_ANC
AMD-d9974dd9a9d1,TNP-00452,NCA-2011,MARSAD_ANC
AMD-d9974dd9a9d1,TNP-00457,NCA-2011,MARSAD_ANC
AMD-d9974dd9a9d1,TNP-00458,NCA-2011,MARSAD_ANC
AMD-d9974dd9a9d1,TNP-00493,NCA-2011,MARSAD_ANC
AMD-d9974dd9a9d1,TNP-00496,NCA-2011,MARSAD_ANC
AMD-d9974dd9a9d1,TNP-00521,NCA-2011,MARSAD_ANC
AMD-d9974dd9a9d1,TNP-00530,NCA-2011,MARSAD_ANC
AMD-d9974dd9a9d1,TNP-00559,NCA-2011,MARSAD_ANC
AMD-d9974dd9a9d1,TNP-00563,NCA-2011,MARSAD_ANC
AMD-9ed82fbc26b8,TNP-00141,NCA-2011,MARSAD_ANC
AMD-9ed82fbc26b8,TNP-00374,NCA-2011,MARSAD_ANC
AMD-9ed82fbc26b8,TNP-00378,NCA-2011,MARSAD_ANC
AMD-9ed82fbc26b8,TNP-00379,NCA-2011,MARSAD_ANC
AMD-9ed82fbc26b8,TNP-00427,NCA-2011,MARSAD_ANC
AMD-9ed82fbc26b8,TNP-00442,NCA-2011,MARSAD_ANC
AMD-9ed82fbc26b8,TNP-00456,NCA-2011,MARSAD_ANC
AMD-9ed82fbc26b8,TNP-00478,NCA-2011,MARSAD_ANC
AMD-9ed82fbc26b8,TNP-00488,NCA-2011,MARSAD_ANC
AMD-9ed82fbc26b8,TNP-00498,NCA-2011,MARSAD_ANC
AMD-9ed82fbc26b8,TNP-00507,NCA-2011,MARSAD_ANC
AMD-9ed82fbc26b8,TNP-00529,NCA-2011,MARSAD_ANC
AMD-9ed82fbc26b8,TNP-00549,NCA-2011,MARSAD_ANC
AMD-9ed82fbc26b8,TNP-00551,NCA-2011,MARSAD_ANC
AMD-9ed82fbc26b8,TNP-00564,NCA-2011,MARSAD_ANC
AMD-1c985a62167b,TNP-00395,NCA-2011,MARSAD_ANC
AMD-1c985a62167b,TNP-00416,NCA-2011,MARSAD_ANC
AMD-1c985a62167b,TNP-00420,NCA-2011,MARSAD_ANC
AMD-1c985a62167b,TNP-00426,NCA-2011,MARSAD_ANC
AMD-1c985a62167b,TNP-00427,NCA-2011,MARSAD_ANC
AMD-1c985a62167b,TNP-00443,NCA-2011,MARSAD_ANC
AMD-1c985a62167b,TNP-00449,NCA-2011,MARSAD_ANC
AMD-1c985a62167b,TNP-00479,NCA-2011,MARSAD_ANC
AMD-1c985a62167b,TNP-00480,NCA-2011,MARSAD_ANC
AMD-1c985a62167b,TNP-00497,NCA-2011,MARSAD_ANC
AMD-1c985a62167b,TNP-00502,NCA-2011,MARSAD_ANC
AMD-1c985a62167b,TNP-00511,NCA-2011,MARSAD_ANC
AMD-1c985a62167b,TNP-00514,NCA-2011,MARSAD_ANC
AMD-1c985a62167b,TNP-00519,NCA-2011,MARSAD_ANC
AMD-1c985a62167b,TNP-00536,NCA-2011,MARSAD_ANC
AMD-1c985a62167b,TNP-00543,NCA-2011,MARSAD_ANC
AMD-1c985a62167b,TNP-00562,NCA-2011,MARSAD_ANC
AMD-404471d2ed88,TNP-00367,NCA-2011,MARSAD_ANC
AMD-404471d2ed88,TNP-00370,NCA-2011,MARSAD_ANC
AMD-404471d2ed88,TNP-00376,NCA-2011,MARSAD_ANC
AMD-404471d2ed88,TNP-00381,NCA-2011,MARSAD_ANC
AMD-404471d2ed88,TNP-00395,NCA-2011,MARSAD_ANC
AMD-404471d2ed88,TNP-00402,NCA-2011,MARSAD_ANC
AMD-404471d2ed88,TNP-00427,NCA-2011,MARSAD_ANC
AMD-404471d2ed88,TNP-00429,NCA-2011,MARSAD_ANC
AMD-404471d2ed88,TNP-00435,NCA-2011,MARSAD_ANC
AMD-404471d2ed88,TNP-00447,NCA-2011,MARSAD_ANC
AMD-404471d2ed88,TNP-00463,NCA-2011,MARSAD_ANC
AMD-404471d2ed88,TNP-00479,NCA-2011,MARSAD_ANC
AMD-404471d2ed88,TNP-00481,NCA-2011,MARSAD_ANC
AMD-404471d2ed88,TNP-00487,NCA-2011,MARSAD_ANC
AMD-404471d2ed88,TNP-00488,NCA-2011,MARSAD_ANC
AMD-404471d2ed88,TNP-00493,NCA-2011,MARSAD_ANC
AMD-404471d2ed88,TNP-00502,NCA-2011,MARSAD_ANC
AMD-404471d2ed88,TNP-00516,NCA-2011,MARSAD_ANC
AMD-404471d2ed88,TNP-00517,NCA-2011,MARSAD_ANC
AMD-404471d2ed88,TNP-00534,NCA-2011,MARSAD_ANC
AMD-404471d2ed88,TNP-00544,NCA-2011,MARSAD_ANC
AMD-404471d2ed88,TNP-00557,NCA-2011,MARSAD_ANC
AMD-bc2462bc44b8,TNP-00400,NCA-2011,MARSAD_ANC
AMD-bc2462bc44b8,TNP-00420,NCA-2011,MARSAD_ANC
AMD-bc2462bc44b8,TNP-00436,NCA-2011,MARSAD_ANC
AMD-bc2462bc44b8,TNP-00443,NCA-2011,MARSAD_ANC
AMD-bc2462bc44b8,TNP-00468,NCA-2011,MARSAD_ANC
AMD-bc2462bc44b8,TNP-00491,NCA-2011,MARSAD_ANC
AMD-bc2462bc44b8,TNP-00506,NCA-2011,MARSAD_ANC
AMD-bc2462bc44b8,TNP-00518,NCA-2011,MARSAD_ANC
AMD-bc2462bc44b8,TNP-00519,NCA-2011,MARSAD_ANC
AMD-bc2462bc44b8,TNP-00525,NCA-2011,MARSAD_ANC
AMD-bc2462bc44b8,TNP-00536,NCA-2011,MARSAD_ANC
AMD-bc2462bc44b8,TNP-00566,NCA-2011,MARSAD_ANC
AMD-479c1fb0b37c,TNP-00370,NCA-2011,MARSAD_ANC
AMD-479c1fb0b37c,TNP-00392,NCA-2011,MARSAD_ANC
AMD-479c1fb0b37c,TNP-00416,NCA-2011,MARSAD_ANC
AMD-479c1fb0b37c,TNP-00417,NCA-2011,MARSAD_ANC
AMD-479c1fb0b37c,TNP-00430,NCA-2011,MARSAD_ANC
AMD-479c1fb0b37c,TNP-00436,NCA-2011,MARSAD_ANC
AMD-479c1fb0b37c,TNP-00443,NCA-2011,MARSAD_ANC
AMD-479c1fb0b37c,TNP-00468,NCA-2011,MARSAD_ANC
AMD-479c1fb0b37c,TNP-00469,NCA-2011,MARSAD_ANC
AMD-479c1fb0b37c,TNP-00474,NCA-2011,MARSAD_ANC
AMD-479c1fb0b37c,TNP-00482,NCA-2011,MARSAD_ANC
AMD-479c1fb0b37c,TNP-00515,NCA-2011,MARSAD_ANC
AMD-479c1fb0b37c,TNP-00525,NCA-2011,MARSAD_ANC
AMD-479c1fb0b37c,TNP-00536,NCA-2011,MARSAD_ANC
AMD-479c1fb0b37c,TNP-00543,NCA-2011,MARSAD_ANC
AMD-88f706ec6f62,TNP-00324,NCA-2011,MARSAD_ANC
AMD-88f706ec6f62,TNP-00463,NCA-2011,MARSAD_ANC
AMD-6295d338bef3,TNP-00141,NCA-2011,MARSAD_ANC
AMD-6295d338bef3,TNP-00374,NCA-2011,MARSAD_ANC
AMD-6295d338bef3,TNP-00390,NCA-2011,MARSAD_ANC
AMD-6295d338bef3,TNP-00410,NCA-2011,MARSAD_ANC
AMD-6295d338bef3,TNP-00419,NCA-2011,MARSAD_ANC
AMD-6295d338bef3,TNP-00425,NCA-2011,MARSAD_ANC
AMD-6295d338bef3,TNP-00427,NCA-2011,MARSAD_ANC
AMD-6295d338bef3,TNP-00428,NCA-2011,MARSAD_ANC
AMD-6295d338bef3,TNP-00456,NCA-2011,MARSAD_ANC
AMD-6295d338bef3,TNP-00457,NCA-2011,MARSAD_ANC
AMD-6295d338bef3,TNP-00464,NCA-2011,MARSAD_ANC
AMD-6295d338bef3,TNP-00476,NCA-2011,MARSAD_ANC
AMD-6295d338bef3,TNP-00498,NCA-2011,MARSAD_ANC
AMD-6295d338bef3,TNP-00507,NCA-2011,MARSAD_ANC
AMD-6295d338bef3,TNP-00522,NCA-2011,MARSAD_ANC
AMD-6295d338bef3,TNP-00527,NCA-2011,MARSAD_ANC
AMD-88aea6c7bc1b,TNP-00141,NCA-2011,MARSAD_ANC
AMD-88aea6c7bc1b,TNP-00332,NCA-2011,MARSAD_ANC
AMD-88aea6c7bc1b,TNP-00384,NCA-2011,MARSAD_ANC
AMD-88aea6c7bc1b,TNP-00412,NCA-2011,MARSAD_ANC
AMD-88aea6c7bc1b,TNP-00434,NCA-2011,MARSAD_ANC
AMD-88aea6c7bc1b,TNP-00457,NCA-2011,MARSAD_ANC
AMD-88aea6c7bc1b,TNP-00503,NCA-2011,MARSAD_ANC
AMD-88aea6c7bc1b,TNP-00527,NCA-2011,MARSAD_ANC
AMD-88aea6c7bc1b,TNP-00533,NCA-2011,MARSAD_ANC
AMD-88aea6c7bc1b,TNP-00549,NCA-2011,MARSAD_ANC
AMD-88aea6c7bc1b,TNP-00551,NCA-2011,MARSAD_ANC
AMD-88aea6c7bc1b,TNP-00562,NCA-2011,MARSAD_ANC
AMD-88aea6c7bc1b,TNP-00564,NCA-2011,MARSAD_ANC
AMD-9a93310ab511,TNP-00374,NCA-2011,MARSAD_ANC
AMD-9a93310ab511,TNP-00378,NCA-2011,MARSAD_ANC
AMD-9a93310ab511,TNP-00379,NCA-2011,MARSAD_ANC
AMD-9a93310ab511,TNP-00419,NCA-2011,MARSAD_ANC
AMD-9a93310ab511,TNP-00439,NCA-2011,MARSAD_ANC
AMD-9a93310ab511,TNP-00466,NCA-2011,MARSAD_ANC
AMD-9a93310ab511,TNP-00472,NCA-2011,MARSAD_ANC
AMD-9a93310ab511,TNP-00478,NCA-2011,MARSAD_ANC
AMD-9a93310ab511,TNP-00488,NCA-2011,MARSAD_ANC
AMD-9a93310ab511,TNP-00499,NCA-2011,MARSAD_ANC
AMD-9a93310ab511,TNP-00529,NCA-2011,MARSAD_ANC
AMD-9a93310ab511,TNP-00544,NCA-2011,MARSAD_ANC
AMD-9a93310ab511,TNP-00550,NCA-2011,MARSAD_ANC
AMD-9a93310ab511,TNP-00554,NCA-2011,MARSAD_ANC
AMD-9a93310ab511,TNP-00557,NCA-2011,MARSAD_ANC
AMD-9a93310ab511,TNP-00558,NCA-2011,MARSAD_ANC
AMD-c73f61d11958,TNP-00289,NCA-2011,MARSAD_ANC
AMD-c73f61d11958,TNP-00370,NCA-2011,MARSAD_ANC
AMD-c73f61d11958,TNP-00392,NCA-2011,MARSAD_ANC
AMD-c73f61d11958,TNP-00400,NCA-2011,MARSAD_ANC
AMD-c73f61d11958,TNP-00420,NCA-2011,MARSAD_ANC
AMD-c73f61d11958,TNP-00436,NCA-2011,MARSAD_ANC
AMD-c73f61d11958,TNP-00443,NCA-2011,MARSAD_ANC
AMD-c73f61d11958,TNP-00468,NCA-2011,MARSAD_ANC
AMD-c73f61d11958,TNP-00491,NCA-2011,MARSAD_ANC
AMD-c73f61d11958,TNP-00518,NCA-2011,MARSAD_ANC
AMD-c73f61d11958,TNP-00519,NCA-2011,MARSAD_ANC
AMD-c73f61d11958,TNP-00525,NCA-2011,MARSAD_ANC
AMD-c73f61d11958,TNP-00536,NCA-2011,MARSAD_ANC
AMD-c73f61d11958,TNP-00566,NCA-2011,MARSAD_ANC
AMD-68108396365a,TNP-00377,NCA-2011,MARSAD_ANC
AMD-68108396365a,TNP-00382,NCA-2011,MARSAD_ANC
AMD-68108396365a,TNP-00393,NCA-2011,MARSAD_ANC
AMD-68108396365a,TNP-00401,NCA-2011,MARSAD_ANC
AMD-68108396365a,TNP-00421,NCA-2011,MARSAD_ANC
AMD-68108396365a,TNP-00432,NCA-2011,MARSAD_ANC
AMD-68108396365a,TNP-00445,NCA-2011,MARSAD_ANC
AMD-68108396365a,TNP-00458,NCA-2011,MARSAD_ANC
AMD-68108396365a,TNP-00459,NCA-2011,MARSAD_ANC
AMD-68108396365a,TNP-00470,NCA-2011,MARSAD_ANC
AMD-68108396365a,TNP-00483,NCA-2011,MARSAD_ANC
AMD-68108396365a,TNP-00501,NCA-2011,MARSAD_ANC
AMD-68108396365a,TNP-00510,NCA-2011,MARSAD_ANC
AMD-68108396365a,TNP-00531,NCA-2011,MARSAD_ANC
AMD-68108396365a,TNP-00547,NCA-2011,MARSAD_ANC
AMD-83820a3ece98,TNP-00141,NCA-2011,MARSAD_ANC
AMD-83820a3ece98,TNP-00367,NCA-2011,MARSAD_ANC
AMD-83820a3ece98,TNP-00370,NCA-2011,MARSAD_ANC
AMD-83820a3ece98,TNP-00384,NCA-2011,MARSAD_ANC
AMD-83820a3ece98,TNP-00390,NCA-2011,MARSAD_ANC
AMD-83820a3ece98,TNP-00428,NCA-2011,MARSAD_ANC
AMD-83820a3ece98,TNP-00434,NCA-2011,MARSAD_ANC
AMD-83820a3ece98,TNP-00450,NCA-2011,MARSAD_ANC
AMD-83820a3ece98,TNP-00457,NCA-2011,MARSAD_ANC
AMD-83820a3ece98,TNP-00488,NCA-2011,MARSAD_ANC
AMD-83820a3ece98,TNP-00503,NCA-2011,MARSAD_ANC
AMD-83820a3ece98,TNP-00522,NCA-2011,MARSAD_ANC
AMD-83820a3ece98,TNP-00527,NCA-2011,MARSAD_ANC
AMD-83820a3ece98,TNP-00551,NCA-2011,MARSAD_ANC
AMD-772fe4ae6252,TNP-00332,NCA-2011,MARSAD_ANC
AMD-772fe4ae6252,TNP-00374,NCA-2011,MARSAD_ANC
AMD-772fe4ae6252,TNP-00381,NCA-2011,MARSAD_ANC
AMD-772fe4ae6252,TNP-00395,NCA-2011,MARSAD_ANC
AMD-772fe4ae6252,TNP-00402,NCA-2011,MARSAD_ANC
AMD-772fe4ae6252,TNP-00419,NCA-2011,MARSAD_ANC
AMD-772fe4ae6252,TNP-00427,NCA-2011,MARSAD_ANC
AMD-772fe4ae6252,TNP-00435,NCA-2011,MARSAD_ANC
AMD-772fe4ae6252,TNP-00449,NCA-2011,MARSAD_ANC
AMD-772fe4ae6252,TNP-00477,NCA-2011,MARSAD_ANC
AMD-772fe4ae6252,TNP-00487,NCA-2011,MARSAD_ANC
AMD-772fe4ae6252,TNP-00501,NCA-2011,MARSAD_ANC
AMD-772fe4ae6252,TNP-00534,NCA-2011,MARSAD_ANC
AMD-772fe4ae6252,TNP-00544,NCA-2011,MARSAD_ANC
AMD-772fe4ae6252,TNP-00554,NCA-2011,MARSAD_ANC
AMD-72aac3960118,TNP-00141,NCA-2011,MARSAD_ANC
AMD-72aac3960118,TNP-00277,NCA-2011,MARSAD_ANC
AMD-72aac3960118,TNP-00289,NCA-2011,MARSAD_ANC
AMD-72aac3960118,TNP-00357,NCA-2011,MARSAD_ANC
AMD-72aac3960118,TNP-00369,NCA-2011,MARSAD_ANC
AMD-72aac3960118,TNP-00375,NCA-2011,MARSAD_ANC
AMD-72aac3960118,TNP-00376,NCA-2011,MARSAD_ANC
AMD-72aac3960118,TNP-00377,NCA-2011,MARSAD_ANC
AMD-72aac3960118,TNP-00393,NCA-2011,MARSAD_ANC
AMD-72aac3960118,TNP-00409,NCA-2011,MARSAD_ANC
AMD-72aac3960118,TNP-00410,NCA-2011,MARSAD_ANC
AMD-72aac3960118,TNP-00412,NCA-2011,MARSAD_ANC
AMD-72aac3960118,TNP-00416,NCA-2011,MARSAD_ANC
AMD-72aac3960118,TNP-00418,NCA-2011,MARSAD_ANC
AMD-72aac3960118,TNP-00424,NCA-2011,MARSAD_ANC
AMD-72aac3960118,TNP-00429,NCA-2011,MARSAD_ANC
AMD-72aac3960118,TNP-00433,NCA-2011,MARSAD_ANC
AMD-72aac3960118,TNP-00434,NCA-2011,MARSAD_ANC
AMD-72aac3960118,TNP-00441,NCA-2011,MARSAD_ANC
AMD-72aac3960118,TNP-00444,NCA-2011,MARSAD_ANC
AMD-72aac3960118,TNP-00445,NCA-2011,MARSAD_ANC
AMD-72aac3960118,TNP-00455,NCA-2011,MARSAD_ANC
AMD-72aac3960118,TNP-00456,NCA-2011,MARSAD_ANC
AMD-72aac3960118,TNP-00458,NCA-2011,MARSAD_ANC
AMD-72aac3960118,TNP-00463,NCA-2011,MARSAD_ANC
AMD-72aac3960118,TNP-00464,NCA-2011,MARSAD_ANC
AMD-72aac3960118,TNP-00466,NCA-2011,MARSAD_ANC
AMD-72aac3960118,TNP-00473,NCA-2011,MARSAD_ANC
AMD-72aac3960118,TNP-00476,NCA-2011,MARSAD_ANC
AMD-72aac3960118,TNP-00480,NCA-2011,MARSAD_ANC
AMD-72aac3960118,TNP-00483,NCA-2011,MARSAD_ANC
AMD-72aac3960118,TNP-00488,NCA-2011,MARSAD_ANC
AMD-72aac3960118,TNP-00493,NCA-2011,MARSAD_ANC
AMD-72aac3960118,TNP-00495,NCA-2011,MARSAD_ANC
AMD-72aac3960118,TNP-00503,NCA-2011,MARSAD_ANC
AMD-72aac3960118,TNP-00504,NCA-2011,MARSAD_ANC
AMD-72aac3960118,TNP-00508,NCA-2011,MARSAD_ANC
AMD-72aac3960118,TNP-00511,NCA-2011,MARSAD_ANC
AMD-72aac3960118,TNP-00512,NCA-2011,MARSAD_ANC
AMD-72aac3960118,TNP-00517,NCA-2011,MARSAD_ANC
AMD-72aac3960118,TNP-00521,NCA-2011,MARSAD_ANC
AMD-72aac3960118,TNP-00524,NCA-2011,MARSAD_ANC
AMD-72aac3960118,TNP-00527,NCA-2011,MARSAD_ANC
AMD-72aac3960118,TNP-00528,NCA-2011,MARSAD_ANC
AMD-72aac3960118,TNP-00533,NCA-2011,MARSAD_ANC
AMD-72aac3960118,TNP-00539,NCA-2011,MARSAD_ANC
AMD-72aac3960118,TNP-00548,NCA-2011,MARSAD_ANC
AMD-72aac3960118,TNP-00549,NCA-2011,MARSAD_ANC
AMD-72aac3960118,TNP-00551,NCA-2011,MARSAD_ANC
AMD-72aac3960118,TNP-00553,NCA-2011,MARSAD_ANC
AMD-72aac3960118,TNP-00555,NCA-2011,MARSAD_ANC
AMD-72aac3960118,TNP-00560,NCA-2011,MARSAD_ANC
AMD-72aac3960118,TNP-00561,NCA-2011,MARSAD_ANC
AMD-72aac3960118,TNP-00562,NCA-2011,MARSAD_ANC
AMD-72aac3960118,TNP-00563,NCA-2011,MARSAD_ANC
AMD-83305f6af591,TNP-00372,NCA-2011,MARSAD_ANC
AMD-83305f6af591,TNP-00391,NCA-2011,MARSAD_ANC
AMD-83305f6af591,TNP-00392,NCA-2011,MARSAD_ANC
AMD-83305f6af591,TNP-00430,NCA-2011,MARSAD_ANC
AMD-83305f6af591,TNP-00438,NCA-2011,MARSAD_ANC
AMD-83305f6af591,TNP-00443,NCA-2011,MARSAD_ANC
AMD-83305f6af591,TNP-00506,NCA-2011,MARSAD_ANC
AMD-83305f6af591,TNP-00508,NCA-2011,MARSAD_ANC
AMD-83305f6af591,TNP-00511,NCA-2011,MARSAD_ANC
AMD-83305f6af591,TNP-00514,NCA-2011,MARSAD_ANC
AMD-83305f6af591,TNP-00536,NCA-2011,MARSAD_ANC
AMD-83305f6af591,TNP-00543,NCA-2011,MARSAD_ANC
AMD-5d4132d7cff7,TNP-00332,NCA-2011,MARSAD_ANC
AMD-5d4132d7cff7,TNP-00378,NCA-2011,MARSAD_ANC
AMD-5d4132d7cff7,TNP-00419,NCA-2011,MARSAD_ANC
AMD-5d4132d7cff7,TNP-00449,NCA-2011,MARSAD_ANC
AMD-5d4132d7cff7,TNP-00466,NCA-2011,MARSAD_ANC
AMD-5d4132d7cff7,TNP-00472,NCA-2011,MARSAD_ANC
AMD-5d4132d7cff7,TNP-00478,NCA-2011,MARSAD_ANC
AMD-5d4132d7cff7,TNP-00499,NCA-2011,MARSAD_ANC
AMD-5d4132d7cff7,TNP-00514,NCA-2011,MARSAD_ANC
AMD-5d4132d7cff7,TNP-00517,NCA-2011,MARSAD_ANC
AMD-5d4132d7cff7,TNP-00524,NCA-2011,MARSAD_ANC
AMD-5d4132d7cff7,TNP-00529,NCA-2011,MARSAD_ANC
AMD-5d4132d7cff7,TNP-00550,NCA-2011,MARSAD_ANC
AMD-5d4132d7cff7,TNP-00554,NCA-2011,MARSAD_ANC
AMD-5d4132d7cff7,TNP-00557,NCA-2011,MARSAD_ANC
AMD-7d5c8ff1f2f7,TNP-00357,NCA-2011,MARSAD_ANC
AMD-7d5c8ff1f2f7,TNP-00391,NCA-2011,MARSAD_ANC
AMD-7d5c8ff1f2f7,TNP-00399,NCA-2011,MARSAD_ANC
AMD-7d5c8ff1f2f7,TNP-00408,NCA-2011,MARSAD_ANC
AMD-7d5c8ff1f2f7,TNP-00410,NCA-2011,MARSAD_ANC
AMD-7d5c8ff1f2f7,TNP-00416,NCA-2011,MARSAD_ANC
AMD-7d5c8ff1f2f7,TNP-00443,NCA-2011,MARSAD_ANC
AMD-7d5c8ff1f2f7,TNP-00488,NCA-2011,MARSAD_ANC
AMD-7d5c8ff1f2f7,TNP-00497,NCA-2011,MARSAD_ANC
AMD-7d5c8ff1f2f7,TNP-00498,NCA-2011,MARSAD_ANC
AMD-7d5c8ff1f2f7,TNP-00517,NCA-2011,MARSAD_ANC
AMD-7d5c8ff1f2f7,TNP-00524,NCA-2011,MARSAD_ANC
AMD-7d5c8ff1f2f7,TNP-00536,NCA-2011,MARSAD_ANC
AMD-7d5c8ff1f2f7,TNP-00562,NCA-2011,MARSAD_ANC
AMD-7d5c8ff1f2f7,TNP-00564,NCA-2011,MARSAD_ANC
AMD-5f2973af0fd0,TNP-00141,NCA-2011,MARSAD_ANC
AMD-5f2973af0fd0,TNP-00376,NCA-2011,MARSAD_ANC
AMD-5f2973af0fd0,TNP-00402,NCA-2011,MARSAD_ANC
AMD-5f2973af0fd0,TNP-00427,NCA-2011,MARSAD_ANC
AMD-5f2973af0fd0,TNP-00429,NCA-2011,MARSAD_ANC
AMD-5f2973af0fd0,TNP-00435,NCA-2011,MARSAD_ANC
AMD-5f2973af0fd0,TNP-00441,NCA-2011,MARSAD_ANC
AMD-5f2973af0fd0,TNP-00447,NCA-2011,MARSAD_ANC
AMD-5f2973af0fd0,TNP-00481,NCA-2011,MARSAD_ANC
AMD-5f2973af0fd0,TNP-00483,NCA-2011,MARSAD_ANC
AMD-5f2973af0fd0,TNP-00513,NCA-2011,MARSAD_ANC
AMD-5f2973af0fd0,TNP-00516,NCA-2011,MARSAD_ANC
AMD-5f2973af0fd0,TNP-00559,NCA-2011,MARSAD_ANC
AMD-5f2973af0fd0,TNP-00561,NCA-2011,MARSAD_ANC
AMD-a00ab295eab9,TNP-00007,NCA-2011,MARSAD_ANC
AMD-a00ab295eab9,TNP-00289,NCA-2011,MARSAD_ANC
AMD-a00ab295eab9,TNP-00400,NCA-2011,MARSAD_ANC
AMD-a00ab295eab9,TNP-00416,NCA-2011,MARSAD_ANC
AMD-a00ab295eab9,TNP-00427,NCA-2011,MARSAD_ANC
AMD-a00ab295eab9,TNP-00430,NCA-2011,MARSAD_ANC
AMD-a00ab295eab9,TNP-00457,NCA-2011,MARSAD_ANC
AMD-a00ab295eab9,TNP-00474,NCA-2011,MARSAD_ANC
AMD-a00ab295eab9,TNP-00480,NCA-2011,MARSAD_ANC
AMD-a00ab295eab9,TNP-00509,NCA-2011,MARSAD_ANC
AMD-a00ab295eab9,TNP-00519,NCA-2011,MARSAD_ANC
AMD-a00ab295eab9,TNP-00543,NCA-2011,MARSAD_ANC
AMD-a00ab295eab9,TNP-00562,NCA-2011,MARSAD_ANC
AMD-a00ab295eab9,TNP-00564,NCA-2011,MARSAD_ANC
AMD-c56c082a9910,TNP-00277,NCA-2011,MARSAD_ANC
AMD-c56c082a9910,TNP-00372,NCA-2011,MARSAD_ANC
AMD-c56c082a9910,TNP-00391,NCA-2011,MARSAD_ANC
AMD-c56c082a9910,TNP-00395,NCA-2011,MARSAD_ANC
AMD-c56c082a9910,TNP-00426,NCA-2011,MARSAD_ANC
AMD-c56c082a9910,TNP-00443,NCA-2011,MARSAD_ANC
AMD-c56c082a9910,TNP-00444,NCA-2011,MARSAD_ANC
AMD-c56c082a9910,TNP-00449,NCA-2011,MARSAD_ANC
AMD-c56c082a9910,TNP-00487,NCA-2011,MARSAD_ANC
AMD-c56c082a9910,TNP-00511,NCA-2011,MARSAD_ANC
AMD-c56c082a9910,TNP-00517,NCA-2011,MARSAD_ANC
AMD-c56c082a9910,TNP-00539,NCA-2011,MARSAD_ANC
AMD-18e93d3cb81c,TNP-00371,NCA-2011,MARSAD_ANC
AMD-18e93d3cb81c,TNP-00382,NCA-2011,MARSAD_ANC
AMD-18e93d3cb81c,TNP-00398,NCA-2011,MARSAD_ANC
AMD-18e93d3cb81c,TNP-00404,NCA-2011,MARSAD_ANC
AMD-18e93d3cb81c,TNP-00421,NCA-2011,MARSAD_ANC
AMD-18e93d3cb81c,TNP-00437,NCA-2011,MARSAD_ANC
AMD-18e93d3cb81c,TNP-00446,NCA-2011,MARSAD_ANC
AMD-18e93d3cb81c,TNP-00459,NCA-2011,MARSAD_ANC
AMD-18e93d3cb81c,TNP-00477,NCA-2011,MARSAD_ANC
AMD-18e93d3cb81c,TNP-00533,NCA-2011,MARSAD_ANC
AMD-18e93d3cb81c,TNP-00538,NCA-2011,MARSAD_ANC
AMD-18e93d3cb81c,TNP-00540,NCA-2011,MARSAD_ANC
AMD-18e93d3cb81c,TNP-00541,NCA-2011,MARSAD_ANC
AMD-18e93d3cb81c,TNP-00548,NCA-2011,MARSAD_ANC
AMD-18e93d3cb81c,TNP-00552,NCA-2011,MARSAD_ANC
AMD-ee4f4f5f3bf6,TNP-00371,NCA-2011,MARSAD_ANC
AMD-ee4f4f5f3bf6,TNP-00380,NCA-2011,MARSAD_ANC
AMD-ee4f4f5f3bf6,TNP-00382,NCA-2011,MARSAD_ANC
AMD-ee4f4f5f3bf6,TNP-00385,NCA-2011,MARSAD_ANC
AMD-ee4f4f5f3bf6,TNP-00393,NCA-2011,MARSAD_ANC
AMD-ee4f4f5f3bf6,TNP-00406,NCA-2011,MARSAD_ANC
AMD-ee4f4f5f3bf6,TNP-00418,NCA-2011,MARSAD_ANC
AMD-ee4f4f5f3bf6,TNP-00419,NCA-2011,MARSAD_ANC
AMD-ee4f4f5f3bf6,TNP-00421,NCA-2011,MARSAD_ANC
AMD-ee4f4f5f3bf6,TNP-00422,NCA-2011,MARSAD_ANC
AMD-ee4f4f5f3bf6,TNP-00432,NCA-2011,MARSAD_ANC
AMD-ee4f4f5f3bf6,TNP-00435,NCA-2011,MARSAD_ANC
AMD-ee4f4f5f3bf6,TNP-00445,NCA-2011,MARSAD_ANC
AMD-ee4f4f5f3bf6,TNP-00452,NCA-2011,MARSAD_ANC
AMD-ee4f4f5f3bf6,TNP-00457,NCA-2011,MARSAD_ANC
AMD-ee4f4f5f3bf6,TNP-00458,NCA-2011,MARSAD_ANC
AMD-ee4f4f5f3bf6,TNP-00459,NCA-2011,MARSAD_ANC
AMD-ee4f4f5f3bf6,TNP-00461,NCA-2011,MARSAD_ANC
AMD-ee4f4f5f3bf6,TNP-00470,NCA-2011,MARSAD_ANC
AMD-ee4f4f5f3bf6,TNP-00471,NCA-2011,MARSAD_ANC
AMD-ee4f4f5f3bf6,TNP-00476,NCA-2011,MARSAD_ANC
AMD-ee4f4f5f3bf6,TNP-00494,NCA-2011,MARSAD_ANC
AMD-ee4f4f5f3bf6,TNP-00495,NCA-2011,MARSAD_ANC
AMD-ee4f4f5f3bf6,TNP-00517,NCA-2011,MARSAD_ANC
AMD-ee4f4f5f3bf6,TNP-00538,NCA-2011,MARSAD_ANC
AMD-ee4f4f5f3bf6,TNP-00541,NCA-2011,MARSAD_ANC
AMD-ee4f4f5f3bf6,TNP-00555,NCA-2011,MARSAD_ANC
AMD-ee4f4f5f3bf6,TNP-00560,NCA-2011,MARSAD_ANC
AMD-44fc76a7202a,TNP-00141,NCA-2011,MARSAD_ANC
AMD-44fc76a7202a,TNP-00376,NCA-2011,MARSAD_ANC
AMD-44fc76a7202a,TNP-00380,NCA-2011,MARSAD_ANC
AMD-44fc76a7202a,TNP-00390,NCA-2011,MARSAD_ANC
AMD-44fc76a7202a,TNP-00402,NCA-2011,MARSAD_ANC
AMD-44fc76a7202a,TNP-00416,NCA-2011,MARSAD_ANC
AMD-44fc76a7202a,TNP-00434,NCA-2011,MARSAD_ANC
AMD-44fc76a7202a,TNP-00481,NCA-2011,MARSAD_ANC
AMD-44fc76a7202a,TNP-00488,NCA-2011,MARSAD_ANC
AMD-44fc76a7202a,TNP-00503,NCA-2011,MARSAD_ANC
AMD-44fc76a7202a,TNP-00519,NCA-2011,MARSAD_ANC
AMD-44fc76a7202a,TNP-00522,NCA-2011,MARSAD_ANC
AMD-44fc76a7202a,TNP-00534,NCA-2011,MARSAD_ANC
AMD-44fc76a7202a,TNP-00544,NCA-2011,MARSAD_ANC
AMD-44fc76a7202a,TNP-00551,NCA-2011,MARSAD_ANC
AMD-44fc76a7202a,TNP-00559,NCA-2011,MARSAD_ANC
AMD-44fc76a7202a,TNP-00562,NCA-2011,MARSAD_ANC
AMD-4a4af7346cf5,TNP-00378,NCA-2011,MARSAD_ANC
AMD-4a4af7346cf5,TNP-00379,NCA-2011,MARSAD_ANC
AMD-4a4af7346cf5,TNP-00419,NCA-2011,MARSAD_ANC
AMD-4a4af7346cf5,TNP-00425,NCA-2011,MARSAD_ANC
AMD-4a4af7346cf5,TNP-00427,NCA-2011,MARSAD_ANC
AMD-4a4af7346cf5,TNP-00439,NCA-2011,MARSAD_ANC
AMD-4a4af7346cf5,TNP-00442,NCA-2011,MARSAD_ANC
AMD-4a4af7346cf5,TNP-00466,NCA-2011,MARSAD_ANC
AMD-4a4af7346cf5,TNP-00472,NCA-2011,MARSAD_ANC
AMD-4a4af7346cf5,TNP-00478,NCA-2011,MARSAD_ANC
AMD-4a4af7346cf5,TNP-00499,NCA-2011,MARSAD_ANC
AMD-4a4af7346cf5,TNP-00529,NCA-2011,MARSAD_ANC
AMD-4a4af7346cf5,TNP-00545,NCA-2011,MARSAD_ANC
AMD-4a4af7346cf5,TNP-00550,NCA-2011,MARSAD_ANC
AMD-4a4af7346cf5,TNP-00557,NCA-2011,MARSAD_ANC
AMD-4a4af7346cf5,TNP-00558,NCA-2011,MARSAD_ANC
AMD-b8aac4074d56,TNP-00277,NCA-2011,MARSAD_ANC
AMD-b8aac4074d56,TNP-00372,NCA-2011,MARSAD_ANC
AMD-b8aac4074d56,TNP-00395,NCA-2011,MARSAD_ANC
AMD-b8aac4074d56,TNP-00409,NCA-2011,MARSAD_ANC
AMD-b8aac4074d56,TNP-00426,NCA-2011,MARSAD_ANC
AMD-b8aac4074d56,TNP-00443,NCA-2011,MARSAD_ANC
AMD-b8aac4074d56,TNP-00449,NCA-2011,MARSAD_ANC
AMD-b8aac4074d56,TNP-00479,NCA-2011,MARSAD_ANC
AMD-b8aac4074d56,TNP-00508,NCA-2011,MARSAD_ANC
AMD-b8aac4074d56,TNP-00511,NCA-2011,MARSAD_ANC
AMD-b8aac4074d56,TNP-00514,NCA-2011,MARSAD_ANC
AMD-b8aac4074d56,TNP-00517,NCA-2011,MARSAD_ANC
AMD-b8aac4074d56,TNP-00524,NCA-2011,MARSAD_ANC
AMD-b8aac4074d56,TNP-00539,NCA-2011,MARSAD_ANC
AMD-3d20b3125528,TNP-00438,NCA-2011,MARSAD_ANC
AMD-3d20b3125528,TNP-00484,NCA-2011,MARSAD_ANC
AMD-2ca85c0806f7,TNP-00463,NCA-2011,MARSAD_ANC
AMD-fa9b4c35cf7b,TNP-00247,NCA-2011,MARSAD_ANC
AMD-fa9b4c35cf7b,TNP-00267,NCA-2011,MARSAD_ANC
AMD-fa9b4c35cf7b,TNP-00277,NCA-2011,MARSAD_ANC
AMD-fa9b4c35cf7b,TNP-00289,NCA-2011,MARSAD_ANC
AMD-fa9b4c35cf7b,TNP-00370,NCA-2011,MARSAD_ANC
AMD-fa9b4c35cf7b,TNP-00371,NCA-2011,MARSAD_ANC
AMD-fa9b4c35cf7b,TNP-00377,NCA-2011,MARSAD_ANC
AMD-fa9b4c35cf7b,TNP-00380,NCA-2011,MARSAD_ANC
AMD-fa9b4c35cf7b,TNP-00385,NCA-2011,MARSAD_ANC
AMD-fa9b4c35cf7b,TNP-00405,NCA-2011,MARSAD_ANC
AMD-fa9b4c35cf7b,TNP-00409,NCA-2011,MARSAD_ANC
AMD-fa9b4c35cf7b,TNP-00413,NCA-2011,MARSAD_ANC
AMD-fa9b4c35cf7b,TNP-00421,NCA-2011,MARSAD_ANC
AMD-fa9b4c35cf7b,TNP-00427,NCA-2011,MARSAD_ANC
AMD-fa9b4c35cf7b,TNP-00430,NCA-2011,MARSAD_ANC
AMD-fa9b4c35cf7b,TNP-00437,NCA-2011,MARSAD_ANC
AMD-fa9b4c35cf7b,TNP-00445,NCA-2011,MARSAD_ANC
AMD-fa9b4c35cf7b,TNP-00454,NCA-2011,MARSAD_ANC
AMD-fa9b4c35cf7b,TNP-00456,NCA-2011,MARSAD_ANC
AMD-fa9b4c35cf7b,TNP-00467,NCA-2011,MARSAD_ANC
AMD-fa9b4c35cf7b,TNP-00483,NCA-2011,MARSAD_ANC
AMD-fa9b4c35cf7b,TNP-00486,NCA-2011,MARSAD_ANC
AMD-fa9b4c35cf7b,TNP-00507,NCA-2011,MARSAD_ANC
AMD-fa9b4c35cf7b,TNP-00511,NCA-2011,MARSAD_ANC
AMD-fa9b4c35cf7b,TNP-00524,NCA-2011,MARSAD_ANC
AMD-fa9b4c35cf7b,TNP-00528,NCA-2011,MARSAD_ANC
AMD-fa9b4c35cf7b,TNP-00530,NCA-2011,MARSAD_ANC
AMD-fa9b4c35cf7b,TNP-00533,NCA-2011,MARSAD_ANC
AMD-fa9b4c35cf7b,TNP-00538,NCA-2011,MARSAD_ANC
AMD-fa9b4c35cf7b,TNP-00540,NCA-2011,MARSAD_ANC
AMD-fa9b4c35cf7b,TNP-00541,NCA-2011,MARSAD_ANC
AMD-fa9b4c35cf7b,TNP-00543,NCA-2011,MARSAD_ANC
AMD-fa9b4c35cf7b,TNP-00546,NCA-2011,MARSAD_ANC
AMD-fa9b4c35cf7b,TNP-00547,NCA-2011,MARSAD_ANC
AMD-fa9b4c35cf7b,TNP-00548,NCA-2011,MARSAD_ANC
AMD-fa9b4c35cf7b,TNP-00552,NCA-2011,MARSAD_ANC
AMD-fa9b4c35cf7b,TNP-00553,NCA-2011,MARSAD_ANC
AMD-36ad9ae4ded3,TNP-00141,NCA-2011,MARSAD_ANC
AMD-36ad9ae4ded3,TNP-00332,NCA-2011,MARSAD_ANC
AMD-36ad9ae4ded3,TNP-00374,NCA-2011,MARSAD_ANC
AMD-36ad9ae4ded3,TNP-00376,NCA-2011,MARSAD_ANC
AMD-36ad9ae4ded3,TNP-00382,NCA-2011,MARSAD_ANC
AMD-36ad9ae4ded3,TNP-00435,NCA-2011,MARSAD_ANC
AMD-36ad9ae4ded3,TNP-00442,NCA-2011,MARSAD_ANC
AMD-36ad9ae4ded3,TNP-00465,NCA-2011,MARSAD_ANC
AMD-36ad9ae4ded3,TNP-00466,NCA-2011,MARSAD_ANC
AMD-36ad9ae4ded3,TNP-00488,NCA-2011,MARSAD_ANC
AMD-36ad9ae4ded3,TNP-00493,NCA-2011,MARSAD_ANC
AMD-36ad9ae4ded3,TNP-00502,NCA-2011,MARSAD_ANC
AMD-36ad9ae4ded3,TNP-00503,NCA-2011,MARSAD_ANC
AMD-36ad9ae4ded3,TNP-00507,NCA-2011,MARSAD_ANC
AMD-36ad9ae4ded3,TNP-00521,NCA-2011,MARSAD_ANC
AMD-36ad9ae4ded3,TNP-00540,NCA-2011,MARSAD_ANC
AMD-36ad9ae4ded3,TNP-00550,NCA-2011,MARSAD_ANC
AMD-36ad9ae4ded3,TNP-00551,NCA-2011,MARSAD_ANC
AMD-36ad9ae4ded3,TNP-00554,NCA-2011,MARSAD_ANC
AMD-36ad9ae4ded3,TNP-00557,NCA-2011,MARSAD_ANC
AMD-4c0dfbe435fb,TNP-00007,NCA-2011,MARSAD_ANC
AMD-4c0dfbe435fb,TNP-00370,NCA-2011,MARSAD_ANC
AMD-4c0dfbe435fb,TNP-00395,NCA-2011,MARSAD_ANC
AMD-4c0dfbe435fb,TNP-00416,NCA-2011,MARSAD_ANC
AMD-4c0dfbe435fb,TNP-00426,NCA-2011,MARSAD_ANC
AMD-4c0dfbe435fb,TNP-00427,NCA-2011,MARSAD_ANC
AMD-4c0dfbe435fb,TNP-00430,NCA-2011,MARSAD_ANC
AMD-4c0dfbe435fb,TNP-00449,NCA-2011,MARSAD_ANC
AMD-4c0dfbe435fb,TNP-00479,NCA-2011,MARSAD_ANC
AMD-4c0dfbe435fb,TNP-00480,NCA-2011,MARSAD_ANC
AMD-4c0dfbe435fb,TNP-00519,NCA-2011,MARSAD_ANC
AMD-4c0dfbe435fb,TNP-00536,NCA-2011,MARSAD_ANC
AMD-4c0dfbe435fb,TNP-00539,NCA-2011,MARSAD_ANC
AMD-4c0dfbe435fb,TNP-00562,NCA-2011,MARSAD_ANC
AMD-4c0dfbe435fb,TNP-00564,NCA-2011,MARSAD_ANC
AMD-248b8d256bea,TNP-00374,NCA-2011,MARSAD_ANC
AMD-248b8d256bea,TNP-00376,NCA-2011,MARSAD_ANC
AMD-248b8d256bea,TNP-00382,NCA-2011,MARSAD_ANC
AMD-248b8d256bea,TNP-00393,NCA-2011,MARSAD_ANC
AMD-248b8d256bea,TNP-00442,NCA-2011,MARSAD_ANC
AMD-248b8d256bea,TNP-00465,NCA-2011,MARSAD_ANC
AMD-248b8d256bea,TNP-00466,NCA-2011,MARSAD_ANC
AMD-248b8d256bea,TNP-00488,NCA-2011,MARSAD_ANC
AMD-248b8d256bea,TNP-00502,NCA-2011,MARSAD_ANC
AMD-248b8d256bea,TNP-00503,NCA-2011,MARSAD_ANC
AMD-248b8d256bea,TNP-00507,NCA-2011,MARSAD_ANC
AMD-248b8d256bea,TNP-00521,NCA-2011,MARSAD_ANC
AMD-248b8d256bea,TNP-00540,NCA-2011,MARSAD_ANC
AMD-248b8d256bea,TNP-00550,NCA-2011,MARSAD_ANC
AMD-248b8d256bea,TNP-00551,NCA-2011,MARSAD_ANC
AMD-248b8d256bea,TNP-00554,NCA-2011,MARSAD_ANC
AMD-248b8d256bea,TNP-00557,NCA-2011,MARSAD_ANC
AMD-9ed548558d7c,TNP-00497,NCA-2011,MARSAD_ANC
AMD-40ed9c875ef6,TNP-00370,NCA-2011,MARSAD_ANC
AMD-40ed9c875ef6,TNP-00428,NCA-2011,MARSAD_ANC
AMD-40ed9c875ef6,TNP-00430,NCA-2011,MARSAD_ANC
AMD-40ed9c875ef6,TNP-00443,NCA-2011,MARSAD_ANC
AMD-40ed9c875ef6,TNP-00444,NCA-2011,MARSAD_ANC
AMD-40ed9c875ef6,TNP-00499,NCA-2011,MARSAD_ANC
AMD-40ed9c875ef6,TNP-00508,NCA-2011,MARSAD_ANC
AMD-40ed9c875ef6,TNP-00543,NCA-2011,MARSAD_ANC
AMD-82ef3b7cec90,TNP-00368,NCA-2011,MARSAD_ANC
AMD-82ef3b7cec90,TNP-00402,NCA-2011,MARSAD_ANC
AMD-82ef3b7cec90,TNP-00412,NCA-2011,MARSAD_ANC
AMD-82ef3b7cec90,TNP-00416,NCA-2011,MARSAD_ANC
AMD-82ef3b7cec90,TNP-00427,NCA-2011,MARSAD_ANC
AMD-82ef3b7cec90,TNP-00434,NCA-2011,MARSAD_ANC
AMD-82ef3b7cec90,TNP-00457,NCA-2011,MARSAD_ANC
AMD-82ef3b7cec90,TNP-00458,NCA-2011,MARSAD_ANC
AMD-82ef3b7cec90,TNP-00481,NCA-2011,MARSAD_ANC
AMD-82ef3b7cec90,TNP-00488,NCA-2011,MARSAD_ANC
AMD-82ef3b7cec90,TNP-00524,NCA-2011,MARSAD_ANC
AMD-82ef3b7cec90,TNP-00529,NCA-2011,MARSAD_ANC
AMD-82ef3b7cec90,TNP-00534,NCA-2011,MARSAD_ANC
AMD-82ef3b7cec90,TNP-00544,NCA-2011,MARSAD_ANC
AMD-0aed1cbff23b,TNP-00370,NCA-2011,MARSAD_ANC
AMD-0aed1cbff23b,TNP-00408,NCA-2011,MARSAD_ANC
AMD-0aed1cbff23b,TNP-00426,NCA-2011,MARSAD_ANC
AMD-0aed1cbff23b,TNP-00428,NCA-2011,MARSAD_ANC
AMD-0aed1cbff23b,TNP-00430,NCA-2011,MARSAD_ANC
AMD-0aed1cbff23b,TNP-00443,NCA-2011,MARSAD_ANC
AMD-0aed1cbff23b,TNP-00444,NCA-2011,MARSAD_ANC
AMD-0aed1cbff23b,TNP-00455,NCA-2011,MARSAD_ANC
AMD-0aed1cbff23b,TNP-00473,NCA-2011,MARSAD_ANC
AMD-0aed1cbff23b,TNP-00487,NCA-2011,MARSAD_ANC
AMD-0aed1cbff23b,TNP-00497,NCA-2011,MARSAD_ANC
AMD-0aed1cbff23b,TNP-00502,NCA-2011,MARSAD_ANC
AMD-0aed1cbff23b,TNP-00543,NCA-2011,MARSAD_ANC
AMD-0aed1cbff23b,TNP-00564,NCA-2011,MARSAD_ANC
AMD-d44db60d8389,TNP-00332,NCA-2011,MARSAD_ANC
AMD-d44db60d8389,TNP-00391,NCA-2011,MARSAD_ANC
AMD-d44db60d8389,TNP-00402,NCA-2011,MARSAD_ANC
AMD-d44db60d8389,TNP-00408,NCA-2011,MARSAD_ANC
AMD-d44db60d8389,TNP-00410,NCA-2011,MARSAD_ANC
AMD-d44db60d8389,TNP-00449,NCA-2011,MARSAD_ANC
AMD-d44db60d8389,TNP-00497,NCA-2011,MARSAD_ANC
AMD-d44db60d8389,TNP-00499,NCA-2011,MARSAD_ANC
AMD-d44db60d8389,TNP-00502,NCA-2011,MARSAD_ANC
AMD-d44db60d8389,TNP-00536,NCA-2011,MARSAD_ANC
AMD-d44db60d8389,TNP-00539,NCA-2011,MARSAD_ANC
AMD-d44db60d8389,TNP-00543,NCA-2011,MARSAD_ANC
AMD-d44db60d8389,TNP-00550,NCA-2011,MARSAD_ANC
AMD-d44db60d8389,TNP-00557,NCA-2011,MARSAD_ANC
AMD-d44db60d8389,TNP-00564,NCA-2011,MARSAD_ANC
AMD-f832f9a5f661,TNP-00332,NCA-2011,MARSAD_ANC
AMD-f832f9a5f661,TNP-00370,NCA-2011,MARSAD_ANC
AMD-f832f9a5f661,TNP-00387,NCA-2011,MARSAD_ANC
AMD-f832f9a5f661,TNP-00392,NCA-2011,MARSAD_ANC
AMD-f832f9a5f661,TNP-00408,NCA-2011,MARSAD_ANC
AMD-f832f9a5f661,TNP-00410,NCA-2011,MARSAD_ANC
AMD-f832f9a5f661,TNP-00449,NCA-2011,MARSAD_ANC
AMD-f832f9a5f661,TNP-00473,NCA-2011,MARSAD_ANC
AMD-f832f9a5f661,TNP-00480,NCA-2011,MARSAD_ANC
AMD-f832f9a5f661,TNP-00509,NCA-2011,MARSAD_ANC
AMD-f832f9a5f661,TNP-00524,NCA-2011,MARSAD_ANC
AMD-f832f9a5f661,TNP-00562,NCA-2011,MARSAD_ANC
AMD-f832f9a5f661,TNP-00564,NCA-2011,MARSAD_ANC
AMD-98ea0b213eb4,TNP-00007,NCA-2011,MARSAD_ANC
AMD-98ea0b213eb4,TNP-00392,NCA-2011,MARSAD_ANC
AMD-98ea0b213eb4,TNP-00416,NCA-2011,MARSAD_ANC
AMD-98ea0b213eb4,TNP-00417,NCA-2011,MARSAD_ANC
AMD-98ea0b213eb4,TNP-00427,NCA-2011,MARSAD_ANC
AMD-98ea0b213eb4,TNP-00434,NCA-2011,MARSAD_ANC
AMD-98ea0b213eb4,TNP-00435,NCA-2011,MARSAD_ANC
AMD-98ea0b213eb4,TNP-00473,NCA-2011,MARSAD_ANC
AMD-98ea0b213eb4,TNP-00480,NCA-2011,MARSAD_ANC
AMD-98ea0b213eb4,TNP-00481,NCA-2011,MARSAD_ANC
AMD-98ea0b213eb4,TNP-00482,NCA-2011,MARSAD_ANC
AMD-98ea0b213eb4,TNP-00509,NCA-2011,MARSAD_ANC
AMD-98ea0b213eb4,TNP-00517,NCA-2011,MARSAD_ANC
AMD-98ea0b213eb4,TNP-00539,NCA-2011,MARSAD_ANC
AMD-381b96a02dd0,TNP-00438,NCA-2011,MARSAD_ANC
AMD-e4b40cbf7860,TNP-00332,NCA-2011,MARSAD_ANC
AMD-e4b40cbf7860,TNP-00374,NCA-2011,MARSAD_ANC
AMD-e4b40cbf7860,TNP-00419,NCA-2011,MARSAD_ANC
AMD-e4b40cbf7860,TNP-00425,NCA-2011,MARSAD_ANC
AMD-e4b40cbf7860,TNP-00439,NCA-2011,MARSAD_ANC
AMD-e4b40cbf7860,TNP-00442,NCA-2011,MARSAD_ANC
AMD-e4b40cbf7860,TNP-00466,NCA-2011,MARSAD_ANC
AMD-e4b40cbf7860,TNP-00472,NCA-2011,MARSAD_ANC
AMD-e4b40cbf7860,TNP-00499,NCA-2011,MARSAD_ANC
AMD-e4b40cbf7860,TNP-00524,NCA-2011,MARSAD_ANC
AMD-e4b40cbf7860,TNP-00544,NCA-2011,MARSAD_ANC
AMD-e4b40cbf7860,TNP-00550,NCA-2011,MARSAD_ANC
AMD-e4b40cbf7860,TNP-00554,NCA-2011,MARSAD_ANC
AMD-e4b40cbf7860,TNP-00557,NCA-2011,MARSAD_ANC
AMD-e4b40cbf7860,TNP-00558,NCA-2011,MARSAD_ANC
AMD-bb35abfd6a8b,TNP-00277,NCA-2011,MARSAD_ANC
AMD-bb35abfd6a8b,TNP-00410,NCA-2011,MARSAD_ANC
AMD-bb35abfd6a8b,TNP-00427,NCA-2011,MARSAD_ANC
AMD-bb35abfd6a8b,TNP-00456,NCA-2011,MARSAD_ANC
AMD-bb35abfd6a8b,TNP-00476,NCA-2011,MARSAD_ANC
AMD-bb35abfd6a8b,TNP-00487,NCA-2011,MARSAD_ANC
AMD-bb35abfd6a8b,TNP-00488,NCA-2011,MARSAD_ANC
AMD-bb35abfd6a8b,TNP-00498,NCA-2011,MARSAD_ANC
AMD-bb35abfd6a8b,TNP-00502,NCA-2011,MARSAD_ANC
AMD-bb35abfd6a8b,TNP-00509,NCA-2011,MARSAD_ANC
AMD-bb35abfd6a8b,TNP-00525,NCA-2011,MARSAD_ANC
AMD-bb35abfd6a8b,TNP-00529,NCA-2011,MARSAD_ANC
AMD-bb35abfd6a8b,TNP-00543,NCA-2011,MARSAD_ANC
AMD-bb35abfd6a8b,TNP-00564,NCA-2011,MARSAD_ANC
AMD-2113d9beeee9,TNP-00373,NCA-2011,MARSAD_ANC
AMD-2113d9beeee9,TNP-00392,NCA-2011,MARSAD_ANC
AMD-2113d9beeee9,TNP-00402,NCA-2011,MARSAD_ANC
AMD-2113d9beeee9,TNP-00416,NCA-2011,MARSAD_ANC
AMD-2113d9beeee9,TNP-00417,NCA-2011,MARSAD_ANC
AMD-2113d9beeee9,TNP-00427,NCA-2011,MARSAD_ANC
AMD-2113d9beeee9,TNP-00435,NCA-2011,MARSAD_ANC
AMD-2113d9beeee9,TNP-00449,NCA-2011,MARSAD_ANC
AMD-2113d9beeee9,TNP-00481,NCA-2011,MARSAD_ANC
AMD-2113d9beeee9,TNP-00482,NCA-2011,MARSAD_ANC
AMD-2113d9beeee9,TNP-00509,NCA-2011,MARSAD_ANC
AMD-2113d9beeee9,TNP-00517,NCA-2011,MARSAD_ANC
AMD-2113d9beeee9,TNP-00539,NCA-2011,MARSAD_ANC
AMD-2113d9beeee9,TNP-00543,NCA-2011,MARSAD_ANC
AMD-93967fd78a63,TNP-00007,NCA-2011,MARSAD_ANC
AMD-93967fd78a63,TNP-00370,NCA-2011,MARSAD_ANC
AMD-93967fd78a63,TNP-00410,NCA-2011,MARSAD_ANC
AMD-93967fd78a63,TNP-00416,NCA-2011,MARSAD_ANC
AMD-93967fd78a63,TNP-00417,NCA-2011,MARSAD_ANC
AMD-93967fd78a63,TNP-00427,NCA-2011,MARSAD_ANC
AMD-93967fd78a63,TNP-00435,NCA-2011,MARSAD_ANC
AMD-93967fd78a63,TNP-00449,NCA-2011,MARSAD_ANC
AMD-93967fd78a63,TNP-00481,NCA-2011,MARSAD_ANC
AMD-93967fd78a63,TNP-00482,NCA-2011,MARSAD_ANC
AMD-93967fd78a63,TNP-00509,NCA-2011,MARSAD_ANC
AMD-93967fd78a63,TNP-00517,NCA-2011,MARSAD_ANC
AMD-93967fd78a63,TNP-00525,NCA-2011,MARSAD_ANC
AMD-93967fd78a63,TNP-00539,NCA-2011,MARSAD_ANC
AMD-93967fd78a63,TNP-00543,NCA-2011,MARSAD_ANC
AMD-f80f0809adda,TNP-00289,NCA-2011,MARSAD_ANC
AMD-f80f0809adda,TNP-00370,NCA-2011,MARSAD_ANC
AMD-f80f0809adda,TNP-00392,NCA-2011,MARSAD_ANC
AMD-f80f0809adda,TNP-00416,NCA-2011,MARSAD_ANC
AMD-f80f0809adda,TNP-00426,NCA-2011,MARSAD_ANC
AMD-f80f0809adda,TNP-00430,NCA-2011,MARSAD_ANC
AMD-f80f0809adda,TNP-00443,NCA-2011,MARSAD_ANC
AMD-f80f0809adda,TNP-00444,NCA-2011,MARSAD_ANC
AMD-f80f0809adda,TNP-00449,NCA-2011,MARSAD_ANC
AMD-f80f0809adda,TNP-00453,NCA-2011,MARSAD_ANC
AMD-f80f0809adda,TNP-00473,NCA-2011,MARSAD_ANC
AMD-f80f0809adda,TNP-00480,NCA-2011,MARSAD_ANC
AMD-f80f0809adda,TNP-00482,NCA-2011,MARSAD_ANC
AMD-f80f0809adda,TNP-00511,NCA-2011,MARSAD_ANC
AMD-f80f0809adda,TNP-00524,NCA-2011,MARSAD_ANC
AMD-f80f0809adda,TNP-00543,NCA-2011,MARSAD_ANC
AMD-9a9e0c35acb5,TNP-00370,NCA-2011,MARSAD_ANC
AMD-9a9e0c35acb5,TNP-00378,NCA-2011,MARSAD_ANC
AMD-9a9e0c35acb5,TNP-00395,NCA-2011,MARSAD_ANC
AMD-9a9e0c35acb5,TNP-00416,NCA-2011,MARSAD_ANC
AMD-9a9e0c35acb5,TNP-00426,NCA-2011,MARSAD_ANC
AMD-9a9e0c35acb5,TNP-00427,NCA-2011,MARSAD_ANC
AMD-9a9e0c35acb5,TNP-00438,NCA-2011,MARSAD_ANC
AMD-9a9e0c35acb5,TNP-00443,NCA-2011,MARSAD_ANC
AMD-9a9e0c35acb5,TNP-00449,NCA-2011,MARSAD_ANC
AMD-9a9e0c35acb5,TNP-00457,NCA-2011,MARSAD_ANC
AMD-9a9e0c35acb5,TNP-00473,NCA-2011,MARSAD_ANC
AMD-9a9e0c35acb5,TNP-00478,NCA-2011,MARSAD_ANC
AMD-9a9e0c35acb5,TNP-00479,NCA-2011,MARSAD_ANC
AMD-9a9e0c35acb5,TNP-00480,NCA-2011,MARSAD_ANC
AMD-9a9e0c35acb5,TNP-00497,NCA-2011,MARSAD_ANC
AMD-9a9e0c35acb5,TNP-00499,NCA-2011,MARSAD_ANC
AMD-9a9e0c35acb5,TNP-00511,NCA-2011,MARSAD_ANC
AMD-9a9e0c35acb5,TNP-00514,NCA-2011,MARSAD_ANC
AMD-9a9e0c35acb5,TNP-00524,NCA-2011,MARSAD_ANC
AMD-9a9e0c35acb5,TNP-00550,NCA-2011,MARSAD_ANC
AMD-93259d4ed9f8,TNP-00285,NCA-2011,MARSAD_ANC
AMD-93259d4ed9f8,TNP-00371,NCA-2011,MARSAD_ANC
AMD-93259d4ed9f8,TNP-00382,NCA-2011,MARSAD_ANC
AMD-93259d4ed9f8,TNP-00385,NCA-2011,MARSAD_ANC
AMD-93259d4ed9f8,TNP-00398,NCA-2011,MARSAD_ANC
AMD-93259d4ed9f8,TNP-00401,NCA-2011,MARSAD_ANC
AMD-93259d4ed9f8,TNP-00421,NCA-2011,MARSAD_ANC
AMD-93259d4ed9f8,TNP-00432,NCA-2011,MARSAD_ANC
AMD-93259d4ed9f8,TNP-00445,NCA-2011,MARSAD_ANC
AMD-93259d4ed9f8,TNP-00454,NCA-2011,MARSAD_ANC
AMD-93259d4ed9f8,TNP-00470,NCA-2011,MARSAD_ANC
AMD-93259d4ed9f8,TNP-00484,NCA-2011,MARSAD_ANC
AMD-93259d4ed9f8,TNP-00540,NCA-2011,MARSAD_ANC
AMD-93259d4ed9f8,TNP-00548,NCA-2011,MARSAD_ANC
AMD-93259d4ed9f8,TNP-00552,NCA-2011,MARSAD_ANC
AMD-cb0448cc6f85,TNP-00430,NCA-2011,MARSAD_ANC
AMD-f5d468482ee2,TNP-00007,NCA-2011,MARSAD_ANC
AMD-f5d468482ee2,TNP-00289,NCA-2011,MARSAD_ANC
AMD-f5d468482ee2,TNP-00332,NCA-2011,MARSAD_ANC
AMD-f5d468482ee2,TNP-00370,NCA-2011,MARSAD_ANC
AMD-f5d468482ee2,TNP-00385,NCA-2011,MARSAD_ANC
AMD-f5d468482ee2,TNP-00392,NCA-2011,MARSAD_ANC
AMD-f5d468482ee2,TNP-00402,NCA-2011,MARSAD_ANC
AMD-f5d468482ee2,TNP-00410,NCA-2011,MARSAD_ANC
AMD-f5d468482ee2,TNP-00416,NCA-2011,MARSAD_ANC
AMD-f5d468482ee2,TNP-00435,NCA-2011,MARSAD_ANC
AMD-f5d468482ee2,TNP-00437,NCA-2011,MARSAD_ANC
AMD-f5d468482ee2,TNP-00444,NCA-2011,MARSAD_ANC
AMD-f5d468482ee2,TNP-00480,NCA-2011,MARSAD_ANC
AMD-f5d468482ee2,TNP-00481,NCA-2011,MARSAD_ANC
AMD-f5d468482ee2,TNP-00487,NCA-2011,MARSAD_ANC
AMD-f5d468482ee2,TNP-00508,NCA-2011,MARSAD_ANC
AMD-f5d468482ee2,TNP-00509,NCA-2011,MARSAD_ANC
AMD-f5d468482ee2,TNP-00517,NCA-2011,MARSAD_ANC
AMD-f5d468482ee2,TNP-00531,NCA-2011,MARSAD_ANC
AMD-f5d468482ee2,TNP-00539,NCA-2011,MARSAD_ANC
AMD-f5d468482ee2,TNP-00557,NCA-2011,MARSAD_ANC
AMD-a1e786c02ac8,TNP-00332,NCA-2011,MARSAD_ANC
AMD-a1e786c02ac8,TNP-00378,NCA-2011,MARSAD_ANC
AMD-a1e786c02ac8,TNP-00425,NCA-2011,MARSAD_ANC
AMD-a1e786c02ac8,TNP-00427,NCA-2011,MARSAD_ANC
AMD-a1e786c02ac8,TNP-00430,NCA-2011,MARSAD_ANC
AMD-a1e786c02ac8,TNP-00439,NCA-2011,MARSAD_ANC
AMD-a1e786c02ac8,TNP-00443,NCA-2011,MARSAD_ANC
AMD-a1e786c02ac8,TNP-00472,NCA-2011,MARSAD_ANC
AMD-a1e786c02ac8,TNP-00473,NCA-2011,MARSAD_ANC
AMD-a1e786c02ac8,TNP-00478,NCA-2011,MARSAD_ANC
AMD-a1e786c02ac8,TNP-00488,NCA-2011,MARSAD_ANC
AMD-a1e786c02ac8,TNP-00514,NCA-2011,MARSAD_ANC
AMD-a1e786c02ac8,TNP-00529,NCA-2011,MARSAD_ANC
AMD-a1e786c02ac8,TNP-00550,NCA-2011,MARSAD_ANC
AMD-a1e786c02ac8,TNP-00557,NCA-2011,MARSAD_ANC
AMD-a1e786c02ac8,TNP-00558,NCA-2011,MARSAD_ANC
AMD-c9098d14e007,TNP-00392,NCA-2011,MARSAD_ANC
AMD-c9098d14e007,TNP-00416,NCA-2011,MARSAD_ANC
AMD-c9098d14e007,TNP-00430,NCA-2011,MARSAD_ANC
AMD-c9098d14e007,TNP-00443,NCA-2011,MARSAD_ANC
AMD-c9098d14e007,TNP-00444,NCA-2011,MARSAD_ANC
AMD-c9098d14e007,TNP-00449,NCA-2011,MARSAD_ANC
AMD-c9098d14e007,TNP-00453,NCA-2011,MARSAD_ANC
AMD-c9098d14e007,TNP-00473,NCA-2011,MARSAD_ANC
AMD-c9098d14e007,TNP-00480,NCA-2011,MARSAD_ANC
AMD-c9098d14e007,TNP-00506,NCA-2011,MARSAD_ANC
AMD-c9098d14e007,TNP-00511,NCA-2011,MARSAD_ANC
AMD-c9098d14e007,TNP-00514,NCA-2011,MARSAD_ANC
AMD-c9098d14e007,TNP-00515,NCA-2011,MARSAD_ANC
AMD-c9098d14e007,TNP-00524,NCA-2011,MARSAD_ANC
AMD-c9098d14e007,TNP-00536,NCA-2011,MARSAD_ANC
AMD-c9098d14e007,TNP-00543,NCA-2011,MARSAD_ANC
AMD-ea69ab728475,TNP-00141,NCA-2011,MARSAD_ANC
AMD-ea69ab728475,TNP-00374,NCA-2011,MARSAD_ANC
AMD-ea69ab728475,TNP-00390,NCA-2011,MARSAD_ANC
AMD-ea69ab728475,TNP-00419,NCA-2011,MARSAD_ANC
AMD-ea69ab728475,TNP-00425,NCA-2011,MARSAD_ANC
AMD-ea69ab728475,TNP-00427,NCA-2011,MARSAD_ANC
AMD-ea69ab728475,TNP-00428,NCA-2011,MARSAD_ANC
AMD-ea69ab728475,TNP-00434,NCA-2011,MARSAD_ANC
AMD-ea69ab728475,TNP-00457,NCA-2011,MARSAD_ANC
AMD-ea69ab728475,TNP-00463,NCA-2011,MARSAD_ANC
AMD-ea69ab728475,TNP-00476,NCA-2011,MARSAD_ANC
AMD-ea69ab728475,TNP-00488,NCA-2011,MARSAD_ANC
AMD-ea69ab728475,TNP-00493,NCA-2011,MARSAD_ANC
AMD-ea69ab728475,TNP-00498,NCA-2011,MARSAD_ANC
AMD-ea69ab728475,TNP-00507,NCA-2011,MARSAD_ANC
AMD-ea69ab728475,TNP-00522,NCA-2011,MARSAD_ANC
AMD-ea69ab728475,TNP-00527,NCA-2011,MARSAD_ANC
AMD-85eacef59c4b,TNP-00332,NCA-2011,MARSAD_ANC
AMD-85eacef59c4b,TNP-00370,NCA-2011,MARSAD_ANC
AMD-85eacef59c4b,TNP-00378,NCA-2011,MARSAD_ANC
AMD-85eacef59c4b,TNP-00425,NCA-2011,MARSAD_ANC
AMD-85eacef59c4b,TNP-00427,NCA-2011,MARSAD_ANC
AMD-85eacef59c4b,TNP-00430,NCA-2011,MARSAD_ANC
AMD-85eacef59c4b,TNP-00443,NCA-2011,MARSAD_ANC
AMD-85eacef59c4b,TNP-00449,NCA-2011,MARSAD_ANC
AMD-85eacef59c4b,TNP-00466,NCA-2011,MARSAD_ANC
AMD-85eacef59c4b,TNP-00472,NCA-2011,MARSAD_ANC
AMD-85eacef59c4b,TNP-00478,NCA-2011,MARSAD_ANC
AMD-85eacef59c4b,TNP-00488,NCA-2011,MARSAD_ANC
AMD-85eacef59c4b,TNP-00499,NCA-2011,MARSAD_ANC
AMD-85eacef59c4b,TNP-00514,NCA-2011,MARSAD_ANC
AMD-85eacef59c4b,TNP-00529,NCA-2011,MARSAD_ANC
AMD-85eacef59c4b,TNP-00550,NCA-2011,MARSAD_ANC
AMD-85eacef59c4b,TNP-00557,NCA-2011,MARSAD_ANC
AMD-85eacef59c4b,TNP-00558,NCA-2011,MARSAD_ANC
AMD-6a73008024a3,TNP-00277,NCA-2011,MARSAD_ANC
AMD-6a73008024a3,TNP-00289,NCA-2011,MARSAD_ANC
AMD-6a73008024a3,TNP-00370,NCA-2011,MARSAD_ANC
AMD-6a73008024a3,TNP-00392,NCA-2011,MARSAD_ANC
AMD-6a73008024a3,TNP-00426,NCA-2011,MARSAD_ANC
AMD-6a73008024a3,TNP-00438,NCA-2011,MARSAD_ANC
AMD-6a73008024a3,TNP-00443,NCA-2011,MARSAD_ANC
AMD-6a73008024a3,TNP-00444,NCA-2011,MARSAD_ANC
AMD-6a73008024a3,TNP-00449,NCA-2011,MARSAD_ANC
AMD-6a73008024a3,TNP-00487,NCA-2011,MARSAD_ANC
AMD-6a73008024a3,TNP-00506,NCA-2011,MARSAD_ANC
AMD-6a73008024a3,TNP-00511,NCA-2011,MARSAD_ANC
AMD-6a73008024a3,TNP-00514,NCA-2011,MARSAD_ANC
AMD-6a73008024a3,TNP-00524,NCA-2011,MARSAD_ANC
AMD-6a73008024a3,TNP-00536,NCA-2011,MARSAD_ANC
AMD-6a73008024a3,TNP-00543,NCA-2011,MARSAD_ANC
AMD-97f0221b5616,TNP-00247,NCA-2011,MARSAD_ANC
AMD-97f0221b5616,TNP-00477,NCA-2011,MARSAD_ANC
AMD-415f78fad0f1,TNP-00476,NCA-2011,MARSAD_ANC
AMD-b5b0a9fb8253,TNP-00370,NCA-2011,MARSAD_ANC
AMD-b5b0a9fb8253,TNP-00372,NCA-2011,MARSAD_ANC
AMD-b5b0a9fb8253,TNP-00392,NCA-2011,MARSAD_ANC
AMD-b5b0a9fb8253,TNP-00417,NCA-2011,MARSAD_ANC
AMD-b5b0a9fb8253,TNP-00443,NCA-2011,MARSAD_ANC
AMD-b5b0a9fb8253,TNP-00480,NCA-2011,MARSAD_ANC
AMD-b5b0a9fb8253,TNP-00482,NCA-2011,MARSAD_ANC
AMD-b5b0a9fb8253,TNP-00506,NCA-2011,MARSAD_ANC
AMD-b5b0a9fb8253,TNP-00508,NCA-2011,MARSAD_ANC
AMD-b5b0a9fb8253,TNP-00515,NCA-2011,MARSAD_ANC
AMD-b5b0a9fb8253,TNP-00525,NCA-2011,MARSAD_ANC
AMD-b5b0a9fb8253,TNP-00536,NCA-2011,MARSAD_ANC
AMD-b5b0a9fb8253,TNP-00539,NCA-2011,MARSAD_ANC
AMD-b5b0a9fb8253,TNP-00543,NCA-2011,MARSAD_ANC
AMD-d1bc6253e681,TNP-00484,NCA-2011,MARSAD_ANC
AMD-d1bc6253e681,TNP-00497,NCA-2011,MARSAD_ANC
AMD-6e796b1d6e16,TNP-00370,NCA-2011,MARSAD_ANC
AMD-6e796b1d6e16,TNP-00372,NCA-2011,MARSAD_ANC
AMD-6e796b1d6e16,TNP-00392,NCA-2011,MARSAD_ANC
AMD-6e796b1d6e16,TNP-00416,NCA-2011,MARSAD_ANC
AMD-6e796b1d6e16,TNP-00417,NCA-2011,MARSAD_ANC
AMD-6e796b1d6e16,TNP-00430,NCA-2011,MARSAD_ANC
AMD-6e796b1d6e16,TNP-00438,NCA-2011,MARSAD_ANC
AMD-6e796b1d6e16,TNP-00443,NCA-2011,MARSAD_ANC
AMD-6e796b1d6e16,TNP-00444,NCA-2011,MARSAD_ANC
AMD-6e796b1d6e16,TNP-00449,NCA-2011,MARSAD_ANC
AMD-6e796b1d6e16,TNP-00453,NCA-2011,MARSAD_ANC
AMD-6e796b1d6e16,TNP-00473,NCA-2011,MARSAD_ANC
AMD-6e796b1d6e16,TNP-00480,NCA-2011,MARSAD_ANC
AMD-6e796b1d6e16,TNP-00482,NCA-2011,MARSAD_ANC
AMD-6e796b1d6e16,TNP-00511,NCA-2011,MARSAD_ANC
AMD-6e796b1d6e16,TNP-00515,NCA-2011,MARSAD_ANC
AMD-6e796b1d6e16,TNP-00524,NCA-2011,MARSAD_ANC
AMD-6e796b1d6e16,TNP-00543,NCA-2011,MARSAD_ANC
AMD-44e07f6357d7,TNP-00247,NCA-2011,MARSAD_ANC
AMD-44e07f6357d7,TNP-00301,NCA-2011,MARSAD_ANC
AMD-44e07f6357d7,TNP-00377,NCA-2011,MARSAD_ANC
AMD-44e07f6357d7,TNP-00394,NCA-2011,MARSAD_ANC
AMD-44e07f6357d7,TNP-00397,NCA-2011,MARSAD_ANC
AMD-44e07f6357d7,TNP-00401,NCA-2011,MARSAD_ANC
AMD-44e07f6357d7,TNP-00422,NCA-2011,MARSAD_ANC
AMD-44e07f6357d7,TNP-00437,NCA-2011,MARSAD_ANC
AMD-44e07f6357d7,TNP-00445,NCA-2011,MARSAD_ANC
AMD-44e07f6357d7,TNP-00459,NCA-2011,MARSAD_ANC
AMD-44e07f6357d7,TNP-00477,NCA-2011,MARSAD_ANC
AMD-44e07f6357d7,TNP-00532,NCA-2011,MARSAD_ANC
AMD-44e07f6357d7,TNP-00533,NCA-2011,MARSAD_ANC
AMD-44e07f6357d7,TNP-00538,NCA-2011,MARSAD_ANC
AMD-44e07f6357d7,TNP-00548,NCA-2011,MARSAD_ANC
AMD-e8c692c3ffff,TNP-00324,NCA-2011,MARSAD_ANC
AMD-e8c692c3ffff,TNP-00484,NCA-2011,MARSAD_ANC
AMD-d9b49fed8ad7,TNP-00430,NCA-2011,MARSAD_ANC
AMD-d9b49fed8ad7,TNP-00444,NCA-2011,MARSAD_ANC
AMD-8aaa6d2ecdd3,TNP-00277,NCA-2011,MARSAD_ANC
AMD-8aaa6d2ecdd3,TNP-00289,NCA-2011,MARSAD_ANC
AMD-8aaa6d2ecdd3,TNP-00370,NCA-2011,MARSAD_ANC
AMD-8aaa6d2ecdd3,TNP-00372,NCA-2011,MARSAD_ANC
AMD-8aaa6d2ecdd3,TNP-00378,NCA-2011,MARSAD_ANC
AMD-8aaa6d2ecdd3,TNP-00408,NCA-2011,MARSAD_ANC
AMD-8aaa6d2ecdd3,TNP-00409,NCA-2011,MARSAD_ANC
AMD-8aaa6d2ecdd3,TNP-00416,NCA-2011,MARSAD_ANC
AMD-8aaa6d2ecdd3,TNP-00417,NCA-2011,MARSAD_ANC
AMD-8aaa6d2ecdd3,TNP-00420,NCA-2011,MARSAD_ANC
AMD-8aaa6d2ecdd3,TNP-00430,NCA-2011,MARSAD_ANC
AMD-8aaa6d2ecdd3,TNP-00438,NCA-2011,MARSAD_ANC
AMD-8aaa6d2ecdd3,TNP-00443,NCA-2011,MARSAD_ANC
AMD-8aaa6d2ecdd3,TNP-00444,NCA-2011,MARSAD_ANC
AMD-8aaa6d2ecdd3,TNP-00448,NCA-2011,MARSAD_ANC
AMD-8aaa6d2ecdd3,TNP-00449,NCA-2011,MARSAD_ANC
AMD-8aaa6d2ecdd3,TNP-00468,NCA-2011,MARSAD_ANC
AMD-8aaa6d2ecdd3,TNP-00480,NCA-2011,MARSAD_ANC
AMD-8aaa6d2ecdd3,TNP-00482,NCA-2011,MARSAD_ANC
AMD-8aaa6d2ecdd3,TNP-00497,NCA-2011,MARSAD_ANC
AMD-8aaa6d2ecdd3,TNP-00506,NCA-2011,MARSAD_ANC
AMD-8aaa6d2ecdd3,TNP-00511,NCA-2011,MARSAD_ANC
AMD-8aaa6d2ecdd3,TNP-00512,NCA-2011,MARSAD_ANC
AMD-8aaa6d2ecdd3,TNP-00517,NCA-2011,MARSAD_ANC
AMD-8aaa6d2ecdd3,TNP-00519,NCA-2011,MARSAD_ANC
AMD-8aaa6d2ecdd3,TNP-00535,NCA-2011,MARSAD_ANC
AMD-8aaa6d2ecdd3,TNP-00536,NCA-2011,MARSAD_ANC
AMD-8aaa6d2ecdd3,TNP-00539,NCA-2011,MARSAD_ANC
AMD-d16ea2b28cfe,TNP-00324,NCA-2011,MARSAD_ANC
AMD-d16ea2b28cfe,TNP-00484,NCA-2011,MARSAD_ANC
AMD-d72c7af6e34c,TNP-00324,NCA-2011,MARSAD_ANC
AMD-d72c7af6e34c,TNP-00477,NCA-2011,MARSAD_ANC
AMD-1b516671c04d,TNP-00289,NCA-2011,MARSAD_ANC
AMD-1b516671c04d,TNP-00400,NCA-2011,MARSAD_ANC
AMD-1b516671c04d,TNP-00416,NCA-2011,MARSAD_ANC
AMD-1b516671c04d,TNP-00426,NCA-2011,MARSAD_ANC
AMD-1b516671c04d,TNP-00430,NCA-2011,MARSAD_ANC
AMD-1b516671c04d,TNP-00443,NCA-2011,MARSAD_ANC
AMD-1b516671c04d,TNP-00444,NCA-2011,MARSAD_ANC
AMD-1b516671c04d,TNP-00449,NCA-2011,MARSAD_ANC
AMD-1b516671c04d,TNP-00453,NCA-2011,MARSAD_ANC
AMD-1b516671c04d,TNP-00473,NCA-2011,MARSAD_ANC
AMD-1b516671c04d,TNP-00480,NCA-2011,MARSAD_ANC
AMD-1b516671c04d,TNP-00543,NCA-2011,MARSAD_ANC
AMD-6fc75cea6a13,TNP-00378,NCA-2011,MARSAD_ANC
AMD-6fc75cea6a13,TNP-00463,NCA-2011,MARSAD_ANC
AMD-0a351c9d129a,TNP-00289,NCA-2011,MARSAD_ANC
AMD-0a351c9d129a,TNP-00370,NCA-2011,MARSAD_ANC
AMD-0a351c9d129a,TNP-00392,NCA-2011,MARSAD_ANC
AMD-0a351c9d129a,TNP-00416,NCA-2011,MARSAD_ANC
AMD-0a351c9d129a,TNP-00417,NCA-2011,MARSAD_ANC
AMD-0a351c9d129a,TNP-00426,NCA-2011,MARSAD_ANC
AMD-0a351c9d129a,TNP-00430,NCA-2011,MARSAD_ANC
AMD-0a351c9d129a,TNP-00443,NCA-2011,MARSAD_ANC
AMD-0a351c9d129a,TNP-00444,NCA-2011,MARSAD_ANC
AMD-0a351c9d129a,TNP-00449,NCA-2011,MARSAD_ANC
AMD-0a351c9d129a,TNP-00473,NCA-2011,MARSAD_ANC
AMD-0a351c9d129a,TNP-00480,NCA-2011,MARSAD_ANC
AMD-0a351c9d129a,TNP-00482,NCA-2011,MARSAD_ANC
AMD-0a351c9d129a,TNP-00511,NCA-2011,MARSAD_ANC
AMD-0a351c9d129a,TNP-00543,NCA-2011,MARSAD_ANC
AMD-ef0543474cec,TNP-00403,NCA-2011,MARSAD_ANC
AMD-ef0543474cec,TNP-00484,NCA-2011,MARSAD_ANC
AMD-2d0d3b590ee1,TNP-00370,NCA-2011,MARSAD_ANC
AMD-2d0d3b590ee1,TNP-00392,NCA-2011,MARSAD_ANC
AMD-2d0d3b590ee1,TNP-00417,NCA-2011,MARSAD_ANC
AMD-2d0d3b590ee1,TNP-00430,NCA-2011,MARSAD_ANC
AMD-2d0d3b590ee1,TNP-00436,NCA-2011,MARSAD_ANC
AMD-2d0d3b590ee1,TNP-00443,NCA-2011,MARSAD_ANC
AMD-2d0d3b590ee1,TNP-00444,NCA-2011,MARSAD_ANC
AMD-2d0d3b590ee1,TNP-00448,NCA-2011,MARSAD_ANC
AMD-2d0d3b590ee1,TNP-00449,NCA-2011,MARSAD_ANC
AMD-2d0d3b590ee1,TNP-00474,NCA-2011,MARSAD_ANC
AMD-2d0d3b590ee1,TNP-00482,NCA-2011,MARSAD_ANC
AMD-2d0d3b590ee1,TNP-00506,NCA-2011,MARSAD_ANC
AMD-2d0d3b590ee1,TNP-00514,NCA-2011,MARSAD_ANC
AMD-2d0d3b590ee1,TNP-00517,NCA-2011,MARSAD_ANC
AMD-2d0d3b590ee1,TNP-00543,NCA-2011,MARSAD_ANC
AMD-81787fcd76d8,TNP-00141,NCA-2011,MARSAD_ANC
AMD-81787fcd76d8,TNP-00332,NCA-2011,MARSAD_ANC
AMD-81787fcd76d8,TNP-00370,NCA-2011,MARSAD_ANC
AMD-81787fcd76d8,TNP-00374,NCA-2011,MARSAD_ANC
AMD-81787fcd76d8,TNP-00390,NCA-2011,MARSAD_ANC
AMD-81787fcd76d8,TNP-00410,NCA-2011,MARSAD_ANC
AMD-81787fcd76d8,TNP-00434,NCA-2011,MARSAD_ANC
AMD-81787fcd76d8,TNP-00457,NCA-2011,MARSAD_ANC
AMD-81787fcd76d8,TNP-00476,NCA-2011,MARSAD_ANC
AMD-81787fcd76d8,TNP-00487,NCA-2011,MARSAD_ANC
AMD-81787fcd76d8,TNP-00488,NCA-2011,MARSAD_ANC
AMD-81787fcd76d8,TNP-00493,NCA-2011,MARSAD_ANC
AMD-81787fcd76d8,TNP-00498,NCA-2011,MARSAD_ANC
AMD-81787fcd76d8,TNP-00522,NCA-2011,MARSAD_ANC
AMD-81787fcd76d8,TNP-00527,NCA-2011,MARSAD_ANC
AMD-81787fcd76d8,TNP-00554,NCA-2011,MARSAD_ANC
AMD-823ac1f7fe54,TNP-00324,NCA-2011,MARSAD_ANC
AMD-823ac1f7fe54,TNP-00422,NCA-2011,MARSAD_ANC
AMD-01a737213d5f,TNP-00324,NCA-2011,MARSAD_ANC
AMD-01a737213d5f,TNP-00484,NCA-2011,MARSAD_ANC
AMD-709fea508869,TNP-00007,NCA-2011,MARSAD_ANC
AMD-709fea508869,TNP-00289,NCA-2011,MARSAD_ANC
AMD-709fea508869,TNP-00332,NCA-2011,MARSAD_ANC
AMD-709fea508869,TNP-00378,NCA-2011,MARSAD_ANC
AMD-709fea508869,TNP-00425,NCA-2011,MARSAD_ANC
AMD-709fea508869,TNP-00427,NCA-2011,MARSAD_ANC
AMD-709fea508869,TNP-00430,NCA-2011,MARSAD_ANC
AMD-709fea508869,TNP-00438,NCA-2011,MARSAD_ANC
AMD-709fea508869,TNP-00443,NCA-2011,MARSAD_ANC
AMD-709fea508869,TNP-00466,NCA-2011,MARSAD_ANC
AMD-709fea508869,TNP-00473,NCA-2011,MARSAD_ANC
AMD-709fea508869,TNP-00478,NCA-2011,MARSAD_ANC
AMD-709fea508869,TNP-00499,NCA-2011,MARSAD_ANC
AMD-709fea508869,TNP-00550,NCA-2011,MARSAD_ANC
AMD-709fea508869,TNP-00557,NCA-2011,MARSAD_ANC
AMD-709fea508869,TNP-00558,NCA-2011,MARSAD_ANC
AMD-5a42ec135295,TNP-00438,NCA-2011,MARSAD_ANC
AMD-5a42ec135295,TNP-00484,NCA-2011,MARSAD_ANC
AMD-201c176ee9f4,TNP-00370,NCA-2011,MARSAD_ANC
AMD-201c176ee9f4,TNP-00378,NCA-2011,MARSAD_ANC
AMD-d3a6d783cb2f,TNP-00374,NCA-2011,MARSAD_ANC
AMD-d3a6d783cb2f,TNP-00390,NCA-2011,MARSAD_ANC
AMD-d3a6d783cb2f,TNP-00419,NCA-2011,MARSAD_ANC
AMD-d3a6d783cb2f,TNP-00422,NCA-2011,MARSAD_ANC
AMD-d3a6d783cb2f,TNP-00425,NCA-2011,MARSAD_ANC
AMD-d3a6d783cb2f,TNP-00427,NCA-2011,MARSAD_ANC
AMD-d3a6d783cb2f,TNP-00457,NCA-2011,MARSAD_ANC
AMD-d3a6d783cb2f,TNP-00476,NCA-2011,MARSAD_ANC
AMD-d3a6d783cb2f,TNP-00488,NCA-2011,MARSAD_ANC
AMD-d3a6d783cb2f,TNP-00498,NCA-2011,MARSAD_ANC
AMD-d3a6d783cb2f,TNP-00507,NCA-2011,MARSAD_ANC
AMD-d3a6d783cb2f,TNP-00529,NCA-2011,MARSAD_ANC
AMD-d3a6d783cb2f,TNP-00534,NCA-2011,MARSAD_ANC
AMD-d3a6d783cb2f,TNP-00551,NCA-2011,MARSAD_ANC
AMD-d3a6d783cb2f,TNP-00554,NCA-2011,MARSAD_ANC
AMD-c294c43237b8,TNP-00377,NCA-2011,MARSAD_ANC
AMD-c294c43237b8,TNP-00385,NCA-2011,MARSAD_ANC
AMD-c294c43237b8,TNP-00394,NCA-2011,MARSAD_ANC
AMD-c294c43237b8,TNP-00413,NCA-2011,MARSAD_ANC
AMD-c294c43237b8,TNP-00418,NCA-2011,MARSAD_ANC
AMD-c294c43237b8,TNP-00421,NCA-2011,MARSAD_ANC
AMD-c294c43237b8,TNP-00423,NCA-2011,MARSAD_ANC
AMD-c294c43237b8,TNP-00432,NCA-2011,MARSAD_ANC
AMD-c294c43237b8,TNP-00433,NCA-2011,MARSAD_ANC
AMD-c294c43237b8,TNP-00457,NCA-2011,MARSAD_ANC
AMD-c294c43237b8,TNP-00458,NCA-2011,MARSAD_ANC
AMD-c294c43237b8,TNP-00493,NCA-2011,MARSAD_ANC
AMD-c294c43237b8,TNP-00496,NCA-2011,MARSAD_ANC
AMD-c294c43237b8,TNP-00521,NCA-2011,MARSAD_ANC
AMD-c294c43237b8,TNP-00529,NCA-2011,MARSAD_ANC
AMD-c294c43237b8,TNP-00530,NCA-2011,MARSAD_ANC
AMD-c294c43237b8,TNP-00533,NCA-2011,MARSAD_ANC
AMD-c294c43237b8,TNP-00541,NCA-2011,MARSAD_ANC
AMD-c294c43237b8,TNP-00553,NCA-2011,MARSAD_ANC
AMD-c294c43237b8,TNP-00559,NCA-2011,MARSAD_ANC
AMD-f4cc65b72190,TNP-00007,NCA-2011,MARSAD_ANC
AMD-f4cc65b72190,TNP-00370,NCA-2011,MARSAD_ANC
AMD-f4cc65b72190,TNP-00392,NCA-2011,MARSAD_ANC
AMD-f4cc65b72190,TNP-00416,NCA-2011,MARSAD_ANC
AMD-f4cc65b72190,TNP-00417,NCA-2011,MARSAD_ANC
AMD-f4cc65b72190,TNP-00438,NCA-2011,MARSAD_ANC
AMD-f4cc65b72190,TNP-00443,NCA-2011,MARSAD_ANC
AMD-f4cc65b72190,TNP-00466,NCA-2011,MARSAD_ANC
AMD-f4cc65b72190,TNP-00480,NCA-2011,MARSAD_ANC
AMD-f4cc65b72190,TNP-00482,NCA-2011,MARSAD_ANC
AMD-f4cc65b72190,TNP-00506,NCA-2011,MARSAD_ANC
AMD-f4cc65b72190,TNP-00508,NCA-2011,MARSAD_ANC
AMD-f4cc65b72190,TNP-00511,NCA-2011,MARSAD_ANC
AMD-f4cc65b72190,TNP-00515,NCA-2011,MARSAD_ANC
AMD-f4cc65b72190,TNP-00524,NCA-2011,MARSAD_ANC
AMD-f4cc65b72190,TNP-00536,NCA-2011,MARSAD_ANC
AMD-f4cc65b72190,TNP-00539,NCA-2011,MARSAD_ANC
AMD-f4cc65b72190,TNP-00543,NCA-2011,MARSAD_ANC
AMD-f4cc65b72190,TNP-00557,NCA-2011,MARSAD_ANC
AMD-d2753ac8cb59,TNP-00247,NCA-2011,MARSAD_ANC
AMD-d2753ac8cb59,TNP-00301,NCA-2011,MARSAD_ANC
AMD-d2753ac8cb59,TNP-00371,NCA-2011,MARSAD_ANC
AMD-d2753ac8cb59,TNP-00394,NCA-2011,MARSAD_ANC
AMD-d2753ac8cb59,TNP-00401,NCA-2011,MARSAD_ANC
AMD-d2753ac8cb59,TNP-00403,NCA-2011,MARSAD_ANC
AMD-d2753ac8cb59,TNP-00404,NCA-2011,MARSAD_ANC
AMD-d2753ac8cb59,TNP-00437,NCA-2011,MARSAD_ANC
AMD-d2753ac8cb59,TNP-00445,NCA-2011,MARSAD_ANC
AMD-d2753ac8cb59,TNP-00459,NCA-2011,MARSAD_ANC
AMD-d2753ac8cb59,TNP-00470,NCA-2011,MARSAD_ANC
AMD-d2753ac8cb59,TNP-00477,NCA-2011,MARSAD_ANC
AMD-d2753ac8cb59,TNP-00538,NCA-2011,MARSAD_ANC
AMD-d2753ac8cb59,TNP-00548,NCA-2011,MARSAD_ANC
AMD-d2753ac8cb59,TNP-00560,NCA-2011,MARSAD_ANC
AMD-6067de8025c2,TNP-00289,NCA-2011,MARSAD_ANC
AMD-6067de8025c2,TNP-00332,NCA-2011,MARSAD_ANC
AMD-6067de8025c2,TNP-00370,NCA-2011,MARSAD_ANC
AMD-6067de8025c2,TNP-00372,NCA-2011,MARSAD_ANC
AMD-6067de8025c2,TNP-00392,NCA-2011,MARSAD_ANC
AMD-6067de8025c2,TNP-00416,NCA-2011,MARSAD_ANC
AMD-6067de8025c2,TNP-00426,NCA-2011,MARSAD_ANC
AMD-6067de8025c2,TNP-00443,NCA-2011,MARSAD_ANC
AMD-6067de8025c2,TNP-00473,NCA-2011,MARSAD_ANC
AMD-6067de8025c2,TNP-00480,NCA-2011,MARSAD_ANC
AMD-6067de8025c2,TNP-00508,NCA-2011,MARSAD_ANC
AMD-6067de8025c2,TNP-00514,NCA-2011,MARSAD_ANC
AMD-6067de8025c2,TNP-00524,NCA-2011,MARSAD_ANC
AMD-6067de8025c2,TNP-00536,NCA-2011,MARSAD_ANC
AMD-6067de8025c2,TNP-00543,NCA-2011,MARSAD_ANC
AMD-8fd60f8b376f,TNP-00374,NCA-2011,MARSAD_ANC
AMD-8fd60f8b376f,TNP-00390,NCA-2011,MARSAD_ANC
AMD-8fd60f8b376f,TNP-00414,NCA-2011,MARSAD_ANC
AMD-8fd60f8b376f,TNP-00419,NCA-2011,MARSAD_ANC
AMD-8fd60f8b376f,TNP-00422,NCA-2011,MARSAD_ANC
AMD-8fd60f8b376f,TNP-00428,NCA-2011,MARSAD_ANC
AMD-8fd60f8b376f,TNP-00457,NCA-2011,MARSAD_ANC
AMD-8fd60f8b376f,TNP-00476,NCA-2011,MARSAD_ANC
AMD-8fd60f8b376f,TNP-00488,NCA-2011,MARSAD_ANC
AMD-8fd60f8b376f,TNP-00493,NCA-2011,MARSAD_ANC
AMD-8fd60f8b376f,TNP-00503,NCA-2011,MARSAD_ANC
AMD-8fd60f8b376f,TNP-00521,NCA-2011,MARSAD_ANC
AMD-8fd60f8b376f,TNP-00544,NCA-2011,MARSAD_ANC
AMD-8fd60f8b376f,TNP-00553,NCA-2011,MARSAD_ANC
AMD-8fd60f8b376f,TNP-00554,NCA-2011,MARSAD_ANC
AMD-d58a4d34c7ce,TNP-00007,NCA-2011,MARSAD_ANC
AMD-d58a4d34c7ce,TNP-00277,NCA-2011,MARSAD_ANC
AMD-d58a4d34c7ce,TNP-00289,NCA-2011,MARSAD_ANC
AMD-d58a4d34c7ce,TNP-00370,NCA-2011,MARSAD_ANC
AMD-d58a4d34c7ce,TNP-00438,NCA-2011,MARSAD_ANC
AMD-d58a4d34c7ce,TNP-00443,NCA-2011,MARSAD_ANC
AMD-d58a4d34c7ce,TNP-00487,NCA-2011,MARSAD_ANC
AMD-d58a4d34c7ce,TNP-00497,NCA-2011,MARSAD_ANC
AMD-d58a4d34c7ce,TNP-00506,NCA-2011,MARSAD_ANC
AMD-d58a4d34c7ce,TNP-00511,NCA-2011,MARSAD_ANC
AMD-d58a4d34c7ce,TNP-00514,NCA-2011,MARSAD_ANC
AMD-d58a4d34c7ce,TNP-00524,NCA-2011,MARSAD_ANC
AMD-d58a4d34c7ce,TNP-00536,NCA-2011,MARSAD_ANC
AMD-d58a4d34c7ce,TNP-00539,NCA-2011,MARSAD_ANC
AMD-d58a4d34c7ce,TNP-00543,NCA-2011,MARSAD_ANC
AMD-7d73ac36de07,TNP-00199,NCA-2011,MARSAD_ANC
AMD-7d73ac36de07,TNP-00247,NCA-2011,MARSAD_ANC
AMD-7d73ac36de07,TNP-00377,NCA-2011,MARSAD_ANC
AMD-7d73ac36de07,TNP-00394,NCA-2011,MARSAD_ANC
AMD-7d73ac36de07,TNP-00401,NCA-2011,MARSAD_ANC
AMD-7d73ac36de07,TNP-00403,NCA-2011,MARSAD_ANC
AMD-7d73ac36de07,TNP-00404,NCA-2011,MARSAD_ANC
AMD-7d73ac36de07,TNP-00445,NCA-2011,MARSAD_ANC
AMD-7d73ac36de07,TNP-00452,NCA-2011,MARSAD_ANC
AMD-7d73ac36de07,TNP-00454,NCA-2011,MARSAD_ANC
AMD-7d73ac36de07,TNP-00459,NCA-2011,MARSAD_ANC
AMD-7d73ac36de07,TNP-00470,NCA-2011,MARSAD_ANC
AMD-7d73ac36de07,TNP-00533,NCA-2011,MARSAD_ANC
AMD-7d73ac36de07,TNP-00538,NCA-2011,MARSAD_ANC
AMD-7d73ac36de07,TNP-00548,NCA-2011,MARSAD_ANC
AMD-7d73ac36de07,TNP-00560,NCA-2011,MARSAD_ANC
AMD-05298926192f,TNP-00007,NCA-2011,MARSAD_ANC
AMD-05298926192f,TNP-00372,NCA-2011,MARSAD_ANC
AMD-05298926192f,TNP-00392,NCA-2011,MARSAD_ANC
AMD-05298926192f,TNP-00408,NCA-2011,MARSAD_ANC
AMD-05298926192f,TNP-00416,NCA-2011,MARSAD_ANC
AMD-05298926192f,TNP-00435,NCA-2011,MARSAD_ANC
AMD-05298926192f,TNP-00438,NCA-2011,MARSAD_ANC
AMD-05298926192f,TNP-00443,NCA-2011,MARSAD_ANC
AMD-05298926192f,TNP-00449,NCA-2011,MARSAD_ANC
AMD-05298926192f,TNP-00466,NCA-2011,MARSAD_ANC
AMD-05298926192f,TNP-00478,NCA-2011,MARSAD_ANC
AMD-05298926192f,TNP-00497,NCA-2011,MARSAD_ANC
AMD-05298926192f,TNP-00506,NCA-2011,MARSAD_ANC
AMD-05298926192f,TNP-00511,NCA-2011,MARSAD_ANC
AMD-05298926192f,TNP-00514,NCA-2011,MARSAD_ANC
AMD-05298926192f,TNP-00515,NCA-2011,MARSAD_ANC
AMD-05298926192f,TNP-00517,NCA-2011,MARSAD_ANC
AMD-05298926192f,TNP-00524,NCA-2011,MARSAD_ANC
AMD-05298926192f,TNP-00536,NCA-2011,MARSAD_ANC
AMD-05298926192f,TNP-00539,NCA-2011,MARSAD_ANC
AMD-05298926192f,TNP-00543,NCA-2011,MARSAD_ANC
AMD-05298926192f,TNP-00557,NCA-2011,MARSAD_ANC
AMD-e49d13e5550c,TNP-00374,NCA-2011,MARSAD_ANC
AMD-e49d13e5550c,TNP-00390,NCA-2011,MARSAD_ANC
AMD-e49d13e5550c,TNP-00419,NCA-2011,MARSAD_ANC
AMD-e49d13e5550c,TNP-00425,NCA-2011,MARSAD_ANC
AMD-e49d13e5550c,TNP-00427,NCA-2011,MARSAD_ANC
AMD-e49d13e5550c,TNP-00457,NCA-2011,MARSAD_ANC
AMD-e49d13e5550c,TNP-00464,NCA-2011,MARSAD_ANC
AMD-e49d13e5550c,TNP-00476,NCA-2011,MARSAD_ANC
AMD-e49d13e5550c,TNP-00488,NCA-2011,MARSAD_ANC
AMD-e49d13e5550c,TNP-00498,NCA-2011,MARSAD_ANC
AMD-e49d13e5550c,TNP-00507,NCA-2011,MARSAD_ANC
AMD-e49d13e5550c,TNP-00529,NCA-2011,MARSAD_ANC
AMD-e49d13e5550c,TNP-00534,NCA-2011,MARSAD_ANC
AMD-e49d13e5550c,TNP-00551,NCA-2011,MARSAD_ANC
AMD-e49d13e5550c,TNP-00554,NCA-2011,MARSAD_ANC
AMD-f4a0680d6a5c,TNP-00370,NCA-2011,MARSAD_ANC
AMD-f4a0680d6a5c,TNP-00463,NCA-2011,MARSAD_ANC
AMD-385b15cd58d0,TNP-00277,NCA-2011,MARSAD_ANC
AMD-385b15cd58d0,TNP-00402,NCA-2011,MARSAD_ANC
AMD-385b15cd58d0,TNP-00412,NCA-2011,MARSAD_ANC
AMD-385b15cd58d0,TNP-00420,NCA-2011,MARSAD_ANC
AMD-385b15cd58d0,TNP-00426,NCA-2011,MARSAD_ANC
AMD-385b15cd58d0,TNP-00427,NCA-2011,MARSAD_ANC
AMD-385b15cd58d0,TNP-00434,NCA-2011,MARSAD_ANC
AMD-385b15cd58d0,TNP-00435,NCA-2011,MARSAD_ANC
AMD-385b15cd58d0,TNP-00449,NCA-2011,MARSAD_ANC
AMD-385b15cd58d0,TNP-00457,NCA-2011,MARSAD_ANC
AMD-385b15cd58d0,TNP-00468,NCA-2011,MARSAD_ANC
AMD-385b15cd58d0,TNP-00481,NCA-2011,MARSAD_ANC
AMD-385b15cd58d0,TNP-00487,NCA-2011,MARSAD_ANC
AMD-385b15cd58d0,TNP-00511,NCA-2011,MARSAD_ANC
AMD-385b15cd58d0,TNP-00524,NCA-2011,MARSAD_ANC
AMD-385b15cd58d0,TNP-00534,NCA-2011,MARSAD_ANC
AMD-385b15cd58d0,TNP-00539,NCA-2011,MARSAD_ANC
AMD-385b15cd58d0,TNP-00544,NCA-2011,MARSAD_ANC
AMD-385b15cd58d0,TNP-00557,NCA-2011,MARSAD_ANC
AMD-01d6b754b442,TNP-00374,NCA-2011,MARSAD_ANC
AMD-01d6b754b442,TNP-00402,NCA-2011,MARSAD_ANC
AMD-01d6b754b442,TNP-00425,NCA-2011,MARSAD_ANC
AMD-01d6b754b442,TNP-00427,NCA-2011,MARSAD_ANC
AMD-01d6b754b442,TNP-00434,NCA-2011,MARSAD_ANC
AMD-01d6b754b442,TNP-00435,NCA-2011,MARSAD_ANC
AMD-01d6b754b442,TNP-00457,NCA-2011,MARSAD_ANC
AMD-01d6b754b442,TNP-00464,NCA-2011,MARSAD_ANC
AMD-01d6b754b442,TNP-00476,NCA-2011,MARSAD_ANC
AMD-01d6b754b442,TNP-00481,NCA-2011,MARSAD_ANC
AMD-01d6b754b442,TNP-00498,NCA-2011,MARSAD_ANC
AMD-01d6b754b442,TNP-00502,NCA-2011,MARSAD_ANC
AMD-01d6b754b442,TNP-00507,NCA-2011,MARSAD_ANC
AMD-01d6b754b442,TNP-00517,NCA-2011,MARSAD_ANC
AMD-01d6b754b442,TNP-00529,NCA-2011,MARSAD_ANC
AMD-a88e89cfb615,TNP-00277,NCA-2011,MARSAD_ANC
AMD-a88e89cfb615,TNP-00370,NCA-2011,MARSAD_ANC
AMD-a88e89cfb615,TNP-00392,NCA-2011,MARSAD_ANC
AMD-a88e89cfb615,TNP-00416,NCA-2011,MARSAD_ANC
AMD-a88e89cfb615,TNP-00443,NCA-2011,MARSAD_ANC
AMD-a88e89cfb615,TNP-00449,NCA-2011,MARSAD_ANC
AMD-a88e89cfb615,TNP-00480,NCA-2011,MARSAD_ANC
AMD-a88e89cfb615,TNP-00506,NCA-2011,MARSAD_ANC
AMD-a88e89cfb615,TNP-00508,NCA-2011,MARSAD_ANC
AMD-a88e89cfb615,TNP-00514,NCA-2011,MARSAD_ANC
AMD-a88e89cfb615,TNP-00524,NCA-2011,MARSAD_ANC
AMD-a88e89cfb615,TNP-00536,NCA-2011,MARSAD_ANC
AMD-a88e89cfb615,TNP-00539,NCA-2011,MARSAD_ANC
AMD-a88e89cfb615,TNP-00543,NCA-2011,MARSAD_ANC
AMD-a490e2f84021,TNP-00141,NCA-2011,MARSAD_ANC
AMD-a490e2f84021,TNP-00374,NCA-2011,MARSAD_ANC
AMD-a490e2f84021,TNP-00390,NCA-2011,MARSAD_ANC
AMD-a490e2f84021,TNP-00419,NCA-2011,MARSAD_ANC
AMD-a490e2f84021,TNP-00425,NCA-2011,MARSAD_ANC
AMD-a490e2f84021,TNP-00427,NCA-2011,MARSAD_ANC
AMD-a490e2f84021,TNP-00428,NCA-2011,MARSAD_ANC
AMD-a490e2f84021,TNP-00434,NCA-2011,MARSAD_ANC
AMD-a490e2f84021,TNP-00457,NCA-2011,MARSAD_ANC
AMD-a490e2f84021,TNP-00465,NCA-2011,MARSAD_ANC
AMD-a490e2f84021,TNP-00476,NCA-2011,MARSAD_ANC
AMD-a490e2f84021,TNP-00488,NCA-2011,MARSAD_ANC
AMD-a490e2f84021,TNP-00493,NCA-2011,MARSAD_ANC
AMD-a490e2f84021,TNP-00498,NCA-2011,MARSAD_ANC
AMD-a490e2f84021,TNP-00507,NCA-2011,MARSAD_ANC
AMD-a490e2f84021,TNP-00521,NCA-2011,MARSAD_ANC
AMD-a490e2f84021,TNP-00522,NCA-2011,MARSAD_ANC
AMD-a490e2f84021,TNP-00529,NCA-2011,MARSAD_ANC
AMD-9362d02a07cd,TNP-00324,NCA-2011,MARSAD_ANC
AMD-9362d02a07cd,TNP-00422,NCA-2011,MARSAD_ANC
AMD-e13350dd918e,TNP-00277,NCA-2011,MARSAD_ANC
AMD-e13350dd918e,TNP-00390,NCA-2011,MARSAD_ANC
AMD-e13350dd918e,TNP-00402,NCA-2011,MARSAD_ANC
AMD-e13350dd918e,TNP-00412,NCA-2011,MARSAD_ANC
AMD-e13350dd918e,TNP-00420,NCA-2011,MARSAD_ANC
AMD-e13350dd918e,TNP-00426,NCA-2011,MARSAD_ANC
AMD-e13350dd918e,TNP-00427,NCA-2011,MARSAD_ANC
AMD-e13350dd918e,TNP-00434,NCA-2011,MARSAD_ANC
AMD-e13350dd918e,TNP-00435,NCA-2011,MARSAD_ANC
AMD-e13350dd918e,TNP-00449,NCA-2011,MARSAD_ANC
AMD-e13350dd918e,TNP-00457,NCA-2011,MARSAD_ANC
AMD-e13350dd918e,TNP-00468,NCA-2011,MARSAD_ANC
AMD-e13350dd918e,TNP-00479,NCA-2011,MARSAD_ANC
AMD-e13350dd918e,TNP-00481,NCA-2011,MARSAD_ANC
AMD-e13350dd918e,TNP-00487,NCA-2011,MARSAD_ANC
AMD-e13350dd918e,TNP-00511,NCA-2011,MARSAD_ANC
AMD-e13350dd918e,TNP-00524,NCA-2011,MARSAD_ANC
AMD-e13350dd918e,TNP-00534,NCA-2011,MARSAD_ANC
AMD-e13350dd918e,TNP-00539,NCA-2011,MARSAD_ANC
AMD-e13350dd918e,TNP-00544,NCA-2011,MARSAD_ANC
AMD-e13350dd918e,TNP-00557,NCA-2011,MARSAD_ANC
AMD-50b5e79586d1,TNP-00199,NCA-2011,MARSAD_ANC
AMD-50b5e79586d1,TNP-00394,NCA-2011,MARSAD_ANC
AMD-50b5e79586d1,TNP-00398,NCA-2011,MARSAD_ANC
AMD-50b5e79586d1,TNP-00401,NCA-2011,MARSAD_ANC
AMD-50b5e79586d1,TNP-00403,NCA-2011,MARSAD_ANC
AMD-50b5e79586d1,TNP-00404,NCA-2011,MARSAD_ANC
AMD-50b5e79586d1,TNP-00422,NCA-2011,MARSAD_ANC
AMD-50b5e79586d1,TNP-00445,NCA-2011,MARSAD_ANC
AMD-50b5e79586d1,TNP-00452,NCA-2011,MARSAD_ANC
AMD-50b5e79586d1,TNP-00454,NCA-2011,MARSAD_ANC
AMD-50b5e79586d1,TNP-00470,NCA-2011,MARSAD_ANC
AMD-50b5e79586d1,TNP-00477,NCA-2011,MARSAD_ANC
AMD-50b5e79586d1,TNP-00538,NCA-2011,MARSAD_ANC
AMD-50b5e79586d1,TNP-00548,NCA-2011,MARSAD_ANC
AMD-50b5e79586d1,TNP-00555,NCA-2011,MARSAD_ANC
AMD-568d54fe56c3,TNP-00332,NCA-2011,MARSAD_ANC
AMD-568d54fe56c3,TNP-00419,NCA-2011,MARSAD_ANC
AMD-568d54fe56c3,TNP-00425,NCA-2011,MARSAD_ANC
AMD-568d54fe56c3,TNP-00439,NCA-2011,MARSAD_ANC
AMD-568d54fe56c3,TNP-00442,NCA-2011,MARSAD_ANC
AMD-568d54fe56c3,TNP-00466,NCA-2011,MARSAD_ANC
AMD-568d54fe56c3,TNP-00472,NCA-2011,MARSAD_ANC
AMD-568d54fe56c3,TNP-00488,NCA-2011,MARSAD_ANC
AMD-568d54fe56c3,TNP-00499,NCA-2011,MARSAD_ANC
AMD-568d54fe56c3,TNP-00529,NCA-2011,MARSAD_ANC
AMD-568d54fe56c3,TNP-00545,NCA-2011,MARSAD_ANC
AMD-568d54fe56c3,TNP-00550,NCA-2011,MARSAD_ANC
AMD-568d54fe56c3,TNP-00557,NCA-2011,MARSAD_ANC
AMD-568d54fe56c3,TNP-00558,NCA-2011,MARSAD_ANC
AMD-1887faa16bdb,TNP-00007,NCA-2011,MARSAD_ANC
AMD-1887faa16bdb,TNP-00277,NCA-2011,MARSAD_ANC
AMD-1887faa16bdb,TNP-00372,NCA-2011,MARSAD_ANC
AMD-1887faa16bdb,TNP-00392,NCA-2011,MARSAD_ANC
AMD-1887faa16bdb,TNP-00438,NCA-2011,MARSAD_ANC
AMD-1887faa16bdb,TNP-00443,NCA-2011,MARSAD_ANC
AMD-1887faa16bdb,TNP-00480,NCA-2011,MARSAD_ANC
AMD-1887faa16bdb,TNP-00487,NCA-2011,MARSAD_ANC
AMD-1887faa16bdb,TNP-00506,NCA-2011,MARSAD_ANC
AMD-1887faa16bdb,TNP-00515,NCA-2011,MARSAD_ANC
AMD-1887faa16bdb,TNP-00524,NCA-2011,MARSAD_ANC
AMD-1887faa16bdb,TNP-00536,NCA-2011,MARSAD_ANC
AMD-1887faa16bdb,TNP-00539,NCA-2011,MARSAD_ANC
AMD-1887faa16bdb,TNP-00543,NCA-2011,MARSAD_ANC
AMD-f1a39ab22391,TNP-00247,NCA-2011,MARSAD_ANC
AMD-f1a39ab22391,TNP-00463,NCA-2011,MARSAD_ANC
AMD-485e2d616e82,TNP-00247,NCA-2011,MARSAD_ANC
AMD-485e2d616e82,TNP-00463,NCA-2011,MARSAD_ANC
AMD-ae95f9814282,TNP-00277,NCA-2011,MARSAD_ANC
AMD-ae95f9814282,TNP-00370,NCA-2011,MARSAD_ANC
AMD-ae95f9814282,TNP-00400,NCA-2011,MARSAD_ANC
AMD-ae95f9814282,TNP-00420,NCA-2011,MARSAD_ANC
AMD-ae95f9814282,TNP-00443,NCA-2011,MARSAD_ANC
AMD-ae95f9814282,TNP-00468,NCA-2011,MARSAD_ANC
AMD-ae95f9814282,TNP-00482,NCA-2011,MARSAD_ANC
AMD-ae95f9814282,TNP-00506,NCA-2011,MARSAD_ANC
AMD-ae95f9814282,TNP-00518,NCA-2011,MARSAD_ANC
AMD-ae95f9814282,TNP-00519,NCA-2011,MARSAD_ANC
AMD-bf06467979a1,TNP-00007,NCA-2011,MARSAD_ANC
AMD-bf06467979a1,TNP-00277,NCA-2011,MARSAD_ANC
AMD-bf06467979a1,TNP-00289,NCA-2011,MARSAD_ANC
AMD-bf06467979a1,TNP-00370,NCA-2011,MARSAD_ANC
AMD-bf06467979a1,TNP-00392,NCA-2011,MARSAD_ANC
AMD-bf06467979a1,TNP-00417,NCA-2011,MARSAD_ANC
AMD-bf06467979a1,TNP-00430,NCA-2011,MARSAD_ANC
AMD-bf06467979a1,TNP-00443,NCA-2011,MARSAD_ANC
AMD-bf06467979a1,TNP-00482,NCA-2011,MARSAD_ANC
AMD-bf06467979a1,TNP-00506,NCA-2011,MARSAD_ANC
AMD-bf06467979a1,TNP-00515,NCA-2011,MARSAD_ANC
AMD-bf06467979a1,TNP-00521,NCA-2011,MARSAD_ANC
AMD-bf06467979a1,TNP-00525,NCA-2011,MARSAD_ANC
AMD-bf06467979a1,TNP-00536,NCA-2011,MARSAD_ANC
AMD-bf06467979a1,TNP-00543,NCA-2011,MARSAD_ANC
AMD-161934d31bb3,TNP-00141,NCA-2011,MARSAD_ANC
AMD-161934d31bb3,TNP-00374,NCA-2011,MARSAD_ANC
AMD-161934d31bb3,TNP-00390,NCA-2011,MARSAD_ANC
AMD-161934d31bb3,TNP-00419,NCA-2011,MARSAD_ANC
AMD-161934d31bb3,TNP-00425,NCA-2011,MARSAD_ANC
AMD-161934d31bb3,TNP-00427,NCA-2011,MARSAD_ANC
AMD-161934d31bb3,TNP-00428,NCA-2011,MARSAD_ANC
AMD-161934d31bb3,TNP-00434,NCA-2011,MARSAD_ANC
AMD-161934d31bb3,TNP-00463,NCA-2011,MARSAD_ANC
AMD-161934d31bb3,TNP-00476,NCA-2011,MARSAD_ANC
AMD-161934d31bb3,TNP-00488,NCA-2011,MARSAD_ANC
AMD-161934d31bb3,TNP-00493,NCA-2011,MARSAD_ANC
AMD-161934d31bb3,TNP-00498,NCA-2011,MARSAD_ANC
AMD-161934d31bb3,TNP-00507,NCA-2011,MARSAD_ANC
AMD-161934d31bb3,TNP-00521,NCA-2011,MARSAD_ANC
AMD-161934d31bb3,TNP-00522,NCA-2011,MARSAD_ANC
AMD-7c5999ac1633,TNP-00277,NCA-2011,MARSAD_ANC
AMD-7c5999ac1633,TNP-00370,NCA-2011,MARSAD_ANC
AMD-7c5999ac1633,TNP-00395,NCA-2011,MARSAD_ANC
AMD-7c5999ac1633,TNP-00416,NCA-2011,MARSAD_ANC
AMD-7c5999ac1633,TNP-00420,NCA-2011,MARSAD_ANC
AMD-7c5999ac1633,TNP-00426,NCA-2011,MARSAD_ANC
AMD-7c5999ac1633,TNP-00443,NCA-2011,MARSAD_ANC
AMD-7c5999ac1633,TNP-00479,NCA-2011,MARSAD_ANC
AMD-7c5999ac1633,TNP-00480,NCA-2011,MARSAD_ANC
AMD-7c5999ac1633,TNP-00506,NCA-2011,MARSAD_ANC
AMD-7c5999ac1633,TNP-00511,NCA-2011,MARSAD_ANC
AMD-7c5999ac1633,TNP-00512,NCA-2011,MARSAD_ANC
AMD-7c5999ac1633,TNP-00536,NCA-2011,MARSAD_ANC
AMD-7c5999ac1633,TNP-00539,NCA-2011,MARSAD_ANC
AMD-7c5999ac1633,TNP-00543,NCA-2011,MARSAD_ANC
AMD-cb2e75412060,TNP-00380,NCA-2011,MARSAD_ANC
AMD-cb2e75412060,TNP-00394,NCA-2011,MARSAD_ANC
AMD-cb2e75412060,TNP-00401,NCA-2011,MARSAD_ANC
AMD-cb2e75412060,TNP-00422,NCA-2011,MARSAD_ANC
AMD-cb2e75412060,TNP-00432,NCA-2011,MARSAD_ANC
AMD-cb2e75412060,TNP-00445,NCA-2011,MARSAD_ANC
AMD-cb2e75412060,TNP-00454,NCA-2011,MARSAD_ANC
AMD-cb2e75412060,TNP-00461,NCA-2011,MARSAD_ANC
AMD-cb2e75412060,TNP-00470,NCA-2011,MARSAD_ANC
AMD-cb2e75412060,TNP-00477,NCA-2011,MARSAD_ANC
AMD-cb2e75412060,TNP-00532,NCA-2011,MARSAD_ANC
AMD-cb2e75412060,TNP-00533,NCA-2011,MARSAD_ANC
AMD-cb2e75412060,TNP-00540,NCA-2011,MARSAD_ANC
AMD-cb2e75412060,TNP-00552,NCA-2011,MARSAD_ANC
AMD-cb2e75412060,TNP-00563,NCA-2011,MARSAD_ANC
AMD-1caacd3ad386,TNP-00007,NCA-2011,MARSAD_ANC
AMD-1caacd3ad386,TNP-00277,NCA-2011,MARSAD_ANC
AMD-1caacd3ad386,TNP-00378,NCA-2011,MARSAD_ANC
AMD-1caacd3ad386,TNP-00395,NCA-2011,MARSAD_ANC
AMD-1caacd3ad386,TNP-00399,NCA-2011,MARSAD_ANC
AMD-1caacd3ad386,TNP-00400,NCA-2011,MARSAD_ANC
AMD-1caacd3ad386,TNP-00402,NCA-2011,MARSAD_ANC
AMD-1caacd3ad386,TNP-00416,NCA-2011,MARSAD_ANC
AMD-1caacd3ad386,TNP-00434,NCA-2011,MARSAD_ANC
AMD-1caacd3ad386,TNP-00457,NCA-2011,MARSAD_ANC
AMD-1caacd3ad386,TNP-00479,NCA-2011,MARSAD_ANC
AMD-1caacd3ad386,TNP-00482,NCA-2011,MARSAD_ANC
AMD-1caacd3ad386,TNP-00512,NCA-2011,MARSAD_ANC
AMD-1caacd3ad386,TNP-00534,NCA-2011,MARSAD_ANC
AMD-1caacd3ad386,TNP-00557,NCA-2011,MARSAD_ANC
AMD-18bfb082195c,TNP-00410,NCA-2011,MARSAD_ANC
AMD-18bfb082195c,TNP-00427,NCA-2011,MARSAD_ANC
AMD-18bfb082195c,TNP-00449,NCA-2011,MARSAD_ANC
AMD-18bfb082195c,TNP-00456,NCA-2011,MARSAD_ANC
AMD-18bfb082195c,TNP-00466,NCA-2011,MARSAD_ANC
AMD-18bfb082195c,TNP-00476,NCA-2011,MARSAD_ANC
AMD-18bfb082195c,TNP-00487,NCA-2011,MARSAD_ANC
AMD-18bfb082195c,TNP-00488,NCA-2011,MARSAD_ANC
AMD-18bfb082195c,TNP-00498,NCA-2011,MARSAD_ANC
AMD-18bfb082195c,TNP-00502,NCA-2011,MARSAD_ANC
AMD-18bfb082195c,TNP-00517,NCA-2011,MARSAD_ANC
AMD-18bfb082195c,TNP-00529,NCA-2011,MARSAD_ANC
AMD-18bfb082195c,TNP-00540,NCA-2011,MARSAD_ANC
AMD-18bfb082195c,TNP-00564,NCA-2011,MARSAD_ANC
AMD-2c0e9781a57c,TNP-00477,NCA-2011,MARSAD_ANC
AMD-2c0e9781a57c,TNP-00484,NCA-2011,MARSAD_ANC
AMD-8c12863d44d5,TNP-00007,NCA-2011,MARSAD_ANC
AMD-8c12863d44d5,TNP-00277,NCA-2011,MARSAD_ANC
AMD-8c12863d44d5,TNP-00395,NCA-2011,MARSAD_ANC
AMD-8c12863d44d5,TNP-00399,NCA-2011,MARSAD_ANC
AMD-8c12863d44d5,TNP-00400,NCA-2011,MARSAD_ANC
AMD-8c12863d44d5,TNP-00402,NCA-2011,MARSAD_ANC
AMD-8c12863d44d5,TNP-00416,NCA-2011,MARSAD_ANC
AMD-8c12863d44d5,TNP-00417,NCA-2011,MARSAD_ANC
AMD-8c12863d44d5,TNP-00434,NCA-2011,MARSAD_ANC
AMD-8c12863d44d5,TNP-00455,NCA-2011,MARSAD_ANC
AMD-8c12863d44d5,TNP-00457,NCA-2011,MARSAD_ANC
AMD-8c12863d44d5,TNP-00479,NCA-2011,MARSAD_ANC
AMD-8c12863d44d5,TNP-00482,NCA-2011,MARSAD_ANC
AMD-8c12863d44d5,TNP-00534,NCA-2011,MARSAD_ANC
AMD-8c12863d44d5,TNP-00557,NCA-2011,MARSAD_ANC
AMD-9b8043cddfc1,TNP-00410,NCA-2011,MARSAD_ANC
AMD-9b8043cddfc1,TNP-00427,NCA-2011,MARSAD_ANC
AMD-9b8043cddfc1,TNP-00449,NCA-2011,MARSAD_ANC
AMD-9b8043cddfc1,TNP-00456,NCA-2011,MARSAD_ANC
AMD-9b8043cddfc1,TNP-00466,NCA-2011,MARSAD_ANC
AMD-9b8043cddfc1,TNP-00476,NCA-2011,MARSAD_ANC
AMD-9b8043cddfc1,TNP-00481,NCA-2011,MARSAD_ANC
AMD-9b8043cddfc1,TNP-00487,NCA-2011,MARSAD_ANC
AMD-9b8043cddfc1,TNP-00488,NCA-2011,MARSAD_ANC
AMD-9b8043cddfc1,TNP-00498,NCA-2011,MARSAD_ANC
AMD-9b8043cddfc1,TNP-00502,NCA-2011,MARSAD_ANC
AMD-9b8043cddfc1,TNP-00517,NCA-2011,MARSAD_ANC
AMD-9b8043cddfc1,TNP-00529,NCA-2011,MARSAD_ANC
AMD-9b8043cddfc1,TNP-00564,NCA-2011,MARSAD_ANC
AMD-45b936a52a89,TNP-00277,NCA-2011,MARSAD_ANC
AMD-45b936a52a89,TNP-00372,NCA-2011,MARSAD_ANC
AMD-45b936a52a89,TNP-00416,NCA-2011,MARSAD_ANC
AMD-45b936a52a89,TNP-00420,NCA-2011,MARSAD_ANC
AMD-45b936a52a89,TNP-00430,NCA-2011,MARSAD_ANC
AMD-45b936a52a89,TNP-00443,NCA-2011,MARSAD_ANC
AMD-45b936a52a89,TNP-00468,NCA-2011,MARSAD_ANC
AMD-45b936a52a89,TNP-00473,NCA-2011,MARSAD_ANC
AMD-45b936a52a89,TNP-00487,NCA-2011,MARSAD_ANC
AMD-45b936a52a89,TNP-00511,NCA-2011,MARSAD_ANC
AMD-45b936a52a89,TNP-00519,NCA-2011,MARSAD_ANC
AMD-45b936a52a89,TNP-00524,NCA-2011,MARSAD_ANC
AMD-45b936a52a89,TNP-00536,NCA-2011,MARSAD_ANC
AMD-45b936a52a89,TNP-00543,NCA-2011,MARSAD_ANC
AMD-45b936a52a89,TNP-00562,NCA-2011,MARSAD_ANC
AMD-477e5e875264,TNP-00380,NCA-2011,MARSAD_ANC
AMD-477e5e875264,TNP-00394,NCA-2011,MARSAD_ANC
AMD-477e5e875264,TNP-00401,NCA-2011,MARSAD_ANC
AMD-477e5e875264,TNP-00403,NCA-2011,MARSAD_ANC
AMD-477e5e875264,TNP-00422,NCA-2011,MARSAD_ANC
AMD-477e5e875264,TNP-00432,NCA-2011,MARSAD_ANC
AMD-477e5e875264,TNP-00454,NCA-2011,MARSAD_ANC
AMD-477e5e875264,TNP-00459,NCA-2011,MARSAD_ANC
AMD-477e5e875264,TNP-00461,NCA-2011,MARSAD_ANC
AMD-477e5e875264,TNP-00532,NCA-2011,MARSAD_ANC
AMD-477e5e875264,TNP-00533,NCA-2011,MARSAD_ANC
AMD-477e5e875264,TNP-00538,NCA-2011,MARSAD_ANC
AMD-477e5e875264,TNP-00540,NCA-2011,MARSAD_ANC
AMD-477e5e875264,TNP-00552,NCA-2011,MARSAD_ANC
AMD-477e5e875264,TNP-00563,NCA-2011,MARSAD_ANC
AMD-f325d2b49e6a,TNP-00380,NCA-2011,MARSAD_ANC
AMD-f325d2b49e6a,TNP-00394,NCA-2011,MARSAD_ANC
AMD-f325d2b49e6a,TNP-00401,NCA-2011,MARSAD_ANC
AMD-f325d2b49e6a,TNP-00422,NCA-2011,MARSAD_ANC
AMD-f325d2b49e6a,TNP-00432,NCA-2011,MARSAD_ANC
AMD-f325d2b49e6a,TNP-00454,NCA-2011,MARSAD_ANC
AMD-f325d2b49e6a,TNP-00459,NCA-2011,MARSAD_ANC
AMD-f325d2b49e6a,TNP-00461,NCA-2011,MARSAD_ANC
AMD-f325d2b49e6a,TNP-00477,NCA-2011,MARSAD_ANC
AMD-f325d2b49e6a,TNP-00532,NCA-2011,MARSAD_ANC
AMD-f325d2b49e6a,TNP-00533,NCA-2011,MARSAD_ANC
AMD-f325d2b49e6a,TNP-00538,NCA-2011,MARSAD_ANC
AMD-f325d2b49e6a,TNP-00540,NCA-2011,MARSAD_ANC
AMD-f325d2b49e6a,TNP-00552,NCA-2011,MARSAD_ANC
AMD-f325d2b49e6a,TNP-00563,NCA-2011,MARSAD_ANC
AMD-f201f9c5a9f8,TNP-00332,NCA-2011,MARSAD_ANC
AMD-f201f9c5a9f8,TNP-00378,NCA-2011,MARSAD_ANC
AMD-f201f9c5a9f8,TNP-00379,NCA-2011,MARSAD_ANC
AMD-f201f9c5a9f8,TNP-00408,NCA-2011,MARSAD_ANC
AMD-f201f9c5a9f8,TNP-00439,NCA-2011,MARSAD_ANC
AMD-f201f9c5a9f8,TNP-00442,NCA-2011,MARSAD_ANC
AMD-f201f9c5a9f8,TNP-00466,NCA-2011,MARSAD_ANC
AMD-f201f9c5a9f8,TNP-00472,NCA-2011,MARSAD_ANC
AMD-f201f9c5a9f8,TNP-00478,NCA-2011,MARSAD_ANC
AMD-f201f9c5a9f8,TNP-00529,NCA-2011,MARSAD_ANC
AMD-f201f9c5a9f8,TNP-00544,NCA-2011,MARSAD_ANC
AMD-f201f9c5a9f8,TNP-00550,NCA-2011,MARSAD_ANC
AMD-f201f9c5a9f8,TNP-00554,NCA-2011,MARSAD_ANC
AMD-f201f9c5a9f8,TNP-00557,NCA-2011,MARSAD_ANC
AMD-f201f9c5a9f8,TNP-00558,NCA-2011,MARSAD_ANC
AMD-a9d56cb83b10,TNP-00289,NCA-2011,MARSAD_ANC
AMD-a9d56cb83b10,TNP-00370,NCA-2011,MARSAD_ANC
AMD-a9d56cb83b10,TNP-00395,NCA-2011,MARSAD_ANC
AMD-a9d56cb83b10,TNP-00400,NCA-2011,MARSAD_ANC
AMD-a9d56cb83b10,TNP-00416,NCA-2011,MARSAD_ANC
AMD-a9d56cb83b10,TNP-00426,NCA-2011,MARSAD_ANC
AMD-a9d56cb83b10,TNP-00438,NCA-2011,MARSAD_ANC
AMD-a9d56cb83b10,TNP-00443,NCA-2011,MARSAD_ANC
AMD-a9d56cb83b10,TNP-00449,NCA-2011,MARSAD_ANC
AMD-a9d56cb83b10,TNP-00479,NCA-2011,MARSAD_ANC
AMD-a9d56cb83b10,TNP-00480,NCA-2011,MARSAD_ANC
AMD-a9d56cb83b10,TNP-00487,NCA-2011,MARSAD_ANC
AMD-a9d56cb83b10,TNP-00512,NCA-2011,MARSAD_ANC
AMD-a9d56cb83b10,TNP-00536,NCA-2011,MARSAD_ANC
AMD-a9d56cb83b10,TNP-00539,NCA-2011,MARSAD_ANC
AMD-fea70cb79aa1,TNP-00381,NCA-2011,MARSAD_ANC
AMD-fea70cb79aa1,TNP-00394,NCA-2011,MARSAD_ANC
AMD-fea70cb79aa1,TNP-00401,NCA-2011,MARSAD_ANC
AMD-fea70cb79aa1,TNP-00422,NCA-2011,MARSAD_ANC
AMD-fea70cb79aa1,TNP-00432,NCA-2011,MARSAD_ANC
AMD-fea70cb79aa1,TNP-00454,NCA-2011,MARSAD_ANC
AMD-fea70cb79aa1,TNP-00459,NCA-2011,MARSAD_ANC
AMD-fea70cb79aa1,TNP-00461,NCA-2011,MARSAD_ANC
AMD-fea70cb79aa1,TNP-00477,NCA-2011,MARSAD_ANC
AMD-fea70cb79aa1,TNP-00532,NCA-2011,MARSAD_ANC
AMD-fea70cb79aa1,TNP-00533,NCA-2011,MARSAD_ANC
AMD-fea70cb79aa1,TNP-00538,NCA-2011,MARSAD_ANC
AMD-fea70cb79aa1,TNP-00540,NCA-2011,MARSAD_ANC
AMD-fea70cb79aa1,TNP-00552,NCA-2011,MARSAD_ANC
AMD-fea70cb79aa1,TNP-00555,NCA-2011,MARSAD_ANC
AMD-fea70cb79aa1,TNP-00563,NCA-2011,MARSAD_ANC
AMD-ee3668dd1593,TNP-00368,NCA-2011,MARSAD_ANC
AMD-ee3668dd1593,TNP-00370,NCA-2011,MARSAD_ANC
AMD-ee3668dd1593,TNP-00410,NCA-2011,MARSAD_ANC
AMD-ee3668dd1593,TNP-00412,NCA-2011,MARSAD_ANC
AMD-ee3668dd1593,TNP-00427,NCA-2011,MARSAD_ANC
AMD-ee3668dd1593,TNP-00434,NCA-2011,MARSAD_ANC
AMD-ee3668dd1593,TNP-00457,NCA-2011,MARSAD_ANC
AMD-ee3668dd1593,TNP-00476,NCA-2011,MARSAD_ANC
AMD-ee3668dd1593,TNP-00488,NCA-2011,MARSAD_ANC
AMD-ee3668dd1593,TNP-00498,NCA-2011,MARSAD_ANC
AMD-ee3668dd1593,TNP-00529,NCA-2011,MARSAD_ANC
AMD-ee3668dd1593,TNP-00534,NCA-2011,MARSAD_ANC
AMD-ee3668dd1593,TNP-00544,NCA-2011,MARSAD_ANC
AMD-ee3668dd1593,TNP-00557,NCA-2011,MARSAD_ANC
AMD-ee3668dd1593,TNP-00558,NCA-2011,MARSAD_ANC
AMD-28ad9e5519a7,TNP-00376,NCA-2011,MARSAD_ANC
AMD-28ad9e5519a7,TNP-00380,NCA-2011,MARSAD_ANC
AMD-28ad9e5519a7,TNP-00394,NCA-2011,MARSAD_ANC
AMD-28ad9e5519a7,TNP-00397,NCA-2011,MARSAD_ANC
AMD-28ad9e5519a7,TNP-00401,NCA-2011,MARSAD_ANC
AMD-28ad9e5519a7,TNP-00422,NCA-2011,MARSAD_ANC
AMD-28ad9e5519a7,TNP-00432,NCA-2011,MARSAD_ANC
AMD-28ad9e5519a7,TNP-00445,NCA-2011,MARSAD_ANC
AMD-28ad9e5519a7,TNP-00461,NCA-2011,MARSAD_ANC
AMD-28ad9e5519a7,TNP-00477,NCA-2011,MARSAD_ANC
AMD-28ad9e5519a7,TNP-00532,NCA-2011,MARSAD_ANC
AMD-28ad9e5519a7,TNP-00533,NCA-2011,MARSAD_ANC
AMD-28ad9e5519a7,TNP-00540,NCA-2011,MARSAD_ANC
AMD-28ad9e5519a7,TNP-00552,NCA-2011,MARSAD_ANC
AMD-28ad9e5519a7,TNP-00555,NCA-2011,MARSAD_ANC
AMD-28ad9e5519a7,TNP-00563,NCA-2011,MARSAD_ANC
AMD-68e06f4bfd77,TNP-00267,NCA-2011,MARSAD_ANC
AMD-68e06f4bfd77,TNP-00380,NCA-2011,MARSAD_ANC
AMD-68e06f4bfd77,TNP-00382,NCA-2011,MARSAD_ANC
AMD-68e06f4bfd77,TNP-00385,NCA-2011,MARSAD_ANC
AMD-68e06f4bfd77,TNP-00404,NCA-2011,MARSAD_ANC
AMD-68e06f4bfd77,TNP-00405,NCA-2011,MARSAD_ANC
AMD-68e06f4bfd77,TNP-00413,NCA-2011,MARSAD_ANC
AMD-68e06f4bfd77,TNP-00414,NCA-2011,MARSAD_ANC
AMD-68e06f4bfd77,TNP-00418,NCA-2011,MARSAD_ANC
AMD-68e06f4bfd77,TNP-00421,NCA-2011,MARSAD_ANC
AMD-68e06f4bfd77,TNP-00432,NCA-2011,MARSAD_ANC
AMD-68e06f4bfd77,TNP-00437,NCA-2011,MARSAD_ANC
AMD-68e06f4bfd77,TNP-00446,NCA-2011,MARSAD_ANC
AMD-68e06f4bfd77,TNP-00458,NCA-2011,MARSAD_ANC
AMD-68e06f4bfd77,TNP-00460,NCA-2011,MARSAD_ANC
AMD-68e06f4bfd77,TNP-00461,NCA-2011,MARSAD_ANC
AMD-68e06f4bfd77,TNP-00470,NCA-2011,MARSAD_ANC
AMD-68e06f4bfd77,TNP-00471,NCA-2011,MARSAD_ANC
AMD-68e06f4bfd77,TNP-00483,NCA-2011,MARSAD_ANC
AMD-68e06f4bfd77,TNP-00494,NCA-2011,MARSAD_ANC
AMD-68e06f4bfd77,TNP-00510,NCA-2011,MARSAD_ANC
AMD-68e06f4bfd77,TNP-00531,NCA-2011,MARSAD_ANC
AMD-68e06f4bfd77,TNP-00533,NCA-2011,MARSAD_ANC
AMD-68e06f4bfd77,TNP-00538,NCA-2011,MARSAD_ANC
AMD-68e06f4bfd77,TNP-00540,NCA-2011,MARSAD_ANC
AMD-68e06f4bfd77,TNP-00541,NCA-2011,MARSAD_ANC
AMD-68e06f4bfd77,TNP-00555,NCA-2011,MARSAD_ANC
AMD-68e06f4bfd77,TNP-00559,NCA-2011,MARSAD_ANC
AMD-68e06f4bfd77,TNP-00560,NCA-2011,MARSAD_ANC
AMD-68e06f4bfd77,TNP-00563,NCA-2011,MARSAD_ANC
AMD-ce09f6125d1f,TNP-00277,NCA-2011,MARSAD_ANC
AMD-ce09f6125d1f,TNP-00398,NCA-2011,MARSAD_ANC
AMD-ce09f6125d1f,TNP-00409,NCA-2011,MARSAD_ANC
AMD-ce09f6125d1f,TNP-00417,NCA-2011,MARSAD_ANC
AMD-ce09f6125d1f,TNP-00419,NCA-2011,MARSAD_ANC
AMD-ce09f6125d1f,TNP-00425,NCA-2011,MARSAD_ANC
AMD-ce09f6125d1f,TNP-00426,NCA-2011,MARSAD_ANC
AMD-ce09f6125d1f,TNP-00453,NCA-2011,MARSAD_ANC
AMD-ce09f6125d1f,TNP-00457,NCA-2011,MARSAD_ANC
AMD-ce09f6125d1f,TNP-00480,NCA-2011,MARSAD_ANC
AMD-ce09f6125d1f,TNP-00487,NCA-2011,MARSAD_ANC
AMD-ce09f6125d1f,TNP-00490,NCA-2011,MARSAD_ANC
AMD-ce09f6125d1f,TNP-00520,NCA-2011,MARSAD_ANC
AMD-ce09f6125d1f,TNP-00534,NCA-2011,MARSAD_ANC
AMD-34afe1fa9203,TNP-00491,NCA-2011,MARSAD_ANC
AMD-34afe1fa9203,TNP-00536,NCA-2011,MARSAD_ANC
AMD-093cfdbb1c71,TNP-00007,NCA-2011,MARSAD_ANC
AMD-093cfdbb1c71,TNP-00264,NCA-2011,MARSAD_ANC
AMD-093cfdbb1c71,TNP-00285,NCA-2011,MARSAD_ANC
AMD-093cfdbb1c71,TNP-00357,NCA-2011,MARSAD_ANC
AMD-093cfdbb1c71,TNP-00370,NCA-2011,MARSAD_ANC
AMD-093cfdbb1c71,TNP-00377,NCA-2011,MARSAD_ANC
AMD-093cfdbb1c71,TNP-00385,NCA-2011,MARSAD_ANC
AMD-093cfdbb1c71,TNP-00387,NCA-2011,MARSAD_ANC
AMD-093cfdbb1c71,TNP-00391,NCA-2011,MARSAD_ANC
AMD-093cfdbb1c71,TNP-00401,NCA-2011,MARSAD_ANC
AMD-093cfdbb1c71,TNP-00403,NCA-2011,MARSAD_ANC
AMD-093cfdbb1c71,TNP-00408,NCA-2011,MARSAD_ANC
AMD-093cfdbb1c71,TNP-00413,NCA-2011,MARSAD_ANC
AMD-093cfdbb1c71,TNP-00424,NCA-2011,MARSAD_ANC
AMD-093cfdbb1c71,TNP-00432,NCA-2011,MARSAD_ANC
AMD-093cfdbb1c71,TNP-00444,NCA-2011,MARSAD_ANC
AMD-093cfdbb1c71,TNP-00454,NCA-2011,MARSAD_ANC
AMD-093cfdbb1c71,TNP-00459,NCA-2011,MARSAD_ANC
AMD-093cfdbb1c71,TNP-00470,NCA-2011,MARSAD_ANC
AMD-093cfdbb1c71,TNP-00489,NCA-2011,MARSAD_ANC
AMD-093cfdbb1c71,TNP-00496,NCA-2011,MARSAD_ANC
AMD-093cfdbb1c71,TNP-00497,NCA-2011,MARSAD_ANC
AMD-093cfdbb1c71,TNP-00502,NCA-2011,MARSAD_ANC
AMD-093cfdbb1c71,TNP-00508,NCA-2011,MARSAD_ANC
AMD-093cfdbb1c71,TNP-00514,NCA-2011,MARSAD_ANC
AMD-093cfdbb1c71,TNP-00517,NCA-2011,MARSAD_ANC
AMD-093cfdbb1c71,TNP-00525,NCA-2011,MARSAD_ANC
AMD-093cfdbb1c71,TNP-00543,NCA-2011,MARSAD_ANC
AMD-093cfdbb1c71,TNP-00548,NCA-2011,MARSAD_ANC
AMD-7fb4e3c784d7,TNP-00141,NCA-2011,MARSAD_ANC
AMD-7fb4e3c784d7,TNP-00357,NCA-2011,MARSAD_ANC
AMD-7fb4e3c784d7,TNP-00384,NCA-2011,MARSAD_ANC
AMD-7fb4e3c784d7,TNP-00385,NCA-2011,MARSAD_ANC
AMD-7fb4e3c784d7,TNP-00405,NCA-2011,MARSAD_ANC
AMD-7fb4e3c784d7,TNP-00415,NCA-2011,MARSAD_ANC
AMD-7fb4e3c784d7,TNP-00418,NCA-2011,MARSAD_ANC
AMD-7fb4e3c784d7,TNP-00421,NCA-2011,MARSAD_ANC
AMD-7fb4e3c784d7,TNP-00427,NCA-2011,MARSAD_ANC
AMD-7fb4e3c784d7,TNP-00428,NCA-2011,MARSAD_ANC
AMD-7fb4e3c784d7,TNP-00434,NCA-2011,MARSAD_ANC
AMD-7fb4e3c784d7,TNP-00441,NCA-2011,MARSAD_ANC
AMD-7fb4e3c784d7,TNP-00449,NCA-2011,MARSAD_ANC
AMD-7fb4e3c784d7,TNP-00450,NCA-2011,MARSAD_ANC
AMD-7fb4e3c784d7,TNP-00454,NCA-2011,MARSAD_ANC
AMD-7fb4e3c784d7,TNP-00456,NCA-2011,MARSAD_ANC
AMD-7fb4e3c784d7,TNP-00461,NCA-2011,MARSAD_ANC
AMD-7fb4e3c784d7,TNP-00466,NCA-2011,MARSAD_ANC
AMD-7fb4e3c784d7,TNP-00475,NCA-2011,MARSAD_ANC
AMD-7fb4e3c784d7,TNP-00483,NCA-2011,MARSAD_ANC
AMD-7fb4e3c784d7,TNP-00488,NCA-2011,MARSAD_ANC
AMD-7fb4e3c784d7,TNP-00494,NCA-2011,MARSAD_ANC
AMD-7fb4e3c784d7,TNP-00508,NCA-2011,MARSAD_ANC
AMD-7fb4e3c784d7,TNP-00513,NCA-2011,MARSAD_ANC
AMD-7fb4e3c784d7,TNP-00522,NCA-2011,MARSAD_ANC
AMD-7fb4e3c784d7,TNP-00527,NCA-2011,MARSAD_ANC
AMD-7fb4e3c784d7,TNP-00531,NCA-2011,MARSAD_ANC
AMD-7fb4e3c784d7,TNP-00540,NCA-2011,MARSAD_ANC
AMD-7fb4e3c784d7,TNP-00544,NCA-2011,MARSAD_ANC
AMD-7fb4e3c784d7,TNP-00549,NCA-2011,MARSAD_ANC
AMD-7fb4e3c784d7,TNP-00551,NCA-2011,MARSAD_ANC
AMD-7fb4e3c784d7,TNP-00552,NCA-2011,MARSAD_ANC
AMD-7fb4e3c784d7,TNP-00561,NCA-2011,MARSAD_ANC
AMD-7fb4e3c784d7,TNP-00564,NCA-2011,MARSAD_ANC
AMD-bb97471cdc62,TNP-00141,NCA-2011,MARSAD_ANC
AMD-bb97471cdc62,TNP-00390,NCA-2011,MARSAD_ANC
AMD-bb97471cdc62,TNP-00427,NCA-2011,MARSAD_ANC
AMD-bb97471cdc62,TNP-00428,NCA-2011,MARSAD_ANC
AMD-bb97471cdc62,TNP-00434,NCA-2011,MARSAD_ANC
AMD-bb97471cdc62,TNP-00441,NCA-2011,MARSAD_ANC
AMD-bb97471cdc62,TNP-00463,NCA-2011,MARSAD_ANC
AMD-bb97471cdc62,TNP-00475,NCA-2011,MARSAD_ANC
AMD-bb97471cdc62,TNP-00476,NCA-2011,MARSAD_ANC
AMD-bb97471cdc62,TNP-00488,NCA-2011,MARSAD_ANC
AMD-bb97471cdc62,TNP-00498,NCA-2011,MARSAD_ANC
AMD-bb97471cdc62,TNP-00503,NCA-2011,MARSAD_ANC
AMD-bb97471cdc62,TNP-00522,NCA-2011,MARSAD_ANC
AMD-bb97471cdc62,TNP-00527,NCA-2011,MARSAD_ANC
AMD-3584c4b87888,TNP-00289,NCA-2011,MARSAD_ANC
AMD-3584c4b87888,TNP-00400,NCA-2011,MARSAD_ANC
AMD-3584c4b87888,TNP-00420,NCA-2011,MARSAD_ANC
AMD-3584c4b87888,TNP-00443,NCA-2011,MARSAD_ANC
AMD-3584c4b87888,TNP-00468,NCA-2011,MARSAD_ANC
AMD-3584c4b87888,TNP-00491,NCA-2011,MARSAD_ANC
AMD-3584c4b87888,TNP-00506,NCA-2011,MARSAD_ANC
AMD-3584c4b87888,TNP-00518,NCA-2011,MARSAD_ANC
AMD-3584c4b87888,TNP-00519,NCA-2011,MARSAD_ANC
AMD-3584c4b87888,TNP-00525,NCA-2011,MARSAD_ANC
AMD-3584c4b87888,TNP-00536,NCA-2011,MARSAD_ANC
AMD-3584c4b87888,TNP-00566,NCA-2011,MARSAD_ANC
AMD-b17cf4e14418,TNP-00285,NCA-2011,MARSAD_ANC
AMD-b17cf4e14418,TNP-00380,NCA-2011,MARSAD_ANC
AMD-b17cf4e14418,TNP-00385,NCA-2011,MARSAD_ANC
AMD-b17cf4e14418,TNP-00393,NCA-2011,MARSAD_ANC
AMD-b17cf4e14418,TNP-00394,NCA-2011,MARSAD_ANC
AMD-b17cf4e14418,TNP-00396,NCA-2011,MARSAD_ANC
AMD-b17cf4e14418,TNP-00397,NCA-2011,MARSAD_ANC
AMD-b17cf4e14418,TNP-00402,NCA-2011,MARSAD_ANC
AMD-b17cf4e14418,TNP-00406,NCA-2011,MARSAD_ANC
AMD-b17cf4e14418,TNP-00413,NCA-2011,MARSAD_ANC
AMD-b17cf4e14418,TNP-00414,NCA-2011,MARSAD_ANC
AMD-b17cf4e14418,TNP-00422,NCA-2011,MARSAD_ANC
AMD-b17cf4e14418,TNP-00423,NCA-2011,MARSAD_ANC
AMD-b17cf4e14418,TNP-00432,NCA-2011,MARSAD_ANC
AMD-b17cf4e14418,TNP-00446,NCA-2011,MARSAD_ANC
AMD-b17cf4e14418,TNP-00458,NCA-2011,MARSAD_ANC
AMD-b17cf4e14418,TNP-00459,NCA-2011,MARSAD_ANC
AMD-b17cf4e14418,TNP-00470,NCA-2011,MARSAD_ANC
AMD-b17cf4e14418,TNP-00486,NCA-2011,MARSAD_ANC
AMD-b17cf4e14418,TNP-00501,NCA-2011,MARSAD_ANC
AMD-b17cf4e14418,TNP-00510,NCA-2011,MARSAD_ANC
AMD-b17cf4e14418,TNP-00528,NCA-2011,MARSAD_ANC
AMD-b17cf4e14418,TNP-00533,NCA-2011,MARSAD_ANC
AMD-b17cf4e14418,TNP-00537,NCA-2011,MARSAD_ANC
AMD-b17cf4e14418,TNP-00538,NCA-2011,MARSAD_ANC
AMD-b17cf4e14418,TNP-00541,NCA-2011,MARSAD_ANC
AMD-b17cf4e14418,TNP-00548,NCA-2011,MARSAD_ANC
AMD-b17cf4e14418,TNP-00552,NCA-2011,MARSAD_ANC
AMD-b17cf4e14418,TNP-00555,NCA-2011,MARSAD_ANC
AMD-b17cf4e14418,TNP-00563,NCA-2011,MARSAD_ANC
AMD-1b6ff70ff566,TNP-00141,NCA-2011,MARSAD_ANC
AMD-1b6ff70ff566,TNP-00277,NCA-2011,MARSAD_ANC
AMD-1b6ff70ff566,TNP-00289,NCA-2011,MARSAD_ANC
AMD-1b6ff70ff566,TNP-00332,NCA-2011,MARSAD_ANC
AMD-1b6ff70ff566,TNP-00395,NCA-2011,MARSAD_ANC
AMD-1b6ff70ff566,TNP-00399,NCA-2011,MARSAD_ANC
AMD-1b6ff70ff566,TNP-00402,NCA-2011,MARSAD_ANC
AMD-1b6ff70ff566,TNP-00426,NCA-2011,MARSAD_ANC
AMD-1b6ff70ff566,TNP-00428,NCA-2011,MARSAD_ANC
AMD-1b6ff70ff566,TNP-00479,NCA-2011,MARSAD_ANC
AMD-1b6ff70ff566,TNP-00511,NCA-2011,MARSAD_ANC
AMD-1b6ff70ff566,TNP-00522,NCA-2011,MARSAD_ANC
AMD-1b6ff70ff566,TNP-00527,NCA-2011,MARSAD_ANC
AMD-1b6ff70ff566,TNP-00534,NCA-2011,MARSAD_ANC
AMD-1b6ff70ff566,TNP-00536,NCA-2011,MARSAD_ANC
AMD-1b6ff70ff566,TNP-00539,NCA-2011,MARSAD_ANC
AMD-1b6ff70ff566,TNP-00551,NCA-2011,MARSAD_ANC
AMD-85ae0415de30,TNP-00007,NCA-2011,MARSAD_ANC
AMD-85ae0415de30,TNP-00378,NCA-2011,MARSAD_ANC
AMD-85ae0415de30,TNP-00419,NCA-2011,MARSAD_ANC
AMD-85ae0415de30,TNP-00425,NCA-2011,MARSAD_ANC
AMD-85ae0415de30,TNP-00427,NCA-2011,MARSAD_ANC
AMD-85ae0415de30,TNP-00439,NCA-2011,MARSAD_ANC
AMD-85ae0415de30,TNP-00466,NCA-2011,MARSAD_ANC
AMD-85ae0415de30,TNP-00472,NCA-2011,MARSAD_ANC
AMD-85ae0415de30,TNP-00478,NCA-2011,MARSAD_ANC
AMD-85ae0415de30,TNP-00488,NCA-2011,MARSAD_ANC
AMD-85ae0415de30,TNP-00499,NCA-2011,MARSAD_ANC
AMD-85ae0415de30,TNP-00529,NCA-2011,MARSAD_ANC
AMD-85ae0415de30,TNP-00550,NCA-2011,MARSAD_ANC
AMD-85ae0415de30,TNP-00557,NCA-2011,MARSAD_ANC
AMD-85ae0415de30,TNP-00558,NCA-2011,MARSAD_ANC
AMD-a859e5f6f4d6,TNP-00277,NCA-2011,MARSAD_ANC
AMD-a859e5f6f4d6,TNP-00289,NCA-2011,MARSAD_ANC
AMD-a859e5f6f4d6,TNP-00370,NCA-2011,MARSAD_ANC
AMD-a859e5f6f4d6,TNP-00372,NCA-2011,MARSAD_ANC
AMD-a859e5f6f4d6,TNP-00391,NCA-2011,MARSAD_ANC
AMD-a859e5f6f4d6,TNP-00392,NCA-2011,MARSAD_ANC
AMD-a859e5f6f4d6,TNP-00400,NCA-2011,MARSAD_ANC
AMD-a859e5f6f4d6,TNP-00430,NCA-2011,MARSAD_ANC
AMD-a859e5f6f4d6,TNP-00438,NCA-2011,MARSAD_ANC
AMD-a859e5f6f4d6,TNP-00443,NCA-2011,MARSAD_ANC
AMD-a859e5f6f4d6,TNP-00449,NCA-2011,MARSAD_ANC
AMD-a859e5f6f4d6,TNP-00473,NCA-2011,MARSAD_ANC
AMD-a859e5f6f4d6,TNP-00478,NCA-2011,MARSAD_ANC
AMD-a859e5f6f4d6,TNP-00506,NCA-2011,MARSAD_ANC
AMD-a859e5f6f4d6,TNP-00508,NCA-2011,MARSAD_ANC
AMD-a859e5f6f4d6,TNP-00509,NCA-2011,MARSAD_ANC
AMD-a859e5f6f4d6,TNP-00511,NCA-2011,MARSAD_ANC
AMD-a859e5f6f4d6,TNP-00514,NCA-2011,MARSAD_ANC
AMD-a859e5f6f4d6,TNP-00524,NCA-2011,MARSAD_ANC
AMD-a859e5f6f4d6,TNP-00525,NCA-2011,MARSAD_ANC
AMD-a859e5f6f4d6,TNP-00543,NCA-2011,MARSAD_ANC
AMD-a859e5f6f4d6,TNP-00550,NCA-2011,MARSAD_ANC
AMD-a859e5f6f4d6,TNP-00562,NCA-2011,MARSAD_ANC
AMD-820114c174e1,TNP-00285,NCA-2011,MARSAD_ANC
AMD-820114c174e1,TNP-00377,NCA-2011,MARSAD_ANC
AMD-820114c174e1,TNP-00382,NCA-2011,MARSAD_ANC
AMD-820114c174e1,TNP-00404,NCA-2011,MARSAD_ANC
AMD-820114c174e1,TNP-00419,NCA-2011,MARSAD_ANC
AMD-820114c174e1,TNP-00437,NCA-2011,MARSAD_ANC
AMD-820114c174e1,TNP-00445,NCA-2011,MARSAD_ANC
AMD-820114c174e1,TNP-00461,NCA-2011,MARSAD_ANC
AMD-820114c174e1,TNP-00477,NCA-2011,MARSAD_ANC
AMD-820114c174e1,TNP-00492,NCA-2011,MARSAD_ANC
AMD-820114c174e1,TNP-00496,NCA-2011,MARSAD_ANC
AMD-820114c174e1,TNP-00497,NCA-2011,MARSAD_ANC
AMD-820114c174e1,TNP-00532,NCA-2011,MARSAD_ANC
AMD-820114c174e1,TNP-00559,NCA-2011,MARSAD_ANC
AMD-28ee01a7b9be,TNP-00477,NCA-2011,MARSAD_ANC
AMD-28ee01a7b9be,TNP-00497,NCA-2011,MARSAD_ANC
AMD-5b4ed3dedc62,TNP-00332,NCA-2011,MARSAD_ANC
AMD-5b4ed3dedc62,TNP-00374,NCA-2011,MARSAD_ANC
AMD-5b4ed3dedc62,TNP-00378,NCA-2011,MARSAD_ANC
AMD-5b4ed3dedc62,TNP-00395,NCA-2011,MARSAD_ANC
AMD-5b4ed3dedc62,TNP-00427,NCA-2011,MARSAD_ANC
AMD-5b4ed3dedc62,TNP-00434,NCA-2011,MARSAD_ANC
AMD-5b4ed3dedc62,TNP-00439,NCA-2011,MARSAD_ANC
AMD-5b4ed3dedc62,TNP-00466,NCA-2011,MARSAD_ANC
AMD-5b4ed3dedc62,TNP-00472,NCA-2011,MARSAD_ANC
AMD-5b4ed3dedc62,TNP-00478,NCA-2011,MARSAD_ANC
AMD-5b4ed3dedc62,TNP-00499,NCA-2011,MARSAD_ANC
AMD-5b4ed3dedc62,TNP-00534,NCA-2011,MARSAD_ANC
AMD-5b4ed3dedc62,TNP-00550,NCA-2011,MARSAD_ANC
AMD-5b4ed3dedc62,TNP-00557,NCA-2011,MARSAD_ANC
AMD-5b4ed3dedc62,TNP-00558,NCA-2011,MARSAD_ANC
AMD-65f33c238ce2,TNP-00289,NCA-2011,MARSAD_ANC
AMD-65f33c238ce2,TNP-00370,NCA-2011,MARSAD_ANC
AMD-65f33c238ce2,TNP-00392,NCA-2011,MARSAD_ANC
AMD-65f33c238ce2,TNP-00416,NCA-2011,MARSAD_ANC
AMD-65f33c238ce2,TNP-00417,NCA-2011,MARSAD_ANC
AMD-65f33c238ce2,TNP-00430,NCA-2011,MARSAD_ANC
AMD-65f33c238ce2,TNP-00436,NCA-2011,MARSAD_ANC
AMD-65f33c238ce2,TNP-00443,NCA-2011,MARSAD_ANC
AMD-65f33c238ce2,TNP-00468,NCA-2011,MARSAD_ANC
AMD-65f33c238ce2,TNP-00482,NCA-2011,MARSAD_ANC
AMD-65f33c238ce2,TNP-00515,NCA-2011,MARSAD_ANC
AMD-65f33c238ce2,TNP-00524,NCA-2011,MARSAD_ANC
AMD-65f33c238ce2,TNP-00525,NCA-2011,MARSAD_ANC
AMD-65f33c238ce2,TNP-00536,NCA-2011,MARSAD_ANC
AMD-65f33c238ce2,TNP-00543,NCA-2011,MARSAD_ANC
AMD-562d3af1f4af,TNP-00438,NCA-2011,MARSAD_ANC
AMD-562d3af1f4af,TNP-00477,NCA-2011,MARSAD_ANC
AMD-31fb5c3e8550,TNP-00007,NCA-2011,MARSAD_ANC
AMD-31fb5c3e8550,TNP-00277,NCA-2011,MARSAD_ANC
AMD-31fb5c3e8550,TNP-00372,NCA-2011,MARSAD_ANC
AMD-31fb5c3e8550,TNP-00408,NCA-2011,MARSAD_ANC
AMD-31fb5c3e8550,TNP-00427,NCA-2011,MARSAD_ANC
AMD-31fb5c3e8550,TNP-00449,NCA-2011,MARSAD_ANC
AMD-31fb5c3e8550,TNP-00465,NCA-2011,MARSAD_ANC
AMD-31fb5c3e8550,TNP-00497,NCA-2011,MARSAD_ANC
AMD-31fb5c3e8550,TNP-00502,NCA-2011,MARSAD_ANC
AMD-31fb5c3e8550,TNP-00511,NCA-2011,MARSAD_ANC
AMD-31fb5c3e8550,TNP-00514,NCA-2011,MARSAD_ANC
AMD-31fb5c3e8550,TNP-00524,NCA-2011,MARSAD_ANC
AMD-31fb5c3e8550,TNP-00539,NCA-2011,MARSAD_ANC
AMD-31fb5c3e8550,TNP-00564,NCA-2011,MARSAD_ANC
AMD-c9a3a7edbb71,TNP-00370,NCA-2011,MARSAD_ANC
AMD-c9a3a7edbb71,TNP-00372,NCA-2011,MARSAD_ANC
AMD-c9a3a7edbb71,TNP-00392,NCA-2011,MARSAD_ANC
AMD-c9a3a7edbb71,TNP-00416,NCA-2011,MARSAD_ANC
AMD-c9a3a7edbb71,TNP-00417,NCA-2011,MARSAD_ANC
AMD-c9a3a7edbb71,TNP-00430,NCA-2011,MARSAD_ANC
AMD-c9a3a7edbb71,TNP-00438,NCA-2011,MARSAD_ANC
AMD-c9a3a7edbb71,TNP-00443,NCA-2011,MARSAD_ANC
AMD-c9a3a7edbb71,TNP-00449,NCA-2011,MARSAD_ANC
AMD-c9a3a7edbb71,TNP-00468,NCA-2011,MARSAD_ANC
AMD-c9a3a7edbb71,TNP-00480,NCA-2011,MARSAD_ANC
AMD-c9a3a7edbb71,TNP-00482,NCA-2011,MARSAD_ANC
AMD-c9a3a7edbb71,TNP-00515,NCA-2011,MARSAD_ANC
AMD-c9a3a7edbb71,TNP-00536,NCA-2011,MARSAD_ANC
AMD-c9a3a7edbb71,TNP-00543,NCA-2011,MARSAD_ANC
AMD-484745f3f4c2,TNP-00430,NCA-2011,MARSAD_ANC
AMD-10f8c17d1f63,TNP-00277,NCA-2011,MARSAD_ANC
AMD-10f8c17d1f63,TNP-00289,NCA-2011,MARSAD_ANC
AMD-10f8c17d1f63,TNP-00370,NCA-2011,MARSAD_ANC
AMD-10f8c17d1f63,TNP-00392,NCA-2011,MARSAD_ANC
AMD-10f8c17d1f63,TNP-00417,NCA-2011,MARSAD_ANC
AMD-10f8c17d1f63,TNP-00426,NCA-2011,MARSAD_ANC
AMD-10f8c17d1f63,TNP-00427,NCA-2011,MARSAD_ANC
AMD-10f8c17d1f63,TNP-00435,NCA-2011,MARSAD_ANC
AMD-10f8c17d1f63,TNP-00438,NCA-2011,MARSAD_ANC
AMD-10f8c17d1f63,TNP-00463,NCA-2011,MARSAD_ANC
AMD-10f8c17d1f63,TNP-00482,NCA-2011,MARSAD_ANC
AMD-10f8c17d1f63,TNP-00487,NCA-2011,MARSAD_ANC
AMD-10f8c17d1f63,TNP-00524,NCA-2011,MARSAD_ANC
AMD-10f8c17d1f63,TNP-00525,NCA-2011,MARSAD_ANC
AMD-10f8c17d1f63,TNP-00536,NCA-2011,MARSAD_ANC
AMD-10f8c17d1f63,TNP-00543,NCA-2011,MARSAD_ANC
AMD-f040076a3bbd,TNP-00007,NCA-2011,MARSAD_ANC
AMD-f040076a3bbd,TNP-00277,NCA-2011,MARSAD_ANC
AMD-f040076a3bbd,TNP-00370,NCA-2011,MARSAD_ANC
AMD-f040076a3bbd,TNP-00372,NCA-2011,MARSAD_ANC
AMD-f040076a3bbd,TNP-00392,NCA-2011,MARSAD_ANC
AMD-f040076a3bbd,TNP-00408,NCA-2011,MARSAD_ANC
AMD-f040076a3bbd,TNP-00443,NCA-2011,MARSAD_ANC
AMD-f040076a3bbd,TNP-00449,NCA-2011,MARSAD_ANC
AMD-f040076a3bbd,TNP-00497,NCA-2011,MARSAD_ANC
AMD-f040076a3bbd,TNP-00502,NCA-2011,MARSAD_ANC
AMD-f040076a3bbd,TNP-00511,NCA-2011,MARSAD_ANC
AMD-f040076a3bbd,TNP-00514,NCA-2011,MARSAD_ANC
AMD-f040076a3bbd,TNP-00515,NCA-2011,MARSAD_ANC
AMD-f040076a3bbd,TNP-00524,NCA-2011,MARSAD_ANC
AMD-f040076a3bbd,TNP-00536,NCA-2011,MARSAD_ANC
AMD-f040076a3bbd,TNP-00539,NCA-2011,MARSAD_ANC
AMD-f040076a3bbd,TNP-00564,NCA-2011,MARSAD_ANC
AMD-2cca38982901,TNP-00370,NCA-2011,MARSAD_ANC
AMD-2cca38982901,TNP-00392,NCA-2011,MARSAD_ANC
AMD-2cca38982901,TNP-00400,NCA-2011,MARSAD_ANC
AMD-2cca38982901,TNP-00416,NCA-2011,MARSAD_ANC
AMD-2cca38982901,TNP-00417,NCA-2011,MARSAD_ANC
AMD-2cca38982901,TNP-00430,NCA-2011,MARSAD_ANC
AMD-2cca38982901,TNP-00436,NCA-2011,MARSAD_ANC
AMD-2cca38982901,TNP-00443,NCA-2011,MARSAD_ANC
AMD-2cca38982901,TNP-00449,NCA-2011,MARSAD_ANC
AMD-2cca38982901,TNP-00468,NCA-2011,MARSAD_ANC
AMD-2cca38982901,TNP-00482,NCA-2011,MARSAD_ANC
AMD-2cca38982901,TNP-00519,NCA-2011,MARSAD_ANC
AMD-2cca38982901,TNP-00525,NCA-2011,MARSAD_ANC
AMD-2cca38982901,TNP-00536,NCA-2011,MARSAD_ANC
AMD-2cca38982901,TNP-00539,NCA-2011,MARSAD_ANC
AMD-1b78e52a440b,TNP-00370,NCA-2011,MARSAD_ANC
AMD-1b78e52a440b,TNP-00392,NCA-2011,MARSAD_ANC
AMD-1b78e52a440b,TNP-00400,NCA-2011,MARSAD_ANC
AMD-1b78e52a440b,TNP-00416,NCA-2011,MARSAD_ANC
AMD-1b78e52a440b,TNP-00417,NCA-2011,MARSAD_ANC
AMD-1b78e52a440b,TNP-00430,NCA-2011,MARSAD_ANC
AMD-1b78e52a440b,TNP-00436,NCA-2011,MARSAD_ANC
AMD-1b78e52a440b,TNP-00443,NCA-2011,MARSAD_ANC
AMD-1b78e52a440b,TNP-00449,NCA-2011,MARSAD_ANC
AMD-1b78e52a440b,TNP-00468,NCA-2011,MARSAD_ANC
AMD-1b78e52a440b,TNP-00482,NCA-2011,MARSAD_ANC
AMD-1b78e52a440b,TNP-00508,NCA-2011,MARSAD_ANC
AMD-1b78e52a440b,TNP-00525,NCA-2011,MARSAD_ANC
AMD-1b78e52a440b,TNP-00536,NCA-2011,MARSAD_ANC
AMD-1b78e52a440b,TNP-00539,NCA-2011,MARSAD_ANC
AMD-415e431f22ab,TNP-00141,NCA-2011,MARSAD_ANC
AMD-415e431f22ab,TNP-00332,NCA-2011,MARSAD_ANC
AMD-415e431f22ab,TNP-00376,NCA-2011,MARSAD_ANC
AMD-415e431f22ab,TNP-00390,NCA-2011,MARSAD_ANC
AMD-415e431f22ab,TNP-00402,NCA-2011,MARSAD_ANC
AMD-415e431f22ab,TNP-00416,NCA-2011,MARSAD_ANC
AMD-415e431f22ab,TNP-00419,NCA-2011,MARSAD_ANC
AMD-415e431f22ab,TNP-00427,NCA-2011,MARSAD_ANC
AMD-415e431f22ab,TNP-00428,NCA-2011,MARSAD_ANC
AMD-415e431f22ab,TNP-00429,NCA-2011,MARSAD_ANC
AMD-415e431f22ab,TNP-00434,NCA-2011,MARSAD_ANC
AMD-415e431f22ab,TNP-00435,NCA-2011,MARSAD_ANC
AMD-415e431f22ab,TNP-00441,NCA-2011,MARSAD_ANC
AMD-415e431f22ab,TNP-00463,NCA-2011,MARSAD_ANC
AMD-415e431f22ab,TNP-00467,NCA-2011,MARSAD_ANC
AMD-415e431f22ab,TNP-00476,NCA-2011,MARSAD_ANC
AMD-415e431f22ab,TNP-00481,NCA-2011,MARSAD_ANC
AMD-415e431f22ab,TNP-00483,NCA-2011,MARSAD_ANC
AMD-415e431f22ab,TNP-00505,NCA-2011,MARSAD_ANC
AMD-415e431f22ab,TNP-00513,NCA-2011,MARSAD_ANC
AMD-415e431f22ab,TNP-00516,NCA-2011,MARSAD_ANC
AMD-415e431f22ab,TNP-00522,NCA-2011,MARSAD_ANC
AMD-415e431f22ab,TNP-00527,NCA-2011,MARSAD_ANC
AMD-415e431f22ab,TNP-00559,NCA-2011,MARSAD_ANC
AMD-415e431f22ab,TNP-00561,NCA-2011,MARSAD_ANC
AMD-415e431f22ab,TNP-00562,NCA-2011,MARSAD_ANC
AMD-65282f019b4b,TNP-00007,NCA-2011,MARSAD_ANC
AMD-65282f019b4b,TNP-00277,NCA-2011,MARSAD_ANC
AMD-65282f019b4b,TNP-00395,NCA-2011,MARSAD_ANC
AMD-65282f019b4b,TNP-00417,NCA-2011,MARSAD_ANC
AMD-65282f019b4b,TNP-00429,NCA-2011,MARSAD_ANC
AMD-65282f019b4b,TNP-00434,NCA-2011,MARSAD_ANC
AMD-65282f019b4b,TNP-00435,NCA-2011,MARSAD_ANC
AMD-65282f019b4b,TNP-00450,NCA-2011,MARSAD_ANC
AMD-65282f019b4b,TNP-00479,NCA-2011,MARSAD_ANC
AMD-65282f019b4b,TNP-00481,NCA-2011,MARSAD_ANC
AMD-65282f019b4b,TNP-00488,NCA-2011,MARSAD_ANC
AMD-65282f019b4b,TNP-00516,NCA-2011,MARSAD_ANC
AMD-65282f019b4b,TNP-00525,NCA-2011,MARSAD_ANC
AMD-65282f019b4b,TNP-00527,NCA-2011,MARSAD_ANC
AMD-a97ea258bb7c,TNP-00141,NCA-2011,MARSAD_ANC
AMD-a97ea258bb7c,TNP-00390,NCA-2011,MARSAD_ANC
AMD-a97ea258bb7c,TNP-00393,NCA-2011,MARSAD_ANC
AMD-a97ea258bb7c,TNP-00428,NCA-2011,MARSAD_ANC
AMD-a97ea258bb7c,TNP-00457,NCA-2011,MARSAD_ANC
AMD-a97ea258bb7c,TNP-00465,NCA-2011,MARSAD_ANC
AMD-a97ea258bb7c,TNP-00466,NCA-2011,MARSAD_ANC
AMD-a97ea258bb7c,TNP-00502,NCA-2011,MARSAD_ANC
AMD-a97ea258bb7c,TNP-00521,NCA-2011,MARSAD_ANC
AMD-a97ea258bb7c,TNP-00522,NCA-2011,MARSAD_ANC
AMD-a97ea258bb7c,TNP-00527,NCA-2011,MARSAD_ANC
AMD-a97ea258bb7c,TNP-00544,NCA-2011,MARSAD_ANC
AMD-a97ea258bb7c,TNP-00549,NCA-2011,MARSAD_ANC
AMD-a97ea258bb7c,TNP-00551,NCA-2011,MARSAD_ANC
AMD-a97ea258bb7c,TNP-00557,NCA-2011,MARSAD_ANC
AMD-c2ddd2c9b2a1,TNP-00374,NCA-2011,MARSAD_ANC
AMD-c2ddd2c9b2a1,TNP-00380,NCA-2011,MARSAD_ANC
AMD-c2ddd2c9b2a1,TNP-00389,NCA-2011,MARSAD_ANC
AMD-c2ddd2c9b2a1,TNP-00414,NCA-2011,MARSAD_ANC
AMD-c2ddd2c9b2a1,TNP-00419,NCA-2011,MARSAD_ANC
AMD-c2ddd2c9b2a1,TNP-00476,NCA-2011,MARSAD_ANC
AMD-c2ddd2c9b2a1,TNP-00499,NCA-2011,MARSAD_ANC
AMD-c2ddd2c9b2a1,TNP-00502,NCA-2011,MARSAD_ANC
AMD-c2ddd2c9b2a1,TNP-00503,NCA-2011,MARSAD_ANC
AMD-c2ddd2c9b2a1,TNP-00529,NCA-2011,MARSAD_ANC
AMD-c2ddd2c9b2a1,TNP-00544,NCA-2011,MARSAD_ANC
AMD-c2ddd2c9b2a1,TNP-00553,NCA-2011,MARSAD_ANC
AMD-c2ddd2c9b2a1,TNP-00554,NCA-2011,MARSAD_ANC
AMD-c2ddd2c9b2a1,TNP-00558,NCA-2011,MARSAD_ANC
AMD-c2ddd2c9b2a1,TNP-00559,NCA-2011,MARSAD_ANC
AMD-3b7ccd0c9ab5,TNP-00382,NCA-2011,MARSAD_ANC
AMD-3b7ccd0c9ab5,TNP-00385,NCA-2011,MARSAD_ANC
AMD-3b7ccd0c9ab5,TNP-00476,NCA-2011,MARSAD_ANC
AMD-3b7ccd0c9ab5,TNP-00501,NCA-2011,MARSAD_ANC
AMD-43d607a9c525,TNP-00289,NCA-2011,MARSAD_ANC
AMD-43d607a9c525,TNP-00391,NCA-2011,MARSAD_ANC
AMD-43d607a9c525,TNP-00408,NCA-2011,MARSAD_ANC
AMD-43d607a9c525,TNP-00426,NCA-2011,MARSAD_ANC
AMD-43d607a9c525,TNP-00430,NCA-2011,MARSAD_ANC
AMD-43d607a9c525,TNP-00438,NCA-2011,MARSAD_ANC
AMD-43d607a9c525,TNP-00444,NCA-2011,MARSAD_ANC
AMD-43d607a9c525,TNP-00455,NCA-2011,MARSAD_ANC
AMD-43d607a9c525,TNP-00473,NCA-2011,MARSAD_ANC
AMD-43d607a9c525,TNP-00497,NCA-2011,MARSAD_ANC
AMD-43d607a9c525,TNP-00511,NCA-2011,MARSAD_ANC
AMD-43d607a9c525,TNP-00524,NCA-2011,MARSAD_ANC
AMD-43d607a9c525,TNP-00543,NCA-2011,MARSAD_ANC
AMD-43d607a9c525,TNP-00562,NCA-2011,MARSAD_ANC
AMD-43d607a9c525,TNP-00564,NCA-2011,MARSAD_ANC
AMD-0fa5b99c4afd,TNP-00289,NCA-2011,MARSAD_ANC
AMD-0fa5b99c4afd,TNP-00391,NCA-2011,MARSAD_ANC
AMD-0fa5b99c4afd,TNP-00408,NCA-2011,MARSAD_ANC
AMD-0fa5b99c4afd,TNP-00426,NCA-2011,MARSAD_ANC
AMD-0fa5b99c4afd,TNP-00430,NCA-2011,MARSAD_ANC
AMD-0fa5b99c4afd,TNP-00438,NCA-2011,MARSAD_ANC
AMD-0fa5b99c4afd,TNP-00444,NCA-2011,MARSAD_ANC
AMD-0fa5b99c4afd,TNP-00455,NCA-2011,MARSAD_ANC
AMD-0fa5b99c4afd,TNP-00473,NCA-2011,MARSAD_ANC
AMD-0fa5b99c4afd,TNP-00497,NCA-2011,MARSAD_ANC
AMD-0fa5b99c4afd,TNP-00511,NCA-2011,MARSAD_ANC
AMD-0fa5b99c4afd,TNP-00524,NCA-2011,MARSAD_ANC
AMD-0fa5b99c4afd,TNP-00543,NCA-2011,MARSAD_ANC
AMD-0fa5b99c4afd,TNP-00562,NCA-2011,MARSAD_ANC
AMD-0fa5b99c4afd,TNP-00564,NCA-2011,MARSAD_ANC
AMD-e0719e936657,TNP-00332,NCA-2011,MARSAD_ANC
AMD-e0719e936657,TNP-00370,NCA-2011,MARSAD_ANC
AMD-e0719e936657,TNP-00374,NCA-2011,MARSAD_ANC
AMD-e0719e936657,TNP-00379,NCA-2011,MARSAD_ANC
AMD-e0719e936657,TNP-00385,NCA-2011,MARSAD_ANC
AMD-e0719e936657,TNP-00429,NCA-2011,MARSAD_ANC
AMD-e0719e936657,TNP-00467,NCA-2011,MARSAD_ANC
AMD-e0719e936657,TNP-00481,NCA-2011,MARSAD_ANC
AMD-e0719e936657,TNP-00488,NCA-2011,MARSAD_ANC
AMD-e0719e936657,TNP-00499,NCA-2011,MARSAD_ANC
AMD-e0719e936657,TNP-00503,NCA-2011,MARSAD_ANC
AMD-e0719e936657,TNP-00529,NCA-2011,MARSAD_ANC
AMD-e0719e936657,TNP-00530,NCA-2011,MARSAD_ANC
AMD-e0719e936657,TNP-00553,NCA-2011,MARSAD_ANC
AMD-125896f35a45,TNP-00332,NCA-2011,MARSAD_ANC
AMD-125896f35a45,TNP-00370,NCA-2011,MARSAD_ANC
AMD-125896f35a45,TNP-00374,NCA-2011,MARSAD_ANC
AMD-125896f35a45,TNP-00378,NCA-2011,MARSAD_ANC
AMD-125896f35a45,TNP-00481,NCA-2011,MARSAD_ANC
AMD-125896f35a45,TNP-00488,NCA-2011,MARSAD_ANC
AMD-125896f35a45,TNP-00498,NCA-2011,MARSAD_ANC
AMD-125896f35a45,TNP-00507,NCA-2011,MARSAD_ANC
AMD-125896f35a45,TNP-00529,NCA-2011,MARSAD_ANC
AMD-125896f35a45,TNP-00533,NCA-2011,MARSAD_ANC
AMD-125896f35a45,TNP-00550,NCA-2011,MARSAD_ANC
AMD-125896f35a45,TNP-00557,NCA-2011,MARSAD_ANC
AMD-125896f35a45,TNP-00558,NCA-2011,MARSAD_ANC
AMD-125896f35a45,TNP-00560,NCA-2011,MARSAD_ANC
AMD-433486d611c0,TNP-00377,NCA-2011,MARSAD_ANC
AMD-433486d611c0,TNP-00387,NCA-2011,MARSAD_ANC
AMD-433486d611c0,TNP-00388,NCA-2011,MARSAD_ANC
AMD-433486d611c0,TNP-00391,NCA-2011,MARSAD_ANC
AMD-433486d611c0,TNP-00392,NCA-2011,MARSAD_ANC
AMD-433486d611c0,TNP-00408,NCA-2011,MARSAD_ANC
AMD-433486d611c0,TNP-00410,NCA-2011,MARSAD_ANC
AMD-433486d611c0,TNP-00427,NCA-2011,MARSAD_ANC
AMD-433486d611c0,TNP-00446,NCA-2011,MARSAD_ANC
AMD-433486d611c0,TNP-00502,NCA-2011,MARSAD_ANC
AMD-433486d611c0,TNP-00533,NCA-2011,MARSAD_ANC
AMD-433486d611c0,TNP-00548,NCA-2011,MARSAD_ANC
AMD-433486d611c0,TNP-00560,NCA-2011,MARSAD_ANC
AMD-433486d611c0,TNP-00564,NCA-2011,MARSAD_ANC
AMD-ef9814e40fde,TNP-00277,NCA-2011,MARSAD_ANC
AMD-ef9814e40fde,TNP-00395,NCA-2011,MARSAD_ANC
AMD-ef9814e40fde,TNP-00399,NCA-2011,MARSAD_ANC
AMD-ef9814e40fde,TNP-00416,NCA-2011,MARSAD_ANC
AMD-ef9814e40fde,TNP-00420,NCA-2011,MARSAD_ANC
AMD-ef9814e40fde,TNP-00434,NCA-2011,MARSAD_ANC
AMD-ef9814e40fde,TNP-00435,NCA-2011,MARSAD_ANC
AMD-ef9814e40fde,TNP-00443,NCA-2011,MARSAD_ANC
AMD-ef9814e40fde,TNP-00449,NCA-2011,MARSAD_ANC
AMD-ef9814e40fde,TNP-00479,NCA-2011,MARSAD_ANC
AMD-ef9814e40fde,TNP-00480,NCA-2011,MARSAD_ANC
AMD-ef9814e40fde,TNP-00506,NCA-2011,MARSAD_ANC
AMD-ef9814e40fde,TNP-00511,NCA-2011,MARSAD_ANC
AMD-ef9814e40fde,TNP-00512,NCA-2011,MARSAD_ANC
AMD-ef9814e40fde,TNP-00534,NCA-2011,MARSAD_ANC
AMD-ef9814e40fde,TNP-00536,NCA-2011,MARSAD_ANC
AMD-ef9814e40fde,TNP-00539,NCA-2011,MARSAD_ANC
AMD-fc123f95e917,TNP-00332,NCA-2011,MARSAD_ANC
AMD-fc123f95e917,TNP-00378,NCA-2011,MARSAD_ANC
AMD-fc123f95e917,TNP-00379,NCA-2011,MARSAD_ANC
AMD-fc123f95e917,TNP-00425,NCA-2011,MARSAD_ANC
AMD-fc123f95e917,TNP-00427,NCA-2011,MARSAD_ANC
AMD-fc123f95e917,TNP-00434,NCA-2011,MARSAD_ANC
AMD-fc123f95e917,TNP-00439,NCA-2011,MARSAD_ANC
AMD-fc123f95e917,TNP-00442,NCA-2011,MARSAD_ANC
AMD-fc123f95e917,TNP-00472,NCA-2011,MARSAD_ANC
AMD-fc123f95e917,TNP-00478,NCA-2011,MARSAD_ANC
AMD-fc123f95e917,TNP-00499,NCA-2011,MARSAD_ANC
AMD-fc123f95e917,TNP-00529,NCA-2011,MARSAD_ANC
AMD-fc123f95e917,TNP-00550,NCA-2011,MARSAD_ANC
AMD-fc123f95e917,TNP-00554,NCA-2011,MARSAD_ANC
AMD-fc123f95e917,TNP-00557,NCA-2011,MARSAD_ANC
AMD-fc123f95e917,TNP-00558,NCA-2011,MARSAD_ANC
AMD-fc123f95e917,TNP-00562,NCA-2011,MARSAD_ANC
AMD-58c76b21711d,TNP-00141,NCA-2011,MARSAD_ANC
AMD-58c76b21711d,TNP-00374,NCA-2011,MARSAD_ANC
AMD-58c76b21711d,TNP-00390,NCA-2011,MARSAD_ANC
AMD-58c76b21711d,TNP-00419,NCA-2011,MARSAD_ANC
AMD-58c76b21711d,TNP-00427,NCA-2011,MARSAD_ANC
AMD-58c76b21711d,TNP-00434,NCA-2011,MARSAD_ANC
AMD-58c76b21711d,TNP-00456,NCA-2011,MARSAD_ANC
AMD-58c76b21711d,TNP-00457,NCA-2011,MARSAD_ANC
AMD-58c76b21711d,TNP-00463,NCA-2011,MARSAD_ANC
AMD-58c76b21711d,TNP-00465,NCA-2011,MARSAD_ANC
AMD-58c76b21711d,TNP-00476,NCA-2011,MARSAD_ANC
AMD-58c76b21711d,TNP-00488,NCA-2011,MARSAD_ANC
AMD-58c76b21711d,TNP-00493,NCA-2011,MARSAD_ANC
AMD-58c76b21711d,TNP-00498,NCA-2011,MARSAD_ANC
AMD-58c76b21711d,TNP-00507,NCA-2011,MARSAD_ANC
AMD-58c76b21711d,TNP-00521,NCA-2011,MARSAD_ANC
AMD-58c76b21711d,TNP-00522,NCA-2011,MARSAD_ANC
AMD-58c76b21711d,TNP-00527,NCA-2011,MARSAD_ANC
AMD-58c76b21711d,TNP-00554,NCA-2011,MARSAD_ANC
