bloc_membership_id,person_id,bloc_id,assembly_id,start_date,end_date,role,is_founding_member,dates_bracketed,notes,source_ids
BLM-5fb6b4a39cb8,TNP-00001,BLC-f20b0575249e,ARP-2023,2024-10-29,,bloc_vice_chair,,,,ARP_ODOO
BLM-9a9c63a2a6f0,TNP-00001,BLC-f20b0575249e,ARP-2023,2023-10-17,2025-11-07,bloc_vice_chair,,,,ARP_ODOO
BLM-061cf02c6813,TNP-00001,BLC-f20b0575249e,ARP-2023,2023-05-11,2023-10-16,bloc_chair,,,,ARP_ODOO
BLM-104c4d29e278,TNP-00002,BLC-139983161a87,ARP-2023,2023-05-11,,unknown,,,,ARP_ODOO
BLM-c6dd118939f1,TNP-00003,BLC-139983161a87,ARP-2023,2023-05-11,,unknown,,,,ARP_ODOO
BLM-7dc96243ef2e,TNP-00004,BLC-06a0c0449bb5,ARP-2023,2023-05-11,,unknown,,,,ARP_ODOO
BLM-fc5fb3847aa8,TNP-00005,BLC-f20b0575249e,ARP-2023,2023-05-11,,unknown,,,,ARP_ODOO
BLM-e78d27ba53ec,TNP-00006,BLC-139983161a87,ARP-2023,2023-05-11,,unknown,,,,ARP_ODOO
BLM-9c2449efaaec,TNP-00007,BLC-b8dae4f6e993,ARP-2023,2023-05-30,,unknown,,,,ARP_ODOO
BLM-ad8350603730,TNP-00008,BLC-139983161a87,ARP-2023,2023-05-11,,unknown,,,,ARP_ODOO
BLM-58a248f47d89,TNP-00009,BLC-06a0c0449bb5,ARP-2023,2023-05-11,,unknown,,,,ARP_ODOO
BLM-9eaae934e156,TNP-00010,BLC-ae732a4efe54,ARP-2023,2025-12-16,,bloc_chair,,,,ARP_ODOO
BLM-42857f7c1576,TNP-00010,BLC-ae732a4efe54,ARP-2023,2023-05-11,2025-12-15,bloc_vice_chair,,,,ARP_ODOO
BLM-47c75fc419b5,TNP-00011,BLC-ac812da9c161,ARP-2023,2023-05-11,,unknown,,,,ARP_ODOO
BLM-f87b1a2372f2,TNP-00012,BLC-2f472b0a03ed,ARP-2023,2023-05-11,,unknown,,,,ARP_ODOO
BLM-e7536a10e04b,TNP-00013,BLC-139983161a87,ARP-2023,2023-05-11,,unknown,,,,ARP_ODOO
BLM-ddfb8041dd7a,TNP-00014,BLC-ac812da9c161,ARP-2023,2023-05-11,2025-05-09,unknown,,,,ARP_ODOO
BLM-38fb71e19418,TNP-00015,BLC-ac812da9c161,ARP-2023,2023-05-11,,unknown,,,,ARP_ODOO
BLM-262207512e1d,TNP-00016,BLC-139983161a87,ARP-2023,2023-05-11,,unknown,,,,ARP_ODOO
BLM-9a49f900b0a4,TNP-00017,BLC-b8dae4f6e993,ARP-2023,2023-05-30,,unknown,,,,ARP_ODOO
BLM-1c678470f244,TNP-00018,BLC-ae732a4efe54,ARP-2023,2023-05-11,,unknown,,,,ARP_ODOO
BLM-02a68eed80f5,TNP-00019,BLC-ae732a4efe54,ARP-2023,2024-12-10,,unknown,,,,ARP_ODOO
BLM-d534a03c3be8,TNP-00019,BLC-b8dae4f6e993,ARP-2023,2023-05-30,2024-12-09,unknown,,,,ARP_ODOO
BLM-6a7d61758923,TNP-00020,BLC-ac812da9c161,ARP-2023,2023-05-11,,unknown,,,,ARP_ODOO
BLM-8bfec7323098,TNP-00021,BLC-ae732a4efe54,ARP-2023,2023-05-11,,unknown,,,,ARP_ODOO
BLM-4ec4edfe7fd4,TNP-00022,BLC-139983161a87,ARP-2023,2023-05-11,,unknown,,,,ARP_ODOO
BLM-b39d33377002,TNP-00023,BLC-06a0c0449bb5,ARP-2023,2023-05-11,,unknown,,,,ARP_ODOO
BLM-8c6d88f407fd,TNP-00024,BLC-06a0c0449bb5,ARP-2023,2025-12-16,,bloc_vice_chair,,,,ARP_ODOO
BLM-197d190160e8,TNP-00024,BLC-06a0c0449bb5,ARP-2023,2023-05-11,2025-12-15,unknown,,,,ARP_ODOO
BLM-82178003b8bf,TNP-00025,BLC-f20b0575249e,ARP-2023,2023-05-11,,unknown,,,,ARP_ODOO
BLM-ebecbbdcf8d0,TNP-00026,BLC-b8dae4f6e993,ARP-2023,2024-12-10,,unknown,,,,ARP_ODOO
BLM-f0c3ab4ac3fe,TNP-00026,BLC-ac812da9c161,ARP-2023,2023-05-11,2024-12-09,unknown,,,,ARP_ODOO
BLM-8b2eaddf6cf1,TNP-00027,BLC-ae732a4efe54,ARP-2023,2023-05-11,,unknown,,,,ARP_ODOO
BLM-d7df2ad3d28d,TNP-00028,BLC-b8dae4f6e993,ARP-2023,2023-05-30,,unknown,,,,ARP_ODOO
BLM-0bced130013f,TNP-00029,BLC-f20b0575249e,ARP-2023,2024-12-10,,unknown,,,,ARP_ODOO
BLM-a934a0c5dad2,TNP-00029,BLC-b8dae4f6e993,ARP-2023,2023-05-30,2024-12-09,unknown,,,,ARP_ODOO
BLM-6085f11001d6,TNP-00030,BLC-b8dae4f6e993,ARP-2023,2023-05-30,,unknown,,,,ARP_ODOO
BLM-4af42e45488c,TNP-00031,BLC-2f472b0a03ed,ARP-2023,2023-05-11,,unknown,,,,ARP_ODOO
BLM-509c30021c5c,TNP-00032,BLC-06a0c0449bb5,ARP-2023,2023-05-11,,unknown,,,,ARP_ODOO
BLM-5f2a83a0e211,TNP-00033,BLC-f20b0575249e,ARP-2023,2024-12-10,,unknown,,,,ARP_ODOO
BLM-8f1150176019,TNP-00033,BLC-b8dae4f6e993,ARP-2023,2024-10-29,2024-12-09,unknown,,,,ARP_ODOO
BLM-3c6609f185d8,TNP-00033,BLC-f20b0575249e,ARP-2023,2023-05-11,2024-10-28,unknown,,,,ARP_ODOO
BLM-d0b0efd31b9f,TNP-00034,BLC-2f472b0a03ed,ARP-2023,2026-01-19,,unknown,,,,ARP_ODOO
BLM-c58685414284,TNP-00034,BLC-2f472b0a03ed,ARP-2023,2024-12-20,2026-01-19,unknown,,,,ARP_ODOO
BLM-7d6ff5887ec6,TNP-00034,BLC-2f472b0a03ed,ARP-2023,2023-05-11,2024-12-19,unknown,,,,ARP_ODOO
BLM-40add446221f,TNP-00035,BLC-2f472b0a03ed,ARP-2023,2023-05-11,,unknown,,,,ARP_ODOO
BLM-53d6ed66924c,TNP-00036,BLC-ae732a4efe54,ARP-2023,2024-10-29,,unknown,,,,ARP_ODOO
BLM-8300f9a84601,TNP-00036,BLC-b8dae4f6e993,ARP-2023,2023-05-30,2024-10-28,unknown,,,,ARP_ODOO
BLM-0913efe42f12,TNP-00037,BLC-06a0c0449bb5,ARP-2023,2023-05-11,,unknown,,,,ARP_ODOO
BLM-6ddc5636f14d,TNP-00038,BLC-b8dae4f6e993,ARP-2023,2023-05-30,,unknown,,,,ARP_ODOO
BLM-ff02399e235b,TNP-00039,BLC-ac812da9c161,ARP-2023,2023-05-11,,unknown,,,,ARP_ODOO
BLM-699b160a3ce2,TNP-00040,BLC-ac812da9c161,ARP-2023,2023-05-11,,unknown,,,,ARP_ODOO
BLM-d05e19965103,TNP-00041,BLC-ae732a4efe54,ARP-2023,2023-07-21,,unknown,,,,ARP_ODOO
BLM-ad60b1751bd6,TNP-00041,BLC-b8dae4f6e993,ARP-2023,2023-05-30,2023-07-21,unknown,,,,ARP_ODOO
BLM-0439311e1b2b,TNP-00042,BLC-2f472b0a03ed,ARP-2023,2023-05-11,,unknown,,,,ARP_ODOO
BLM-f4004b211eb3,TNP-00043,BLC-ac812da9c161,ARP-2023,2023-05-11,,unknown,,,,ARP_ODOO
BLM-bc3ee3ecb8e1,TNP-00044,BLC-ac812da9c161,ARP-2023,2023-05-10,,unknown,,,,ARP_ODOO
BLM-7b81602fcb79,TNP-00045,BLC-b8dae4f6e993,ARP-2023,2023-05-30,,unknown,,,,ARP_ODOO
BLM-5de20cace3d9,TNP-00046,BLC-139983161a87,ARP-2023,2023-05-11,,unknown,,,,ARP_ODOO
BLM-ea97fe05376e,TNP-00047,BLC-ac812da9c161,ARP-2023,2024-10-29,,unknown,,,,ARP_ODOO
BLM-ed63cf18b0d4,TNP-00047,BLC-b8dae4f6e993,ARP-2023,2023-05-30,2024-10-28,unknown,,,,ARP_ODOO
BLM-f8a5bc3713d7,TNP-00048,BLC-ae732a4efe54,ARP-2023,2023-05-11,,unknown,,,,ARP_ODOO
BLM-216b724907b4,TNP-00049,BLC-2f472b0a03ed,ARP-2023,2026-02-12,,unknown,,,,ARP_ODOO
BLM-71d5be83c92e,TNP-00049,BLC-2f472b0a03ed,ARP-2023,2023-05-11,2026-02-11,bloc_vice_chair,,,,ARP_ODOO
BLM-34f9ccdea76e,TNP-00050,BLC-139983161a87,ARP-2023,2023-05-11,,unknown,,,,ARP_ODOO
BLM-7605955b3535,TNP-00051,BLC-ae732a4efe54,ARP-2023,2023-05-11,,unknown,,,,ARP_ODOO
BLM-47c9bd4da7e5,TNP-00052,BLC-06a0c0449bb5,ARP-2023,2023-05-11,,unknown,,,,ARP_ODOO
BLM-9ed15742b3ed,TNP-00053,BLC-b8dae4f6e993,ARP-2023,2023-05-30,,unknown,,,,ARP_ODOO
BLM-64b586389ae3,TNP-00054,BLC-ae732a4efe54,ARP-2023,2025-12-16,,unknown,,,,ARP_ODOO
BLM-bf96544093a3,TNP-00054,BLC-ae732a4efe54,ARP-2023,2023-05-11,2025-12-15,bloc_chair,,,,ARP_ODOO
BLM-4975e48ff1ed,TNP-00055,BLC-06a0c0449bb5,ARP-2023,2023-05-11,,unknown,,,,ARP_ODOO
BLM-2c85ceb27b45,TNP-00056,BLC-06a0c0449bb5,ARP-2023,2023-05-11,,unknown,,,,ARP_ODOO
BLM-bd25328ad9c0,TNP-00057,BLC-ae732a4efe54,ARP-2023,2024-10-29,,unknown,,,,ARP_ODOO
BLM-89a17f7f8edf,TNP-00057,BLC-b8dae4f6e993,ARP-2023,2023-05-30,2024-10-28,unknown,,,,ARP_ODOO
BLM-15db29ee219c,TNP-00058,BLC-b8dae4f6e993,ARP-2023,2023-05-30,,unknown,,,,ARP_ODOO
BLM-c0ddd1e73226,TNP-00059,BLC-ac812da9c161,ARP-2023,2023-05-11,,unknown,,,,ARP_ODOO
BLM-58409c0ea36d,TNP-00060,BLC-139983161a87,ARP-2023,2023-07-17,,unknown,,,,ARP_ODOO
BLM-ba7f6333d0d2,TNP-00060,BLC-b8dae4f6e993,ARP-2023,2023-05-30,2023-07-17,unknown,,,,ARP_ODOO
BLM-7dfdc3a5f03a,TNP-00061,BLC-b8dae4f6e993,ARP-2023,2023-05-30,,unknown,,,,ARP_ODOO
BLM-0b8595039cc4,TNP-00062,BLC-139983161a87,ARP-2023,2023-05-11,,unknown,,,,ARP_ODOO
BLM-eaa1b627381d,TNP-00063,BLC-b8dae4f6e993,ARP-2023,2023-05-30,,unknown,,,,ARP_ODOO
BLM-53d5631326b0,TNP-00064,BLC-2f472b0a03ed,ARP-2023,2023-05-11,,unknown,,,,ARP_ODOO
BLM-af04bb1b3f72,TNP-00065,BLC-06a0c0449bb5,ARP-2023,2025-12-16,,unknown,,,,ARP_ODOO
BLM-05924f9b8c35,TNP-00065,BLC-06a0c0449bb5,ARP-2023,2023-05-11,2025-12-15,bloc_chair,,,,ARP_ODOO
BLM-1e9906fc14d2,TNP-00066,BLC-ac812da9c161,ARP-2023,2023-05-11,,unknown,,,,ARP_ODOO
BLM-c647a83f2fd0,TNP-00067,BLC-2f472b0a03ed,ARP-2023,2024-12-20,,unknown,,,,ARP_ODOO
BLM-8a804cbc6d11,TNP-00067,BLC-2f472b0a03ed,ARP-2023,2023-05-11,2024-12-19,bloc_chair,,,,ARP_ODOO
BLM-40a806fa1086,TNP-00068,BLC-f20b0575249e,ARP-2023,2023-05-11,,unknown,,,,ARP_ODOO
BLM-914bca12f502,TNP-00069,BLC-139983161a87,ARP-2023,2023-05-11,,unknown,,,,ARP_ODOO
BLM-8d6ebb119aee,TNP-00070,BLC-b8dae4f6e993,ARP-2023,2026-01-19,,unknown,,,,ARP_ODOO
BLM-c7951503740d,TNP-00070,BLC-ae732a4efe54,ARP-2023,2023-05-11,2026-01-18,unknown,,,,ARP_ODOO
BLM-77581a50a0c9,TNP-00071,BLC-ae732a4efe54,ARP-2023,2023-05-11,,unknown,,,,ARP_ODOO
BLM-988cd73a9e03,TNP-00072,BLC-ac812da9c161,ARP-2023,2023-05-11,,unknown,,,,ARP_ODOO
BLM-8457778abf90,TNP-00073,BLC-ae732a4efe54,ARP-2023,2026-01-19,,unknown,,,,ARP_ODOO
BLM-0065407193e7,TNP-00073,BLC-b8dae4f6e993,ARP-2023,2025-10-07,2026-01-18,unknown,,,,ARP_ODOO
BLM-8472a2c38e57,TNP-00074,BLC-ae732a4efe54,ARP-2023,2023-05-11,,unknown,,,,ARP_ODOO
BLM-995cb50bb3bd,TNP-00075,BLC-139983161a87,ARP-2023,2023-07-05,,unknown,,,,ARP_ODOO
BLM-91b0dce9b7ca,TNP-00075,BLC-b8dae4f6e993,ARP-2023,2023-05-30,2023-07-04,unknown,,,,ARP_ODOO
BLM-da194895cb67,TNP-00076,BLC-ac812da9c161,ARP-2023,2023-05-11,,unknown,,,,ARP_ODOO
BLM-a3f0c892d073,TNP-00077,BLC-2f472b0a03ed,ARP-2023,2026-01-19,,bloc_chair,,,,ARP_ODOO
BLM-98fb5df4de87,TNP-00077,BLC-2f472b0a03ed,ARP-2023,2023-05-11,2026-01-18,unknown,,,,ARP_ODOO
BLM-12fc94c146b0,TNP-00078,BLC-f20b0575249e,ARP-2023,2023-05-11,,unknown,,,,ARP_ODOO
BLM-f96013b627b9,TNP-00079,BLC-ae732a4efe54,ARP-2023,2023-05-11,,unknown,,,,ARP_ODOO
BLM-2448fce8d1e9,TNP-00080,BLC-f20b0575249e,ARP-2023,2024-10-29,,bloc_chair,,,,ARP_ODOO
BLM-cd3883aa8dc4,TNP-00080,BLC-f20b0575249e,ARP-2023,2023-10-17,2024-10-28,bloc_chair,,,,ARP_ODOO
BLM-eab4200c0b40,TNP-00080,BLC-f20b0575249e,ARP-2023,2023-05-11,2024-10-23,bloc_chair,,,,ARP_ODOO
BLM-dc1da3133ece,TNP-00081,BLC-b8dae4f6e993,ARP-2023,2023-05-30,,unknown,,,,ARP_ODOO
BLM-0e4003825490,TNP-00082,BLC-ac812da9c161,ARP-2023,2023-05-10,,unknown,,,,ARP_ODOO
BLM-92119b98c145,TNP-00083,BLC-06a0c0449bb5,ARP-2023,2023-05-11,,unknown,,,,ARP_ODOO
BLM-fb4701a53334,TNP-00084,BLC-ac812da9c161,ARP-2023,2023-05-11,,unknown,,,,ARP_ODOO
BLM-3db2cbdb84e8,TNP-00085,BLC-2f472b0a03ed,ARP-2023,2023-05-11,,unknown,,,,ARP_ODOO
BLM-88d41ba3da3a,TNP-00086,BLC-b8dae4f6e993,ARP-2023,2024-10-29,,unknown,,,,ARP_ODOO
BLM-0b58713077b2,TNP-00086,BLC-06a0c0449bb5,ARP-2023,2023-05-11,2024-10-28,unknown,,,,ARP_ODOO
BLM-314d642f7bb9,TNP-00087,BLC-139983161a87,ARP-2023,2023-05-11,,unknown,,,,ARP_ODOO
BLM-7631b83751e9,TNP-00088,BLC-06a0c0449bb5,ARP-2023,2025-12-16,,bloc_chair,,,,ARP_ODOO
BLM-013a63ad0ee6,TNP-00088,BLC-06a0c0449bb5,ARP-2023,2023-05-11,2025-12-15,unknown,,,,ARP_ODOO
BLM-509d97a5ca90,TNP-00089,BLC-f20b0575249e,ARP-2023,2023-05-11,,unknown,,,,ARP_ODOO
BLM-bf40d7fc55bc,TNP-00090,BLC-ae732a4efe54,ARP-2023,2023-05-11,,unknown,,,,ARP_ODOO
BLM-8e046f34870a,TNP-00091,BLC-ae732a4efe54,ARP-2023,2023-05-11,2026-03-09,unknown,,,,ARP_ODOO
BLM-6c9825c82393,TNP-00092,BLC-ae732a4efe54,ARP-2023,2024-10-29,,unknown,,,,ARP_ODOO
BLM-95fa3ef46439,TNP-00092,BLC-b8dae4f6e993,ARP-2023,2023-05-30,2024-10-28,unknown,,,,ARP_ODOO
BLM-fb8ae13cdb52,TNP-00093,BLC-ac812da9c161,ARP-2023,2023-05-11,,unknown,,,,ARP_ODOO
BLM-400c91fa3fb2,TNP-00094,BLC-139983161a87,ARP-2023,2023-05-11,,bloc_chair,,,,ARP_ODOO
BLM-c016e784f179,TNP-00095,BLC-ae732a4efe54,ARP-2023,2023-05-11,,unknown,,,,ARP_ODOO
BLM-ff365d3fd284,TNP-00096,BLC-b8dae4f6e993,ARP-2023,2023-05-30,,unknown,,,,ARP_ODOO
BLM-79596451dcc0,TNP-00097,BLC-2f472b0a03ed,ARP-2023,2023-05-11,,unknown,,,,ARP_ODOO
BLM-62a9199187c4,TNP-00098,BLC-ac812da9c161,ARP-2023,2024-10-29,,unknown,,,,ARP_ODOO
BLM-b1b1b38ee652,TNP-00098,BLC-b8dae4f6e993,ARP-2023,2023-05-30,2024-10-28,unknown,,,,ARP_ODOO
BLM-67ca3f95c22e,TNP-00099,BLC-139983161a87,ARP-2023,2023-05-11,,unknown,,,,ARP_ODOO
BLM-432c84710975,TNP-00100,BLC-139983161a87,ARP-2023,2023-05-11,,unknown,,,,ARP_ODOO
BLM-dacef4ba53d7,TNP-00101,BLC-ae732a4efe54,ARP-2023,2023-05-11,,unknown,,,,ARP_ODOO
BLM-f3c91d19fed5,TNP-00102,BLC-ae732a4efe54,ARP-2023,2023-05-11,,unknown,,,,ARP_ODOO
BLM-9a29d2e6b671,TNP-00103,BLC-ae732a4efe54,ARP-2023,2025-12-16,,bloc_vice_chair,,,,ARP_ODOO
BLM-dd5e6b51aa74,TNP-00103,BLC-ae732a4efe54,ARP-2023,2023-05-11,2025-12-15,unknown,,,,ARP_ODOO
BLM-9dc49731b609,TNP-00104,BLC-06a0c0449bb5,ARP-2023,2025-12-16,,unknown,,,,ARP_ODOO
BLM-d9841e8be4a0,TNP-00104,BLC-06a0c0449bb5,ARP-2023,2025-01-08,2025-12-15,bloc_vice_chair,,,,ARP_ODOO
BLM-7e0ae33ba316,TNP-00104,BLC-06a0c0449bb5,ARP-2023,2023-05-11,2025-01-07,unknown,,,,ARP_ODOO
BLM-ab1ededfb246,TNP-00105,BLC-06a0c0449bb5,ARP-2023,2023-05-11,,unknown,,,,ARP_ODOO
BLM-9c9bf566f2b0,TNP-00106,BLC-ae732a4efe54,ARP-2023,2024-10-29,2025-03-13,unknown,,,,ARP_ODOO
BLM-55a77df0de2c,TNP-00106,BLC-b8dae4f6e993,ARP-2023,2023-05-30,2024-10-28,unknown,,,,ARP_ODOO
BLM-faed46169980,TNP-00107,BLC-b8dae4f6e993,ARP-2023,2023-05-30,,unknown,,,,ARP_ODOO
BLM-f43a016097fb,TNP-00108,BLC-ae732a4efe54,ARP-2023,2024-11-10,,unknown,,,,ARP_ODOO
BLM-db0b4c6ffc08,TNP-00108,BLC-b8dae4f6e993,ARP-2023,2023-05-30,2024-11-09,unknown,,,,ARP_ODOO
BLM-00e88e87f63a,TNP-00109,BLC-ac812da9c161,ARP-2023,2023-05-11,,unknown,,,,ARP_ODOO
BLM-60600de48277,TNP-00110,BLC-b8dae4f6e993,ARP-2023,2023-05-30,,unknown,,,,ARP_ODOO
BLM-50256f9abd85,TNP-00111,BLC-b8dae4f6e993,ARP-2023,2023-05-30,,unknown,,,,ARP_ODOO
BLM-f0e648df2ccd,TNP-00112,BLC-139983161a87,ARP-2023,2023-05-11,,unknown,,,,ARP_ODOO
BLM-09eb80e1ad7a,TNP-00113,BLC-2f472b0a03ed,ARP-2023,2023-05-11,,unknown,,,,ARP_ODOO
BLM-e80207072df3,TNP-00114,BLC-b8dae4f6e993,ARP-2023,2026-01-19,,unknown,,,,ARP_ODOO
BLM-a9c3592e45c7,TNP-00114,BLC-ae732a4efe54,ARP-2023,2023-05-11,2026-01-18,unknown,,,,ARP_ODOO
BLM-e7ba84e218c1,TNP-00115,BLC-f20b0575249e,ARP-2023,2023-05-11,,unknown,,,,ARP_ODOO
BLM-7c3afedc2cd9,TNP-00116,BLC-2f472b0a03ed,ARP-2023,2024-10-29,,unknown,,,,ARP_ODOO
BLM-b54454d1df13,TNP-00116,BLC-b8dae4f6e993,ARP-2023,2023-05-30,2024-10-28,unknown,,,,ARP_ODOO
BLM-8234cda7ec7c,TNP-00117,BLC-ae732a4efe54,ARP-2023,2023-05-11,,unknown,,,,ARP_ODOO
BLM-b2cc5f09e1b6,TNP-00118,BLC-ac812da9c161,ARP-2023,2025-12-16,,unknown,,,,ARP_ODOO
BLM-9e59c1e23344,TNP-00118,BLC-b8dae4f6e993,ARP-2023,2025-10-07,2025-12-15,unknown,,,,ARP_ODOO
BLM-c06679633b86,TNP-00119,BLC-06a0c0449bb5,ARP-2023,2023-05-11,,unknown,,,,ARP_ODOO
BLM-2ac7556d61af,TNP-00120,BLC-b8dae4f6e993,ARP-2023,2023-05-30,,unknown,,,,ARP_ODOO
BLM-d355aed11bc6,TNP-00121,BLC-b8dae4f6e993,ARP-2023,2024-07-30,,unknown,,,,ARP_ODOO
BLM-9296406370c6,TNP-00121,BLC-ac812da9c161,ARP-2023,2023-05-11,2024-07-29,bloc_vice_chair,,,,ARP_ODOO
BLM-760e5a64bc18,TNP-00122,BLC-139983161a87,ARP-2023,2023-05-11,,unknown,,,,ARP_ODOO
BLM-5cc72f3bb4ed,TNP-00123,BLC-139983161a87,ARP-2023,2023-07-21,,unknown,,,,ARP_ODOO
BLM-7a34219993a9,TNP-00123,BLC-b8dae4f6e993,ARP-2023,2023-05-30,2023-07-21,unknown,,,,ARP_ODOO
BLM-681eaba0ff79,TNP-00124,BLC-ac812da9c161,ARP-2023,2024-10-29,,bloc_vice_chair,,,,ARP_ODOO
BLM-959d304d171c,TNP-00124,BLC-ac812da9c161,ARP-2023,2023-05-11,2024-10-28,unknown,,,,ARP_ODOO
BLM-dae79aa1f708,TNP-00125,BLC-ae732a4efe54,ARP-2023,2023-05-11,,unknown,,,,ARP_ODOO
BLM-98a45794158e,TNP-00126,BLC-ac812da9c161,ARP-2023,2023-05-11,,unknown,,,,ARP_ODOO
BLM-5e41c837e335,TNP-00127,BLC-ac812da9c161,ARP-2023,2023-05-11,,unknown,,,,ARP_ODOO
BLM-b85a8654635d,TNP-00128,BLC-ac812da9c161,ARP-2023,2023-05-11,,unknown,,,,ARP_ODOO
BLM-a4b0eb7b924c,TNP-00129,BLC-f20b0575249e,ARP-2023,2023-05-11,,unknown,,,,ARP_ODOO
BLM-9b5299f2fd64,TNP-00130,BLC-b8dae4f6e993,ARP-2023,2024-10-29,,unknown,,,,ARP_ODOO
BLM-8bb7ee1a5ce3,TNP-00130,BLC-06a0c0449bb5,ARP-2023,2023-05-11,2024-10-28,unknown,,,,ARP_ODOO
BLM-c2fd3234c425,TNP-00131,BLC-f20b0575249e,ARP-2023,2023-05-11,,unknown,,,,ARP_ODOO
BLM-d2dbf55ee0b3,TNP-00132,BLC-b8dae4f6e993,ARP-2023,2023-05-30,,unknown,,,,ARP_ODOO
BLM-ff95c2342609,TNP-00133,BLC-2f472b0a03ed,ARP-2023,2026-02-12,,bloc_vice_chair,,,,ARP_ODOO
BLM-6408b11fc55d,TNP-00133,BLC-2f472b0a03ed,ARP-2023,2025-02-03,2026-02-11,unknown,,,,ARP_ODOO
BLM-6734e9b75481,TNP-00133,BLC-b8dae4f6e993,ARP-2023,2023-05-30,2025-02-03,unknown,,,,ARP_ODOO
BLM-470f74753532,TNP-00134,BLC-b8dae4f6e993,ARP-2023,2024-12-10,,unknown,,,,ARP_ODOO
BLM-56735d5b6138,TNP-00134,BLC-f20b0575249e,ARP-2023,2023-05-11,2024-12-09,unknown,,,,ARP_ODOO
BLM-1343a3a8eca8,TNP-00135,BLC-f20b0575249e,ARP-2023,2023-05-11,,unknown,,,,ARP_ODOO
BLM-7ba0f8af4bd8,TNP-00136,BLC-139983161a87,ARP-2023,2023-07-17,,bloc_vice_chair,,,,ARP_ODOO
BLM-aff172ef3369,TNP-00136,BLC-b8dae4f6e993,ARP-2023,2023-05-30,2023-07-17,unknown,,,,ARP_ODOO
BLM-ea4dad170307,TNP-00137,BLC-ac812da9c161,ARP-2023,2023-05-11,,unknown,,,,ARP_ODOO
BLM-2ccea8239cc7,TNP-00138,BLC-06a0c0449bb5,ARP-2023,2025-01-08,,unknown,,,,ARP_ODOO
BLM-d3c59bcb9fa5,TNP-00138,BLC-06a0c0449bb5,ARP-2023,2023-05-11,2025-01-07,bloc_vice_chair,,,,ARP_ODOO
BLM-b38c9fcd5e05,TNP-00139,BLC-b8dae4f6e993,ARP-2023,2023-05-30,,unknown,,,,ARP_ODOO
BLM-41bd7b017e94,TNP-00140,BLC-2f472b0a03ed,ARP-2023,2023-05-11,,unknown,,,,ARP_ODOO
BLM-091668a8de87,TNP-00141,BLC-06a0c0449bb5,ARP-2023,2023-05-11,,unknown,,,,ARP_ODOO
BLM-9b90bc36a3ba,TNP-00142,BLC-ac812da9c161,ARP-2023,2023-05-11,,bloc_chair,,,,ARP_ODOO
BLM-2b50874839d8,TNP-00143,BLC-139983161a87,ARP-2023,2023-05-11,,unknown,,,,ARP_ODOO
BLM-25db7f8a96f7,TNP-00144,BLC-2f472b0a03ed,ARP-2023,2023-05-11,,unknown,,,,ARP_ODOO
BLM-79a180de628a,TNP-00145,BLC-ac812da9c161,ARP-2023,2023-05-11,,unknown,,,,ARP_ODOO
BLM-68b62e6525a1,TNP-00146,BLC-2f472b0a03ed,ARP-2023,2023-05-11,,unknown,,,,ARP_ODOO
BLM-a1ecf8f09ae8,TNP-00147,BLC-b8dae4f6e993,ARP-2023,2024-02-28,,unknown,,,,ARP_ODOO
BLM-6dd7ae135d33,TNP-00147,BLC-06a0c0449bb5,ARP-2023,2023-05-11,2024-02-27,unknown,,,,ARP_ODOO
BLM-493f79bbd662,TNP-00148,BLC-06a0c0449bb5,ARP-2023,2023-05-11,,unknown,,,,ARP_ODOO
BLM-40f965ecc5f6,TNP-00149,BLC-2f472b0a03ed,ARP-2023,2024-10-29,,unknown,,,,ARP_ODOO
BLM-ac7b940cd928,TNP-00149,BLC-b8dae4f6e993,ARP-2023,2023-05-30,2024-10-28,unknown,,,,ARP_ODOO
BLM-169ba974490d,TNP-00150,BLC-f20b0575249e,ARP-2023,2023-05-11,,unknown,,,,ARP_ODOO
BLM-66b1b93e52a9,TNP-00151,BLC-ae732a4efe54,ARP-2023,2025-02-25,,unknown,,,,ARP_ODOO
BLM-3ceebd8def2f,TNP-00151,BLC-b8dae4f6e993,ARP-2023,2023-05-30,2025-02-24,unknown,,,,ARP_ODOO
BLM-5bad680d835a,TNP-00152,BLC-f20b0575249e,ARP-2023,2023-05-11,,unknown,,,,ARP_ODOO
BLM-51e047ca9bea,TNP-00153,BLC-139983161a87,ARP-2023,2023-05-11,,unknown,,,,ARP_ODOO
BLM-afd2c9fe5801,TNP-00154,BLC-b8dae4f6e993,ARP-2023,2023-05-30,,unknown,,,,ARP_ODOO
BLM-47f0f6bafa19,TNP-00155,BLC-b8dae4f6e993,ARP-2023,2023-05-30,,unknown,,,,ARP_ODOO
BLM-587f0e70e475,TNP-00156,BLC-0e7903100c2b,ARP-2019,2019-11-13,,unknown,,,,MARSAD_MAJLES
BLM-980e1db5732e,TNP-00157,BLC-96b9db640002,ARP-2019,2019-11-13,,unknown,,,,MARSAD_MAJLES
BLM-1595e729833e,TNP-00158,BLC-ed7ba04997c5,ARP-2019,2019-11-13,,unknown,,,,MARSAD_MAJLES
BLM-073b2f69020d,TNP-00159,BLC-0e7903100c2b,ARP-2019,2019-11-13,,unknown,,,,MARSAD_MAJLES
BLM-3c25bb18c4a5,TNP-00080,BLC-6814972dda22,ARP-2019,2019-11-13,,unknown,,,,MARSAD_MAJLES
BLM-ac513cd549fa,TNP-00160,BLC-30ebf47cb8e2,ARP-2019,2019-11-13,,unknown,,,,MARSAD_MAJLES
BLM-740038d787ef,TNP-00161,BLC-6814972dda22,ARP-2019,2019-11-13,,unknown,,,,MARSAD_MAJLES
BLM-6278ff06a3f1,TNP-00162,BLC-30ebf47cb8e2,ARP-2019,2019-11-13,,unknown,,,,MARSAD_MAJLES
BLM-178a4dc081b0,TNP-00163,BLC-761b155c0ff5,ARP-2019,2019-11-13,,unknown,,,,MARSAD_MAJLES
BLM-b8810bdafca0,TNP-00164,BLC-761b155c0ff5,ARP-2019,2019-11-13,,unknown,,,,MARSAD_MAJLES
BLM-a12d7466d4d2,TNP-00165,BLC-0e7903100c2b,ARP-2019,2019-11-13,,unknown,,,,MARSAD_MAJLES
BLM-c00a3e14d250,TNP-00166,BLC-ed7ba04997c5,ARP-2019,2019-11-13,,unknown,,,,MARSAD_MAJLES
BLM-eb51273dd210,TNP-00167,BLC-ed7ba04997c5,ARP-2019,2019-11-13,,unknown,,,,MARSAD_MAJLES
BLM-4b38594abdd5,TNP-00168,BLC-30ebf47cb8e2,ARP-2019,2019-11-13,,unknown,,,,MARSAD_MAJLES
BLM-9f6d9a5a1b7c,TNP-00169,BLC-6814972dda22,ARP-2019,2019-11-13,,unknown,,,,MARSAD_MAJLES
BLM-b3a8f3425cfc,TNP-00170,BLC-8b6a6f827cc8,ARP-2019,2019-11-13,,unknown,,,,MARSAD_MAJLES
BLM-d9daa28ce000,TNP-00171,BLC-30ebf47cb8e2,ARP-2019,2019-11-13,,unknown,,,,MARSAD_MAJLES
BLM-800da69dfe76,TNP-00172,BLC-6814972dda22,ARP-2019,2019-11-13,,unknown,,,,MARSAD_MAJLES
BLM-44ce3740429e,TNP-00173,BLC-96b9db640002,ARP-2019,2019-11-13,,unknown,,,,MARSAD_MAJLES
BLM-6a183434c7e4,TNP-00174,BLC-0e7903100c2b,ARP-2019,2019-11-13,,unknown,,,,MARSAD_MAJLES
BLM-89d01605957a,TNP-00175,BLC-ed7ba04997c5,ARP-2019,2019-11-13,,unknown,,,,MARSAD_MAJLES
BLM-682f6292bf14,TNP-00176,BLC-a7a13cef4e0d,ARP-2019,2020-01-01,,unknown,,,,MARSAD_MAJLES
BLM-8589f50fe967,TNP-00177,BLC-6814972dda22,ARP-2019,2019-11-13,,unknown,,,,MARSAD_MAJLES
BLM-12a5c32c0c8f,TNP-00178,BLC-0e7903100c2b,ARP-2019,2019-11-13,,unknown,,,,MARSAD_MAJLES
BLM-40297dfe31a8,TNP-00179,BLC-ed7ba04997c5,ARP-2019,2019-11-13,,unknown,,,,MARSAD_MAJLES
BLM-96854944ad37,TNP-00180,BLC-30ebf47cb8e2,ARP-2019,2019-11-13,,unknown,,,,MARSAD_MAJLES
BLM-f9097082e22b,TNP-00181,BLC-a7a13cef4e0d,ARP-2019,2020-01-01,,unknown,,,,MARSAD_MAJLES
BLM-ba1260f6c56c,TNP-00182,BLC-761b155c0ff5,ARP-2019,2019-11-13,,unknown,,,,MARSAD_MAJLES
BLM-4c05b2bdd190,TNP-00134,BLC-6814972dda22,ARP-2019,2019-11-13,,unknown,,,,MARSAD_MAJLES
BLM-56612217cdeb,TNP-00183,BLC-0e7903100c2b,ARP-2019,2019-11-13,,unknown,,,,MARSAD_MAJLES
BLM-1268df49431f,TNP-00184,BLC-0e7903100c2b,ARP-2019,2019-11-13,,unknown,,,,MARSAD_MAJLES
BLM-697a8150bc96,TNP-00185,BLC-0e7903100c2b,ARP-2019,2019-11-13,,unknown,,,,MARSAD_MAJLES
BLM-fa4244fd3a7b,TNP-00186,BLC-0e7903100c2b,ARP-2019,2019-11-13,,unknown,,,,MARSAD_MAJLES
BLM-c829be34b89f,TNP-00187,BLC-96b9db640002,ARP-2019,2019-11-13,,unknown,,,,MARSAD_MAJLES
BLM-60c25b20bb21,TNP-00188,BLC-96b9db640002,ARP-2019,2019-11-13,,unknown,,,,MARSAD_MAJLES
BLM-ea0704c83269,TNP-00189,BLC-0e7903100c2b,ARP-2019,2019-11-13,,unknown,,,,MARSAD_MAJLES
BLM-79b47b8caec3,TNP-00190,BLC-6814972dda22,ARP-2019,2019-11-13,,unknown,,,,MARSAD_MAJLES
BLM-1b7fe133452c,TNP-00191,BLC-0e7903100c2b,ARP-2019,2019-11-13,,unknown,,,,MARSAD_MAJLES
BLM-5b0a67685813,TNP-00192,BLC-ed7ba04997c5,ARP-2019,2019-11-13,,unknown,,,,MARSAD_MAJLES
BLM-1e91defe0f2b,TNP-00193,BLC-30ebf47cb8e2,ARP-2019,2019-11-13,,unknown,,,,MARSAD_MAJLES
BLM-ca1754dcfdce,TNP-00194,BLC-0e7903100c2b,ARP-2019,2019-11-13,,unknown,,,,MARSAD_MAJLES
BLM-384878a0d84c,TNP-00195,BLC-a7a13cef4e0d,ARP-2019,2020-01-01,,unknown,,,,MARSAD_MAJLES
BLM-690a17474498,TNP-00196,BLC-8b6a6f827cc8,ARP-2019,2019-11-13,,unknown,,,,MARSAD_MAJLES
BLM-686d3c3ade51,TNP-00197,BLC-96b9db640002,ARP-2019,2019-11-13,,unknown,,,,MARSAD_MAJLES
BLM-85bd5f6eab47,TNP-00198,BLC-6814972dda22,ARP-2019,2019-11-13,,unknown,,,,MARSAD_MAJLES
BLM-52ba245691b0,TNP-00199,BLC-0e7903100c2b,ARP-2019,2019-11-13,,unknown,,,,MARSAD_MAJLES
BLM-5d73e6dfc07a,TNP-00200,BLC-0e7903100c2b,ARP-2019,2019-11-13,,unknown,,,,MARSAD_MAJLES
BLM-a025d214ccec,TNP-00201,BLC-0e7903100c2b,ARP-2019,2019-11-13,,unknown,,,,MARSAD_MAJLES
BLM-b513e60f3ba8,TNP-00202,BLC-8b6a6f827cc8,ARP-2019,2019-11-13,,unknown,,,,MARSAD_MAJLES
BLM-658610fd57e1,TNP-00203,BLC-761b155c0ff5,ARP-2019,2019-11-13,,unknown,,,,MARSAD_MAJLES
BLM-970d3ba0e44e,TNP-00204,BLC-0e7903100c2b,ARP-2019,2019-11-13,,unknown,,,,MARSAD_MAJLES
BLM-d72d33cacf3e,TNP-00205,BLC-96b9db640002,ARP-2019,2019-11-13,,unknown,,,,MARSAD_MAJLES
BLM-1f82f491aa98,TNP-00206,BLC-96b9db640002,ARP-2019,2019-11-13,,unknown,,,,MARSAD_MAJLES
BLM-d77cfd6e3012,TNP-00207,BLC-ed7ba04997c5,ARP-2019,2019-11-13,,unknown,,,,MARSAD_MAJLES
BLM-7f494bab388e,TNP-00208,BLC-8b6a6f827cc8,ARP-2019,2019-11-13,,unknown,,,,MARSAD_MAJLES
BLM-9f0d52959655,TNP-00209,BLC-30ebf47cb8e2,ARP-2019,2019-11-13,,unknown,,,,MARSAD_MAJLES
BLM-32250ac795b8,TNP-00210,BLC-ed7ba04997c5,ARP-2019,2019-11-13,,unknown,,,,MARSAD_MAJLES
BLM-22cb3a579bc5,TNP-00211,BLC-96b9db640002,ARP-2019,2019-11-13,,unknown,,,,MARSAD_MAJLES
BLM-31d8cee72aea,TNP-00212,BLC-8b6a6f827cc8,ARP-2019,2019-11-13,,unknown,,,,MARSAD_MAJLES
BLM-5b9d053edd0f,TNP-00213,BLC-6814972dda22,ARP-2019,2019-11-13,,unknown,,,,MARSAD_MAJLES
BLM-ceb3576474d7,TNP-00214,BLC-6814972dda22,ARP-2019,2019-11-13,,unknown,,,,MARSAD_MAJLES
BLM-91429334b4e7,TNP-00215,BLC-8b6a6f827cc8,ARP-2019,2019-11-13,,unknown,,,,MARSAD_MAJLES
BLM-1364abbcf921,TNP-00216,BLC-761b155c0ff5,ARP-2019,2019-11-13,,unknown,,,,MARSAD_MAJLES
BLM-df7b28ec157a,TNP-00217,BLC-0e7903100c2b,ARP-2019,2019-11-13,,unknown,,,,MARSAD_MAJLES
BLM-555aa74088c3,TNP-00218,BLC-6814972dda22,ARP-2019,2019-11-13,,unknown,,,,MARSAD_MAJLES
BLM-966f315b4f25,TNP-00219,BLC-8b6a6f827cc8,ARP-2019,2019-11-13,,unknown,,,,MARSAD_MAJLES
BLM-2f7cf0bd7959,TNP-00220,BLC-4cf185ae72a6,ARP-2019,2019-11-13,,unknown,,,,MARSAD_MAJLES
BLM-29de299881ae,TNP-00221,BLC-0e7903100c2b,ARP-2019,2019-11-13,,unknown,,,,MARSAD_MAJLES
BLM-87d3a8dd7d85,TNP-00222,BLC-96b9db640002,ARP-2019,2019-11-13,,unknown,,,,MARSAD_MAJLES
BLM-454e6e76a5f9,TNP-00223,BLC-6814972dda22,ARP-2019,2019-11-13,,unknown,,,,MARSAD_MAJLES
BLM-c86ca8ea20a6,TNP-00224,BLC-4cf185ae72a6,ARP-2019,2019-11-13,,unknown,,,,MARSAD_MAJLES
BLM-dccb91fe5e40,TNP-00225,BLC-6814972dda22,ARP-2019,2019-11-13,,unknown,,,,MARSAD_MAJLES
BLM-ca27ca6cb76b,TNP-00226,BLC-4cf185ae72a6,ARP-2019,2019-11-13,,unknown,,,,MARSAD_MAJLES
BLM-9ae3a8bfd342,TNP-00227,BLC-96b9db640002,ARP-2019,2019-11-13,,unknown,,,,MARSAD_MAJLES
BLM-b90288cf6530,TNP-00228,BLC-0e7903100c2b,ARP-2019,2019-11-13,,unknown,,,,MARSAD_MAJLES
BLM-d6320a476b05,TNP-00065,BLC-a7a13cef4e0d,ARP-2019,2020-01-01,,unknown,,,,MARSAD_MAJLES
BLM-10508a7fd5a2,TNP-00229,BLC-761b155c0ff5,ARP-2019,2019-11-13,,unknown,,,,MARSAD_MAJLES
BLM-37a34fc2f171,TNP-00230,BLC-761b155c0ff5,ARP-2019,2019-11-13,,unknown,,,,MARSAD_MAJLES
BLM-9c929149c2ef,TNP-00231,BLC-30ebf47cb8e2,ARP-2019,2019-11-13,,unknown,,,,MARSAD_MAJLES
BLM-b50c664da0ee,TNP-00232,BLC-761b155c0ff5,ARP-2019,2019-11-13,,unknown,,,,MARSAD_MAJLES
BLM-12234f79dc91,TNP-00233,BLC-8b6a6f827cc8,ARP-2019,2019-11-13,,unknown,,,,MARSAD_MAJLES
BLM-0d17d583ca13,TNP-00234,BLC-761b155c0ff5,ARP-2019,2019-11-13,,unknown,,,,MARSAD_MAJLES
BLM-1e4ac9da9a92,TNP-00235,BLC-0e7903100c2b,ARP-2019,2019-11-13,,unknown,,,,MARSAD_MAJLES
BLM-08842248877d,TNP-00236,BLC-0e7903100c2b,ARP-2019,2019-11-13,,unknown,,,,MARSAD_MAJLES
BLM-0bac16419b33,TNP-00237,BLC-96b9db640002,ARP-2019,2019-11-13,,unknown,,,,MARSAD_MAJLES
BLM-90981b342127,TNP-00238,BLC-96b9db640002,ARP-2019,2019-11-13,,unknown,,,,MARSAD_MAJLES
BLM-2f9617de064f,TNP-00239,BLC-a7a13cef4e0d,ARP-2019,2020-01-01,,unknown,,,,MARSAD_MAJLES
BLM-5c84297433b6,TNP-00240,BLC-6814972dda22,ARP-2019,2019-11-13,,unknown,,,,MARSAD_MAJLES
BLM-338c5aacc1ca,TNP-00241,BLC-0e7903100c2b,ARP-2019,2019-11-13,,unknown,,,,MARSAD_MAJLES
BLM-4df6bff69072,TNP-00242,BLC-6814972dda22,ARP-2019,2019-11-13,,unknown,,,,MARSAD_MAJLES
BLM-c362c44271ef,TNP-00243,BLC-761b155c0ff5,ARP-2019,2019-11-13,,unknown,,,,MARSAD_MAJLES
BLM-39061b06c31c,TNP-00244,BLC-8b6a6f827cc8,ARP-2019,2019-11-13,,unknown,,,,MARSAD_MAJLES
BLM-02ec9f7350c6,TNP-00245,BLC-761b155c0ff5,ARP-2019,2019-11-13,,unknown,,,,MARSAD_MAJLES
BLM-606a0ceb8528,TNP-00246,BLC-6814972dda22,ARP-2019,2019-11-13,,unknown,,,,MARSAD_MAJLES
BLM-1dc3939e50e6,TNP-00247,BLC-0e7903100c2b,ARP-2019,2019-11-13,,unknown,,,,MARSAD_MAJLES
BLM-ac3708e9e55a,TNP-00248,BLC-6814972dda22,ARP-2019,2019-11-13,,unknown,,,,MARSAD_MAJLES
BLM-3b47cb489532,TNP-00249,BLC-6814972dda22,ARP-2019,2019-11-13,,unknown,,,,MARSAD_MAJLES
BLM-9bc1c79c5058,TNP-00250,BLC-8b6a6f827cc8,ARP-2019,2019-11-13,,unknown,,,,MARSAD_MAJLES
BLM-08703691a1da,TNP-00251,BLC-4cf185ae72a6,ARP-2019,2019-11-13,,unknown,,,,MARSAD_MAJLES
BLM-17a94d607fe0,TNP-00252,BLC-6814972dda22,ARP-2019,2019-11-13,,unknown,,,,MARSAD_MAJLES
BLM-2f1d617b0081,TNP-00253,BLC-a7a13cef4e0d,ARP-2019,2020-01-01,,unknown,,,,MARSAD_MAJLES
BLM-f14fc6a157c5,TNP-00254,BLC-0e7903100c2b,ARP-2019,2019-11-13,,unknown,,,,MARSAD_MAJLES
BLM-753e009f8de1,TNP-00255,BLC-0e7903100c2b,ARP-2019,2019-11-13,,unknown,,,,MARSAD_MAJLES
BLM-5943e342fe93,TNP-00256,BLC-ed7ba04997c5,ARP-2019,2019-11-13,,unknown,,,,MARSAD_MAJLES
BLM-8858579b2235,TNP-00257,BLC-30ebf47cb8e2,ARP-2019,2019-11-13,,unknown,,,,MARSAD_MAJLES
BLM-fe6bec06cac5,TNP-00258,BLC-6814972dda22,ARP-2019,2019-11-13,,unknown,,,,MARSAD_MAJLES
BLM-c4eee0f172f1,TNP-00259,BLC-0e7903100c2b,ARP-2019,2019-11-13,,unknown,,,,MARSAD_MAJLES
BLM-4309c9b4c2cc,TNP-00260,BLC-761b155c0ff5,ARP-2019,2019-11-13,,unknown,,,,MARSAD_MAJLES
BLM-18049cd1c022,TNP-00261,BLC-96b9db640002,ARP-2019,2019-11-13,,unknown,,,,MARSAD_MAJLES
BLM-b037195c02d9,TNP-00262,BLC-4cf185ae72a6,ARP-2019,2019-11-13,,unknown,,,,MARSAD_MAJLES
BLM-15e7cde3101b,TNP-00263,BLC-0e7903100c2b,ARP-2019,2019-11-13,,unknown,,,,MARSAD_MAJLES
BLM-1deb077595c1,TNP-00264,BLC-4cf185ae72a6,ARP-2019,2019-11-13,,unknown,,,,MARSAD_MAJLES
BLM-2b6e4a6c94a9,TNP-00265,BLC-761b155c0ff5,ARP-2019,2019-11-13,,unknown,,,,MARSAD_MAJLES
BLM-a5cb0058c650,TNP-00266,BLC-761b155c0ff5,ARP-2019,2019-11-13,,unknown,,,,MARSAD_MAJLES
BLM-1870477faf86,TNP-00267,BLC-0e7903100c2b,ARP-2019,2019-11-13,,unknown,,,,MARSAD_MAJLES
BLM-97d8a07faadc,TNP-00268,BLC-ed7ba04997c5,ARP-2019,2019-11-13,,unknown,,,,MARSAD_MAJLES
BLM-a49d5555c2d9,TNP-00269,BLC-96b9db640002,ARP-2019,2019-11-13,,unknown,,,,MARSAD_MAJLES
BLM-a9f62c45f094,TNP-00270,BLC-6814972dda22,ARP-2019,2019-11-13,,unknown,,,,MARSAD_MAJLES
BLM-13e8ff9afda4,TNP-00271,BLC-6814972dda22,ARP-2019,2019-11-13,,unknown,,,,MARSAD_MAJLES
BLM-f978db464a61,TNP-00272,BLC-6814972dda22,ARP-2019,2019-11-13,,unknown,,,,MARSAD_MAJLES
BLM-839d1822d18d,TNP-00273,BLC-ed7ba04997c5,ARP-2019,2019-11-13,,unknown,,,,MARSAD_MAJLES
BLM-ce79569a1f6f,TNP-00274,BLC-0e7903100c2b,ARP-2019,2019-11-13,,unknown,,,,MARSAD_MAJLES
BLM-ff91359eb3f0,TNP-00275,BLC-96b9db640002,ARP-2019,2019-11-13,,unknown,,,,MARSAD_MAJLES
BLM-585d98e04725,TNP-00276,BLC-4cf185ae72a6,ARP-2019,2019-11-13,,unknown,,,,MARSAD_MAJLES
BLM-c9dd3691e3e3,TNP-00277,BLC-30ebf47cb8e2,ARP-2019,2019-11-13,,unknown,,,,MARSAD_MAJLES
BLM-3d8a9c1b625c,TNP-00278,BLC-0e7903100c2b,ARP-2019,2019-11-13,,unknown,,,,MARSAD_MAJLES
BLM-2288e129c2e5,TNP-00279,BLC-761b155c0ff5,ARP-2019,2019-11-13,,unknown,,,,MARSAD_MAJLES
BLM-c7f950ae95e8,TNP-00280,BLC-ed7ba04997c5,ARP-2019,2019-11-13,,unknown,,,,MARSAD_MAJLES
BLM-3b0f3dad5f1b,TNP-00281,BLC-8b6a6f827cc8,ARP-2019,2019-11-13,,unknown,,,,MARSAD_MAJLES
BLM-c436420f2f60,TNP-00282,BLC-96b9db640002,ARP-2019,2019-11-13,,unknown,,,,MARSAD_MAJLES
BLM-f7aa090fb47f,TNP-00283,BLC-96b9db640002,ARP-2019,2019-11-13,,unknown,,,,MARSAD_MAJLES
BLM-094778861f8f,TNP-00284,BLC-96b9db640002,ARP-2019,2019-11-13,,unknown,,,,MARSAD_MAJLES
BLM-23adb7c75b13,TNP-00285,BLC-0e7903100c2b,ARP-2019,2019-11-13,,unknown,,,,MARSAD_MAJLES
BLM-78a3ef036646,TNP-00286,BLC-6814972dda22,ARP-2019,2019-11-13,,unknown,,,,MARSAD_MAJLES
BLM-b7bca350fa4f,TNP-00287,BLC-0e7903100c2b,ARP-2019,2019-11-13,,unknown,,,,MARSAD_MAJLES
BLM-ccb841447082,TNP-00288,BLC-ed7ba04997c5,ARP-2019,2019-11-13,,unknown,,,,MARSAD_MAJLES
BLM-7b4d36b92511,TNP-00289,BLC-761b155c0ff5,ARP-2019,2019-11-13,,unknown,,,,MARSAD_MAJLES
BLM-443ce833eade,TNP-00290,BLC-0e7903100c2b,ARP-2019,2019-11-13,,unknown,,,,MARSAD_MAJLES
BLM-a0dc6371acef,TNP-00291,BLC-761b155c0ff5,ARP-2019,2019-11-13,,unknown,,,,MARSAD_MAJLES
BLM-69ae6ee63f24,TNP-00292,BLC-96b9db640002,ARP-2019,2019-11-13,,unknown,,,,MARSAD_MAJLES
BLM-9847c843b083,TNP-00293,BLC-6814972dda22,ARP-2019,2019-11-13,,unknown,,,,MARSAD_MAJLES
BLM-904dd221b37e,TNP-00294,BLC-0e7903100c2b,ARP-2019,2019-11-13,,unknown,,,,MARSAD_MAJLES
BLM-49752f9f6304,TNP-00295,BLC-4cf185ae72a6,ARP-2019,2019-11-13,,unknown,,,,MARSAD_MAJLES
BLM-4d803b38328f,TNP-00296,BLC-30ebf47cb8e2,ARP-2019,2019-11-13,,unknown,,,,MARSAD_MAJLES
BLM-9ac9758d9550,TNP-00297,BLC-6814972dda22,ARP-2019,2019-11-13,,unknown,,,,MARSAD_MAJLES
BLM-1ea202995e47,TNP-00298,BLC-96b9db640002,ARP-2019,2019-11-13,,unknown,,,,MARSAD_MAJLES
BLM-9a76886d53c7,TNP-00299,BLC-0e7903100c2b,ARP-2019,2019-11-13,,unknown,,,,MARSAD_MAJLES
BLM-e7e6a55fb5d5,TNP-00300,BLC-30ebf47cb8e2,ARP-2019,2019-11-13,,unknown,,,,MARSAD_MAJLES
BLM-d563974d1a4e,TNP-00301,BLC-0e7903100c2b,ARP-2019,2019-11-13,,unknown,,,,MARSAD_MAJLES
BLM-e6e60f1a8660,TNP-00302,BLC-6814972dda22,ARP-2019,2019-11-13,,unknown,,,,MARSAD_MAJLES
BLM-4d4740f55022,TNP-00303,BLC-8b6a6f827cc8,ARP-2019,2019-11-13,,unknown,,,,MARSAD_MAJLES
BLM-7930c0842867,TNP-00304,BLC-ed7ba04997c5,ARP-2019,2019-11-13,,unknown,,,,MARSAD_MAJLES
BLM-160eb42995d5,TNP-00305,BLC-6814972dda22,ARP-2019,2019-11-13,,unknown,,,,MARSAD_MAJLES
BLM-fb503586c845,TNP-00306,BLC-96b9db640002,ARP-2019,2019-11-13,,unknown,,,,MARSAD_MAJLES
BLM-a78d2b875e11,TNP-00307,BLC-8b6a6f827cc8,ARP-2019,2019-11-13,,unknown,,,,MARSAD_MAJLES
BLM-7069f5af89fe,TNP-00308,BLC-0e7903100c2b,ARP-2019,2019-11-13,,unknown,,,,MARSAD_MAJLES
BLM-b39f95036594,TNP-00309,BLC-0e7903100c2b,ARP-2019,2019-11-13,,unknown,,,,MARSAD_MAJLES
BLM-48526e1efb60,TNP-00310,BLC-0e7903100c2b,ARP-2019,2019-11-13,,unknown,,,,MARSAD_MAJLES
BLM-c8d299d7e3f4,TNP-00311,BLC-8b6a6f827cc8,ARP-2019,2019-11-13,,unknown,,,,MARSAD_MAJLES
BLM-381598ba01c8,TNP-00312,BLC-ed7ba04997c5,ARP-2019,2019-11-13,,unknown,,,,MARSAD_MAJLES
BLM-58e295736d7a,TNP-00313,BLC-96b9db640002,ARP-2019,2019-11-13,,unknown,,,,MARSAD_MAJLES
BLM-8b34fd832b97,TNP-00314,BLC-0e7903100c2b,ARP-2019,2019-11-13,,unknown,,,,MARSAD_MAJLES
BLM-0ddf8fbfffd2,TNP-00315,BLC-0e7903100c2b,ARP-2019,2019-11-13,,unknown,,,,MARSAD_MAJLES
BLM-b4eb802eacfe,TNP-00316,BLC-0e7903100c2b,ARP-2019,2019-11-13,,unknown,,,,MARSAD_MAJLES
BLM-ed4f43724292,TNP-00317,BLC-761b155c0ff5,ARP-2019,2019-11-13,,unknown,,,,MARSAD_MAJLES
BLM-d6055ddf7ce6,TNP-00318,BLC-96b9db640002,ARP-2019,2019-11-13,,unknown,,,,MARSAD_MAJLES
BLM-d3b6224ed7f7,TNP-00319,BLC-a7a13cef4e0d,ARP-2019,2020-01-01,,unknown,,,,MARSAD_MAJLES
BLM-db038015c3ae,TNP-00115,BLC-6814972dda22,ARP-2019,2019-11-13,,unknown,,,,MARSAD_MAJLES
BLM-e4f329a5f496,TNP-00320,BLC-761b155c0ff5,ARP-2019,2019-11-13,,unknown,,,,MARSAD_MAJLES
BLM-a4d24648370a,TNP-00321,BLC-6814972dda22,ARP-2019,2019-11-13,,unknown,,,,MARSAD_MAJLES
BLM-765044be863f,TNP-00322,BLC-a7a13cef4e0d,ARP-2019,2020-01-01,,unknown,,,,MARSAD_MAJLES
BLM-8e37ab5d27dd,TNP-00323,BLC-761b155c0ff5,ARP-2019,2019-11-13,,unknown,,,,MARSAD_MAJLES
BLM-5176e2e02ecc,TNP-00324,BLC-0e7903100c2b,ARP-2019,2019-11-13,,unknown,,,,MARSAD_MAJLES
BLM-3b0c9bce7512,TNP-00325,BLC-761b155c0ff5,ARP-2019,2019-11-13,,unknown,,,,MARSAD_MAJLES
BLM-65e84d26ba3d,TNP-00326,BLC-761b155c0ff5,ARP-2019,2019-11-13,,unknown,,,,MARSAD_MAJLES
BLM-538e5f3bafa1,TNP-00327,BLC-6814972dda22,ARP-2019,2019-11-13,,unknown,,,,MARSAD_MAJLES
BLM-5c18d1c94cce,TNP-00328,BLC-6814972dda22,ARP-2019,2019-11-13,,unknown,,,,MARSAD_MAJLES
BLM-fd274b792bb4,TNP-00329,BLC-6814972dda22,ARP-2019,2019-11-13,,unknown,,,,MARSAD_MAJLES
BLM-2e7bea168dbe,TNP-00330,BLC-761b155c0ff5,ARP-2019,2019-11-13,,unknown,,,,MARSAD_MAJLES
BLM-9c6ccd29ba08,TNP-00331,BLC-96b9db640002,ARP-2019,2019-11-13,,unknown,,,,MARSAD_MAJLES
BLM-75fd7c1fbeb3,TNP-00105,BLC-8b6a6f827cc8,ARP-2019,2019-11-13,,unknown,,,,MARSAD_MAJLES
BLM-ceb0777ae161,TNP-00332,BLC-6814972dda22,ARP-2019,2019-11-13,,unknown,,,,MARSAD_MAJLES
BLM-4d117a90577b,TNP-00333,BLC-0e7903100c2b,ARP-2019,2019-11-13,,unknown,,,,MARSAD_MAJLES
BLM-9837fd17ac77,TNP-00334,BLC-a7a13cef4e0d,ARP-2019,2020-01-01,,unknown,,,,MARSAD_MAJLES
BLM-094f66b84209,TNP-00335,BLC-96b9db640002,ARP-2019,2019-11-13,,unknown,,,,MARSAD_MAJLES
BLM-641fc5a4a9a4,TNP-00336,BLC-0e7903100c2b,ARP-2019,2019-11-13,,unknown,,,,MARSAD_MAJLES
BLM-f0525d034df8,TNP-00337,BLC-30ebf47cb8e2,ARP-2019,2019-11-13,,unknown,,,,MARSAD_MAJLES
BLM-e33fb45b2193,TNP-00338,BLC-0e7903100c2b,ARP-2019,2019-11-13,,unknown,,,,MARSAD_MAJLES
BLM-9cffeef0d6de,TNP-00339,BLC-0e7903100c2b,ARP-2019,2019-11-13,,unknown,,,,MARSAD_MAJLES
BLM-9c7d59e71616,TNP-00340,BLC-0e7903100c2b,ARP-2019,2019-11-13,,unknown,,,,MARSAD_MAJLES
BLM-cf9dd4386a78,TNP-00341,BLC-96b9db640002,ARP-2019,2019-11-13,,unknown,,,,MARSAD_MAJLES
BLM-bbdc4a56778c,TNP-00342,BLC-ed7ba04997c5,ARP-2019,2019-11-13,,unknown,,,,MARSAD_MAJLES
BLM-c3f9455f965b,TNP-00343,BLC-96b9db640002,ARP-2019,2019-11-13,,unknown,,,,MARSAD_MAJLES
BLM-65cc168ae00e,TNP-00344,BLC-6814972dda22,ARP-2019,2019-11-13,,unknown,,,,MARSAD_MAJLES
BLM-23409269b148,TNP-00345,BLC-96b9db640002,ARP-2019,2019-11-13,,unknown,,,,MARSAD_MAJLES
BLM-660a40b7a31f,TNP-00346,BLC-4cf185ae72a6,ARP-2019,2019-11-13,,unknown,,,,MARSAD_MAJLES
BLM-67d119af7489,TNP-00347,BLC-8b6a6f827cc8,ARP-2019,2019-11-13,,unknown,,,,MARSAD_MAJLES
BLM-a7a8d22a03b1,TNP-00348,BLC-761b155c0ff5,ARP-2019,2019-11-13,,unknown,,,,MARSAD_MAJLES
BLM-5f720df7ddb4,TNP-00349,BLC-8b6a6f827cc8,ARP-2019,2019-11-13,,unknown,,,,MARSAD_MAJLES
BLM-ef14f536785c,TNP-00350,BLC-8b6a6f827cc8,ARP-2019,2019-11-13,,unknown,,,,MARSAD_MAJLES
BLM-3c521dd71e6f,TNP-00351,BLC-0e7903100c2b,ARP-2019,2019-11-13,,unknown,,,,MARSAD_MAJLES
BLM-4f15858e0d56,TNP-00352,BLC-30ebf47cb8e2,ARP-2019,2019-11-13,,unknown,,,,MARSAD_MAJLES
BLM-7df661326b19,TNP-00353,BLC-0e7903100c2b,ARP-2019,2019-11-13,,unknown,,,,MARSAD_MAJLES
BLM-e7cb0c083149,TNP-00354,BLC-0e7903100c2b,ARP-2019,2019-11-13,,unknown,,,,MARSAD_MAJLES
BLM-4d187a34add5,TNP-00355,BLC-4cf185ae72a6,ARP-2019,2019-11-13,,unknown,,,,MARSAD_MAJLES
BLM-cca7d9c9332d,TNP-00356,BLC-30ebf47cb8e2,ARP-2019,2019-11-13,,unknown,,,,MARSAD_MAJLES
BLM-0274aab143e7,TNP-00357,BLC-0e7903100c2b,ARP-2019,2019-11-13,,unknown,,,,MARSAD_MAJLES
BLM-f575bceffddb,TNP-00358,BLC-761b155c0ff5,ARP-2019,2019-11-13,,unknown,,,,MARSAD_MAJLES
BLM-7d90f93fa4b3,TNP-00359,BLC-ed7ba04997c5,ARP-2019,2019-11-13,,unknown,,,,MARSAD_MAJLES
BLM-6c3576664dc3,TNP-00360,BLC-30ebf47cb8e2,ARP-2019,2019-11-13,,unknown,,,,MARSAD_MAJLES
BLM-e0c9aac1ef0f,TNP-00361,BLC-0e7903100c2b,ARP-2019,2019-11-13,,unknown,,,,MARSAD_MAJLES
BLM-3479527722d7,TNP-00362,BLC-6814972dda22,ARP-2019,2019-11-13,,unknown,,,,MARSAD_MAJLES
BLM-9b99b76c941f,TNP-00363,BLC-ed7ba04997c5,ARP-2019,2019-11-13,,unknown,,,,MARSAD_MAJLES
BLM-fdf80ae89e09,TNP-00364,BLC-761b155c0ff5,ARP-2019,2019-11-13,,unknown,,,,MARSAD_MAJLES
BLM-d07d89d96dcc,TNP-00365,BLC-6814972dda22,ARP-2019,2019-11-13,,unknown,,,,MARSAD_MAJLES
BLM-b4837e1dc250,TNP-00366,BLC-761b155c0ff5,ARP-2019,2019-11-13,,unknown,,,,MARSAD_MAJLES
BLM-581420c68776,TNP-00367,BLC-f60fc63efcb3,NCA-2011,2011-11-22,2014-12-01,unknown,,,,MARSAD_ANC
BLM-1c06453da330,TNP-00368,BLC-d21009ea1fa4,NCA-2011,2011-11-22,2014-12-01,unknown,,,,MARSAD_ANC
BLM-453c8e814dc3,TNP-00369,BLC-6b8bfb9b4293,NCA-2011,2011-11-22,2014-12-01,unknown,,,,MARSAD_ANC
BLM-0ba21b3512da,TNP-00370,BLC-d21009ea1fa4,NCA-2011,2011-11-22,2014-12-01,unknown,,,,MARSAD_ANC
BLM-b341ab32e129,TNP-00371,BLC-6b8bfb9b4293,NCA-2011,2011-11-22,2014-12-01,unknown,,,,MARSAD_ANC
BLM-248d4f567900,TNP-00372,BLC-17fd84dbafa7,NCA-2011,2011-11-22,2014-12-01,unknown,,,,MARSAD_ANC
BLM-018c04d4e2cd,TNP-00373,BLC-d21009ea1fa4,NCA-2011,2011-11-22,2014-12-01,unknown,,,,MARSAD_ANC
BLM-d122da327d80,TNP-00374,BLC-f60fc63efcb3,NCA-2011,2011-11-22,2014-12-01,unknown,,,,MARSAD_ANC
BLM-fc985eeea5a5,TNP-00375,BLC-6b8bfb9b4293,NCA-2011,2011-11-22,2014-12-01,unknown,,,,MARSAD_ANC
BLM-e7ef35375419,TNP-00376,BLC-d21009ea1fa4,NCA-2011,2011-11-22,2014-12-01,unknown,,,,MARSAD_ANC
BLM-b3f3e8205e1b,TNP-00377,BLC-6b8bfb9b4293,NCA-2011,2011-11-22,2014-12-01,unknown,,,,MARSAD_ANC
BLM-1b799d806eca,TNP-00378,BLC-585aa8882397,NCA-2011,2011-11-22,2014-12-01,unknown,,,,MARSAD_ANC
BLM-8b4d65067a53,TNP-00379,BLC-585aa8882397,NCA-2011,2011-11-22,2014-12-01,unknown,,,,MARSAD_ANC
BLM-579cc3f250da,TNP-00380,BLC-6b8bfb9b4293,NCA-2011,2011-11-22,2014-12-01,unknown,,,,MARSAD_ANC
BLM-0741d541982c,TNP-00238,BLC-d21009ea1fa4,NCA-2011,2011-11-22,2014-12-01,unknown,,,,MARSAD_ANC
BLM-6a4b14883aaf,TNP-00381,BLC-6b8bfb9b4293,NCA-2011,2011-11-22,2014-12-01,unknown,,,,MARSAD_ANC
BLM-3ae4cdaf7384,TNP-00382,BLC-6b8bfb9b4293,NCA-2011,2011-11-22,2014-12-01,unknown,,,,MARSAD_ANC
BLM-d1dfd55f3b2e,TNP-00383,BLC-8c5cd0596051,NCA-2011,2011-11-22,2014-12-01,unknown,,,,MARSAD_ANC
BLM-bfa3f45359df,TNP-00384,BLC-6b8bfb9b4293,NCA-2011,2011-11-22,2014-12-01,unknown,,,,MARSAD_ANC
BLM-561122a1a838,TNP-00385,BLC-6b8bfb9b4293,NCA-2011,2011-11-22,2014-12-01,unknown,,,,MARSAD_ANC
BLM-7e23354f0af3,TNP-00324,BLC-6b8bfb9b4293,NCA-2011,2011-11-22,2014-12-01,unknown,,,,MARSAD_ANC
BLM-2ce159191b9d,TNP-00386,BLC-d21009ea1fa4,NCA-2011,2011-11-22,2014-12-01,unknown,,,,MARSAD_ANC
BLM-100e9b546556,TNP-00387,BLC-87c002c3118f,NCA-2011,2011-11-22,2014-12-01,unknown,,,,MARSAD_ANC
BLM-d884452704a5,TNP-00388,BLC-6b8bfb9b4293,NCA-2011,2011-11-22,2014-12-01,unknown,,,,MARSAD_ANC
BLM-eedc8a9c5e33,TNP-00267,BLC-6b8bfb9b4293,NCA-2011,2011-11-22,2014-12-01,unknown,,,,MARSAD_ANC
BLM-4ecc17ae5b78,TNP-00389,BLC-8c5cd0596051,NCA-2011,2011-11-22,2014-12-01,unknown,,,,MARSAD_ANC
BLM-77e60cca0779,TNP-00264,BLC-56ac03f7fe82,NCA-2011,2011-11-22,2014-12-01,unknown,,,,MARSAD_ANC
BLM-810f0d0522e3,TNP-00390,BLC-87c002c3118f,NCA-2011,2011-11-22,2014-12-01,unknown,,,,MARSAD_ANC
BLM-bded345909eb,TNP-00391,BLC-d21009ea1fa4,NCA-2011,2011-11-22,2014-12-01,unknown,,,,MARSAD_ANC
BLM-4418b3fe4ccb,TNP-00392,BLC-6b8bfb9b4293,NCA-2011,2011-11-22,2014-12-01,unknown,,,,MARSAD_ANC
BLM-9b72318e86a0,TNP-00393,BLC-6b8bfb9b4293,NCA-2011,2011-11-22,2014-12-01,unknown,,,,MARSAD_ANC
BLM-284e3c34fee1,TNP-00394,BLC-d21009ea1fa4,NCA-2011,2011-11-22,2014-12-01,unknown,,,,MARSAD_ANC
BLM-09f56cf2e4fe,TNP-00395,BLC-6b8bfb9b4293,NCA-2011,2011-11-22,2014-12-01,unknown,,,,MARSAD_ANC
BLM-454524706034,TNP-00396,BLC-6b8bfb9b4293,NCA-2011,2011-11-22,2014-12-01,unknown,,,,MARSAD_ANC
BLM-a5d218bd32a2,TNP-00397,BLC-6b8bfb9b4293,NCA-2011,2011-11-22,2014-12-01,unknown,,,,MARSAD_ANC
BLM-d1fe1683930f,TNP-00398,BLC-d21009ea1fa4,NCA-2011,2011-11-22,2014-12-01,unknown,,,,MARSAD_ANC
BLM-9f7916fa1a11,TNP-00141,BLC-8c5cd0596051,NCA-2011,2011-11-22,2014-12-01,unknown,,,,MARSAD_ANC
BLM-f8e6e6dfab56,TNP-00399,BLC-d21009ea1fa4,NCA-2011,2011-11-22,2014-12-01,unknown,,,,MARSAD_ANC
BLM-a869156910ae,TNP-00400,BLC-6b8bfb9b4293,NCA-2011,2011-11-22,2014-12-01,unknown,,,,MARSAD_ANC
BLM-32501fdb2259,TNP-00401,BLC-d21009ea1fa4,NCA-2011,2011-11-22,2014-12-01,unknown,,,,MARSAD_ANC
BLM-f587518726f7,TNP-00402,BLC-6b8bfb9b4293,NCA-2011,2011-11-22,2014-12-01,unknown,,,,MARSAD_ANC
BLM-589ab7a53872,TNP-00403,BLC-6b8bfb9b4293,NCA-2011,2011-11-22,2014-12-01,unknown,,,,MARSAD_ANC
BLM-00e3d7a71c05,TNP-00404,BLC-6b8bfb9b4293,NCA-2011,2011-11-22,2014-12-01,unknown,,,,MARSAD_ANC
BLM-bcc79a0b645c,TNP-00405,BLC-6b8bfb9b4293,NCA-2011,2011-11-22,2014-12-01,unknown,,,,MARSAD_ANC
BLM-5be55dc9ffa4,TNP-00406,BLC-8c5cd0596051,NCA-2011,2011-11-22,2014-12-01,unknown,,,,MARSAD_ANC
BLM-5cb47153a33a,TNP-00407,BLC-87c002c3118f,NCA-2011,2011-11-22,2014-12-01,unknown,,,,MARSAD_ANC
BLM-21afdcee267b,TNP-00408,BLC-56ac03f7fe82,NCA-2011,2011-11-22,2014-12-01,unknown,,,,MARSAD_ANC
BLM-b660164a5521,TNP-00409,BLC-87c002c3118f,NCA-2011,2011-11-22,2014-12-01,unknown,,,,MARSAD_ANC
BLM-6077871b0628,TNP-00410,BLC-6b8bfb9b4293,NCA-2011,2011-11-22,2014-12-01,unknown,,,,MARSAD_ANC
BLM-9fcd6c8f9253,TNP-00411,BLC-d21009ea1fa4,NCA-2011,2011-11-22,2014-12-01,unknown,,,,MARSAD_ANC
BLM-16e4d0a5076f,TNP-00412,BLC-6b8bfb9b4293,NCA-2011,2011-11-22,2014-12-01,unknown,,,,MARSAD_ANC
BLM-74571d51e7b5,TNP-00413,BLC-6b8bfb9b4293,NCA-2011,2011-11-22,2014-12-01,unknown,,,,MARSAD_ANC
BLM-3f25d67028ac,TNP-00414,BLC-d21009ea1fa4,NCA-2011,2011-11-22,2014-12-01,unknown,,,,MARSAD_ANC
BLM-90b792757204,TNP-00415,BLC-d21009ea1fa4,NCA-2011,2011-11-22,2014-12-01,unknown,,,,MARSAD_ANC
BLM-68edd7473dce,TNP-00416,BLC-d21009ea1fa4,NCA-2011,2011-11-22,2014-12-01,unknown,,,,MARSAD_ANC
BLM-7ce4f846b8bc,TNP-00417,BLC-6b8bfb9b4293,NCA-2011,2011-11-22,2014-12-01,unknown,,,,MARSAD_ANC
BLM-21b30e0dba28,TNP-00418,BLC-8c5cd0596051,NCA-2011,2011-11-22,2014-12-01,unknown,,,,MARSAD_ANC
BLM-e35bd9ee24f3,TNP-00419,BLC-d21009ea1fa4,NCA-2011,2011-11-22,2014-12-01,unknown,,,,MARSAD_ANC
BLM-6ce3f577fac2,TNP-00420,BLC-6b8bfb9b4293,NCA-2011,2011-11-22,2014-12-01,unknown,,,,MARSAD_ANC
BLM-480c535a4b97,TNP-00421,BLC-6b8bfb9b4293,NCA-2011,2011-11-22,2014-12-01,unknown,,,,MARSAD_ANC
BLM-459e5387d267,TNP-00422,BLC-6b8bfb9b4293,NCA-2011,2011-11-22,2014-12-01,unknown,,,,MARSAD_ANC
BLM-8cc7024eafd9,TNP-00423,BLC-d21009ea1fa4,NCA-2011,2011-11-22,2014-12-01,unknown,,,,MARSAD_ANC
BLM-ef7d9f604e33,TNP-00424,BLC-f60fc63efcb3,NCA-2011,2011-11-22,2014-12-01,unknown,,,,MARSAD_ANC
BLM-540f782e8b70,TNP-00425,BLC-d21009ea1fa4,NCA-2011,2011-11-22,2014-12-01,unknown,,,,MARSAD_ANC
BLM-475f2d98e9a1,TNP-00426,BLC-f60fc63efcb3,NCA-2011,2011-11-22,2014-12-01,unknown,,,,MARSAD_ANC
BLM-c53ca500e504,TNP-00427,BLC-8c5cd0596051,NCA-2011,2011-11-22,2014-12-01,unknown,,,,MARSAD_ANC
BLM-539c72ea199c,TNP-00428,BLC-d21009ea1fa4,NCA-2011,2011-11-22,2014-12-01,unknown,,,,MARSAD_ANC
BLM-afa345ef1409,TNP-00429,BLC-17fd84dbafa7,NCA-2011,2011-11-22,2014-12-01,unknown,,,,MARSAD_ANC
BLM-2edce0435bc6,TNP-00364,BLC-6b8bfb9b4293,NCA-2011,2011-11-22,2014-12-01,unknown,,,,MARSAD_ANC
BLM-151eb4d54845,TNP-00430,BLC-6b8bfb9b4293,NCA-2011,2011-11-22,2014-12-01,unknown,,,,MARSAD_ANC
BLM-44bba417b6e2,TNP-00431,BLC-6b8bfb9b4293,NCA-2011,2011-11-22,2014-12-01,unknown,,,,MARSAD_ANC
BLM-0abf10085cce,TNP-00432,BLC-6b8bfb9b4293,NCA-2011,2011-11-22,2014-12-01,unknown,,,,MARSAD_ANC
BLM-41132ae52be3,TNP-00433,BLC-8c5cd0596051,NCA-2011,2011-11-22,2014-12-01,unknown,,,,MARSAD_ANC
BLM-9a6da37c7c31,TNP-00434,BLC-d21009ea1fa4,NCA-2011,2011-11-22,2014-12-01,unknown,,,,MARSAD_ANC
BLM-28b2d9083cca,TNP-00435,BLC-17fd84dbafa7,NCA-2011,2011-11-22,2014-12-01,unknown,,,,MARSAD_ANC
BLM-3bfa2cd2684b,TNP-00436,BLC-6b8bfb9b4293,NCA-2011,2011-11-22,2014-12-01,unknown,,,,MARSAD_ANC
BLM-35e4445a4a94,TNP-00437,BLC-17fd84dbafa7,NCA-2011,2011-11-22,2014-12-01,unknown,,,,MARSAD_ANC
BLM-6b41aa1ad0c5,TNP-00438,BLC-585aa8882397,NCA-2011,2011-11-22,2014-12-01,unknown,,,,MARSAD_ANC
BLM-80a8841fa5d7,TNP-00439,BLC-d21009ea1fa4,NCA-2011,2011-11-22,2014-12-01,unknown,,,,MARSAD_ANC
BLM-60eabdfdf40f,TNP-00440,BLC-6b8bfb9b4293,NCA-2011,2011-11-22,2014-12-01,unknown,,,,MARSAD_ANC
BLM-1998821f6fa3,TNP-00441,BLC-585aa8882397,NCA-2011,2011-11-22,2014-12-01,unknown,,,,MARSAD_ANC
BLM-31aed9c7b494,TNP-00442,BLC-17fd84dbafa7,NCA-2011,2011-11-22,2014-12-01,unknown,,,,MARSAD_ANC
BLM-5148275a4634,TNP-00443,BLC-17fd84dbafa7,NCA-2011,2011-11-22,2014-12-01,unknown,,,,MARSAD_ANC
BLM-ca3b5392c347,TNP-00444,BLC-6b8bfb9b4293,NCA-2011,2011-11-22,2014-12-01,unknown,,,,MARSAD_ANC
BLM-de02d4ca2679,TNP-00445,BLC-6b8bfb9b4293,NCA-2011,2011-11-22,2014-12-01,unknown,,,,MARSAD_ANC
BLM-7c871a09ec96,TNP-00446,BLC-6b8bfb9b4293,NCA-2011,2011-11-22,2014-12-01,unknown,,,,MARSAD_ANC
BLM-f265d1e74df2,TNP-00447,BLC-56ac03f7fe82,NCA-2011,2011-11-22,2014-12-01,unknown,,,,MARSAD_ANC
BLM-76f510a6e4c6,TNP-00448,BLC-56ac03f7fe82,NCA-2011,2011-11-22,2014-12-01,unknown,,,,MARSAD_ANC
BLM-c0a642807812,TNP-00449,BLC-8c5cd0596051,NCA-2011,2011-11-22,2014-12-01,unknown,,,,MARSAD_ANC
BLM-5203a473ea9a,TNP-00450,BLC-d21009ea1fa4,NCA-2011,2011-11-22,2014-12-01,unknown,,,,MARSAD_ANC
BLM-1dcc0c09ecd0,TNP-00451,BLC-6b8bfb9b4293,NCA-2011,2011-11-22,2014-12-01,unknown,,,,MARSAD_ANC
BLM-5630414de3a4,TNP-00452,BLC-17fd84dbafa7,NCA-2011,2011-11-22,2014-12-01,unknown,,,,MARSAD_ANC
BLM-513529e24c1f,TNP-00453,BLC-6b8bfb9b4293,NCA-2011,2011-11-22,2014-12-01,unknown,,,,MARSAD_ANC
BLM-c3ee8a2979f9,TNP-00454,BLC-d21009ea1fa4,NCA-2011,2011-11-22,2014-12-01,unknown,,,,MARSAD_ANC
BLM-3ee71fac6529,TNP-00455,BLC-87c002c3118f,NCA-2011,2011-11-22,2014-12-01,unknown,,,,MARSAD_ANC
BLM-7b35057f1e3e,TNP-00456,BLC-8c5cd0596051,NCA-2011,2011-11-22,2014-12-01,unknown,,,,MARSAD_ANC
BLM-4bbf5998d110,TNP-00457,BLC-6b8bfb9b4293,NCA-2011,2011-11-22,2014-12-01,unknown,,,,MARSAD_ANC
BLM-9b9cb14e7bf4,TNP-00174,BLC-6b8bfb9b4293,NCA-2011,2011-11-22,2014-12-01,unknown,,,,MARSAD_ANC
BLM-73eb1abfcb70,TNP-00458,BLC-6b8bfb9b4293,NCA-2011,2011-11-22,2014-12-01,unknown,,,,MARSAD_ANC
BLM-2d55716ace28,TNP-00459,BLC-6b8bfb9b4293,NCA-2011,2011-11-22,2014-12-01,unknown,,,,MARSAD_ANC
BLM-cba6239390b5,TNP-00460,BLC-6b8bfb9b4293,NCA-2011,2011-11-22,2014-12-01,unknown,,,,MARSAD_ANC
BLM-013fc4edacbc,TNP-00461,BLC-87c002c3118f,NCA-2011,2011-11-22,2014-12-01,unknown,,,,MARSAD_ANC
BLM-e366ad6553e5,TNP-00462,BLC-8c5cd0596051,NCA-2011,2011-11-22,2014-12-01,unknown,,,,MARSAD_ANC
BLM-6d4d6ab94fc8,TNP-00463,BLC-f60fc63efcb3,NCA-2011,2011-11-22,2014-12-01,unknown,,,,MARSAD_ANC
BLM-b72d8378c49e,TNP-00464,BLC-f60fc63efcb3,NCA-2011,2011-11-22,2014-12-01,unknown,,,,MARSAD_ANC
BLM-19cb8893e341,TNP-00465,BLC-585aa8882397,NCA-2011,2011-11-22,2014-12-01,unknown,,,,MARSAD_ANC
BLM-5b64b772d9dd,TNP-00466,BLC-6b8bfb9b4293,NCA-2011,2011-11-22,2014-12-01,unknown,,,,MARSAD_ANC
BLM-9c8175c08323,TNP-00467,BLC-d21009ea1fa4,NCA-2011,2011-11-22,2014-12-01,unknown,,,,MARSAD_ANC
BLM-596d2b877563,TNP-00468,BLC-17fd84dbafa7,NCA-2011,2011-11-22,2014-12-01,unknown,,,,MARSAD_ANC
BLM-d2e2025e2df0,TNP-00469,BLC-6b8bfb9b4293,NCA-2011,2011-11-22,2014-12-01,unknown,,,,MARSAD_ANC
BLM-3bdb5324e67b,TNP-00470,BLC-6b8bfb9b4293,NCA-2011,2011-11-22,2014-12-01,unknown,,,,MARSAD_ANC
BLM-6b982c14d8e7,TNP-00471,BLC-585aa8882397,NCA-2011,2011-11-22,2014-12-01,unknown,,,,MARSAD_ANC
BLM-1f6191ba8ff9,TNP-00472,BLC-d21009ea1fa4,NCA-2011,2011-11-22,2014-12-01,unknown,,,,MARSAD_ANC
BLM-27e4e6a99eab,TNP-00473,BLC-17fd84dbafa7,NCA-2011,2011-11-22,2014-12-01,unknown,,,,MARSAD_ANC
BLM-948d85e44f85,TNP-00474,BLC-6b8bfb9b4293,NCA-2011,2011-11-22,2014-12-01,unknown,,,,MARSAD_ANC
BLM-c3125b8c6e70,TNP-00475,BLC-f60fc63efcb3,NCA-2011,2011-11-22,2014-12-01,unknown,,,,MARSAD_ANC
BLM-8aa544588354,TNP-00476,BLC-6b8bfb9b4293,NCA-2011,2011-11-22,2014-12-01,unknown,,,,MARSAD_ANC
BLM-7ce53636819d,TNP-00477,BLC-585aa8882397,NCA-2011,2011-11-22,2014-12-01,unknown,,,,MARSAD_ANC
BLM-6e0ff5c08621,TNP-00193,BLC-d21009ea1fa4,NCA-2011,2011-11-22,2014-12-01,unknown,,,,MARSAD_ANC
BLM-22b7d41e80c7,TNP-00478,BLC-d21009ea1fa4,NCA-2011,2011-11-22,2014-12-01,unknown,,,,MARSAD_ANC
BLM-48b02bdec643,TNP-00479,BLC-d21009ea1fa4,NCA-2011,2011-11-22,2014-12-01,unknown,,,,MARSAD_ANC
BLM-d830900bebd5,TNP-00480,BLC-d21009ea1fa4,NCA-2011,2011-11-22,2014-12-01,unknown,,,,MARSAD_ANC
BLM-bb7017266806,TNP-00199,BLC-6b8bfb9b4293,NCA-2011,2011-11-22,2014-12-01,unknown,,,,MARSAD_ANC
BLM-6b679cce3d4f,TNP-00481,BLC-d21009ea1fa4,NCA-2011,2011-11-22,2014-12-01,unknown,,,,MARSAD_ANC
BLM-b211a79039f1,TNP-00204,BLC-6b8bfb9b4293,NCA-2011,2011-11-22,2014-12-01,unknown,,,,MARSAD_ANC
BLM-767b0a5717bf,TNP-00482,BLC-6b8bfb9b4293,NCA-2011,2011-11-22,2014-12-01,unknown,,,,MARSAD_ANC
BLM-85f32916d683,TNP-00483,BLC-6b8bfb9b4293,NCA-2011,2011-11-22,2014-12-01,unknown,,,,MARSAD_ANC
BLM-ee40f088074f,TNP-00205,BLC-17fd84dbafa7,NCA-2011,2011-11-22,2014-12-01,unknown,,,,MARSAD_ANC
BLM-686f528486fe,TNP-00484,BLC-d21009ea1fa4,NCA-2011,2011-11-22,2014-12-01,unknown,,,,MARSAD_ANC
BLM-725e19957d18,TNP-00485,BLC-d21009ea1fa4,NCA-2011,2011-11-22,2014-12-01,unknown,,,,MARSAD_ANC
BLM-9928be61d439,TNP-00486,BLC-17fd84dbafa7,NCA-2011,2011-11-22,2014-12-01,unknown,,,,MARSAD_ANC
BLM-c059717fe1e5,TNP-00487,BLC-17fd84dbafa7,NCA-2011,2011-11-22,2014-12-01,unknown,,,,MARSAD_ANC
BLM-861e0a18acc9,TNP-00488,BLC-6b8bfb9b4293,NCA-2011,2011-11-22,2014-12-01,unknown,,,,MARSAD_ANC
BLM-c3812d64024c,TNP-00489,BLC-d21009ea1fa4,NCA-2011,2011-11-22,2014-12-01,unknown,,,,MARSAD_ANC
BLM-b4931e024ee9,TNP-00490,BLC-6b8bfb9b4293,NCA-2011,2011-11-22,2014-12-01,unknown,,,,MARSAD_ANC
BLM-289799e8070d,TNP-00491,BLC-6b8bfb9b4293,NCA-2011,2011-11-22,2014-12-01,unknown,,,,MARSAD_ANC
BLM-636c4dba70cc,TNP-00492,BLC-6b8bfb9b4293,NCA-2011,2011-11-22,2014-12-01,unknown,,,,MARSAD_ANC
BLM-ca397e4edf84,TNP-00493,BLC-87c002c3118f,NCA-2011,2011-11-22,2014-12-01,unknown,,,,MARSAD_ANC
BLM-70ff9c8caaa8,TNP-00247,BLC-6b8bfb9b4293,NCA-2011,2011-11-22,2014-12-01,unknown,,,,MARSAD_ANC
BLM-8df9dfae2be8,TNP-00494,BLC-f60fc63efcb3,NCA-2011,2011-11-22,2014-12-01,unknown,,,,MARSAD_ANC
BLM-cd14f5030e25,TNP-00495,BLC-585aa8882397,NCA-2011,2011-11-22,2014-12-01,unknown,,,,MARSAD_ANC
BLM-ac96b52a685b,TNP-00496,BLC-6b8bfb9b4293,NCA-2011,2011-11-22,2014-12-01,unknown,,,,MARSAD_ANC
BLM-a76acc3d1011,TNP-00497,BLC-6b8bfb9b4293,NCA-2011,2011-11-22,2014-12-01,unknown,,,,MARSAD_ANC
BLM-388328aed781,TNP-00498,BLC-87c002c3118f,NCA-2011,2011-11-22,2014-12-01,unknown,,,,MARSAD_ANC
BLM-7cac4e85f29f,TNP-00499,BLC-8c5cd0596051,NCA-2011,2011-11-22,2014-12-01,unknown,,,,MARSAD_ANC
BLM-2e6f4c23fb71,TNP-00500,BLC-d21009ea1fa4,NCA-2011,2011-11-22,2014-12-01,unknown,,,,MARSAD_ANC
BLM-6172f573d5db,TNP-00501,BLC-6b8bfb9b4293,NCA-2011,2011-11-22,2014-12-01,unknown,,,,MARSAD_ANC
BLM-32d4b53353be,TNP-00502,BLC-17fd84dbafa7,NCA-2011,2011-11-22,2014-12-01,unknown,,,,MARSAD_ANC
BLM-d3a1736d0b89,TNP-00503,BLC-f60fc63efcb3,NCA-2011,2011-11-22,2014-12-01,unknown,,,,MARSAD_ANC
BLM-b167ec46e4fc,TNP-00504,BLC-56ac03f7fe82,NCA-2011,2011-11-22,2014-12-01,unknown,,,,MARSAD_ANC
BLM-76d1547b8db1,TNP-00505,BLC-d21009ea1fa4,NCA-2011,2011-11-22,2014-12-01,unknown,,,,MARSAD_ANC
BLM-2bd46e358fa6,TNP-00506,BLC-6b8bfb9b4293,NCA-2011,2011-11-22,2014-12-01,unknown,,,,MARSAD_ANC
BLM-586ccd59ac24,TNP-00507,BLC-56ac03f7fe82,NCA-2011,2011-11-22,2014-12-01,unknown,,,,MARSAD_ANC
BLM-8409802dfb7e,TNP-00508,BLC-d21009ea1fa4,NCA-2011,2011-11-22,2014-12-01,unknown,,,,MARSAD_ANC
BLM-d4bf21885df2,TNP-00509,BLC-6b8bfb9b4293,NCA-2011,2011-11-22,2014-12-01,unknown,,,,MARSAD_ANC
BLM-40afd112c77c,TNP-00510,BLC-56ac03f7fe82,NCA-2011,2011-11-22,2014-12-01,unknown,,,,MARSAD_ANC
BLM-7006321e5aba,TNP-00511,BLC-d21009ea1fa4,NCA-2011,2011-11-22,2014-12-01,unknown,,,,MARSAD_ANC
BLM-874b8341460e,TNP-00512,BLC-d21009ea1fa4,NCA-2011,2011-11-22,2014-12-01,unknown,,,,MARSAD_ANC
BLM-659faf3b9c13,TNP-00513,BLC-56ac03f7fe82,NCA-2011,2011-11-22,2014-12-01,unknown,,,,MARSAD_ANC
BLM-989c59412df2,TNP-00514,BLC-d21009ea1fa4,NCA-2011,2011-11-22,2014-12-01,unknown,,,,MARSAD_ANC
BLM-60fc4faa0dca,TNP-00515,BLC-d21009ea1fa4,NCA-2011,2011-11-22,2014-12-01,unknown,,,,MARSAD_ANC
BLM-c964b93e8da7,TNP-00277,BLC-d21009ea1fa4,NCA-2011,2011-11-22,2014-12-01,unknown,,,,MARSAD_ANC
BLM-5cdb5a3347b9,TNP-00516,BLC-17fd84dbafa7,NCA-2011,2011-11-22,2014-12-01,unknown,,,,MARSAD_ANC
BLM-54781ff0f62a,TNP-00517,BLC-d21009ea1fa4,NCA-2011,2011-11-22,2014-12-01,unknown,,,,MARSAD_ANC
BLM-9d9a5340737a,TNP-00518,BLC-d21009ea1fa4,NCA-2011,2011-11-22,2014-12-01,unknown,,,,MARSAD_ANC
BLM-98d62d2a2fe2,TNP-00519,BLC-6b8bfb9b4293,NCA-2011,2011-11-22,2014-12-01,unknown,,,,MARSAD_ANC
BLM-13b170ca932e,TNP-00520,BLC-56ac03f7fe82,NCA-2011,2011-11-22,2014-12-01,unknown,,,,MARSAD_ANC
BLM-fb628b232f7a,TNP-00521,BLC-d21009ea1fa4,NCA-2011,2011-11-22,2014-12-01,unknown,,,,MARSAD_ANC
BLM-70b9fccce4a3,TNP-00522,BLC-87c002c3118f,NCA-2011,2011-11-22,2014-12-01,unknown,,,,MARSAD_ANC
BLM-71c0d6a2e8fa,TNP-00523,BLC-8c5cd0596051,NCA-2011,2011-11-22,2014-12-01,unknown,,,,MARSAD_ANC
BLM-226a85eca35e,TNP-00524,BLC-6b8bfb9b4293,NCA-2011,2011-11-22,2014-12-01,unknown,,,,MARSAD_ANC
BLM-e7a8ff7c9819,TNP-00289,BLC-17fd84dbafa7,NCA-2011,2011-11-22,2014-12-01,unknown,,,,MARSAD_ANC
BLM-3c76be612c5d,TNP-00525,BLC-d21009ea1fa4,NCA-2011,2011-11-22,2014-12-01,unknown,,,,MARSAD_ANC
BLM-c921b5ca8c1c,TNP-00526,BLC-6b8bfb9b4293,NCA-2011,2011-11-22,2014-12-01,unknown,,,,MARSAD_ANC
BLM-a16d277b700d,TNP-00527,BLC-6b8bfb9b4293,NCA-2011,2011-11-22,2014-12-01,unknown,,,,MARSAD_ANC
BLM-3b0fd56550ba,TNP-00528,BLC-6b8bfb9b4293,NCA-2011,2011-11-22,2014-12-01,unknown,,,,MARSAD_ANC
BLM-4415a05afe0b,TNP-00529,BLC-6b8bfb9b4293,NCA-2011,2011-11-22,2014-12-01,unknown,,,,MARSAD_ANC
BLM-6d5ab8d260ea,TNP-00530,BLC-d21009ea1fa4,NCA-2011,2011-11-22,2014-12-01,unknown,,,,MARSAD_ANC
BLM-96509a609d30,TNP-00531,BLC-d21009ea1fa4,NCA-2011,2011-11-22,2014-12-01,unknown,,,,MARSAD_ANC
BLM-74ce2d0b0ea7,TNP-00301,BLC-6b8bfb9b4293,NCA-2011,2011-11-22,2014-12-01,unknown,,,,MARSAD_ANC
BLM-cadca5170094,TNP-00532,BLC-17fd84dbafa7,NCA-2011,2011-11-22,2014-12-01,unknown,,,,MARSAD_ANC
BLM-093c44efd9b6,TNP-00533,BLC-6b8bfb9b4293,NCA-2011,2011-11-22,2014-12-01,unknown,,,,MARSAD_ANC
BLM-140c018b4946,TNP-00534,BLC-6b8bfb9b4293,NCA-2011,2011-11-22,2014-12-01,unknown,,,,MARSAD_ANC
BLM-5520b0b4dbc7,TNP-00535,BLC-56ac03f7fe82,NCA-2011,2011-11-22,2014-12-01,unknown,,,,MARSAD_ANC
BLM-de4862bbe492,TNP-00536,BLC-6b8bfb9b4293,NCA-2011,2011-11-22,2014-12-01,unknown,,,,MARSAD_ANC
BLM-ca0dca3d6bd9,TNP-00537,BLC-6b8bfb9b4293,NCA-2011,2011-11-22,2014-12-01,unknown,,,,MARSAD_ANC
BLM-659e79ffbde0,TNP-00538,BLC-f60fc63efcb3,NCA-2011,2011-11-22,2014-12-01,unknown,,,,MARSAD_ANC
BLM-8d6166792081,TNP-00539,BLC-17fd84dbafa7,NCA-2011,2011-11-22,2014-12-01,unknown,,,,MARSAD_ANC
BLM-22e4d8ab8f34,TNP-00540,BLC-8c5cd0596051,NCA-2011,2011-11-22,2014-12-01,unknown,,,,MARSAD_ANC
BLM-a8c655586378,TNP-00541,BLC-585aa8882397,NCA-2011,2011-11-22,2014-12-01,unknown,,,,MARSAD_ANC
BLM-c6a69c5ccbf3,TNP-00542,BLC-6b8bfb9b4293,NCA-2011,2011-11-22,2014-12-01,unknown,,,,MARSAD_ANC
BLM-453e1925337c,TNP-00543,BLC-6b8bfb9b4293,NCA-2011,2011-11-22,2014-12-01,unknown,,,,MARSAD_ANC
BLM-db3d827fe039,TNP-00544,BLC-6b8bfb9b4293,NCA-2011,2011-11-22,2014-12-01,unknown,,,,MARSAD_ANC
BLM-6d87748ed087,TNP-00007,BLC-d21009ea1fa4,NCA-2011,2011-11-22,2014-12-01,unknown,,,,MARSAD_ANC
BLM-56676e276096,TNP-00545,BLC-585aa8882397,NCA-2011,2011-11-22,2014-12-01,unknown,,,,MARSAD_ANC
BLM-43135869ee59,TNP-00546,BLC-585aa8882397,NCA-2011,2011-11-22,2014-12-01,unknown,,,,MARSAD_ANC
BLM-b57a7bc7156b,TNP-00547,BLC-d21009ea1fa4,NCA-2011,2011-11-22,2014-12-01,unknown,,,,MARSAD_ANC
BLM-20e313767d0f,TNP-00357,BLC-6b8bfb9b4293,NCA-2011,2011-11-22,2014-12-01,unknown,,,,MARSAD_ANC
BLM-e3fc6ac0e4f0,TNP-00332,BLC-585aa8882397,NCA-2011,2011-11-22,2014-12-01,unknown,,,,MARSAD_ANC
BLM-cb31c0ae8b17,TNP-00548,BLC-6b8bfb9b4293,NCA-2011,2011-11-22,2014-12-01,unknown,,,,MARSAD_ANC
BLM-b365bce7ba9d,TNP-00549,BLC-6b8bfb9b4293,NCA-2011,2011-11-22,2014-12-01,unknown,,,,MARSAD_ANC
BLM-91571db19575,TNP-00550,BLC-8c5cd0596051,NCA-2011,2011-11-22,2014-12-01,unknown,,,,MARSAD_ANC
BLM-b510a592e811,TNP-00551,BLC-6b8bfb9b4293,NCA-2011,2011-11-22,2014-12-01,unknown,,,,MARSAD_ANC
BLM-5c10d08c80f1,TNP-00552,BLC-6b8bfb9b4293,NCA-2011,2011-11-22,2014-12-01,unknown,,,,MARSAD_ANC
BLM-e9c0d0c08399,TNP-00553,BLC-585aa8882397,NCA-2011,2011-11-22,2014-12-01,unknown,,,,MARSAD_ANC
BLM-2fca0a921c19,TNP-00554,BLC-585aa8882397,NCA-2011,2011-11-22,2014-12-01,unknown,,,,MARSAD_ANC
BLM-0888ecf11352,TNP-00555,BLC-6b8bfb9b4293,NCA-2011,2011-11-22,2014-12-01,unknown,,,,MARSAD_ANC
BLM-be03e90708a7,TNP-00556,BLC-6b8bfb9b4293,NCA-2011,2011-11-22,2014-12-01,unknown,,,,MARSAD_ANC
BLM-c62842ab10ae,TNP-00557,BLC-d21009ea1fa4,NCA-2011,2011-11-22,2014-12-01,unknown,,,,MARSAD_ANC
BLM-bda17df826f6,TNP-00558,BLC-87c002c3118f,NCA-2011,2011-11-22,2014-12-01,unknown,,,,MARSAD_ANC
BLM-393149488584,TNP-00559,BLC-6b8bfb9b4293,NCA-2011,2011-11-22,2014-12-01,unknown,,,,MARSAD_ANC
BLM-61b653449732,TNP-00560,BLC-87c002c3118f,NCA-2011,2011-11-22,2014-12-01,unknown,,,,MARSAD_ANC
BLM-b63a66d0ea7d,TNP-00561,BLC-d21009ea1fa4,NCA-2011,2011-11-22,2014-12-01,unknown,,,,MARSAD_ANC
BLM-972305a5780d,TNP-00562,BLC-d21009ea1fa4,NCA-2011,2011-11-22,2014-12-01,unknown,,,,MARSAD_ANC
BLM-b519c49ed6ed,TNP-00285,BLC-6b8bfb9b4293,NCA-2011,2011-11-22,2014-12-01,unknown,,,,MARSAD_ANC
BLM-1d6df2b0db4c,TNP-00563,BLC-17fd84dbafa7,NCA-2011,2011-11-22,2014-12-01,unknown,,,,MARSAD_ANC
BLM-458de8156d55,TNP-00564,BLC-87c002c3118f,NCA-2011,2011-11-22,2014-12-01,unknown,,,,MARSAD_ANC
BLM-f28418d3744d,TNP-00786,BLC-b8bc88af5d92,ARP-2014,2015-03-06,2016-02-08,unknown,,true,"bloc change located between 2015-03-06 and 2015-03-06; snapshot-derived, exact date unknown",MARSAD_ARP2014
BLM-001e8f0a17a8,TNP-00786,BLC-b62977f0e44d,ARP-2014,2016-02-08,2016-12-13,unknown,,true,"bloc change located between 2016-01-08 and 2016-02-08; snapshot-derived, exact date unknown",MARSAD_ARP2014
BLM-2390eefbdadc,TNP-00786,BLC-8b5102d2fd97,ARP-2014,2016-12-13,2017-12-30,unknown,,true,"bloc change located between 2016-11-19 and 2016-12-13; snapshot-derived, exact date unknown",MARSAD_ARP2014
BLM-e703078010ed,TNP-00467,BLC-b8bc88af5d92,ARP-2014,2015-03-06,2016-12-13,unknown,,true,"bloc change located between 2015-03-06 and 2015-03-06; snapshot-derived, exact date unknown",MARSAD_ARP2014
BLM-defa3a726670,TNP-00467,BLC-d44a7a7102c2,ARP-2014,2016-12-13,2019-05-08,unknown,,true,"bloc change located between 2016-11-19 and 2016-12-13; snapshot-derived, exact date unknown",MARSAD_ARP2014
BLM-a134c4bae122,TNP-00467,BLC-b8bc88af5d92,ARP-2014,2019-05-08,2019-10-05,unknown,,true,"bloc change located between 2018-10-12 and 2019-05-08; snapshot-derived, exact date unknown",MARSAD_ARP2014
BLM-ffbd0a56c1dc,TNP-00787,BLC-889c30eade24,ARP-2014,2015-03-06,2019-10-05,unknown,,true,"bloc change located between 2015-03-06 and 2015-03-06; snapshot-derived, exact date unknown",MARSAD_ARP2014
BLM-8584bafea3bb,TNP-00788,BLC-2593809b7dc2,ARP-2014,2015-03-06,2018-10-12,unknown,,true,"bloc change located between 2015-03-06 and 2015-03-06; snapshot-derived, exact date unknown",MARSAD_ARP2014
BLM-275e36cbd954,TNP-00788,BLC-66eb1e512f8a,ARP-2014,2018-10-12,2019-05-08,unknown,,true,"bloc change located between 2017-12-30 and 2018-10-12; snapshot-derived, exact date unknown",MARSAD_ARP2014
BLM-18b062d34fc6,TNP-00788,BLC-d44a7a7102c2,ARP-2014,2019-05-08,2019-10-05,unknown,,true,"bloc change located between 2018-10-12 and 2019-05-08; snapshot-derived, exact date unknown",MARSAD_ARP2014
BLM-d95c9ba66990,TNP-00789,BLC-889c30eade24,ARP-2014,2015-03-06,2019-10-05,unknown,,true,"bloc change located between 2015-03-06 and 2015-03-06; snapshot-derived, exact date unknown",MARSAD_ARP2014
BLM-fa6a32b24c59,TNP-00790,BLC-1eb74c1905cc,ARP-2014,2015-03-06,2019-10-05,unknown,,true,"bloc change located between 2015-03-06 and 2015-03-06; snapshot-derived, exact date unknown",MARSAD_ARP2014
BLM-6a34b74e9933,TNP-00791,BLC-d44a7a7102c2,ARP-2014,2017-05-29,2018-10-12,unknown,,true,"bloc change located between 2017-05-29 and 2017-05-29; snapshot-derived, exact date unknown",MARSAD_ARP2014
BLM-02b035952d8e,TNP-00791,BLC-92c2c402d566,ARP-2014,2018-10-12,2019-10-05,unknown,,true,"bloc change located between 2017-12-30 and 2018-10-12; snapshot-derived, exact date unknown",MARSAD_ARP2014
BLM-f8b02b6c6edd,TNP-00792,BLC-b8bc88af5d92,ARP-2014,2015-03-06,2017-07-05,unknown,,true,"bloc change located between 2015-03-06 and 2015-03-06; snapshot-derived, exact date unknown",MARSAD_ARP2014
BLM-215fc95cf33e,TNP-00792,BLC-d44a7a7102c2,ARP-2014,2017-07-05,2018-10-12,unknown,,true,"bloc change located between 2017-06-02 and 2017-07-05; snapshot-derived, exact date unknown",MARSAD_ARP2014
BLM-fb54b053e3b6,TNP-00792,BLC-92c2c402d566,ARP-2014,2018-10-12,2019-10-05,unknown,,true,"bloc change located between 2017-12-30 and 2018-10-12; snapshot-derived, exact date unknown",MARSAD_ARP2014
BLM-9c6fefdd2936,TNP-00793,BLC-2593809b7dc2,ARP-2014,2015-03-06,2018-10-12,unknown,,true,"bloc change located between 2015-03-06 and 2015-03-06; snapshot-derived, exact date unknown",MARSAD_ARP2014
BLM-53eabb985e3c,TNP-00793,BLC-66eb1e512f8a,ARP-2014,2018-10-12,2019-05-08,unknown,,true,"bloc change located between 2017-12-30 and 2018-10-12; snapshot-derived, exact date unknown",MARSAD_ARP2014
BLM-208ed5b2a961,TNP-00793,BLC-b8bc88af5d92,ARP-2014,2019-05-08,2019-10-05,unknown,,true,"bloc change located between 2018-10-12 and 2019-05-08; snapshot-derived, exact date unknown",MARSAD_ARP2014
BLM-b331059fadea,TNP-00794,BLC-b8bc88af5d92,ARP-2014,2015-03-06,2016-02-08,unknown,,true,"bloc change located between 2015-03-06 and 2015-03-06; snapshot-derived, exact date unknown",MARSAD_ARP2014
BLM-8758f0e5a52d,TNP-00794,BLC-b62977f0e44d,ARP-2014,2016-02-08,2016-12-13,unknown,,true,"bloc change located between 2016-01-08 and 2016-02-08; snapshot-derived, exact date unknown",MARSAD_ARP2014
BLM-307a1b6bfb10,TNP-00794,BLC-8b5102d2fd97,ARP-2014,2016-12-13,2018-10-12,unknown,,true,"bloc change located between 2016-11-19 and 2016-12-13; snapshot-derived, exact date unknown",MARSAD_ARP2014
BLM-29298b57f5d3,TNP-00795,BLC-b8bc88af5d92,ARP-2014,2015-03-06,2016-02-08,unknown,,true,"bloc change located between 2015-03-06 and 2015-03-06; snapshot-derived, exact date unknown",MARSAD_ARP2014
BLM-1a886a988a10,TNP-00795,BLC-b62977f0e44d,ARP-2014,2016-02-08,2016-12-13,unknown,,true,"bloc change located between 2016-01-08 and 2016-02-08; snapshot-derived, exact date unknown",MARSAD_ARP2014
BLM-fd644ad2354d,TNP-00795,BLC-8b5102d2fd97,ARP-2014,2016-12-13,2017-12-30,unknown,,true,"bloc change located between 2016-11-19 and 2016-12-13; snapshot-derived, exact date unknown",MARSAD_ARP2014
BLM-76847ebcb3f6,TNP-00795,BLC-d44a7a7102c2,ARP-2014,2017-12-30,2018-10-12,unknown,,true,"bloc change located between 2017-07-05 and 2017-12-30; snapshot-derived, exact date unknown",MARSAD_ARP2014
BLM-a974c869366a,TNP-00795,BLC-66eb1e512f8a,ARP-2014,2018-10-12,2019-10-05,unknown,,true,"bloc change located between 2017-12-30 and 2018-10-12; snapshot-derived, exact date unknown",MARSAD_ARP2014
BLM-9bdc03516fb0,TNP-00796,BLC-d44a7a7102c2,ARP-2014,2015-03-06,2019-10-05,unknown,,true,"bloc change located between 2015-03-06 and 2015-03-06; snapshot-derived, exact date unknown",MARSAD_ARP2014
BLM-7b88d180a432,TNP-00797,BLC-b8bc88af5d92,ARP-2014,2015-03-06,2018-10-12,unknown,,true,"bloc change located between 2015-03-06 and 2015-03-06; snapshot-derived, exact date unknown",MARSAD_ARP2014
BLM-1c398f5d88bf,TNP-00797,BLC-66eb1e512f8a,ARP-2014,2018-10-12,2019-10-05,unknown,,true,"bloc change located between 2017-12-30 and 2018-10-12; snapshot-derived, exact date unknown",MARSAD_ARP2014
BLM-a140b65c26d4,TNP-00163,BLC-592be052778e,ARP-2014,2015-03-06,2016-11-19,unknown,,true,"bloc change located between 2015-03-06 and 2015-03-06; snapshot-derived, exact date unknown",MARSAD_ARP2014
BLM-dbbdcee34ea9,TNP-00163,BLC-de77eb4f8164,ARP-2014,2016-11-19,2017-12-30,unknown,,true,"bloc change located between 2016-10-17 and 2016-11-19; snapshot-derived, exact date unknown",MARSAD_ARP2014
BLM-f901ef13645a,TNP-00163,BLC-d44a7a7102c2,ARP-2014,2017-12-30,2018-10-12,unknown,,true,"bloc change located between 2017-07-05 and 2017-12-30; snapshot-derived, exact date unknown",MARSAD_ARP2014
BLM-6303b94def8d,TNP-00163,BLC-92c2c402d566,ARP-2014,2018-10-12,2019-10-05,unknown,,true,"bloc change located between 2017-12-30 and 2018-10-12; snapshot-derived, exact date unknown",MARSAD_ARP2014
BLM-83b8a78443eb,TNP-00798,BLC-889c30eade24,ARP-2014,2015-03-06,2019-10-05,unknown,,true,"bloc change located between 2015-03-06 and 2015-03-06; snapshot-derived, exact date unknown",MARSAD_ARP2014
BLM-8423f8a661df,TNP-00369,BLC-889c30eade24,ARP-2014,2015-03-06,2019-10-05,unknown,,true,"bloc change located between 2015-03-06 and 2015-03-06; snapshot-derived, exact date unknown",MARSAD_ARP2014
BLM-79eec0cfc167,TNP-00799,BLC-592be052778e,ARP-2014,2015-03-06,2016-07-15,unknown,,true,"bloc change located between 2015-03-06 and 2015-03-06; snapshot-derived, exact date unknown",MARSAD_ARP2014
BLM-cdcb88c14364,TNP-00799,BLC-d44a7a7102c2,ARP-2014,2016-07-15,2016-08-15,unknown,,true,"bloc change located between 2016-06-14 and 2016-07-15; snapshot-derived, exact date unknown",MARSAD_ARP2014
BLM-46ef64608937,TNP-00799,BLC-b8bc88af5d92,ARP-2014,2016-08-15,2018-10-12,unknown,,true,"bloc change located between 2016-07-15 and 2016-08-15; snapshot-derived, exact date unknown",MARSAD_ARP2014
BLM-0b5f7fab60cd,TNP-00799,BLC-66eb1e512f8a,ARP-2014,2018-10-12,2019-10-05,unknown,,true,"bloc change located between 2017-12-30 and 2018-10-12; snapshot-derived, exact date unknown",MARSAD_ARP2014
BLM-19928db69e53,TNP-00800,BLC-1eb74c1905cc,ARP-2014,2015-03-06,2019-10-05,unknown,,true,"bloc change located between 2015-03-06 and 2015-03-06; snapshot-derived, exact date unknown",MARSAD_ARP2014
BLM-b15ecef47c6c,TNP-00801,BLC-2593809b7dc2,ARP-2014,2015-03-06,2016-05-14,unknown,,true,"bloc change located between 2015-03-06 and 2015-03-06; snapshot-derived, exact date unknown",MARSAD_ARP2014
BLM-d3a9b73172a1,TNP-00801,BLC-d44a7a7102c2,ARP-2014,2016-05-14,2016-07-15,unknown,,true,"bloc change located between 2016-04-12 and 2016-05-14; snapshot-derived, exact date unknown",MARSAD_ARP2014
BLM-9ecd8e697750,TNP-00801,BLC-b8bc88af5d92,ARP-2014,2016-07-15,2017-04-28,unknown,,true,"bloc change located between 2016-06-14 and 2016-07-15; snapshot-derived, exact date unknown",MARSAD_ARP2014
BLM-3778e69e22fd,TNP-00801,BLC-d44a7a7102c2,ARP-2014,2017-04-28,2017-12-30,unknown,,true,"bloc change located between 2016-12-13 and 2017-04-28; snapshot-derived, exact date unknown",MARSAD_ARP2014
BLM-7a8d44b8bdda,TNP-00801,BLC-2593809b7dc2,ARP-2014,2017-12-30,2018-10-12,unknown,,true,"bloc change located between 2017-07-05 and 2017-12-30; snapshot-derived, exact date unknown",MARSAD_ARP2014
BLM-6bf3203e23b6,TNP-00801,BLC-66eb1e512f8a,ARP-2014,2018-10-12,2019-05-08,unknown,,true,"bloc change located between 2017-12-30 and 2018-10-12; snapshot-derived, exact date unknown",MARSAD_ARP2014
BLM-af38b941f698,TNP-00801,BLC-d44a7a7102c2,ARP-2014,2019-05-08,2019-10-05,unknown,,true,"bloc change located between 2018-10-12 and 2019-05-08; snapshot-derived, exact date unknown",MARSAD_ARP2014
BLM-9bdeb4f6beb3,TNP-00802,BLC-b8bc88af5d92,ARP-2014,2015-03-06,2019-10-05,unknown,,true,"bloc change located between 2015-03-06 and 2015-03-06; snapshot-derived, exact date unknown",MARSAD_ARP2014
BLM-070adbf83035,TNP-00803,BLC-e3aba10fae18,ARP-2014,2015-03-06,2016-02-08,unknown,,true,"bloc change located between 2015-03-06 and 2015-03-06; snapshot-derived, exact date unknown",MARSAD_ARP2014
BLM-2bb3a4379154,TNP-00803,BLC-c1c18f25656f,ARP-2014,2016-02-08,2017-04-28,unknown,,true,"bloc change located between 2016-01-08 and 2016-02-08; snapshot-derived, exact date unknown",MARSAD_ARP2014
BLM-165e33e8c2b9,TNP-00803,BLC-8e101f3e5c9d,ARP-2014,2017-04-28,2018-10-12,unknown,,true,"bloc change located between 2016-12-13 and 2017-04-28; snapshot-derived, exact date unknown",MARSAD_ARP2014
BLM-b2f455f4924a,TNP-00803,BLC-66eb1e512f8a,ARP-2014,2018-10-12,2019-10-05,unknown,,true,"bloc change located between 2017-12-30 and 2018-10-12; snapshot-derived, exact date unknown",MARSAD_ARP2014
BLM-0755e6089ee5,TNP-00804,BLC-889c30eade24,ARP-2014,2015-03-06,2019-10-05,unknown,,true,"bloc change located between 2015-03-06 and 2015-03-06; snapshot-derived, exact date unknown",MARSAD_ARP2014
BLM-79db1368d97c,TNP-00805,BLC-889c30eade24,ARP-2014,2015-03-06,2019-10-05,unknown,,true,"bloc change located between 2015-03-06 and 2015-03-06; snapshot-derived, exact date unknown",MARSAD_ARP2014
BLM-622dda39dda9,TNP-00174,BLC-889c30eade24,ARP-2014,2015-03-06,2019-10-05,unknown,,true,"bloc change located between 2015-03-06 and 2015-03-06; snapshot-derived, exact date unknown",MARSAD_ARP2014
BLM-12839262b170,TNP-00806,BLC-b8bc88af5d92,ARP-2014,2017-12-30,2019-10-05,unknown,,true,"bloc change located between 2017-12-30 and 2017-12-30; snapshot-derived, exact date unknown",MARSAD_ARP2014
BLM-6dc56d0e3267,TNP-00807,BLC-1eb74c1905cc,ARP-2014,2015-03-06,2019-10-05,unknown,,true,"bloc change located between 2015-03-06 and 2015-03-06; snapshot-derived, exact date unknown",MARSAD_ARP2014
BLM-ac21ccf42ccd,TNP-00178,BLC-889c30eade24,ARP-2014,2015-03-06,2019-10-05,unknown,,true,"bloc change located between 2015-03-06 and 2015-03-06; snapshot-derived, exact date unknown",MARSAD_ARP2014
BLM-fe83c3b5d51a,TNP-00808,BLC-b8bc88af5d92,ARP-2014,2015-03-06,2019-10-05,unknown,,true,"bloc change located between 2015-03-06 and 2015-03-06; snapshot-derived, exact date unknown",MARSAD_ARP2014
BLM-ba07921d9bb5,TNP-00809,BLC-1eb74c1905cc,ARP-2014,2015-03-06,2019-10-05,unknown,,true,"bloc change located between 2015-03-06 and 2015-03-06; snapshot-derived, exact date unknown",MARSAD_ARP2014
BLM-9cd81f5a2145,TNP-00810,BLC-889c30eade24,ARP-2014,2015-03-06,2019-10-05,unknown,,true,"bloc change located between 2015-03-06 and 2015-03-06; snapshot-derived, exact date unknown",MARSAD_ARP2014
BLM-b3c726197da3,TNP-00403,BLC-889c30eade24,ARP-2014,2015-03-06,2018-10-12,unknown,,true,"bloc change located between 2015-03-06 and 2015-03-06; snapshot-derived, exact date unknown",MARSAD_ARP2014
BLM-17b101a7b39e,TNP-00811,BLC-b8bc88af5d92,ARP-2014,2015-03-06,2019-05-08,unknown,,true,"bloc change located between 2015-03-06 and 2015-03-06; snapshot-derived, exact date unknown",MARSAD_ARP2014
BLM-8e6030ec6f93,TNP-00811,BLC-a26d44c82424,ARP-2014,2019-05-08,2019-10-05,unknown,,true,"bloc change located between 2018-10-12 and 2019-05-08; snapshot-derived, exact date unknown",MARSAD_ARP2014
BLM-c906fff8f744,TNP-00404,BLC-889c30eade24,ARP-2014,2015-03-06,2019-10-05,unknown,,true,"bloc change located between 2015-03-06 and 2015-03-06; snapshot-derived, exact date unknown",MARSAD_ARP2014
BLM-2a0168cad2c7,TNP-00183,BLC-889c30eade24,ARP-2014,2015-03-06,2019-10-05,unknown,,true,"bloc change located between 2015-03-06 and 2015-03-06; snapshot-derived, exact date unknown",MARSAD_ARP2014
BLM-1dab600146a7,TNP-00812,BLC-b8bc88af5d92,ARP-2014,2015-03-06,2019-05-08,unknown,,true,"bloc change located between 2015-03-06 and 2015-03-06; snapshot-derived, exact date unknown",MARSAD_ARP2014
BLM-55c1462eecbd,TNP-00812,BLC-8b5102d2fd97,ARP-2014,2019-05-08,2019-10-05,unknown,,true,"bloc change located between 2018-10-12 and 2019-05-08; snapshot-derived, exact date unknown",MARSAD_ARP2014
BLM-abad2b4d4a20,TNP-00813,BLC-b8bc88af5d92,ARP-2014,2015-03-06,2016-04-12,unknown,,true,"bloc change located between 2015-03-06 and 2015-03-06; snapshot-derived, exact date unknown",MARSAD_ARP2014
BLM-89e1d1d63f47,TNP-00813,BLC-b62977f0e44d,ARP-2014,2016-04-12,2016-12-13,unknown,,true,"bloc change located between 2016-03-10 and 2016-04-12; snapshot-derived, exact date unknown",MARSAD_ARP2014
BLM-0e8b6e4307a1,TNP-00813,BLC-8b5102d2fd97,ARP-2014,2016-12-13,2017-04-28,unknown,,true,"bloc change located between 2016-11-19 and 2016-12-13; snapshot-derived, exact date unknown",MARSAD_ARP2014
BLM-869f7be36431,TNP-00813,BLC-d44a7a7102c2,ARP-2014,2017-04-28,2017-05-29,unknown,,true,"bloc change located between 2016-12-13 and 2017-04-28; snapshot-derived, exact date unknown",MARSAD_ARP2014
BLM-739f6c8cc5de,TNP-00813,BLC-652eee77ed87,ARP-2014,2017-05-29,2018-10-12,unknown,,true,"bloc change located between 2017-04-28 and 2017-05-29; snapshot-derived, exact date unknown",MARSAD_ARP2014
BLM-a218ebf18358,TNP-00813,BLC-66eb1e512f8a,ARP-2014,2018-10-12,2019-10-05,unknown,,true,"bloc change located between 2017-12-30 and 2018-10-12; snapshot-derived, exact date unknown",MARSAD_ARP2014
BLM-321f629df476,TNP-00815,BLC-b8bc88af5d92,ARP-2014,2015-03-06,2016-04-12,unknown,,true,"bloc change located between 2015-03-06 and 2015-03-06; snapshot-derived, exact date unknown",MARSAD_ARP2014
BLM-d7ec628a80e9,TNP-00815,BLC-b62977f0e44d,ARP-2014,2016-04-12,2016-12-13,unknown,,true,"bloc change located between 2016-03-10 and 2016-04-12; snapshot-derived, exact date unknown",MARSAD_ARP2014
BLM-6c543608adbd,TNP-00815,BLC-8b5102d2fd97,ARP-2014,2016-12-13,2019-10-05,unknown,,true,"bloc change located between 2016-11-19 and 2016-12-13; snapshot-derived, exact date unknown",MARSAD_ARP2014
BLM-ba0417a9a4c3,TNP-00816,BLC-1eb74c1905cc,ARP-2014,2015-03-06,2019-10-05,unknown,,true,"bloc change located between 2015-03-06 and 2015-03-06; snapshot-derived, exact date unknown",MARSAD_ARP2014
BLM-e58c14a2a1e5,TNP-00817,BLC-889c30eade24,ARP-2014,2015-03-06,2019-10-05,unknown,,true,"bloc change located between 2015-03-06 and 2015-03-06; snapshot-derived, exact date unknown",MARSAD_ARP2014
BLM-e54f4cfc7183,TNP-00818,BLC-b8bc88af5d92,ARP-2014,2015-03-06,2019-10-05,unknown,,true,"bloc change located between 2015-03-06 and 2015-03-06; snapshot-derived, exact date unknown",MARSAD_ARP2014
BLM-e4fd8f443842,TNP-00819,BLC-b8bc88af5d92,ARP-2014,2015-03-06,2019-10-05,unknown,,true,"bloc change located between 2015-03-06 and 2015-03-06; snapshot-derived, exact date unknown",MARSAD_ARP2014
BLM-e4c13afef284,TNP-00421,BLC-889c30eade24,ARP-2014,2015-03-06,2019-10-05,unknown,,true,"bloc change located between 2015-03-06 and 2015-03-06; snapshot-derived, exact date unknown",MARSAD_ARP2014
BLM-00e9c9fab856,TNP-00820,BLC-2593809b7dc2,ARP-2014,2015-03-06,2018-10-12,unknown,,true,"bloc change located between 2015-03-06 and 2015-03-06; snapshot-derived, exact date unknown",MARSAD_ARP2014
BLM-5e9f29784604,TNP-00820,BLC-66eb1e512f8a,ARP-2014,2018-10-12,2019-05-08,unknown,,true,"bloc change located between 2017-12-30 and 2018-10-12; snapshot-derived, exact date unknown",MARSAD_ARP2014
BLM-656e050ee94b,TNP-00820,BLC-d44a7a7102c2,ARP-2014,2019-05-08,2019-10-05,unknown,,true,"bloc change located between 2018-10-12 and 2019-05-08; snapshot-derived, exact date unknown",MARSAD_ARP2014
BLM-bd1d4995aa6b,TNP-00821,BLC-b8bc88af5d92,ARP-2014,2015-03-06,2019-10-05,unknown,,true,"bloc change located between 2015-03-06 and 2015-03-06; snapshot-derived, exact date unknown",MARSAD_ARP2014
BLM-ba0baf1013ef,TNP-00191,BLC-889c30eade24,ARP-2014,2015-03-06,2019-10-05,unknown,,true,"bloc change located between 2015-03-06 and 2015-03-06; snapshot-derived, exact date unknown",MARSAD_ARP2014
BLM-5214a7deda1e,TNP-00822,BLC-2593809b7dc2,ARP-2014,2015-03-06,2018-10-12,unknown,,true,"bloc change located between 2015-03-06 and 2015-03-06; snapshot-derived, exact date unknown",MARSAD_ARP2014
BLM-1cd316e6d897,TNP-00822,BLC-66eb1e512f8a,ARP-2014,2018-10-12,2019-05-08,unknown,,true,"bloc change located between 2017-12-30 and 2018-10-12; snapshot-derived, exact date unknown",MARSAD_ARP2014
BLM-4b8b7f73f4b1,TNP-00822,BLC-d44a7a7102c2,ARP-2014,2019-05-08,2019-10-05,unknown,,true,"bloc change located between 2018-10-12 and 2019-05-08; snapshot-derived, exact date unknown",MARSAD_ARP2014
BLM-a146ac4d3b50,TNP-00823,BLC-d44a7a7102c2,ARP-2014,2016-10-17,2017-07-05,unknown,,true,"bloc change located between 2016-10-17 and 2016-10-17; snapshot-derived, exact date unknown",MARSAD_ARP2014
BLM-06eeaab815b8,TNP-00199,BLC-889c30eade24,ARP-2014,2015-03-06,2019-10-05,unknown,,true,"bloc change located between 2015-03-06 and 2015-03-06; snapshot-derived, exact date unknown",MARSAD_ARP2014
BLM-c09a2a5176a8,TNP-00824,BLC-1eb74c1905cc,ARP-2014,2015-03-06,2019-10-05,unknown,,true,"bloc change located between 2015-03-06 and 2015-03-06; snapshot-derived, exact date unknown",MARSAD_ARP2014
BLM-f59525515561,TNP-00058,BLC-b8bc88af5d92,ARP-2014,2015-03-06,2016-02-08,unknown,,true,"bloc change located between 2015-03-06 and 2015-03-06; snapshot-derived, exact date unknown",MARSAD_ARP2014
BLM-273b97a17921,TNP-00058,BLC-b62977f0e44d,ARP-2014,2016-02-08,2016-05-14,unknown,,true,"bloc change located between 2016-01-08 and 2016-02-08; snapshot-derived, exact date unknown",MARSAD_ARP2014
BLM-f053ec377142,TNP-00058,BLC-d44a7a7102c2,ARP-2014,2016-05-14,2016-08-15,unknown,,true,"bloc change located between 2016-04-12 and 2016-05-14; snapshot-derived, exact date unknown",MARSAD_ARP2014
BLM-43b531fad79c,TNP-00058,BLC-b8bc88af5d92,ARP-2014,2016-08-15,2019-10-05,unknown,,true,"bloc change located between 2016-07-15 and 2016-08-15; snapshot-derived, exact date unknown",MARSAD_ARP2014
BLM-0925ab727610,TNP-00825,BLC-b8bc88af5d92,ARP-2014,2015-03-06,2019-10-05,unknown,,true,"bloc change located between 2015-03-06 and 2015-03-06; snapshot-derived, exact date unknown",MARSAD_ARP2014
BLM-a6cc7ca42099,TNP-00203,BLC-592be052778e,ARP-2014,2015-03-06,2016-11-19,unknown,,true,"bloc change located between 2015-03-06 and 2015-03-06; snapshot-derived, exact date unknown",MARSAD_ARP2014
BLM-5c9e376f57a8,TNP-00203,BLC-d44a7a7102c2,ARP-2014,2016-11-19,2019-10-05,unknown,,true,"bloc change located between 2016-10-17 and 2016-11-19; snapshot-derived, exact date unknown",MARSAD_ARP2014
BLM-2d1151eae6f5,TNP-00204,BLC-889c30eade24,ARP-2014,2015-03-06,2019-10-05,unknown,,true,"bloc change located between 2015-03-06 and 2015-03-06; snapshot-derived, exact date unknown",MARSAD_ARP2014
BLM-e38472fe77e0,TNP-00826,BLC-d44a7a7102c2,ARP-2014,2015-03-06,2016-11-19,unknown,,true,"bloc change located between 2015-03-06 and 2015-03-06; snapshot-derived, exact date unknown",MARSAD_ARP2014
BLM-429488b5f0a0,TNP-00826,BLC-de77eb4f8164,ARP-2014,2016-11-19,2019-10-05,unknown,,true,"bloc change located between 2016-10-17 and 2016-11-19; snapshot-derived, exact date unknown",MARSAD_ARP2014
BLM-c2073addb193,TNP-00382,BLC-889c30eade24,ARP-2014,2015-03-06,2019-10-05,unknown,,true,"bloc change located between 2015-03-06 and 2015-03-06; snapshot-derived, exact date unknown",MARSAD_ARP2014
BLM-eb77ecd7260a,TNP-00208,BLC-e3aba10fae18,ARP-2014,2015-03-06,2016-02-08,unknown,,true,"bloc change located between 2015-03-06 and 2015-03-06; snapshot-derived, exact date unknown",MARSAD_ARP2014
BLM-9debf90953e6,TNP-00208,BLC-c1c18f25656f,ARP-2014,2016-02-08,2017-04-28,unknown,,true,"bloc change located between 2016-01-08 and 2016-02-08; snapshot-derived, exact date unknown",MARSAD_ARP2014
BLM-592500ef6bf9,TNP-00208,BLC-8e101f3e5c9d,ARP-2014,2017-04-28,2018-10-12,unknown,,true,"bloc change located between 2016-12-13 and 2017-04-28; snapshot-derived, exact date unknown",MARSAD_ARP2014
BLM-4f089479c0e6,TNP-00208,BLC-66eb1e512f8a,ARP-2014,2018-10-12,2019-10-05,unknown,,true,"bloc change located between 2017-12-30 and 2018-10-12; snapshot-derived, exact date unknown",MARSAD_ARP2014
BLM-e279cc8278bb,TNP-00827,BLC-889c30eade24,ARP-2014,2019-05-08,2019-10-05,unknown,,true,"bloc change located between 2019-05-08 and 2019-05-08; snapshot-derived, exact date unknown",MARSAD_ARP2014
BLM-0efabdfa52ce,TNP-00828,BLC-b8bc88af5d92,ARP-2014,2015-03-06,2015-07-21,unknown,,true,"bloc change located between 2015-03-06 and 2015-03-06; snapshot-derived, exact date unknown",MARSAD_ARP2014
BLM-4dcaf880cd68,TNP-00212,BLC-b8bc88af5d92,ARP-2014,2015-03-06,2016-04-12,unknown,,true,"bloc change located between 2015-03-06 and 2015-03-06; snapshot-derived, exact date unknown",MARSAD_ARP2014
BLM-6158d1766c0b,TNP-00212,BLC-b62977f0e44d,ARP-2014,2016-04-12,2016-12-13,unknown,,true,"bloc change located between 2016-03-10 and 2016-04-12; snapshot-derived, exact date unknown",MARSAD_ARP2014
BLM-a080665c1c84,TNP-00212,BLC-8b5102d2fd97,ARP-2014,2016-12-13,2019-10-05,unknown,,true,"bloc change located between 2016-11-19 and 2016-12-13; snapshot-derived, exact date unknown",MARSAD_ARP2014
BLM-7422aa4cc04c,TNP-00829,BLC-b8bc88af5d92,ARP-2014,2015-03-06,2017-07-05,unknown,,true,"bloc change located between 2015-03-06 and 2015-03-06; snapshot-derived, exact date unknown",MARSAD_ARP2014
BLM-8d5914d36421,TNP-00830,BLC-b8bc88af5d92,ARP-2014,2015-03-06,2016-09-16,unknown,,true,"bloc change located between 2015-03-06 and 2015-03-06; snapshot-derived, exact date unknown",MARSAD_ARP2014
BLM-ce0b84822036,TNP-00830,BLC-d44a7a7102c2,ARP-2014,2016-09-16,2016-09-16,unknown,,true,"bloc change located between 2015-12-08 and 2016-09-16; snapshot-derived, exact date unknown",MARSAD_ARP2014
BLM-15bed0e00b1b,TNP-00217,BLC-889c30eade24,ARP-2014,2015-03-06,2019-10-05,unknown,,true,"bloc change located between 2015-03-06 and 2015-03-06; snapshot-derived, exact date unknown",MARSAD_ARP2014
BLM-3add50a2283a,TNP-00831,BLC-1eb74c1905cc,ARP-2014,2015-03-06,2019-10-05,unknown,,true,"bloc change located between 2015-03-06 and 2015-03-06; snapshot-derived, exact date unknown",MARSAD_ARP2014
BLM-87f2ac5c6df8,TNP-00393,BLC-889c30eade24,ARP-2014,2015-03-06,2019-10-05,unknown,,true,"bloc change located between 2015-03-06 and 2015-03-06; snapshot-derived, exact date unknown",MARSAD_ARP2014
BLM-6188cd6cc291,TNP-00832,BLC-889c30eade24,ARP-2014,2015-03-06,2019-10-05,unknown,,true,"bloc change located between 2015-03-06 and 2015-03-06; snapshot-derived, exact date unknown",MARSAD_ARP2014
BLM-7d6defd194cf,TNP-00833,BLC-c1c18f25656f,ARP-2014,2016-10-17,2017-04-28,unknown,,true,"bloc change located between 2016-10-17 and 2016-10-17; snapshot-derived, exact date unknown",MARSAD_ARP2014
BLM-da010f3fd15e,TNP-00833,BLC-8e101f3e5c9d,ARP-2014,2017-04-28,2018-10-12,unknown,,true,"bloc change located between 2016-12-13 and 2017-04-28; snapshot-derived, exact date unknown",MARSAD_ARP2014
BLM-4757964061f3,TNP-00833,BLC-66eb1e512f8a,ARP-2014,2018-10-12,2019-10-05,unknown,,true,"bloc change located between 2017-12-30 and 2018-10-12; snapshot-derived, exact date unknown",MARSAD_ARP2014
BLM-e038f6b361a8,TNP-00221,BLC-889c30eade24,ARP-2014,2015-03-06,2019-10-05,unknown,,true,"bloc change located between 2015-03-06 and 2015-03-06; snapshot-derived, exact date unknown",MARSAD_ARP2014
BLM-eba192e4773b,TNP-00834,BLC-b8bc88af5d92,ARP-2014,2015-03-06,2016-02-08,unknown,,true,"bloc change located between 2015-03-06 and 2015-03-06; snapshot-derived, exact date unknown",MARSAD_ARP2014
BLM-feae9d35e64c,TNP-00834,BLC-b62977f0e44d,ARP-2014,2016-02-08,2016-12-13,unknown,,true,"bloc change located between 2016-01-08 and 2016-02-08; snapshot-derived, exact date unknown",MARSAD_ARP2014
BLM-e023d30403c1,TNP-00834,BLC-8b5102d2fd97,ARP-2014,2016-12-13,2019-10-05,unknown,,true,"bloc change located between 2016-11-19 and 2016-12-13; snapshot-derived, exact date unknown",MARSAD_ARP2014
BLM-bd51cef73e8b,TNP-00544,BLC-889c30eade24,ARP-2014,2015-03-06,2019-10-05,unknown,,true,"bloc change located between 2015-03-06 and 2015-03-06; snapshot-derived, exact date unknown",MARSAD_ARP2014
BLM-44016cd1cd91,TNP-00835,BLC-b8bc88af5d92,ARP-2014,2015-03-06,2019-05-08,unknown,,true,"bloc change located between 2015-03-06 and 2015-03-06; snapshot-derived, exact date unknown",MARSAD_ARP2014
BLM-f7e656f81703,TNP-00835,BLC-a26d44c82424,ARP-2014,2019-05-08,2019-10-05,unknown,,true,"bloc change located between 2018-10-12 and 2019-05-08; snapshot-derived, exact date unknown",MARSAD_ARP2014
BLM-02da6358c188,TNP-00836,BLC-592be052778e,ARP-2014,2015-03-06,2016-11-19,unknown,,true,"bloc change located between 2015-03-06 and 2015-03-06; snapshot-derived, exact date unknown",MARSAD_ARP2014
BLM-f15ad70ce87b,TNP-00836,BLC-de77eb4f8164,ARP-2014,2016-11-19,2017-12-30,unknown,,true,"bloc change located between 2016-10-17 and 2016-11-19; snapshot-derived, exact date unknown",MARSAD_ARP2014
BLM-462e0adb4ac0,TNP-00836,BLC-d44a7a7102c2,ARP-2014,2017-12-30,2018-10-12,unknown,,true,"bloc change located between 2017-07-05 and 2017-12-30; snapshot-derived, exact date unknown",MARSAD_ARP2014
BLM-39530d5797d4,TNP-00836,BLC-92c2c402d566,ARP-2014,2018-10-12,2019-10-05,unknown,,true,"bloc change located between 2017-12-30 and 2018-10-12; snapshot-derived, exact date unknown",MARSAD_ARP2014
BLM-c5ab1acd14ce,TNP-00837,BLC-889c30eade24,ARP-2014,2015-03-06,2019-10-05,unknown,,true,"bloc change located between 2015-03-06 and 2015-03-06; snapshot-derived, exact date unknown",MARSAD_ARP2014
BLM-10005a509af6,TNP-00838,BLC-b8bc88af5d92,ARP-2014,2015-03-06,2016-02-08,unknown,,true,"bloc change located between 2015-03-06 and 2015-03-06; snapshot-derived, exact date unknown",MARSAD_ARP2014
BLM-08ad9624158d,TNP-00838,BLC-b62977f0e44d,ARP-2014,2016-02-08,2016-12-13,unknown,,true,"bloc change located between 2016-01-08 and 2016-02-08; snapshot-derived, exact date unknown",MARSAD_ARP2014
BLM-ae528309be12,TNP-00838,BLC-8b5102d2fd97,ARP-2014,2016-12-13,2018-10-12,unknown,,true,"bloc change located between 2016-11-19 and 2016-12-13; snapshot-derived, exact date unknown",MARSAD_ARP2014
BLM-39ddbf48b2b2,TNP-00838,BLC-66eb1e512f8a,ARP-2014,2018-10-12,2019-10-05,unknown,,true,"bloc change located between 2017-12-30 and 2018-10-12; snapshot-derived, exact date unknown",MARSAD_ARP2014
BLM-6918f9d49d7e,TNP-00839,BLC-b8bc88af5d92,ARP-2014,2015-03-06,2019-10-05,unknown,,true,"bloc change located between 2015-03-06 and 2015-03-06; snapshot-derived, exact date unknown",MARSAD_ARP2014
BLM-f3c00996c5a3,TNP-00840,BLC-b8bc88af5d92,ARP-2014,2015-03-06,2019-10-05,unknown,,true,"bloc change located between 2015-03-06 and 2015-03-06; snapshot-derived, exact date unknown",MARSAD_ARP2014
BLM-c05a203c87c6,TNP-00841,BLC-b8bc88af5d92,ARP-2014,2015-03-06,2019-10-05,unknown,,true,"bloc change located between 2015-03-06 and 2015-03-06; snapshot-derived, exact date unknown",MARSAD_ARP2014
BLM-451f8e82bf23,TNP-00842,BLC-889c30eade24,ARP-2014,2015-03-06,2019-10-05,unknown,,true,"bloc change located between 2015-03-06 and 2015-03-06; snapshot-derived, exact date unknown",MARSAD_ARP2014
BLM-9c5096a96f78,TNP-00843,BLC-d44a7a7102c2,ARP-2014,2015-03-06,2016-11-19,unknown,,true,"bloc change located between 2015-03-06 and 2015-03-06; snapshot-derived, exact date unknown",MARSAD_ARP2014
BLM-215e1a360e8e,TNP-00843,BLC-de77eb4f8164,ARP-2014,2016-11-19,2019-10-05,unknown,,true,"bloc change located between 2016-10-17 and 2016-11-19; snapshot-derived, exact date unknown",MARSAD_ARP2014
BLM-bb90ef659b55,TNP-00227,BLC-b8bc88af5d92,ARP-2014,2015-03-06,2019-10-05,unknown,,true,"bloc change located between 2015-03-06 and 2015-03-06; snapshot-derived, exact date unknown",MARSAD_ARP2014
BLM-31bb33c947cc,TNP-00844,BLC-b8bc88af5d92,ARP-2014,2015-03-06,2019-05-08,unknown,,true,"bloc change located between 2015-03-06 and 2015-03-06; snapshot-derived, exact date unknown",MARSAD_ARP2014
BLM-0564e0044b70,TNP-00844,BLC-a26d44c82424,ARP-2014,2019-05-08,2019-10-05,unknown,,true,"bloc change located between 2018-10-12 and 2019-05-08; snapshot-derived, exact date unknown",MARSAD_ARP2014
BLM-81e7a5bedb91,TNP-00845,BLC-b8bc88af5d92,ARP-2014,2015-03-06,2019-05-08,unknown,,true,"bloc change located between 2015-03-06 and 2015-03-06; snapshot-derived, exact date unknown",MARSAD_ARP2014
BLM-191b9c2d86f4,TNP-00845,BLC-a26d44c82424,ARP-2014,2019-05-08,2019-10-05,unknown,,true,"bloc change located between 2018-10-12 and 2019-05-08; snapshot-derived, exact date unknown",MARSAD_ARP2014
BLM-ed74b18a49e9,TNP-00846,BLC-d44a7a7102c2,ARP-2014,2015-03-06,2016-11-19,unknown,,true,"bloc change located between 2015-03-06 and 2015-03-06; snapshot-derived, exact date unknown",MARSAD_ARP2014
BLM-137ec55eb9ec,TNP-00846,BLC-de77eb4f8164,ARP-2014,2016-11-19,2019-10-05,unknown,,true,"bloc change located between 2016-10-17 and 2016-11-19; snapshot-derived, exact date unknown",MARSAD_ARP2014
BLM-41fcaa075a51,TNP-00228,BLC-889c30eade24,ARP-2014,2015-03-06,2019-10-05,unknown,,true,"bloc change located between 2015-03-06 and 2015-03-06; snapshot-derived, exact date unknown",MARSAD_ARP2014
BLM-5681bba64cde,TNP-00065,BLC-b8bc88af5d92,ARP-2014,2015-03-06,2019-10-05,unknown,,true,"bloc change located between 2015-03-06 and 2015-03-06; snapshot-derived, exact date unknown",MARSAD_ARP2014
BLM-c4ada04ef678,TNP-00400,BLC-889c30eade24,ARP-2014,2015-03-06,2019-10-05,unknown,,true,"bloc change located between 2015-03-06 and 2015-03-06; snapshot-derived, exact date unknown",MARSAD_ARP2014
BLM-f07c0d3a7827,TNP-00847,BLC-b8bc88af5d92,ARP-2014,2015-03-06,2018-10-12,unknown,,true,"bloc change located between 2015-03-06 and 2015-03-06; snapshot-derived, exact date unknown",MARSAD_ARP2014
BLM-2d647e59bddc,TNP-00847,BLC-66eb1e512f8a,ARP-2014,2018-10-12,2019-10-05,unknown,,true,"bloc change located between 2017-12-30 and 2018-10-12; snapshot-derived, exact date unknown",MARSAD_ARP2014
BLM-cc0eff980993,TNP-00848,BLC-b8bc88af5d92,ARP-2014,2015-03-06,2017-07-05,unknown,,true,"bloc change located between 2015-03-06 and 2015-03-06; snapshot-derived, exact date unknown",MARSAD_ARP2014
BLM-7e756eb481cb,TNP-00848,BLC-d44a7a7102c2,ARP-2014,2017-07-05,2017-12-30,unknown,,true,"bloc change located between 2017-06-02 and 2017-07-05; snapshot-derived, exact date unknown",MARSAD_ARP2014
BLM-a46247df2a8f,TNP-00848,BLC-b8bc88af5d92,ARP-2014,2017-12-30,2018-10-12,unknown,,true,"bloc change located between 2017-07-05 and 2017-12-30; snapshot-derived, exact date unknown",MARSAD_ARP2014
BLM-b9b413e83f48,TNP-00848,BLC-66eb1e512f8a,ARP-2014,2018-10-12,2019-10-05,unknown,,true,"bloc change located between 2017-12-30 and 2018-10-12; snapshot-derived, exact date unknown",MARSAD_ARP2014
BLM-35f313ea8055,TNP-00399,BLC-592be052778e,ARP-2014,2015-03-06,2016-10-17,unknown,,true,"bloc change located between 2015-03-06 and 2015-03-06; snapshot-derived, exact date unknown",MARSAD_ARP2014
BLM-36700d61f74b,TNP-00399,BLC-d44a7a7102c2,ARP-2014,2016-10-17,2016-10-17,unknown,,true,"bloc change located between 2016-09-16 and 2016-10-17; snapshot-derived, exact date unknown",MARSAD_ARP2014
BLM-cb4746fb585d,TNP-00235,BLC-889c30eade24,ARP-2014,2015-03-06,2019-10-05,unknown,,true,"bloc change located between 2015-03-06 and 2015-03-06; snapshot-derived, exact date unknown",MARSAD_ARP2014
BLM-4d1636c273e0,TNP-00236,BLC-889c30eade24,ARP-2014,2015-03-06,2019-10-05,unknown,,true,"bloc change located between 2015-03-06 and 2015-03-06; snapshot-derived, exact date unknown",MARSAD_ARP2014
BLM-3a2eeb3dd2f7,TNP-00849,BLC-b8bc88af5d92,ARP-2014,2015-03-06,2019-05-08,unknown,,true,"bloc change located between 2015-03-06 and 2015-03-06; snapshot-derived, exact date unknown",MARSAD_ARP2014
BLM-dc87ff2eceae,TNP-00849,BLC-a26d44c82424,ARP-2014,2019-05-08,2019-10-05,unknown,,true,"bloc change located between 2018-10-12 and 2019-05-08; snapshot-derived, exact date unknown",MARSAD_ARP2014
BLM-245a25dd9a16,TNP-00850,BLC-8b5102d2fd97,ARP-2014,2019-05-08,2019-10-05,unknown,,true,"bloc change located between 2019-05-08 and 2019-05-08; snapshot-derived, exact date unknown",MARSAD_ARP2014
BLM-0b4601af99f3,TNP-00851,BLC-1eb74c1905cc,ARP-2014,2015-03-06,2019-10-05,unknown,,true,"bloc change located between 2015-03-06 and 2015-03-06; snapshot-derived, exact date unknown",MARSAD_ARP2014
BLM-2dae486b1fc7,TNP-00488,BLC-889c30eade24,ARP-2014,2015-03-06,2019-10-05,unknown,,true,"bloc change located between 2015-03-06 and 2015-03-06; snapshot-derived, exact date unknown",MARSAD_ARP2014
BLM-55df12f98316,TNP-00852,BLC-b8bc88af5d92,ARP-2014,2015-03-06,2019-10-05,unknown,,true,"bloc change located between 2015-03-06 and 2015-03-06; snapshot-derived, exact date unknown",MARSAD_ARP2014
BLM-a53c8b3e9293,TNP-00853,BLC-2593809b7dc2,ARP-2014,2015-03-06,2018-10-12,unknown,,true,"bloc change located between 2015-03-06 and 2015-03-06; snapshot-derived, exact date unknown",MARSAD_ARP2014
BLM-68615a4f774c,TNP-00853,BLC-66eb1e512f8a,ARP-2014,2018-10-12,2019-05-08,unknown,,true,"bloc change located between 2017-12-30 and 2018-10-12; snapshot-derived, exact date unknown",MARSAD_ARP2014
BLM-96a2663c5873,TNP-00853,BLC-d44a7a7102c2,ARP-2014,2019-05-08,2019-10-05,unknown,,true,"bloc change located between 2018-10-12 and 2019-05-08; snapshot-derived, exact date unknown",MARSAD_ARP2014
BLM-4426ec0201f7,TNP-00854,BLC-e3aba10fae18,ARP-2014,2015-03-06,2016-02-08,unknown,,true,"bloc change located between 2015-03-06 and 2015-03-06; snapshot-derived, exact date unknown",MARSAD_ARP2014
BLM-eb72a1c6b067,TNP-00854,BLC-c1c18f25656f,ARP-2014,2016-02-08,2017-04-28,unknown,,true,"bloc change located between 2016-01-08 and 2016-02-08; snapshot-derived, exact date unknown",MARSAD_ARP2014
BLM-16118d8fac2c,TNP-00854,BLC-8e101f3e5c9d,ARP-2014,2017-04-28,2018-10-12,unknown,,true,"bloc change located between 2016-12-13 and 2017-04-28; snapshot-derived, exact date unknown",MARSAD_ARP2014
BLM-b3548c8cac20,TNP-00854,BLC-66eb1e512f8a,ARP-2014,2018-10-12,2019-10-05,unknown,,true,"bloc change located between 2017-12-30 and 2018-10-12; snapshot-derived, exact date unknown",MARSAD_ARP2014
BLM-3b2bcb68f0be,TNP-00855,BLC-889c30eade24,ARP-2014,2016-10-17,2019-10-05,unknown,,true,"bloc change located between 2016-10-17 and 2016-10-17; snapshot-derived, exact date unknown",MARSAD_ARP2014
BLM-49e62de97688,TNP-00856,BLC-b8bc88af5d92,ARP-2014,2015-03-06,2016-09-16,unknown,,true,"bloc change located between 2015-03-06 and 2015-03-06; snapshot-derived, exact date unknown",MARSAD_ARP2014
BLM-7d28c49466f7,TNP-00856,BLC-d44a7a7102c2,ARP-2014,2016-09-16,2016-09-16,unknown,,true,"bloc change located between 2016-02-08 and 2016-09-16; snapshot-derived, exact date unknown",MARSAD_ARP2014
BLM-cfa2d0e5ec1c,TNP-00857,BLC-b8bc88af5d92,ARP-2014,2015-03-06,2016-02-08,unknown,,true,"bloc change located between 2015-03-06 and 2015-03-06; snapshot-derived, exact date unknown",MARSAD_ARP2014
BLM-361942d960c6,TNP-00857,BLC-b62977f0e44d,ARP-2014,2016-02-08,2016-12-13,unknown,,true,"bloc change located between 2016-01-08 and 2016-02-08; snapshot-derived, exact date unknown",MARSAD_ARP2014
BLM-736deab3d2e2,TNP-00857,BLC-8b5102d2fd97,ARP-2014,2016-12-13,2019-10-05,unknown,,true,"bloc change located between 2016-11-19 and 2016-12-13; snapshot-derived, exact date unknown",MARSAD_ARP2014
BLM-7d1de7827ab2,TNP-00419,BLC-b8bc88af5d92,ARP-2014,2015-03-06,2017-07-05,unknown,,true,"bloc change located between 2015-03-06 and 2015-03-06; snapshot-derived, exact date unknown",MARSAD_ARP2014
BLM-08aa3547d264,TNP-00419,BLC-d44a7a7102c2,ARP-2014,2017-07-05,2018-10-12,unknown,,true,"bloc change located between 2017-06-02 and 2017-07-05; snapshot-derived, exact date unknown",MARSAD_ARP2014
BLM-e2cfd8191828,TNP-00419,BLC-92c2c402d566,ARP-2014,2018-10-12,2019-10-05,unknown,,true,"bloc change located between 2017-12-30 and 2018-10-12; snapshot-derived, exact date unknown",MARSAD_ARP2014
BLM-e2d40253c0a0,TNP-00858,BLC-889c30eade24,ARP-2014,2015-03-06,2019-10-05,unknown,,true,"bloc change located between 2015-03-06 and 2015-03-06; snapshot-derived, exact date unknown",MARSAD_ARP2014
BLM-a0f260889006,TNP-00859,BLC-889c30eade24,ARP-2014,2015-03-06,2019-10-05,unknown,,true,"bloc change located between 2015-03-06 and 2015-03-06; snapshot-derived, exact date unknown",MARSAD_ARP2014
BLM-c070b56a2749,TNP-00860,BLC-d44a7a7102c2,ARP-2014,2016-10-17,2016-11-19,unknown,,true,"bloc change located between 2016-10-17 and 2016-10-17; snapshot-derived, exact date unknown",MARSAD_ARP2014
BLM-544dd96b35a8,TNP-00860,BLC-b8bc88af5d92,ARP-2014,2016-11-19,2018-10-12,unknown,,true,"bloc change located between 2016-10-17 and 2016-11-19; snapshot-derived, exact date unknown",MARSAD_ARP2014
BLM-8cdcee0f33e9,TNP-00860,BLC-66eb1e512f8a,ARP-2014,2018-10-12,2019-10-05,unknown,,true,"bloc change located between 2017-12-30 and 2018-10-12; snapshot-derived, exact date unknown",MARSAD_ARP2014
BLM-e53c228e9e40,TNP-00861,BLC-b8bc88af5d92,ARP-2014,2015-03-06,2019-10-05,unknown,,true,"bloc change located between 2015-03-06 and 2015-03-06; snapshot-derived, exact date unknown",MARSAD_ARP2014
BLM-40359c039ce9,TNP-00862,BLC-b8bc88af5d92,ARP-2014,2015-03-06,2019-10-05,unknown,,true,"bloc change located between 2015-03-06 and 2015-03-06; snapshot-derived, exact date unknown",MARSAD_ARP2014
BLM-50c9f634ffea,TNP-00247,BLC-889c30eade24,ARP-2014,2015-03-06,2019-10-05,unknown,,true,"bloc change located between 2015-03-06 and 2015-03-06; snapshot-derived, exact date unknown",MARSAD_ARP2014
BLM-5967939b1724,TNP-00863,BLC-8b5102d2fd97,ARP-2014,2017-12-30,2018-10-12,unknown,,true,"bloc change located between 2017-12-30 and 2017-12-30; snapshot-derived, exact date unknown",MARSAD_ARP2014
BLM-006c7b83aa84,TNP-00863,BLC-66eb1e512f8a,ARP-2014,2018-10-12,2019-10-05,unknown,,true,"bloc change located between 2017-12-30 and 2018-10-12; snapshot-derived, exact date unknown",MARSAD_ARP2014
BLM-8619b0d4b7c8,TNP-00864,BLC-b8bc88af5d92,ARP-2014,2015-03-06,2017-05-29,unknown,,true,"bloc change located between 2015-03-06 and 2015-03-06; snapshot-derived, exact date unknown",MARSAD_ARP2014
BLM-31862f0ed070,TNP-00864,BLC-d44a7a7102c2,ARP-2014,2017-05-29,2017-07-05,unknown,,true,"bloc change located between 2017-04-28 and 2017-05-29; snapshot-derived, exact date unknown",MARSAD_ARP2014
BLM-fde2712d952f,TNP-00864,BLC-8b5102d2fd97,ARP-2014,2017-07-05,2017-07-05,unknown,,true,"bloc change located between 2017-06-02 and 2017-07-05; snapshot-derived, exact date unknown",MARSAD_ARP2014
BLM-fe180855d176,TNP-00865,BLC-b8bc88af5d92,ARP-2014,2015-03-06,2016-04-12,unknown,,true,"bloc change located between 2015-03-06 and 2015-03-06; snapshot-derived, exact date unknown",MARSAD_ARP2014
BLM-b20d0121cef4,TNP-00865,BLC-b62977f0e44d,ARP-2014,2016-04-12,2016-12-13,unknown,,true,"bloc change located between 2016-03-10 and 2016-04-12; snapshot-derived, exact date unknown",MARSAD_ARP2014
BLM-1bc0d5a529b2,TNP-00865,BLC-8b5102d2fd97,ARP-2014,2016-12-13,2017-04-28,unknown,,true,"bloc change located between 2016-11-19 and 2016-12-13; snapshot-derived, exact date unknown",MARSAD_ARP2014
BLM-ca162091c5d0,TNP-00865,BLC-d44a7a7102c2,ARP-2014,2017-04-28,2017-05-29,unknown,,true,"bloc change located between 2016-12-13 and 2017-04-28; snapshot-derived, exact date unknown",MARSAD_ARP2014
BLM-dc1b339ed1a7,TNP-00865,BLC-652eee77ed87,ARP-2014,2017-05-29,2018-10-12,unknown,,true,"bloc change located between 2017-04-28 and 2017-05-29; snapshot-derived, exact date unknown",MARSAD_ARP2014
BLM-2646ecb49fcf,TNP-00865,BLC-66eb1e512f8a,ARP-2014,2018-10-12,2019-10-05,unknown,,true,"bloc change located between 2017-12-30 and 2018-10-12; snapshot-derived, exact date unknown",MARSAD_ARP2014
BLM-92312d99f477,TNP-00866,BLC-889c30eade24,ARP-2014,2015-03-06,2019-10-05,unknown,,true,"bloc change located between 2015-03-06 and 2015-03-06; snapshot-derived, exact date unknown",MARSAD_ARP2014
BLM-6a5c2453fae2,TNP-00867,BLC-b8bc88af5d92,ARP-2014,2015-03-06,2017-04-28,unknown,,true,"bloc change located between 2015-03-06 and 2015-03-06; snapshot-derived, exact date unknown",MARSAD_ARP2014
BLM-78ee0a3f1b05,TNP-00867,BLC-d44a7a7102c2,ARP-2014,2017-04-28,2017-05-29,unknown,,true,"bloc change located between 2016-12-13 and 2017-04-28; snapshot-derived, exact date unknown",MARSAD_ARP2014
BLM-d02ab89087d5,TNP-00867,BLC-652eee77ed87,ARP-2014,2017-05-29,2018-10-12,unknown,,true,"bloc change located between 2017-04-28 and 2017-05-29; snapshot-derived, exact date unknown",MARSAD_ARP2014
BLM-31c778a84a82,TNP-00867,BLC-66eb1e512f8a,ARP-2014,2018-10-12,2019-10-05,unknown,,true,"bloc change located between 2017-12-30 and 2018-10-12; snapshot-derived, exact date unknown",MARSAD_ARP2014
BLM-a18a8a9eef3c,TNP-00868,BLC-b8bc88af5d92,ARP-2014,2015-03-06,2016-02-08,unknown,,true,"bloc change located between 2015-03-06 and 2015-03-06; snapshot-derived, exact date unknown",MARSAD_ARP2014
BLM-472280b3357c,TNP-00868,BLC-b62977f0e44d,ARP-2014,2016-02-08,2016-12-13,unknown,,true,"bloc change located between 2016-01-08 and 2016-02-08; snapshot-derived, exact date unknown",MARSAD_ARP2014
BLM-890998eb1553,TNP-00868,BLC-8b5102d2fd97,ARP-2014,2016-12-13,2019-10-05,unknown,,true,"bloc change located between 2016-11-19 and 2016-12-13; snapshot-derived, exact date unknown",MARSAD_ARP2014
BLM-1e99b7b5f3cf,TNP-00869,BLC-e3aba10fae18,ARP-2014,2015-03-06,2016-02-08,unknown,,true,"bloc change located between 2015-03-06 and 2015-03-06; snapshot-derived, exact date unknown",MARSAD_ARP2014
BLM-6b5fd75aae66,TNP-00869,BLC-c1c18f25656f,ARP-2014,2016-02-08,2017-04-28,unknown,,true,"bloc change located between 2016-01-08 and 2016-02-08; snapshot-derived, exact date unknown",MARSAD_ARP2014
BLM-6d8a11b4f4ff,TNP-00869,BLC-8e101f3e5c9d,ARP-2014,2017-04-28,2018-10-12,unknown,,true,"bloc change located between 2016-12-13 and 2017-04-28; snapshot-derived, exact date unknown",MARSAD_ARP2014
BLM-94e3ec00c9e6,TNP-00869,BLC-66eb1e512f8a,ARP-2014,2018-10-12,2019-10-05,unknown,,true,"bloc change located between 2017-12-30 and 2018-10-12; snapshot-derived, exact date unknown",MARSAD_ARP2014
BLM-631424bdb24d,TNP-00251,BLC-592be052778e,ARP-2014,2015-03-06,2016-07-15,unknown,,true,"bloc change located between 2015-03-06 and 2015-03-06; snapshot-derived, exact date unknown",MARSAD_ARP2014
BLM-46dde78525b8,TNP-00251,BLC-d44a7a7102c2,ARP-2014,2016-07-15,2016-08-15,unknown,,true,"bloc change located between 2016-06-14 and 2016-07-15; snapshot-derived, exact date unknown",MARSAD_ARP2014
BLM-336102fa8995,TNP-00251,BLC-b8bc88af5d92,ARP-2014,2016-08-15,2018-10-12,unknown,,true,"bloc change located between 2016-07-15 and 2016-08-15; snapshot-derived, exact date unknown",MARSAD_ARP2014
BLM-c4ad5ad30d6c,TNP-00251,BLC-66eb1e512f8a,ARP-2014,2018-10-12,2019-10-05,unknown,,true,"bloc change located between 2017-12-30 and 2018-10-12; snapshot-derived, exact date unknown",MARSAD_ARP2014
BLM-96f79fac4d81,TNP-00870,BLC-b8bc88af5d92,ARP-2014,2015-03-06,2019-05-08,unknown,,true,"bloc change located between 2015-03-06 and 2015-03-06; snapshot-derived, exact date unknown",MARSAD_ARP2014
BLM-ede557d5a5f7,TNP-00870,BLC-a26d44c82424,ARP-2014,2019-05-08,2019-10-05,unknown,,true,"bloc change located between 2018-10-12 and 2019-05-08; snapshot-derived, exact date unknown",MARSAD_ARP2014
BLM-85c03d59c5d2,TNP-00494,BLC-d44a7a7102c2,ARP-2014,2015-03-06,2016-11-19,unknown,,true,"bloc change located between 2015-03-06 and 2015-03-06; snapshot-derived, exact date unknown",MARSAD_ARP2014
BLM-fdec2d19ed75,TNP-00494,BLC-de77eb4f8164,ARP-2014,2016-11-19,2019-10-05,unknown,,true,"bloc change located between 2016-10-17 and 2016-11-19; snapshot-derived, exact date unknown",MARSAD_ARP2014
BLM-e0594426dd1e,TNP-00254,BLC-889c30eade24,ARP-2014,2015-03-06,2019-10-05,unknown,,true,"bloc change located between 2015-03-06 and 2015-03-06; snapshot-derived, exact date unknown",MARSAD_ARP2014
BLM-b7d8c47120d3,TNP-00255,BLC-889c30eade24,ARP-2014,2015-03-06,2019-10-05,unknown,,true,"bloc change located between 2015-03-06 and 2015-03-06; snapshot-derived, exact date unknown",MARSAD_ARP2014
BLM-3f5c2716c83d,TNP-00519,BLC-889c30eade24,ARP-2014,2015-03-06,2019-10-05,unknown,,true,"bloc change located between 2015-03-06 and 2015-03-06; snapshot-derived, exact date unknown",MARSAD_ARP2014
BLM-2b2e3c5afcd7,TNP-00871,BLC-2593809b7dc2,ARP-2014,2015-03-06,2018-10-12,unknown,,true,"bloc change located between 2015-03-06 and 2015-03-06; snapshot-derived, exact date unknown",MARSAD_ARP2014
BLM-7c13ca385d4f,TNP-00871,BLC-66eb1e512f8a,ARP-2014,2018-10-12,2019-05-08,unknown,,true,"bloc change located between 2017-12-30 and 2018-10-12; snapshot-derived, exact date unknown",MARSAD_ARP2014
BLM-1b7d83244db3,TNP-00871,BLC-d44a7a7102c2,ARP-2014,2019-05-08,2019-10-05,unknown,,true,"bloc change located between 2018-10-12 and 2019-05-08; snapshot-derived, exact date unknown",MARSAD_ARP2014
BLM-e7f867362cb7,TNP-00872,BLC-66eb1e512f8a,ARP-2014,2018-10-12,2019-10-05,unknown,,true,"bloc change located between 2018-10-12 and 2018-10-12; snapshot-derived, exact date unknown",MARSAD_ARP2014
BLM-afb2bbc921b0,TNP-00262,BLC-8b5102d2fd97,ARP-2014,2017-12-30,2018-10-12,unknown,,true,"bloc change located between 2017-12-30 and 2017-12-30; snapshot-derived, exact date unknown",MARSAD_ARP2014
BLM-cf86b80dee53,TNP-00262,BLC-66eb1e512f8a,ARP-2014,2018-10-12,2019-10-05,unknown,,true,"bloc change located between 2017-12-30 and 2018-10-12; snapshot-derived, exact date unknown",MARSAD_ARP2014
BLM-e876ffc6967d,TNP-00262,BLC-b8bc88af5d92,ARP-2014,2016-03-10,2016-04-12,unknown,,true,"bloc change located between 2016-03-10 and 2016-03-10; snapshot-derived, exact date unknown",MARSAD_ARP2014
BLM-eeae5cff5f55,TNP-00262,BLC-b62977f0e44d,ARP-2014,2016-04-12,2016-12-13,unknown,,true,"bloc change located between 2016-03-10 and 2016-04-12; snapshot-derived, exact date unknown",MARSAD_ARP2014
BLM-3a4cbca52b62,TNP-00262,BLC-8b5102d2fd97,ARP-2014,2016-12-13,2017-07-05,unknown,,true,"bloc change located between 2016-11-19 and 2016-12-13; snapshot-derived, exact date unknown",MARSAD_ARP2014
BLM-880572b8ee3b,TNP-00873,BLC-1eb74c1905cc,ARP-2014,2015-03-06,2019-10-05,unknown,,true,"bloc change located between 2015-03-06 and 2015-03-06; snapshot-derived, exact date unknown",MARSAD_ARP2014
BLM-8af36b2a26dc,TNP-00264,BLC-592be052778e,ARP-2014,2015-03-06,2016-09-16,unknown,,true,"bloc change located between 2015-03-06 and 2015-03-06; snapshot-derived, exact date unknown",MARSAD_ARP2014
BLM-c73bda6a8744,TNP-00496,BLC-889c30eade24,ARP-2014,2015-03-06,2019-10-05,unknown,,true,"bloc change located between 2015-03-06 and 2015-03-06; snapshot-derived, exact date unknown",MARSAD_ARP2014
BLM-bb0db10e0eb4,TNP-00874,BLC-b8bc88af5d92,ARP-2014,2015-03-06,2016-02-08,unknown,,true,"bloc change located between 2015-03-06 and 2015-03-06; snapshot-derived, exact date unknown",MARSAD_ARP2014
BLM-3616f509986b,TNP-00874,BLC-b62977f0e44d,ARP-2014,2016-02-08,2016-12-13,unknown,,true,"bloc change located between 2016-01-08 and 2016-02-08; snapshot-derived, exact date unknown",MARSAD_ARP2014
BLM-692defaa8173,TNP-00874,BLC-8b5102d2fd97,ARP-2014,2016-12-13,2019-10-05,unknown,,true,"bloc change located between 2016-11-19 and 2016-12-13; snapshot-derived, exact date unknown",MARSAD_ARP2014
BLM-558c35b12ed9,TNP-00267,BLC-889c30eade24,ARP-2014,2015-03-06,2019-10-05,unknown,,true,"bloc change located between 2015-03-06 and 2015-03-06; snapshot-derived, exact date unknown",MARSAD_ARP2014
BLM-662ead525483,TNP-00875,BLC-b8bc88af5d92,ARP-2014,2017-04-28,2019-10-05,unknown,,true,"bloc change located between 2017-04-28 and 2017-04-28; snapshot-derived, exact date unknown",MARSAD_ARP2014
BLM-a42a81db3828,TNP-00876,BLC-889c30eade24,ARP-2014,2015-03-06,2019-10-05,unknown,,true,"bloc change located between 2015-03-06 and 2015-03-06; snapshot-derived, exact date unknown",MARSAD_ARP2014
BLM-be292d7fd23d,TNP-00877,BLC-2593809b7dc2,ARP-2014,2015-03-06,2018-10-12,unknown,,true,"bloc change located between 2015-03-06 and 2015-03-06; snapshot-derived, exact date unknown",MARSAD_ARP2014
BLM-4c9d16a3d700,TNP-00877,BLC-66eb1e512f8a,ARP-2014,2018-10-12,2019-05-08,unknown,,true,"bloc change located between 2017-12-30 and 2018-10-12; snapshot-derived, exact date unknown",MARSAD_ARP2014
BLM-f04171d46c3c,TNP-00877,BLC-d44a7a7102c2,ARP-2014,2019-05-08,2019-10-05,unknown,,true,"bloc change located between 2018-10-12 and 2019-05-08; snapshot-derived, exact date unknown",MARSAD_ARP2014
BLM-f944c7eaefd8,TNP-00878,BLC-e3aba10fae18,ARP-2014,2015-03-06,2016-02-08,unknown,,true,"bloc change located between 2015-03-06 and 2015-03-06; snapshot-derived, exact date unknown",MARSAD_ARP2014
BLM-f9246d69ad77,TNP-00878,BLC-c1c18f25656f,ARP-2014,2016-02-08,2017-04-28,unknown,,true,"bloc change located between 2016-01-08 and 2016-02-08; snapshot-derived, exact date unknown",MARSAD_ARP2014
BLM-7b05cb18c6ff,TNP-00878,BLC-8e101f3e5c9d,ARP-2014,2017-04-28,2018-10-12,unknown,,true,"bloc change located between 2016-12-13 and 2017-04-28; snapshot-derived, exact date unknown",MARSAD_ARP2014
BLM-3cb1134a7184,TNP-00878,BLC-66eb1e512f8a,ARP-2014,2018-10-12,2019-10-05,unknown,,true,"bloc change located between 2017-12-30 and 2018-10-12; snapshot-derived, exact date unknown",MARSAD_ARP2014
BLM-a1dbc4faafa8,TNP-00879,BLC-889c30eade24,ARP-2014,2015-03-06,2019-10-05,unknown,,true,"bloc change located between 2015-03-06 and 2015-03-06; snapshot-derived, exact date unknown",MARSAD_ARP2014
BLM-8f25fb981622,TNP-00880,BLC-b8bc88af5d92,ARP-2014,2015-03-06,2019-10-05,unknown,,true,"bloc change located between 2015-03-06 and 2015-03-06; snapshot-derived, exact date unknown",MARSAD_ARP2014
BLM-3e2d85e883dd,TNP-00881,BLC-d44a7a7102c2,ARP-2014,2015-03-06,2016-02-08,unknown,,true,"bloc change located between 2015-03-06 and 2015-03-06; snapshot-derived, exact date unknown",MARSAD_ARP2014
BLM-3d3866885fb7,TNP-00881,BLC-592be052778e,ARP-2014,2016-02-08,2016-11-19,unknown,,true,"bloc change located between 2016-01-08 and 2016-02-08; snapshot-derived, exact date unknown",MARSAD_ARP2014
BLM-dc971704ecfc,TNP-00881,BLC-d44a7a7102c2,ARP-2014,2016-11-19,2017-12-30,unknown,,true,"bloc change located between 2016-10-17 and 2016-11-19; snapshot-derived, exact date unknown",MARSAD_ARP2014
BLM-e57d74704623,TNP-00881,BLC-de77eb4f8164,ARP-2014,2017-12-30,2019-10-05,unknown,,true,"bloc change located between 2017-07-05 and 2017-12-30; snapshot-derived, exact date unknown",MARSAD_ARP2014
BLM-237ee6d5d8a4,TNP-00882,BLC-b8bc88af5d92,ARP-2014,2015-03-06,2019-10-05,unknown,,true,"bloc change located between 2015-03-06 and 2015-03-06; snapshot-derived, exact date unknown",MARSAD_ARP2014
BLM-2553ce34815c,TNP-00883,BLC-b8bc88af5d92,ARP-2014,2015-03-06,2016-02-08,unknown,,true,"bloc change located between 2015-03-06 and 2015-03-06; snapshot-derived, exact date unknown",MARSAD_ARP2014
BLM-5c008b4dd6e3,TNP-00883,BLC-b62977f0e44d,ARP-2014,2016-02-08,2016-07-15,unknown,,true,"bloc change located between 2016-01-08 and 2016-02-08; snapshot-derived, exact date unknown",MARSAD_ARP2014
BLM-011ec023311b,TNP-00883,BLC-b8bc88af5d92,ARP-2014,2016-07-15,2019-05-08,unknown,,true,"bloc change located between 2016-06-14 and 2016-07-15; snapshot-derived, exact date unknown",MARSAD_ARP2014
BLM-cbbd0c513e6e,TNP-00883,BLC-a26d44c82424,ARP-2014,2019-05-08,2019-10-05,unknown,,true,"bloc change located between 2018-10-12 and 2019-05-08; snapshot-derived, exact date unknown",MARSAD_ARP2014
BLM-9f26bffd2355,TNP-00884,BLC-b8bc88af5d92,ARP-2014,2015-03-06,2019-10-05,unknown,,true,"bloc change located between 2015-03-06 and 2015-03-06; snapshot-derived, exact date unknown",MARSAD_ARP2014
BLM-f5bcb44bc0cf,TNP-00885,BLC-889c30eade24,ARP-2014,2015-03-06,2019-10-05,unknown,,true,"bloc change located between 2015-03-06 and 2015-03-06; snapshot-derived, exact date unknown",MARSAD_ARP2014
BLM-1bb4639bf0c0,TNP-00886,BLC-e3aba10fae18,ARP-2014,2015-03-06,2016-02-08,unknown,,true,"bloc change located between 2015-03-06 and 2015-03-06; snapshot-derived, exact date unknown",MARSAD_ARP2014
BLM-d2b06769b41b,TNP-00886,BLC-c1c18f25656f,ARP-2014,2016-02-08,2017-04-28,unknown,,true,"bloc change located between 2016-01-08 and 2016-02-08; snapshot-derived, exact date unknown",MARSAD_ARP2014
BLM-bfc70a6eaf3c,TNP-00886,BLC-8e101f3e5c9d,ARP-2014,2017-04-28,2018-10-12,unknown,,true,"bloc change located between 2016-12-13 and 2017-04-28; snapshot-derived, exact date unknown",MARSAD_ARP2014
BLM-5480464c0199,TNP-00886,BLC-d44a7a7102c2,ARP-2014,2018-10-12,2019-05-08,unknown,,true,"bloc change located between 2017-12-30 and 2018-10-12; snapshot-derived, exact date unknown",MARSAD_ARP2014
BLM-8eb3dba8e12c,TNP-00886,BLC-a26d44c82424,ARP-2014,2019-05-08,2019-10-05,unknown,,true,"bloc change located between 2018-10-12 and 2019-05-08; snapshot-derived, exact date unknown",MARSAD_ARP2014
BLM-99407d80ce00,TNP-00887,BLC-b8bc88af5d92,ARP-2014,2015-03-06,2018-10-12,unknown,,true,"bloc change located between 2015-03-06 and 2015-03-06; snapshot-derived, exact date unknown",MARSAD_ARP2014
BLM-492273d3ff22,TNP-00887,BLC-92c2c402d566,ARP-2014,2018-10-12,2019-05-08,unknown,,true,"bloc change located between 2017-12-30 and 2018-10-12; snapshot-derived, exact date unknown",MARSAD_ARP2014
BLM-a6bad5a8bcdc,TNP-00887,BLC-8b5102d2fd97,ARP-2014,2019-05-08,2019-10-05,unknown,,true,"bloc change located between 2018-10-12 and 2019-05-08; snapshot-derived, exact date unknown",MARSAD_ARP2014
BLM-018a4364a171,TNP-00888,BLC-b8bc88af5d92,ARP-2014,2015-03-06,2018-10-12,unknown,,true,"bloc change located between 2015-03-06 and 2015-03-06; snapshot-derived, exact date unknown",MARSAD_ARP2014
BLM-9f61053a488c,TNP-00888,BLC-66eb1e512f8a,ARP-2014,2018-10-12,2019-10-05,unknown,,true,"bloc change located between 2017-12-30 and 2018-10-12; snapshot-derived, exact date unknown",MARSAD_ARP2014
BLM-9788e098afd8,TNP-00889,BLC-889c30eade24,ARP-2014,2015-03-06,2019-10-05,unknown,,true,"bloc change located between 2015-03-06 and 2015-03-06; snapshot-derived, exact date unknown",MARSAD_ARP2014
BLM-b2539d7ad5db,TNP-00276,BLC-b8bc88af5d92,ARP-2014,2015-03-06,2017-12-30,unknown,,true,"bloc change located between 2015-03-06 and 2015-03-06; snapshot-derived, exact date unknown",MARSAD_ARP2014
BLM-0c97d44011cf,TNP-00890,BLC-889c30eade24,ARP-2014,2015-03-06,2019-10-05,unknown,,true,"bloc change located between 2015-03-06 and 2015-03-06; snapshot-derived, exact date unknown",MARSAD_ARP2014
BLM-77f843c9a0c2,TNP-00892,BLC-889c30eade24,ARP-2014,2015-03-06,2019-10-05,unknown,,true,"bloc change located between 2015-03-06 and 2015-03-06; snapshot-derived, exact date unknown",MARSAD_ARP2014
BLM-a6703e905a9a,TNP-00893,BLC-889c30eade24,ARP-2014,2015-03-06,2019-10-05,unknown,,true,"bloc change located between 2015-03-06 and 2015-03-06; snapshot-derived, exact date unknown",MARSAD_ARP2014
BLM-ba676305f39b,TNP-00894,BLC-b8bc88af5d92,ARP-2014,2015-03-06,2016-02-08,unknown,,true,"bloc change located between 2015-03-06 and 2015-03-06; snapshot-derived, exact date unknown",MARSAD_ARP2014
BLM-93780c4c996a,TNP-00894,BLC-b62977f0e44d,ARP-2014,2016-02-08,2016-12-13,unknown,,true,"bloc change located between 2016-01-08 and 2016-02-08; snapshot-derived, exact date unknown",MARSAD_ARP2014
BLM-57bb9d1ff54c,TNP-00894,BLC-8b5102d2fd97,ARP-2014,2016-12-13,2019-10-05,unknown,,true,"bloc change located between 2016-11-19 and 2016-12-13; snapshot-derived, exact date unknown",MARSAD_ARP2014
BLM-680d8d6659e6,TNP-00895,BLC-b8bc88af5d92,ARP-2014,2016-11-19,2016-12-13,unknown,,true,"bloc change located between 2016-11-19 and 2016-11-19; snapshot-derived, exact date unknown",MARSAD_ARP2014
BLM-8c411eea1a53,TNP-00896,BLC-b8bc88af5d92,ARP-2014,2015-03-06,2016-02-08,unknown,,true,"bloc change located between 2015-03-06 and 2015-03-06; snapshot-derived, exact date unknown",MARSAD_ARP2014
BLM-ef6af73dd54d,TNP-00896,BLC-b62977f0e44d,ARP-2014,2016-02-08,2016-07-15,unknown,,true,"bloc change located between 2016-01-08 and 2016-02-08; snapshot-derived, exact date unknown",MARSAD_ARP2014
BLM-789fd67e301c,TNP-00896,BLC-b8bc88af5d92,ARP-2014,2016-07-15,2018-10-12,unknown,,true,"bloc change located between 2016-06-14 and 2016-07-15; snapshot-derived, exact date unknown",MARSAD_ARP2014
BLM-62f68aadee03,TNP-00896,BLC-66eb1e512f8a,ARP-2014,2018-10-12,2019-10-05,unknown,,true,"bloc change located between 2017-12-30 and 2018-10-12; snapshot-derived, exact date unknown",MARSAD_ARP2014
BLM-5dc9343d3596,TNP-00897,BLC-b8bc88af5d92,ARP-2014,2015-03-06,2019-10-05,unknown,,true,"bloc change located between 2015-03-06 and 2015-03-06; snapshot-derived, exact date unknown",MARSAD_ARP2014
BLM-3c38a0d0b8e0,TNP-00898,BLC-b8bc88af5d92,ARP-2014,2015-03-06,2019-05-08,unknown,,true,"bloc change located between 2015-03-06 and 2015-03-06; snapshot-derived, exact date unknown",MARSAD_ARP2014
BLM-cfcb028d7ef6,TNP-00898,BLC-a26d44c82424,ARP-2014,2019-05-08,2019-10-05,unknown,,true,"bloc change located between 2018-10-12 and 2019-05-08; snapshot-derived, exact date unknown",MARSAD_ARP2014
BLM-698f206e43ad,TNP-00899,BLC-889c30eade24,ARP-2014,2015-03-06,2019-10-05,unknown,,true,"bloc change located between 2015-03-06 and 2015-03-06; snapshot-derived, exact date unknown",MARSAD_ARP2014
BLM-b2411095555e,TNP-00900,BLC-b8bc88af5d92,ARP-2014,2015-03-06,2016-04-12,unknown,,true,"bloc change located between 2015-03-06 and 2015-03-06; snapshot-derived, exact date unknown",MARSAD_ARP2014
BLM-1a0083d91bd5,TNP-00900,BLC-b62977f0e44d,ARP-2014,2016-04-12,2016-12-13,unknown,,true,"bloc change located between 2016-03-10 and 2016-04-12; snapshot-derived, exact date unknown",MARSAD_ARP2014
BLM-5dc26aa054ba,TNP-00900,BLC-8b5102d2fd97,ARP-2014,2016-12-13,2019-10-05,unknown,,true,"bloc change located between 2016-11-19 and 2016-12-13; snapshot-derived, exact date unknown",MARSAD_ARP2014
BLM-def5ee0f7064,TNP-00285,BLC-889c30eade24,ARP-2014,2015-03-06,2019-10-05,unknown,,true,"bloc change located between 2015-03-06 and 2015-03-06; snapshot-derived, exact date unknown",MARSAD_ARP2014
BLM-ba5576b247c9,TNP-00901,BLC-2593809b7dc2,ARP-2014,2015-03-06,2016-09-16,unknown,,true,"bloc change located between 2015-03-06 and 2015-03-06; snapshot-derived, exact date unknown",MARSAD_ARP2014
BLM-edf251de69d4,TNP-00901,BLC-d44a7a7102c2,ARP-2014,2016-09-16,2016-09-16,unknown,,true,"bloc change located between 2016-02-08 and 2016-09-16; snapshot-derived, exact date unknown",MARSAD_ARP2014
BLM-bce1a843064a,TNP-00902,BLC-b8bc88af5d92,ARP-2014,2015-03-06,2018-10-12,unknown,,true,"bloc change located between 2015-03-06 and 2015-03-06; snapshot-derived, exact date unknown",MARSAD_ARP2014
BLM-4b1b22c2ee62,TNP-00902,BLC-66eb1e512f8a,ARP-2014,2018-10-12,2019-10-05,unknown,,true,"bloc change located between 2017-12-30 and 2018-10-12; snapshot-derived, exact date unknown",MARSAD_ARP2014
BLM-b41a62cc8ee0,TNP-00903,BLC-b8bc88af5d92,ARP-2014,2015-03-06,2016-02-08,unknown,,true,"bloc change located between 2015-03-06 and 2015-03-06; snapshot-derived, exact date unknown",MARSAD_ARP2014
BLM-8498d693151e,TNP-00903,BLC-b62977f0e44d,ARP-2014,2016-02-08,2016-12-13,unknown,,true,"bloc change located between 2016-01-08 and 2016-02-08; snapshot-derived, exact date unknown",MARSAD_ARP2014
BLM-881173bdcd1b,TNP-00903,BLC-d44a7a7102c2,ARP-2014,2016-12-13,2017-05-29,unknown,,true,"bloc change located between 2016-11-19 and 2016-12-13; snapshot-derived, exact date unknown",MARSAD_ARP2014
BLM-68299b7d00b8,TNP-00903,BLC-652eee77ed87,ARP-2014,2017-05-29,2018-10-12,unknown,,true,"bloc change located between 2017-04-28 and 2017-05-29; snapshot-derived, exact date unknown",MARSAD_ARP2014
BLM-5c47d5089ebe,TNP-00903,BLC-d44a7a7102c2,ARP-2014,2018-10-12,2019-10-05,unknown,,true,"bloc change located between 2017-12-30 and 2018-10-12; snapshot-derived, exact date unknown",MARSAD_ARP2014
BLM-ee4ba1d11f42,TNP-00904,BLC-b8bc88af5d92,ARP-2014,2015-03-06,2019-10-05,unknown,,true,"bloc change located between 2015-03-06 and 2015-03-06; snapshot-derived, exact date unknown",MARSAD_ARP2014
BLM-14e1e8099cc0,TNP-00289,BLC-1eb74c1905cc,ARP-2014,2015-03-06,2019-10-05,unknown,,true,"bloc change located between 2015-03-06 and 2015-03-06; snapshot-derived, exact date unknown",MARSAD_ARP2014
BLM-37e1afe4dc56,TNP-00526,BLC-889c30eade24,ARP-2014,2015-03-06,2019-10-05,unknown,,true,"bloc change located between 2015-03-06 and 2015-03-06; snapshot-derived, exact date unknown",MARSAD_ARP2014
BLM-bdb79d57059e,TNP-00905,BLC-b8bc88af5d92,ARP-2014,2015-03-06,2019-10-05,unknown,,true,"bloc change located between 2015-03-06 and 2015-03-06; snapshot-derived, exact date unknown",MARSAD_ARP2014
BLM-241f2337f888,TNP-00906,BLC-1eb74c1905cc,ARP-2014,2015-03-06,2019-10-05,unknown,,true,"bloc change located between 2015-03-06 and 2015-03-06; snapshot-derived, exact date unknown",MARSAD_ARP2014
BLM-a9a7a373c3b7,TNP-00295,BLC-b8bc88af5d92,ARP-2014,2015-03-06,2016-02-08,unknown,,true,"bloc change located between 2015-03-06 and 2015-03-06; snapshot-derived, exact date unknown",MARSAD_ARP2014
BLM-e9b50ceaddc4,TNP-00295,BLC-b62977f0e44d,ARP-2014,2016-02-08,2016-12-13,unknown,,true,"bloc change located between 2016-01-08 and 2016-02-08; snapshot-derived, exact date unknown",MARSAD_ARP2014
BLM-ad3a87bce1d3,TNP-00295,BLC-8b5102d2fd97,ARP-2014,2016-12-13,2017-04-28,unknown,,true,"bloc change located between 2016-11-19 and 2016-12-13; snapshot-derived, exact date unknown",MARSAD_ARP2014
BLM-31a3e146ba17,TNP-00295,BLC-d44a7a7102c2,ARP-2014,2017-04-28,2017-05-29,unknown,,true,"bloc change located between 2016-12-13 and 2017-04-28; snapshot-derived, exact date unknown",MARSAD_ARP2014
BLM-bfd49afc1198,TNP-00295,BLC-652eee77ed87,ARP-2014,2017-05-29,2018-10-12,unknown,,true,"bloc change located between 2017-04-28 and 2017-05-29; snapshot-derived, exact date unknown",MARSAD_ARP2014
BLM-8e5b32102979,TNP-00295,BLC-66eb1e512f8a,ARP-2014,2018-10-12,2019-10-05,unknown,,true,"bloc change located between 2017-12-30 and 2018-10-12; snapshot-derived, exact date unknown",MARSAD_ARP2014
BLM-f72e1f0c2ace,TNP-00145,BLC-592be052778e,ARP-2014,2015-03-06,2016-07-15,unknown,,true,"bloc change located between 2015-03-06 and 2015-03-06; snapshot-derived, exact date unknown",MARSAD_ARP2014
BLM-95695135110b,TNP-00145,BLC-d44a7a7102c2,ARP-2014,2016-07-15,2016-08-15,unknown,,true,"bloc change located between 2016-06-14 and 2016-07-15; snapshot-derived, exact date unknown",MARSAD_ARP2014
BLM-c7aa8f22c7cc,TNP-00145,BLC-b8bc88af5d92,ARP-2014,2016-08-15,2017-04-28,unknown,,true,"bloc change located between 2016-07-15 and 2016-08-15; snapshot-derived, exact date unknown",MARSAD_ARP2014
BLM-f8cf6cce344c,TNP-00145,BLC-d44a7a7102c2,ARP-2014,2017-04-28,2017-07-05,unknown,,true,"bloc change located between 2016-12-13 and 2017-04-28; snapshot-derived, exact date unknown",MARSAD_ARP2014
BLM-7ed9d7055bee,TNP-00145,BLC-8b5102d2fd97,ARP-2014,2017-07-05,2018-10-12,unknown,,true,"bloc change located between 2017-06-02 and 2017-07-05; snapshot-derived, exact date unknown",MARSAD_ARP2014
BLM-afb6188d5223,TNP-00145,BLC-66eb1e512f8a,ARP-2014,2018-10-12,2019-10-05,unknown,,true,"bloc change located between 2017-12-30 and 2018-10-12; snapshot-derived, exact date unknown",MARSAD_ARP2014
BLM-afc2689fe59e,TNP-00907,BLC-889c30eade24,ARP-2014,2015-03-06,2017-12-30,unknown,,true,"bloc change located between 2015-03-06 and 2015-03-06; snapshot-derived, exact date unknown",MARSAD_ARP2014
BLM-8409d4c990c8,TNP-00907,BLC-d44a7a7102c2,ARP-2014,2017-12-30,2018-10-12,unknown,,true,"bloc change located between 2017-07-05 and 2017-12-30; snapshot-derived, exact date unknown",MARSAD_ARP2014
BLM-7d81f0721938,TNP-00907,BLC-92c2c402d566,ARP-2014,2018-10-12,2019-10-05,unknown,,true,"bloc change located between 2017-12-30 and 2018-10-12; snapshot-derived, exact date unknown",MARSAD_ARP2014
BLM-3ad4fe6a1824,TNP-00908,BLC-b8bc88af5d92,ARP-2014,2015-03-06,2016-02-08,unknown,,true,"bloc change located between 2015-03-06 and 2015-03-06; snapshot-derived, exact date unknown",MARSAD_ARP2014
BLM-4a55eb395ce1,TNP-00908,BLC-b62977f0e44d,ARP-2014,2016-02-08,2016-12-13,unknown,,true,"bloc change located between 2016-01-08 and 2016-02-08; snapshot-derived, exact date unknown",MARSAD_ARP2014
BLM-66a43502d113,TNP-00908,BLC-8b5102d2fd97,ARP-2014,2016-12-13,2019-10-05,unknown,,true,"bloc change located between 2016-11-19 and 2016-12-13; snapshot-derived, exact date unknown",MARSAD_ARP2014
BLM-58e5d2960403,TNP-00909,BLC-b8bc88af5d92,ARP-2014,2015-03-06,2017-04-28,unknown,,true,"bloc change located between 2015-03-06 and 2015-03-06; snapshot-derived, exact date unknown",MARSAD_ARP2014
BLM-1c198344e083,TNP-00909,BLC-d44a7a7102c2,ARP-2014,2017-04-28,2017-05-29,unknown,,true,"bloc change located between 2016-12-13 and 2017-04-28; snapshot-derived, exact date unknown",MARSAD_ARP2014
BLM-57f5ebcd92d7,TNP-00909,BLC-652eee77ed87,ARP-2014,2017-05-29,2018-10-12,unknown,,true,"bloc change located between 2017-04-28 and 2017-05-29; snapshot-derived, exact date unknown",MARSAD_ARP2014
BLM-1a74fc8e52a7,TNP-00909,BLC-66eb1e512f8a,ARP-2014,2018-10-12,2019-10-05,unknown,,true,"bloc change located between 2017-12-30 and 2018-10-12; snapshot-derived, exact date unknown",MARSAD_ARP2014
BLM-3d052577cf3d,TNP-00910,BLC-b8bc88af5d92,ARP-2014,2015-03-06,2019-10-05,unknown,,true,"bloc change located between 2015-03-06 and 2015-03-06; snapshot-derived, exact date unknown",MARSAD_ARP2014
BLM-e2ab15d7589c,TNP-00299,BLC-889c30eade24,ARP-2014,2015-03-06,2019-10-05,unknown,,true,"bloc change located between 2015-03-06 and 2015-03-06; snapshot-derived, exact date unknown",MARSAD_ARP2014
BLM-4975b0c905db,TNP-00911,BLC-b8bc88af5d92,ARP-2014,2015-03-06,2019-10-05,unknown,,true,"bloc change located between 2015-03-06 and 2015-03-06; snapshot-derived, exact date unknown",MARSAD_ARP2014
BLM-13a848f67355,TNP-00301,BLC-889c30eade24,ARP-2014,2015-03-06,2019-10-05,unknown,,true,"bloc change located between 2015-03-06 and 2015-03-06; snapshot-derived, exact date unknown",MARSAD_ARP2014
BLM-98c6f3130940,TNP-00303,BLC-8b5102d2fd97,ARP-2014,2018-10-12,2019-10-05,unknown,,true,"bloc change located between 2018-10-12 and 2018-10-12; snapshot-derived, exact date unknown",MARSAD_ARP2014
BLM-a8d001a94a31,TNP-00912,BLC-1eb74c1905cc,ARP-2014,2015-03-06,2019-10-05,unknown,,true,"bloc change located between 2015-03-06 and 2015-03-06; snapshot-derived, exact date unknown",MARSAD_ARP2014
BLM-c883ae61a5bc,TNP-00305,BLC-d44a7a7102c2,ARP-2014,2015-03-06,2016-11-19,unknown,,true,"bloc change located between 2015-03-06 and 2015-03-06; snapshot-derived, exact date unknown",MARSAD_ARP2014
BLM-f14e0f16c020,TNP-00305,BLC-de77eb4f8164,ARP-2014,2016-11-19,2019-10-05,unknown,,true,"bloc change located between 2016-10-17 and 2016-11-19; snapshot-derived, exact date unknown",MARSAD_ARP2014
BLM-5e14806100d2,TNP-00913,BLC-b8bc88af5d92,ARP-2014,2015-08-01,2019-10-05,unknown,,true,"bloc change located between 2015-08-01 and 2015-08-01; snapshot-derived, exact date unknown",MARSAD_ARP2014
BLM-137f175699b1,TNP-00914,BLC-2593809b7dc2,ARP-2014,2015-03-06,2016-04-12,unknown,,true,"bloc change located between 2015-03-06 and 2015-03-06; snapshot-derived, exact date unknown",MARSAD_ARP2014
BLM-534070cffc98,TNP-00914,BLC-d44a7a7102c2,ARP-2014,2016-04-12,2016-05-14,unknown,,true,"bloc change located between 2016-03-10 and 2016-04-12; snapshot-derived, exact date unknown",MARSAD_ARP2014
BLM-f06874645eb9,TNP-00914,BLC-b8bc88af5d92,ARP-2014,2016-05-14,2016-11-19,unknown,,true,"bloc change located between 2016-04-12 and 2016-05-14; snapshot-derived, exact date unknown",MARSAD_ARP2014
BLM-c7cb0a10d410,TNP-00914,BLC-d44a7a7102c2,ARP-2014,2016-11-19,2017-04-28,unknown,,true,"bloc change located between 2016-10-17 and 2016-11-19; snapshot-derived, exact date unknown",MARSAD_ARP2014
BLM-7ee3a6d73abc,TNP-00914,BLC-8b5102d2fd97,ARP-2014,2017-04-28,2017-12-30,unknown,,true,"bloc change located between 2016-12-13 and 2017-04-28; snapshot-derived, exact date unknown",MARSAD_ARP2014
BLM-88e67fba1d17,TNP-00914,BLC-d44a7a7102c2,ARP-2014,2017-12-30,2018-10-12,unknown,,true,"bloc change located between 2017-07-05 and 2017-12-30; snapshot-derived, exact date unknown",MARSAD_ARP2014
BLM-925c0f143348,TNP-00914,BLC-92c2c402d566,ARP-2014,2018-10-12,2019-10-05,unknown,,true,"bloc change located between 2017-12-30 and 2018-10-12; snapshot-derived, exact date unknown",MARSAD_ARP2014
BLM-d739c32ac245,TNP-00309,BLC-889c30eade24,ARP-2014,2015-03-06,2019-10-05,unknown,,true,"bloc change located between 2015-03-06 and 2015-03-06; snapshot-derived, exact date unknown",MARSAD_ARP2014
BLM-5f10fb8ebdf1,TNP-00540,BLC-2593809b7dc2,ARP-2014,2015-03-06,2018-10-12,unknown,,true,"bloc change located between 2015-03-06 and 2015-03-06; snapshot-derived, exact date unknown",MARSAD_ARP2014
BLM-f4816a5912ca,TNP-00540,BLC-66eb1e512f8a,ARP-2014,2018-10-12,2019-05-08,unknown,,true,"bloc change located between 2017-12-30 and 2018-10-12; snapshot-derived, exact date unknown",MARSAD_ARP2014
BLM-d5cf20798b8c,TNP-00540,BLC-b8bc88af5d92,ARP-2014,2019-05-08,2019-10-05,unknown,,true,"bloc change located between 2018-10-12 and 2019-05-08; snapshot-derived, exact date unknown",MARSAD_ARP2014
BLM-f72230366ea8,TNP-00915,BLC-d44a7a7102c2,ARP-2014,2015-03-06,2016-02-08,unknown,,true,"bloc change located between 2015-03-06 and 2015-03-06; snapshot-derived, exact date unknown",MARSAD_ARP2014
BLM-4071647b03b6,TNP-00915,BLC-c1c18f25656f,ARP-2014,2016-02-08,2017-04-28,unknown,,true,"bloc change located between 2016-01-08 and 2016-02-08; snapshot-derived, exact date unknown",MARSAD_ARP2014
BLM-5f72beef30a1,TNP-00915,BLC-8e101f3e5c9d,ARP-2014,2017-04-28,2018-10-12,unknown,,true,"bloc change located between 2016-12-13 and 2017-04-28; snapshot-derived, exact date unknown",MARSAD_ARP2014
BLM-bef4a46e9641,TNP-00915,BLC-66eb1e512f8a,ARP-2014,2018-10-12,2019-10-05,unknown,,true,"bloc change located between 2017-12-30 and 2018-10-12; snapshot-derived, exact date unknown",MARSAD_ARP2014
BLM-4225830f7a68,TNP-00916,BLC-2593809b7dc2,ARP-2014,2016-03-10,2018-10-12,unknown,,true,"bloc change located between 2016-03-10 and 2016-03-10; snapshot-derived, exact date unknown",MARSAD_ARP2014
BLM-d186a04ab5b8,TNP-00916,BLC-66eb1e512f8a,ARP-2014,2018-10-12,2019-05-08,unknown,,true,"bloc change located between 2017-12-30 and 2018-10-12; snapshot-derived, exact date unknown",MARSAD_ARP2014
BLM-bb43154c4a4f,TNP-00916,BLC-b8bc88af5d92,ARP-2014,2019-05-08,2019-10-05,unknown,,true,"bloc change located between 2018-10-12 and 2019-05-08; snapshot-derived, exact date unknown",MARSAD_ARP2014
BLM-b66e8e1b7ce5,TNP-00917,BLC-b8bc88af5d92,ARP-2014,2015-03-06,2016-04-12,unknown,,true,"bloc change located between 2015-03-06 and 2015-03-06; snapshot-derived, exact date unknown",MARSAD_ARP2014
BLM-15efb3b4ce72,TNP-00917,BLC-d44a7a7102c2,ARP-2014,2016-04-12,2019-10-05,unknown,,true,"bloc change located between 2016-03-10 and 2016-04-12; snapshot-derived, exact date unknown",MARSAD_ARP2014
BLM-fbb668463f4d,TNP-00918,BLC-b8bc88af5d92,ARP-2014,2015-03-06,2019-10-05,unknown,,true,"bloc change located between 2015-03-06 and 2015-03-06; snapshot-derived, exact date unknown",MARSAD_ARP2014
BLM-17163438a505,TNP-00375,BLC-889c30eade24,ARP-2014,2015-03-06,2017-07-05,unknown,,true,"bloc change located between 2015-03-06 and 2015-03-06; snapshot-derived, exact date unknown",MARSAD_ARP2014
BLM-d8ef03b48201,TNP-00314,BLC-889c30eade24,ARP-2014,2017-12-30,2019-10-05,unknown,,true,"bloc change located between 2017-12-30 and 2017-12-30; snapshot-derived, exact date unknown",MARSAD_ARP2014
BLM-a91fcfa85e64,TNP-00919,BLC-b8bc88af5d92,ARP-2014,2015-03-06,2016-02-08,unknown,,true,"bloc change located between 2015-03-06 and 2015-03-06; snapshot-derived, exact date unknown",MARSAD_ARP2014
BLM-a9408be4e7ab,TNP-00919,BLC-b62977f0e44d,ARP-2014,2016-02-08,2016-12-13,unknown,,true,"bloc change located between 2016-01-08 and 2016-02-08; snapshot-derived, exact date unknown",MARSAD_ARP2014
BLM-e5f24aaa8af7,TNP-00919,BLC-8b5102d2fd97,ARP-2014,2016-12-13,2019-10-05,unknown,,true,"bloc change located between 2016-11-19 and 2016-12-13; snapshot-derived, exact date unknown",MARSAD_ARP2014
BLM-8a09534bd34c,TNP-00920,BLC-889c30eade24,ARP-2014,2015-03-06,2019-10-05,unknown,,true,"bloc change located between 2015-03-06 and 2015-03-06; snapshot-derived, exact date unknown",MARSAD_ARP2014
BLM-66e324e8a91b,TNP-00921,BLC-889c30eade24,ARP-2014,2015-03-06,2019-10-05,unknown,,true,"bloc change located between 2015-03-06 and 2015-03-06; snapshot-derived, exact date unknown",MARSAD_ARP2014
BLM-00992b9d86ea,TNP-00111,BLC-d44a7a7102c2,ARP-2014,2015-03-06,2016-02-08,unknown,,true,"bloc change located between 2015-03-06 and 2015-03-06; snapshot-derived, exact date unknown",MARSAD_ARP2014
BLM-22135741e1df,TNP-00111,BLC-c1c18f25656f,ARP-2014,2016-02-08,2017-04-28,unknown,,true,"bloc change located between 2016-01-08 and 2016-02-08; snapshot-derived, exact date unknown",MARSAD_ARP2014
BLM-2c216f2e666e,TNP-00111,BLC-8e101f3e5c9d,ARP-2014,2017-04-28,2018-10-12,unknown,,true,"bloc change located between 2016-12-13 and 2017-04-28; snapshot-derived, exact date unknown",MARSAD_ARP2014
BLM-7e7994d76154,TNP-00111,BLC-92c2c402d566,ARP-2014,2018-10-12,2019-10-05,unknown,,true,"bloc change located between 2017-12-30 and 2018-10-12; snapshot-derived, exact date unknown",MARSAD_ARP2014
BLM-67853ba4aa71,TNP-00922,BLC-e3aba10fae18,ARP-2014,2015-03-06,2016-02-08,unknown,,true,"bloc change located between 2015-03-06 and 2015-03-06; snapshot-derived, exact date unknown",MARSAD_ARP2014
BLM-fd4f367e2e3b,TNP-00922,BLC-c1c18f25656f,ARP-2014,2016-02-08,2016-09-16,unknown,,true,"bloc change located between 2016-01-08 and 2016-02-08; snapshot-derived, exact date unknown",MARSAD_ARP2014
BLM-13aff54806d2,TNP-00922,BLC-d44a7a7102c2,ARP-2014,2016-09-16,2016-09-16,unknown,,true,"bloc change located between 2016-08-15 and 2016-09-16; snapshot-derived, exact date unknown",MARSAD_ARP2014
BLM-fe04a1e8fd51,TNP-00319,BLC-b8bc88af5d92,ARP-2014,2015-03-06,2019-10-05,unknown,,true,"bloc change located between 2015-03-06 and 2015-03-06; snapshot-derived, exact date unknown",MARSAD_ARP2014
BLM-2ca812df6ac5,TNP-00115,BLC-d44a7a7102c2,ARP-2014,2015-03-06,2016-11-19,unknown,,true,"bloc change located between 2015-03-06 and 2015-03-06; snapshot-derived, exact date unknown",MARSAD_ARP2014
BLM-1f899eed3f02,TNP-00115,BLC-de77eb4f8164,ARP-2014,2016-11-19,2019-10-05,unknown,,true,"bloc change located between 2016-10-17 and 2016-11-19; snapshot-derived, exact date unknown",MARSAD_ARP2014
BLM-836f297a6e90,TNP-00923,BLC-2593809b7dc2,ARP-2014,2015-03-06,2016-05-14,unknown,,true,"bloc change located between 2015-03-06 and 2015-03-06; snapshot-derived, exact date unknown",MARSAD_ARP2014
BLM-457a00b33c5a,TNP-00923,BLC-b8bc88af5d92,ARP-2014,2016-05-14,2018-10-12,unknown,,true,"bloc change located between 2016-04-12 and 2016-05-14; snapshot-derived, exact date unknown",MARSAD_ARP2014
BLM-a4eeae8d35e7,TNP-00923,BLC-66eb1e512f8a,ARP-2014,2018-10-12,2019-05-08,unknown,,true,"bloc change located between 2017-12-30 and 2018-10-12; snapshot-derived, exact date unknown",MARSAD_ARP2014
BLM-5696d9d7f90d,TNP-00923,BLC-d44a7a7102c2,ARP-2014,2019-05-08,2019-10-05,unknown,,true,"bloc change located between 2018-10-12 and 2019-05-08; snapshot-derived, exact date unknown",MARSAD_ARP2014
BLM-20d2a453bb97,TNP-00429,BLC-e3aba10fae18,ARP-2014,2015-03-06,2016-02-08,unknown,,true,"bloc change located between 2015-03-06 and 2015-03-06; snapshot-derived, exact date unknown",MARSAD_ARP2014
BLM-166622bd56e4,TNP-00429,BLC-c1c18f25656f,ARP-2014,2016-02-08,2017-04-28,unknown,,true,"bloc change located between 2016-01-08 and 2016-02-08; snapshot-derived, exact date unknown",MARSAD_ARP2014
BLM-51da6eac694a,TNP-00429,BLC-8e101f3e5c9d,ARP-2014,2017-04-28,2018-10-12,unknown,,true,"bloc change located between 2016-12-13 and 2017-04-28; snapshot-derived, exact date unknown",MARSAD_ARP2014
BLM-406814e7fdd8,TNP-00429,BLC-d44a7a7102c2,ARP-2014,2018-10-12,2019-05-08,unknown,,true,"bloc change located between 2017-12-30 and 2018-10-12; snapshot-derived, exact date unknown",MARSAD_ARP2014
BLM-21bd7a9d8b0e,TNP-00429,BLC-92c2c402d566,ARP-2014,2019-05-08,2019-10-05,unknown,,true,"bloc change located between 2018-10-12 and 2019-05-08; snapshot-derived, exact date unknown",MARSAD_ARP2014
BLM-d46c41bf4eb2,TNP-00428,BLC-d44a7a7102c2,ARP-2014,2015-03-06,2016-02-08,unknown,,true,"bloc change located between 2015-03-06 and 2015-03-06; snapshot-derived, exact date unknown",MARSAD_ARP2014
BLM-6d1ee123b0b9,TNP-00428,BLC-592be052778e,ARP-2014,2016-02-08,2016-11-19,unknown,,true,"bloc change located between 2016-01-08 and 2016-02-08; snapshot-derived, exact date unknown",MARSAD_ARP2014
BLM-fa9d107c208c,TNP-00428,BLC-d44a7a7102c2,ARP-2014,2016-11-19,2017-12-30,unknown,,true,"bloc change located between 2016-10-17 and 2016-11-19; snapshot-derived, exact date unknown",MARSAD_ARP2014
BLM-b6949220a8cc,TNP-00428,BLC-de77eb4f8164,ARP-2014,2017-12-30,2019-10-05,unknown,,true,"bloc change located between 2017-07-05 and 2017-12-30; snapshot-derived, exact date unknown",MARSAD_ARP2014
BLM-6a664f87698b,TNP-00924,BLC-d44a7a7102c2,ARP-2014,2015-03-06,2016-11-19,unknown,,true,"bloc change located between 2015-03-06 and 2015-03-06; snapshot-derived, exact date unknown",MARSAD_ARP2014
BLM-2ea0fe4e0413,TNP-00924,BLC-de77eb4f8164,ARP-2014,2016-11-19,2019-10-05,unknown,,true,"bloc change located between 2016-10-17 and 2016-11-19; snapshot-derived, exact date unknown",MARSAD_ARP2014
BLM-03699fbc5df8,TNP-00925,BLC-b8bc88af5d92,ARP-2014,2015-03-06,2016-04-12,unknown,,true,"bloc change located between 2015-03-06 and 2015-03-06; snapshot-derived, exact date unknown",MARSAD_ARP2014
BLM-7d93f820ce34,TNP-00925,BLC-d44a7a7102c2,ARP-2014,2016-04-12,2016-07-15,unknown,,true,"bloc change located between 2016-03-10 and 2016-04-12; snapshot-derived, exact date unknown",MARSAD_ARP2014
BLM-1aab49a39f96,TNP-00925,BLC-b8bc88af5d92,ARP-2014,2016-07-15,2017-07-05,unknown,,true,"bloc change located between 2016-06-14 and 2016-07-15; snapshot-derived, exact date unknown",MARSAD_ARP2014
BLM-c5c712b13a5a,TNP-00925,BLC-652eee77ed87,ARP-2014,2017-07-05,2018-10-12,unknown,,true,"bloc change located between 2017-06-02 and 2017-07-05; snapshot-derived, exact date unknown",MARSAD_ARP2014
BLM-10f884b6a668,TNP-00925,BLC-66eb1e512f8a,ARP-2014,2018-10-12,2019-10-05,unknown,,true,"bloc change located between 2017-12-30 and 2018-10-12; snapshot-derived, exact date unknown",MARSAD_ARP2014
BLM-8daa7c8d65ec,TNP-00926,BLC-889c30eade24,ARP-2014,2015-03-06,2019-10-05,unknown,,true,"bloc change located between 2015-03-06 and 2015-03-06; snapshot-derived, exact date unknown",MARSAD_ARP2014
BLM-4f2a97c6b286,TNP-00324,BLC-889c30eade24,ARP-2014,2015-03-06,2019-10-05,unknown,,true,"bloc change located between 2015-03-06 and 2015-03-06; snapshot-derived, exact date unknown",MARSAD_ARP2014
BLM-b3449c941b16,TNP-00927,BLC-b8bc88af5d92,ARP-2014,2015-03-06,2016-02-08,unknown,,true,"bloc change located between 2015-03-06 and 2015-03-06; snapshot-derived, exact date unknown",MARSAD_ARP2014
BLM-0553193a35eb,TNP-00927,BLC-b62977f0e44d,ARP-2014,2016-02-08,2016-12-13,unknown,,true,"bloc change located between 2016-01-08 and 2016-02-08; snapshot-derived, exact date unknown",MARSAD_ARP2014
BLM-859654a6bd36,TNP-00927,BLC-8b5102d2fd97,ARP-2014,2016-12-13,2018-10-12,unknown,,true,"bloc change located between 2016-11-19 and 2016-12-13; snapshot-derived, exact date unknown",MARSAD_ARP2014
BLM-dcd18abf9c89,TNP-00927,BLC-66eb1e512f8a,ARP-2014,2018-10-12,2019-10-05,unknown,,true,"bloc change located between 2017-12-30 and 2018-10-12; snapshot-derived, exact date unknown",MARSAD_ARP2014
BLM-5ee3d76c43f6,TNP-00929,BLC-b8bc88af5d92,ARP-2014,2015-03-06,2016-02-08,unknown,,true,"bloc change located between 2015-03-06 and 2015-03-06; snapshot-derived, exact date unknown",MARSAD_ARP2014
BLM-53fccd9fe02b,TNP-00929,BLC-b62977f0e44d,ARP-2014,2016-02-08,2016-12-13,unknown,,true,"bloc change located between 2016-01-08 and 2016-02-08; snapshot-derived, exact date unknown",MARSAD_ARP2014
BLM-4b26d839b9d0,TNP-00929,BLC-8b5102d2fd97,ARP-2014,2016-12-13,2019-10-05,unknown,,true,"bloc change located between 2016-11-19 and 2016-12-13; snapshot-derived, exact date unknown",MARSAD_ARP2014
BLM-8bd32c3de9b3,TNP-00930,BLC-b8bc88af5d92,ARP-2014,2015-03-06,2017-04-28,unknown,,true,"bloc change located between 2015-03-06 and 2015-03-06; snapshot-derived, exact date unknown",MARSAD_ARP2014
BLM-b6da5e6b6308,TNP-00930,BLC-d44a7a7102c2,ARP-2014,2017-04-28,2017-04-28,unknown,,true,"bloc change located between 2016-12-13 and 2017-04-28; snapshot-derived, exact date unknown",MARSAD_ARP2014
BLM-98d9769e9b1f,TNP-00328,BLC-d44a7a7102c2,ARP-2014,2015-03-06,2016-11-19,unknown,,true,"bloc change located between 2015-03-06 and 2015-03-06; snapshot-derived, exact date unknown",MARSAD_ARP2014
BLM-e7a19b7d058a,TNP-00328,BLC-de77eb4f8164,ARP-2014,2016-11-19,2019-10-05,unknown,,true,"bloc change located between 2016-10-17 and 2016-11-19; snapshot-derived, exact date unknown",MARSAD_ARP2014
BLM-02ed8f2178bb,TNP-00932,BLC-b8bc88af5d92,ARP-2014,2015-03-06,2016-02-08,unknown,,true,"bloc change located between 2015-03-06 and 2015-03-06; snapshot-derived, exact date unknown",MARSAD_ARP2014
BLM-bdad1a9a0757,TNP-00932,BLC-b62977f0e44d,ARP-2014,2016-02-08,2016-12-13,unknown,,true,"bloc change located between 2016-01-08 and 2016-02-08; snapshot-derived, exact date unknown",MARSAD_ARP2014
BLM-6b83abdef146,TNP-00932,BLC-8b5102d2fd97,ARP-2014,2016-12-13,2018-10-12,unknown,,true,"bloc change located between 2016-11-19 and 2016-12-13; snapshot-derived, exact date unknown",MARSAD_ARP2014
BLM-a7590e30d468,TNP-00932,BLC-b8bc88af5d92,ARP-2014,2018-10-12,2019-10-05,unknown,,true,"bloc change located between 2017-12-30 and 2018-10-12; snapshot-derived, exact date unknown",MARSAD_ARP2014
BLM-27c8e40aa1fc,TNP-00331,BLC-b8bc88af5d92,ARP-2014,2015-03-06,2019-10-05,unknown,,true,"bloc change located between 2015-03-06 and 2015-03-06; snapshot-derived, exact date unknown",MARSAD_ARP2014
BLM-01e8857cd674,TNP-00933,BLC-889c30eade24,ARP-2014,2015-03-06,2019-10-05,unknown,,true,"bloc change located between 2015-03-06 and 2015-03-06; snapshot-derived, exact date unknown",MARSAD_ARP2014
BLM-18c9e25bc15c,TNP-00332,BLC-d44a7a7102c2,ARP-2014,2015-03-06,2016-11-19,unknown,,true,"bloc change located between 2015-03-06 and 2015-03-06; snapshot-derived, exact date unknown",MARSAD_ARP2014
BLM-546368a88c66,TNP-00332,BLC-de77eb4f8164,ARP-2014,2016-11-19,2019-10-05,unknown,,true,"bloc change located between 2016-10-17 and 2016-11-19; snapshot-derived, exact date unknown",MARSAD_ARP2014
BLM-29b945adca28,TNP-00333,BLC-889c30eade24,ARP-2014,2015-03-06,2019-10-05,unknown,,true,"bloc change located between 2015-03-06 and 2015-03-06; snapshot-derived, exact date unknown",MARSAD_ARP2014
BLM-d86107e0f93d,TNP-00444,BLC-889c30eade24,ARP-2014,2015-03-06,2019-10-05,unknown,,true,"bloc change located between 2015-03-06 and 2015-03-06; snapshot-derived, exact date unknown",MARSAD_ARP2014
BLM-09270f793cb8,TNP-00934,BLC-b8bc88af5d92,ARP-2014,2015-03-06,2018-10-12,unknown,,true,"bloc change located between 2015-03-06 and 2015-03-06; snapshot-derived, exact date unknown",MARSAD_ARP2014
BLM-e1ed1ec33226,TNP-00934,BLC-66eb1e512f8a,ARP-2014,2018-10-12,2019-10-05,unknown,,true,"bloc change located between 2017-12-30 and 2018-10-12; snapshot-derived, exact date unknown",MARSAD_ARP2014
BLM-496c6dc442bd,TNP-00340,BLC-889c30eade24,ARP-2014,2015-03-06,2016-09-16,unknown,,true,"bloc change located between 2015-03-06 and 2015-03-06; snapshot-derived, exact date unknown",MARSAD_ARP2014
BLM-7cd0fcc72d9d,TNP-00935,BLC-889c30eade24,ARP-2014,2015-03-06,2019-10-05,unknown,,true,"bloc change located between 2015-03-06 and 2015-03-06; snapshot-derived, exact date unknown",MARSAD_ARP2014
BLM-e6e097371131,TNP-00345,BLC-b8bc88af5d92,ARP-2014,2015-03-06,2019-10-05,unknown,,true,"bloc change located between 2015-03-06 and 2015-03-06; snapshot-derived, exact date unknown",MARSAD_ARP2014
BLM-9ae2c04d061c,TNP-00936,BLC-1eb74c1905cc,ARP-2014,2015-03-06,2019-10-05,unknown,,true,"bloc change located between 2015-03-06 and 2015-03-06; snapshot-derived, exact date unknown",MARSAD_ARP2014
BLM-908fba651f47,TNP-00937,BLC-b8bc88af5d92,ARP-2014,2015-03-06,2017-12-30,unknown,,true,"bloc change located between 2015-03-06 and 2015-03-06; snapshot-derived, exact date unknown",MARSAD_ARP2014
BLM-391ae1d9c373,TNP-00937,BLC-652eee77ed87,ARP-2014,2017-12-30,2018-10-12,unknown,,true,"bloc change located between 2017-07-05 and 2017-12-30; snapshot-derived, exact date unknown",MARSAD_ARP2014
BLM-4555cfe815b9,TNP-00937,BLC-66eb1e512f8a,ARP-2014,2018-10-12,2019-10-05,unknown,,true,"bloc change located between 2017-12-30 and 2018-10-12; snapshot-derived, exact date unknown",MARSAD_ARP2014
BLM-3ab48a50d413,TNP-00938,BLC-b8bc88af5d92,ARP-2014,2015-03-06,2016-02-08,unknown,,true,"bloc change located between 2015-03-06 and 2015-03-06; snapshot-derived, exact date unknown",MARSAD_ARP2014
BLM-75ba858c41ab,TNP-00938,BLC-b62977f0e44d,ARP-2014,2016-02-08,2016-12-13,unknown,,true,"bloc change located between 2016-01-08 and 2016-02-08; snapshot-derived, exact date unknown",MARSAD_ARP2014
BLM-1e127824ce58,TNP-00938,BLC-8b5102d2fd97,ARP-2014,2016-12-13,2018-10-12,unknown,,true,"bloc change located between 2016-11-19 and 2016-12-13; snapshot-derived, exact date unknown",MARSAD_ARP2014
BLM-e08638c18a65,TNP-00938,BLC-66eb1e512f8a,ARP-2014,2018-10-12,2019-10-05,unknown,,true,"bloc change located between 2017-12-30 and 2018-10-12; snapshot-derived, exact date unknown",MARSAD_ARP2014
BLM-440e394fe01d,TNP-00549,BLC-889c30eade24,ARP-2014,2015-03-06,2019-10-05,unknown,,true,"bloc change located between 2015-03-06 and 2015-03-06; snapshot-derived, exact date unknown",MARSAD_ARP2014
BLM-86cb3f541469,TNP-00939,BLC-2593809b7dc2,ARP-2014,2015-03-06,2016-11-19,unknown,,true,"bloc change located between 2015-03-06 and 2015-03-06; snapshot-derived, exact date unknown",MARSAD_ARP2014
BLM-31a53d5f13b4,TNP-00939,BLC-b8bc88af5d92,ARP-2014,2016-11-19,2019-05-08,unknown,,true,"bloc change located between 2016-10-17 and 2016-11-19; snapshot-derived, exact date unknown",MARSAD_ARP2014
BLM-ddf984945d6f,TNP-00939,BLC-a26d44c82424,ARP-2014,2019-05-08,2019-10-05,unknown,,true,"bloc change located between 2018-10-12 and 2019-05-08; snapshot-derived, exact date unknown",MARSAD_ARP2014
BLM-28fa4ce73950,TNP-00940,BLC-b8bc88af5d92,ARP-2014,2015-03-06,2017-07-05,unknown,,true,"bloc change located between 2015-03-06 and 2015-03-06; snapshot-derived, exact date unknown",MARSAD_ARP2014
BLM-b339dc43bca5,TNP-00941,BLC-b8bc88af5d92,ARP-2014,2015-03-06,2019-10-05,unknown,,true,"bloc change located between 2015-03-06 and 2015-03-06; snapshot-derived, exact date unknown",MARSAD_ARP2014
BLM-e855474b333e,TNP-00942,BLC-2593809b7dc2,ARP-2014,2015-03-06,2018-10-12,unknown,,true,"bloc change located between 2015-03-06 and 2015-03-06; snapshot-derived, exact date unknown",MARSAD_ARP2014
BLM-c46572bc1985,TNP-00942,BLC-92c2c402d566,ARP-2014,2018-10-12,2019-10-05,unknown,,true,"bloc change located between 2017-12-30 and 2018-10-12; snapshot-derived, exact date unknown",MARSAD_ARP2014
BLM-438736198297,TNP-00943,BLC-b8bc88af5d92,ARP-2014,2016-01-08,2016-02-08,unknown,,true,"bloc change located between 2016-01-08 and 2016-01-08; snapshot-derived, exact date unknown",MARSAD_ARP2014
BLM-118209d454e7,TNP-00943,BLC-b62977f0e44d,ARP-2014,2016-02-08,2016-12-13,unknown,,true,"bloc change located between 2016-01-08 and 2016-02-08; snapshot-derived, exact date unknown",MARSAD_ARP2014
BLM-d23042b4e6c2,TNP-00943,BLC-8b5102d2fd97,ARP-2014,2016-12-13,2019-10-05,unknown,,true,"bloc change located between 2016-11-19 and 2016-12-13; snapshot-derived, exact date unknown",MARSAD_ARP2014
BLM-0a646c268a57,TNP-00944,BLC-1eb74c1905cc,ARP-2014,2015-03-06,2019-10-05,unknown,,true,"bloc change located between 2015-03-06 and 2015-03-06; snapshot-derived, exact date unknown",MARSAD_ARP2014
BLM-d8342fb52672,TNP-00350,BLC-2593809b7dc2,ARP-2014,2015-03-06,2018-10-12,unknown,,true,"bloc change located between 2015-03-06 and 2015-03-06; snapshot-derived, exact date unknown",MARSAD_ARP2014
BLM-6ce8e33b1350,TNP-00350,BLC-66eb1e512f8a,ARP-2014,2018-10-12,2019-05-08,unknown,,true,"bloc change located between 2017-12-30 and 2018-10-12; snapshot-derived, exact date unknown",MARSAD_ARP2014
BLM-58f241e4c151,TNP-00350,BLC-d44a7a7102c2,ARP-2014,2019-05-08,2019-10-05,unknown,,true,"bloc change located between 2018-10-12 and 2019-05-08; snapshot-derived, exact date unknown",MARSAD_ARP2014
BLM-6cd64dfdecf2,TNP-00354,BLC-889c30eade24,ARP-2014,2015-03-06,2019-10-05,unknown,,true,"bloc change located between 2015-03-06 and 2015-03-06; snapshot-derived, exact date unknown",MARSAD_ARP2014
BLM-dc0109573dbc,TNP-00946,BLC-b8bc88af5d92,ARP-2014,2015-03-06,2019-10-05,unknown,,true,"bloc change located between 2015-03-06 and 2015-03-06; snapshot-derived, exact date unknown",MARSAD_ARP2014
BLM-5eac3176950e,TNP-00395,BLC-889c30eade24,ARP-2014,2015-03-06,2019-10-05,unknown,,true,"bloc change located between 2015-03-06 and 2015-03-06; snapshot-derived, exact date unknown",MARSAD_ARP2014
BLM-fe41cc2b4d92,TNP-00355,BLC-b8bc88af5d92,ARP-2014,2015-03-06,2016-02-08,unknown,,true,"bloc change located between 2015-03-06 and 2015-03-06; snapshot-derived, exact date unknown",MARSAD_ARP2014
BLM-190b312678eb,TNP-00355,BLC-b62977f0e44d,ARP-2014,2016-02-08,2016-12-13,unknown,,true,"bloc change located between 2016-01-08 and 2016-02-08; snapshot-derived, exact date unknown",MARSAD_ARP2014
BLM-28b82a432e99,TNP-00355,BLC-d44a7a7102c2,ARP-2014,2016-12-13,2017-05-29,unknown,,true,"bloc change located between 2016-11-19 and 2016-12-13; snapshot-derived, exact date unknown",MARSAD_ARP2014
BLM-e62cc8c675f1,TNP-00355,BLC-652eee77ed87,ARP-2014,2017-05-29,2018-10-12,unknown,,true,"bloc change located between 2017-04-28 and 2017-05-29; snapshot-derived, exact date unknown",MARSAD_ARP2014
BLM-7c57a91d7ada,TNP-00355,BLC-66eb1e512f8a,ARP-2014,2018-10-12,2019-10-05,unknown,,true,"bloc change located between 2017-12-30 and 2018-10-12; snapshot-derived, exact date unknown",MARSAD_ARP2014
BLM-3e3d3c897162,TNP-00357,BLC-889c30eade24,ARP-2014,2015-03-06,2019-10-05,unknown,,true,"bloc change located between 2015-03-06 and 2015-03-06; snapshot-derived, exact date unknown",MARSAD_ARP2014
BLM-8b19eab34c5b,TNP-00358,BLC-d44a7a7102c2,ARP-2014,2018-10-12,2019-10-05,unknown,,true,"bloc change located between 2018-10-12 and 2018-10-12; snapshot-derived, exact date unknown",MARSAD_ARP2014
BLM-21219679f209,TNP-00948,BLC-2593809b7dc2,ARP-2014,2015-03-06,2016-04-12,unknown,,true,"bloc change located between 2015-03-06 and 2015-03-06; snapshot-derived, exact date unknown",MARSAD_ARP2014
BLM-114ffe799e37,TNP-00948,BLC-d44a7a7102c2,ARP-2014,2016-04-12,2016-05-14,unknown,,true,"bloc change located between 2016-03-10 and 2016-04-12; snapshot-derived, exact date unknown",MARSAD_ARP2014
BLM-255e3a9d2a5a,TNP-00948,BLC-b8bc88af5d92,ARP-2014,2016-05-14,2017-12-30,unknown,,true,"bloc change located between 2016-04-12 and 2016-05-14; snapshot-derived, exact date unknown",MARSAD_ARP2014
BLM-54ca910eeb9a,TNP-00948,BLC-d44a7a7102c2,ARP-2014,2017-12-30,2018-10-12,unknown,,true,"bloc change located between 2017-07-05 and 2017-12-30; snapshot-derived, exact date unknown",MARSAD_ARP2014
BLM-35c21c08d2f0,TNP-00948,BLC-66eb1e512f8a,ARP-2014,2018-10-12,2019-05-08,unknown,,true,"bloc change located between 2017-12-30 and 2018-10-12; snapshot-derived, exact date unknown",MARSAD_ARP2014
BLM-a1b4f06670cf,TNP-00948,BLC-b8bc88af5d92,ARP-2014,2019-05-08,2019-10-05,unknown,,true,"bloc change located between 2018-10-12 and 2019-05-08; snapshot-derived, exact date unknown",MARSAD_ARP2014
BLM-48ff1fbee1f5,TNP-00361,BLC-889c30eade24,ARP-2014,2015-03-06,2019-10-05,unknown,,true,"bloc change located between 2015-03-06 and 2015-03-06; snapshot-derived, exact date unknown",MARSAD_ARP2014
BLM-e693d490d1bc,TNP-00949,BLC-1eb74c1905cc,ARP-2014,2015-03-06,2019-10-05,unknown,,true,"bloc change located between 2015-03-06 and 2015-03-06; snapshot-derived, exact date unknown",MARSAD_ARP2014
BLM-f194c0eaf120,TNP-00950,BLC-b8bc88af5d92,ARP-2014,2015-03-06,2018-10-12,unknown,,true,"bloc change located between 2015-03-06 and 2015-03-06; snapshot-derived, exact date unknown",MARSAD_ARP2014
BLM-f71ebd4f85af,TNP-00950,BLC-66eb1e512f8a,ARP-2014,2018-10-12,2019-10-05,unknown,,true,"bloc change located between 2017-12-30 and 2018-10-12; snapshot-derived, exact date unknown",MARSAD_ARP2014
BLM-af6e3f6bd682,TNP-00365,BLC-d44a7a7102c2,ARP-2014,2015-03-06,2016-11-19,unknown,,true,"bloc change located between 2015-03-06 and 2015-03-06; snapshot-derived, exact date unknown",MARSAD_ARP2014
BLM-89526a2a0cc6,TNP-00365,BLC-de77eb4f8164,ARP-2014,2016-11-19,2019-10-05,unknown,,true,"bloc change located between 2016-10-17 and 2016-11-19; snapshot-derived, exact date unknown",MARSAD_ARP2014
BLM-a048920c532d,TNP-00951,BLC-889c30eade24,ARP-2014,2016-11-19,2019-10-05,unknown,,true,"bloc change located between 2016-11-19 and 2016-11-19; snapshot-derived, exact date unknown",MARSAD_ARP2014
BLM-f9027a0529ce,TNP-00952,BLC-889c30eade24,ARP-2014,2015-03-06,2016-10-17,unknown,,true,"bloc change located between 2015-03-06 and 2015-03-06; snapshot-derived, exact date unknown",MARSAD_ARP2014
