committee_membership_id,person_id,committee_id,assembly_id,role,start_date,end_date,dates_bracketed,notes,source_ids
CMM-8ad78818e32f,TNP-00001,CMT-5267b383ff24,ARP-2023,rapporteur,2023-05-23,2026-01-25,false,,ARP_ODOO
CMM-27d493f8661e,TNP-00001,CMT-5267b383ff24,ARP-2023,member,2026-01-26,,false,,ARP_ODOO
CMM-b3aaf93e2b5d,TNP-00002,CMT-56efc6c780f9,ARP-2023,member,2023-05-23,2026-01-25,false,,ARP_ODOO
CMM-d6c289bac96b,TNP-00002,CMT-56efc6c780f9,ARP-2023,vice_chair,2026-01-26,,false,,ARP_ODOO
CMM-f8b08685fc12,TNP-00003,CMT-5267b383ff24,ARP-2023,member,2023-05-23,,false,,ARP_ODOO
CMM-f5ae3bad82e8,TNP-00004,CMT-7c0357a9f3f7,ARP-2023,chair,2023-05-23,2025-01-02,false,,ARP_ODOO
CMM-6b28a25fb27b,TNP-00004,CMT-56efc6c780f9,ARP-2023,member,2025-01-03,2026-01-25,false,,ARP_ODOO
CMM-8b772dd9bda7,TNP-00004,CMT-d74c07127db9,ARP-2023,member,2026-01-26,,false,,ARP_ODOO
CMM-82cf062ac2f1,TNP-00005,CMT-56efc6c780f9,ARP-2023,chair,2023-05-23,2026-01-25,false,,ARP_ODOO
CMM-bf1f6c94995a,TNP-00005,CMT-56efc6c780f9,ARP-2023,rapporteur,2026-01-26,,false,,ARP_ODOO
CMM-0007cf573233,TNP-00006,CMT-56efc6c780f9,ARP-2023,member,2023-05-23,2025-01-02,false,,ARP_ODOO
CMM-968dc16e9a73,TNP-00006,CMT-9dc809177956,ARP-2023,member,2025-01-03,2026-01-25,false,,ARP_ODOO
CMM-29e3e9b77b6d,TNP-00007,CMT-5267b383ff24,ARP-2023,member,2023-05-23,2026-01-25,false,,ARP_ODOO
CMM-2f6f0b054ce9,TNP-00007,CMT-5267b383ff24,ARP-2023,vice_chair,2026-01-26,,false,,ARP_ODOO
CMM-2ad25bce034c,TNP-00008,CMT-76cc55ae8838,ARP-2023,chair,2023-05-23,2025-01-02,false,,ARP_ODOO
CMM-29c9642f2544,TNP-00008,CMT-76cc55ae8838,ARP-2023,member,2025-01-03,2026-01-25,false,,ARP_ODOO
CMM-9540268a67e6,TNP-00008,CMT-76cc55ae8838,ARP-2023,rapporteur,2026-01-26,,false,,ARP_ODOO
CMM-9f128f71afbb,TNP-00009,CMT-10ce63ee42df,ARP-2023,member,2023-05-23,2025-01-02,false,,ARP_ODOO
CMM-ca69d7980911,TNP-00009,CMT-56efc6c780f9,ARP-2023,member,2026-01-26,,false,,ARP_ODOO
CMM-6e55b7d8d03c,TNP-00010,CMT-6d49329b2466,ARP-2023,member,2023-05-23,,false,,ARP_ODOO
CMM-8c61c9818d97,TNP-00011,CMT-9dc809177956,ARP-2023,member,2023-05-23,2025-01-02,false,,ARP_ODOO
CMM-016cb048db23,TNP-00011,CMT-7c0357a9f3f7,ARP-2023,member,2026-01-25,,false,,ARP_ODOO
CMM-6be2935c3dd4,TNP-00012,CMT-9dc809177956,ARP-2023,rapporteur,2023-05-23,,false,,ARP_ODOO
CMM-de8b58f52ec8,TNP-00013,CMT-9dc809177956,ARP-2023,vice_chair,2023-05-23,2025-01-02,false,,ARP_ODOO
CMM-ead6b8230382,TNP-00013,CMT-d74c07127db9,ARP-2023,member,2025-01-03,2026-01-25,false,,ARP_ODOO
CMM-7d113b544f39,TNP-00013,CMT-9dc809177956,ARP-2023,member,2026-01-26,,false,,ARP_ODOO
CMM-4c4448bb966b,TNP-00014,CMT-18172a2cec3f,ARP-2023,chair,2023-05-23,2025-05-09,false,,ARP_ODOO
CMM-6c18008c55a8,TNP-00015,CMT-966af1bec2c4,ARP-2023,member,2023-05-23,2025-01-02,false,,ARP_ODOO
CMM-377d6a8261b8,TNP-00015,CMT-6d49329b2466,ARP-2023,member,2025-01-03,2026-01-14,false,,ARP_ODOO
CMM-4ffed3394b86,TNP-00016,CMT-9dc809177956,ARP-2023,member,2023-05-23,2025-01-02,false,,ARP_ODOO
CMM-d3a1935ce852,TNP-00016,CMT-6d49329b2466,ARP-2023,rapporteur,2025-01-03,2026-01-25,false,,ARP_ODOO
CMM-eb18ff5b854f,TNP-00016,CMT-6d49329b2466,ARP-2023,member,2026-01-26,,false,,ARP_ODOO
CMM-f3e2844cb835,TNP-00017,CMT-b3ceee509580,ARP-2023,member,2023-05-23,2025-01-02,false,,ARP_ODOO
CMM-4f5b9adc00a3,TNP-00017,CMT-9dc809177956,ARP-2023,member,2025-01-03,2026-01-25,false,,ARP_ODOO
CMM-b2770596657c,TNP-00017,CMT-9dc809177956,ARP-2023,vice_chair,2026-01-26,,false,,ARP_ODOO
CMM-8ba066578b7e,TNP-00018,CMT-18172a2cec3f,ARP-2023,member,2023-05-23,2025-01-02,false,,ARP_ODOO
CMM-1cf00dbde46a,TNP-00018,CMT-18172a2cec3f,ARP-2023,vice_chair,2025-01-03,2026-01-24,false,,ARP_ODOO
CMM-441b9f0919c2,TNP-00018,CMT-18172a2cec3f,ARP-2023,member,2026-01-25,,false,,ARP_ODOO
CMM-c8b2c863ac01,TNP-00019,CMT-18172a2cec3f,ARP-2023,member,2023-05-23,2025-01-02,false,,ARP_ODOO
CMM-7ad18a13bf8a,TNP-00019,CMT-76cc55ae8838,ARP-2023,vice_chair,2025-01-03,2026-01-25,false,,ARP_ODOO
CMM-087d9d3d1b9f,TNP-00019,CMT-9dc809177956,ARP-2023,member,2026-01-26,,false,,ARP_ODOO
CMM-2b818010a7c0,TNP-00020,CMT-56efc6c780f9,ARP-2023,member,2023-05-23,2025-01-02,false,,ARP_ODOO
CMM-33b843a980c0,TNP-00020,CMT-56efc6c780f9,ARP-2023,rapporteur,2025-01-03,2026-01-25,false,,ARP_ODOO
CMM-9c9a1e59a7b8,TNP-00020,CMT-56efc6c780f9,ARP-2023,member,2026-01-26,,false,,ARP_ODOO
CMM-2a4c9dc5af2c,TNP-00021,CMT-d74c07127db9,ARP-2023,member,2023-05-23,2025-01-02,false,,ARP_ODOO
CMM-46a3eefe2be4,TNP-00021,CMT-966af1bec2c4,ARP-2023,member,2025-01-03,,false,,ARP_ODOO
CMM-930888ad4f42,TNP-00022,CMT-10ce63ee42df,ARP-2023,vice_chair,2023-05-23,2025-01-02,false,,ARP_ODOO
CMM-4b7e9a2aa7d8,TNP-00022,CMT-10ce63ee42df,ARP-2023,member,2025-01-03,,false,,ARP_ODOO
CMM-151217103edd,TNP-00023,CMT-56efc6c780f9,ARP-2023,member,2023-05-23,,false,,ARP_ODOO
CMM-39a3c3b5c728,TNP-00024,CMT-966af1bec2c4,ARP-2023,member,2023-05-23,,false,,ARP_ODOO
CMM-5999595a0f3b,TNP-00025,CMT-966af1bec2c4,ARP-2023,member,2023-05-23,,false,,ARP_ODOO
CMM-607b5e08d4ae,TNP-00026,CMT-7c0357a9f3f7,ARP-2023,vice_chair,2023-05-23,2025-01-02,false,,ARP_ODOO
CMM-8fd21c43b570,TNP-00026,CMT-5a174a8e00bb,ARP-2023,rapporteur,2025-01-03,2026-01-25,false,,ARP_ODOO
CMM-2d89c36e86ed,TNP-00026,CMT-56efc6c780f9,ARP-2023,member,2026-01-26,,false,,ARP_ODOO
CMM-a88ffea1a971,TNP-00027,CMT-b3ceee509580,ARP-2023,vice_chair,2023-05-23,,false,,ARP_ODOO
CMM-f00729d18d8e,TNP-00028,CMT-56efc6c780f9,ARP-2023,member,2023-05-23,2026-01-25,false,,ARP_ODOO
CMM-33b7e863b55d,TNP-00029,CMT-b3ceee509580,ARP-2023,member,2023-05-23,2026-01-25,false,,ARP_ODOO
CMM-83ab414fce8e,TNP-00029,CMT-309f56b78ead,ARP-2023,member,2026-01-26,,false,,ARP_ODOO
CMM-d17cdaaeb037,TNP-00030,CMT-309f56b78ead,ARP-2023,member,2023-05-23,2025-01-02,false,,ARP_ODOO
CMM-1a909ff0691d,TNP-00030,CMT-309f56b78ead,ARP-2023,chair,2025-01-03,2026-01-25,false,,ARP_ODOO
CMM-cdd265d82d01,TNP-00030,CMT-309f56b78ead,ARP-2023,member,2026-01-26,,false,,ARP_ODOO
CMM-0e002fc262ef,TNP-00031,CMT-6d49329b2466,ARP-2023,chair,2023-05-23,2025-01-02,false,,ARP_ODOO
CMM-08bb19dd4560,TNP-00031,CMT-6d49329b2466,ARP-2023,member,2025-01-03,,false,,ARP_ODOO
CMM-f00f3143dffc,TNP-00032,CMT-6d49329b2466,ARP-2023,member,2023-05-23,2026-01-25,false,,ARP_ODOO
CMM-d0d245457373,TNP-00032,CMT-6d49329b2466,ARP-2023,rapporteur,2026-01-26,,false,,ARP_ODOO
CMM-4c53ba2c30e9,TNP-00033,CMT-76cc55ae8838,ARP-2023,rapporteur,2023-05-23,2025-01-02,false,,ARP_ODOO
CMM-5e4b8db37833,TNP-00033,CMT-76cc55ae8838,ARP-2023,chair,2025-01-03,2026-01-25,false,,ARP_ODOO
CMM-f1d836de2526,TNP-00033,CMT-76cc55ae8838,ARP-2023,member,2026-01-26,,false,,ARP_ODOO
CMM-c43080a06b90,TNP-00034,CMT-309f56b78ead,ARP-2023,member,2023-05-23,2025-01-02,false,,ARP_ODOO
CMM-493c22638776,TNP-00034,CMT-5267b383ff24,ARP-2023,member,2025-01-03,2026-01-25,false,,ARP_ODOO
CMM-92269e1b98d2,TNP-00034,CMT-309f56b78ead,ARP-2023,member,2026-01-26,,false,,ARP_ODOO
CMM-15397eb05fe1,TNP-00035,CMT-5a174a8e00bb,ARP-2023,vice_chair,2023-05-23,2025-01-02,false,,ARP_ODOO
CMM-abb2140f7dd1,TNP-00035,CMT-76cc55ae8838,ARP-2023,member,2025-01-03,,false,,ARP_ODOO
CMM-2a28ec318243,TNP-00036,CMT-966af1bec2c4,ARP-2023,member,2023-05-23,,false,,ARP_ODOO
CMM-e50ff0b3466c,TNP-00037,CMT-5a174a8e00bb,ARP-2023,member,2023-05-23,2025-01-02,false,,ARP_ODOO
CMM-00522075c961,TNP-00037,CMT-5a174a8e00bb,ARP-2023,vice_chair,2025-01-03,2026-01-25,false,,ARP_ODOO
CMM-314991d1c0f2,TNP-00037,CMT-5a174a8e00bb,ARP-2023,member,2026-01-26,,false,,ARP_ODOO
CMM-24c8826615d1,TNP-00038,CMT-966af1bec2c4,ARP-2023,member,2023-05-23,2025-01-02,false,,ARP_ODOO
CMM-5be7967e8506,TNP-00038,CMT-966af1bec2c4,ARP-2023,rapporteur,2025-01-03,2026-01-25,false,,ARP_ODOO
CMM-3a48dec639e9,TNP-00038,CMT-966af1bec2c4,ARP-2023,member,2026-01-26,,false,,ARP_ODOO
CMM-8f4525a5277f,TNP-00039,CMT-5a174a8e00bb,ARP-2023,rapporteur,2023-05-23,2025-01-02,false,,ARP_ODOO
CMM-53078898313e,TNP-00039,CMT-5a174a8e00bb,ARP-2023,member,2025-01-03,2026-01-25,false,,ARP_ODOO
CMM-3d9191c129aa,TNP-00039,CMT-6d49329b2466,ARP-2023,chair,2026-01-26,,false,,ARP_ODOO
CMM-fa7d84687f30,TNP-00040,CMT-966af1bec2c4,ARP-2023,member,2025-01-03,,false,,ARP_ODOO
CMM-41fab2d33daf,TNP-00041,CMT-9dc809177956,ARP-2023,member,2023-05-23,2026-01-24,false,,ARP_ODOO
CMM-ab5d6c90fe5b,TNP-00041,CMT-7c0357a9f3f7,ARP-2023,chair,2026-01-25,,false,,ARP_ODOO
CMM-63954324a694,TNP-00042,CMT-7c0357a9f3f7,ARP-2023,member,2023-05-23,2025-01-02,false,,ARP_ODOO
CMM-e90deaf7f564,TNP-00042,CMT-7c0357a9f3f7,ARP-2023,vice_chair,2025-01-03,2026-01-24,false,,ARP_ODOO
CMM-9c0b34d8f3ab,TNP-00042,CMT-7c0357a9f3f7,ARP-2023,member,2026-01-25,,false,,ARP_ODOO
CMM-d50936c845ab,TNP-00043,CMT-5267b383ff24,ARP-2023,chair,2023-05-23,,false,,ARP_ODOO
CMM-75d50ad2168d,TNP-00044,CMT-18172a2cec3f,ARP-2023,member,2023-05-23,2025-01-02,false,,ARP_ODOO
CMM-fc415d139dee,TNP-00044,CMT-5267b383ff24,ARP-2023,member,2025-01-03,,false,,ARP_ODOO
CMM-e982e37a3eab,TNP-00045,CMT-b3ceee509580,ARP-2023,member,2023-05-23,2026-01-14,false,,ARP_ODOO
CMM-1bcab94f372d,TNP-00046,CMT-966af1bec2c4,ARP-2023,member,2023-05-23,2026-01-25,false,,ARP_ODOO
CMM-57adab79793b,TNP-00046,CMT-966af1bec2c4,ARP-2023,chair,2026-01-26,,false,,ARP_ODOO
CMM-e2e4f2971698,TNP-00047,CMT-7c0357a9f3f7,ARP-2023,member,2023-05-23,2026-01-24,false,,ARP_ODOO
CMM-f7efe2a9c20d,TNP-00047,CMT-18172a2cec3f,ARP-2023,member,2026-01-25,,false,,ARP_ODOO
CMM-6b3c775cc681,TNP-00048,CMT-56efc6c780f9,ARP-2023,member,2023-05-23,,false,,ARP_ODOO
CMM-27a5ca49a4a9,TNP-00049,CMT-b3ceee509580,ARP-2023,member,2023-05-23,2025-01-02,false,,ARP_ODOO
CMM-c4a3efdd83df,TNP-00049,CMT-5a174a8e00bb,ARP-2023,member,2025-01-03,2026-01-25,false,,ARP_ODOO
CMM-8c752ad0ea36,TNP-00049,CMT-76cc55ae8838,ARP-2023,member,2026-01-26,,false,,ARP_ODOO
CMM-8fe756af1609,TNP-00050,CMT-d74c07127db9,ARP-2023,member,2023-05-23,2026-01-25,false,,ARP_ODOO
CMM-8334dad8454f,TNP-00050,CMT-d74c07127db9,ARP-2023,vice_chair,2026-01-26,,false,,ARP_ODOO
CMM-038068f930dd,TNP-00051,CMT-9dc809177956,ARP-2023,member,2023-05-23,2025-01-02,false,,ARP_ODOO
CMM-7c49594a921a,TNP-00051,CMT-9dc809177956,ARP-2023,chair,2025-01-03,2026-01-25,false,,ARP_ODOO
CMM-fe5d7c52cbc8,TNP-00051,CMT-9dc809177956,ARP-2023,member,2026-01-26,,false,,ARP_ODOO
CMM-56125fac1077,TNP-00052,CMT-5a174a8e00bb,ARP-2023,member,2023-05-23,2025-01-02,false,,ARP_ODOO
CMM-3e79084a7d5f,TNP-00052,CMT-7c0357a9f3f7,ARP-2023,member,2025-01-03,,false,,ARP_ODOO
CMM-d22a3c6e5bcc,TNP-00053,CMT-56efc6c780f9,ARP-2023,member,2023-05-23,2026-01-25,false,,ARP_ODOO
CMM-d23cd3ec7d0b,TNP-00053,CMT-56efc6c780f9,ARP-2023,chair,2026-01-26,,false,,ARP_ODOO
CMM-82c1d23a5c34,TNP-00054,CMT-76cc55ae8838,ARP-2023,member,2023-05-23,2026-01-14,false,,ARP_ODOO
CMM-f0e9ad634478,TNP-00055,CMT-9dc809177956,ARP-2023,chair,2023-05-23,2025-01-02,false,,ARP_ODOO
CMM-dc3379cb422a,TNP-00055,CMT-9dc809177956,ARP-2023,member,2025-01-03,,false,,ARP_ODOO
CMM-ee8f3235f3e7,TNP-00056,CMT-18172a2cec3f,ARP-2023,member,2023-05-23,2026-01-24,false,,ARP_ODOO
CMM-83a6c6d06bd3,TNP-00056,CMT-309f56b78ead,ARP-2023,member,2026-01-26,,false,,ARP_ODOO
CMM-16f8abf355f8,TNP-00057,CMT-56efc6c780f9,ARP-2023,member,2023-05-23,2026-01-25,false,,ARP_ODOO
CMM-f61f8f4c2c3d,TNP-00057,CMT-309f56b78ead,ARP-2023,rapporteur,2026-01-26,,false,,ARP_ODOO
CMM-2c1c2260a7eb,TNP-00058,CMT-76cc55ae8838,ARP-2023,member,2023-05-23,2025-10-24,false,,ARP_ODOO
CMM-d079ff3abdff,TNP-00058,CMT-56efc6c780f9,ARP-2023,member,2026-01-26,,false,,ARP_ODOO
CMM-a6c1379e37dd,TNP-00059,CMT-76cc55ae8838,ARP-2023,vice_chair,2023-05-23,2025-01-02,false,,ARP_ODOO
CMM-31392408a6b2,TNP-00059,CMT-b3ceee509580,ARP-2023,member,2025-01-03,,false,,ARP_ODOO
CMM-f0681a78e808,TNP-00060,CMT-309f56b78ead,ARP-2023,member,2023-05-23,2025-01-02,false,,ARP_ODOO
CMM-70b10aa3fd9d,TNP-00060,CMT-309f56b78ead,ARP-2023,vice_chair,2025-01-03,2026-01-25,false,,ARP_ODOO
CMM-15214132af86,TNP-00060,CMT-56efc6c780f9,ARP-2023,member,2026-01-26,,false,,ARP_ODOO
CMM-98b40f8bec22,TNP-00061,CMT-18172a2cec3f,ARP-2023,member,2025-01-03,,false,,ARP_ODOO
CMM-351357a7ecc1,TNP-00062,CMT-6d49329b2466,ARP-2023,member,2023-05-23,2025-01-02,false,,ARP_ODOO
CMM-9e61eca4fd7a,TNP-00062,CMT-6d49329b2466,ARP-2023,vice_chair,2025-01-03,2026-01-25,false,,ARP_ODOO
CMM-c095c2409d3c,TNP-00062,CMT-5a174a8e00bb,ARP-2023,member,2026-01-26,2026-07-13,false,,ARP_ODOO
CMM-0e3ae11a5b73,TNP-00062,CMT-5a174a8e00bb,ARP-2023,chair,2026-07-14,,false,,ARP_ODOO
CMM-50027014019c,TNP-00063,CMT-d74c07127db9,ARP-2023,member,2023-05-23,2025-01-02,false,,ARP_ODOO
CMM-2c089354337a,TNP-00063,CMT-d74c07127db9,ARP-2023,member,2026-01-26,,false,,ARP_ODOO
CMM-f5ca46f729f1,TNP-00064,CMT-d74c07127db9,ARP-2023,vice_chair,2023-05-23,2025-01-02,false,,ARP_ODOO
CMM-4241a569642c,TNP-00064,CMT-56efc6c780f9,ARP-2023,member,2025-01-03,2026-01-25,false,,ARP_ODOO
CMM-f5759b02ce54,TNP-00064,CMT-5a174a8e00bb,ARP-2023,member,2026-01-26,,false,,ARP_ODOO
CMM-a8ba2c493d42,TNP-00065,CMT-76cc55ae8838,ARP-2023,member,2023-05-23,2026-01-14,false,,ARP_ODOO
CMM-2f457ea44626,TNP-00066,CMT-5a174a8e00bb,ARP-2023,member,2023-05-23,2025-01-02,false,,ARP_ODOO
CMM-8c8a65b7bf46,TNP-00066,CMT-966af1bec2c4,ARP-2023,member,2025-01-03,2026-01-25,false,,ARP_ODOO
CMM-228d496c523d,TNP-00066,CMT-b3ceee509580,ARP-2023,rapporteur,2026-01-26,,false,,ARP_ODOO
CMM-3028c38eabd5,TNP-00067,CMT-966af1bec2c4,ARP-2023,member,2023-05-23,,false,,ARP_ODOO
CMM-b1105edf34d6,TNP-00068,CMT-18172a2cec3f,ARP-2023,vice_chair,2023-05-23,2025-01-02,false,,ARP_ODOO
CMM-18c45e4e62da,TNP-00068,CMT-18172a2cec3f,ARP-2023,member,2025-01-03,2026-01-25,false,,ARP_ODOO
CMM-6adc911e6fff,TNP-00068,CMT-56efc6c780f9,ARP-2023,member,2026-01-26,,false,,ARP_ODOO
CMM-93c852ce3d93,TNP-00069,CMT-966af1bec2c4,ARP-2023,chair,2023-05-23,2025-01-02,false,,ARP_ODOO
CMM-26fc586686cc,TNP-00069,CMT-966af1bec2c4,ARP-2023,vice_chair,2025-01-03,2026-01-25,false,,ARP_ODOO
CMM-331e24429010,TNP-00069,CMT-966af1bec2c4,ARP-2023,member,2026-01-26,,false,,ARP_ODOO
CMM-5aac9dc86f36,TNP-00070,CMT-966af1bec2c4,ARP-2023,rapporteur,2023-05-23,2025-01-02,false,,ARP_ODOO
CMM-39b2cc3c559d,TNP-00070,CMT-6d49329b2466,ARP-2023,member,2025-01-03,,false,,ARP_ODOO
CMM-73165376b4dc,TNP-00071,CMT-d74c07127db9,ARP-2023,chair,2023-05-23,2025-01-02,false,,ARP_ODOO
CMM-dc21ddfd8e24,TNP-00071,CMT-7c0357a9f3f7,ARP-2023,member,2025-01-03,2026-01-24,false,,ARP_ODOO
CMM-225e51db08db,TNP-00071,CMT-5267b383ff24,ARP-2023,member,2026-01-26,,false,,ARP_ODOO
CMM-ebf061ad6d22,TNP-00072,CMT-18172a2cec3f,ARP-2023,member,2025-01-03,2026-01-24,false,,ARP_ODOO
CMM-1a852868bc99,TNP-00072,CMT-18172a2cec3f,ARP-2023,chair,2026-01-25,,false,,ARP_ODOO
CMM-2b3cd6bb7c3f,TNP-00073,CMT-6d49329b2466,ARP-2023,vice_chair,2026-01-26,,false,,ARP_ODOO
CMM-847c05b68af5,TNP-00074,CMT-18172a2cec3f,ARP-2023,member,2023-05-23,2026-01-24,false,,ARP_ODOO
CMM-efc488de07a7,TNP-00074,CMT-18172a2cec3f,ARP-2023,vice_chair,2026-01-25,,false,,ARP_ODOO
CMM-f4b6b894609b,TNP-00075,CMT-5267b383ff24,ARP-2023,member,2023-05-23,2025-01-02,false,,ARP_ODOO
CMM-e09985876e56,TNP-00075,CMT-6d49329b2466,ARP-2023,member,2026-01-26,,false,,ARP_ODOO
CMM-6bba0c624113,TNP-00076,CMT-b3ceee509580,ARP-2023,member,2023-05-23,2025-01-02,false,,ARP_ODOO
CMM-f3c8d4b6d958,TNP-00076,CMT-6d49329b2466,ARP-2023,member,2026-01-26,,false,,ARP_ODOO
CMM-fcb6534f8405,TNP-00077,CMT-56efc6c780f9,ARP-2023,member,2023-05-23,2026-01-25,false,,ARP_ODOO
CMM-c9f6ebfb3634,TNP-00077,CMT-b3ceee509580,ARP-2023,member,2026-01-26,,false,,ARP_ODOO
CMM-081a0e52a38a,TNP-00078,CMT-966af1bec2c4,ARP-2023,member,2023-05-23,2025-01-02,false,,ARP_ODOO
CMM-20271d23f404,TNP-00078,CMT-309f56b78ead,ARP-2023,member,2025-01-03,2026-01-25,false,,ARP_ODOO
CMM-4ae52f2c5986,TNP-00078,CMT-309f56b78ead,ARP-2023,chair,2026-01-26,,false,,ARP_ODOO
CMM-136f722746c3,TNP-00079,CMT-5a174a8e00bb,ARP-2023,member,2023-05-23,,false,,ARP_ODOO
CMM-49b2d65e7038,TNP-00080,CMT-9dc809177956,ARP-2023,member,2023-05-23,2025-01-02,false,,ARP_ODOO
CMM-9db8cccb3301,TNP-00080,CMT-d74c07127db9,ARP-2023,member,2025-01-03,2026-01-25,false,,ARP_ODOO
CMM-83131e688950,TNP-00080,CMT-9dc809177956,ARP-2023,chair,2026-01-26,,false,,ARP_ODOO
CMM-261a5beee778,TNP-00081,CMT-309f56b78ead,ARP-2023,member,2023-05-23,2025-01-02,false,,ARP_ODOO
CMM-62c77ad0cbca,TNP-00081,CMT-6d49329b2466,ARP-2023,member,2025-01-03,2026-01-25,false,,ARP_ODOO
CMM-9b9092ab256c,TNP-00082,CMT-d74c07127db9,ARP-2023,member,2023-05-23,,false,,ARP_ODOO
CMM-a1fb2fee3b6a,TNP-00083,CMT-966af1bec2c4,ARP-2023,vice_chair,2023-05-23,2025-01-02,false,,ARP_ODOO
CMM-ef824ee888d5,TNP-00083,CMT-966af1bec2c4,ARP-2023,chair,2025-01-03,2026-01-25,false,,ARP_ODOO
CMM-553e5012c077,TNP-00083,CMT-18172a2cec3f,ARP-2023,member,2026-01-25,,false,,ARP_ODOO
CMM-e86a4781022c,TNP-00084,CMT-309f56b78ead,ARP-2023,chair,2023-05-23,2025-01-02,false,,ARP_ODOO
CMM-508f83b12d27,TNP-00084,CMT-309f56b78ead,ARP-2023,member,2025-01-03,,false,,ARP_ODOO
CMM-381552835cb8,TNP-00085,CMT-966af1bec2c4,ARP-2023,member,2023-05-23,2026-01-14,false,,ARP_ODOO
CMM-31f43c5a824d,TNP-00086,CMT-56efc6c780f9,ARP-2023,rapporteur,2023-05-24,2025-01-02,false,,ARP_ODOO
CMM-4d03b7fe9b5b,TNP-00086,CMT-966af1bec2c4,ARP-2023,member,2025-01-03,2026-01-25,false,,ARP_ODOO
CMM-f8b66ebbf325,TNP-00086,CMT-966af1bec2c4,ARP-2023,vice_chair,2026-01-26,,false,,ARP_ODOO
CMM-0d5d6557b8cd,TNP-00087,CMT-10ce63ee42df,ARP-2023,member,2023-05-23,2026-01-25,false,,ARP_ODOO
CMM-494dddb1b514,TNP-00087,CMT-10ce63ee42df,ARP-2023,vice_chair,2026-01-26,,false,,ARP_ODOO
CMM-b4361fa92bd1,TNP-00088,CMT-d74c07127db9,ARP-2023,rapporteur,2023-05-23,2025-01-02,false,,ARP_ODOO
CMM-59a891a365d5,TNP-00088,CMT-d74c07127db9,ARP-2023,member,2025-01-03,2026-01-25,false,,ARP_ODOO
CMM-d53b06b8f2cb,TNP-00088,CMT-10ce63ee42df,ARP-2023,member,2026-01-26,,false,,ARP_ODOO
CMM-9c01fd021074,TNP-00089,CMT-7c0357a9f3f7,ARP-2023,member,2023-05-23,2025-01-02,false,,ARP_ODOO
CMM-4e771f94f4da,TNP-00089,CMT-d74c07127db9,ARP-2023,member,2026-01-26,,false,,ARP_ODOO
CMM-39342352f0d1,TNP-00090,CMT-5a174a8e00bb,ARP-2023,chair,2023-05-23,2025-01-02,false,,ARP_ODOO
CMM-98c17f653e9b,TNP-00090,CMT-5267b383ff24,ARP-2023,member,2025-01-03,,false,,ARP_ODOO
CMM-a50a382cff5a,TNP-00091,CMT-56efc6c780f9,ARP-2023,vice_chair,2023-05-24,2026-01-25,false,,ARP_ODOO
CMM-aa4d8a999608,TNP-00091,CMT-56efc6c780f9,ARP-2023,member,2026-01-26,2026-03-09,false,,ARP_ODOO
CMM-04b482c0c629,TNP-00092,CMT-309f56b78ead,ARP-2023,member,2023-05-23,2026-01-24,false,,ARP_ODOO
CMM-f18d2794179f,TNP-00092,CMT-7c0357a9f3f7,ARP-2023,member,2026-01-25,,false,,ARP_ODOO
CMM-5274d090c402,TNP-00093,CMT-10ce63ee42df,ARP-2023,rapporteur,2023-05-23,,false,,ARP_ODOO
CMM-bf8f4b305d65,TNP-00094,CMT-b3ceee509580,ARP-2023,member,2023-05-23,,false,,ARP_ODOO
CMM-92218007d431,TNP-00095,CMT-10ce63ee42df,ARP-2023,member,2023-05-23,2025-01-02,false,,ARP_ODOO
CMM-e6fdd8a403f6,TNP-00095,CMT-10ce63ee42df,ARP-2023,chair,2025-01-03,,false,,ARP_ODOO
CMM-a1c57bf5bf93,TNP-00096,CMT-6d49329b2466,ARP-2023,member,2023-05-23,2025-01-02,false,,ARP_ODOO
CMM-b496c2b158d0,TNP-00096,CMT-6d49329b2466,ARP-2023,chair,2025-01-03,2026-01-25,false,,ARP_ODOO
CMM-780bff736a49,TNP-00096,CMT-76cc55ae8838,ARP-2023,member,2026-01-26,,false,,ARP_ODOO
CMM-d6a02255e5a5,TNP-00097,CMT-10ce63ee42df,ARP-2023,chair,2023-05-23,2025-01-02,false,,ARP_ODOO
CMM-f68935347bbb,TNP-00097,CMT-10ce63ee42df,ARP-2023,member,2025-01-03,,false,,ARP_ODOO
CMM-a98e9a00a716,TNP-00098,CMT-7c0357a9f3f7,ARP-2023,member,2023-05-23,2026-01-25,false,,ARP_ODOO
CMM-d8cfc0bef0e4,TNP-00098,CMT-5a174a8e00bb,ARP-2023,rapporteur,2026-01-26,,false,,ARP_ODOO
CMM-235f810bf860,TNP-00099,CMT-56efc6c780f9,ARP-2023,member,2025-01-03,2026-01-25,false,,ARP_ODOO
CMM-77e1110adb85,TNP-00099,CMT-d74c07127db9,ARP-2023,member,2026-01-26,,false,,ARP_ODOO
CMM-1517b34512d3,TNP-00101,CMT-5267b383ff24,ARP-2023,member,2023-05-23,2025-01-02,false,,ARP_ODOO
CMM-464d81c2bca5,TNP-00101,CMT-5267b383ff24,ARP-2023,vice_chair,2025-01-03,2026-01-14,false,,ARP_ODOO
CMM-fcef6c14ec57,TNP-00102,CMT-10ce63ee42df,ARP-2023,member,2023-05-23,,false,,ARP_ODOO
CMM-f4bf523fa693,TNP-00103,CMT-6d49329b2466,ARP-2023,member,2023-05-23,2025-01-02,false,,ARP_ODOO
CMM-9c390fc6930d,TNP-00103,CMT-5a174a8e00bb,ARP-2023,member,2025-01-03,2026-01-25,false,,ARP_ODOO
CMM-2f97e257ede7,TNP-00103,CMT-309f56b78ead,ARP-2023,member,2026-01-26,,false,,ARP_ODOO
CMM-8e7df19d747c,TNP-00104,CMT-b3ceee509580,ARP-2023,vice_chair,2023-05-23,2025-01-02,false,,ARP_ODOO
CMM-864abe07063d,TNP-00104,CMT-309f56b78ead,ARP-2023,member,2025-01-03,2026-01-25,false,,ARP_ODOO
CMM-2dfdb84e9a7c,TNP-00104,CMT-b3ceee509580,ARP-2023,chair,2026-01-26,,false,,ARP_ODOO
CMM-1e0df8a22719,TNP-00105,CMT-5267b383ff24,ARP-2023,member,2025-01-03,,false,,ARP_ODOO
CMM-7d74ee7edfd2,TNP-00106,CMT-6d49329b2466,ARP-2023,member,2023-05-23,2025-01-02,false,,ARP_ODOO
CMM-2fc871161644,TNP-00106,CMT-7c0357a9f3f7,ARP-2023,member,2025-01-03,2025-03-13,false,,ARP_ODOO
CMM-ed4e9fa4d62f,TNP-00107,CMT-76cc55ae8838,ARP-2023,member,2023-05-23,2025-01-02,false,,ARP_ODOO
CMM-714855e5e872,TNP-00107,CMT-10ce63ee42df,ARP-2023,member,2025-01-03,,false,,ARP_ODOO
CMM-bf42285761d8,TNP-00108,CMT-5267b383ff24,ARP-2023,member,2023-05-23,2025-01-02,false,,ARP_ODOO
CMM-414fff0e7a9a,TNP-00108,CMT-966af1bec2c4,ARP-2023,member,2025-01-03,2026-01-25,false,,ARP_ODOO
CMM-ed8643395456,TNP-00108,CMT-966af1bec2c4,ARP-2023,rapporteur,2026-01-26,,false,,ARP_ODOO
CMM-f2b234b93b43,TNP-00109,CMT-6d49329b2466,ARP-2023,rapporteur,2023-05-23,2025-01-02,false,,ARP_ODOO
CMM-a784aae6abbe,TNP-00109,CMT-56efc6c780f9,ARP-2023,member,2025-01-03,2026-01-25,false,,ARP_ODOO
CMM-30b7c5eef425,TNP-00109,CMT-10ce63ee42df,ARP-2023,member,2026-01-26,,false,,ARP_ODOO
CMM-fc9609c87f21,TNP-00110,CMT-966af1bec2c4,ARP-2023,member,2023-05-23,2025-01-02,false,,ARP_ODOO
CMM-cb4613ff9555,TNP-00110,CMT-d74c07127db9,ARP-2023,vice_chair,2025-01-03,2026-01-25,false,,ARP_ODOO
CMM-70e493ce56ac,TNP-00110,CMT-56efc6c780f9,ARP-2023,member,2026-01-26,,false,,ARP_ODOO
CMM-24717152f39b,TNP-00111,CMT-5267b383ff24,ARP-2023,member,2025-01-03,2026-01-25,false,,ARP_ODOO
CMM-65c4c1c17881,TNP-00111,CMT-d74c07127db9,ARP-2023,chair,2026-01-26,,false,,ARP_ODOO
CMM-211e63382c65,TNP-00112,CMT-18172a2cec3f,ARP-2023,member,2023-05-23,,false,,ARP_ODOO
CMM-868c5e04ad39,TNP-00113,CMT-18172a2cec3f,ARP-2023,rapporteur,2023-05-23,,false,,ARP_ODOO
CMM-789db0291cd0,TNP-00114,CMT-7c0357a9f3f7,ARP-2023,member,2023-05-23,2025-01-02,false,,ARP_ODOO
CMM-31c670c889ca,TNP-00114,CMT-7c0357a9f3f7,ARP-2023,member,2026-01-25,,false,,ARP_ODOO
CMM-f084d029ba1d,TNP-00115,CMT-b3ceee509580,ARP-2023,chair,2023-05-23,2025-01-02,false,,ARP_ODOO
CMM-72b8f4c92a5f,TNP-00115,CMT-7c0357a9f3f7,ARP-2023,member,2025-01-03,2026-01-24,false,,ARP_ODOO
CMM-94b2218cdfb4,TNP-00115,CMT-b3ceee509580,ARP-2023,member,2026-01-26,,false,,ARP_ODOO
CMM-e73bda6f19db,TNP-00116,CMT-b3ceee509580,ARP-2023,member,2023-05-23,2026-01-25,false,,ARP_ODOO
CMM-67fe1432d9f9,TNP-00116,CMT-5a174a8e00bb,ARP-2023,member,2026-01-26,,false,,ARP_ODOO
CMM-d7a48e758539,TNP-00117,CMT-309f56b78ead,ARP-2023,vice_chair,2023-05-23,2025-01-02,false,,ARP_ODOO
CMM-51f0b43c221b,TNP-00117,CMT-309f56b78ead,ARP-2023,rapporteur,2025-01-03,2026-01-25,false,,ARP_ODOO
CMM-36f7d6d6ccb9,TNP-00117,CMT-5a174a8e00bb,ARP-2023,vice_chair,2026-01-26,,false,,ARP_ODOO
CMM-9a6a9965362c,TNP-00118,CMT-5a174a8e00bb,ARP-2023,member,2026-01-26,,false,,ARP_ODOO
CMM-b2a2d8f65ef2,TNP-00119,CMT-10ce63ee42df,ARP-2023,member,2023-05-23,2026-01-25,false,,ARP_ODOO
CMM-47d63624c6c5,TNP-00119,CMT-9dc809177956,ARP-2023,member,2026-01-26,,false,,ARP_ODOO
CMM-e2ccc6a6d8d5,TNP-00120,CMT-76cc55ae8838,ARP-2023,member,2023-05-23,2025-01-02,false,,ARP_ODOO
CMM-45a31a8f5505,TNP-00120,CMT-b3ceee509580,ARP-2023,chair,2025-01-03,2026-01-25,false,,ARP_ODOO
CMM-6444996abcc1,TNP-00120,CMT-b3ceee509580,ARP-2023,member,2026-01-26,,false,,ARP_ODOO
CMM-24fa4a3cf5c3,TNP-00121,CMT-7c0357a9f3f7,ARP-2023,member,2023-05-23,2025-01-02,false,,ARP_ODOO
CMM-6cf3eac5d2bd,TNP-00121,CMT-7c0357a9f3f7,ARP-2023,rapporteur,2025-01-03,2026-01-24,false,,ARP_ODOO
CMM-348ed397d732,TNP-00121,CMT-7c0357a9f3f7,ARP-2023,vice_chair,2026-01-25,,false,,ARP_ODOO
CMM-d545468d2e6a,TNP-00122,CMT-5a174a8e00bb,ARP-2023,member,2023-05-23,2026-01-25,false,,ARP_ODOO
CMM-58f3459e8ea1,TNP-00122,CMT-5a174a8e00bb,ARP-2023,chair,2026-01-26,2026-07-14,false,,ARP_ODOO
CMM-36714e1e5bd7,TNP-00123,CMT-5267b383ff24,ARP-2023,member,2023-05-23,2025-01-02,false,,ARP_ODOO
CMM-a8f2634abf17,TNP-00123,CMT-5a174a8e00bb,ARP-2023,member,2025-01-03,2026-01-25,false,,ARP_ODOO
CMM-cfaa5cdad5ea,TNP-00123,CMT-309f56b78ead,ARP-2023,member,2026-01-26,,false,,ARP_ODOO
CMM-fb83515239c7,TNP-00124,CMT-56efc6c780f9,ARP-2023,member,2023-05-23,2025-01-02,false,,ARP_ODOO
CMM-1c8de3e6d175,TNP-00124,CMT-9dc809177956,ARP-2023,member,2025-01-03,,false,,ARP_ODOO
CMM-c18fabe64253,TNP-00125,CMT-56efc6c780f9,ARP-2023,member,2026-01-26,,false,,ARP_ODOO
CMM-219479259f34,TNP-00126,CMT-9dc809177956,ARP-2023,member,2023-05-23,2025-01-02,false,,ARP_ODOO
CMM-6673c8a91d10,TNP-00126,CMT-9dc809177956,ARP-2023,vice_chair,2025-01-03,2026-01-25,false,,ARP_ODOO
CMM-fe04a96ae662,TNP-00126,CMT-56efc6c780f9,ARP-2023,member,2026-01-26,,false,,ARP_ODOO
CMM-fd68dc079e9d,TNP-00127,CMT-5267b383ff24,ARP-2023,vice_chair,2023-05-23,2025-01-02,false,,ARP_ODOO
CMM-01017b5ca6ab,TNP-00127,CMT-76cc55ae8838,ARP-2023,rapporteur,2025-01-03,2026-01-25,false,,ARP_ODOO
CMM-fa29b4ba00d1,TNP-00127,CMT-76cc55ae8838,ARP-2023,member,2026-01-26,,false,,ARP_ODOO
CMM-b5c809389736,TNP-00128,CMT-6d49329b2466,ARP-2023,member,2023-05-23,2025-01-02,false,,ARP_ODOO
CMM-283236604bb3,TNP-00128,CMT-76cc55ae8838,ARP-2023,member,2025-01-03,2026-01-25,false,,ARP_ODOO
CMM-9d0d957f6a64,TNP-00129,CMT-10ce63ee42df,ARP-2023,member,2023-05-23,2025-01-02,false,,ARP_ODOO
CMM-839d450cfe85,TNP-00129,CMT-10ce63ee42df,ARP-2023,vice_chair,2025-01-03,2026-01-25,false,,ARP_ODOO
CMM-cf918a8b4669,TNP-00129,CMT-10ce63ee42df,ARP-2023,member,2026-01-26,,false,,ARP_ODOO
CMM-afc8195514cf,TNP-00130,CMT-309f56b78ead,ARP-2023,rapporteur,2023-05-23,2025-01-02,false,,ARP_ODOO
CMM-963aadc14ad8,TNP-00130,CMT-309f56b78ead,ARP-2023,member,2025-01-03,2026-01-25,false,,ARP_ODOO
CMM-0f00d097aed1,TNP-00130,CMT-76cc55ae8838,ARP-2023,chair,2026-01-26,,false,,ARP_ODOO
CMM-19e177d69466,TNP-00131,CMT-d74c07127db9,ARP-2023,member,2023-05-23,2025-01-02,false,,ARP_ODOO
CMM-449d574cbafe,TNP-00131,CMT-b3ceee509580,ARP-2023,rapporteur,2025-01-03,2026-01-24,false,,ARP_ODOO
CMM-39da0fe86d3f,TNP-00131,CMT-7c0357a9f3f7,ARP-2023,member,2026-01-25,,false,,ARP_ODOO
CMM-17b29ff72140,TNP-00132,CMT-5a174a8e00bb,ARP-2023,member,2023-05-23,2025-01-02,false,,ARP_ODOO
CMM-412498e58ad1,TNP-00132,CMT-5a174a8e00bb,ARP-2023,chair,2025-01-03,2026-01-25,false,,ARP_ODOO
CMM-9a745112c37f,TNP-00132,CMT-76cc55ae8838,ARP-2023,member,2026-01-26,,false,,ARP_ODOO
CMM-f54b136285e0,TNP-00133,CMT-56efc6c780f9,ARP-2023,member,2023-05-23,2026-01-25,false,,ARP_ODOO
CMM-c1a185a3557e,TNP-00133,CMT-b3ceee509580,ARP-2023,member,2026-01-26,,false,,ARP_ODOO
CMM-22a9afe602a5,TNP-00134,CMT-b3ceee509580,ARP-2023,member,2025-01-03,,false,,ARP_ODOO
CMM-6b275b750e26,TNP-00135,CMT-6d49329b2466,ARP-2023,vice_chair,2023-05-23,2025-01-02,false,,ARP_ODOO
CMM-161ae21dc19d,TNP-00135,CMT-9dc809177956,ARP-2023,member,2025-01-03,2026-01-25,false,,ARP_ODOO
CMM-035e4be74efc,TNP-00135,CMT-6d49329b2466,ARP-2023,member,2026-01-26,,false,,ARP_ODOO
CMM-3f973f069484,TNP-00136,CMT-7c0357a9f3f7,ARP-2023,member,2023-05-23,2025-01-02,false,,ARP_ODOO
CMM-2ed4c633678e,TNP-00136,CMT-7c0357a9f3f7,ARP-2023,chair,2025-01-03,2026-01-24,false,,ARP_ODOO
CMM-79b2eec24748,TNP-00136,CMT-7c0357a9f3f7,ARP-2023,member,2026-01-25,,false,,ARP_ODOO
CMM-0f2ee118592d,TNP-00137,CMT-d74c07127db9,ARP-2023,member,2023-05-23,,false,,ARP_ODOO
CMM-62022b21de2f,TNP-00138,CMT-5267b383ff24,ARP-2023,member,2023-05-23,2025-01-02,false,,ARP_ODOO
CMM-20fb89b0a157,TNP-00138,CMT-b3ceee509580,ARP-2023,member,2025-01-03,2026-01-25,false,,ARP_ODOO
CMM-81975e9dd987,TNP-00138,CMT-76cc55ae8838,ARP-2023,vice_chair,2026-01-26,,false,,ARP_ODOO
CMM-a5572e3b26b4,TNP-00139,CMT-18172a2cec3f,ARP-2023,member,2023-05-23,,false,,ARP_ODOO
CMM-8423692d53ef,TNP-00140,CMT-d74c07127db9,ARP-2023,chair,2025-01-03,2026-01-25,false,,ARP_ODOO
CMM-dc5fed985bfc,TNP-00140,CMT-7c0357a9f3f7,ARP-2023,rapporteur,2026-01-25,,false,,ARP_ODOO
CMM-bb669466d634,TNP-00142,CMT-10ce63ee42df,ARP-2023,member,2023-05-23,2026-01-25,false,,ARP_ODOO
CMM-6b6a6bb6beb5,TNP-00142,CMT-966af1bec2c4,ARP-2023,member,2026-01-26,,false,,ARP_ODOO
CMM-baf4bf288f66,TNP-00143,CMT-309f56b78ead,ARP-2023,member,2023-05-23,2026-01-25,false,,ARP_ODOO
CMM-48016661de9e,TNP-00143,CMT-309f56b78ead,ARP-2023,vice_chair,2026-01-26,,false,,ARP_ODOO
CMM-6765e8d9f48f,TNP-00144,CMT-76cc55ae8838,ARP-2023,member,2023-05-23,2025-01-02,false,,ARP_ODOO
CMM-3216df2c0327,TNP-00144,CMT-966af1bec2c4,ARP-2023,member,2026-01-26,,false,,ARP_ODOO
CMM-0dc85c04c545,TNP-00145,CMT-966af1bec2c4,ARP-2023,member,2023-05-23,2025-01-02,false,,ARP_ODOO
CMM-d3dc94ca9aa8,TNP-00145,CMT-9dc809177956,ARP-2023,member,2025-01-03,,false,,ARP_ODOO
CMM-44e7334dc44b,TNP-00146,CMT-56efc6c780f9,ARP-2023,member,2023-05-23,2025-01-02,false,,ARP_ODOO
CMM-ffc6ae085f77,TNP-00146,CMT-309f56b78ead,ARP-2023,member,2025-01-03,2026-01-25,false,,ARP_ODOO
CMM-7adb627b4047,TNP-00146,CMT-5267b383ff24,ARP-2023,member,2026-01-26,,false,,ARP_ODOO
CMM-a3b200c24f59,TNP-00147,CMT-9dc809177956,ARP-2023,member,2023-05-23,2025-01-02,false,,ARP_ODOO
CMM-104dfde05920,TNP-00147,CMT-5267b383ff24,ARP-2023,rapporteur,2026-01-26,,false,,ARP_ODOO
CMM-080734cd63c4,TNP-00148,CMT-d74c07127db9,ARP-2023,member,2025-01-03,2026-01-25,false,,ARP_ODOO
CMM-5e5cea897097,TNP-00148,CMT-966af1bec2c4,ARP-2023,member,2026-01-26,,false,,ARP_ODOO
CMM-b34750287add,TNP-00149,CMT-76cc55ae8838,ARP-2023,member,2023-05-23,2025-01-02,false,,ARP_ODOO
CMM-bb133dabf21e,TNP-00149,CMT-6d49329b2466,ARP-2023,member,2025-01-03,2026-01-25,false,,ARP_ODOO
CMM-76bb7ab5805e,TNP-00149,CMT-d74c07127db9,ARP-2023,rapporteur,2026-01-26,,false,,ARP_ODOO
CMM-184cdd8c41e7,TNP-00150,CMT-5a174a8e00bb,ARP-2023,member,2023-05-23,,false,,ARP_ODOO
CMM-71dd724b4e0f,TNP-00151,CMT-d74c07127db9,ARP-2023,member,2023-05-23,2025-01-02,false,,ARP_ODOO
CMM-e3fe91ab4035,TNP-00151,CMT-d74c07127db9,ARP-2023,rapporteur,2025-01-03,2026-01-25,false,,ARP_ODOO
CMM-cdc576cd4adc,TNP-00151,CMT-d74c07127db9,ARP-2023,member,2026-01-26,,false,,ARP_ODOO
CMM-88dbc0aaa8be,TNP-00152,CMT-309f56b78ead,ARP-2023,member,2023-05-23,2025-01-02,false,,ARP_ODOO
CMM-075c94b1ebec,TNP-00152,CMT-76cc55ae8838,ARP-2023,member,2025-01-03,2026-01-25,false,,ARP_ODOO
CMM-c8dc84a00c63,TNP-00153,CMT-7c0357a9f3f7,ARP-2023,rapporteur,2023-05-23,2025-01-02,false,,ARP_ODOO
CMM-2a110607d9e6,TNP-00153,CMT-7c0357a9f3f7,ARP-2023,member,2025-01-03,2026-01-24,false,,ARP_ODOO
CMM-165a4533eb9f,TNP-00153,CMT-18172a2cec3f,ARP-2023,member,2026-01-25,,false,,ARP_ODOO
CMM-ba8e4b412564,TNP-00154,CMT-966af1bec2c4,ARP-2023,member,2023-05-23,,false,,ARP_ODOO
CMM-57cc8010c9d7,TNP-00156,CMT-eb6b5aa1a575,ARP-2019,member,2019-12-19,,false,,MARSAD_MAJLES
CMM-e01206857212,TNP-00156,CMT-1e6f29539bbd,ARP-2019,vice_chair,2020-10-20,,false,,MARSAD_MAJLES
CMM-c6e1d420ac40,TNP-00157,CMT-14e6e316b483,ARP-2019,member,2019-12-19,,false,,MARSAD_MAJLES
CMM-4038b26023e3,TNP-00157,CMT-1933d120e1de,ARP-2019,member,2020-10-20,,false,,MARSAD_MAJLES
CMM-7e3324cb7dba,TNP-00159,CMT-995ac0a70e07,ARP-2019,assistant_rapporteur,2020-10-20,,false,,MARSAD_MAJLES
CMM-10fc97ea6a32,TNP-00159,CMT-c9b9c13c0a0c,ARP-2019,member,2020-10-20,,false,,MARSAD_MAJLES
CMM-cc96befa4f3e,TNP-00080,CMT-d06a2309d1fa,ARP-2019,assistant_rapporteur,2019-12-19,,false,,MARSAD_MAJLES
CMM-5e95e01a2f4b,TNP-00080,CMT-eb6b5aa1a575,ARP-2019,member,2020-10-20,,false,,MARSAD_MAJLES
CMM-e5ee7b0ba31f,TNP-00160,CMT-d06a2309d1fa,ARP-2019,chair,2020-10-20,,false,,MARSAD_MAJLES
CMM-92c890871499,TNP-00160,CMT-c9b9c13c0a0c,ARP-2019,member,2020-10-20,,false,,MARSAD_MAJLES
CMM-d0b27149df04,TNP-00161,CMT-74260d804b47,ARP-2019,member,2019-12-19,,false,,MARSAD_MAJLES
CMM-8ee46bed9366,TNP-00161,CMT-1933d120e1de,ARP-2019,member,2020-10-20,,false,,MARSAD_MAJLES
CMM-64031c7b4de8,TNP-00164,CMT-cc87da9145b5,ARP-2019,member,2019-12-19,,false,,MARSAD_MAJLES
CMM-9ce83c51be3b,TNP-00164,CMT-74260d804b47,ARP-2019,member,2019-12-19,,false,,MARSAD_MAJLES
CMM-d22d077b982f,TNP-00165,CMT-995ac0a70e07,ARP-2019,assistant_rapporteur,2020-10-20,,false,,MARSAD_MAJLES
CMM-4807362a8717,TNP-00165,CMT-d2c1a1210b30,ARP-2019,member,2020-10-20,,false,,MARSAD_MAJLES
CMM-3b997fa941fc,TNP-00166,CMT-cc87da9145b5,ARP-2019,rapporteur,2020-10-20,,false,,MARSAD_MAJLES
CMM-af45bb321f55,TNP-00166,CMT-1c52d559d3de,ARP-2019,member,2020-02-25,,false,,MARSAD_MAJLES
CMM-98db3af957f2,TNP-00167,CMT-43611af20002,ARP-2019,rapporteur,2019-12-19,,false,,MARSAD_MAJLES
CMM-7a63b810e892,TNP-00168,CMT-14e6e316b483,ARP-2019,member,2019-12-19,,false,,MARSAD_MAJLES
CMM-29a4674fcc52,TNP-00168,CMT-d06a2309d1fa,ARP-2019,vice_chair,2020-10-20,,false,,MARSAD_MAJLES
CMM-dbdc105b7f67,TNP-00169,CMT-99f836e091fd,ARP-2019,member,2021-06-15,,false,,MARSAD_MAJLES
CMM-669d71094d40,TNP-00169,CMT-52a6ad966412,ARP-2019,vice_chair,2020-10-20,,false,,MARSAD_MAJLES
CMM-cae2d048aaec,TNP-00169,CMT-7713cb69dba5,ARP-2019,chair,2019-11-13,,false,,MARSAD_MAJLES
CMM-b1a35ec2a5a5,TNP-00170,CMT-995ac0a70e07,ARP-2019,rapporteur,2020-10-20,,false,,MARSAD_MAJLES
CMM-25a7f5540828,TNP-00170,CMT-1c52d559d3de,ARP-2019,member,2020-10-20,,false,,MARSAD_MAJLES
CMM-8a39d64d9690,TNP-00172,CMT-d542bd0fb7e9,ARP-2019,member,2020-10-20,,false,,MARSAD_MAJLES
CMM-79a25b90ae26,TNP-00172,CMT-eb6b5aa1a575,ARP-2019,member,2020-10-20,,false,,MARSAD_MAJLES
CMM-0223803613d4,TNP-00173,CMT-52a6ad966412,ARP-2019,member,2020-10-20,,false,,MARSAD_MAJLES
CMM-67cc561e2b78,TNP-00173,CMT-738e7ac33069,ARP-2019,chair,2020-10-20,,false,,MARSAD_MAJLES
CMM-2fbeaff908d8,TNP-00175,CMT-995ac0a70e07,ARP-2019,member,2019-12-19,,false,,MARSAD_MAJLES
CMM-ccd0c99463dc,TNP-00175,CMT-43611af20002,ARP-2019,member,2019-12-19,,false,,MARSAD_MAJLES
CMM-d373c39d4a28,TNP-00176,CMT-d2c1a1210b30,ARP-2019,rapporteur,2020-10-20,,false,,MARSAD_MAJLES
CMM-01e7f40e9e82,TNP-00176,CMT-d542bd0fb7e9,ARP-2019,chair,2020-10-20,,false,,MARSAD_MAJLES
CMM-4620b7d064ca,TNP-00177,CMT-43611af20002,ARP-2019,member,2020-10-20,,false,,MARSAD_MAJLES
CMM-1698644cac65,TNP-00177,CMT-1933d120e1de,ARP-2019,member,2020-10-20,,false,,MARSAD_MAJLES
CMM-206820f97cab,TNP-00178,CMT-52a6ad966412,ARP-2019,member,2020-10-20,,false,,MARSAD_MAJLES
CMM-78c240d812e5,TNP-00178,CMT-d542bd0fb7e9,ARP-2019,member,2020-10-20,,false,,MARSAD_MAJLES
CMM-c387ad2cadc9,TNP-00179,CMT-d542bd0fb7e9,ARP-2019,member,2020-10-20,,false,,MARSAD_MAJLES
CMM-6ac08c2e4fc9,TNP-00179,CMT-74260d804b47,ARP-2019,member,2020-06-18,,false,,MARSAD_MAJLES
CMM-e0369171aaf8,TNP-00180,CMT-d2c1a1210b30,ARP-2019,member,2020-10-20,,false,,MARSAD_MAJLES
CMM-32f865348c05,TNP-00180,CMT-976bdb215c1b,ARP-2019,member,2020-10-20,,false,,MARSAD_MAJLES
CMM-ee0e8c63f25b,TNP-00181,CMT-d542bd0fb7e9,ARP-2019,assistant_rapporteur,2021-02-07,,false,,MARSAD_MAJLES
CMM-3cb02cf5f0da,TNP-00181,CMT-74260d804b47,ARP-2019,chair,2020-10-20,,false,,MARSAD_MAJLES
CMM-8608d77735c8,TNP-00182,CMT-eb6b5aa1a575,ARP-2019,member,2019-12-19,,false,,MARSAD_MAJLES
CMM-712ed96553a1,TNP-00182,CMT-1e6f29539bbd,ARP-2019,member,2020-02-11,,false,,MARSAD_MAJLES
CMM-ad2a5f06e7f4,TNP-00134,CMT-5f960380a92d,ARP-2019,member,2020-10-20,,false,,MARSAD_MAJLES
CMM-66f454a046c8,TNP-00134,CMT-738e7ac33069,ARP-2019,chair,2019-12-19,,false,,MARSAD_MAJLES
CMM-a83115b78661,TNP-00183,CMT-52a6ad966412,ARP-2019,member,2020-10-20,,false,,MARSAD_MAJLES
CMM-36a71264bf44,TNP-00183,CMT-1e6f29539bbd,ARP-2019,member,2020-10-20,,false,,MARSAD_MAJLES
CMM-c4a9297b03f8,TNP-00184,CMT-d06a2309d1fa,ARP-2019,member,2020-10-20,,false,,MARSAD_MAJLES
CMM-e4ce05101127,TNP-00184,CMT-c9b9c13c0a0c,ARP-2019,member,2020-02-20,,false,,MARSAD_MAJLES
CMM-415d737c00c3,TNP-00185,CMT-d542bd0fb7e9,ARP-2019,member,2020-10-20,,false,,MARSAD_MAJLES
CMM-40673e93d67c,TNP-00185,CMT-eb6b5aa1a575,ARP-2019,assistant_rapporteur,2020-10-20,,false,,MARSAD_MAJLES
CMM-b1b1e1ff8136,TNP-00186,CMT-99f836e091fd,ARP-2019,member,2021-06-15,,false,,MARSAD_MAJLES
CMM-a08a82bdeccb,TNP-00186,CMT-d2c1a1210b30,ARP-2019,member,2020-10-20,,false,,MARSAD_MAJLES
CMM-c14b0d18f119,TNP-00186,CMT-cc87da9145b5,ARP-2019,member,2019-12-19,,false,,MARSAD_MAJLES
CMM-addaaf5973bb,TNP-00187,CMT-995ac0a70e07,ARP-2019,member,2020-11-24,,false,,MARSAD_MAJLES
CMM-43ec0c1c22e8,TNP-00187,CMT-74260d804b47,ARP-2019,member,2019-12-19,,false,,MARSAD_MAJLES
CMM-e68dde8f78ee,TNP-00188,CMT-cc87da9145b5,ARP-2019,rapporteur,2019-12-19,,false,,MARSAD_MAJLES
CMM-936492aa7f38,TNP-00188,CMT-5f960380a92d,ARP-2019,member,2020-10-20,,false,,MARSAD_MAJLES
CMM-3880938c2f83,TNP-00188,CMT-7713cb69dba5,ARP-2019,member,2019-11-13,,false,,MARSAD_MAJLES
CMM-075def81038f,TNP-00189,CMT-1c52d559d3de,ARP-2019,member,2019-12-19,,false,,MARSAD_MAJLES
CMM-35f414b0a4b3,TNP-00189,CMT-738e7ac33069,ARP-2019,rapporteur,2020-10-20,,false,,MARSAD_MAJLES
CMM-21b05fdb5649,TNP-00190,CMT-14e6e316b483,ARP-2019,member,2019-12-19,,false,,MARSAD_MAJLES
CMM-9117b942b5bc,TNP-00191,CMT-52a6ad966412,ARP-2019,rapporteur,2020-10-20,,false,,MARSAD_MAJLES
CMM-f7252f09d554,TNP-00191,CMT-976bdb215c1b,ARP-2019,member,2020-10-20,,false,,MARSAD_MAJLES
CMM-d06d0a008bba,TNP-00192,CMT-eb6b5aa1a575,ARP-2019,member,2019-12-19,,false,,MARSAD_MAJLES
CMM-686e4cf52602,TNP-00192,CMT-1e6f29539bbd,ARP-2019,member,2019-12-19,,false,,MARSAD_MAJLES
CMM-2d92c3f8caa2,TNP-00193,CMT-43611af20002,ARP-2019,assistant_rapporteur,2020-10-20,,false,,MARSAD_MAJLES
CMM-ccbf39766303,TNP-00193,CMT-1933d120e1de,ARP-2019,member,2020-10-20,,false,,MARSAD_MAJLES
CMM-a59762d6d250,TNP-00194,CMT-99f836e091fd,ARP-2019,member,2021-06-15,,false,,MARSAD_MAJLES
CMM-b6074975f385,TNP-00194,CMT-d2c1a1210b30,ARP-2019,member,2020-10-20,,false,,MARSAD_MAJLES
CMM-d9629b70244f,TNP-00194,CMT-1e6f29539bbd,ARP-2019,rapporteur,2020-10-20,,false,,MARSAD_MAJLES
CMM-b819185b6821,TNP-00195,CMT-14e6e316b483,ARP-2019,vice_chair,2020-10-20,,false,,MARSAD_MAJLES
CMM-f0583d4658ac,TNP-00195,CMT-cc87da9145b5,ARP-2019,vice_chair,2020-10-20,,false,,MARSAD_MAJLES
CMM-4b5827f3a5ee,TNP-00195,CMT-7713cb69dba5,ARP-2019,member,2019-11-13,,false,,MARSAD_MAJLES
CMM-e1f2536168b3,TNP-00196,CMT-14e6e316b483,ARP-2019,member,2019-12-19,,false,,MARSAD_MAJLES
CMM-c731f3eab3f5,TNP-00196,CMT-995ac0a70e07,ARP-2019,member,2020-10-20,,false,,MARSAD_MAJLES
CMM-6f65f86c8da2,TNP-00197,CMT-99f836e091fd,ARP-2019,member,2021-06-15,,false,,MARSAD_MAJLES
CMM-7c0ca2b2ea46,TNP-00197,CMT-1933d120e1de,ARP-2019,member,2019-12-19,,false,,MARSAD_MAJLES
CMM-ee9883d5918f,TNP-00198,CMT-c9b9c13c0a0c,ARP-2019,member,2019-12-19,,false,,MARSAD_MAJLES
CMM-483d02b8a224,TNP-00198,CMT-1e6f29539bbd,ARP-2019,member,2020-02-09,,false,,MARSAD_MAJLES
CMM-b101e6bea5d3,TNP-00199,CMT-5f960380a92d,ARP-2019,member,2020-10-20,,false,,MARSAD_MAJLES
CMM-f8abf57ed355,TNP-00199,CMT-1933d120e1de,ARP-2019,member,2020-10-20,,false,,MARSAD_MAJLES
CMM-a95d8c5c2de7,TNP-00200,CMT-14e6e316b483,ARP-2019,member,2020-10-20,,false,,MARSAD_MAJLES
CMM-f52801f9a903,TNP-00200,CMT-738e7ac33069,ARP-2019,member,2020-10-20,,false,,MARSAD_MAJLES
CMM-3469893be430,TNP-00201,CMT-1c52d559d3de,ARP-2019,rapporteur,2019-12-19,,false,,MARSAD_MAJLES
CMM-9a6678187b71,TNP-00201,CMT-738e7ac33069,ARP-2019,member,2019-12-19,,false,,MARSAD_MAJLES
CMM-4bf38e561f01,TNP-00202,CMT-cc87da9145b5,ARP-2019,member,2020-10-20,,false,,MARSAD_MAJLES
CMM-29f838f58549,TNP-00202,CMT-eb6b5aa1a575,ARP-2019,chair,2020-10-20,,false,,MARSAD_MAJLES
CMM-eeeb6a9a3e64,TNP-00204,CMT-d2c1a1210b30,ARP-2019,member,2020-10-20,,false,,MARSAD_MAJLES
CMM-4c786fe43eb8,TNP-00204,CMT-738e7ac33069,ARP-2019,member,2019-12-19,,false,,MARSAD_MAJLES
CMM-faf282b5638c,TNP-00205,CMT-99f836e091fd,ARP-2019,member,2021-06-15,,false,,MARSAD_MAJLES
CMM-820abc9333aa,TNP-00205,CMT-cc87da9145b5,ARP-2019,member,2020-10-20,,false,,MARSAD_MAJLES
CMM-850380df0b39,TNP-00205,CMT-c9b9c13c0a0c,ARP-2019,rapporteur,2020-10-20,,false,,MARSAD_MAJLES
CMM-b8c26e43bb03,TNP-00206,CMT-1c52d559d3de,ARP-2019,member,2019-12-19,,false,,MARSAD_MAJLES
CMM-eee69c36bed7,TNP-00206,CMT-976bdb215c1b,ARP-2019,member,2020-10-20,,false,,MARSAD_MAJLES
CMM-b31eb739319c,TNP-00207,CMT-99f836e091fd,ARP-2019,member,2021-06-15,,false,,MARSAD_MAJLES
CMM-d8fd53b9f4fd,TNP-00207,CMT-c9b9c13c0a0c,ARP-2019,vice_chair,2020-10-20,,false,,MARSAD_MAJLES
CMM-e2ffada9c789,TNP-00209,CMT-99f836e091fd,ARP-2019,member,2021-06-15,,false,,MARSAD_MAJLES
CMM-e7eb6e611a21,TNP-00209,CMT-5f960380a92d,ARP-2019,rapporteur,2020-10-20,,false,,MARSAD_MAJLES
CMM-d97bfc69c625,TNP-00209,CMT-738e7ac33069,ARP-2019,member,2019-12-19,,false,,MARSAD_MAJLES
CMM-d2759e1b9894,TNP-00210,CMT-14e6e316b483,ARP-2019,rapporteur,2020-10-20,,false,,MARSAD_MAJLES
CMM-bc83cc87cc47,TNP-00210,CMT-d06a2309d1fa,ARP-2019,member,2019-12-19,,false,,MARSAD_MAJLES
CMM-b9349b0eed9f,TNP-00211,CMT-5f960380a92d,ARP-2019,member,2019-12-19,,false,,MARSAD_MAJLES
CMM-2124b4c079b8,TNP-00212,CMT-43611af20002,ARP-2019,member,2020-10-20,,false,,MARSAD_MAJLES
CMM-61021ad48e5e,TNP-00213,CMT-5f960380a92d,ARP-2019,assistant_rapporteur,2020-10-20,,false,,MARSAD_MAJLES
CMM-8e9cc9280101,TNP-00213,CMT-976bdb215c1b,ARP-2019,member,2020-10-20,,false,,MARSAD_MAJLES
CMM-c6661ca3bb8d,TNP-00214,CMT-5f960380a92d,ARP-2019,member,2020-10-20,,false,,MARSAD_MAJLES
CMM-77996466cec9,TNP-00214,CMT-976bdb215c1b,ARP-2019,member,2019-12-19,,false,,MARSAD_MAJLES
CMM-f8b04e8a064a,TNP-00215,CMT-14e6e316b483,ARP-2019,member,2019-12-19,,false,,MARSAD_MAJLES
CMM-62c568038ea0,TNP-00215,CMT-976bdb215c1b,ARP-2019,member,2020-10-20,,false,,MARSAD_MAJLES
CMM-fd1ed5549798,TNP-00217,CMT-738e7ac33069,ARP-2019,member,2019-12-19,,false,,MARSAD_MAJLES
CMM-77fc667001e4,TNP-00217,CMT-74260d804b47,ARP-2019,chair,2020-10-20,,false,,MARSAD_MAJLES
CMM-4d349873d411,TNP-00218,CMT-1c52d559d3de,ARP-2019,chair,2020-10-20,,false,,MARSAD_MAJLES
CMM-06550fd19b4a,TNP-00219,CMT-d06a2309d1fa,ARP-2019,member,2020-10-20,,false,,MARSAD_MAJLES
CMM-c2f44aa2683d,TNP-00219,CMT-c9b9c13c0a0c,ARP-2019,member,2020-10-20,,false,,MARSAD_MAJLES
CMM-4c67b6da72ea,TNP-00220,CMT-14e6e316b483,ARP-2019,member,2020-10-20,,false,,MARSAD_MAJLES
CMM-84549b2a3cdf,TNP-00220,CMT-976bdb215c1b,ARP-2019,member,2020-10-20,,false,,MARSAD_MAJLES
CMM-eb88b4b3d25c,TNP-00221,CMT-d06a2309d1fa,ARP-2019,member,2019-12-19,,false,,MARSAD_MAJLES
CMM-68e44593622e,TNP-00221,CMT-74260d804b47,ARP-2019,member,2019-12-19,,false,,MARSAD_MAJLES
CMM-2d4596ead4d7,TNP-00222,CMT-eb6b5aa1a575,ARP-2019,member,2021-02-18,,false,,MARSAD_MAJLES
CMM-f262d10de2d7,TNP-00223,CMT-1c52d559d3de,ARP-2019,assistant_rapporteur,2019-12-19,,false,,MARSAD_MAJLES
CMM-46950695f948,TNP-00223,CMT-738e7ac33069,ARP-2019,member,2019-12-24,,false,,MARSAD_MAJLES
CMM-81681b266297,TNP-00224,CMT-d06a2309d1fa,ARP-2019,member,2019-12-19,,false,,MARSAD_MAJLES
CMM-800a81106406,TNP-00224,CMT-c9b9c13c0a0c,ARP-2019,member,2020-10-20,,false,,MARSAD_MAJLES
CMM-09a3510ef86d,TNP-00225,CMT-52a6ad966412,ARP-2019,member,2020-10-20,,false,,MARSAD_MAJLES
CMM-899620981c77,TNP-00225,CMT-976bdb215c1b,ARP-2019,member,2020-02-17,,false,,MARSAD_MAJLES
CMM-83856f8518da,TNP-00226,CMT-d2c1a1210b30,ARP-2019,member,2019-12-19,,false,,MARSAD_MAJLES
CMM-afcfa8a52997,TNP-00226,CMT-cc87da9145b5,ARP-2019,member,2019-12-19,,false,,MARSAD_MAJLES
CMM-cce33986eb13,TNP-00227,CMT-52a6ad966412,ARP-2019,member,2020-10-20,,false,,MARSAD_MAJLES
CMM-22d7693d51fc,TNP-00227,CMT-995ac0a70e07,ARP-2019,chair,2019-12-19,,false,,MARSAD_MAJLES
CMM-7b2c9f352064,TNP-00228,CMT-1e6f29539bbd,ARP-2019,member,2020-10-20,,false,,MARSAD_MAJLES
CMM-811f2209d84a,TNP-00228,CMT-74260d804b47,ARP-2019,member,2019-12-19,,false,,MARSAD_MAJLES
CMM-78b569f7e28f,TNP-00065,CMT-c9b9c13c0a0c,ARP-2019,assistant_rapporteur,2020-10-20,,false,,MARSAD_MAJLES
CMM-28058d370c11,TNP-00065,CMT-738e7ac33069,ARP-2019,assistant_rapporteur,2020-11-01,,false,,MARSAD_MAJLES
CMM-6c791b234751,TNP-00229,CMT-976bdb215c1b,ARP-2019,member,2020-10-20,,false,,MARSAD_MAJLES
CMM-453de2030cb1,TNP-00230,CMT-99f836e091fd,ARP-2019,member,2021-06-15,,false,,MARSAD_MAJLES
CMM-66864018a156,TNP-00230,CMT-5f960380a92d,ARP-2019,member,2020-11-09,,false,,MARSAD_MAJLES
CMM-da33e6649ea3,TNP-00230,CMT-738e7ac33069,ARP-2019,member,2019-12-19,,false,,MARSAD_MAJLES
CMM-b74defac8479,TNP-00231,CMT-d542bd0fb7e9,ARP-2019,member,2020-10-20,,false,,MARSAD_MAJLES
CMM-012faa61c8ff,TNP-00231,CMT-74260d804b47,ARP-2019,member,2020-10-20,,false,,MARSAD_MAJLES
CMM-2bea9dbde7c0,TNP-00232,CMT-cc87da9145b5,ARP-2019,member,2021-06-14,,false,,MARSAD_MAJLES
CMM-f6fafeb3ddf9,TNP-00232,CMT-c9b9c13c0a0c,ARP-2019,member,2021-06-28,,false,,MARSAD_MAJLES
CMM-9d6a14ee8958,TNP-00233,CMT-1c52d559d3de,ARP-2019,member,2020-10-20,,false,,MARSAD_MAJLES
CMM-60bb4c5fde29,TNP-00233,CMT-976bdb215c1b,ARP-2019,assistant_rapporteur,2020-10-20,,false,,MARSAD_MAJLES
CMM-1ec4aea083a6,TNP-00234,CMT-d06a2309d1fa,ARP-2019,member,2020-10-20,,false,,MARSAD_MAJLES
CMM-67b9c9ba5118,TNP-00235,CMT-99f836e091fd,ARP-2019,member,2021-06-15,,false,,MARSAD_MAJLES
CMM-84bd13d5ceeb,TNP-00236,CMT-cc87da9145b5,ARP-2019,member,2020-10-20,,false,,MARSAD_MAJLES
CMM-cce23a03f0cd,TNP-00236,CMT-43611af20002,ARP-2019,member,2020-10-20,,false,,MARSAD_MAJLES
CMM-5d0d81012d9e,TNP-00237,CMT-738e7ac33069,ARP-2019,member,2019-12-19,,false,,MARSAD_MAJLES
CMM-048e7d49cf72,TNP-00237,CMT-43611af20002,ARP-2019,member,2020-10-20,,false,,MARSAD_MAJLES
CMM-4b4de9741d56,TNP-00238,CMT-c9b9c13c0a0c,ARP-2019,member,2020-10-20,,false,,MARSAD_MAJLES
CMM-cc2c63792057,TNP-00238,CMT-976bdb215c1b,ARP-2019,assistant_rapporteur,2020-10-20,,false,,MARSAD_MAJLES
CMM-5529871582dc,TNP-00240,CMT-995ac0a70e07,ARP-2019,member,2020-10-20,,false,,MARSAD_MAJLES
CMM-fdbf7cb53b1a,TNP-00240,CMT-1c52d559d3de,ARP-2019,member,2020-10-20,,false,,MARSAD_MAJLES
CMM-67d3f2cb5c28,TNP-00241,CMT-d06a2309d1fa,ARP-2019,rapporteur,2020-10-20,,false,,MARSAD_MAJLES
CMM-cee01cd93d80,TNP-00241,CMT-5f960380a92d,ARP-2019,member,2020-10-20,,false,,MARSAD_MAJLES
CMM-6064ee3ee1a0,TNP-00243,CMT-52a6ad966412,ARP-2019,member,2020-10-20,,false,,MARSAD_MAJLES
CMM-bcf8432d0ddc,TNP-00244,CMT-74260d804b47,ARP-2019,member,2020-03-11,,false,,MARSAD_MAJLES
CMM-2b15316b870c,TNP-00245,CMT-14e6e316b483,ARP-2019,member,2021-05-21,,false,,MARSAD_MAJLES
CMM-8063640f5efd,TNP-00245,CMT-d542bd0fb7e9,ARP-2019,member,2019-12-19,,false,,MARSAD_MAJLES
CMM-74b7a72d5e85,TNP-00246,CMT-cc87da9145b5,ARP-2019,member,2020-10-20,,false,,MARSAD_MAJLES
CMM-2fcae3b056a6,TNP-00246,CMT-c9b9c13c0a0c,ARP-2019,member,2020-10-20,,false,,MARSAD_MAJLES
CMM-9b807b94e5df,TNP-00247,CMT-d2c1a1210b30,ARP-2019,rapporteur,2020-10-20,,false,,MARSAD_MAJLES
CMM-3acd2c3608c4,TNP-00247,CMT-d06a2309d1fa,ARP-2019,member,2020-10-20,,false,,MARSAD_MAJLES
CMM-08df0806df0f,TNP-00248,CMT-cc87da9145b5,ARP-2019,member,2019-12-19,,false,,MARSAD_MAJLES
CMM-2ca85cd84288,TNP-00248,CMT-74260d804b47,ARP-2019,member,2020-10-20,,false,,MARSAD_MAJLES
CMM-823c961c7c3f,TNP-00249,CMT-99f836e091fd,ARP-2019,member,2021-06-15,,false,,MARSAD_MAJLES
CMM-f19a4878be4e,TNP-00249,CMT-d2c1a1210b30,ARP-2019,member,2019-12-19,,false,,MARSAD_MAJLES
CMM-ade5416c3d70,TNP-00249,CMT-738e7ac33069,ARP-2019,member,2021-01-18,,false,,MARSAD_MAJLES
CMM-aa4e7735db35,TNP-00250,CMT-d2c1a1210b30,ARP-2019,member,2020-11-10,,false,,MARSAD_MAJLES
CMM-317013e5df5f,TNP-00250,CMT-1933d120e1de,ARP-2019,chair,2020-10-20,,false,,MARSAD_MAJLES
CMM-ef47055d1bf1,TNP-00251,CMT-5f960380a92d,ARP-2019,member,2019-12-19,,false,,MARSAD_MAJLES
CMM-a0ade183a650,TNP-00251,CMT-1e6f29539bbd,ARP-2019,member,2020-10-20,,false,,MARSAD_MAJLES
CMM-bd2dfdb1d75c,TNP-00252,CMT-995ac0a70e07,ARP-2019,member,2019-12-19,,false,,MARSAD_MAJLES
CMM-fcaca195ae59,TNP-00252,CMT-43611af20002,ARP-2019,assistant_rapporteur,2020-10-20,,false,,MARSAD_MAJLES
CMM-ca61cf068d43,TNP-00254,CMT-d06a2309d1fa,ARP-2019,member,2020-10-20,,false,,MARSAD_MAJLES
CMM-fc8d90be01c5,TNP-00254,CMT-eb6b5aa1a575,ARP-2019,member,2020-10-20,,false,,MARSAD_MAJLES
CMM-853565a73027,TNP-00254,CMT-7713cb69dba5,ARP-2019,member,2019-11-13,,false,,MARSAD_MAJLES
CMM-162f2030b93a,TNP-00256,CMT-52a6ad966412,ARP-2019,member,2019-12-19,,false,,MARSAD_MAJLES
CMM-d946374764b2,TNP-00256,CMT-976bdb215c1b,ARP-2019,vice_chair,2020-10-20,,false,,MARSAD_MAJLES
CMM-565937cf00bc,TNP-00257,CMT-1c52d559d3de,ARP-2019,member,2019-12-19,,false,,MARSAD_MAJLES
CMM-40e0991aaa0c,TNP-00257,CMT-976bdb215c1b,ARP-2019,member,2020-10-20,,false,,MARSAD_MAJLES
CMM-b4e22aeb4bdb,TNP-00259,CMT-99f836e091fd,ARP-2019,member,2021-06-15,,false,,MARSAD_MAJLES
CMM-ab6abcdb626f,TNP-00259,CMT-c9b9c13c0a0c,ARP-2019,rapporteur,2020-10-20,,false,,MARSAD_MAJLES
CMM-c1ab95ca60c7,TNP-00259,CMT-1933d120e1de,ARP-2019,member,2020-10-20,,false,,MARSAD_MAJLES
CMM-78e8faec78b4,TNP-00260,CMT-d2c1a1210b30,ARP-2019,member,2021-02-10,,false,,MARSAD_MAJLES
CMM-e65a7d476afb,TNP-00260,CMT-d542bd0fb7e9,ARP-2019,member,2020-11-24,,false,,MARSAD_MAJLES
CMM-5bd886b58d76,TNP-00261,CMT-cc87da9145b5,ARP-2019,member,2020-02-24,,false,,MARSAD_MAJLES
CMM-2ef417106139,TNP-00262,CMT-1c52d559d3de,ARP-2019,member,2020-10-20,,false,,MARSAD_MAJLES
CMM-aac2706c127d,TNP-00262,CMT-738e7ac33069,ARP-2019,member,2020-10-20,,false,,MARSAD_MAJLES
CMM-7e278ce7246b,TNP-00263,CMT-d542bd0fb7e9,ARP-2019,member,2020-10-20,,false,,MARSAD_MAJLES
CMM-766dad9bd85d,TNP-00263,CMT-1c52d559d3de,ARP-2019,member,2019-12-19,,false,,MARSAD_MAJLES
CMM-62856e260cf7,TNP-00264,CMT-43611af20002,ARP-2019,member,2020-10-20,,false,,MARSAD_MAJLES
CMM-69a903bee095,TNP-00267,CMT-14e6e316b483,ARP-2019,chair,2019-12-19,,false,,MARSAD_MAJLES
CMM-426377032d39,TNP-00268,CMT-99f836e091fd,ARP-2019,assistant_rapporteur,2021-06-15,,false,,MARSAD_MAJLES
CMM-f00aaa578156,TNP-00268,CMT-d2c1a1210b30,ARP-2019,member,2020-10-20,,false,,MARSAD_MAJLES
CMM-b49fca188431,TNP-00268,CMT-738e7ac33069,ARP-2019,assistant_rapporteur,2020-10-20,,false,,MARSAD_MAJLES
CMM-25a889a3299f,TNP-00269,CMT-1e6f29539bbd,ARP-2019,member,2020-10-20,,false,,MARSAD_MAJLES
CMM-a62d60e84f94,TNP-00270,CMT-1c52d559d3de,ARP-2019,member,2019-12-19,,false,,MARSAD_MAJLES
CMM-4d2129cbcf02,TNP-00270,CMT-1933d120e1de,ARP-2019,member,2019-12-19,,false,,MARSAD_MAJLES
CMM-902a8fc9f156,TNP-00271,CMT-14e6e316b483,ARP-2019,assistant_rapporteur,2019-12-19,,false,,MARSAD_MAJLES
CMM-6a0e47b61c8a,TNP-00271,CMT-d542bd0fb7e9,ARP-2019,member,2019-12-19,,false,,MARSAD_MAJLES
CMM-1940cbf35605,TNP-00272,CMT-d06a2309d1fa,ARP-2019,member,2020-10-20,,false,,MARSAD_MAJLES
CMM-117bfb273bfb,TNP-00272,CMT-5f960380a92d,ARP-2019,member,2019-12-19,,false,,MARSAD_MAJLES
CMM-573384f75f78,TNP-00273,CMT-5f960380a92d,ARP-2019,member,2020-10-20,,false,,MARSAD_MAJLES
CMM-8ff6a87be2bb,TNP-00273,CMT-738e7ac33069,ARP-2019,member,2019-12-19,,false,,MARSAD_MAJLES
CMM-aa41a5d66682,TNP-00274,CMT-995ac0a70e07,ARP-2019,member,2020-10-20,,false,,MARSAD_MAJLES
CMM-2ad450f275f4,TNP-00274,CMT-1c52d559d3de,ARP-2019,member,2019-12-19,,false,,MARSAD_MAJLES
CMM-71278f8e0742,TNP-00275,CMT-74260d804b47,ARP-2019,member,2019-12-19,,false,,MARSAD_MAJLES
CMM-bbdb80675901,TNP-00275,CMT-976bdb215c1b,ARP-2019,member,2020-10-20,,false,,MARSAD_MAJLES
CMM-7aa70fd84585,TNP-00276,CMT-995ac0a70e07,ARP-2019,member,2020-10-20,,false,,MARSAD_MAJLES
CMM-f39981318b21,TNP-00276,CMT-74260d804b47,ARP-2019,member,2019-12-19,,false,,MARSAD_MAJLES
CMM-5ac5b4c0503c,TNP-00277,CMT-995ac0a70e07,ARP-2019,member,2020-10-20,,false,,MARSAD_MAJLES
CMM-0cd96786a507,TNP-00277,CMT-5f960380a92d,ARP-2019,chair,2020-10-20,,false,,MARSAD_MAJLES
CMM-904cdd9b5d76,TNP-00278,CMT-5f960380a92d,ARP-2019,vice_chair,2020-10-20,,false,,MARSAD_MAJLES
CMM-4fcc51b4e84d,TNP-00279,CMT-74260d804b47,ARP-2019,member,2020-10-20,,false,,MARSAD_MAJLES
CMM-e7960c5e2f43,TNP-00280,CMT-d06a2309d1fa,ARP-2019,member,2019-12-19,,false,,MARSAD_MAJLES
CMM-bc60be9d34b5,TNP-00280,CMT-5f960380a92d,ARP-2019,member,2020-02-06,,false,,MARSAD_MAJLES
CMM-241fe967b610,TNP-00281,CMT-d542bd0fb7e9,ARP-2019,vice_chair,2020-10-20,,false,,MARSAD_MAJLES
CMM-156ef8100661,TNP-00281,CMT-74260d804b47,ARP-2019,rapporteur,2020-10-20,,false,,MARSAD_MAJLES
CMM-36b7a4a3eb46,TNP-00282,CMT-14e6e316b483,ARP-2019,member,2019-12-19,,false,,MARSAD_MAJLES
CMM-21f9198ff53d,TNP-00282,CMT-995ac0a70e07,ARP-2019,member,2019-12-19,,false,,MARSAD_MAJLES
CMM-49279c4ce53d,TNP-00283,CMT-d2c1a1210b30,ARP-2019,member,2020-10-20,,false,,MARSAD_MAJLES
CMM-95645cd9f375,TNP-00284,CMT-1e6f29539bbd,ARP-2019,member,2020-10-20,,false,,MARSAD_MAJLES
CMM-b0846c9aaac8,TNP-00285,CMT-14e6e316b483,ARP-2019,member,2020-10-20,,false,,MARSAD_MAJLES
CMM-b79dedd0bb87,TNP-00285,CMT-976bdb215c1b,ARP-2019,member,2020-10-20,,false,,MARSAD_MAJLES
CMM-a3a12e0e2416,TNP-00286,CMT-14e6e316b483,ARP-2019,rapporteur,2019-12-19,,false,,MARSAD_MAJLES
CMM-59541c9a9689,TNP-00286,CMT-d06a2309d1fa,ARP-2019,member,2020-10-20,,false,,MARSAD_MAJLES
CMM-8b15d6006802,TNP-00287,CMT-74260d804b47,ARP-2019,member,2020-10-20,,false,,MARSAD_MAJLES
CMM-b15d5aafb550,TNP-00287,CMT-976bdb215c1b,ARP-2019,member,2020-10-20,,false,,MARSAD_MAJLES
CMM-c50e09115441,TNP-00288,CMT-cc87da9145b5,ARP-2019,member,2020-04-13,,false,,MARSAD_MAJLES
CMM-c897755207b9,TNP-00288,CMT-1c52d559d3de,ARP-2019,assistant_rapporteur,2020-10-20,,false,,MARSAD_MAJLES
CMM-3367c88b87f9,TNP-00289,CMT-1c52d559d3de,ARP-2019,member,2020-10-20,,false,,MARSAD_MAJLES
CMM-1a8095f191c8,TNP-00289,CMT-738e7ac33069,ARP-2019,member,2020-10-20,,false,,MARSAD_MAJLES
CMM-64e18625fda0,TNP-00290,CMT-eb6b5aa1a575,ARP-2019,member,2021-07-06,,false,,MARSAD_MAJLES
CMM-df93cf4ab3b5,TNP-00292,CMT-1c52d559d3de,ARP-2019,member,2020-04-13,,false,,MARSAD_MAJLES
CMM-c170e19179ab,TNP-00293,CMT-99f836e091fd,ARP-2019,rapporteur,2021-06-15,,false,,MARSAD_MAJLES
CMM-b633309a4483,TNP-00293,CMT-d2c1a1210b30,ARP-2019,member,2020-10-20,,false,,MARSAD_MAJLES
CMM-9bd67e4238f8,TNP-00293,CMT-1933d120e1de,ARP-2019,rapporteur,2020-10-20,,false,,MARSAD_MAJLES
CMM-c611bcc02b85,TNP-00294,CMT-14e6e316b483,ARP-2019,member,2020-10-20,,false,,MARSAD_MAJLES
CMM-a7b9a0a77526,TNP-00294,CMT-1933d120e1de,ARP-2019,member,2019-12-19,,false,,MARSAD_MAJLES
CMM-90f6c5dad47e,TNP-00295,CMT-99f836e091fd,ARP-2019,member,2021-06-15,,false,,MARSAD_MAJLES
CMM-a81237a94a8e,TNP-00295,CMT-52a6ad966412,ARP-2019,member,2020-10-20,,false,,MARSAD_MAJLES
CMM-f8578500d95b,TNP-00295,CMT-d542bd0fb7e9,ARP-2019,member,2020-10-20,,false,,MARSAD_MAJLES
CMM-a84780f2cf6c,TNP-00296,CMT-43611af20002,ARP-2019,member,2020-10-20,,false,,MARSAD_MAJLES
CMM-6fb95a2152f5,TNP-00297,CMT-d2c1a1210b30,ARP-2019,member,2020-10-20,,false,,MARSAD_MAJLES
CMM-75a8bd56a5ea,TNP-00297,CMT-976bdb215c1b,ARP-2019,rapporteur,2020-10-20,,false,,MARSAD_MAJLES
CMM-fc00a355ee19,TNP-00298,CMT-d542bd0fb7e9,ARP-2019,rapporteur,2020-10-20,,false,,MARSAD_MAJLES
CMM-f01251e92e18,TNP-00298,CMT-c9b9c13c0a0c,ARP-2019,member,2019-12-19,,false,,MARSAD_MAJLES
CMM-c2758410c4aa,TNP-00300,CMT-14e6e316b483,ARP-2019,member,2020-10-20,,false,,MARSAD_MAJLES
CMM-e0b9f4645821,TNP-00300,CMT-738e7ac33069,ARP-2019,member,2020-10-20,,false,,MARSAD_MAJLES
CMM-f2b5234cacd7,TNP-00300,CMT-7713cb69dba5,ARP-2019,member,2019-11-13,,false,,MARSAD_MAJLES
CMM-155282dda516,TNP-00301,CMT-43611af20002,ARP-2019,chair,2020-10-20,,false,,MARSAD_MAJLES
CMM-7d9f1fffcae0,TNP-00301,CMT-976bdb215c1b,ARP-2019,member,2019-12-19,,false,,MARSAD_MAJLES
CMM-5187afd64d9e,TNP-00302,CMT-cc87da9145b5,ARP-2019,member,2020-10-20,,false,,MARSAD_MAJLES
CMM-e37439e69389,TNP-00302,CMT-c9b9c13c0a0c,ARP-2019,chair,2020-10-20,,false,,MARSAD_MAJLES
CMM-fbf34a3c467b,TNP-00303,CMT-d2c1a1210b30,ARP-2019,chair,2020-10-20,,false,,MARSAD_MAJLES
CMM-e73f22dd5fa4,TNP-00303,CMT-738e7ac33069,ARP-2019,member,2020-10-20,,false,,MARSAD_MAJLES
CMM-9f036cda0319,TNP-00304,CMT-995ac0a70e07,ARP-2019,member,2020-05-17,,false,,MARSAD_MAJLES
CMM-19b71d0a97aa,TNP-00304,CMT-eb6b5aa1a575,ARP-2019,member,2019-12-19,,false,,MARSAD_MAJLES
CMM-209b218e098d,TNP-00305,CMT-738e7ac33069,ARP-2019,member,2020-10-20,,false,,MARSAD_MAJLES
CMM-e04c9bd5265d,TNP-00305,CMT-43611af20002,ARP-2019,vice_chair,2020-10-20,,false,,MARSAD_MAJLES
CMM-2fefce8175ab,TNP-00306,CMT-eb6b5aa1a575,ARP-2019,member,2020-10-20,,false,,MARSAD_MAJLES
CMM-0eafd6d7d4f7,TNP-00307,CMT-d542bd0fb7e9,ARP-2019,member,2020-10-20,,false,,MARSAD_MAJLES
CMM-02cd960fa230,TNP-00307,CMT-eb6b5aa1a575,ARP-2019,member,2020-10-20,,false,,MARSAD_MAJLES
CMM-97ff34ef2c36,TNP-00308,CMT-43611af20002,ARP-2019,member,2019-12-19,,false,,MARSAD_MAJLES
CMM-785d4dfe65b7,TNP-00308,CMT-976bdb215c1b,ARP-2019,chair,2020-10-20,,false,,MARSAD_MAJLES
CMM-8abd7b486dbd,TNP-00309,CMT-14e6e316b483,ARP-2019,member,2020-10-20,,false,,MARSAD_MAJLES
CMM-19a9e29d0f87,TNP-00309,CMT-cc87da9145b5,ARP-2019,member,2020-10-20,,false,,MARSAD_MAJLES
CMM-c0ca0dcbd254,TNP-00310,CMT-14e6e316b483,ARP-2019,member,2020-10-20,,false,,MARSAD_MAJLES
CMM-dfb329f12774,TNP-00310,CMT-d542bd0fb7e9,ARP-2019,rapporteur,2020-10-20,,false,,MARSAD_MAJLES
CMM-3b5700e18c05,TNP-00311,CMT-5f960380a92d,ARP-2019,rapporteur,2020-10-20,,false,,MARSAD_MAJLES
CMM-39d981675bf4,TNP-00311,CMT-1933d120e1de,ARP-2019,member,2019-12-19,,false,,MARSAD_MAJLES
CMM-08525283f668,TNP-00312,CMT-1933d120e1de,ARP-2019,assistant_rapporteur,2020-10-20,,false,,MARSAD_MAJLES
CMM-03f74867683c,TNP-00313,CMT-1933d120e1de,ARP-2019,member,2020-11-15,,false,,MARSAD_MAJLES
CMM-4c58f0e9c61b,TNP-00314,CMT-43611af20002,ARP-2019,member,2020-10-20,,false,,MARSAD_MAJLES
CMM-6b5f9ac9673e,TNP-00314,CMT-1933d120e1de,ARP-2019,member,2020-10-20,,false,,MARSAD_MAJLES
CMM-6676ba32ff88,TNP-00315,CMT-99f836e091fd,ARP-2019,chair,2021-06-15,,false,,MARSAD_MAJLES
CMM-865f5f7933d7,TNP-00315,CMT-c9b9c13c0a0c,ARP-2019,member,2020-10-20,,false,,MARSAD_MAJLES
CMM-533ec37af756,TNP-00315,CMT-1933d120e1de,ARP-2019,chair,2020-10-20,,false,,MARSAD_MAJLES
CMM-46b6afd9a123,TNP-00317,CMT-43611af20002,ARP-2019,member,2021-02-10,,false,,MARSAD_MAJLES
CMM-405211cb6d95,TNP-00318,CMT-1e6f29539bbd,ARP-2019,member,2019-12-19,,false,,MARSAD_MAJLES
CMM-3ab08d7d55aa,TNP-00318,CMT-43611af20002,ARP-2019,member,2019-12-19,,false,,MARSAD_MAJLES
CMM-e3c4031f7bb1,TNP-00115,CMT-74260d804b47,ARP-2019,member,2020-10-20,,false,,MARSAD_MAJLES
CMM-e33d5d18200d,TNP-00320,CMT-99f836e091fd,ARP-2019,member,2021-06-15,,false,,MARSAD_MAJLES
CMM-71b6cbf22edd,TNP-00320,CMT-995ac0a70e07,ARP-2019,member,2020-10-20,,false,,MARSAD_MAJLES
CMM-d7a896fa6e22,TNP-00320,CMT-eb6b5aa1a575,ARP-2019,member,2020-03-12,,false,,MARSAD_MAJLES
CMM-1ccbf250403f,TNP-00321,CMT-cc87da9145b5,ARP-2019,member,2019-12-19,,false,,MARSAD_MAJLES
CMM-5cc0826f4c5b,TNP-00321,CMT-eb6b5aa1a575,ARP-2019,member,2019-12-19,,false,,MARSAD_MAJLES
CMM-c1c6a09cd278,TNP-00322,CMT-99f836e091fd,ARP-2019,member,2021-06-15,,false,,MARSAD_MAJLES
CMM-44a6365ce156,TNP-00322,CMT-eb6b5aa1a575,ARP-2019,rapporteur,2020-10-20,,false,,MARSAD_MAJLES
CMM-d1abbf173dac,TNP-00322,CMT-1933d120e1de,ARP-2019,rapporteur,2020-11-17,,false,,MARSAD_MAJLES
CMM-8334ea213e94,TNP-00324,CMT-c9b9c13c0a0c,ARP-2019,member,2020-10-20,,false,,MARSAD_MAJLES
CMM-8eae7862fa39,TNP-00327,CMT-99f836e091fd,ARP-2019,member,2021-06-15,,false,,MARSAD_MAJLES
CMM-c5760dcecef6,TNP-00327,CMT-995ac0a70e07,ARP-2019,vice_chair,2020-10-20,,false,,MARSAD_MAJLES
CMM-ecf6226f9449,TNP-00327,CMT-eb6b5aa1a575,ARP-2019,member,2020-10-20,,false,,MARSAD_MAJLES
CMM-da7b0ab6b55d,TNP-00329,CMT-14e6e316b483,ARP-2019,member,2020-10-20,,false,,MARSAD_MAJLES
CMM-367ddf9f6ea7,TNP-00329,CMT-7713cb69dba5,ARP-2019,member,2020-03-26,,false,,MARSAD_MAJLES
CMM-14caada4a6fe,TNP-00330,CMT-74260d804b47,ARP-2019,member,2019-12-24,,false,,MARSAD_MAJLES
CMM-eea4e73457f8,TNP-00331,CMT-99f836e091fd,ARP-2019,chair,2021-06-15,,false,,MARSAD_MAJLES
CMM-f396c7fc36e5,TNP-00331,CMT-d2c1a1210b30,ARP-2019,chair,2019-12-19,,false,,MARSAD_MAJLES
CMM-2249d78d55ad,TNP-00331,CMT-d542bd0fb7e9,ARP-2019,member,2019-12-19,,false,,MARSAD_MAJLES
CMM-90cd76084cfb,TNP-00333,CMT-cc87da9145b5,ARP-2019,chair,2019-12-19,,false,,MARSAD_MAJLES
CMM-c1a77093e2c8,TNP-00333,CMT-43611af20002,ARP-2019,member,2020-10-20,,false,,MARSAD_MAJLES
CMM-2463fa2f7c5b,TNP-00334,CMT-1c52d559d3de,ARP-2019,member,2020-10-20,,false,,MARSAD_MAJLES
CMM-49993e795a0b,TNP-00334,CMT-976bdb215c1b,ARP-2019,member,2020-10-20,,false,,MARSAD_MAJLES
CMM-81cef8359db6,TNP-00336,CMT-995ac0a70e07,ARP-2019,member,2020-10-20,,false,,MARSAD_MAJLES
CMM-e71c5ca91922,TNP-00336,CMT-43611af20002,ARP-2019,member,2020-10-20,,false,,MARSAD_MAJLES
CMM-09f884e6d24a,TNP-00337,CMT-cc87da9145b5,ARP-2019,member,2020-10-20,,false,,MARSAD_MAJLES
CMM-e75b750eee25,TNP-00337,CMT-eb6b5aa1a575,ARP-2019,chair,2020-10-20,,false,,MARSAD_MAJLES
CMM-587176a5094b,TNP-00338,CMT-995ac0a70e07,ARP-2019,member,2020-10-20,,false,,MARSAD_MAJLES
CMM-d139d18472e5,TNP-00338,CMT-74260d804b47,ARP-2019,rapporteur,2020-10-20,,false,,MARSAD_MAJLES
CMM-a8b6d7d3616c,TNP-00339,CMT-52a6ad966412,ARP-2019,member,2020-10-20,,false,,MARSAD_MAJLES
CMM-984514278a8c,TNP-00339,CMT-738e7ac33069,ARP-2019,member,2020-10-20,,false,,MARSAD_MAJLES
CMM-4b78ca529deb,TNP-00340,CMT-d542bd0fb7e9,ARP-2019,member,2019-12-19,,false,,MARSAD_MAJLES
CMM-189f9bbb3faa,TNP-00340,CMT-1c52d559d3de,ARP-2019,member,2019-12-19,,false,,MARSAD_MAJLES
CMM-ff9291fa6581,TNP-00341,CMT-74260d804b47,ARP-2019,assistant_rapporteur,2019-12-19,,false,,MARSAD_MAJLES
CMM-90e0ecf52a8e,TNP-00342,CMT-c9b9c13c0a0c,ARP-2019,member,2020-10-20,,false,,MARSAD_MAJLES
CMM-d179c3c43f45,TNP-00342,CMT-1e6f29539bbd,ARP-2019,chair,2019-12-19,,false,,MARSAD_MAJLES
CMM-bd81054514a7,TNP-00343,CMT-14e6e316b483,ARP-2019,member,2020-10-20,,false,,MARSAD_MAJLES
CMM-f8bdd4508006,TNP-00343,CMT-d06a2309d1fa,ARP-2019,member,2020-10-20,,false,,MARSAD_MAJLES
CMM-06956aadee72,TNP-00344,CMT-52a6ad966412,ARP-2019,member,2020-10-20,,false,,MARSAD_MAJLES
CMM-77163ae1458f,TNP-00344,CMT-d542bd0fb7e9,ARP-2019,member,2020-10-20,,false,,MARSAD_MAJLES
CMM-169039513ac4,TNP-00348,CMT-14e6e316b483,ARP-2019,member,2020-11-09,,false,,MARSAD_MAJLES
CMM-4cf9c2826f10,TNP-00348,CMT-995ac0a70e07,ARP-2019,member,2020-11-24,,false,,MARSAD_MAJLES
CMM-641e8bcada11,TNP-00349,CMT-99f836e091fd,ARP-2019,member,2021-06-15,,false,,MARSAD_MAJLES
CMM-fee7ab25f07b,TNP-00349,CMT-52a6ad966412,ARP-2019,assistant_rapporteur,2019-12-19,,false,,MARSAD_MAJLES
CMM-d0432a7662fe,TNP-00349,CMT-cc87da9145b5,ARP-2019,assistant_rapporteur,2020-10-20,,false,,MARSAD_MAJLES
CMM-f80e54d1d433,TNP-00351,CMT-eb6b5aa1a575,ARP-2019,member,2020-10-20,,false,,MARSAD_MAJLES
CMM-440bce2dee5f,TNP-00351,CMT-1e6f29539bbd,ARP-2019,member,2020-10-20,,false,,MARSAD_MAJLES
CMM-d8222639ff86,TNP-00352,CMT-995ac0a70e07,ARP-2019,member,2020-10-20,,false,,MARSAD_MAJLES
CMM-adaead01915f,TNP-00352,CMT-1c52d559d3de,ARP-2019,member,2019-12-19,,false,,MARSAD_MAJLES
CMM-26840b89645b,TNP-00353,CMT-d2c1a1210b30,ARP-2019,member,2021-02-10,,false,,MARSAD_MAJLES
CMM-64663906cacd,TNP-00353,CMT-d542bd0fb7e9,ARP-2019,member,2021-02-07,,false,,MARSAD_MAJLES
CMM-162f70150685,TNP-00354,CMT-52a6ad966412,ARP-2019,member,2020-10-20,,false,,MARSAD_MAJLES
CMM-a75bc3c637e2,TNP-00354,CMT-1933d120e1de,ARP-2019,member,2020-10-20,,false,,MARSAD_MAJLES
CMM-eaf77f734aa6,TNP-00355,CMT-eb6b5aa1a575,ARP-2019,member,2020-10-20,,false,,MARSAD_MAJLES
CMM-da7c304b0e25,TNP-00356,CMT-99f836e091fd,ARP-2019,member,2021-06-15,,false,,MARSAD_MAJLES
CMM-136bb1099a47,TNP-00356,CMT-eb6b5aa1a575,ARP-2019,member,2020-10-20,,false,,MARSAD_MAJLES
CMM-04a189bf6858,TNP-00357,CMT-cc87da9145b5,ARP-2019,member,2020-10-20,,false,,MARSAD_MAJLES
CMM-0e3a6a3ec35c,TNP-00357,CMT-5f960380a92d,ARP-2019,member,2020-10-20,,false,,MARSAD_MAJLES
CMM-421b0c2caff2,TNP-00357,CMT-7713cb69dba5,ARP-2019,member,2019-11-29,,false,,MARSAD_MAJLES
CMM-e35568401916,TNP-00358,CMT-43611af20002,ARP-2019,member,2021-04-27,,false,,MARSAD_MAJLES
CMM-59e736d11148,TNP-00358,CMT-1933d120e1de,ARP-2019,member,2020-11-18,,false,,MARSAD_MAJLES
CMM-7181944004f6,TNP-00359,CMT-52a6ad966412,ARP-2019,chair,2019-12-19,,false,,MARSAD_MAJLES
CMM-f6c5ff13baa4,TNP-00359,CMT-976bdb215c1b,ARP-2019,member,2019-12-19,,false,,MARSAD_MAJLES
CMM-56e0f18da718,TNP-00360,CMT-d2c1a1210b30,ARP-2019,member,2020-10-20,,false,,MARSAD_MAJLES
CMM-002fbf04185a,TNP-00360,CMT-1933d120e1de,ARP-2019,member,2020-10-20,,false,,MARSAD_MAJLES
CMM-dd37ed917892,TNP-00361,CMT-5f960380a92d,ARP-2019,member,2020-10-20,,false,,MARSAD_MAJLES
CMM-a8c9ffda1366,TNP-00362,CMT-d2c1a1210b30,ARP-2019,member,2019-12-19,,false,,MARSAD_MAJLES
CMM-b4c72fcca326,TNP-00362,CMT-d542bd0fb7e9,ARP-2019,member,2019-12-19,,false,,MARSAD_MAJLES
CMM-f02f59bb9df8,TNP-00363,CMT-d2c1a1210b30,ARP-2019,rapporteur,2019-12-19,,false,,MARSAD_MAJLES
CMM-c3452b8d4e9a,TNP-00366,CMT-c9b9c13c0a0c,ARP-2019,member,2020-06-19,,false,,MARSAD_MAJLES
CMM-c8b5a9c3e778,TNP-00366,CMT-1e6f29539bbd,ARP-2019,member,2021-01-31,,false,,MARSAD_MAJLES
CMM-840f9893c86f,TNP-00367,CMT-cbc65065020c,NCA-2011,member,2011-11-22,2014-12-01,false,,MARSAD_ANC
CMM-efa813b6e677,TNP-00367,CMT-7249209246b3,NCA-2011,member,2011-11-22,2014-12-01,false,,MARSAD_ANC
CMM-ab42e0fdfd87,TNP-00368,CMT-7249209246b3,NCA-2011,member,2011-11-22,2014-12-01,false,,MARSAD_ANC
CMM-8f59c781ec8d,TNP-00368,CMT-b46554e2045e,NCA-2011,member,2011-11-22,2014-12-01,false,,MARSAD_ANC
CMM-940fe6c19eec,TNP-00369,CMT-b46554e2045e,NCA-2011,vice_chair,2011-11-22,2014-12-01,false,,MARSAD_ANC
CMM-ffbfb638717f,TNP-00369,CMT-4e91930c5e8b,NCA-2011,member,2011-11-22,2014-12-01,false,,MARSAD_ANC
CMM-f592aa1273dc,TNP-00370,CMT-cbc65065020c,NCA-2011,member,2011-11-22,2014-12-01,false,,MARSAD_ANC
CMM-cba579ec47df,TNP-00370,CMT-5d1546fffb75,NCA-2011,member,2011-11-22,2014-12-01,false,,MARSAD_ANC
CMM-a50d2facfab0,TNP-00370,CMT-e6b2fac8e5c7,NCA-2011,member,2011-11-22,2014-12-01,false,,MARSAD_ANC
CMM-1908deb1b85d,TNP-00370,CMT-545e8558a206,NCA-2011,member,2011-11-22,2014-12-01,false,,MARSAD_ANC
CMM-5be187be96fa,TNP-00371,CMT-7249209246b3,NCA-2011,assistant_rapporteur,2011-11-22,2014-12-01,false,,MARSAD_ANC
CMM-c414744c212f,TNP-00372,CMT-7249209246b3,NCA-2011,member,2011-11-22,2014-12-01,false,,MARSAD_ANC
CMM-445cca87b8a9,TNP-00373,CMT-f2d2d05db58f,NCA-2011,member,2011-11-22,2014-12-01,false,,MARSAD_ANC
CMM-5d6fcea317a7,TNP-00373,CMT-545e8558a206,NCA-2011,member,2011-11-22,2014-12-01,false,,MARSAD_ANC
CMM-4d885aca439e,TNP-00374,CMT-663b2e4cb3f4,NCA-2011,assistant_rapporteur,2011-11-22,2014-12-01,false,,MARSAD_ANC
CMM-5ee5f76282e2,TNP-00374,CMT-e6b2fac8e5c7,NCA-2011,member,2011-11-22,2014-12-01,false,,MARSAD_ANC
CMM-6e387d8e9db6,TNP-00374,CMT-4d57513fbffc,NCA-2011,member,2011-11-22,2014-12-01,false,,MARSAD_ANC
CMM-4ad59d8ccb9a,TNP-00375,CMT-cbc65065020c,NCA-2011,member,2011-11-22,2014-12-01,false,,MARSAD_ANC
CMM-fb9cd38ccf0f,TNP-00375,CMT-78e966e1d482,NCA-2011,member,2011-11-22,2014-12-01,false,,MARSAD_ANC
CMM-580b2b1f2bc3,TNP-00375,CMT-545e8558a206,NCA-2011,member,2011-11-22,2014-12-01,false,,MARSAD_ANC
CMM-06f959eba490,TNP-00376,CMT-5d1546fffb75,NCA-2011,member,2011-11-22,2014-12-01,false,,MARSAD_ANC
CMM-cdc365ade9f3,TNP-00376,CMT-3b890b1f160a,NCA-2011,member,2011-11-22,2014-12-01,false,,MARSAD_ANC
CMM-9fc22373392a,TNP-00376,CMT-e6b2fac8e5c7,NCA-2011,member,2011-11-22,2014-12-01,false,,MARSAD_ANC
CMM-1306a2e9d7fa,TNP-00377,CMT-8978fc995f04,NCA-2011,assistant_rapporteur,2011-11-22,2014-12-01,false,,MARSAD_ANC
CMM-1e0e8cf3dd0e,TNP-00377,CMT-178580c40e35,NCA-2011,member,2011-11-22,2014-12-01,false,,MARSAD_ANC
CMM-ab3b45666196,TNP-00378,CMT-545e8558a206,NCA-2011,assistant_rapporteur,2011-11-22,2014-12-01,false,,MARSAD_ANC
CMM-a21c26a9a2df,TNP-00378,CMT-5d1546fffb75,NCA-2011,member,2011-11-22,2014-12-01,false,,MARSAD_ANC
CMM-b1fdaae73d4e,TNP-00378,CMT-8978fc995f04,NCA-2011,member,2011-11-22,2014-12-01,false,,MARSAD_ANC
CMM-bf252c0264f2,TNP-00379,CMT-336c11e63d66,NCA-2011,member,2011-11-22,2014-12-01,false,,MARSAD_ANC
CMM-83afc941ae8c,TNP-00379,CMT-52252f4274f6,NCA-2011,member,2011-11-22,2014-12-01,false,,MARSAD_ANC
CMM-9fe38595fda3,TNP-00380,CMT-12bc734f9df1,NCA-2011,member,2011-11-22,2014-12-01,false,,MARSAD_ANC
CMM-bd70efd613dd,TNP-00380,CMT-178580c40e35,NCA-2011,member,2011-11-22,2014-12-01,false,,MARSAD_ANC
CMM-1bc03ddcf876,TNP-00238,CMT-400b91a3bed5,NCA-2011,member,2011-11-22,2014-12-01,false,,MARSAD_ANC
CMM-d632c9412c97,TNP-00238,CMT-4d57513fbffc,NCA-2011,member,2011-11-22,2014-12-01,false,,MARSAD_ANC
CMM-a39b63c39cee,TNP-00381,CMT-8978fc995f04,NCA-2011,member,2011-11-22,2014-12-01,false,,MARSAD_ANC
CMM-f460cdfefa13,TNP-00382,CMT-663b2e4cb3f4,NCA-2011,rapporteur,2011-11-22,2014-12-01,false,,MARSAD_ANC
CMM-74c2c4654045,TNP-00382,CMT-5d1546fffb75,NCA-2011,member,2011-11-22,2014-12-01,false,,MARSAD_ANC
CMM-0853aaf8c59a,TNP-00383,CMT-5d1546fffb75,NCA-2011,member,2011-11-22,2014-12-01,false,,MARSAD_ANC
CMM-28a24aad4ed7,TNP-00383,CMT-499d23e8523f,NCA-2011,member,2011-11-22,2014-12-01,false,,MARSAD_ANC
CMM-a6912b74b310,TNP-00383,CMT-c6c8260db7f4,NCA-2011,member,2011-11-22,2014-12-01,false,,MARSAD_ANC
CMM-7cd795ec7dd9,TNP-00384,CMT-12bc734f9df1,NCA-2011,member,2011-11-22,2014-12-01,false,,MARSAD_ANC
CMM-228f13d83b85,TNP-00384,CMT-8978fc995f04,NCA-2011,member,2011-11-22,2014-12-01,false,,MARSAD_ANC
CMM-f2cbc7e8f24b,TNP-00384,CMT-4e91930c5e8b,NCA-2011,member,2011-11-22,2014-12-01,false,,MARSAD_ANC
CMM-3da7945d062a,TNP-00385,CMT-f6f9e9d7cbb2,NCA-2011,member,2011-11-22,2014-12-01,false,,MARSAD_ANC
CMM-dc365765f475,TNP-00385,CMT-4e91930c5e8b,NCA-2011,member,2011-11-22,2014-12-01,false,,MARSAD_ANC
CMM-a94c0bb1b253,TNP-00324,CMT-4e91930c5e8b,NCA-2011,chair,2011-11-22,2014-12-01,false,,MARSAD_ANC
CMM-6df64645f2ee,TNP-00324,CMT-5d1546fffb75,NCA-2011,member,2011-11-22,2014-12-01,false,,MARSAD_ANC
CMM-e1a6581f2163,TNP-00324,CMT-663b2e4cb3f4,NCA-2011,member,2011-11-22,2014-12-01,false,,MARSAD_ANC
CMM-b2f01c1b7c4e,TNP-00386,CMT-4e91930c5e8b,NCA-2011,member,2011-11-22,2014-12-01,false,,MARSAD_ANC
CMM-b25d315adf91,TNP-00388,CMT-13e8b4757c0d,NCA-2011,chair,2011-11-22,2014-12-01,false,,MARSAD_ANC
CMM-1a9b58e209c4,TNP-00388,CMT-4d57513fbffc,NCA-2011,member,2011-11-22,2014-12-01,false,,MARSAD_ANC
CMM-4bdc1435c552,TNP-00267,CMT-13e8b4757c0d,NCA-2011,assistant_rapporteur,2011-11-22,2014-12-01,false,,MARSAD_ANC
CMM-7b22233f21c8,TNP-00267,CMT-3b890b1f160a,NCA-2011,member,2011-11-22,2014-12-01,false,,MARSAD_ANC
CMM-ec3fd874b390,TNP-00389,CMT-400b91a3bed5,NCA-2011,member,2011-11-22,2014-12-01,false,,MARSAD_ANC
CMM-0db392238424,TNP-00389,CMT-13e8b4757c0d,NCA-2011,member,2011-11-22,2014-12-01,false,,MARSAD_ANC
CMM-87298c87734f,TNP-00389,CMT-c6c8260db7f4,NCA-2011,member,2011-11-22,2014-12-01,false,,MARSAD_ANC
CMM-559af463149d,TNP-00264,CMT-499d23e8523f,NCA-2011,vice_chair,2011-11-22,2014-12-01,false,,MARSAD_ANC
CMM-910e9a390440,TNP-00264,CMT-b46554e2045e,NCA-2011,member,2011-11-22,2014-12-01,false,,MARSAD_ANC
CMM-615de06e34e0,TNP-00264,CMT-178580c40e35,NCA-2011,member,2011-11-22,2014-12-01,false,,MARSAD_ANC
CMM-36ebb64d7ee2,TNP-00390,CMT-5d1546fffb75,NCA-2011,member,2011-11-22,2014-12-01,false,,MARSAD_ANC
CMM-e0a511fcb0f2,TNP-00390,CMT-f2d2d05db58f,NCA-2011,member,2011-11-22,2014-12-01,false,,MARSAD_ANC
CMM-0a91b4a49278,TNP-00390,CMT-4e91930c5e8b,NCA-2011,member,2011-11-22,2014-12-01,false,,MARSAD_ANC
CMM-9e1dd9104ca6,TNP-00391,CMT-12bc734f9df1,NCA-2011,member,2011-11-22,2014-12-01,false,,MARSAD_ANC
CMM-687830e18bcc,TNP-00391,CMT-178580c40e35,NCA-2011,member,2011-11-22,2014-12-01,false,,MARSAD_ANC
CMM-c621ec003bc5,TNP-00392,CMT-f6f9e9d7cbb2,NCA-2011,assistant_rapporteur,2011-11-22,2014-12-01,false,,MARSAD_ANC
CMM-3276cac00847,TNP-00393,CMT-3b890b1f160a,NCA-2011,member,2011-11-22,2014-12-01,false,,MARSAD_ANC
CMM-6440fd0da060,TNP-00393,CMT-13e8b4757c0d,NCA-2011,member,2011-11-22,2014-12-01,false,,MARSAD_ANC
CMM-c4c56658d989,TNP-00393,CMT-545e8558a206,NCA-2011,member,2011-11-22,2014-12-01,false,,MARSAD_ANC
CMM-928d9e3584d2,TNP-00394,CMT-78e966e1d482,NCA-2011,member,2011-11-22,2014-12-01,false,,MARSAD_ANC
CMM-0996bbbe7f0c,TNP-00394,CMT-13e8b4757c0d,NCA-2011,member,2011-11-22,2014-12-01,false,,MARSAD_ANC
CMM-7b65fd384ee9,TNP-00394,CMT-c6c8260db7f4,NCA-2011,member,2011-11-22,2014-12-01,false,,MARSAD_ANC
CMM-c4791cfaac13,TNP-00395,CMT-78e966e1d482,NCA-2011,member,2011-11-22,2014-12-01,false,,MARSAD_ANC
CMM-e496d49ddc75,TNP-00395,CMT-499d23e8523f,NCA-2011,member,2011-11-22,2014-12-01,false,,MARSAD_ANC
CMM-4e4a8ed6f641,TNP-00395,CMT-545e8558a206,NCA-2011,member,2011-11-22,2014-12-01,false,,MARSAD_ANC
CMM-cd6bd5686266,TNP-00396,CMT-12bc734f9df1,NCA-2011,rapporteur,2011-11-22,2014-12-01,false,,MARSAD_ANC
CMM-bcf9bfdb9098,TNP-00396,CMT-336c11e63d66,NCA-2011,member,2011-11-22,2014-12-01,false,,MARSAD_ANC
CMM-419373d3df3b,TNP-00396,CMT-4e91930c5e8b,NCA-2011,member,2011-11-22,2014-12-01,false,,MARSAD_ANC
CMM-7d2d7e6e954a,TNP-00397,CMT-400b91a3bed5,NCA-2011,assistant_rapporteur,2011-11-22,2014-12-01,false,,MARSAD_ANC
CMM-c9dfd4b728b8,TNP-00397,CMT-f2d2d05db58f,NCA-2011,member,2011-11-22,2014-12-01,false,,MARSAD_ANC
CMM-3c866ced6e29,TNP-00397,CMT-545e8558a206,NCA-2011,member,2011-11-22,2014-12-01,false,,MARSAD_ANC
CMM-2541c105553c,TNP-00398,CMT-4e91930c5e8b,NCA-2011,member,2011-11-22,2014-12-01,false,,MARSAD_ANC
CMM-a994689994aa,TNP-00141,CMT-12bc734f9df1,NCA-2011,vice_chair,2011-11-22,2014-12-01,false,,MARSAD_ANC
CMM-379f6fa7c0c9,TNP-00399,CMT-7249209246b3,NCA-2011,rapporteur,2011-11-22,2014-12-01,false,,MARSAD_ANC
CMM-3f1f6a858bb5,TNP-00399,CMT-e6b2fac8e5c7,NCA-2011,rapporteur,2011-11-22,2014-12-01,false,,MARSAD_ANC
CMM-e9e5e209689c,TNP-00399,CMT-78e966e1d482,NCA-2011,member,2011-11-22,2014-12-01,false,,MARSAD_ANC
CMM-4e45cfc85531,TNP-00399,CMT-336c11e63d66,NCA-2011,member,2011-11-22,2014-12-01,false,,MARSAD_ANC
CMM-b7c808464fb3,TNP-00399,CMT-663b2e4cb3f4,NCA-2011,member,2011-11-22,2014-12-01,false,,MARSAD_ANC
CMM-82273bb638c8,TNP-00400,CMT-f2d2d05db58f,NCA-2011,member,2011-11-22,2014-12-01,false,,MARSAD_ANC
CMM-efd04bfbafb1,TNP-00401,CMT-78e966e1d482,NCA-2011,member,2011-11-22,2014-12-01,false,,MARSAD_ANC
CMM-ff23a9c4e257,TNP-00401,CMT-336c11e63d66,NCA-2011,member,2011-11-22,2014-12-01,false,,MARSAD_ANC
CMM-8e7d1c1c1298,TNP-00401,CMT-f2d2d05db58f,NCA-2011,member,2011-11-22,2014-12-01,false,,MARSAD_ANC
CMM-00e04f6796f2,TNP-00401,CMT-545e8558a206,NCA-2011,member,2011-11-22,2014-12-01,false,,MARSAD_ANC
CMM-c7a30812196b,TNP-00403,CMT-52252f4274f6,NCA-2011,member,2011-11-22,2014-12-01,false,,MARSAD_ANC
CMM-58b84627195e,TNP-00403,CMT-c6c8260db7f4,NCA-2011,member,2011-11-22,2014-12-01,false,,MARSAD_ANC
CMM-7510c6c68119,TNP-00404,CMT-52252f4274f6,NCA-2011,assistant_rapporteur,2011-11-22,2014-12-01,false,,MARSAD_ANC
CMM-2885189c2ac0,TNP-00405,CMT-499d23e8523f,NCA-2011,member,2011-11-22,2014-12-01,false,,MARSAD_ANC
CMM-fe673a6a5e1b,TNP-00405,CMT-4e91930c5e8b,NCA-2011,member,2011-11-22,2014-12-01,false,,MARSAD_ANC
CMM-e776b8051919,TNP-00406,CMT-7249209246b3,NCA-2011,member,2011-11-22,2014-12-01,false,,MARSAD_ANC
CMM-128e80a32629,TNP-00406,CMT-12bc734f9df1,NCA-2011,member,2011-11-22,2014-12-01,false,,MARSAD_ANC
CMM-1de1bf903505,TNP-00407,CMT-8978fc995f04,NCA-2011,chair,2011-11-22,2014-12-01,false,,MARSAD_ANC
CMM-537b99b67eca,TNP-00407,CMT-78e966e1d482,NCA-2011,member,2011-11-22,2014-12-01,false,,MARSAD_ANC
CMM-e6517baa0b86,TNP-00407,CMT-c6c8260db7f4,NCA-2011,member,2011-11-22,2014-12-01,false,,MARSAD_ANC
CMM-624a5617043e,TNP-00408,CMT-52252f4274f6,NCA-2011,member,2011-11-22,2014-12-01,false,,MARSAD_ANC
CMM-5a1846a53cf6,TNP-00409,CMT-178580c40e35,NCA-2011,chair,2011-11-22,2014-12-01,false,,MARSAD_ANC
CMM-cc55a14ae8b6,TNP-00409,CMT-663b2e4cb3f4,NCA-2011,member,2011-11-22,2014-12-01,false,,MARSAD_ANC
CMM-657d6547711a,TNP-00409,CMT-12bc734f9df1,NCA-2011,member,2011-11-22,2014-12-01,false,,MARSAD_ANC
CMM-f034ea338bf7,TNP-00410,CMT-12bc734f9df1,NCA-2011,member,2011-11-22,2014-12-01,false,,MARSAD_ANC
CMM-84ae522722ea,TNP-00410,CMT-8978fc995f04,NCA-2011,member,2011-11-22,2014-12-01,false,,MARSAD_ANC
CMM-993708e216f0,TNP-00412,CMT-c6c8260db7f4,NCA-2011,assistant_rapporteur,2011-11-22,2014-12-01,false,,MARSAD_ANC
CMM-dfe7e93ec593,TNP-00412,CMT-3b890b1f160a,NCA-2011,member,2011-11-22,2014-12-01,false,,MARSAD_ANC
CMM-95fabb28207b,TNP-00413,CMT-400b91a3bed5,NCA-2011,assistant_rapporteur,2011-11-22,2014-12-01,false,,MARSAD_ANC
CMM-c17820caaff0,TNP-00413,CMT-f6f9e9d7cbb2,NCA-2011,member,2011-11-22,2014-12-01,false,,MARSAD_ANC
CMM-54952793effd,TNP-00413,CMT-178580c40e35,NCA-2011,member,2011-11-22,2014-12-01,false,,MARSAD_ANC
CMM-2cdd02d40832,TNP-00414,CMT-499d23e8523f,NCA-2011,member,2011-11-22,2014-12-01,false,,MARSAD_ANC
CMM-5590c8c5948c,TNP-00414,CMT-f6f9e9d7cbb2,NCA-2011,member,2011-11-22,2014-12-01,false,,MARSAD_ANC
CMM-0537474c95dc,TNP-00414,CMT-4e91930c5e8b,NCA-2011,member,2011-11-22,2014-12-01,false,,MARSAD_ANC
CMM-0215d1482993,TNP-00415,CMT-7249209246b3,NCA-2011,assistant_rapporteur,2011-11-22,2014-12-01,false,,MARSAD_ANC
CMM-3008c04c0807,TNP-00415,CMT-5d1546fffb75,NCA-2011,member,2011-11-22,2014-12-01,false,,MARSAD_ANC
CMM-8aed4ceb9f68,TNP-00415,CMT-52252f4274f6,NCA-2011,member,2011-11-22,2014-12-01,false,,MARSAD_ANC
CMM-3962bdb1095c,TNP-00416,CMT-f6f9e9d7cbb2,NCA-2011,member,2011-11-22,2014-12-01,false,,MARSAD_ANC
CMM-3e94d5c5666f,TNP-00417,CMT-8978fc995f04,NCA-2011,member,2011-11-22,2014-12-01,false,,MARSAD_ANC
CMM-a389a388b936,TNP-00417,CMT-c6c8260db7f4,NCA-2011,member,2011-11-22,2014-12-01,false,,MARSAD_ANC
CMM-c4da96f9fc9b,TNP-00418,CMT-f2d2d05db58f,NCA-2011,rapporteur,2011-11-22,2014-12-01,false,,MARSAD_ANC
CMM-2d97510ad407,TNP-00418,CMT-3b890b1f160a,NCA-2011,member,2011-11-22,2014-12-01,false,,MARSAD_ANC
CMM-fc369c7efa14,TNP-00418,CMT-4d57513fbffc,NCA-2011,member,2011-11-22,2014-12-01,false,,MARSAD_ANC
CMM-141f9aff1844,TNP-00419,CMT-336c11e63d66,NCA-2011,member,2011-11-22,2014-12-01,false,,MARSAD_ANC
CMM-c3e57546660a,TNP-00420,CMT-e6b2fac8e5c7,NCA-2011,member,2011-11-22,2014-12-01,false,,MARSAD_ANC
CMM-20f2e3f108fa,TNP-00420,CMT-4d57513fbffc,NCA-2011,member,2011-11-22,2014-12-01,false,,MARSAD_ANC
CMM-c5b7c4c2db70,TNP-00421,CMT-400b91a3bed5,NCA-2011,vice_chair,2011-11-22,2014-12-01,false,,MARSAD_ANC
CMM-81559a948ad0,TNP-00421,CMT-e6b2fac8e5c7,NCA-2011,member,2011-11-22,2014-12-01,false,,MARSAD_ANC
CMM-ceafbeac0ebd,TNP-00422,CMT-12bc734f9df1,NCA-2011,member,2011-11-22,2014-12-01,false,,MARSAD_ANC
CMM-09c529b91d66,TNP-00422,CMT-178580c40e35,NCA-2011,member,2011-11-22,2014-12-01,false,,MARSAD_ANC
CMM-e0b7b255d26d,TNP-00423,CMT-cbc65065020c,NCA-2011,member,2011-11-22,2014-12-01,false,,MARSAD_ANC
CMM-2a946a572c3f,TNP-00423,CMT-8978fc995f04,NCA-2011,member,2011-11-22,2014-12-01,false,,MARSAD_ANC
CMM-2e3bcfb32daf,TNP-00423,CMT-4d57513fbffc,NCA-2011,member,2011-11-22,2014-12-01,false,,MARSAD_ANC
CMM-8ce1a88a2090,TNP-00424,CMT-178580c40e35,NCA-2011,rapporteur,2011-11-22,2014-12-01,false,,MARSAD_ANC
CMM-ad9bd4539996,TNP-00424,CMT-b46554e2045e,NCA-2011,assistant_rapporteur,2011-11-22,2014-12-01,false,,MARSAD_ANC
CMM-73091adbf967,TNP-00424,CMT-5d1546fffb75,NCA-2011,member,2011-11-22,2014-12-01,false,,MARSAD_ANC
CMM-7cf7ecc3884f,TNP-00424,CMT-663b2e4cb3f4,NCA-2011,member,2011-11-22,2014-12-01,false,,MARSAD_ANC
CMM-26a3604618c2,TNP-00425,CMT-b46554e2045e,NCA-2011,member,2011-11-22,2014-12-01,false,,MARSAD_ANC
CMM-f1ba2f37b732,TNP-00425,CMT-178580c40e35,NCA-2011,member,2011-11-22,2014-12-01,false,,MARSAD_ANC
CMM-93b4c4c9d075,TNP-00426,CMT-3b890b1f160a,NCA-2011,assistant_rapporteur,2011-11-22,2014-12-01,false,,MARSAD_ANC
CMM-5c36fac94042,TNP-00426,CMT-e6b2fac8e5c7,NCA-2011,member,2011-11-22,2014-12-01,false,,MARSAD_ANC
CMM-f48fb02eee4b,TNP-00426,CMT-4e91930c5e8b,NCA-2011,member,2011-11-22,2014-12-01,false,,MARSAD_ANC
CMM-a58c28ebfbbc,TNP-00427,CMT-52252f4274f6,NCA-2011,member,2011-11-22,2014-12-01,false,,MARSAD_ANC
CMM-dc2b411d61a1,TNP-00428,CMT-12bc734f9df1,NCA-2011,member,2011-11-22,2014-12-01,false,,MARSAD_ANC
CMM-d82ad0a72d67,TNP-00429,CMT-5d1546fffb75,NCA-2011,member,2011-11-22,2014-12-01,false,,MARSAD_ANC
CMM-c75bf587f599,TNP-00429,CMT-400b91a3bed5,NCA-2011,member,2011-11-22,2014-12-01,false,,MARSAD_ANC
CMM-4bcd8184bd5f,TNP-00429,CMT-52252f4274f6,NCA-2011,member,2011-11-22,2014-12-01,false,,MARSAD_ANC
CMM-55ffffb01ecc,TNP-00429,CMT-545e8558a206,NCA-2011,member,2011-11-22,2014-12-01,false,,MARSAD_ANC
CMM-883ddc5f0111,TNP-00364,CMT-336c11e63d66,NCA-2011,chair,2011-11-22,2014-12-01,false,,MARSAD_ANC
CMM-047698fe9af0,TNP-00364,CMT-545e8558a206,NCA-2011,vice_chair,2011-11-22,2014-12-01,false,,MARSAD_ANC
CMM-8a99dfd4ce2d,TNP-00364,CMT-5d1546fffb75,NCA-2011,member,2011-11-22,2014-12-01,false,,MARSAD_ANC
CMM-39303e3ef7fc,TNP-00431,CMT-12bc734f9df1,NCA-2011,member,2011-11-22,2014-12-01,false,,MARSAD_ANC
CMM-8f3c1dd0b9af,TNP-00432,CMT-e6b2fac8e5c7,NCA-2011,chair,2011-11-22,2014-12-01,false,,MARSAD_ANC
CMM-63f4f2eab1a0,TNP-00433,CMT-8978fc995f04,NCA-2011,vice_chair,2011-11-22,2014-12-01,false,,MARSAD_ANC
CMM-0a10d47c8a15,TNP-00433,CMT-336c11e63d66,NCA-2011,member,2011-11-22,2014-12-01,false,,MARSAD_ANC
CMM-8d568e937d13,TNP-00433,CMT-545e8558a206,NCA-2011,member,2011-11-22,2014-12-01,false,,MARSAD_ANC
CMM-0aee82dc2a1a,TNP-00434,CMT-f6f9e9d7cbb2,NCA-2011,member,2011-11-22,2014-12-01,false,,MARSAD_ANC
CMM-1fb2c4756869,TNP-00435,CMT-7249209246b3,NCA-2011,vice_chair,2011-11-22,2014-12-01,false,,MARSAD_ANC
CMM-c949953db3e1,TNP-00435,CMT-78e966e1d482,NCA-2011,member,2011-11-22,2014-12-01,false,,MARSAD_ANC
CMM-d318567c2a87,TNP-00435,CMT-12bc734f9df1,NCA-2011,member,2011-11-22,2014-12-01,false,,MARSAD_ANC
CMM-cf7d6ae5b69c,TNP-00436,CMT-8978fc995f04,NCA-2011,rapporteur,2011-11-22,2014-12-01,false,,MARSAD_ANC
CMM-c4262e8ef3ca,TNP-00436,CMT-7249209246b3,NCA-2011,member,2011-11-22,2014-12-01,false,,MARSAD_ANC
CMM-3d54691d19cb,TNP-00437,CMT-5d1546fffb75,NCA-2011,member,2011-11-22,2014-12-01,false,,MARSAD_ANC
CMM-b66b4c0556e1,TNP-00437,CMT-336c11e63d66,NCA-2011,member,2011-11-22,2014-12-01,false,,MARSAD_ANC
CMM-65afc0c7009c,TNP-00437,CMT-7249209246b3,NCA-2011,member,2011-11-22,2014-12-01,false,,MARSAD_ANC
CMM-5759046e6bcd,TNP-00437,CMT-52252f4274f6,NCA-2011,member,2011-11-22,2014-12-01,false,,MARSAD_ANC
CMM-83ac70aa4a3d,TNP-00439,CMT-4d57513fbffc,NCA-2011,assistant_rapporteur,2011-11-22,2014-12-01,false,,MARSAD_ANC
CMM-04fcc9e99cb2,TNP-00439,CMT-f2d2d05db58f,NCA-2011,member,2011-11-22,2014-12-01,false,,MARSAD_ANC
CMM-7ccb68198836,TNP-00440,CMT-f6f9e9d7cbb2,NCA-2011,member,2011-11-22,2014-12-01,false,,MARSAD_ANC
CMM-e06e1bbaf2ec,TNP-00440,CMT-178580c40e35,NCA-2011,member,2011-11-22,2014-12-01,false,,MARSAD_ANC
CMM-6477577db46e,TNP-00441,CMT-f2d2d05db58f,NCA-2011,member,2011-11-22,2014-12-01,false,,MARSAD_ANC
CMM-db74d2d1ecbd,TNP-00442,CMT-400b91a3bed5,NCA-2011,member,2011-11-22,2014-12-01,false,,MARSAD_ANC
CMM-2f6b3cf26372,TNP-00442,CMT-545e8558a206,NCA-2011,member,2011-11-22,2014-12-01,false,,MARSAD_ANC
CMM-3859c070c05e,TNP-00444,CMT-f2d2d05db58f,NCA-2011,assistant_rapporteur,2011-11-22,2014-12-01,false,,MARSAD_ANC
CMM-8966b0057ac3,TNP-00444,CMT-3b890b1f160a,NCA-2011,member,2011-11-22,2014-12-01,false,,MARSAD_ANC
CMM-20b93bc162e0,TNP-00444,CMT-545e8558a206,NCA-2011,member,2011-11-22,2014-12-01,false,,MARSAD_ANC
CMM-11332f214101,TNP-00445,CMT-b46554e2045e,NCA-2011,member,2011-11-22,2014-12-01,false,,MARSAD_ANC
CMM-1316b4f9f62a,TNP-00445,CMT-4e91930c5e8b,NCA-2011,member,2011-11-22,2014-12-01,false,,MARSAD_ANC
CMM-50a62913e33d,TNP-00446,CMT-499d23e8523f,NCA-2011,member,2011-11-22,2014-12-01,false,,MARSAD_ANC
CMM-44bd348a2fc1,TNP-00446,CMT-e6b2fac8e5c7,NCA-2011,member,2011-11-22,2014-12-01,false,,MARSAD_ANC
CMM-a468f3f9ab4c,TNP-00447,CMT-8978fc995f04,NCA-2011,member,2011-11-22,2014-12-01,false,,MARSAD_ANC
CMM-9f9235050c63,TNP-00447,CMT-c6c8260db7f4,NCA-2011,member,2011-11-22,2014-12-01,false,,MARSAD_ANC
CMM-c3ae0c444d92,TNP-00448,CMT-12bc734f9df1,NCA-2011,assistant_rapporteur,2011-11-22,2014-12-01,false,,MARSAD_ANC
CMM-62ec0a13130b,TNP-00448,CMT-cbc65065020c,NCA-2011,member,2011-11-22,2014-12-01,false,,MARSAD_ANC
CMM-084c3b4fa745,TNP-00449,CMT-400b91a3bed5,NCA-2011,member,2011-11-22,2014-12-01,false,,MARSAD_ANC
CMM-fa505f842068,TNP-00449,CMT-12bc734f9df1,NCA-2011,member,2011-11-22,2014-12-01,false,,MARSAD_ANC
CMM-c0dede235ff5,TNP-00449,CMT-4e91930c5e8b,NCA-2011,member,2011-11-22,2014-12-01,false,,MARSAD_ANC
CMM-b1529c5698bf,TNP-00450,CMT-400b91a3bed5,NCA-2011,member,2011-11-22,2014-12-01,false,,MARSAD_ANC
CMM-540c20a67a93,TNP-00450,CMT-b46554e2045e,NCA-2011,member,2011-11-22,2014-12-01,false,,MARSAD_ANC
CMM-73cd097e5182,TNP-00451,CMT-545e8558a206,NCA-2011,rapporteur,2011-11-22,2014-12-01,false,,MARSAD_ANC
CMM-b3f243262b9f,TNP-00451,CMT-663b2e4cb3f4,NCA-2011,member,2011-11-22,2014-12-01,false,,MARSAD_ANC
CMM-49d663e4685c,TNP-00451,CMT-400b91a3bed5,NCA-2011,member,2011-11-22,2014-12-01,false,,MARSAD_ANC
CMM-a4734f8f85f8,TNP-00451,CMT-f2d2d05db58f,NCA-2011,member,2011-11-22,2014-12-01,false,,MARSAD_ANC
CMM-42ab9bb0eb4d,TNP-00452,CMT-3b890b1f160a,NCA-2011,chair,2011-11-22,2014-12-01,false,,MARSAD_ANC
CMM-755f0429c1d6,TNP-00452,CMT-b46554e2045e,NCA-2011,member,2011-11-22,2014-12-01,false,,MARSAD_ANC
CMM-ef9d97593aa8,TNP-00453,CMT-12bc734f9df1,NCA-2011,member,2011-11-22,2014-12-01,false,,MARSAD_ANC
CMM-d117289d0a5a,TNP-00453,CMT-c6c8260db7f4,NCA-2011,member,2011-11-22,2014-12-01,false,,MARSAD_ANC
CMM-7b3481643e01,TNP-00455,CMT-13e8b4757c0d,NCA-2011,member,2011-11-22,2014-12-01,false,,MARSAD_ANC
CMM-0cc3d466321f,TNP-00455,CMT-c6c8260db7f4,NCA-2011,member,2011-11-22,2014-12-01,false,,MARSAD_ANC
CMM-41dbf8a74a10,TNP-00456,CMT-c6c8260db7f4,NCA-2011,assistant_rapporteur,2011-11-22,2014-12-01,false,,MARSAD_ANC
CMM-c90e981ffe3f,TNP-00456,CMT-336c11e63d66,NCA-2011,member,2011-11-22,2014-12-01,false,,MARSAD_ANC
CMM-50e69285e39f,TNP-00456,CMT-499d23e8523f,NCA-2011,member,2011-11-22,2014-12-01,false,,MARSAD_ANC
CMM-23a86bf07aae,TNP-00456,CMT-13e8b4757c0d,NCA-2011,member,2011-11-22,2014-12-01,false,,MARSAD_ANC
CMM-59d0dbdddc77,TNP-00457,CMT-400b91a3bed5,NCA-2011,member,2011-11-22,2014-12-01,false,,MARSAD_ANC
CMM-df65dca55cbf,TNP-00457,CMT-f6f9e9d7cbb2,NCA-2011,member,2011-11-22,2014-12-01,false,,MARSAD_ANC
CMM-c444fb360418,TNP-00457,CMT-178580c40e35,NCA-2011,member,2011-11-22,2014-12-01,false,,MARSAD_ANC
CMM-a558826fefc4,TNP-00174,CMT-8978fc995f04,NCA-2011,member,2011-11-22,2014-12-01,false,,MARSAD_ANC
CMM-2bc0e48c9efb,TNP-00458,CMT-e6b2fac8e5c7,NCA-2011,assistant_rapporteur,2011-11-22,2014-12-01,false,,MARSAD_ANC
CMM-3132382c7b1d,TNP-00458,CMT-3b890b1f160a,NCA-2011,member,2011-11-22,2014-12-01,false,,MARSAD_ANC
CMM-43591a19cbdb,TNP-00459,CMT-499d23e8523f,NCA-2011,member,2011-11-22,2014-12-01,false,,MARSAD_ANC
CMM-7c7ed21e7d9f,TNP-00459,CMT-12bc734f9df1,NCA-2011,member,2011-11-22,2014-12-01,false,,MARSAD_ANC
CMM-0c6824df6735,TNP-00459,CMT-178580c40e35,NCA-2011,member,2011-11-22,2014-12-01,false,,MARSAD_ANC
CMM-aa8f3e731f99,TNP-00460,CMT-52252f4274f6,NCA-2011,member,2011-11-22,2014-12-01,false,,MARSAD_ANC
CMM-a58af8a1d7d7,TNP-00462,CMT-5d1546fffb75,NCA-2011,member,2011-11-22,2014-12-01,false,,MARSAD_ANC
CMM-b2b4b344578a,TNP-00462,CMT-13e8b4757c0d,NCA-2011,member,2011-11-22,2014-12-01,false,,MARSAD_ANC
CMM-94ed43bac8ae,TNP-00462,CMT-4e91930c5e8b,NCA-2011,member,2011-11-22,2014-12-01,false,,MARSAD_ANC
CMM-f441b711ea3e,TNP-00463,CMT-3b890b1f160a,NCA-2011,vice_chair,2011-11-22,2014-12-01,false,,MARSAD_ANC
CMM-1509a776ea01,TNP-00463,CMT-4d57513fbffc,NCA-2011,member,2011-11-22,2014-12-01,false,,MARSAD_ANC
CMM-ce5cc2ddc278,TNP-00464,CMT-336c11e63d66,NCA-2011,assistant_rapporteur,2011-11-22,2014-12-01,false,,MARSAD_ANC
CMM-ad0c2a650ee4,TNP-00464,CMT-e6b2fac8e5c7,NCA-2011,member,2011-11-22,2014-12-01,false,,MARSAD_ANC
CMM-cb219e8f78de,TNP-00464,CMT-4d57513fbffc,NCA-2011,member,2011-11-22,2014-12-01,false,,MARSAD_ANC
CMM-fc99e3316d79,TNP-00465,CMT-12bc734f9df1,NCA-2011,chair,2011-11-22,2014-12-01,false,,MARSAD_ANC
CMM-c79f8fc318b0,TNP-00465,CMT-178580c40e35,NCA-2011,member,2011-11-22,2014-12-01,false,,MARSAD_ANC
CMM-f187c422a253,TNP-00466,CMT-178580c40e35,NCA-2011,vice_chair,2011-11-22,2014-12-01,false,,MARSAD_ANC
CMM-ef253198caca,TNP-00466,CMT-3b890b1f160a,NCA-2011,member,2011-11-22,2014-12-01,false,,MARSAD_ANC
CMM-172d8f4e804d,TNP-00467,CMT-f6f9e9d7cbb2,NCA-2011,rapporteur,2011-11-22,2014-12-01,false,,MARSAD_ANC
CMM-68c1e1518d92,TNP-00467,CMT-78e966e1d482,NCA-2011,member,2011-11-22,2014-12-01,false,,MARSAD_ANC
CMM-ad5907cae0f0,TNP-00467,CMT-499d23e8523f,NCA-2011,member,2011-11-22,2014-12-01,false,,MARSAD_ANC
CMM-47e08ef91393,TNP-00467,CMT-4d57513fbffc,NCA-2011,member,2011-11-22,2014-12-01,false,,MARSAD_ANC
CMM-d32c4e32ca6e,TNP-00468,CMT-f6f9e9d7cbb2,NCA-2011,member,2011-11-22,2014-12-01,false,,MARSAD_ANC
CMM-5cf94e8053b5,TNP-00469,CMT-52252f4274f6,NCA-2011,member,2011-11-22,2014-12-01,false,,MARSAD_ANC
CMM-2230a4d9d9ac,TNP-00469,CMT-4d57513fbffc,NCA-2011,member,2011-11-22,2014-12-01,false,,MARSAD_ANC
CMM-5a9a5b1d632f,TNP-00470,CMT-4e91930c5e8b,NCA-2011,rapporteur,2011-11-22,2014-12-01,false,,MARSAD_ANC
CMM-daa324326d9c,TNP-00470,CMT-663b2e4cb3f4,NCA-2011,member,2011-11-22,2014-12-01,false,,MARSAD_ANC
CMM-40ef61331a6c,TNP-00470,CMT-13e8b4757c0d,NCA-2011,member,2011-11-22,2014-12-01,false,,MARSAD_ANC
CMM-b7d0c4f94265,TNP-00472,CMT-4e91930c5e8b,NCA-2011,member,2011-11-22,2014-12-01,false,,MARSAD_ANC
CMM-a6c72b4c801a,TNP-00473,CMT-78e966e1d482,NCA-2011,member,2011-11-22,2014-12-01,false,,MARSAD_ANC
CMM-e00544e37d08,TNP-00473,CMT-12bc734f9df1,NCA-2011,member,2011-11-22,2014-12-01,false,,MARSAD_ANC
CMM-beb6843d1462,TNP-00473,CMT-545e8558a206,NCA-2011,member,2011-11-22,2014-12-01,false,,MARSAD_ANC
CMM-87589f82f3e7,TNP-00474,CMT-b46554e2045e,NCA-2011,rapporteur,2011-11-22,2014-12-01,false,,MARSAD_ANC
CMM-8759cd021ae6,TNP-00474,CMT-78e966e1d482,NCA-2011,member,2011-11-22,2014-12-01,false,,MARSAD_ANC
CMM-d79c8ab1de35,TNP-00474,CMT-336c11e63d66,NCA-2011,member,2011-11-22,2014-12-01,false,,MARSAD_ANC
CMM-8098998a7f65,TNP-00474,CMT-7249209246b3,NCA-2011,member,2011-11-22,2014-12-01,false,,MARSAD_ANC
CMM-c3b08e017105,TNP-00475,CMT-3b890b1f160a,NCA-2011,member,2011-11-22,2014-12-01,false,,MARSAD_ANC
CMM-36031840d101,TNP-00475,CMT-545e8558a206,NCA-2011,member,2011-11-22,2014-12-01,false,,MARSAD_ANC
CMM-9ca4045c388e,TNP-00476,CMT-c6c8260db7f4,NCA-2011,chair,2011-11-22,2014-12-01,false,,MARSAD_ANC
CMM-3941d19a9ee0,TNP-00476,CMT-5d1546fffb75,NCA-2011,member,2011-11-22,2014-12-01,false,,MARSAD_ANC
CMM-d0be0c61d7c4,TNP-00476,CMT-336c11e63d66,NCA-2011,member,2011-11-22,2014-12-01,false,,MARSAD_ANC
CMM-4b1fe1ca64b9,TNP-00476,CMT-663b2e4cb3f4,NCA-2011,member,2011-11-22,2014-12-01,false,,MARSAD_ANC
CMM-6dd505a11feb,TNP-00476,CMT-b46554e2045e,NCA-2011,member,2011-11-22,2014-12-01,false,,MARSAD_ANC
CMM-1a963828a3b4,TNP-00477,CMT-545e8558a206,NCA-2011,chair,2011-11-22,2014-12-01,false,,MARSAD_ANC
CMM-b67e34d29e39,TNP-00477,CMT-78e966e1d482,NCA-2011,member,2011-11-22,2014-12-01,false,,MARSAD_ANC
CMM-a1ba7c0bcf44,TNP-00477,CMT-663b2e4cb3f4,NCA-2011,member,2011-11-22,2014-12-01,false,,MARSAD_ANC
CMM-0421422f64ee,TNP-00193,CMT-b46554e2045e,NCA-2011,member,2011-11-22,2014-12-01,false,,MARSAD_ANC
CMM-f75500064220,TNP-00478,CMT-e6b2fac8e5c7,NCA-2011,vice_chair,2011-11-22,2014-12-01,false,,MARSAD_ANC
CMM-67c2756f2061,TNP-00478,CMT-545e8558a206,NCA-2011,member,2011-11-22,2014-12-01,false,,MARSAD_ANC
CMM-2db88c5dfe21,TNP-00479,CMT-8978fc995f04,NCA-2011,assistant_rapporteur,2011-11-22,2014-12-01,false,,MARSAD_ANC
CMM-cfd73c45b347,TNP-00479,CMT-178580c40e35,NCA-2011,member,2011-11-22,2014-12-01,false,,MARSAD_ANC
CMM-b7b1a74702b7,TNP-00480,CMT-400b91a3bed5,NCA-2011,member,2011-11-22,2014-12-01,false,,MARSAD_ANC
CMM-6048213054ea,TNP-00480,CMT-52252f4274f6,NCA-2011,member,2011-11-22,2014-12-01,false,,MARSAD_ANC
CMM-9020f9c1a6dd,TNP-00481,CMT-52252f4274f6,NCA-2011,rapporteur,2011-11-22,2014-12-01,false,,MARSAD_ANC
CMM-26386f328bda,TNP-00204,CMT-7249209246b3,NCA-2011,chair,2011-11-22,2014-12-01,false,,MARSAD_ANC
CMM-e664a1b22d29,TNP-00204,CMT-5d1546fffb75,NCA-2011,member,2011-11-22,2014-12-01,false,,MARSAD_ANC
CMM-fef4d16b8166,TNP-00204,CMT-336c11e63d66,NCA-2011,member,2011-11-22,2014-12-01,false,,MARSAD_ANC
CMM-f9923f2a2662,TNP-00204,CMT-663b2e4cb3f4,NCA-2011,member,2011-11-22,2014-12-01,false,,MARSAD_ANC
CMM-5f4375cd5bf4,TNP-00482,CMT-4d57513fbffc,NCA-2011,vice_chair,2011-11-22,2014-12-01,false,,MARSAD_ANC
CMM-9ded80c0677e,TNP-00482,CMT-78e966e1d482,NCA-2011,member,2011-11-22,2014-12-01,false,,MARSAD_ANC
CMM-c18a1e13aea0,TNP-00482,CMT-b46554e2045e,NCA-2011,member,2011-11-22,2014-12-01,false,,MARSAD_ANC
CMM-1db21816431c,TNP-00483,CMT-13e8b4757c0d,NCA-2011,member,2011-11-22,2014-12-01,false,,MARSAD_ANC
CMM-917b574322bf,TNP-00483,CMT-4d57513fbffc,NCA-2011,member,2011-11-22,2014-12-01,false,,MARSAD_ANC
CMM-421fe8a167b5,TNP-00205,CMT-4e91930c5e8b,NCA-2011,assistant_rapporteur,2011-11-22,2014-12-01,false,,MARSAD_ANC
CMM-37d5b5e9f0a1,TNP-00205,CMT-8978fc995f04,NCA-2011,member,2011-11-22,2014-12-01,false,,MARSAD_ANC
CMM-20e0e90190db,TNP-00484,CMT-c6c8260db7f4,NCA-2011,rapporteur,2011-11-22,2014-12-01,false,,MARSAD_ANC
CMM-bd9736efd93b,TNP-00484,CMT-663b2e4cb3f4,NCA-2011,member,2011-11-22,2014-12-01,false,,MARSAD_ANC
CMM-16ddc211d507,TNP-00484,CMT-499d23e8523f,NCA-2011,member,2011-11-22,2014-12-01,false,,MARSAD_ANC
CMM-680d40020061,TNP-00484,CMT-13e8b4757c0d,NCA-2011,member,2011-11-22,2014-12-01,false,,MARSAD_ANC
CMM-98991957ec14,TNP-00485,CMT-f6f9e9d7cbb2,NCA-2011,member,2011-11-22,2014-12-01,false,,MARSAD_ANC
CMM-89091c83c81e,TNP-00486,CMT-13e8b4757c0d,NCA-2011,member,2011-11-22,2014-12-01,false,,MARSAD_ANC
CMM-54f12f370613,TNP-00488,CMT-f2d2d05db58f,NCA-2011,chair,2011-11-22,2014-12-01,false,,MARSAD_ANC
CMM-ec5f14756212,TNP-00489,CMT-499d23e8523f,NCA-2011,assistant_rapporteur,2011-11-22,2014-12-01,false,,MARSAD_ANC
CMM-07a521a01b19,TNP-00489,CMT-545e8558a206,NCA-2011,assistant_rapporteur,2011-11-22,2014-12-01,false,,MARSAD_ANC
CMM-92c54f9dd711,TNP-00489,CMT-cbc65065020c,NCA-2011,member,2011-11-22,2014-12-01,false,,MARSAD_ANC
CMM-1bfc7b777bfa,TNP-00490,CMT-545e8558a206,NCA-2011,member,2011-11-22,2014-12-01,false,,MARSAD_ANC
CMM-062154fac4c4,TNP-00491,CMT-f6f9e9d7cbb2,NCA-2011,vice_chair,2011-11-22,2014-12-01,false,,MARSAD_ANC
CMM-bab871326cbe,TNP-00492,CMT-499d23e8523f,NCA-2011,member,2011-11-22,2014-12-01,false,,MARSAD_ANC
CMM-d0608c33fabe,TNP-00492,CMT-12bc734f9df1,NCA-2011,member,2011-11-22,2014-12-01,false,,MARSAD_ANC
CMM-3c253e6cf225,TNP-00492,CMT-c6c8260db7f4,NCA-2011,member,2011-11-22,2014-12-01,false,,MARSAD_ANC
CMM-38f96ba422fe,TNP-00493,CMT-4e91930c5e8b,NCA-2011,vice_chair,2011-11-22,2014-12-01,false,,MARSAD_ANC
CMM-dece3919d703,TNP-00493,CMT-13e8b4757c0d,NCA-2011,rapporteur,2011-11-22,2014-12-01,false,,MARSAD_ANC
CMM-9eef4cd4bb57,TNP-00493,CMT-5d1546fffb75,NCA-2011,member,2011-11-22,2014-12-01,false,,MARSAD_ANC
CMM-a0ffa8985fa4,TNP-00247,CMT-4d57513fbffc,NCA-2011,rapporteur,2011-11-22,2014-12-01,false,,MARSAD_ANC
CMM-9bcfcb58aa83,TNP-00247,CMT-5d1546fffb75,NCA-2011,member,2011-11-22,2014-12-01,false,,MARSAD_ANC
CMM-6263af4e6ea0,TNP-00247,CMT-336c11e63d66,NCA-2011,member,2011-11-22,2014-12-01,false,,MARSAD_ANC
CMM-da62365d21bb,TNP-00247,CMT-663b2e4cb3f4,NCA-2011,member,2011-11-22,2014-12-01,false,,MARSAD_ANC
CMM-777c2b9241e4,TNP-00247,CMT-b46554e2045e,NCA-2011,member,2011-11-22,2014-12-01,false,,MARSAD_ANC
CMM-dec4f1cb0c9c,TNP-00247,CMT-e6b2fac8e5c7,NCA-2011,member,2011-11-22,2014-12-01,false,,MARSAD_ANC
CMM-a60aff1088cd,TNP-00494,CMT-663b2e4cb3f4,NCA-2011,assistant_rapporteur,2011-11-22,2014-12-01,false,,MARSAD_ANC
CMM-c5f22db562e2,TNP-00494,CMT-b46554e2045e,NCA-2011,member,2011-11-22,2014-12-01,false,,MARSAD_ANC
CMM-540dbcb1b635,TNP-00495,CMT-400b91a3bed5,NCA-2011,member,2011-11-22,2014-12-01,false,,MARSAD_ANC
CMM-5219a8ab1cfe,TNP-00495,CMT-13e8b4757c0d,NCA-2011,member,2011-11-22,2014-12-01,false,,MARSAD_ANC
CMM-e4d5ed68483d,TNP-00495,CMT-4e91930c5e8b,NCA-2011,member,2011-11-22,2014-12-01,false,,MARSAD_ANC
CMM-36d5989777b1,TNP-00497,CMT-499d23e8523f,NCA-2011,member,2011-11-22,2014-12-01,false,,MARSAD_ANC
CMM-4bfe60a02ef9,TNP-00497,CMT-c6c8260db7f4,NCA-2011,member,2011-11-22,2014-12-01,false,,MARSAD_ANC
CMM-19c053f1c419,TNP-00498,CMT-b46554e2045e,NCA-2011,assistant_rapporteur,2011-11-22,2014-12-01,false,,MARSAD_ANC
CMM-c692b485e1e0,TNP-00498,CMT-400b91a3bed5,NCA-2011,member,2011-11-22,2014-12-01,false,,MARSAD_ANC
CMM-ebc9f8e6b00a,TNP-00498,CMT-178580c40e35,NCA-2011,member,2011-11-22,2014-12-01,false,,MARSAD_ANC
CMM-49704abb46a3,TNP-00500,CMT-f2d2d05db58f,NCA-2011,assistant_rapporteur,2011-11-22,2014-12-01,false,,MARSAD_ANC
CMM-624dfbd25662,TNP-00500,CMT-5d1546fffb75,NCA-2011,member,2011-11-22,2014-12-01,false,,MARSAD_ANC
CMM-6f77b6ea13ac,TNP-00500,CMT-3b890b1f160a,NCA-2011,member,2011-11-22,2014-12-01,false,,MARSAD_ANC
CMM-79d72baaacbf,TNP-00500,CMT-8978fc995f04,NCA-2011,member,2011-11-22,2014-12-01,false,,MARSAD_ANC
CMM-7de620138d6c,TNP-00501,CMT-f6f9e9d7cbb2,NCA-2011,member,2011-11-22,2014-12-01,false,,MARSAD_ANC
CMM-5162fa18defb,TNP-00502,CMT-4d57513fbffc,NCA-2011,chair,2011-11-22,2014-12-01,false,,MARSAD_ANC
CMM-8b5189023446,TNP-00502,CMT-663b2e4cb3f4,NCA-2011,member,2011-11-22,2014-12-01,false,,MARSAD_ANC
CMM-8f07d48114ce,TNP-00503,CMT-7249209246b3,NCA-2011,member,2011-11-22,2014-12-01,false,,MARSAD_ANC
CMM-1d5f55bf983f,TNP-00503,CMT-400b91a3bed5,NCA-2011,member,2011-11-22,2014-12-01,false,,MARSAD_ANC
CMM-a91370bc35e6,TNP-00504,CMT-13e8b4757c0d,NCA-2011,vice_chair,2011-11-22,2014-12-01,false,,MARSAD_ANC
CMM-0dc30b87ad55,TNP-00505,CMT-f6f9e9d7cbb2,NCA-2011,member,2011-11-22,2014-12-01,false,,MARSAD_ANC
CMM-55744995b6cf,TNP-00505,CMT-c6c8260db7f4,NCA-2011,member,2011-11-22,2014-12-01,false,,MARSAD_ANC
CMM-b7791f631add,TNP-00506,CMT-499d23e8523f,NCA-2011,member,2011-11-22,2014-12-01,false,,MARSAD_ANC
CMM-9dd7de236310,TNP-00506,CMT-52252f4274f6,NCA-2011,member,2011-11-22,2014-12-01,false,,MARSAD_ANC
CMM-05d1f7789724,TNP-00506,CMT-c6c8260db7f4,NCA-2011,member,2011-11-22,2014-12-01,false,,MARSAD_ANC
CMM-fc9dcca88bb0,TNP-00507,CMT-52252f4274f6,NCA-2011,member,2011-11-22,2014-12-01,false,,MARSAD_ANC
CMM-0d8ac15ebb3e,TNP-00507,CMT-4e91930c5e8b,NCA-2011,member,2011-11-22,2014-12-01,false,,MARSAD_ANC
CMM-36664128b281,TNP-00508,CMT-400b91a3bed5,NCA-2011,rapporteur,2011-11-22,2014-12-01,false,,MARSAD_ANC
CMM-df9bc1ec1187,TNP-00508,CMT-e6b2fac8e5c7,NCA-2011,member,2011-11-22,2014-12-01,false,,MARSAD_ANC
CMM-61326defd2de,TNP-00509,CMT-7249209246b3,NCA-2011,member,2011-11-22,2014-12-01,false,,MARSAD_ANC
CMM-8eb65a6ee191,TNP-00509,CMT-400b91a3bed5,NCA-2011,member,2011-11-22,2014-12-01,false,,MARSAD_ANC
CMM-934c57565579,TNP-00509,CMT-b46554e2045e,NCA-2011,member,2011-11-22,2014-12-01,false,,MARSAD_ANC
CMM-7046cb17457d,TNP-00510,CMT-5d1546fffb75,NCA-2011,member,2011-11-22,2014-12-01,false,,MARSAD_ANC
CMM-18b42fcf63b2,TNP-00510,CMT-f2d2d05db58f,NCA-2011,member,2011-11-22,2014-12-01,false,,MARSAD_ANC
CMM-f349d454807b,TNP-00510,CMT-4d57513fbffc,NCA-2011,member,2011-11-22,2014-12-01,false,,MARSAD_ANC
CMM-0cc93ad2f481,TNP-00511,CMT-12bc734f9df1,NCA-2011,member,2011-11-22,2014-12-01,false,,MARSAD_ANC
CMM-9e03231a94bf,TNP-00513,CMT-f6f9e9d7cbb2,NCA-2011,chair,2011-11-22,2014-12-01,false,,MARSAD_ANC
CMM-6632d9e4894d,TNP-00513,CMT-c6c8260db7f4,NCA-2011,member,2011-11-22,2014-12-01,false,,MARSAD_ANC
CMM-2d96eaa9e9f7,TNP-00514,CMT-52252f4274f6,NCA-2011,chair,2011-11-22,2014-12-01,false,,MARSAD_ANC
CMM-054b47c534ea,TNP-00514,CMT-178580c40e35,NCA-2011,member,2011-11-22,2014-12-01,false,,MARSAD_ANC
CMM-8fb86d5b4249,TNP-00515,CMT-52252f4274f6,NCA-2011,assistant_rapporteur,2011-11-22,2014-12-01,false,,MARSAD_ANC
CMM-596fd6c280fc,TNP-00515,CMT-5d1546fffb75,NCA-2011,member,2011-11-22,2014-12-01,false,,MARSAD_ANC
CMM-ebe74b796118,TNP-00515,CMT-499d23e8523f,NCA-2011,member,2011-11-22,2014-12-01,false,,MARSAD_ANC
CMM-29a9e47d79b4,TNP-00277,CMT-cbc65065020c,NCA-2011,member,2011-11-22,2014-12-01,false,,MARSAD_ANC
CMM-fc5802da82ae,TNP-00277,CMT-f2d2d05db58f,NCA-2011,member,2011-11-22,2014-12-01,false,,MARSAD_ANC
CMM-e6c0a171eec9,TNP-00277,CMT-178580c40e35,NCA-2011,member,2011-11-22,2014-12-01,false,,MARSAD_ANC
CMM-177696efade9,TNP-00516,CMT-499d23e8523f,NCA-2011,assistant_rapporteur,2011-11-22,2014-12-01,false,,MARSAD_ANC
CMM-da124af31496,TNP-00516,CMT-52252f4274f6,NCA-2011,member,2011-11-22,2014-12-01,false,,MARSAD_ANC
CMM-591e4f5ab589,TNP-00517,CMT-336c11e63d66,NCA-2011,member,2011-11-22,2014-12-01,false,,MARSAD_ANC
CMM-746ddacf3f1c,TNP-00517,CMT-4d57513fbffc,NCA-2011,member,2011-11-22,2014-12-01,false,,MARSAD_ANC
CMM-2123f2e06029,TNP-00518,CMT-400b91a3bed5,NCA-2011,member,2011-11-22,2014-12-01,false,,MARSAD_ANC
CMM-571e3f741035,TNP-00519,CMT-78e966e1d482,NCA-2011,member,2011-11-22,2014-12-01,false,,MARSAD_ANC
CMM-a5e6bfe4fb85,TNP-00519,CMT-336c11e63d66,NCA-2011,member,2011-11-22,2014-12-01,false,,MARSAD_ANC
CMM-12bd17afea77,TNP-00519,CMT-7249209246b3,NCA-2011,member,2011-11-22,2014-12-01,false,,MARSAD_ANC
CMM-1473e10d0e95,TNP-00519,CMT-e6b2fac8e5c7,NCA-2011,member,2011-11-22,2014-12-01,false,,MARSAD_ANC
CMM-31ddc9e4b6e4,TNP-00520,CMT-b46554e2045e,NCA-2011,chair,2011-11-22,2014-12-01,false,,MARSAD_ANC
CMM-257f7b434c1e,TNP-00520,CMT-499d23e8523f,NCA-2011,member,2011-11-22,2014-12-01,false,,MARSAD_ANC
CMM-48823dd7bc7c,TNP-00521,CMT-7249209246b3,NCA-2011,member,2011-11-22,2014-12-01,false,,MARSAD_ANC
CMM-ef155f219d72,TNP-00521,CMT-12bc734f9df1,NCA-2011,member,2011-11-22,2014-12-01,false,,MARSAD_ANC
CMM-431b88b594e1,TNP-00522,CMT-cbc65065020c,NCA-2011,chair,2011-11-22,2014-12-01,false,,MARSAD_ANC
CMM-4206259b6eb5,TNP-00522,CMT-5d1546fffb75,NCA-2011,chair,2011-11-22,2014-12-01,false,,MARSAD_ANC
CMM-c02d7a698ab6,TNP-00522,CMT-78e966e1d482,NCA-2011,chair,2011-11-22,2014-12-01,false,,MARSAD_ANC
CMM-b479c8620efd,TNP-00522,CMT-663b2e4cb3f4,NCA-2011,chair,2011-11-22,2014-12-01,false,,MARSAD_ANC
CMM-12264bba7b9a,TNP-00524,CMT-3b890b1f160a,NCA-2011,member,2011-11-22,2014-12-01,false,,MARSAD_ANC
CMM-7705ec7d2191,TNP-00524,CMT-52252f4274f6,NCA-2011,member,2011-11-22,2014-12-01,false,,MARSAD_ANC
CMM-878c29c64e9c,TNP-00289,CMT-13e8b4757c0d,NCA-2011,assistant_rapporteur,2011-11-22,2014-12-01,false,,MARSAD_ANC
CMM-461ba59eeedd,TNP-00289,CMT-5d1546fffb75,NCA-2011,member,2011-11-22,2014-12-01,false,,MARSAD_ANC
CMM-b4a4e4ed962b,TNP-00289,CMT-3b890b1f160a,NCA-2011,member,2011-11-22,2014-12-01,false,,MARSAD_ANC
CMM-350698aa4932,TNP-00289,CMT-c6c8260db7f4,NCA-2011,member,2011-11-22,2014-12-01,false,,MARSAD_ANC
CMM-4ece0981bf20,TNP-00525,CMT-3b890b1f160a,NCA-2011,member,2011-11-22,2014-12-01,false,,MARSAD_ANC
CMM-11052b505ee8,TNP-00525,CMT-8978fc995f04,NCA-2011,member,2011-11-22,2014-12-01,false,,MARSAD_ANC
CMM-abef38129cd4,TNP-00526,CMT-78e966e1d482,NCA-2011,member,2011-11-22,2014-12-01,false,,MARSAD_ANC
CMM-bb7b27c497a6,TNP-00526,CMT-7249209246b3,NCA-2011,member,2011-11-22,2014-12-01,false,,MARSAD_ANC
CMM-68241b4c59ce,TNP-00526,CMT-f2d2d05db58f,NCA-2011,member,2011-11-22,2014-12-01,false,,MARSAD_ANC
CMM-9e7c13c37ff7,TNP-00527,CMT-3b890b1f160a,NCA-2011,member,2011-11-22,2014-12-01,false,,MARSAD_ANC
CMM-763482d8cddc,TNP-00527,CMT-52252f4274f6,NCA-2011,member,2011-11-22,2014-12-01,false,,MARSAD_ANC
CMM-308a44fa40fe,TNP-00527,CMT-4d57513fbffc,NCA-2011,member,2011-11-22,2014-12-01,false,,MARSAD_ANC
CMM-6da5d52e30a2,TNP-00528,CMT-178580c40e35,NCA-2011,assistant_rapporteur,2011-11-22,2014-12-01,false,,MARSAD_ANC
CMM-c91ffd84b98f,TNP-00528,CMT-400b91a3bed5,NCA-2011,member,2011-11-22,2014-12-01,false,,MARSAD_ANC
CMM-096a0eae263c,TNP-00528,CMT-13e8b4757c0d,NCA-2011,member,2011-11-22,2014-12-01,false,,MARSAD_ANC
CMM-6ccab1d476b0,TNP-00529,CMT-7249209246b3,NCA-2011,member,2011-11-22,2014-12-01,false,,MARSAD_ANC
CMM-d0350337af33,TNP-00529,CMT-b46554e2045e,NCA-2011,member,2011-11-22,2014-12-01,false,,MARSAD_ANC
CMM-46619400e5f5,TNP-00530,CMT-13e8b4757c0d,NCA-2011,member,2011-11-22,2014-12-01,false,,MARSAD_ANC
CMM-120a357fbbc9,TNP-00531,CMT-4e91930c5e8b,NCA-2011,member,2011-11-22,2014-12-01,false,,MARSAD_ANC
CMM-b4176c6ca719,TNP-00301,CMT-78e966e1d482,NCA-2011,rapporteur,2011-11-22,2014-12-01,false,,MARSAD_ANC
CMM-1b7367354d40,TNP-00301,CMT-545e8558a206,NCA-2011,member,2011-11-22,2014-12-01,false,,MARSAD_ANC
CMM-4be2f0c1be47,TNP-00532,CMT-178580c40e35,NCA-2011,assistant_rapporteur,2011-11-22,2014-12-01,false,,MARSAD_ANC
CMM-5939eaacf46e,TNP-00532,CMT-336c11e63d66,NCA-2011,member,2011-11-22,2014-12-01,false,,MARSAD_ANC
CMM-fa82f601ea05,TNP-00532,CMT-e6b2fac8e5c7,NCA-2011,member,2011-11-22,2014-12-01,false,,MARSAD_ANC
CMM-59b7536e7c90,TNP-00533,CMT-12bc734f9df1,NCA-2011,assistant_rapporteur,2011-11-22,2014-12-01,false,,MARSAD_ANC
CMM-a60653eaa224,TNP-00534,CMT-400b91a3bed5,NCA-2011,member,2011-11-22,2014-12-01,false,,MARSAD_ANC
CMM-2bd3de6143b9,TNP-00534,CMT-13e8b4757c0d,NCA-2011,member,2011-11-22,2014-12-01,false,,MARSAD_ANC
CMM-88fe304584ee,TNP-00535,CMT-78e966e1d482,NCA-2011,member,2011-11-22,2014-12-01,false,,MARSAD_ANC
CMM-f90184eaaa98,TNP-00535,CMT-3b890b1f160a,NCA-2011,member,2011-11-22,2014-12-01,false,,MARSAD_ANC
CMM-2aeaaa30b75b,TNP-00535,CMT-f2d2d05db58f,NCA-2011,member,2011-11-22,2014-12-01,false,,MARSAD_ANC
CMM-a12bc359f19a,TNP-00536,CMT-3b890b1f160a,NCA-2011,rapporteur,2011-11-22,2014-12-01,false,,MARSAD_ANC
CMM-b3868fc28ecd,TNP-00536,CMT-78e966e1d482,NCA-2011,member,2011-11-22,2014-12-01,false,,MARSAD_ANC
CMM-1178e568f97a,TNP-00536,CMT-7249209246b3,NCA-2011,member,2011-11-22,2014-12-01,false,,MARSAD_ANC
CMM-1aecd39e7285,TNP-00537,CMT-52252f4274f6,NCA-2011,member,2011-11-22,2014-12-01,false,,MARSAD_ANC
CMM-2afe001f864c,TNP-00537,CMT-c6c8260db7f4,NCA-2011,member,2011-11-22,2014-12-01,false,,MARSAD_ANC
CMM-69f012fab65e,TNP-00538,CMT-c6c8260db7f4,NCA-2011,vice_chair,2011-11-22,2014-12-01,false,,MARSAD_ANC
CMM-fb785aec8cf8,TNP-00538,CMT-78e966e1d482,NCA-2011,member,2011-11-22,2014-12-01,false,,MARSAD_ANC
CMM-56a8f11f8d49,TNP-00538,CMT-12bc734f9df1,NCA-2011,member,2011-11-22,2014-12-01,false,,MARSAD_ANC
CMM-c9a3417acac1,TNP-00539,CMT-336c11e63d66,NCA-2011,vice_chair,2011-11-22,2014-12-01,false,,MARSAD_ANC
CMM-e2bf7468d90c,TNP-00539,CMT-f6f9e9d7cbb2,NCA-2011,member,2011-11-22,2014-12-01,false,,MARSAD_ANC
CMM-5cf873009197,TNP-00539,CMT-178580c40e35,NCA-2011,member,2011-11-22,2014-12-01,false,,MARSAD_ANC
CMM-eff4c5cbd8fb,TNP-00540,CMT-e6b2fac8e5c7,NCA-2011,assistant_rapporteur,2011-11-22,2014-12-01,false,,MARSAD_ANC
CMM-632fbeada760,TNP-00540,CMT-7249209246b3,NCA-2011,member,2011-11-22,2014-12-01,false,,MARSAD_ANC
CMM-d22a711ab5df,TNP-00542,CMT-b46554e2045e,NCA-2011,member,2011-11-22,2014-12-01,false,,MARSAD_ANC
CMM-3630306c910b,TNP-00542,CMT-4d57513fbffc,NCA-2011,member,2011-11-22,2014-12-01,false,,MARSAD_ANC
CMM-92527189abcb,TNP-00543,CMT-4e91930c5e8b,NCA-2011,assistant_rapporteur,2011-11-22,2014-12-01,false,,MARSAD_ANC
CMM-3be5929d7841,TNP-00543,CMT-336c11e63d66,NCA-2011,member,2011-11-22,2014-12-01,false,,MARSAD_ANC
CMM-b382b9bc47d4,TNP-00543,CMT-e6b2fac8e5c7,NCA-2011,member,2011-11-22,2014-12-01,false,,MARSAD_ANC
CMM-312d3d00beb5,TNP-00007,CMT-4d57513fbffc,NCA-2011,member,2011-11-22,2014-12-01,false,,MARSAD_ANC
CMM-54d26363b63f,TNP-00545,CMT-f2d2d05db58f,NCA-2011,member,2011-11-22,2014-12-01,false,,MARSAD_ANC
CMM-5e1bb6b4418c,TNP-00546,CMT-400b91a3bed5,NCA-2011,chair,2011-11-22,2014-12-01,false,,MARSAD_ANC
CMM-569aa72372ab,TNP-00546,CMT-8978fc995f04,NCA-2011,member,2011-11-22,2014-12-01,false,,MARSAD_ANC
CMM-f6a48aa3cd6d,TNP-00547,CMT-52252f4274f6,NCA-2011,vice_chair,2011-11-22,2014-12-01,false,,MARSAD_ANC
CMM-0fed000a4ac0,TNP-00547,CMT-78e966e1d482,NCA-2011,member,2011-11-22,2014-12-01,false,,MARSAD_ANC
CMM-eba6105f8437,TNP-00547,CMT-178580c40e35,NCA-2011,member,2011-11-22,2014-12-01,false,,MARSAD_ANC
CMM-79fcfc95a321,TNP-00357,CMT-499d23e8523f,NCA-2011,chair,2011-11-22,2014-12-01,false,,MARSAD_ANC
CMM-e428113289fe,TNP-00357,CMT-f2d2d05db58f,NCA-2011,member,2011-11-22,2014-12-01,false,,MARSAD_ANC
CMM-bdb4dbf3920c,TNP-00332,CMT-f2d2d05db58f,NCA-2011,vice_chair,2011-11-22,2014-12-01,false,,MARSAD_ANC
CMM-60c8b5ddf1e6,TNP-00332,CMT-78e966e1d482,NCA-2011,assistant_rapporteur,2011-11-22,2014-12-01,false,,MARSAD_ANC
CMM-b0d7ac718f5e,TNP-00332,CMT-5d1546fffb75,NCA-2011,member,2011-11-22,2014-12-01,false,,MARSAD_ANC
CMM-6baa0c6f6672,TNP-00332,CMT-336c11e63d66,NCA-2011,member,2011-11-22,2014-12-01,false,,MARSAD_ANC
CMM-5ec168485d90,TNP-00332,CMT-545e8558a206,NCA-2011,member,2011-11-22,2014-12-01,false,,MARSAD_ANC
CMM-abb7eaaed47f,TNP-00548,CMT-4d57513fbffc,NCA-2011,assistant_rapporteur,2011-11-22,2014-12-01,false,,MARSAD_ANC
CMM-997090cc34b3,TNP-00548,CMT-cbc65065020c,NCA-2011,member,2011-11-22,2014-12-01,false,,MARSAD_ANC
CMM-842acd33899b,TNP-00548,CMT-499d23e8523f,NCA-2011,member,2011-11-22,2014-12-01,false,,MARSAD_ANC
CMM-27c659a07114,TNP-00548,CMT-13e8b4757c0d,NCA-2011,member,2011-11-22,2014-12-01,false,,MARSAD_ANC
CMM-6da284fd416e,TNP-00549,CMT-f6f9e9d7cbb2,NCA-2011,member,2011-11-22,2014-12-01,false,,MARSAD_ANC
CMM-ffc4f79e0306,TNP-00550,CMT-336c11e63d66,NCA-2011,member,2011-11-22,2014-12-01,false,,MARSAD_ANC
CMM-ce3f6021fb26,TNP-00550,CMT-7249209246b3,NCA-2011,member,2011-11-22,2014-12-01,false,,MARSAD_ANC
CMM-dc3bd226586b,TNP-00551,CMT-3b890b1f160a,NCA-2011,assistant_rapporteur,2011-11-22,2014-12-01,false,,MARSAD_ANC
CMM-9f614f978409,TNP-00552,CMT-78e966e1d482,NCA-2011,member,2011-11-22,2014-12-01,false,,MARSAD_ANC
CMM-704505795813,TNP-00552,CMT-336c11e63d66,NCA-2011,member,2011-11-22,2014-12-01,false,,MARSAD_ANC
CMM-287055473d76,TNP-00552,CMT-13e8b4757c0d,NCA-2011,member,2011-11-22,2014-12-01,false,,MARSAD_ANC
CMM-84e6b5251ce8,TNP-00553,CMT-499d23e8523f,NCA-2011,rapporteur,2011-11-22,2014-12-01,false,,MARSAD_ANC
CMM-8f526a42b3d3,TNP-00553,CMT-e6b2fac8e5c7,NCA-2011,member,2011-11-22,2014-12-01,false,,MARSAD_ANC
CMM-7e532c8eabb3,TNP-00554,CMT-cbc65065020c,NCA-2011,member,2011-11-22,2014-12-01,false,,MARSAD_ANC
CMM-234ad1132711,TNP-00554,CMT-3b890b1f160a,NCA-2011,member,2011-11-22,2014-12-01,false,,MARSAD_ANC
CMM-335ce156b247,TNP-00554,CMT-c6c8260db7f4,NCA-2011,member,2011-11-22,2014-12-01,false,,MARSAD_ANC
CMM-d78613d048a5,TNP-00555,CMT-f2d2d05db58f,NCA-2011,member,2011-11-22,2014-12-01,false,,MARSAD_ANC
CMM-f4f676333dd5,TNP-00555,CMT-8978fc995f04,NCA-2011,member,2011-11-22,2014-12-01,false,,MARSAD_ANC
CMM-e45239c39dcc,TNP-00556,CMT-e6b2fac8e5c7,NCA-2011,member,2011-11-22,2014-12-01,false,,MARSAD_ANC
CMM-76f9ef680a2d,TNP-00556,CMT-8978fc995f04,NCA-2011,member,2011-11-22,2014-12-01,false,,MARSAD_ANC
CMM-fac1ac13435e,TNP-00557,CMT-f2d2d05db58f,NCA-2011,member,2011-11-22,2014-12-01,false,,MARSAD_ANC
CMM-92ae2d891fd2,TNP-00558,CMT-cbc65065020c,NCA-2011,member,2011-11-22,2014-12-01,false,,MARSAD_ANC
CMM-a6f96240a746,TNP-00285,CMT-8978fc995f04,NCA-2011,member,2011-11-22,2014-12-01,false,,MARSAD_ANC
CMM-137504c900da,TNP-00675,CMT-3d7249cea75a,ADV-2005,member,,2011-03-23,false,,ADV_CHAMBRE
CMM-1d6342e1ef3d,TNP-00676,CMT-df2faa671a25,ADV-2005,rapporteur,,2011-03-23,false,,ADV_CHAMBRE
CMM-21ee75117e62,TNP-00677,CMT-cd4eba090155,ADV-2005,member,,2011-03-23,false,,ADV_CHAMBRE
CMM-b31b7fcad7ae,TNP-00678,CMT-21c634fba2ad,ADV-2005,member,,2011-03-23,false,,ADV_CHAMBRE
CMM-e8d26f558567,TNP-00679,CMT-3d7249cea75a,ADV-2005,rapporteur,,2011-03-23,false,,ADV_CHAMBRE
CMM-e20d700a1902,TNP-00680,CMT-8b1e71a99c13,ADV-2005,rapporteur,,2011-03-23,false,,ADV_CHAMBRE
CMM-6569fadc0da8,TNP-00682,CMT-5ab9a51df8ef,ADV-2005,member,,2011-03-23,false,,ADV_CHAMBRE
CMM-ae7136f3dd85,TNP-00683,CMT-a7fa2853bbf2,ADV-2005,member,,2011-03-23,false,,ADV_CHAMBRE
CMM-7c9e6c299968,TNP-00684,CMT-cd4eba090155,ADV-2005,member,,2011-03-23,false,,ADV_CHAMBRE
CMM-9d009dee9ba9,TNP-00684,CMT-21c634fba2ad,ADV-2005,member,,2011-03-23,false,,ADV_CHAMBRE
CMM-5e6ebbe813b7,TNP-00685,CMT-a7fa2853bbf2,ADV-2005,member,,2011-03-23,false,,ADV_CHAMBRE
CMM-7ec2b1949d8c,TNP-00687,CMT-df2faa671a25,ADV-2005,member,,2011-03-23,false,,ADV_CHAMBRE
CMM-0204e51eaffd,TNP-00688,CMT-a7fa2853bbf2,ADV-2005,member,,2011-03-23,false,,ADV_CHAMBRE
CMM-db09136e8df8,TNP-00689,CMT-cd4eba090155,ADV-2005,member,,2011-03-23,false,,ADV_CHAMBRE
CMM-85bc006769f3,TNP-00690,CMT-8b1e71a99c13,ADV-2005,member,,2011-03-23,false,,ADV_CHAMBRE
CMM-24f8ae77dfb7,TNP-00691,CMT-3d7249cea75a,ADV-2005,member,,2011-03-23,false,,ADV_CHAMBRE
CMM-97ecadd22363,TNP-00692,CMT-3d7249cea75a,ADV-2005,member,,2011-03-23,false,,ADV_CHAMBRE
CMM-a84e430d65f6,TNP-00693,CMT-5ab9a51df8ef,ADV-2005,member,,2011-03-23,false,,ADV_CHAMBRE
CMM-51f2179430c0,TNP-00695,CMT-23b65b4eec22,ADV-2005,member,,2011-03-23,false,,ADV_CHAMBRE
CMM-ca4c999f358c,TNP-00697,CMT-8b1e71a99c13,ADV-2005,member,,2011-03-23,false,,ADV_CHAMBRE
CMM-6807f5668740,TNP-00698,CMT-21c634fba2ad,ADV-2005,member,,2011-03-23,false,,ADV_CHAMBRE
CMM-90a9470a4b08,TNP-00699,CMT-cd4eba090155,ADV-2005,chair,,2011-03-23,false,,ADV_CHAMBRE
CMM-32c44803dd29,TNP-00700,CMT-5ab9a51df8ef,ADV-2005,rapporteur,,2011-03-23,false,,ADV_CHAMBRE
CMM-b0554d40ceb4,TNP-00701,CMT-df2faa671a25,ADV-2005,member,,2011-03-23,false,,ADV_CHAMBRE
CMM-e8c501fd0e35,TNP-00702,CMT-3d7249cea75a,ADV-2005,member,,2011-03-23,false,,ADV_CHAMBRE
CMM-135de753282c,TNP-00704,CMT-3d7249cea75a,ADV-2005,chair,,2011-03-23,false,,ADV_CHAMBRE
CMM-47221b03753d,TNP-00705,CMT-21c634fba2ad,ADV-2005,chair,,2011-03-23,false,,ADV_CHAMBRE
CMM-4049ca4686cd,TNP-00706,CMT-df2faa671a25,ADV-2005,chair,,2011-03-23,false,,ADV_CHAMBRE
CMM-3bef4dbf5544,TNP-00708,CMT-3d7249cea75a,ADV-2005,member,,2011-03-23,false,,ADV_CHAMBRE
CMM-d565c5387471,TNP-00712,CMT-8b1e71a99c13,ADV-2005,member,,2011-03-23,false,,ADV_CHAMBRE
CMM-e8cc03443363,TNP-00713,CMT-df2faa671a25,ADV-2005,member,,2011-03-23,false,,ADV_CHAMBRE
CMM-433aae0a0563,TNP-00714,CMT-cd4eba090155,ADV-2005,member,,2011-03-23,false,,ADV_CHAMBRE
CMM-fe4a7f53f613,TNP-00715,CMT-a7fa2853bbf2,ADV-2005,member,,2011-03-23,false,,ADV_CHAMBRE
CMM-cb444d3daef2,TNP-00716,CMT-df2faa671a25,ADV-2005,assistant_rapporteur,,2011-03-23,false,,ADV_CHAMBRE
CMM-96d7f9add980,TNP-00717,CMT-23b65b4eec22,ADV-2005,member,,2011-03-23,false,,ADV_CHAMBRE
CMM-75df4c3b94e3,TNP-00717,CMT-21c634fba2ad,ADV-2005,member,,2011-03-23,false,,ADV_CHAMBRE
CMM-9995fa6b4d6a,TNP-00718,CMT-df2faa671a25,ADV-2005,member,,2011-03-23,false,,ADV_CHAMBRE
CMM-a30b1d3983bf,TNP-00719,CMT-23b65b4eec22,ADV-2005,member,,2011-03-23,false,,ADV_CHAMBRE
CMM-7d4331668756,TNP-00721,CMT-cd4eba090155,ADV-2005,member,,2011-03-23,false,,ADV_CHAMBRE
CMM-0aa7bfc56f94,TNP-00722,CMT-23b65b4eec22,ADV-2005,member,,2011-03-23,false,,ADV_CHAMBRE
CMM-4ff5da9a10a5,TNP-00724,CMT-5ab9a51df8ef,ADV-2005,member,,2011-03-23,false,,ADV_CHAMBRE
CMM-ff42eb023102,TNP-00725,CMT-a7fa2853bbf2,ADV-2005,member,,2011-03-23,false,,ADV_CHAMBRE
CMM-82464d5e2f60,TNP-00727,CMT-23b65b4eec22,ADV-2005,member,,2011-03-23,false,,ADV_CHAMBRE
CMM-1c329d26bbdd,TNP-00728,CMT-a7fa2853bbf2,ADV-2005,member,,2011-03-23,false,,ADV_CHAMBRE
CMM-e5cf30e618eb,TNP-00728,CMT-21c634fba2ad,ADV-2005,member,,2011-03-23,false,,ADV_CHAMBRE
CMM-730ed7012413,TNP-00729,CMT-df2faa671a25,ADV-2005,member,,2011-03-23,false,,ADV_CHAMBRE
CMM-aa9c1a1fbbae,TNP-00730,CMT-df2faa671a25,ADV-2005,member,,2011-03-23,false,,ADV_CHAMBRE
CMM-f4b28c9b21a6,TNP-00731,CMT-21c634fba2ad,ADV-2005,member,,2011-03-23,false,,ADV_CHAMBRE
CMM-853e3b8fe7c4,TNP-00732,CMT-5ab9a51df8ef,ADV-2005,member,,2011-03-23,false,,ADV_CHAMBRE
CMM-6918b67a8098,TNP-00734,CMT-cd4eba090155,ADV-2005,member,,2011-03-23,false,,ADV_CHAMBRE
CMM-d4bb77410c40,TNP-00735,CMT-df2faa671a25,ADV-2005,member,,2011-03-23,false,,ADV_CHAMBRE
CMM-b40dcfdb4eb9,TNP-00736,CMT-cd4eba090155,ADV-2005,member,,2011-03-23,false,,ADV_CHAMBRE
CMM-93c63e932c3e,TNP-00737,CMT-8b1e71a99c13,ADV-2005,member,,2011-03-23,false,,ADV_CHAMBRE
CMM-41d3eaed6bf6,TNP-00738,CMT-a7fa2853bbf2,ADV-2005,member,,2011-03-23,false,,ADV_CHAMBRE
CMM-521adf5ec998,TNP-00740,CMT-5ab9a51df8ef,ADV-2005,chair,,2011-03-23,false,,ADV_CHAMBRE
CMM-b4adc777b060,TNP-00741,CMT-8b1e71a99c13,ADV-2005,member,,2011-03-23,false,,ADV_CHAMBRE
CMM-3e6bf42a9b77,TNP-00742,CMT-21c634fba2ad,ADV-2005,member,,2011-03-23,false,,ADV_CHAMBRE
CMM-ecffa9c2a718,TNP-00743,CMT-8b1e71a99c13,ADV-2005,member,,2011-03-23,false,,ADV_CHAMBRE
CMM-eb37ef3d5683,TNP-00744,CMT-df2faa671a25,ADV-2005,member,,2011-03-23,false,,ADV_CHAMBRE
CMM-245019ba91d8,TNP-00745,CMT-8b1e71a99c13,ADV-2005,chair,,2011-03-23,false,,ADV_CHAMBRE
CMM-8aa2d702088b,TNP-00746,CMT-a7fa2853bbf2,ADV-2005,member,,2011-03-23,false,,ADV_CHAMBRE
CMM-000d30ef9300,TNP-00748,CMT-5ab9a51df8ef,ADV-2005,member,,2011-03-23,false,,ADV_CHAMBRE
CMM-9ceb8eb00b1e,TNP-00749,CMT-21c634fba2ad,ADV-2005,assistant_rapporteur,,2011-03-23,false,,ADV_CHAMBRE
CMM-c8d6e944ec9d,TNP-00750,CMT-5ab9a51df8ef,ADV-2005,member,,2011-03-23,false,,ADV_CHAMBRE
CMM-73f05c2b66ef,TNP-00751,CMT-a7fa2853bbf2,ADV-2005,chair,,2011-03-23,false,,ADV_CHAMBRE
CMM-c87c49edce10,TNP-00752,CMT-3d7249cea75a,ADV-2005,member,,2011-03-23,false,,ADV_CHAMBRE
CMM-d003657cc7cf,TNP-00753,CMT-8b1e71a99c13,ADV-2005,member,,2011-03-23,false,,ADV_CHAMBRE
CMM-77b68f8ae1fa,TNP-00754,CMT-cd4eba090155,ADV-2005,assistant_rapporteur,,2011-03-23,false,,ADV_CHAMBRE
CMM-8ec5fba07bf3,TNP-00755,CMT-8b1e71a99c13,ADV-2005,member,,2011-03-23,false,,ADV_CHAMBRE
CMM-3a73fdf4374c,TNP-00758,CMT-3d7249cea75a,ADV-2005,assistant_rapporteur,,2011-03-23,false,,ADV_CHAMBRE
CMM-5e8baa24adf0,TNP-00759,CMT-a7fa2853bbf2,ADV-2005,rapporteur,,2011-03-23,false,,ADV_CHAMBRE
CMM-cd182197eddd,TNP-00760,CMT-cd4eba090155,ADV-2005,member,,2011-03-23,false,,ADV_CHAMBRE
CMM-0398eb0b12bb,TNP-00761,CMT-cd4eba090155,ADV-2005,rapporteur,,2011-03-23,false,,ADV_CHAMBRE
CMM-b8ac9035dd86,TNP-00762,CMT-23b65b4eec22,ADV-2005,member,,2011-03-23,false,,ADV_CHAMBRE
CMM-46f8debd0732,TNP-00764,CMT-23b65b4eec22,ADV-2005,assistant_rapporteur,,2011-03-23,false,,ADV_CHAMBRE
CMM-5679c2bfc96f,TNP-00766,CMT-5ab9a51df8ef,ADV-2005,member,,2011-03-23,false,,ADV_CHAMBRE
CMM-16e066cbbea4,TNP-00767,CMT-8b1e71a99c13,ADV-2005,member,,2011-03-23,false,,ADV_CHAMBRE
CMM-4ad50d8b6d2b,TNP-00769,CMT-5ab9a51df8ef,ADV-2005,assistant_rapporteur,,2011-03-23,false,,ADV_CHAMBRE
CMM-44332821980c,TNP-00770,CMT-3d7249cea75a,ADV-2005,member,,2011-03-23,false,,ADV_CHAMBRE
CMM-22bf2c65a1a7,TNP-00771,CMT-23b65b4eec22,ADV-2005,member,,2011-03-23,false,,ADV_CHAMBRE
CMM-d0b686d1da90,TNP-00771,CMT-21c634fba2ad,ADV-2005,member,,2011-03-23,false,,ADV_CHAMBRE
CMM-242dfbd347fb,TNP-00772,CMT-23b65b4eec22,ADV-2005,member,,2011-03-23,false,,ADV_CHAMBRE
CMM-b0e47205f485,TNP-00773,CMT-23b65b4eec22,ADV-2005,member,,2011-03-23,false,,ADV_CHAMBRE
CMM-4566861b1034,TNP-00776,CMT-a7fa2853bbf2,ADV-2005,assistant_rapporteur,,2011-03-23,false,,ADV_CHAMBRE
CMM-a0661277bd60,TNP-00777,CMT-5ab9a51df8ef,ADV-2005,member,,2011-03-23,false,,ADV_CHAMBRE
CMM-b312b7acf9e9,TNP-00778,CMT-3d7249cea75a,ADV-2005,member,,2011-03-23,false,,ADV_CHAMBRE
CMM-f10e1ebc9802,TNP-00779,CMT-21c634fba2ad,ADV-2005,member,,2011-03-23,false,,ADV_CHAMBRE
CMM-f4913bb1ee80,TNP-00781,CMT-8b1e71a99c13,ADV-2005,assistant_rapporteur,,2011-03-23,false,,ADV_CHAMBRE
CMM-64b5204fd325,TNP-00782,CMT-23b65b4eec22,ADV-2005,chair,,2011-03-23,false,,ADV_CHAMBRE
CMM-f4f1d89555f3,TNP-00783,CMT-df2faa671a25,ADV-2005,member,,2011-03-23,false,,ADV_CHAMBRE
CMM-93da737fd584,TNP-00784,CMT-3d7249cea75a,ADV-2005,member,,2011-03-23,false,,ADV_CHAMBRE
CMM-538d2b818012,TNP-00785,CMT-a7fa2853bbf2,ADV-2005,member,,2011-03-23,false,,ADV_CHAMBRE
CMM-47634cfde6db,TNP-00786,CMT-3a051620fd33,ARP-2014,chair,2014-12-02,2016-07-02,true,"observed on this committee on captures from 2015-03-07 to 2015-11-16, out of 12 readable captures of its page; the recorded span 2014-12-02..2016-07-02 is the outer bound, since each boundary falls in a gap between captures rather than on a known date",MARSAD_ARP2014
CMM-93065eb6d086,TNP-00786,CMT-3a051620fd33,ARP-2014,chair,2016-09-15,2016-12-10,true,"observed on this committee on captures from 2016-09-15 to 2016-09-15, out of 12 readable captures of its page; the recorded span 2016-09-15..2016-12-10 is the outer bound, since each boundary falls in a gap between captures rather than on a known date",MARSAD_ARP2014
CMM-24bfe5be9a13,TNP-00786,CMT-4633b2874c88,ARP-2014,member,2016-07-27,2019-05-08,true,"observed on this committee on captures from 2016-07-27 to 2017-06-26, out of 12 readable captures of its page; the recorded span 2016-07-27..2019-05-08 is the outer bound, since each boundary falls in a gap between captures rather than on a known date",MARSAD_ARP2014
CMM-5c5ab14d1566,TNP-00786,CMT-c19410caa909,ARP-2014,member,2016-12-30,2019-08-21,true,"observed on this committee on captures from 2016-12-30 to 2017-05-15, out of 6 readable captures of its page; the recorded span 2016-12-30..2019-08-21 is the outer bound, since each boundary falls in a gap between captures rather than on a known date",MARSAD_ARP2014
CMM-cfac9a1b742b,TNP-00786,CMT-e5dff9bf0bca,ARP-2014,member,2014-12-02,2019-10-05,false,,MARSAD_ARP2014
CMM-74792e989c1f,TNP-00467,CMT-2bc1cee50ba8,ARP-2014,member,2017-01-16,2017-06-02,true,"observed on this committee on captures from 2017-01-16 to 2017-05-02, out of 12 readable captures of its page; the recorded span 2017-01-16..2017-06-02 is the outer bound, since each boundary falls in a gap between captures rather than on a known date",MARSAD_ARP2014
CMM-8fb00da3c55a,TNP-00467,CMT-cab87800ef44,ARP-2014,member,2014-12-02,2016-01-22,true,"observed on this committee on captures from 2015-03-07 to 2015-10-22, out of 11 readable captures of its page; the recorded span 2014-12-02..2016-01-22 is the outer bound, since each boundary falls in a gap between captures rather than on a known date",MARSAD_ARP2014
CMM-6a2e7d45009d,TNP-00467,CMT-b9e5e4367488,ARP-2014,vice_chair,2016-04-05,2017-01-27,true,"observed on this committee on captures from 2016-04-05 to 2016-09-14, out of 10 readable captures of its page; the recorded span 2016-04-05..2017-01-27 is the outer bound, since each boundary falls in a gap between captures rather than on a known date",MARSAD_ARP2014
CMM-4899a8dd7498,TNP-00467,CMT-b9e5e4367488,ARP-2014,rapporteur,2019-08-23,2019-10-05,true,"observed on this committee on captures from 2019-08-23 to 2019-09-23, out of 10 readable captures of its page; the recorded span 2019-08-23..2019-10-05 is the outer bound, since each boundary falls in a gap between captures rather than on a known date",MARSAD_ARP2014
CMM-366c7e7ea64d,TNP-00467,CMT-535731ec7ffd,ARP-2014,rapporteur,2017-01-13,2019-05-08,true,"observed on this committee on captures from 2017-01-13 to 2017-04-28, out of 9 readable captures of its page; the recorded span 2017-01-13..2019-05-08 is the outer bound, since each boundary falls in a gap between captures rather than on a known date",MARSAD_ARP2014
CMM-435e1ec3d726,TNP-00467,CMT-90ddb75794d7,ARP-2014,member,2014-12-02,2017-01-27,true,"observed on this committee on captures from 2015-03-07 to 2016-09-14, out of 8 readable captures of its page; the recorded span 2014-12-02..2017-01-27 is the outer bound, since each boundary falls in a gap between captures rather than on a known date",MARSAD_ARP2014
CMM-9fb77d73949e,TNP-00788,CMT-cab87800ef44,ARP-2014,member,2014-12-02,2016-03-23,true,"observed on this committee on captures from 2015-03-07 to 2016-01-22, out of 11 readable captures of its page; the recorded span 2014-12-02..2016-03-23 is the outer bound, since each boundary falls in a gap between captures rather than on a known date",MARSAD_ARP2014
CMM-664a4462ccf8,TNP-00788,CMT-cab87800ef44,ARP-2014,member,2016-09-15,2017-01-27,true,"observed on this committee on captures from 2016-09-15 to 2016-09-15, out of 11 readable captures of its page; the recorded span 2016-09-15..2017-01-27 is the outer bound, since each boundary falls in a gap between captures rather than on a known date",MARSAD_ARP2014
CMM-a04c06abec5e,TNP-00788,CMT-7858621d9962,ARP-2014,member,2016-09-14,2019-07-23,true,"observed on this committee on captures from 2016-09-14 to 2017-06-24, out of 12 readable captures of its page; the recorded span 2016-09-14..2019-07-23 is the outer bound, since each boundary falls in a gap between captures rather than on a known date",MARSAD_ARP2014
CMM-22f219c39413,TNP-00788,CMT-c19410caa909,ARP-2014,member,2014-12-02,2016-07-27,true,"observed on this committee on captures from 2015-03-07 to 2015-03-07, out of 6 readable captures of its page; the recorded span 2014-12-02..2016-07-27 is the outer bound, since each boundary falls in a gap between captures rather than on a known date",MARSAD_ARP2014
CMM-1748f526a11d,TNP-00788,CMT-c19410caa909,ARP-2014,member,2016-09-14,2016-12-30,true,"observed on this committee on captures from 2016-09-14 to 2016-09-14, out of 6 readable captures of its page; the recorded span 2016-09-14..2016-12-30 is the outer bound, since each boundary falls in a gap between captures rather than on a known date",MARSAD_ARP2014
CMM-a7b634e581b8,TNP-00788,CMT-5863460337e8,ARP-2014,member,2017-02-17,2019-08-23,true,"observed on this committee on captures from 2017-02-17 to 2017-07-02, out of 9 readable captures of its page; the recorded span 2017-02-17..2019-08-23 is the outer bound, since each boundary falls in a gap between captures rather than on a known date",MARSAD_ARP2014
CMM-316f8ecd703c,TNP-00789,CMT-2bc1cee50ba8,ARP-2014,member,2019-07-23,2019-10-05,true,"observed on this committee on captures from 2019-07-23 to 2019-09-17, out of 12 readable captures of its page; the recorded span 2019-07-23..2019-10-05 is the outer bound, since each boundary falls in a gap between captures rather than on a known date",MARSAD_ARP2014
CMM-d17d3bf004dd,TNP-00789,CMT-894b8d7f301d,ARP-2014,member,2014-12-02,2019-07-23,true,"observed on this committee on captures from 2015-03-07 to 2017-06-25, out of 12 readable captures of its page; the recorded span 2014-12-02..2019-07-23 is the outer bound, since each boundary falls in a gap between captures rather than on a known date",MARSAD_ARP2014
CMM-bc6c39b16380,TNP-00789,CMT-c19410caa909,ARP-2014,chair,2016-12-30,2019-10-05,true,"observed on this committee on captures from 2016-12-30 to 2019-08-21, out of 6 readable captures of its page; the recorded span 2016-12-30..2019-10-05 is the outer bound, since each boundary falls in a gap between captures rather than on a known date",MARSAD_ARP2014
CMM-047725baa340,TNP-00789,CMT-90ddb75794d7,ARP-2014,member,2014-12-02,2017-01-27,true,"observed on this committee on captures from 2015-03-07 to 2016-09-14, out of 8 readable captures of its page; the recorded span 2014-12-02..2017-01-27 is the outer bound, since each boundary falls in a gap between captures rather than on a known date",MARSAD_ARP2014
CMM-d1194c6cc957,TNP-00789,CMT-8d6af35d5cb4,ARP-2014,member,2014-12-02,2019-10-05,false,,MARSAD_ARP2014
CMM-c9b9bb025cbf,TNP-00790,CMT-7858621d9962,ARP-2014,member,2014-12-02,2019-10-05,false,,MARSAD_ARP2014
CMM-66e04216cda8,TNP-00790,CMT-535731ec7ffd,ARP-2014,member,2014-12-02,2019-10-05,false,,MARSAD_ARP2014
CMM-e095fe625143,TNP-00791,CMT-8a5b9ec83476,ARP-2014,member,2019-08-23,2019-10-05,true,"observed on this committee on captures from 2019-08-23 to 2019-08-23, out of 10 readable captures of its page; the recorded span 2019-08-23..2019-10-05 is the outer bound, since each boundary falls in a gap between captures rather than on a known date",MARSAD_ARP2014
CMM-0ad3334880c7,TNP-00791,CMT-f7166b323046,ARP-2014,member,2019-08-23,2019-10-05,true,"observed on this committee on captures from 2019-08-23 to 2019-08-23, out of 5 readable captures of its page; the recorded span 2019-08-23..2019-10-05 is the outer bound, since each boundary falls in a gap between captures rather than on a known date",MARSAD_ARP2014
CMM-e3739dbe6300,TNP-00792,CMT-cab87800ef44,ARP-2014,member,2014-12-02,2019-10-05,false,,MARSAD_ARP2014
CMM-290aac760979,TNP-00792,CMT-90ddb75794d7,ARP-2014,member,2014-12-02,2019-08-21,true,"observed on this committee on captures from 2015-03-07 to 2017-05-17, out of 8 readable captures of its page; the recorded span 2014-12-02..2019-08-21 is the outer bound, since each boundary falls in a gap between captures rather than on a known date",MARSAD_ARP2014
CMM-c4cb085a79be,TNP-00793,CMT-2bc1cee50ba8,ARP-2014,member,2016-04-05,2017-01-16,true,"observed on this committee on captures from 2016-04-05 to 2016-10-27, out of 12 readable captures of its page; the recorded span 2016-04-05..2017-01-16 is the outer bound, since each boundary falls in a gap between captures rather than on a known date",MARSAD_ARP2014
CMM-03c179c97740,TNP-00793,CMT-2bc1cee50ba8,ARP-2014,member,2019-07-23,2019-10-05,true,"observed on this committee on captures from 2019-07-23 to 2019-09-17, out of 12 readable captures of its page; the recorded span 2019-07-23..2019-10-05 is the outer bound, since each boundary falls in a gap between captures rather than on a known date",MARSAD_ARP2014
CMM-e79ccea9f799,TNP-00793,CMT-894b8d7f301d,ARP-2014,member,2017-04-24,2019-07-23,true,"observed on this committee on captures from 2017-04-24 to 2017-06-25, out of 12 readable captures of its page; the recorded span 2017-04-24..2019-07-23 is the outer bound, since each boundary falls in a gap between captures rather than on a known date",MARSAD_ARP2014
CMM-ecb051783ace,TNP-00793,CMT-8a5b9ec83476,ARP-2014,member,2014-12-02,2016-12-30,true,"observed on this committee on captures from 2015-03-07 to 2016-09-14, out of 10 readable captures of its page; the recorded span 2014-12-02..2016-12-30 is the outer bound, since each boundary falls in a gap between captures rather than on a known date",MARSAD_ARP2014
CMM-07cea9c6aa00,TNP-00793,CMT-5863460337e8,ARP-2014,member,2014-12-02,2019-10-05,false,,MARSAD_ARP2014
CMM-1aea0dc0a172,TNP-00794,CMT-7858621d9962,ARP-2014,member,2014-12-02,2016-09-14,true,"observed on this committee on captures from 2015-03-07 to 2015-10-22, out of 12 readable captures of its page; the recorded span 2014-12-02..2016-09-14 is the outer bound, since each boundary falls in a gap between captures rather than on a known date",MARSAD_ARP2014
CMM-06108f568362,TNP-00794,CMT-3e7af871322d,ARP-2014,member,2014-12-02,2016-12-30,true,"observed on this committee on captures from 2015-03-07 to 2016-09-15, out of 6 readable captures of its page; the recorded span 2014-12-02..2016-12-30 is the outer bound, since each boundary falls in a gap between captures rather than on a known date",MARSAD_ARP2014
CMM-f86264e8e09e,TNP-00795,CMT-4633b2874c88,ARP-2014,member,2017-01-14,2019-05-08,true,"observed on this committee on captures from 2017-01-14 to 2017-06-26, out of 12 readable captures of its page; the recorded span 2017-01-14..2019-05-08 is the outer bound, since each boundary falls in a gap between captures rather than on a known date",MARSAD_ARP2014
CMM-a8e4bd8475f8,TNP-00795,CMT-2bc1cee50ba8,ARP-2014,member,2016-04-05,2017-05-02,true,"observed on this committee on captures from 2016-04-05 to 2017-01-16, out of 12 readable captures of its page; the recorded span 2016-04-05..2017-05-02 is the outer bound, since each boundary falls in a gap between captures rather than on a known date",MARSAD_ARP2014
CMM-90f1210a61f4,TNP-00795,CMT-7858621d9962,ARP-2014,member,2014-12-02,2016-09-14,true,"observed on this committee on captures from 2015-03-07 to 2015-10-22, out of 12 readable captures of its page; the recorded span 2014-12-02..2016-09-14 is the outer bound, since each boundary falls in a gap between captures rather than on a known date",MARSAD_ARP2014
CMM-a02e5b4be324,TNP-00795,CMT-5863460337e8,ARP-2014,member,2014-12-02,2019-08-23,true,"observed on this committee on captures from 2015-03-07 to 2017-07-02, out of 9 readable captures of its page; the recorded span 2014-12-02..2019-08-23 is the outer bound, since each boundary falls in a gap between captures rather than on a known date",MARSAD_ARP2014
CMM-c11b4eaf29c6,TNP-00796,CMT-cab87800ef44,ARP-2014,member,2016-03-23,2019-07-22,true,"observed on this committee on captures from 2016-03-23 to 2017-06-24, out of 11 readable captures of its page; the recorded span 2016-03-23..2019-07-22 is the outer bound, since each boundary falls in a gap between captures rather than on a known date",MARSAD_ARP2014
CMM-263c5c765b45,TNP-00797,CMT-4633b2874c88,ARP-2014,member,2014-12-02,2016-07-27,true,"observed on this committee on captures from 2015-03-07 to 2016-01-23, out of 12 readable captures of its page; the recorded span 2014-12-02..2016-07-27 is the outer bound, since each boundary falls in a gap between captures rather than on a known date",MARSAD_ARP2014
CMM-991d71eab1db,TNP-00797,CMT-4633b2874c88,ARP-2014,member,2016-09-15,2016-10-30,true,"observed on this committee on captures from 2016-09-15 to 2016-09-15, out of 12 readable captures of its page; the recorded span 2016-09-15..2016-10-30 is the outer bound, since each boundary falls in a gap between captures rather than on a known date",MARSAD_ARP2014
CMM-e6a448fc7323,TNP-00797,CMT-cab87800ef44,ARP-2014,member,2017-01-27,2019-10-05,true,"observed on this committee on captures from 2017-01-27 to 2019-09-15, out of 11 readable captures of its page; the recorded span 2017-01-27..2019-10-05 is the outer bound, since each boundary falls in a gap between captures rather than on a known date",MARSAD_ARP2014
CMM-27b244442f4a,TNP-00797,CMT-8a5b9ec83476,ARP-2014,assistant_rapporteur,2016-07-26,2016-12-30,true,"observed on this committee on captures from 2016-07-26 to 2016-09-14, out of 10 readable captures of its page; the recorded span 2016-07-26..2016-12-30 is the outer bound, since each boundary falls in a gap between captures rather than on a known date",MARSAD_ARP2014
CMM-721a84810dc2,TNP-00797,CMT-f7166b323046,ARP-2014,chair,2014-12-02,2019-10-05,false,,MARSAD_ARP2014
CMM-d7db1c33513f,TNP-00163,CMT-b9e5e4367488,ARP-2014,member,2014-12-02,2019-08-23,true,"observed on this committee on captures from 2015-03-07 to 2017-06-24, out of 10 readable captures of its page; the recorded span 2014-12-02..2019-08-23 is the outer bound, since each boundary falls in a gap between captures rather than on a known date",MARSAD_ARP2014
CMM-e2cc2e12989d,TNP-00163,CMT-535731ec7ffd,ARP-2014,assistant_rapporteur,2014-12-02,2017-01-13,true,"observed on this committee on captures from 2015-03-07 to 2016-09-15, out of 9 readable captures of its page; the recorded span 2014-12-02..2017-01-13 is the outer bound, since each boundary falls in a gap between captures rather than on a known date",MARSAD_ARP2014
CMM-175d0a664b43,TNP-00798,CMT-894b8d7f301d,ARP-2014,member,2014-12-02,2019-10-05,false,,MARSAD_ARP2014
CMM-4fd0bbbd7688,TNP-00798,CMT-535731ec7ffd,ARP-2014,member,2016-09-15,2017-01-13,true,"observed on this committee on captures from 2016-09-15 to 2016-09-15, out of 9 readable captures of its page; the recorded span 2016-09-15..2017-01-13 is the outer bound, since each boundary falls in a gap between captures rather than on a known date",MARSAD_ARP2014
CMM-4cc5b4853101,TNP-00798,CMT-5863460337e8,ARP-2014,member,2014-12-02,2019-10-05,false,,MARSAD_ARP2014
CMM-a8ca3bf018bf,TNP-00798,CMT-8d6af35d5cb4,ARP-2014,member,2014-12-02,2019-10-05,false,,MARSAD_ARP2014
CMM-ed0c95e9b8fb,TNP-00369,CMT-894b8d7f301d,ARP-2014,member,2014-12-02,2017-04-24,true,"observed on this committee on captures from 2015-03-07 to 2016-10-19, out of 12 readable captures of its page; the recorded span 2014-12-02..2017-04-24 is the outer bound, since each boundary falls in a gap between captures rather than on a known date",MARSAD_ARP2014
CMM-4ba6cf2864c0,TNP-00369,CMT-894b8d7f301d,ARP-2014,rapporteur,2019-07-23,2019-10-05,true,"observed on this committee on captures from 2019-07-23 to 2019-09-19, out of 12 readable captures of its page; the recorded span 2019-07-23..2019-10-05 is the outer bound, since each boundary falls in a gap between captures rather than on a known date",MARSAD_ARP2014
CMM-0b9ac35bd6c9,TNP-00369,CMT-f7166b323046,ARP-2014,member,2016-12-30,2019-08-23,true,"observed on this committee on captures from 2016-12-30 to 2017-05-17, out of 5 readable captures of its page; the recorded span 2016-12-30..2019-08-23 is the outer bound, since each boundary falls in a gap between captures rather than on a known date",MARSAD_ARP2014
CMM-c153e57d896d,TNP-00369,CMT-3e7af871322d,ARP-2014,member,2019-08-23,2019-10-05,true,"observed on this committee on captures from 2019-08-23 to 2019-08-23, out of 6 readable captures of its page; the recorded span 2019-08-23..2019-10-05 is the outer bound, since each boundary falls in a gap between captures rather than on a known date",MARSAD_ARP2014
CMM-6db054ce2444,TNP-00799,CMT-7858621d9962,ARP-2014,member,2016-12-13,2019-10-05,true,"observed on this committee on captures from 2016-12-13 to 2019-09-19, out of 12 readable captures of its page; the recorded span 2016-12-13..2019-10-05 is the outer bound, since each boundary falls in a gap between captures rather than on a known date",MARSAD_ARP2014
CMM-acf0ad29d2d9,TNP-00799,CMT-894b8d7f301d,ARP-2014,member,2014-12-02,2016-08-18,true,"observed on this committee on captures from 2015-03-07 to 2016-01-13, out of 12 readable captures of its page; the recorded span 2014-12-02..2016-08-18 is the outer bound, since each boundary falls in a gap between captures rather than on a known date",MARSAD_ARP2014
CMM-2ac746e0d6d8,TNP-00799,CMT-894b8d7f301d,ARP-2014,member,2016-09-14,2016-10-19,true,"observed on this committee on captures from 2016-09-14 to 2016-09-14, out of 12 readable captures of its page; the recorded span 2016-09-14..2016-10-19 is the outer bound, since each boundary falls in a gap between captures rather than on a known date",MARSAD_ARP2014
CMM-5c1b5c51042e,TNP-00799,CMT-f7166b323046,ARP-2014,member,2019-08-23,2019-10-05,true,"observed on this committee on captures from 2019-08-23 to 2019-08-23, out of 5 readable captures of its page; the recorded span 2019-08-23..2019-10-05 is the outer bound, since each boundary falls in a gap between captures rather than on a known date",MARSAD_ARP2014
CMM-017b8c355432,TNP-00799,CMT-3e7af871322d,ARP-2014,member,2016-12-30,2019-08-23,true,"observed on this committee on captures from 2016-12-30 to 2016-12-30, out of 6 readable captures of its page; the recorded span 2016-12-30..2019-08-23 is the outer bound, since each boundary falls in a gap between captures rather than on a known date",MARSAD_ARP2014
CMM-29f4672cb609,TNP-00799,CMT-e5dff9bf0bca,ARP-2014,member,2014-12-02,2019-10-05,false,,MARSAD_ARP2014
CMM-416ebcf34c4d,TNP-00800,CMT-3a051620fd33,ARP-2014,member,2014-12-02,2019-07-22,true,"observed on this committee on captures from 2015-03-07 to 2017-06-25, out of 12 readable captures of its page; the recorded span 2014-12-02..2019-07-22 is the outer bound, since each boundary falls in a gap between captures rather than on a known date",MARSAD_ARP2014
CMM-395bf10747cf,TNP-00800,CMT-cab87800ef44,ARP-2014,rapporteur,2019-07-22,2019-10-05,true,"observed on this committee on captures from 2019-07-22 to 2019-09-15, out of 11 readable captures of its page; the recorded span 2019-07-22..2019-10-05 is the outer bound, since each boundary falls in a gap between captures rather than on a known date",MARSAD_ARP2014
CMM-3346a6b7324e,TNP-00800,CMT-c19410caa909,ARP-2014,member,2016-07-27,2019-10-05,true,"observed on this committee on captures from 2016-07-27 to 2019-08-21, out of 6 readable captures of its page; the recorded span 2016-07-27..2019-10-05 is the outer bound, since each boundary falls in a gap between captures rather than on a known date",MARSAD_ARP2014
CMM-6cce98ad197d,TNP-00800,CMT-a48500711e9b,ARP-2014,member,2014-12-02,2016-04-24,true,"observed on this committee on captures from 2015-03-07 to 2016-01-13, out of 12 readable captures of its page; the recorded span 2014-12-02..2016-04-24 is the outer bound, since each boundary falls in a gap between captures rather than on a known date",MARSAD_ARP2014
CMM-1179106bbd0b,TNP-00800,CMT-a48500711e9b,ARP-2014,member,2016-09-15,2017-04-29,true,"observed on this committee on captures from 2016-09-15 to 2016-10-07, out of 12 readable captures of its page; the recorded span 2016-09-15..2017-04-29 is the outer bound, since each boundary falls in a gap between captures rather than on a known date",MARSAD_ARP2014
CMM-0527283511e3,TNP-00800,CMT-e5dff9bf0bca,ARP-2014,member,2014-12-02,2019-10-05,false,,MARSAD_ARP2014
CMM-c8ad57eaed5a,TNP-00801,CMT-879180464a95,ARP-2014,member,2014-12-02,2019-10-05,false,,MARSAD_ARP2014
CMM-923dea9171fa,TNP-00801,CMT-b9e5e4367488,ARP-2014,member,2014-12-02,2019-08-23,true,"observed on this committee on captures from 2015-03-07 to 2017-06-24, out of 10 readable captures of its page; the recorded span 2014-12-02..2019-08-23 is the outer bound, since each boundary falls in a gap between captures rather than on a known date",MARSAD_ARP2014
CMM-d66acfeee793,TNP-00801,CMT-601d95a949aa,ARP-2014,member,2014-12-02,2016-12-14,true,"observed on this committee on captures from 2015-03-07 to 2016-09-14, out of 9 readable captures of its page; the recorded span 2014-12-02..2016-12-14 is the outer bound, since each boundary falls in a gap between captures rather than on a known date",MARSAD_ARP2014
CMM-c8fbab63a9d0,TNP-00801,CMT-5863460337e8,ARP-2014,member,2017-02-17,2019-08-23,true,"observed on this committee on captures from 2017-02-17 to 2017-07-02, out of 9 readable captures of its page; the recorded span 2017-02-17..2019-08-23 is the outer bound, since each boundary falls in a gap between captures rather than on a known date",MARSAD_ARP2014
CMM-9ce1093e19ab,TNP-00802,CMT-4633b2874c88,ARP-2014,member,2014-12-02,2016-07-27,true,"observed on this committee on captures from 2015-03-07 to 2016-01-23, out of 12 readable captures of its page; the recorded span 2014-12-02..2016-07-27 is the outer bound, since each boundary falls in a gap between captures rather than on a known date",MARSAD_ARP2014
CMM-71050e49ccbf,TNP-00802,CMT-4633b2874c88,ARP-2014,member,2016-09-15,2019-10-05,true,"observed on this committee on captures from 2016-09-15 to 2019-08-23, out of 12 readable captures of its page; the recorded span 2016-09-15..2019-10-05 is the outer bound, since each boundary falls in a gap between captures rather than on a known date",MARSAD_ARP2014
CMM-f07bdd78a16b,TNP-00802,CMT-535731ec7ffd,ARP-2014,member,2014-12-02,2019-10-05,false,,MARSAD_ARP2014
CMM-f6826bdd6535,TNP-00803,CMT-47b4ceeab70a,ARP-2014,member,2014-12-02,2019-10-05,false,,MARSAD_ARP2014
CMM-f9b4d0106ba5,TNP-00803,CMT-c19410caa909,ARP-2014,member,2016-12-30,2019-10-05,true,"observed on this committee on captures from 2016-12-30 to 2019-08-21, out of 6 readable captures of its page; the recorded span 2016-12-30..2019-10-05 is the outer bound, since each boundary falls in a gap between captures rather than on a known date",MARSAD_ARP2014
CMM-3845b6614cb8,TNP-00803,CMT-535731ec7ffd,ARP-2014,member,2014-12-02,2017-01-13,true,"observed on this committee on captures from 2015-03-07 to 2016-09-15, out of 9 readable captures of its page; the recorded span 2014-12-02..2017-01-13 is the outer bound, since each boundary falls in a gap between captures rather than on a known date",MARSAD_ARP2014
CMM-ce3a8d8b871a,TNP-00803,CMT-90ddb75794d7,ARP-2014,member,2016-07-26,2017-01-27,true,"observed on this committee on captures from 2016-07-26 to 2016-09-14, out of 8 readable captures of its page; the recorded span 2016-07-26..2017-01-27 is the outer bound, since each boundary falls in a gap between captures rather than on a known date",MARSAD_ARP2014
CMM-9aca64cea074,TNP-00804,CMT-2bc1cee50ba8,ARP-2014,member,2014-12-02,2015-11-13,true,"observed on this committee on captures from 2015-03-07 to 2015-03-07, out of 12 readable captures of its page; the recorded span 2014-12-02..2015-11-13 is the outer bound, since each boundary falls in a gap between captures rather than on a known date",MARSAD_ARP2014
CMM-b26a57b273f9,TNP-00804,CMT-2bc1cee50ba8,ARP-2014,member,2017-01-16,2019-10-05,true,"observed on this committee on captures from 2017-01-16 to 2019-09-17, out of 12 readable captures of its page; the recorded span 2017-01-16..2019-10-05 is the outer bound, since each boundary falls in a gap between captures rather than on a known date",MARSAD_ARP2014
CMM-2ae6ede56c40,TNP-00804,CMT-c19410caa909,ARP-2014,member,2014-12-02,2016-12-30,true,"observed on this committee on captures from 2015-03-07 to 2016-09-14, out of 6 readable captures of its page; the recorded span 2014-12-02..2016-12-30 is the outer bound, since each boundary falls in a gap between captures rather than on a known date",MARSAD_ARP2014
CMM-d135e3d3e94a,TNP-00804,CMT-f7166b323046,ARP-2014,member,2016-12-30,2019-10-05,true,"observed on this committee on captures from 2016-12-30 to 2019-08-23, out of 5 readable captures of its page; the recorded span 2016-12-30..2019-10-05 is the outer bound, since each boundary falls in a gap between captures rather than on a known date",MARSAD_ARP2014
CMM-28182f009169,TNP-00805,CMT-3a051620fd33,ARP-2014,member,2016-07-02,2016-12-10,true,"observed on this committee on captures from 2016-07-02 to 2016-09-15, out of 12 readable captures of its page; the recorded span 2016-07-02..2016-12-10 is the outer bound, since each boundary falls in a gap between captures rather than on a known date",MARSAD_ARP2014
CMM-dd59f8d00d8f,TNP-00805,CMT-4633b2874c88,ARP-2014,assistant_rapporteur,2019-05-08,2019-10-05,true,"observed on this committee on captures from 2019-05-08 to 2019-08-23, out of 12 readable captures of its page; the recorded span 2019-05-08..2019-10-05 is the outer bound, since each boundary falls in a gap between captures rather than on a known date",MARSAD_ARP2014
CMM-3356364c07f2,TNP-00805,CMT-cab87800ef44,ARP-2014,member,2014-12-02,2016-03-23,true,"observed on this committee on captures from 2015-03-07 to 2016-01-22, out of 11 readable captures of its page; the recorded span 2014-12-02..2016-03-23 is the outer bound, since each boundary falls in a gap between captures rather than on a known date",MARSAD_ARP2014
CMM-60dd2990736d,TNP-00805,CMT-cab87800ef44,ARP-2014,member,2016-09-15,2017-01-27,true,"observed on this committee on captures from 2016-09-15 to 2016-09-15, out of 11 readable captures of its page; the recorded span 2016-09-15..2017-01-27 is the outer bound, since each boundary falls in a gap between captures rather than on a known date",MARSAD_ARP2014
CMM-8a067a7282e5,TNP-00805,CMT-47b4ceeab70a,ARP-2014,member,2017-05-31,2019-05-08,true,"observed on this committee on captures from 2017-05-31 to 2017-05-31, out of 8 readable captures of its page; the recorded span 2017-05-31..2019-05-08 is the outer bound, since each boundary falls in a gap between captures rather than on a known date",MARSAD_ARP2014
CMM-eed26947e38c,TNP-00805,CMT-535731ec7ffd,ARP-2014,assistant_rapporteur,2014-12-02,2019-05-08,true,"observed on this committee on captures from 2015-03-07 to 2017-04-28, out of 9 readable captures of its page; the recorded span 2014-12-02..2019-05-08 is the outer bound, since each boundary falls in a gap between captures rather than on a known date",MARSAD_ARP2014
CMM-afb0a2310749,TNP-00805,CMT-a48500711e9b,ARP-2014,member,2019-05-08,2019-10-05,true,"observed on this committee on captures from 2019-05-08 to 2019-09-18, out of 12 readable captures of its page; the recorded span 2019-05-08..2019-10-05 is the outer bound, since each boundary falls in a gap between captures rather than on a known date",MARSAD_ARP2014
CMM-629198f3a9a1,TNP-00174,CMT-b9e5e4367488,ARP-2014,chair,2014-12-02,2019-10-05,false,,MARSAD_ARP2014
CMM-283b43f4eb1a,TNP-00174,CMT-601d95a949aa,ARP-2014,member,2014-12-02,2016-04-19,true,"observed on this committee on captures from 2015-03-07 to 2015-10-22, out of 9 readable captures of its page; the recorded span 2014-12-02..2016-04-19 is the outer bound, since each boundary falls in a gap between captures rather than on a known date",MARSAD_ARP2014
CMM-02b4774b8f5a,TNP-00174,CMT-601d95a949aa,ARP-2014,member,2016-09-14,2016-12-14,true,"observed on this committee on captures from 2016-09-14 to 2016-09-14, out of 9 readable captures of its page; the recorded span 2016-09-14..2016-12-14 is the outer bound, since each boundary falls in a gap between captures rather than on a known date",MARSAD_ARP2014
CMM-1429bf18d282,TNP-00174,CMT-535731ec7ffd,ARP-2014,member,2019-05-08,2019-10-05,true,"observed on this committee on captures from 2019-05-08 to 2019-08-21, out of 9 readable captures of its page; the recorded span 2019-05-08..2019-10-05 is the outer bound, since each boundary falls in a gap between captures rather than on a known date",MARSAD_ARP2014
CMM-b33dadfa2735,TNP-00174,CMT-5863460337e8,ARP-2014,member,2016-09-15,2019-08-23,true,"observed on this committee on captures from 2016-09-15 to 2017-07-02, out of 9 readable captures of its page; the recorded span 2016-09-15..2019-08-23 is the outer bound, since each boundary falls in a gap between captures rather than on a known date",MARSAD_ARP2014
CMM-5c3f9e3a4a1b,TNP-00806,CMT-7858621d9962,ARP-2014,rapporteur,2019-07-23,2019-10-05,true,"observed on this committee on captures from 2019-07-23 to 2019-09-19, out of 12 readable captures of its page; the recorded span 2019-07-23..2019-10-05 is the outer bound, since each boundary falls in a gap between captures rather than on a known date",MARSAD_ARP2014
CMM-5e7929e4df90,TNP-00807,CMT-cab87800ef44,ARP-2014,member,2014-12-02,2019-07-22,true,"observed on this committee on captures from 2015-03-07 to 2017-06-24, out of 11 readable captures of its page; the recorded span 2014-12-02..2019-07-22 is the outer bound, since each boundary falls in a gap between captures rather than on a known date",MARSAD_ARP2014
CMM-6d19b1111021,TNP-00807,CMT-8a5b9ec83476,ARP-2014,assistant_rapporteur,2019-08-23,2019-10-05,true,"observed on this committee on captures from 2019-08-23 to 2019-08-23, out of 10 readable captures of its page; the recorded span 2019-08-23..2019-10-05 is the outer bound, since each boundary falls in a gap between captures rather than on a known date",MARSAD_ARP2014
CMM-31fe21ec5e7a,TNP-00807,CMT-f7166b323046,ARP-2014,assistant_rapporteur,2014-12-02,2016-12-30,true,"observed on this committee on captures from 2015-03-07 to 2016-09-14, out of 5 readable captures of its page; the recorded span 2014-12-02..2016-12-30 is the outer bound, since each boundary falls in a gap between captures rather than on a known date",MARSAD_ARP2014
CMM-d390b9fd5838,TNP-00807,CMT-f7166b323046,ARP-2014,member,2017-05-17,2019-10-05,true,"observed on this committee on captures from 2017-05-17 to 2019-08-23, out of 5 readable captures of its page; the recorded span 2017-05-17..2019-10-05 is the outer bound, since each boundary falls in a gap between captures rather than on a known date",MARSAD_ARP2014
CMM-ee2f7c6a5881,TNP-00178,CMT-b9e5e4367488,ARP-2014,member,2019-08-23,2019-10-05,true,"observed on this committee on captures from 2019-08-23 to 2019-09-23, out of 10 readable captures of its page; the recorded span 2019-08-23..2019-10-05 is the outer bound, since each boundary falls in a gap between captures rather than on a known date",MARSAD_ARP2014
CMM-6e46d61e77c0,TNP-00178,CMT-8a5b9ec83476,ARP-2014,member,2014-12-02,2019-08-23,true,"observed on this committee on captures from 2015-03-07 to 2017-06-24, out of 10 readable captures of its page; the recorded span 2014-12-02..2019-08-23 is the outer bound, since each boundary falls in a gap between captures rather than on a known date",MARSAD_ARP2014
CMM-ff20b42b8509,TNP-00178,CMT-90ddb75794d7,ARP-2014,member,2014-12-02,2019-10-05,false,,MARSAD_ARP2014
CMM-8bcd7dfda5d8,TNP-00808,CMT-79ca761acaf6,ARP-2014,member,2014-12-02,2019-10-05,false,,MARSAD_ARP2014
CMM-ea3a680c9aaf,TNP-00808,CMT-894b8d7f301d,ARP-2014,chair,2014-12-02,2019-10-05,false,,MARSAD_ARP2014
CMM-83fae2cb1ad8,TNP-00808,CMT-c19410caa909,ARP-2014,member,2014-12-02,2016-12-30,true,"observed on this committee on captures from 2015-03-07 to 2016-09-14, out of 6 readable captures of its page; the recorded span 2014-12-02..2016-12-30 is the outer bound, since each boundary falls in a gap between captures rather than on a known date",MARSAD_ARP2014
CMM-fc684e62bab6,TNP-00808,CMT-601d95a949aa,ARP-2014,member,2016-12-14,2019-08-23,true,"observed on this committee on captures from 2016-12-14 to 2017-06-25, out of 9 readable captures of its page; the recorded span 2016-12-14..2019-08-23 is the outer bound, since each boundary falls in a gap between captures rather than on a known date",MARSAD_ARP2014
CMM-c5ba1b3444a3,TNP-00808,CMT-e1fb561ef6b9,ARP-2014,member,2014-12-02,2019-10-05,false,,MARSAD_ARP2014
CMM-82c4e34d32f5,TNP-00809,CMT-4633b2874c88,ARP-2014,member,2014-12-02,2019-10-05,false,,MARSAD_ARP2014
CMM-9531ca8036ba,TNP-00809,CMT-5863460337e8,ARP-2014,member,2014-12-02,2019-08-23,true,"observed on this committee on captures from 2015-03-07 to 2017-07-02, out of 9 readable captures of its page; the recorded span 2014-12-02..2019-08-23 is the outer bound, since each boundary falls in a gap between captures rather than on a known date",MARSAD_ARP2014
CMM-b10806a9ee87,TNP-00810,CMT-b9e5e4367488,ARP-2014,member,2014-12-02,2019-08-23,true,"observed on this committee on captures from 2015-03-07 to 2017-06-24, out of 10 readable captures of its page; the recorded span 2014-12-02..2019-08-23 is the outer bound, since each boundary falls in a gap between captures rather than on a known date",MARSAD_ARP2014
CMM-92a4dc2472ea,TNP-00810,CMT-894b8d7f301d,ARP-2014,member,2019-07-23,2019-10-05,true,"observed on this committee on captures from 2019-07-23 to 2019-09-19, out of 12 readable captures of its page; the recorded span 2019-07-23..2019-10-05 is the outer bound, since each boundary falls in a gap between captures rather than on a known date",MARSAD_ARP2014
CMM-ca33cf79c75b,TNP-00810,CMT-90ddb75794d7,ARP-2014,member,2014-12-02,2019-10-05,false,,MARSAD_ARP2014
CMM-87b0dc4d0c45,TNP-00403,CMT-894b8d7f301d,ARP-2014,member,2014-12-02,2019-07-23,true,"observed on this committee on captures from 2015-03-07 to 2017-06-25, out of 12 readable captures of its page; the recorded span 2014-12-02..2019-07-23 is the outer bound, since each boundary falls in a gap between captures rather than on a known date",MARSAD_ARP2014
CMM-2f32af003355,TNP-00403,CMT-a9259327aabc,ARP-2014,member,2014-12-02,2019-07-23,true,"observed on this committee on captures from 2016-09-14 to 2017-06-24, out of 7 readable captures of its page; the recorded span 2014-12-02..2019-07-23 is the outer bound, since each boundary falls in a gap between captures rather than on a known date",MARSAD_ARP2014
CMM-dce4dcd422e6,TNP-00811,CMT-879180464a95,ARP-2014,member,2014-12-02,2019-10-05,false,,MARSAD_ARP2014
CMM-ab8e5e341fd2,TNP-00811,CMT-2bc1cee50ba8,ARP-2014,member,2014-12-02,2019-07-23,true,"observed on this committee on captures from 2015-03-07 to 2017-06-02, out of 12 readable captures of its page; the recorded span 2014-12-02..2019-07-23 is the outer bound, since each boundary falls in a gap between captures rather than on a known date",MARSAD_ARP2014
CMM-ee0d9c2f3e72,TNP-00811,CMT-f7166b323046,ARP-2014,member,2014-12-02,2016-12-30,true,"observed on this committee on captures from 2015-03-07 to 2016-09-14, out of 5 readable captures of its page; the recorded span 2014-12-02..2016-12-30 is the outer bound, since each boundary falls in a gap between captures rather than on a known date",MARSAD_ARP2014
CMM-5bd54d9e4759,TNP-00811,CMT-535731ec7ffd,ARP-2014,member,2017-01-13,2019-05-08,true,"observed on this committee on captures from 2017-01-13 to 2017-04-28, out of 9 readable captures of its page; the recorded span 2017-01-13..2019-05-08 is the outer bound, since each boundary falls in a gap between captures rather than on a known date",MARSAD_ARP2014
CMM-bc38faf4e311,TNP-00811,CMT-e1fb561ef6b9,ARP-2014,member,2014-12-02,2019-10-05,false,,MARSAD_ARP2014
CMM-341eda290abd,TNP-00404,CMT-7858621d9962,ARP-2014,member,2014-12-02,2019-10-05,false,,MARSAD_ARP2014
CMM-ce8e1e7cba67,TNP-00404,CMT-90ddb75794d7,ARP-2014,member,2014-12-02,2019-08-21,true,"observed on this committee on captures from 2015-03-07 to 2017-05-17, out of 8 readable captures of its page; the recorded span 2014-12-02..2019-08-21 is the outer bound, since each boundary falls in a gap between captures rather than on a known date",MARSAD_ARP2014
CMM-a33b62d27f5d,TNP-00183,CMT-3a051620fd33,ARP-2014,member,2014-12-02,2019-07-22,true,"observed on this committee on captures from 2015-03-07 to 2017-06-25, out of 12 readable captures of its page; the recorded span 2014-12-02..2019-07-22 is the outer bound, since each boundary falls in a gap between captures rather than on a known date",MARSAD_ARP2014
CMM-bf9d6b02aa05,TNP-00183,CMT-7858621d9962,ARP-2014,member,2019-07-23,2019-10-05,true,"observed on this committee on captures from 2019-07-23 to 2019-09-19, out of 12 readable captures of its page; the recorded span 2019-07-23..2019-10-05 is the outer bound, since each boundary falls in a gap between captures rather than on a known date",MARSAD_ARP2014
CMM-860104565437,TNP-00183,CMT-5863460337e8,ARP-2014,member,2019-08-23,2019-10-05,true,"observed on this committee on captures from 2019-08-23 to 2019-08-23, out of 9 readable captures of its page; the recorded span 2019-08-23..2019-10-05 is the outer bound, since each boundary falls in a gap between captures rather than on a known date",MARSAD_ARP2014
CMM-6bc3d0816834,TNP-00183,CMT-a9259327aabc,ARP-2014,member,2014-12-02,2019-10-05,false,,MARSAD_ARP2014
CMM-332c1ad5bd79,TNP-00183,CMT-e5dff9bf0bca,ARP-2014,member,2014-12-02,2019-10-05,false,,MARSAD_ARP2014
CMM-285a348a12b2,TNP-00812,CMT-2bc1cee50ba8,ARP-2014,member,2016-10-27,2017-06-02,true,"observed on this committee on captures from 2016-10-27 to 2017-05-02, out of 12 readable captures of its page; the recorded span 2016-10-27..2017-06-02 is the outer bound, since each boundary falls in a gap between captures rather than on a known date",MARSAD_ARP2014
CMM-bf645a195b46,TNP-00812,CMT-cab87800ef44,ARP-2014,member,2014-12-02,2016-03-23,true,"observed on this committee on captures from 2015-03-07 to 2016-01-22, out of 11 readable captures of its page; the recorded span 2014-12-02..2016-03-23 is the outer bound, since each boundary falls in a gap between captures rather than on a known date",MARSAD_ARP2014
CMM-fd3e4d98051f,TNP-00812,CMT-cab87800ef44,ARP-2014,member,2016-09-15,2017-01-27,true,"observed on this committee on captures from 2016-09-15 to 2016-09-15, out of 11 readable captures of its page; the recorded span 2016-09-15..2017-01-27 is the outer bound, since each boundary falls in a gap between captures rather than on a known date",MARSAD_ARP2014
CMM-938886e8721a,TNP-00812,CMT-8a5b9ec83476,ARP-2014,member,2016-07-26,2016-12-30,true,"observed on this committee on captures from 2016-07-26 to 2016-09-14, out of 10 readable captures of its page; the recorded span 2016-07-26..2016-12-30 is the outer bound, since each boundary falls in a gap between captures rather than on a known date",MARSAD_ARP2014
CMM-e908acb6cfa3,TNP-00812,CMT-c19410caa909,ARP-2014,member,2014-12-02,2016-07-27,true,"observed on this committee on captures from 2015-03-07 to 2015-03-07, out of 6 readable captures of its page; the recorded span 2014-12-02..2016-07-27 is the outer bound, since each boundary falls in a gap between captures rather than on a known date",MARSAD_ARP2014
CMM-1c458cb07c45,TNP-00812,CMT-c19410caa909,ARP-2014,member,2016-09-14,2016-12-30,true,"observed on this committee on captures from 2016-09-14 to 2016-09-14, out of 6 readable captures of its page; the recorded span 2016-09-14..2016-12-30 is the outer bound, since each boundary falls in a gap between captures rather than on a known date",MARSAD_ARP2014
CMM-d066b2b7ccd4,TNP-00812,CMT-f7166b323046,ARP-2014,member,2016-12-30,2019-08-23,true,"observed on this committee on captures from 2016-12-30 to 2017-05-17, out of 5 readable captures of its page; the recorded span 2016-12-30..2019-08-23 is the outer bound, since each boundary falls in a gap between captures rather than on a known date",MARSAD_ARP2014
CMM-ff6a4e178cde,TNP-00812,CMT-3e7af871322d,ARP-2014,member,2016-09-15,2016-12-30,true,"observed on this committee on captures from 2016-09-15 to 2016-09-15, out of 6 readable captures of its page; the recorded span 2016-09-15..2016-12-30 is the outer bound, since each boundary falls in a gap between captures rather than on a known date",MARSAD_ARP2014
CMM-777c939fbc24,TNP-00813,CMT-4633b2874c88,ARP-2014,member,2014-12-02,2017-04-24,true,"observed on this committee on captures from 2015-03-07 to 2017-01-14, out of 12 readable captures of its page; the recorded span 2014-12-02..2017-04-24 is the outer bound, since each boundary falls in a gap between captures rather than on a known date",MARSAD_ARP2014
CMM-d0afd85c8ddb,TNP-00813,CMT-7858621d9962,ARP-2014,member,2019-07-23,2019-10-05,true,"observed on this committee on captures from 2019-07-23 to 2019-09-19, out of 12 readable captures of its page; the recorded span 2019-07-23..2019-10-05 is the outer bound, since each boundary falls in a gap between captures rather than on a known date",MARSAD_ARP2014
CMM-5f3c8c29e264,TNP-00813,CMT-535731ec7ffd,ARP-2014,member,2014-12-02,2017-01-13,true,"observed on this committee on captures from 2015-03-07 to 2016-09-15, out of 9 readable captures of its page; the recorded span 2014-12-02..2017-01-13 is the outer bound, since each boundary falls in a gap between captures rather than on a known date",MARSAD_ARP2014
CMM-4e3b45a0edae,TNP-00813,CMT-a48500711e9b,ARP-2014,member,2016-04-24,2019-10-05,true,"observed on this committee on captures from 2016-04-24 to 2019-09-18, out of 12 readable captures of its page; the recorded span 2016-04-24..2019-10-05 is the outer bound, since each boundary falls in a gap between captures rather than on a known date",MARSAD_ARP2014
CMM-019d34533aeb,TNP-00815,CMT-7858621d9962,ARP-2014,member,2014-12-02,2019-07-23,true,"observed on this committee on captures from 2015-03-07 to 2017-06-24, out of 12 readable captures of its page; the recorded span 2014-12-02..2019-07-23 is the outer bound, since each boundary falls in a gap between captures rather than on a known date",MARSAD_ARP2014
CMM-5852d0079b77,TNP-00815,CMT-3e7af871322d,ARP-2014,member,2014-12-02,2019-10-05,false,,MARSAD_ARP2014
CMM-fc6f90afd4fb,TNP-00816,CMT-b9e5e4367488,ARP-2014,member,2017-01-27,2019-10-05,true,"observed on this committee on captures from 2017-01-27 to 2019-09-23, out of 10 readable captures of its page; the recorded span 2017-01-27..2019-10-05 is the outer bound, since each boundary falls in a gap between captures rather than on a known date",MARSAD_ARP2014
CMM-87878f58a8ea,TNP-00816,CMT-8a5b9ec83476,ARP-2014,rapporteur,2014-12-02,2016-12-30,true,"observed on this committee on captures from 2015-03-07 to 2016-09-14, out of 10 readable captures of its page; the recorded span 2014-12-02..2016-12-30 is the outer bound, since each boundary falls in a gap between captures rather than on a known date",MARSAD_ARP2014
CMM-790818938068,TNP-00816,CMT-90ddb75794d7,ARP-2014,vice_chair,2014-12-02,2016-07-26,true,"observed on this committee on captures from 2015-03-07 to 2015-10-22, out of 8 readable captures of its page; the recorded span 2014-12-02..2016-07-26 is the outer bound, since each boundary falls in a gap between captures rather than on a known date",MARSAD_ARP2014
CMM-f1a0ac860c97,TNP-00816,CMT-90ddb75794d7,ARP-2014,member,2016-09-14,2017-01-27,true,"observed on this committee on captures from 2016-09-14 to 2016-09-14, out of 8 readable captures of its page; the recorded span 2016-09-14..2017-01-27 is the outer bound, since each boundary falls in a gap between captures rather than on a known date",MARSAD_ARP2014
CMM-7b6b40f20034,TNP-00817,CMT-879180464a95,ARP-2014,member,2014-12-02,2019-10-05,false,,MARSAD_ARP2014
CMM-0ed40ab3e22e,TNP-00817,CMT-b9e5e4367488,ARP-2014,member,2014-12-02,2017-01-27,true,"observed on this committee on captures from 2015-03-07 to 2016-09-14, out of 10 readable captures of its page; the recorded span 2014-12-02..2017-01-27 is the outer bound, since each boundary falls in a gap between captures rather than on a known date",MARSAD_ARP2014
CMM-a776e53f4b39,TNP-00817,CMT-7858621d9962,ARP-2014,vice_chair,2019-07-23,2019-10-05,true,"observed on this committee on captures from 2019-07-23 to 2019-09-19, out of 12 readable captures of its page; the recorded span 2019-07-23..2019-10-05 is the outer bound, since each boundary falls in a gap between captures rather than on a known date",MARSAD_ARP2014
CMM-51f75aebfa61,TNP-00817,CMT-894b8d7f301d,ARP-2014,member,2017-04-24,2019-07-23,true,"observed on this committee on captures from 2017-04-24 to 2017-06-25, out of 12 readable captures of its page; the recorded span 2017-04-24..2019-07-23 is the outer bound, since each boundary falls in a gap between captures rather than on a known date",MARSAD_ARP2014
CMM-6a615d999161,TNP-00817,CMT-601d95a949aa,ARP-2014,rapporteur,2016-12-14,2019-08-23,true,"observed on this committee on captures from 2016-12-14 to 2017-06-25, out of 9 readable captures of its page; the recorded span 2016-12-14..2019-08-23 is the outer bound, since each boundary falls in a gap between captures rather than on a known date",MARSAD_ARP2014
CMM-cd48500017b0,TNP-00817,CMT-a48500711e9b,ARP-2014,member,2019-05-08,2019-10-05,true,"observed on this committee on captures from 2019-05-08 to 2019-09-18, out of 12 readable captures of its page; the recorded span 2019-05-08..2019-10-05 is the outer bound, since each boundary falls in a gap between captures rather than on a known date",MARSAD_ARP2014
CMM-334ee17e78a4,TNP-00817,CMT-5863460337e8,ARP-2014,assistant_rapporteur,2014-12-02,2017-02-17,true,"observed on this committee on captures from 2015-03-07 to 2016-09-15, out of 9 readable captures of its page; the recorded span 2014-12-02..2017-02-17 is the outer bound, since each boundary falls in a gap between captures rather than on a known date",MARSAD_ARP2014
CMM-687608edc9c1,TNP-00818,CMT-3a051620fd33,ARP-2014,member,2016-07-02,2017-06-25,true,"observed on this committee on captures from 2016-07-02 to 2017-05-25, out of 12 readable captures of its page; the recorded span 2016-07-02..2017-06-25 is the outer bound, since each boundary falls in a gap between captures rather than on a known date",MARSAD_ARP2014
CMM-f133b8c2fa75,TNP-00818,CMT-8a5b9ec83476,ARP-2014,member,2014-12-02,2016-12-30,true,"observed on this committee on captures from 2015-03-07 to 2016-09-14, out of 10 readable captures of its page; the recorded span 2014-12-02..2016-12-30 is the outer bound, since each boundary falls in a gap between captures rather than on a known date",MARSAD_ARP2014
CMM-85fefaf0b142,TNP-00818,CMT-8a5b9ec83476,ARP-2014,member,2017-05-25,2019-08-23,true,"observed on this committee on captures from 2017-05-25 to 2017-06-24, out of 10 readable captures of its page; the recorded span 2017-05-25..2019-08-23 is the outer bound, since each boundary falls in a gap between captures rather than on a known date",MARSAD_ARP2014
CMM-5c4be49df8f1,TNP-00818,CMT-535731ec7ffd,ARP-2014,member,2016-09-15,2017-01-13,true,"observed on this committee on captures from 2016-09-15 to 2016-09-15, out of 9 readable captures of its page; the recorded span 2016-09-15..2017-01-13 is the outer bound, since each boundary falls in a gap between captures rather than on a known date",MARSAD_ARP2014
CMM-65f568e54c18,TNP-00819,CMT-2bc1cee50ba8,ARP-2014,rapporteur,2014-12-02,2019-07-23,true,"observed on this committee on captures from 2015-03-07 to 2017-06-02, out of 12 readable captures of its page; the recorded span 2014-12-02..2019-07-23 is the outer bound, since each boundary falls in a gap between captures rather than on a known date",MARSAD_ARP2014
CMM-804a8c6677db,TNP-00819,CMT-601d95a949aa,ARP-2014,member,2014-12-02,2016-04-19,true,"observed on this committee on captures from 2015-03-07 to 2015-10-22, out of 9 readable captures of its page; the recorded span 2014-12-02..2016-04-19 is the outer bound, since each boundary falls in a gap between captures rather than on a known date",MARSAD_ARP2014
CMM-55d19cc85921,TNP-00819,CMT-601d95a949aa,ARP-2014,member,2016-09-14,2016-12-14,true,"observed on this committee on captures from 2016-09-14 to 2016-09-14, out of 9 readable captures of its page; the recorded span 2016-09-14..2016-12-14 is the outer bound, since each boundary falls in a gap between captures rather than on a known date",MARSAD_ARP2014
CMM-94ef571966d6,TNP-00819,CMT-535731ec7ffd,ARP-2014,member,2017-01-13,2019-05-08,true,"observed on this committee on captures from 2017-01-13 to 2017-04-28, out of 9 readable captures of its page; the recorded span 2017-01-13..2019-05-08 is the outer bound, since each boundary falls in a gap between captures rather than on a known date",MARSAD_ARP2014
CMM-af7c044a6a42,TNP-00819,CMT-5863460337e8,ARP-2014,member,2016-09-15,2017-02-17,true,"observed on this committee on captures from 2016-09-15 to 2016-09-15, out of 9 readable captures of its page; the recorded span 2016-09-15..2017-02-17 is the outer bound, since each boundary falls in a gap between captures rather than on a known date",MARSAD_ARP2014
CMM-4bc87dbc5a1f,TNP-00421,CMT-cab87800ef44,ARP-2014,member,2019-07-22,2019-10-05,true,"observed on this committee on captures from 2019-07-22 to 2019-09-15, out of 11 readable captures of its page; the recorded span 2019-07-22..2019-10-05 is the outer bound, since each boundary falls in a gap between captures rather than on a known date",MARSAD_ARP2014
CMM-55ea0abbc577,TNP-00421,CMT-8a5b9ec83476,ARP-2014,assistant_rapporteur,2014-12-02,2019-08-23,true,"observed on this committee on captures from 2015-03-07 to 2017-06-24, out of 10 readable captures of its page; the recorded span 2014-12-02..2019-08-23 is the outer bound, since each boundary falls in a gap between captures rather than on a known date",MARSAD_ARP2014
CMM-3f0e177be8f7,TNP-00421,CMT-5863460337e8,ARP-2014,member,2014-12-02,2019-10-05,false,,MARSAD_ARP2014
CMM-559b3904b882,TNP-00820,CMT-b9e5e4367488,ARP-2014,member,2014-12-02,2019-08-23,true,"observed on this committee on captures from 2015-03-07 to 2017-06-24, out of 10 readable captures of its page; the recorded span 2014-12-02..2019-08-23 is the outer bound, since each boundary falls in a gap between captures rather than on a known date",MARSAD_ARP2014
CMM-7671d22d1c12,TNP-00820,CMT-a48500711e9b,ARP-2014,member,2014-12-02,2016-04-24,true,"observed on this committee on captures from 2015-03-07 to 2016-01-13, out of 12 readable captures of its page; the recorded span 2014-12-02..2016-04-24 is the outer bound, since each boundary falls in a gap between captures rather than on a known date",MARSAD_ARP2014
CMM-150723a7b960,TNP-00820,CMT-a48500711e9b,ARP-2014,member,2016-09-15,2017-04-29,true,"observed on this committee on captures from 2016-09-15 to 2016-10-07, out of 12 readable captures of its page; the recorded span 2016-09-15..2017-04-29 is the outer bound, since each boundary falls in a gap between captures rather than on a known date",MARSAD_ARP2014
CMM-0db1c516da6c,TNP-00820,CMT-90ddb75794d7,ARP-2014,member,2016-07-26,2019-08-21,true,"observed on this committee on captures from 2016-07-26 to 2017-05-17, out of 8 readable captures of its page; the recorded span 2016-07-26..2019-08-21 is the outer bound, since each boundary falls in a gap between captures rather than on a known date",MARSAD_ARP2014
CMM-785b0adf9d22,TNP-00821,CMT-3a051620fd33,ARP-2014,member,2016-07-02,2016-12-10,true,"observed on this committee on captures from 2016-07-02 to 2016-09-15, out of 12 readable captures of its page; the recorded span 2016-07-02..2016-12-10 is the outer bound, since each boundary falls in a gap between captures rather than on a known date",MARSAD_ARP2014
CMM-ab685bec48c1,TNP-00821,CMT-4633b2874c88,ARP-2014,assistant_rapporteur,2014-12-02,2016-07-27,true,"observed on this committee on captures from 2015-03-07 to 2016-01-23, out of 12 readable captures of its page; the recorded span 2014-12-02..2016-07-27 is the outer bound, since each boundary falls in a gap between captures rather than on a known date",MARSAD_ARP2014
CMM-61042f063d5b,TNP-00821,CMT-4633b2874c88,ARP-2014,assistant_rapporteur,2016-09-15,2016-10-30,true,"observed on this committee on captures from 2016-09-15 to 2016-09-15, out of 12 readable captures of its page; the recorded span 2016-09-15..2016-10-30 is the outer bound, since each boundary falls in a gap between captures rather than on a known date",MARSAD_ARP2014
CMM-998fd209acc8,TNP-00821,CMT-7858621d9962,ARP-2014,member,2016-12-13,2019-07-23,true,"observed on this committee on captures from 2016-12-13 to 2017-06-24, out of 12 readable captures of its page; the recorded span 2016-12-13..2019-07-23 is the outer bound, since each boundary falls in a gap between captures rather than on a known date",MARSAD_ARP2014
CMM-8ace95d86a06,TNP-00821,CMT-894b8d7f301d,ARP-2014,member,2019-07-23,2019-10-05,true,"observed on this committee on captures from 2019-07-23 to 2019-09-19, out of 12 readable captures of its page; the recorded span 2019-07-23..2019-10-05 is the outer bound, since each boundary falls in a gap between captures rather than on a known date",MARSAD_ARP2014
CMM-a816c29178e5,TNP-00821,CMT-c19410caa909,ARP-2014,rapporteur,2016-07-27,2019-10-05,true,"observed on this committee on captures from 2016-07-27 to 2019-08-21, out of 6 readable captures of its page; the recorded span 2016-07-27..2019-10-05 is the outer bound, since each boundary falls in a gap between captures rather than on a known date",MARSAD_ARP2014
CMM-196f26fe91e7,TNP-00821,CMT-f7166b323046,ARP-2014,member,2014-12-02,2016-12-30,true,"observed on this committee on captures from 2015-03-07 to 2016-09-14, out of 5 readable captures of its page; the recorded span 2014-12-02..2016-12-30 is the outer bound, since each boundary falls in a gap between captures rather than on a known date",MARSAD_ARP2014
CMM-382f1e7b5eeb,TNP-00191,CMT-4633b2874c88,ARP-2014,member,2014-12-02,2019-05-08,true,"observed on this committee on captures from 2015-03-07 to 2017-06-26, out of 12 readable captures of its page; the recorded span 2014-12-02..2019-05-08 is the outer bound, since each boundary falls in a gap between captures rather than on a known date",MARSAD_ARP2014
CMM-303f0e9dab72,TNP-00191,CMT-894b8d7f301d,ARP-2014,member,2019-07-23,2019-10-05,true,"observed on this committee on captures from 2019-07-23 to 2019-09-19, out of 12 readable captures of its page; the recorded span 2019-07-23..2019-10-05 is the outer bound, since each boundary falls in a gap between captures rather than on a known date",MARSAD_ARP2014
CMM-7626a9f7c086,TNP-00191,CMT-a48500711e9b,ARP-2014,vice_chair,2014-12-02,2019-10-05,false,,MARSAD_ARP2014
CMM-fd8ebc7eae02,TNP-00823,CMT-7858621d9962,ARP-2014,member,2016-12-13,2019-07-23,true,"observed on this committee on captures from 2016-12-13 to 2017-06-24, out of 12 readable captures of its page; the recorded span 2016-12-13..2019-07-23 is the outer bound, since each boundary falls in a gap between captures rather than on a known date",MARSAD_ARP2014
CMM-a79daa6d29d8,TNP-00823,CMT-f7166b323046,ARP-2014,member,2016-12-30,2019-08-23,true,"observed on this committee on captures from 2016-12-30 to 2017-05-17, out of 5 readable captures of its page; the recorded span 2016-12-30..2019-08-23 is the outer bound, since each boundary falls in a gap between captures rather than on a known date",MARSAD_ARP2014
CMM-d72e18527b73,TNP-00199,CMT-3a051620fd33,ARP-2014,member,2019-07-22,2019-10-05,true,"observed on this committee on captures from 2019-07-22 to 2019-09-18, out of 12 readable captures of its page; the recorded span 2019-07-22..2019-10-05 is the outer bound, since each boundary falls in a gap between captures rather than on a known date",MARSAD_ARP2014
CMM-88328d7b09c9,TNP-00199,CMT-7858621d9962,ARP-2014,member,2014-12-02,2019-07-23,true,"observed on this committee on captures from 2015-03-07 to 2017-06-24, out of 12 readable captures of its page; the recorded span 2014-12-02..2019-07-23 is the outer bound, since each boundary falls in a gap between captures rather than on a known date",MARSAD_ARP2014
CMM-e14ba2a44c45,TNP-00199,CMT-535731ec7ffd,ARP-2014,member,2019-05-08,2019-10-05,true,"observed on this committee on captures from 2019-05-08 to 2019-08-21, out of 9 readable captures of its page; the recorded span 2019-05-08..2019-10-05 is the outer bound, since each boundary falls in a gap between captures rather than on a known date",MARSAD_ARP2014
CMM-889cc28b4cf6,TNP-00824,CMT-2bc1cee50ba8,ARP-2014,member,2014-12-02,2019-10-05,false,,MARSAD_ARP2014
CMM-816431eaf952,TNP-00058,CMT-47b4ceeab70a,ARP-2014,rapporteur,2014-12-02,2019-05-08,true,"observed on this committee on captures from 2015-03-07 to 2017-05-31, out of 8 readable captures of its page; the recorded span 2014-12-02..2019-05-08 is the outer bound, since each boundary falls in a gap between captures rather than on a known date",MARSAD_ARP2014
CMM-09e72da7f544,TNP-00058,CMT-8a5b9ec83476,ARP-2014,member,2019-08-23,2019-10-05,true,"observed on this committee on captures from 2019-08-23 to 2019-08-23, out of 10 readable captures of its page; the recorded span 2019-08-23..2019-10-05 is the outer bound, since each boundary falls in a gap between captures rather than on a known date",MARSAD_ARP2014
CMM-1a58af894c2b,TNP-00058,CMT-a48500711e9b,ARP-2014,member,2014-12-02,2019-10-05,false,,MARSAD_ARP2014
CMM-1d234021f54a,TNP-00058,CMT-8d6af35d5cb4,ARP-2014,member,2014-12-02,2019-10-05,false,,MARSAD_ARP2014
CMM-cb6021e4b271,TNP-00825,CMT-b9e5e4367488,ARP-2014,member,2014-12-02,2016-04-05,true,"observed on this committee on captures from 2015-03-07 to 2015-07-21, out of 10 readable captures of its page; the recorded span 2014-12-02..2016-04-05 is the outer bound, since each boundary falls in a gap between captures rather than on a known date",MARSAD_ARP2014
CMM-39ad6e4f0460,TNP-00825,CMT-b9e5e4367488,ARP-2014,rapporteur,2016-09-14,2019-08-23,true,"observed on this committee on captures from 2016-09-14 to 2017-06-24, out of 10 readable captures of its page; the recorded span 2016-09-14..2019-08-23 is the outer bound, since each boundary falls in a gap between captures rather than on a known date",MARSAD_ARP2014
CMM-f84ff860ebf7,TNP-00825,CMT-47b4ceeab70a,ARP-2014,member,2016-04-24,2017-05-31,true,"observed on this committee on captures from 2016-04-24 to 2016-09-14, out of 8 readable captures of its page; the recorded span 2016-04-24..2017-05-31 is the outer bound, since each boundary falls in a gap between captures rather than on a known date",MARSAD_ARP2014
CMM-a8f5be2f1c72,TNP-00825,CMT-601d95a949aa,ARP-2014,member,2014-12-02,2019-08-23,true,"observed on this committee on captures from 2015-03-07 to 2017-06-25, out of 9 readable captures of its page; the recorded span 2014-12-02..2019-08-23 is the outer bound, since each boundary falls in a gap between captures rather than on a known date",MARSAD_ARP2014
CMM-615e609cf789,TNP-00203,CMT-cab87800ef44,ARP-2014,member,2014-12-02,2017-01-27,true,"observed on this committee on captures from 2015-03-07 to 2016-09-15, out of 11 readable captures of its page; the recorded span 2014-12-02..2017-01-27 is the outer bound, since each boundary falls in a gap between captures rather than on a known date",MARSAD_ARP2014
CMM-054e84ffc158,TNP-00203,CMT-601d95a949aa,ARP-2014,member,2014-12-02,2016-12-14,true,"observed on this committee on captures from 2015-03-07 to 2016-09-14, out of 9 readable captures of its page; the recorded span 2014-12-02..2016-12-14 is the outer bound, since each boundary falls in a gap between captures rather than on a known date",MARSAD_ARP2014
CMM-1ca5f80f3704,TNP-00204,CMT-79ca761acaf6,ARP-2014,rapporteur,2014-12-02,2019-10-05,false,,MARSAD_ARP2014
CMM-86b87939f619,TNP-00204,CMT-3a051620fd33,ARP-2014,member,2016-12-10,2019-07-22,true,"observed on this committee on captures from 2016-12-10 to 2017-06-25, out of 12 readable captures of its page; the recorded span 2016-12-10..2019-07-22 is the outer bound, since each boundary falls in a gap between captures rather than on a known date",MARSAD_ARP2014
CMM-ecf896cc8dfe,TNP-00204,CMT-7858621d9962,ARP-2014,member,2014-12-02,2016-09-14,true,"observed on this committee on captures from 2015-03-07 to 2015-10-22, out of 12 readable captures of its page; the recorded span 2014-12-02..2016-09-14 is the outer bound, since each boundary falls in a gap between captures rather than on a known date",MARSAD_ARP2014
CMM-c61775d2c46e,TNP-00204,CMT-3e7af871322d,ARP-2014,vice_chair,2014-12-02,2019-08-23,true,"observed on this committee on captures from 2015-03-07 to 2016-12-30, out of 6 readable captures of its page; the recorded span 2014-12-02..2019-08-23 is the outer bound, since each boundary falls in a gap between captures rather than on a known date",MARSAD_ARP2014
CMM-1eb4fa784506,TNP-00204,CMT-8d6af35d5cb4,ARP-2014,rapporteur,2014-12-02,2019-07-22,true,"observed on this committee on captures from 2017-06-30 to 2017-06-30, out of 4 readable captures of its page; the recorded span 2014-12-02..2019-07-22 is the outer bound, since each boundary falls in a gap between captures rather than on a known date",MARSAD_ARP2014
CMM-4a7e1578754f,TNP-00826,CMT-879180464a95,ARP-2014,member,2014-12-02,2019-10-05,false,,MARSAD_ARP2014
CMM-7c073c0c942e,TNP-00826,CMT-3a051620fd33,ARP-2014,member,2014-12-02,2016-12-10,true,"observed on this committee on captures from 2015-03-07 to 2016-09-15, out of 12 readable captures of its page; the recorded span 2014-12-02..2016-12-10 is the outer bound, since each boundary falls in a gap between captures rather than on a known date",MARSAD_ARP2014
CMM-85fa29a02efa,TNP-00826,CMT-5863460337e8,ARP-2014,member,2014-12-02,2017-02-17,true,"observed on this committee on captures from 2015-03-07 to 2016-09-15, out of 9 readable captures of its page; the recorded span 2014-12-02..2017-02-17 is the outer bound, since each boundary falls in a gap between captures rather than on a known date",MARSAD_ARP2014
CMM-8a73ed909e99,TNP-00826,CMT-e5dff9bf0bca,ARP-2014,member,2014-12-02,2019-10-05,false,,MARSAD_ARP2014
CMM-0c22a2772c07,TNP-00382,CMT-79ca761acaf6,ARP-2014,member,2014-12-02,2019-10-05,false,,MARSAD_ARP2014
CMM-256c72865961,TNP-00382,CMT-8a5b9ec83476,ARP-2014,member,2016-12-30,2019-10-05,true,"observed on this committee on captures from 2016-12-30 to 2019-08-23, out of 10 readable captures of its page; the recorded span 2016-12-30..2019-10-05 is the outer bound, since each boundary falls in a gap between captures rather than on a known date",MARSAD_ARP2014
CMM-aa6cf42f3d57,TNP-00382,CMT-c19410caa909,ARP-2014,member,2019-08-21,2019-10-05,true,"observed on this committee on captures from 2019-08-21 to 2019-08-21, out of 6 readable captures of its page; the recorded span 2019-08-21..2019-10-05 is the outer bound, since each boundary falls in a gap between captures rather than on a known date",MARSAD_ARP2014
CMM-775195beea16,TNP-00382,CMT-90ddb75794d7,ARP-2014,member,2017-01-27,2019-08-21,true,"observed on this committee on captures from 2017-01-27 to 2017-05-17, out of 8 readable captures of its page; the recorded span 2017-01-27..2019-08-21 is the outer bound, since each boundary falls in a gap between captures rather than on a known date",MARSAD_ARP2014
CMM-b1877ecb8bea,TNP-00208,CMT-2bc1cee50ba8,ARP-2014,member,2014-12-02,2017-01-16,true,"observed on this committee on captures from 2015-03-07 to 2016-10-27, out of 12 readable captures of its page; the recorded span 2014-12-02..2017-01-16 is the outer bound, since each boundary falls in a gap between captures rather than on a known date",MARSAD_ARP2014
CMM-ce759ed25589,TNP-00208,CMT-cab87800ef44,ARP-2014,member,2019-07-22,2019-10-05,true,"observed on this committee on captures from 2019-07-22 to 2019-09-15, out of 11 readable captures of its page; the recorded span 2019-07-22..2019-10-05 is the outer bound, since each boundary falls in a gap between captures rather than on a known date",MARSAD_ARP2014
CMM-4cfee0b00b3f,TNP-00208,CMT-894b8d7f301d,ARP-2014,member,2017-04-24,2017-06-25,true,"observed on this committee on captures from 2017-04-24 to 2017-05-25, out of 12 readable captures of its page; the recorded span 2017-04-24..2017-06-25 is the outer bound, since each boundary falls in a gap between captures rather than on a known date",MARSAD_ARP2014
CMM-58f45896a714,TNP-00208,CMT-535731ec7ffd,ARP-2014,assistant_rapporteur,2019-05-08,2019-10-05,true,"observed on this committee on captures from 2019-05-08 to 2019-08-21, out of 9 readable captures of its page; the recorded span 2019-05-08..2019-10-05 is the outer bound, since each boundary falls in a gap between captures rather than on a known date",MARSAD_ARP2014
CMM-5c1a49e44ee2,TNP-00208,CMT-3e7af871322d,ARP-2014,member,2014-12-02,2016-12-30,true,"observed on this committee on captures from 2015-03-07 to 2016-09-15, out of 6 readable captures of its page; the recorded span 2014-12-02..2016-12-30 is the outer bound, since each boundary falls in a gap between captures rather than on a known date",MARSAD_ARP2014
CMM-76b43dd20821,TNP-00208,CMT-a9259327aabc,ARP-2014,member,2014-12-02,2019-10-05,false,,MARSAD_ARP2014
CMM-c0e907ef668f,TNP-00212,CMT-79ca761acaf6,ARP-2014,assistant_rapporteur,2014-12-02,2019-10-05,false,,MARSAD_ARP2014
CMM-5cafe62ce0c7,TNP-00212,CMT-3a051620fd33,ARP-2014,vice_chair,2016-07-02,2017-04-24,true,"observed on this committee on captures from 2016-07-02 to 2016-12-10, out of 12 readable captures of its page; the recorded span 2016-07-02..2017-04-24 is the outer bound, since each boundary falls in a gap between captures rather than on a known date",MARSAD_ARP2014
CMM-4cbf5924f4f7,TNP-00212,CMT-3a051620fd33,ARP-2014,vice_chair,2017-06-25,2019-07-22,true,"observed on this committee on captures from 2017-06-25 to 2017-06-25, out of 12 readable captures of its page; the recorded span 2017-06-25..2019-07-22 is the outer bound, since each boundary falls in a gap between captures rather than on a known date",MARSAD_ARP2014
CMM-83fed483d62a,TNP-00212,CMT-8a5b9ec83476,ARP-2014,vice_chair,2014-12-02,2016-12-30,true,"observed on this committee on captures from 2015-03-07 to 2016-09-14, out of 10 readable captures of its page; the recorded span 2014-12-02..2016-12-30 is the outer bound, since each boundary falls in a gap between captures rather than on a known date",MARSAD_ARP2014
CMM-c64f523663cf,TNP-00212,CMT-8a5b9ec83476,ARP-2014,member,2019-08-23,2019-10-05,true,"observed on this committee on captures from 2019-08-23 to 2019-08-23, out of 10 readable captures of its page; the recorded span 2019-08-23..2019-10-05 is the outer bound, since each boundary falls in a gap between captures rather than on a known date",MARSAD_ARP2014
CMM-72e63cc11746,TNP-00212,CMT-f7166b323046,ARP-2014,member,2014-12-02,2016-12-30,true,"observed on this committee on captures from 2015-03-07 to 2016-09-14, out of 5 readable captures of its page; the recorded span 2014-12-02..2016-12-30 is the outer bound, since each boundary falls in a gap between captures rather than on a known date",MARSAD_ARP2014
CMM-570116195012,TNP-00212,CMT-535731ec7ffd,ARP-2014,member,2019-05-08,2019-10-05,true,"observed on this committee on captures from 2019-05-08 to 2019-08-21, out of 9 readable captures of its page; the recorded span 2019-05-08..2019-10-05 is the outer bound, since each boundary falls in a gap between captures rather than on a known date",MARSAD_ARP2014
CMM-61ddb86d2f47,TNP-00212,CMT-90ddb75794d7,ARP-2014,member,2017-01-27,2019-08-21,true,"observed on this committee on captures from 2017-01-27 to 2017-05-17, out of 8 readable captures of its page; the recorded span 2017-01-27..2019-08-21 is the outer bound, since each boundary falls in a gap between captures rather than on a known date",MARSAD_ARP2014
CMM-3d1c5bc28059,TNP-00829,CMT-3a051620fd33,ARP-2014,member,2017-06-25,2019-07-22,true,"observed on this committee on captures from 2017-06-25 to 2017-06-25, out of 12 readable captures of its page; the recorded span 2017-06-25..2019-07-22 is the outer bound, since each boundary falls in a gap between captures rather than on a known date",MARSAD_ARP2014
CMM-2bcd4a7f6b85,TNP-00829,CMT-4633b2874c88,ARP-2014,member,2017-01-14,2017-06-26,true,"observed on this committee on captures from 2017-01-14 to 2017-05-27, out of 12 readable captures of its page; the recorded span 2017-01-14..2017-06-26 is the outer bound, since each boundary falls in a gap between captures rather than on a known date",MARSAD_ARP2014
CMM-7dcfe5e4bd7f,TNP-00829,CMT-5863460337e8,ARP-2014,member,2017-02-17,2019-08-23,true,"observed on this committee on captures from 2017-02-17 to 2017-07-02, out of 9 readable captures of its page; the recorded span 2017-02-17..2019-08-23 is the outer bound, since each boundary falls in a gap between captures rather than on a known date",MARSAD_ARP2014
CMM-fc35b6b8b858,TNP-00830,CMT-879180464a95,ARP-2014,member,2014-12-02,2019-10-05,false,,MARSAD_ARP2014
CMM-c6d62884c731,TNP-00830,CMT-2bc1cee50ba8,ARP-2014,member,2014-12-02,2015-11-13,true,"observed on this committee on captures from 2015-03-07 to 2015-03-07, out of 12 readable captures of its page; the recorded span 2014-12-02..2015-11-13 is the outer bound, since each boundary falls in a gap between captures rather than on a known date",MARSAD_ARP2014
CMM-6eb8ac7f2272,TNP-00830,CMT-2bc1cee50ba8,ARP-2014,member,2016-09-14,2016-10-27,true,"observed on this committee on captures from 2016-09-14 to 2016-09-14, out of 12 readable captures of its page; the recorded span 2016-09-14..2016-10-27 is the outer bound, since each boundary falls in a gap between captures rather than on a known date",MARSAD_ARP2014
CMM-cff9f90125a7,TNP-00217,CMT-47b4ceeab70a,ARP-2014,member,2014-12-02,2019-10-05,false,,MARSAD_ARP2014
CMM-23b678e55bc9,TNP-00217,CMT-f7166b323046,ARP-2014,vice_chair,2014-12-02,2019-08-23,true,"observed on this committee on captures from 2015-03-07 to 2017-05-17, out of 5 readable captures of its page; the recorded span 2014-12-02..2019-08-23 is the outer bound, since each boundary falls in a gap between captures rather than on a known date",MARSAD_ARP2014
CMM-a153905fa7e4,TNP-00217,CMT-a48500711e9b,ARP-2014,member,2019-05-08,2019-10-05,true,"observed on this committee on captures from 2019-05-08 to 2019-09-18, out of 12 readable captures of its page; the recorded span 2019-05-08..2019-10-05 is the outer bound, since each boundary falls in a gap between captures rather than on a known date",MARSAD_ARP2014
CMM-ebde814019ce,TNP-00831,CMT-cab87800ef44,ARP-2014,member,2014-12-02,2017-01-27,true,"observed on this committee on captures from 2015-03-07 to 2016-09-15, out of 11 readable captures of its page; the recorded span 2014-12-02..2017-01-27 is the outer bound, since each boundary falls in a gap between captures rather than on a known date",MARSAD_ARP2014
CMM-372792aab313,TNP-00831,CMT-47b4ceeab70a,ARP-2014,chair,2019-05-08,2019-10-05,true,"observed on this committee on captures from 2019-05-08 to 2019-08-23, out of 8 readable captures of its page; the recorded span 2019-05-08..2019-10-05 is the outer bound, since each boundary falls in a gap between captures rather than on a known date",MARSAD_ARP2014
CMM-cfabc2f3b68d,TNP-00831,CMT-8a5b9ec83476,ARP-2014,member,2016-12-30,2019-08-23,true,"observed on this committee on captures from 2016-12-30 to 2017-06-24, out of 10 readable captures of its page; the recorded span 2016-12-30..2019-08-23 is the outer bound, since each boundary falls in a gap between captures rather than on a known date",MARSAD_ARP2014
CMM-8f40ea6bfc62,TNP-00831,CMT-90ddb75794d7,ARP-2014,member,2014-12-02,2019-08-21,true,"observed on this committee on captures from 2015-03-07 to 2017-05-17, out of 8 readable captures of its page; the recorded span 2014-12-02..2019-08-21 is the outer bound, since each boundary falls in a gap between captures rather than on a known date",MARSAD_ARP2014
CMM-607be459cf36,TNP-00831,CMT-a9259327aabc,ARP-2014,member,2014-12-02,2019-10-05,false,,MARSAD_ARP2014
CMM-20d09a32f03b,TNP-00393,CMT-879180464a95,ARP-2014,member,2014-12-02,2019-10-05,false,,MARSAD_ARP2014
CMM-82a8b3020e57,TNP-00393,CMT-2bc1cee50ba8,ARP-2014,vice_chair,2014-12-02,2019-10-05,false,,MARSAD_ARP2014
CMM-71a5318f8234,TNP-00393,CMT-601d95a949aa,ARP-2014,member,2014-12-02,2019-10-05,false,,MARSAD_ARP2014
CMM-14f7c2a66bb0,TNP-00393,CMT-e1fb561ef6b9,ARP-2014,member,2014-12-02,2019-10-05,false,,MARSAD_ARP2014
CMM-9bba07b3cc1c,TNP-00832,CMT-879180464a95,ARP-2014,member,2014-12-02,2019-10-05,false,,MARSAD_ARP2014
CMM-82b1bfe74474,TNP-00832,CMT-cab87800ef44,ARP-2014,member,2014-12-02,2019-10-05,false,,MARSAD_ARP2014
CMM-79d00a922529,TNP-00832,CMT-601d95a949aa,ARP-2014,member,2016-12-14,2019-10-05,true,"observed on this committee on captures from 2016-12-14 to 2019-08-23, out of 9 readable captures of its page; the recorded span 2016-12-14..2019-10-05 is the outer bound, since each boundary falls in a gap between captures rather than on a known date",MARSAD_ARP2014
CMM-15cfad165ad9,TNP-00832,CMT-f7166b323046,ARP-2014,member,2014-12-02,2016-12-30,true,"observed on this committee on captures from 2015-03-07 to 2016-09-14, out of 5 readable captures of its page; the recorded span 2014-12-02..2016-12-30 is the outer bound, since each boundary falls in a gap between captures rather than on a known date",MARSAD_ARP2014
CMM-247d63ceb4d2,TNP-00832,CMT-e1fb561ef6b9,ARP-2014,member,2014-12-02,2019-10-05,false,,MARSAD_ARP2014
CMM-f64eddddd65d,TNP-00833,CMT-3a051620fd33,ARP-2014,member,2016-12-10,2019-07-22,true,"observed on this committee on captures from 2016-12-10 to 2017-06-25, out of 12 readable captures of its page; the recorded span 2016-12-10..2019-07-22 is the outer bound, since each boundary falls in a gap between captures rather than on a known date",MARSAD_ARP2014
CMM-52852f954385,TNP-00833,CMT-4633b2874c88,ARP-2014,member,2019-05-08,2019-10-05,true,"observed on this committee on captures from 2019-05-08 to 2019-08-23, out of 12 readable captures of its page; the recorded span 2019-05-08..2019-10-05 is the outer bound, since each boundary falls in a gap between captures rather than on a known date",MARSAD_ARP2014
CMM-cf743ea74f7a,TNP-00833,CMT-535731ec7ffd,ARP-2014,member,2017-01-13,2019-05-08,true,"observed on this committee on captures from 2017-01-13 to 2017-04-28, out of 9 readable captures of its page; the recorded span 2017-01-13..2019-05-08 is the outer bound, since each boundary falls in a gap between captures rather than on a known date",MARSAD_ARP2014
CMM-a27ca65a3d1a,TNP-00833,CMT-90ddb75794d7,ARP-2014,member,2019-08-21,2019-10-05,true,"observed on this committee on captures from 2019-08-21 to 2019-09-17, out of 8 readable captures of its page; the recorded span 2019-08-21..2019-10-05 is the outer bound, since each boundary falls in a gap between captures rather than on a known date",MARSAD_ARP2014
CMM-8f2384c8c2a7,TNP-00221,CMT-7858621d9962,ARP-2014,assistant_rapporteur,2014-12-02,2019-10-05,false,,MARSAD_ARP2014
CMM-2157eaea0160,TNP-00221,CMT-535731ec7ffd,ARP-2014,member,2014-12-02,2017-01-13,true,"observed on this committee on captures from 2015-03-07 to 2016-09-15, out of 9 readable captures of its page; the recorded span 2014-12-02..2017-01-13 is the outer bound, since each boundary falls in a gap between captures rather than on a known date",MARSAD_ARP2014
CMM-c8bb4af03ac4,TNP-00221,CMT-a48500711e9b,ARP-2014,member,2016-04-24,2019-10-05,true,"observed on this committee on captures from 2016-04-24 to 2019-09-18, out of 12 readable captures of its page; the recorded span 2016-04-24..2019-10-05 is the outer bound, since each boundary falls in a gap between captures rather than on a known date",MARSAD_ARP2014
CMM-6a58f678dda0,TNP-00834,CMT-3a051620fd33,ARP-2014,member,2014-12-02,2016-12-10,true,"observed on this committee on captures from 2015-03-07 to 2016-09-15, out of 12 readable captures of its page; the recorded span 2014-12-02..2016-12-10 is the outer bound, since each boundary falls in a gap between captures rather than on a known date",MARSAD_ARP2014
CMM-9034663497c5,TNP-00834,CMT-3a051620fd33,ARP-2014,assistant_rapporteur,2019-07-22,2019-10-05,true,"observed on this committee on captures from 2019-07-22 to 2019-09-18, out of 12 readable captures of its page; the recorded span 2019-07-22..2019-10-05 is the outer bound, since each boundary falls in a gap between captures rather than on a known date",MARSAD_ARP2014
CMM-ef2c5c589157,TNP-00834,CMT-cab87800ef44,ARP-2014,member,2017-01-27,2017-04-24,true,"observed on this committee on captures from 2017-01-27 to 2017-01-27, out of 11 readable captures of its page; the recorded span 2017-01-27..2017-04-24 is the outer bound, since each boundary falls in a gap between captures rather than on a known date",MARSAD_ARP2014
CMM-453e8d55dc21,TNP-00834,CMT-8a5b9ec83476,ARP-2014,member,2017-03-01,2019-08-23,true,"observed on this committee on captures from 2017-03-01 to 2017-06-24, out of 10 readable captures of its page; the recorded span 2017-03-01..2019-08-23 is the outer bound, since each boundary falls in a gap between captures rather than on a known date",MARSAD_ARP2014
CMM-fdcaacdc451c,TNP-00834,CMT-601d95a949aa,ARP-2014,vice_chair,2016-04-19,2019-08-23,true,"observed on this committee on captures from 2016-04-19 to 2017-06-25, out of 9 readable captures of its page; the recorded span 2016-04-19..2019-08-23 is the outer bound, since each boundary falls in a gap between captures rather than on a known date",MARSAD_ARP2014
CMM-8e212f874372,TNP-00834,CMT-f7166b323046,ARP-2014,member,2014-12-02,2016-12-30,true,"observed on this committee on captures from 2015-03-07 to 2016-09-14, out of 5 readable captures of its page; the recorded span 2014-12-02..2016-12-30 is the outer bound, since each boundary falls in a gap between captures rather than on a known date",MARSAD_ARP2014
CMM-5c8a0b1f5ff6,TNP-00834,CMT-e5dff9bf0bca,ARP-2014,member,2014-12-02,2019-10-05,false,,MARSAD_ARP2014
CMM-325894403746,TNP-00544,CMT-79ca761acaf6,ARP-2014,member,2014-12-02,2019-10-05,false,,MARSAD_ARP2014
CMM-4953b363c1e6,TNP-00544,CMT-4633b2874c88,ARP-2014,member,2017-01-14,2017-04-24,true,"observed on this committee on captures from 2017-01-14 to 2017-01-14, out of 12 readable captures of its page; the recorded span 2017-01-14..2017-04-24 is the outer bound, since each boundary falls in a gap between captures rather than on a known date",MARSAD_ARP2014
CMM-9ecf6e2d3087,TNP-00544,CMT-cab87800ef44,ARP-2014,member,2017-01-27,2019-07-22,true,"observed on this committee on captures from 2017-01-27 to 2017-06-24, out of 11 readable captures of its page; the recorded span 2017-01-27..2019-07-22 is the outer bound, since each boundary falls in a gap between captures rather than on a known date",MARSAD_ARP2014
CMM-c8a6157b9cb7,TNP-00544,CMT-b9e5e4367488,ARP-2014,member,2019-08-23,2019-10-05,true,"observed on this committee on captures from 2019-08-23 to 2019-09-23, out of 10 readable captures of its page; the recorded span 2019-08-23..2019-10-05 is the outer bound, since each boundary falls in a gap between captures rather than on a known date",MARSAD_ARP2014
CMM-a447c6afcfac,TNP-00544,CMT-8a5b9ec83476,ARP-2014,member,2014-12-02,2016-12-30,true,"observed on this committee on captures from 2015-03-07 to 2016-09-14, out of 10 readable captures of its page; the recorded span 2014-12-02..2016-12-30 is the outer bound, since each boundary falls in a gap between captures rather than on a known date",MARSAD_ARP2014
CMM-b0800cf9c606,TNP-00544,CMT-601d95a949aa,ARP-2014,member,2014-12-02,2016-12-14,true,"observed on this committee on captures from 2015-03-07 to 2016-09-14, out of 9 readable captures of its page; the recorded span 2014-12-02..2016-12-14 is the outer bound, since each boundary falls in a gap between captures rather than on a known date",MARSAD_ARP2014
CMM-9a1045cfc641,TNP-00544,CMT-601d95a949aa,ARP-2014,member,2019-08-23,2019-10-05,true,"observed on this committee on captures from 2019-08-23 to 2019-08-23, out of 9 readable captures of its page; the recorded span 2019-08-23..2019-10-05 is the outer bound, since each boundary falls in a gap between captures rather than on a known date",MARSAD_ARP2014
CMM-bd7533899d6e,TNP-00544,CMT-535731ec7ffd,ARP-2014,member,2017-01-13,2019-05-08,true,"observed on this committee on captures from 2017-01-13 to 2017-04-28, out of 9 readable captures of its page; the recorded span 2017-01-13..2019-05-08 is the outer bound, since each boundary falls in a gap between captures rather than on a known date",MARSAD_ARP2014
CMM-97bc3526eb33,TNP-00544,CMT-e5dff9bf0bca,ARP-2014,member,2014-12-02,2019-10-05,false,,MARSAD_ARP2014
CMM-e2ee896840d2,TNP-00835,CMT-4633b2874c88,ARP-2014,member,2014-12-02,2017-01-14,true,"observed on this committee on captures from 2015-03-07 to 2016-10-30, out of 12 readable captures of its page; the recorded span 2014-12-02..2017-01-14 is the outer bound, since each boundary falls in a gap between captures rather than on a known date",MARSAD_ARP2014
CMM-2974b38bbe21,TNP-00835,CMT-8a5b9ec83476,ARP-2014,rapporteur,2016-12-30,2019-10-05,true,"observed on this committee on captures from 2016-12-30 to 2019-08-23, out of 10 readable captures of its page; the recorded span 2016-12-30..2019-10-05 is the outer bound, since each boundary falls in a gap between captures rather than on a known date",MARSAD_ARP2014
CMM-7ce80871db75,TNP-00835,CMT-a48500711e9b,ARP-2014,member,2014-12-02,2017-04-29,true,"observed on this committee on captures from 2015-03-07 to 2016-10-07, out of 12 readable captures of its page; the recorded span 2014-12-02..2017-04-29 is the outer bound, since each boundary falls in a gap between captures rather than on a known date",MARSAD_ARP2014
CMM-246f2c95265b,TNP-00835,CMT-90ddb75794d7,ARP-2014,member,2019-08-21,2019-10-05,true,"observed on this committee on captures from 2019-08-21 to 2019-09-17, out of 8 readable captures of its page; the recorded span 2019-08-21..2019-10-05 is the outer bound, since each boundary falls in a gap between captures rather than on a known date",MARSAD_ARP2014
CMM-0afb43fddf75,TNP-00835,CMT-8d6af35d5cb4,ARP-2014,chair,2014-12-02,2019-10-05,false,,MARSAD_ARP2014
CMM-731f3d0c349b,TNP-00836,CMT-8a5b9ec83476,ARP-2014,member,2014-12-02,2016-12-30,true,"observed on this committee on captures from 2015-03-07 to 2016-09-14, out of 10 readable captures of its page; the recorded span 2014-12-02..2016-12-30 is the outer bound, since each boundary falls in a gap between captures rather than on a known date",MARSAD_ARP2014
CMM-d0d7a5b105cb,TNP-00836,CMT-90ddb75794d7,ARP-2014,member,2014-12-02,2017-01-27,true,"observed on this committee on captures from 2015-03-07 to 2016-09-14, out of 8 readable captures of its page; the recorded span 2014-12-02..2017-01-27 is the outer bound, since each boundary falls in a gap between captures rather than on a known date",MARSAD_ARP2014
CMM-7caedbf1350e,TNP-00837,CMT-7858621d9962,ARP-2014,member,2016-09-14,2019-07-23,true,"observed on this committee on captures from 2016-09-14 to 2017-06-24, out of 12 readable captures of its page; the recorded span 2016-09-14..2019-07-23 is the outer bound, since each boundary falls in a gap between captures rather than on a known date",MARSAD_ARP2014
CMM-13720d234069,TNP-00837,CMT-8a5b9ec83476,ARP-2014,member,2019-08-23,2019-10-05,true,"observed on this committee on captures from 2019-08-23 to 2019-08-23, out of 10 readable captures of its page; the recorded span 2019-08-23..2019-10-05 is the outer bound, since each boundary falls in a gap between captures rather than on a known date",MARSAD_ARP2014
CMM-cdc1dd81a5ee,TNP-00837,CMT-90ddb75794d7,ARP-2014,member,2019-08-21,2019-10-05,true,"observed on this committee on captures from 2019-08-21 to 2019-09-17, out of 8 readable captures of its page; the recorded span 2019-08-21..2019-10-05 is the outer bound, since each boundary falls in a gap between captures rather than on a known date",MARSAD_ARP2014
CMM-47d817bf269f,TNP-00838,CMT-4633b2874c88,ARP-2014,member,2014-12-02,2016-07-27,true,"observed on this committee on captures from 2015-03-07 to 2016-01-23, out of 12 readable captures of its page; the recorded span 2014-12-02..2016-07-27 is the outer bound, since each boundary falls in a gap between captures rather than on a known date",MARSAD_ARP2014
CMM-3c5cbd731d83,TNP-00838,CMT-4633b2874c88,ARP-2014,member,2016-09-15,2016-10-30,true,"observed on this committee on captures from 2016-09-15 to 2016-09-15, out of 12 readable captures of its page; the recorded span 2016-09-15..2016-10-30 is the outer bound, since each boundary falls in a gap between captures rather than on a known date",MARSAD_ARP2014
CMM-c082b665175a,TNP-00838,CMT-47b4ceeab70a,ARP-2014,assistant_rapporteur,2017-05-31,2019-10-05,true,"observed on this committee on captures from 2017-05-31 to 2019-08-23, out of 8 readable captures of its page; the recorded span 2017-05-31..2019-10-05 is the outer bound, since each boundary falls in a gap between captures rather than on a known date",MARSAD_ARP2014
CMM-3d3e50ceb2fd,TNP-00838,CMT-f7166b323046,ARP-2014,member,2016-09-14,2016-12-30,true,"observed on this committee on captures from 2016-09-14 to 2016-09-14, out of 5 readable captures of its page; the recorded span 2016-09-14..2016-12-30 is the outer bound, since each boundary falls in a gap between captures rather than on a known date",MARSAD_ARP2014
CMM-cd6c714c45ff,TNP-00838,CMT-535731ec7ffd,ARP-2014,member,2014-12-02,2019-05-08,true,"observed on this committee on captures from 2015-03-07 to 2017-04-28, out of 9 readable captures of its page; the recorded span 2014-12-02..2019-05-08 is the outer bound, since each boundary falls in a gap between captures rather than on a known date",MARSAD_ARP2014
CMM-3d4e047c60a7,TNP-00838,CMT-a48500711e9b,ARP-2014,member,2019-05-08,2019-10-05,true,"observed on this committee on captures from 2019-05-08 to 2019-09-18, out of 12 readable captures of its page; the recorded span 2019-05-08..2019-10-05 is the outer bound, since each boundary falls in a gap between captures rather than on a known date",MARSAD_ARP2014
CMM-8921ea555443,TNP-00838,CMT-8d6af35d5cb4,ARP-2014,member,2014-12-02,2019-10-05,false,,MARSAD_ARP2014
CMM-ed52a441409f,TNP-00839,CMT-3a051620fd33,ARP-2014,member,2017-06-25,2019-07-22,true,"observed on this committee on captures from 2017-06-25 to 2017-06-25, out of 12 readable captures of its page; the recorded span 2017-06-25..2019-07-22 is the outer bound, since each boundary falls in a gap between captures rather than on a known date",MARSAD_ARP2014
CMM-f7c215405e8f,TNP-00839,CMT-b9e5e4367488,ARP-2014,member,2014-12-02,2019-10-05,false,,MARSAD_ARP2014
CMM-37b77729cfe9,TNP-00839,CMT-f7166b323046,ARP-2014,assistant_rapporteur,2016-12-30,2019-10-05,true,"observed on this committee on captures from 2016-12-30 to 2019-08-23, out of 5 readable captures of its page; the recorded span 2016-12-30..2019-10-05 is the outer bound, since each boundary falls in a gap between captures rather than on a known date",MARSAD_ARP2014
CMM-d69759805940,TNP-00839,CMT-535731ec7ffd,ARP-2014,rapporteur,2014-12-02,2017-01-13,true,"observed on this committee on captures from 2015-03-07 to 2016-09-15, out of 9 readable captures of its page; the recorded span 2014-12-02..2017-01-13 is the outer bound, since each boundary falls in a gap between captures rather than on a known date",MARSAD_ARP2014
CMM-184ec6d33784,TNP-00840,CMT-879180464a95,ARP-2014,member,2014-12-02,2019-10-05,false,,MARSAD_ARP2014
CMM-44d1e1cb5672,TNP-00840,CMT-2bc1cee50ba8,ARP-2014,member,2014-12-02,2015-11-13,true,"observed on this committee on captures from 2015-03-07 to 2015-03-07, out of 12 readable captures of its page; the recorded span 2014-12-02..2015-11-13 is the outer bound, since each boundary falls in a gap between captures rather than on a known date",MARSAD_ARP2014
CMM-b0cb9155acb7,TNP-00840,CMT-2bc1cee50ba8,ARP-2014,assistant_rapporteur,2017-01-16,2019-10-05,true,"observed on this committee on captures from 2017-01-16 to 2019-09-17, out of 12 readable captures of its page; the recorded span 2017-01-16..2019-10-05 is the outer bound, since each boundary falls in a gap between captures rather than on a known date",MARSAD_ARP2014
CMM-dc026be9aaff,TNP-00840,CMT-90ddb75794d7,ARP-2014,member,2017-01-27,2019-08-21,true,"observed on this committee on captures from 2017-01-27 to 2017-05-17, out of 8 readable captures of its page; the recorded span 2017-01-27..2019-08-21 is the outer bound, since each boundary falls in a gap between captures rather than on a known date",MARSAD_ARP2014
CMM-c6a85ce97c0a,TNP-00840,CMT-e1fb561ef6b9,ARP-2014,member,2014-12-02,2019-10-05,false,,MARSAD_ARP2014
CMM-8db86293920a,TNP-00841,CMT-3a051620fd33,ARP-2014,member,2014-12-02,2019-07-22,true,"observed on this committee on captures from 2015-03-07 to 2017-06-25, out of 12 readable captures of its page; the recorded span 2014-12-02..2019-07-22 is the outer bound, since each boundary falls in a gap between captures rather than on a known date",MARSAD_ARP2014
CMM-8c001b44daf8,TNP-00841,CMT-8a5b9ec83476,ARP-2014,member,2019-08-23,2019-10-05,true,"observed on this committee on captures from 2019-08-23 to 2019-08-23, out of 10 readable captures of its page; the recorded span 2019-08-23..2019-10-05 is the outer bound, since each boundary falls in a gap between captures rather than on a known date",MARSAD_ARP2014
CMM-0133bc5483dd,TNP-00841,CMT-601d95a949aa,ARP-2014,vice_chair,2014-12-02,2019-10-05,false,,MARSAD_ARP2014
CMM-b69e1f0ce330,TNP-00841,CMT-8d6af35d5cb4,ARP-2014,member,2014-12-02,2019-10-05,false,,MARSAD_ARP2014
CMM-d6ebdd4f6a37,TNP-00842,CMT-cab87800ef44,ARP-2014,member,2014-12-02,2019-07-22,true,"observed on this committee on captures from 2015-03-07 to 2017-06-24, out of 11 readable captures of its page; the recorded span 2014-12-02..2019-07-22 is the outer bound, since each boundary falls in a gap between captures rather than on a known date",MARSAD_ARP2014
CMM-e9794c115cbc,TNP-00842,CMT-b9e5e4367488,ARP-2014,assistant_rapporteur,2019-08-23,2019-10-05,true,"observed on this committee on captures from 2019-08-23 to 2019-09-23, out of 10 readable captures of its page; the recorded span 2019-08-23..2019-10-05 is the outer bound, since each boundary falls in a gap between captures rather than on a known date",MARSAD_ARP2014
CMM-800066ffb5d7,TNP-00842,CMT-f7166b323046,ARP-2014,member,2014-12-02,2016-12-30,true,"observed on this committee on captures from 2015-03-07 to 2016-09-14, out of 5 readable captures of its page; the recorded span 2014-12-02..2016-12-30 is the outer bound, since each boundary falls in a gap between captures rather than on a known date",MARSAD_ARP2014
CMM-13dba4b616e4,TNP-00842,CMT-f7166b323046,ARP-2014,member,2019-08-23,2019-10-05,true,"observed on this committee on captures from 2019-08-23 to 2019-08-23, out of 5 readable captures of its page; the recorded span 2019-08-23..2019-10-05 is the outer bound, since each boundary falls in a gap between captures rather than on a known date",MARSAD_ARP2014
CMM-dc6e9c63dc77,TNP-00842,CMT-e5dff9bf0bca,ARP-2014,member,2014-12-02,2019-10-05,false,,MARSAD_ARP2014
CMM-1b909ae858cc,TNP-00843,CMT-cab87800ef44,ARP-2014,member,2014-12-02,2019-10-05,false,,MARSAD_ARP2014
CMM-f28bae10ac7d,TNP-00843,CMT-601d95a949aa,ARP-2014,member,2014-12-02,2016-04-19,true,"observed on this committee on captures from 2015-03-07 to 2015-10-22, out of 9 readable captures of its page; the recorded span 2014-12-02..2016-04-19 is the outer bound, since each boundary falls in a gap between captures rather than on a known date",MARSAD_ARP2014
CMM-3da258f04559,TNP-00843,CMT-601d95a949aa,ARP-2014,member,2016-09-14,2016-12-14,true,"observed on this committee on captures from 2016-09-14 to 2016-09-14, out of 9 readable captures of its page; the recorded span 2016-09-14..2016-12-14 is the outer bound, since each boundary falls in a gap between captures rather than on a known date",MARSAD_ARP2014
CMM-abeb7bbf5e04,TNP-00227,CMT-894b8d7f301d,ARP-2014,member,2014-12-02,2019-10-05,false,,MARSAD_ARP2014
CMM-b7e8684e55fc,TNP-00227,CMT-c19410caa909,ARP-2014,member,2019-08-21,2019-10-05,true,"observed on this committee on captures from 2019-08-21 to 2019-08-21, out of 6 readable captures of its page; the recorded span 2019-08-21..2019-10-05 is the outer bound, since each boundary falls in a gap between captures rather than on a known date",MARSAD_ARP2014
CMM-cfe1802925e4,TNP-00227,CMT-f7166b323046,ARP-2014,assistant_rapporteur,2014-12-02,2019-08-23,true,"observed on this committee on captures from 2015-03-07 to 2017-05-17, out of 5 readable captures of its page; the recorded span 2014-12-02..2019-08-23 is the outer bound, since each boundary falls in a gap between captures rather than on a known date",MARSAD_ARP2014
CMM-65856c30ba30,TNP-00844,CMT-894b8d7f301d,ARP-2014,member,2014-12-02,2019-10-05,false,,MARSAD_ARP2014
CMM-f2c92884cad3,TNP-00844,CMT-535731ec7ffd,ARP-2014,member,2014-12-02,2017-01-13,true,"observed on this committee on captures from 2015-03-07 to 2016-09-15, out of 9 readable captures of its page; the recorded span 2014-12-02..2017-01-13 is the outer bound, since each boundary falls in a gap between captures rather than on a known date",MARSAD_ARP2014
CMM-16186c7b6e57,TNP-00844,CMT-a48500711e9b,ARP-2014,member,2019-05-08,2019-09-18,true,"observed on this committee on captures from 2019-05-08 to 2019-07-22, out of 12 readable captures of its page; the recorded span 2019-05-08..2019-09-18 is the outer bound, since each boundary falls in a gap between captures rather than on a known date",MARSAD_ARP2014
CMM-8d52d5d6b0c7,TNP-00844,CMT-5863460337e8,ARP-2014,chair,2017-02-17,2019-08-23,true,"observed on this committee on captures from 2017-02-17 to 2017-07-02, out of 9 readable captures of its page; the recorded span 2017-02-17..2019-08-23 is the outer bound, since each boundary falls in a gap between captures rather than on a known date",MARSAD_ARP2014
CMM-d4456a081f46,TNP-00845,CMT-cab87800ef44,ARP-2014,member,2014-12-02,2017-01-27,true,"observed on this committee on captures from 2015-03-07 to 2016-09-15, out of 11 readable captures of its page; the recorded span 2014-12-02..2017-01-27 is the outer bound, since each boundary falls in a gap between captures rather than on a known date",MARSAD_ARP2014
CMM-a0cb98957037,TNP-00845,CMT-894b8d7f301d,ARP-2014,member,2017-04-24,2019-07-23,true,"observed on this committee on captures from 2017-04-24 to 2017-06-25, out of 12 readable captures of its page; the recorded span 2017-04-24..2019-07-23 is the outer bound, since each boundary falls in a gap between captures rather than on a known date",MARSAD_ARP2014
CMM-c948a03e8a0c,TNP-00845,CMT-3e7af871322d,ARP-2014,vice_chair,2016-09-15,2016-12-30,true,"observed on this committee on captures from 2016-09-15 to 2016-09-15, out of 6 readable captures of its page; the recorded span 2016-09-15..2016-12-30 is the outer bound, since each boundary falls in a gap between captures rather than on a known date",MARSAD_ARP2014
CMM-f8346d4bb714,TNP-00845,CMT-a48500711e9b,ARP-2014,member,2014-12-02,2016-04-24,true,"observed on this committee on captures from 2015-03-07 to 2016-01-13, out of 12 readable captures of its page; the recorded span 2014-12-02..2016-04-24 is the outer bound, since each boundary falls in a gap between captures rather than on a known date",MARSAD_ARP2014
CMM-004d7410ff1f,TNP-00845,CMT-a48500711e9b,ARP-2014,member,2016-09-15,2017-04-29,true,"observed on this committee on captures from 2016-09-15 to 2016-10-07, out of 12 readable captures of its page; the recorded span 2016-09-15..2017-04-29 is the outer bound, since each boundary falls in a gap between captures rather than on a known date",MARSAD_ARP2014
CMM-69b0062d8717,TNP-00846,CMT-4633b2874c88,ARP-2014,rapporteur,2014-12-02,2019-10-05,false,,MARSAD_ARP2014
CMM-5546adcf23d8,TNP-00846,CMT-c19410caa909,ARP-2014,member,2014-12-02,2019-10-05,false,,MARSAD_ARP2014
CMM-ecca8d3a450b,TNP-00228,CMT-4633b2874c88,ARP-2014,member,2014-12-02,2019-10-05,false,,MARSAD_ARP2014
CMM-3fb2f439a659,TNP-00228,CMT-c19410caa909,ARP-2014,member,2014-12-02,2019-10-05,false,,MARSAD_ARP2014
CMM-6c98ea2b04c3,TNP-00065,CMT-3a051620fd33,ARP-2014,member,2016-12-10,2017-06-25,true,"observed on this committee on captures from 2016-12-10 to 2017-05-25, out of 12 readable captures of its page; the recorded span 2016-12-10..2017-06-25 is the outer bound, since each boundary falls in a gap between captures rather than on a known date",MARSAD_ARP2014
CMM-a07574b24212,TNP-00065,CMT-7858621d9962,ARP-2014,assistant_rapporteur,2019-07-23,2019-10-05,true,"observed on this committee on captures from 2019-07-23 to 2019-09-19, out of 12 readable captures of its page; the recorded span 2019-07-23..2019-10-05 is the outer bound, since each boundary falls in a gap between captures rather than on a known date",MARSAD_ARP2014
CMM-b633fb2fcc7d,TNP-00065,CMT-47b4ceeab70a,ARP-2014,member,2014-12-02,2016-04-24,true,"observed on this committee on captures from 2015-03-07 to 2016-01-08, out of 8 readable captures of its page; the recorded span 2014-12-02..2016-04-24 is the outer bound, since each boundary falls in a gap between captures rather than on a known date",MARSAD_ARP2014
CMM-b90654f4b85e,TNP-00065,CMT-47b4ceeab70a,ARP-2014,member,2016-09-14,2017-05-31,true,"observed on this committee on captures from 2016-09-14 to 2016-09-14, out of 8 readable captures of its page; the recorded span 2016-09-14..2017-05-31 is the outer bound, since each boundary falls in a gap between captures rather than on a known date",MARSAD_ARP2014
CMM-28130778ec40,TNP-00065,CMT-f7166b323046,ARP-2014,member,2016-09-14,2016-12-30,true,"observed on this committee on captures from 2016-09-14 to 2016-09-14, out of 5 readable captures of its page; the recorded span 2016-09-14..2016-12-30 is the outer bound, since each boundary falls in a gap between captures rather than on a known date",MARSAD_ARP2014
CMM-f167a4db91ac,TNP-00065,CMT-f7166b323046,ARP-2014,member,2019-08-23,2019-10-05,true,"observed on this committee on captures from 2019-08-23 to 2019-08-23, out of 5 readable captures of its page; the recorded span 2019-08-23..2019-10-05 is the outer bound, since each boundary falls in a gap between captures rather than on a known date",MARSAD_ARP2014
CMM-59306b584b27,TNP-00065,CMT-535731ec7ffd,ARP-2014,assistant_rapporteur,2019-05-08,2019-08-21,true,"observed on this committee on captures from 2019-05-08 to 2019-05-08, out of 9 readable captures of its page; the recorded span 2019-05-08..2019-08-21 is the outer bound, since each boundary falls in a gap between captures rather than on a known date",MARSAD_ARP2014
CMM-bc5d42c5745d,TNP-00065,CMT-a48500711e9b,ARP-2014,member,2019-07-22,2019-10-05,true,"observed on this committee on captures from 2019-07-22 to 2019-09-18, out of 12 readable captures of its page; the recorded span 2019-07-22..2019-10-05 is the outer bound, since each boundary falls in a gap between captures rather than on a known date",MARSAD_ARP2014
CMM-11a3209b801a,TNP-00065,CMT-5863460337e8,ARP-2014,member,2017-02-17,2017-07-02,true,"observed on this committee on captures from 2017-02-17 to 2017-05-29, out of 9 readable captures of its page; the recorded span 2017-02-17..2017-07-02 is the outer bound, since each boundary falls in a gap between captures rather than on a known date",MARSAD_ARP2014
CMM-a7c542d37142,TNP-00065,CMT-90ddb75794d7,ARP-2014,assistant_rapporteur,2014-12-02,2016-07-26,true,"observed on this committee on captures from 2015-03-07 to 2015-10-22, out of 8 readable captures of its page; the recorded span 2014-12-02..2016-07-26 is the outer bound, since each boundary falls in a gap between captures rather than on a known date",MARSAD_ARP2014
CMM-48de67b8e8ee,TNP-00065,CMT-90ddb75794d7,ARP-2014,assistant_rapporteur,2016-09-14,2017-01-27,true,"observed on this committee on captures from 2016-09-14 to 2016-09-14, out of 8 readable captures of its page; the recorded span 2016-09-14..2017-01-27 is the outer bound, since each boundary falls in a gap between captures rather than on a known date",MARSAD_ARP2014
CMM-5402644fa00e,TNP-00065,CMT-8d6af35d5cb4,ARP-2014,member,2014-12-02,2019-10-05,false,,MARSAD_ARP2014
CMM-79b972b1030b,TNP-00400,CMT-4633b2874c88,ARP-2014,assistant_rapporteur,2014-12-02,2019-05-08,true,"observed on this committee on captures from 2015-03-07 to 2017-06-26, out of 12 readable captures of its page; the recorded span 2014-12-02..2019-05-08 is the outer bound, since each boundary falls in a gap between captures rather than on a known date",MARSAD_ARP2014
CMM-a56d6c92f471,TNP-00400,CMT-b9e5e4367488,ARP-2014,member,2019-08-23,2019-10-05,true,"observed on this committee on captures from 2019-08-23 to 2019-09-23, out of 10 readable captures of its page; the recorded span 2019-08-23..2019-10-05 is the outer bound, since each boundary falls in a gap between captures rather than on a known date",MARSAD_ARP2014
CMM-1c1de8203859,TNP-00400,CMT-3e7af871322d,ARP-2014,member,2019-08-23,2019-10-05,true,"observed on this committee on captures from 2019-08-23 to 2019-08-23, out of 6 readable captures of its page; the recorded span 2019-08-23..2019-10-05 is the outer bound, since each boundary falls in a gap between captures rather than on a known date",MARSAD_ARP2014
CMM-e226058e2adc,TNP-00400,CMT-90ddb75794d7,ARP-2014,member,2014-12-02,2017-01-27,true,"observed on this committee on captures from 2015-03-07 to 2016-09-14, out of 8 readable captures of its page; the recorded span 2014-12-02..2017-01-27 is the outer bound, since each boundary falls in a gap between captures rather than on a known date",MARSAD_ARP2014
CMM-92fda9db4907,TNP-00847,CMT-b9e5e4367488,ARP-2014,assistant_rapporteur,2014-12-02,2019-10-05,false,,MARSAD_ARP2014
CMM-d16758332503,TNP-00847,CMT-601d95a949aa,ARP-2014,member,2016-04-19,2019-08-23,true,"observed on this committee on captures from 2016-04-19 to 2017-06-25, out of 9 readable captures of its page; the recorded span 2016-04-19..2019-08-23 is the outer bound, since each boundary falls in a gap between captures rather than on a known date",MARSAD_ARP2014
CMM-808b00d70d7c,TNP-00847,CMT-3e7af871322d,ARP-2014,member,2014-12-02,2016-12-30,true,"observed on this committee on captures from 2015-03-07 to 2016-09-15, out of 6 readable captures of its page; the recorded span 2014-12-02..2016-12-30 is the outer bound, since each boundary falls in a gap between captures rather than on a known date",MARSAD_ARP2014
CMM-dec65dd6db61,TNP-00848,CMT-cab87800ef44,ARP-2014,member,2019-07-22,2019-10-05,true,"observed on this committee on captures from 2019-07-22 to 2019-09-15, out of 11 readable captures of its page; the recorded span 2019-07-22..2019-10-05 is the outer bound, since each boundary falls in a gap between captures rather than on a known date",MARSAD_ARP2014
CMM-ce44d31e0986,TNP-00848,CMT-b9e5e4367488,ARP-2014,member,2014-12-02,2016-04-05,true,"observed on this committee on captures from 2015-03-07 to 2015-07-21, out of 10 readable captures of its page; the recorded span 2014-12-02..2016-04-05 is the outer bound, since each boundary falls in a gap between captures rather than on a known date",MARSAD_ARP2014
CMM-0317670d2191,TNP-00848,CMT-b9e5e4367488,ARP-2014,member,2016-09-14,2017-01-27,true,"observed on this committee on captures from 2016-09-14 to 2016-09-14, out of 10 readable captures of its page; the recorded span 2016-09-14..2017-01-27 is the outer bound, since each boundary falls in a gap between captures rather than on a known date",MARSAD_ARP2014
CMM-3151c32726f5,TNP-00848,CMT-47b4ceeab70a,ARP-2014,member,2017-05-31,2019-05-08,true,"observed on this committee on captures from 2017-05-31 to 2017-05-31, out of 8 readable captures of its page; the recorded span 2017-05-31..2019-05-08 is the outer bound, since each boundary falls in a gap between captures rather than on a known date",MARSAD_ARP2014
CMM-c557d1ecd77c,TNP-00848,CMT-8a5b9ec83476,ARP-2014,member,2016-07-26,2016-12-30,true,"observed on this committee on captures from 2016-07-26 to 2016-09-14, out of 10 readable captures of its page; the recorded span 2016-07-26..2016-12-30 is the outer bound, since each boundary falls in a gap between captures rather than on a known date",MARSAD_ARP2014
CMM-dbeaecbc1d09,TNP-00848,CMT-c19410caa909,ARP-2014,member,2016-12-30,2019-08-21,true,"observed on this committee on captures from 2016-12-30 to 2017-05-15, out of 6 readable captures of its page; the recorded span 2016-12-30..2019-08-21 is the outer bound, since each boundary falls in a gap between captures rather than on a known date",MARSAD_ARP2014
CMM-ba7a02688072,TNP-00848,CMT-3e7af871322d,ARP-2014,member,2016-09-15,2016-12-30,true,"observed on this committee on captures from 2016-09-15 to 2016-09-15, out of 6 readable captures of its page; the recorded span 2016-09-15..2016-12-30 is the outer bound, since each boundary falls in a gap between captures rather than on a known date",MARSAD_ARP2014
CMM-4f5af19ee996,TNP-00848,CMT-90ddb75794d7,ARP-2014,member,2014-12-02,2016-07-26,true,"observed on this committee on captures from 2015-03-07 to 2015-10-22, out of 8 readable captures of its page; the recorded span 2014-12-02..2016-07-26 is the outer bound, since each boundary falls in a gap between captures rather than on a known date",MARSAD_ARP2014
CMM-1d3ba596f174,TNP-00848,CMT-90ddb75794d7,ARP-2014,member,2016-09-14,2017-01-27,true,"observed on this committee on captures from 2016-09-14 to 2016-09-14, out of 8 readable captures of its page; the recorded span 2016-09-14..2017-01-27 is the outer bound, since each boundary falls in a gap between captures rather than on a known date",MARSAD_ARP2014
CMM-211a3cc375ab,TNP-00848,CMT-90ddb75794d7,ARP-2014,assistant_rapporteur,2019-08-21,2019-10-05,true,"observed on this committee on captures from 2019-08-21 to 2019-09-17, out of 8 readable captures of its page; the recorded span 2019-08-21..2019-10-05 is the outer bound, since each boundary falls in a gap between captures rather than on a known date",MARSAD_ARP2014
CMM-1ae72767854a,TNP-00848,CMT-8d6af35d5cb4,ARP-2014,member,2014-12-02,2019-07-22,true,"observed on this committee on captures from 2017-06-30 to 2017-06-30, out of 4 readable captures of its page; the recorded span 2014-12-02..2019-07-22 is the outer bound, since each boundary falls in a gap between captures rather than on a known date",MARSAD_ARP2014
CMM-0c2bf9d47b3c,TNP-00399,CMT-79ca761acaf6,ARP-2014,vice_chair,2014-12-02,2019-10-05,false,,MARSAD_ARP2014
CMM-3597525c761d,TNP-00399,CMT-2bc1cee50ba8,ARP-2014,chair,2014-12-02,2017-01-16,true,"observed on this committee on captures from 2015-03-07 to 2016-10-27, out of 12 readable captures of its page; the recorded span 2014-12-02..2017-01-16 is the outer bound, since each boundary falls in a gap between captures rather than on a known date",MARSAD_ARP2014
CMM-40e0d4c03776,TNP-00399,CMT-3e7af871322d,ARP-2014,member,2014-12-02,2016-12-30,true,"observed on this committee on captures from 2015-03-07 to 2016-09-15, out of 6 readable captures of its page; the recorded span 2014-12-02..2016-12-30 is the outer bound, since each boundary falls in a gap between captures rather than on a known date",MARSAD_ARP2014
CMM-b0f72fde998f,TNP-00235,CMT-7858621d9962,ARP-2014,member,2014-12-02,2016-12-13,true,"observed on this committee on captures from 2015-03-07 to 2016-11-01, out of 12 readable captures of its page; the recorded span 2014-12-02..2016-12-13 is the outer bound, since each boundary falls in a gap between captures rather than on a known date",MARSAD_ARP2014
CMM-602b22914cfb,TNP-00235,CMT-7858621d9962,ARP-2014,member,2019-07-23,2019-10-05,true,"observed on this committee on captures from 2019-07-23 to 2019-09-19, out of 12 readable captures of its page; the recorded span 2019-07-23..2019-10-05 is the outer bound, since each boundary falls in a gap between captures rather than on a known date",MARSAD_ARP2014
CMM-71c2f016e182,TNP-00235,CMT-601d95a949aa,ARP-2014,rapporteur,2014-12-02,2016-12-14,true,"observed on this committee on captures from 2015-03-07 to 2016-09-14, out of 9 readable captures of its page; the recorded span 2014-12-02..2016-12-14 is the outer bound, since each boundary falls in a gap between captures rather than on a known date",MARSAD_ARP2014
CMM-f34f0d6a22f7,TNP-00235,CMT-601d95a949aa,ARP-2014,member,2019-08-23,2019-10-05,true,"observed on this committee on captures from 2019-08-23 to 2019-08-23, out of 9 readable captures of its page; the recorded span 2019-08-23..2019-10-05 is the outer bound, since each boundary falls in a gap between captures rather than on a known date",MARSAD_ARP2014
CMM-aae556aae9a3,TNP-00235,CMT-e1fb561ef6b9,ARP-2014,member,2014-12-02,2019-10-05,false,,MARSAD_ARP2014
CMM-0543deef5a8c,TNP-00236,CMT-cab87800ef44,ARP-2014,member,2019-07-22,2019-10-05,true,"observed on this committee on captures from 2019-07-22 to 2019-09-15, out of 11 readable captures of its page; the recorded span 2019-07-22..2019-10-05 is the outer bound, since each boundary falls in a gap between captures rather than on a known date",MARSAD_ARP2014
CMM-9fe373743691,TNP-00236,CMT-b9e5e4367488,ARP-2014,assistant_rapporteur,2014-12-02,2019-08-23,true,"observed on this committee on captures from 2015-03-07 to 2017-06-24, out of 10 readable captures of its page; the recorded span 2014-12-02..2019-08-23 is the outer bound, since each boundary falls in a gap between captures rather than on a known date",MARSAD_ARP2014
CMM-9ea63a3ccb50,TNP-00236,CMT-601d95a949aa,ARP-2014,assistant_rapporteur,2019-08-23,2019-10-05,true,"observed on this committee on captures from 2019-08-23 to 2019-08-23, out of 9 readable captures of its page; the recorded span 2019-08-23..2019-10-05 is the outer bound, since each boundary falls in a gap between captures rather than on a known date",MARSAD_ARP2014
CMM-77897f6460e3,TNP-00236,CMT-535731ec7ffd,ARP-2014,member,2014-12-02,2017-01-13,true,"observed on this committee on captures from 2015-03-07 to 2016-09-15, out of 9 readable captures of its page; the recorded span 2014-12-02..2017-01-13 is the outer bound, since each boundary falls in a gap between captures rather than on a known date",MARSAD_ARP2014
CMM-dd87fc59125f,TNP-00236,CMT-a48500711e9b,ARP-2014,member,2017-04-29,2019-05-08,true,"observed on this committee on captures from 2017-04-29 to 2017-06-02, out of 12 readable captures of its page; the recorded span 2017-04-29..2019-05-08 is the outer bound, since each boundary falls in a gap between captures rather than on a known date",MARSAD_ARP2014
CMM-b07969b7d38c,TNP-00849,CMT-3a051620fd33,ARP-2014,member,2014-12-02,2016-07-02,true,"observed on this committee on captures from 2015-03-07 to 2015-11-16, out of 12 readable captures of its page; the recorded span 2014-12-02..2016-07-02 is the outer bound, since each boundary falls in a gap between captures rather than on a known date",MARSAD_ARP2014
CMM-bc862b4fa029,TNP-00849,CMT-3a051620fd33,ARP-2014,member,2016-09-15,2016-12-10,true,"observed on this committee on captures from 2016-09-15 to 2016-09-15, out of 12 readable captures of its page; the recorded span 2016-09-15..2016-12-10 is the outer bound, since each boundary falls in a gap between captures rather than on a known date",MARSAD_ARP2014
CMM-ccf2578d3f55,TNP-00849,CMT-7858621d9962,ARP-2014,member,2016-09-14,2019-10-05,true,"observed on this committee on captures from 2016-09-14 to 2019-09-19, out of 12 readable captures of its page; the recorded span 2016-09-14..2019-10-05 is the outer bound, since each boundary falls in a gap between captures rather than on a known date",MARSAD_ARP2014
CMM-77ee7c6db271,TNP-00849,CMT-90ddb75794d7,ARP-2014,assistant_rapporteur,2016-07-26,2019-08-21,true,"observed on this committee on captures from 2016-07-26 to 2017-05-17, out of 8 readable captures of its page; the recorded span 2016-07-26..2019-08-21 is the outer bound, since each boundary falls in a gap between captures rather than on a known date",MARSAD_ARP2014
CMM-898dedf0168a,TNP-00850,CMT-894b8d7f301d,ARP-2014,member,2019-07-23,2019-10-05,true,"observed on this committee on captures from 2019-07-23 to 2019-09-19, out of 12 readable captures of its page; the recorded span 2019-07-23..2019-10-05 is the outer bound, since each boundary falls in a gap between captures rather than on a known date",MARSAD_ARP2014
CMM-db362ff68eb5,TNP-00851,CMT-79ca761acaf6,ARP-2014,member,2014-12-02,2019-10-05,false,,MARSAD_ARP2014
CMM-4cffe35a63ea,TNP-00851,CMT-894b8d7f301d,ARP-2014,vice_chair,2014-12-02,2019-10-05,false,,MARSAD_ARP2014
CMM-dbe437bae808,TNP-00851,CMT-601d95a949aa,ARP-2014,member,2014-12-02,2019-10-05,false,,MARSAD_ARP2014
CMM-a2227031d992,TNP-00851,CMT-e1fb561ef6b9,ARP-2014,member,2014-12-02,2019-10-05,false,,MARSAD_ARP2014
CMM-77467e8b749e,TNP-00488,CMT-79ca761acaf6,ARP-2014,member,2014-12-02,2019-10-05,false,,MARSAD_ARP2014
CMM-6d9d40e4f95c,TNP-00488,CMT-8a5b9ec83476,ARP-2014,chair,2014-12-02,2019-08-23,true,"observed on this committee on captures from 2015-03-07 to 2017-06-24, out of 10 readable captures of its page; the recorded span 2014-12-02..2019-08-23 is the outer bound, since each boundary falls in a gap between captures rather than on a known date",MARSAD_ARP2014
CMM-a02e3e94ed59,TNP-00488,CMT-601d95a949aa,ARP-2014,member,2014-12-02,2016-12-14,true,"observed on this committee on captures from 2015-03-07 to 2016-09-14, out of 9 readable captures of its page; the recorded span 2014-12-02..2016-12-14 is the outer bound, since each boundary falls in a gap between captures rather than on a known date",MARSAD_ARP2014
CMM-f1ae6098c454,TNP-00488,CMT-3e7af871322d,ARP-2014,member,2016-12-30,2019-08-23,true,"observed on this committee on captures from 2016-12-30 to 2016-12-30, out of 6 readable captures of its page; the recorded span 2016-12-30..2019-08-23 is the outer bound, since each boundary falls in a gap between captures rather than on a known date",MARSAD_ARP2014
CMM-2ce2b0fdd816,TNP-00852,CMT-3a051620fd33,ARP-2014,member,2019-07-22,2019-10-05,true,"observed on this committee on captures from 2019-07-22 to 2019-09-18, out of 12 readable captures of its page; the recorded span 2019-07-22..2019-10-05 is the outer bound, since each boundary falls in a gap between captures rather than on a known date",MARSAD_ARP2014
CMM-eba3db1e1f5d,TNP-00853,CMT-47b4ceeab70a,ARP-2014,assistant_rapporteur,2014-12-02,2019-08-23,true,"observed on this committee on captures from 2015-03-07 to 2019-05-08, out of 8 readable captures of its page; the recorded span 2014-12-02..2019-08-23 is the outer bound, since each boundary falls in a gap between captures rather than on a known date",MARSAD_ARP2014
CMM-dc06e0c3bcc4,TNP-00853,CMT-3e7af871322d,ARP-2014,rapporteur,2014-12-02,2019-10-05,false,,MARSAD_ARP2014
CMM-c310f585daa4,TNP-00854,CMT-79ca761acaf6,ARP-2014,member,2014-12-02,2019-10-05,false,,MARSAD_ARP2014
CMM-f2cfdb1702f0,TNP-00854,CMT-3a051620fd33,ARP-2014,chair,2019-07-22,2019-10-05,true,"observed on this committee on captures from 2019-07-22 to 2019-09-18, out of 12 readable captures of its page; the recorded span 2019-07-22..2019-10-05 is the outer bound, since each boundary falls in a gap between captures rather than on a known date",MARSAD_ARP2014
CMM-5ea32fc9cf20,TNP-00854,CMT-4633b2874c88,ARP-2014,member,2014-12-02,2019-05-08,true,"observed on this committee on captures from 2015-03-07 to 2017-06-26, out of 12 readable captures of its page; the recorded span 2014-12-02..2019-05-08 is the outer bound, since each boundary falls in a gap between captures rather than on a known date",MARSAD_ARP2014
CMM-d29463097415,TNP-00854,CMT-601d95a949aa,ARP-2014,member,2014-12-02,2019-08-23,true,"observed on this committee on captures from 2015-03-07 to 2017-06-25, out of 9 readable captures of its page; the recorded span 2014-12-02..2019-08-23 is the outer bound, since each boundary falls in a gap between captures rather than on a known date",MARSAD_ARP2014
CMM-d783863b5b50,TNP-00854,CMT-535731ec7ffd,ARP-2014,member,2019-05-08,2019-10-05,true,"observed on this committee on captures from 2019-05-08 to 2019-08-21, out of 9 readable captures of its page; the recorded span 2019-05-08..2019-10-05 is the outer bound, since each boundary falls in a gap between captures rather than on a known date",MARSAD_ARP2014
CMM-6bc8d9fdb177,TNP-00854,CMT-e5dff9bf0bca,ARP-2014,member,2014-12-02,2019-10-05,false,,MARSAD_ARP2014
CMM-2cab3ce53afb,TNP-00855,CMT-4633b2874c88,ARP-2014,member,2019-05-08,2019-10-05,true,"observed on this committee on captures from 2019-05-08 to 2019-08-23, out of 12 readable captures of its page; the recorded span 2019-05-08..2019-10-05 is the outer bound, since each boundary falls in a gap between captures rather than on a known date",MARSAD_ARP2014
CMM-f50e6524cdda,TNP-00855,CMT-b9e5e4367488,ARP-2014,member,2017-01-27,2019-08-23,true,"observed on this committee on captures from 2017-01-27 to 2017-06-24, out of 10 readable captures of its page; the recorded span 2017-01-27..2019-08-23 is the outer bound, since each boundary falls in a gap between captures rather than on a known date",MARSAD_ARP2014
CMM-c49e08d579ff,TNP-00855,CMT-5863460337e8,ARP-2014,assistant_rapporteur,2017-02-17,2019-10-05,true,"observed on this committee on captures from 2017-02-17 to 2019-08-23, out of 9 readable captures of its page; the recorded span 2017-02-17..2019-10-05 is the outer bound, since each boundary falls in a gap between captures rather than on a known date",MARSAD_ARP2014
CMM-b8cab4f75423,TNP-00857,CMT-894b8d7f301d,ARP-2014,assistant_rapporteur,2016-08-18,2019-07-23,true,"observed on this committee on captures from 2016-08-18 to 2017-06-25, out of 12 readable captures of its page; the recorded span 2016-08-18..2019-07-23 is the outer bound, since each boundary falls in a gap between captures rather than on a known date",MARSAD_ARP2014
CMM-191a30f9cac7,TNP-00857,CMT-8a5b9ec83476,ARP-2014,member,2019-08-23,2019-10-05,true,"observed on this committee on captures from 2019-08-23 to 2019-08-23, out of 10 readable captures of its page; the recorded span 2019-08-23..2019-10-05 is the outer bound, since each boundary falls in a gap between captures rather than on a known date",MARSAD_ARP2014
CMM-e4820919c081,TNP-00857,CMT-5863460337e8,ARP-2014,member,2014-12-02,2019-10-05,false,,MARSAD_ARP2014
CMM-1c53332d8b23,TNP-00419,CMT-79ca761acaf6,ARP-2014,member,2014-12-02,2019-10-05,false,,MARSAD_ARP2014
CMM-3ecb1beb00ef,TNP-00419,CMT-4633b2874c88,ARP-2014,vice_chair,2017-01-14,2019-05-08,true,"observed on this committee on captures from 2017-01-14 to 2017-06-26, out of 12 readable captures of its page; the recorded span 2017-01-14..2019-05-08 is the outer bound, since each boundary falls in a gap between captures rather than on a known date",MARSAD_ARP2014
CMM-33cfa855f526,TNP-00419,CMT-894b8d7f301d,ARP-2014,member,2014-12-02,2016-08-18,true,"observed on this committee on captures from 2015-03-07 to 2016-01-13, out of 12 readable captures of its page; the recorded span 2014-12-02..2016-08-18 is the outer bound, since each boundary falls in a gap between captures rather than on a known date",MARSAD_ARP2014
CMM-d5e69b01c413,TNP-00419,CMT-894b8d7f301d,ARP-2014,member,2016-09-14,2016-10-19,true,"observed on this committee on captures from 2016-09-14 to 2016-09-14, out of 12 readable captures of its page; the recorded span 2016-09-14..2016-10-19 is the outer bound, since each boundary falls in a gap between captures rather than on a known date",MARSAD_ARP2014
CMM-bad8ec29e20b,TNP-00419,CMT-894b8d7f301d,ARP-2014,assistant_rapporteur,2019-07-23,2019-10-05,true,"observed on this committee on captures from 2019-07-23 to 2019-09-19, out of 12 readable captures of its page; the recorded span 2019-07-23..2019-10-05 is the outer bound, since each boundary falls in a gap between captures rather than on a known date",MARSAD_ARP2014
CMM-9cd79ed80153,TNP-00419,CMT-535731ec7ffd,ARP-2014,member,2014-12-02,2019-05-08,true,"observed on this committee on captures from 2015-03-07 to 2017-04-28, out of 9 readable captures of its page; the recorded span 2014-12-02..2019-05-08 is the outer bound, since each boundary falls in a gap between captures rather than on a known date",MARSAD_ARP2014
CMM-7e392d126f28,TNP-00419,CMT-90ddb75794d7,ARP-2014,member,2019-08-21,2019-10-05,true,"observed on this committee on captures from 2019-08-21 to 2019-09-17, out of 8 readable captures of its page; the recorded span 2019-08-21..2019-10-05 is the outer bound, since each boundary falls in a gap between captures rather than on a known date",MARSAD_ARP2014
CMM-2dbd1203fb79,TNP-00858,CMT-2bc1cee50ba8,ARP-2014,assistant_rapporteur,2019-07-23,2019-10-05,true,"observed on this committee on captures from 2019-07-23 to 2019-09-17, out of 12 readable captures of its page; the recorded span 2019-07-23..2019-10-05 is the outer bound, since each boundary falls in a gap between captures rather than on a known date",MARSAD_ARP2014
CMM-917cb7289d53,TNP-00858,CMT-47b4ceeab70a,ARP-2014,member,2014-12-02,2019-05-08,true,"observed on this committee on captures from 2015-03-07 to 2017-05-31, out of 8 readable captures of its page; the recorded span 2014-12-02..2019-05-08 is the outer bound, since each boundary falls in a gap between captures rather than on a known date",MARSAD_ARP2014
CMM-6338723f2b93,TNP-00858,CMT-c19410caa909,ARP-2014,member,2016-12-30,2019-08-21,true,"observed on this committee on captures from 2016-12-30 to 2017-05-15, out of 6 readable captures of its page; the recorded span 2016-12-30..2019-08-21 is the outer bound, since each boundary falls in a gap between captures rather than on a known date",MARSAD_ARP2014
CMM-4efe30f06119,TNP-00858,CMT-535731ec7ffd,ARP-2014,member,2019-05-08,2019-10-05,true,"observed on this committee on captures from 2019-05-08 to 2019-08-21, out of 9 readable captures of its page; the recorded span 2019-05-08..2019-10-05 is the outer bound, since each boundary falls in a gap between captures rather than on a known date",MARSAD_ARP2014
CMM-08db162900f2,TNP-00858,CMT-3e7af871322d,ARP-2014,member,2014-12-02,2016-12-30,true,"observed on this committee on captures from 2015-03-07 to 2016-09-15, out of 6 readable captures of its page; the recorded span 2014-12-02..2016-12-30 is the outer bound, since each boundary falls in a gap between captures rather than on a known date",MARSAD_ARP2014
CMM-d86ac667dfe3,TNP-00859,CMT-47b4ceeab70a,ARP-2014,rapporteur,2014-12-02,2019-10-05,false,,MARSAD_ARP2014
CMM-8aff0fbbd5b9,TNP-00859,CMT-f7166b323046,ARP-2014,member,2014-12-02,2019-10-05,false,,MARSAD_ARP2014
CMM-4fc9457ffd81,TNP-00860,CMT-4633b2874c88,ARP-2014,assistant_rapporteur,2017-01-14,2019-10-05,true,"observed on this committee on captures from 2017-01-14 to 2019-08-23, out of 12 readable captures of its page; the recorded span 2017-01-14..2019-10-05 is the outer bound, since each boundary falls in a gap between captures rather than on a known date",MARSAD_ARP2014
CMM-74065eb5a34a,TNP-00860,CMT-a48500711e9b,ARP-2014,rapporteur,2017-04-29,2019-10-05,true,"observed on this committee on captures from 2017-04-29 to 2019-09-18, out of 12 readable captures of its page; the recorded span 2017-04-29..2019-10-05 is the outer bound, since each boundary falls in a gap between captures rather than on a known date",MARSAD_ARP2014
CMM-e20b4add14c3,TNP-00860,CMT-8d6af35d5cb4,ARP-2014,member,2014-12-02,2019-10-05,false,,MARSAD_ARP2014
CMM-a795a04603f2,TNP-00861,CMT-7858621d9962,ARP-2014,member,2014-12-02,2016-09-14,true,"observed on this committee on captures from 2015-03-07 to 2015-10-22, out of 12 readable captures of its page; the recorded span 2014-12-02..2016-09-14 is the outer bound, since each boundary falls in a gap between captures rather than on a known date",MARSAD_ARP2014
CMM-2be1d6ccaa30,TNP-00861,CMT-47b4ceeab70a,ARP-2014,member,2016-04-24,2019-10-05,true,"observed on this committee on captures from 2016-04-24 to 2019-08-23, out of 8 readable captures of its page; the recorded span 2016-04-24..2019-10-05 is the outer bound, since each boundary falls in a gap between captures rather than on a known date",MARSAD_ARP2014
CMM-e01e8607bf48,TNP-00861,CMT-601d95a949aa,ARP-2014,member,2019-08-23,2019-10-05,true,"observed on this committee on captures from 2019-08-23 to 2019-08-23, out of 9 readable captures of its page; the recorded span 2019-08-23..2019-10-05 is the outer bound, since each boundary falls in a gap between captures rather than on a known date",MARSAD_ARP2014
CMM-4994744bced9,TNP-00861,CMT-a48500711e9b,ARP-2014,member,2017-04-29,2019-05-08,true,"observed on this committee on captures from 2017-04-29 to 2017-06-02, out of 12 readable captures of its page; the recorded span 2017-04-29..2019-05-08 is the outer bound, since each boundary falls in a gap between captures rather than on a known date",MARSAD_ARP2014
CMM-3f96a5e61dc2,TNP-00862,CMT-cab87800ef44,ARP-2014,member,2019-07-22,2019-10-05,true,"observed on this committee on captures from 2019-07-22 to 2019-09-15, out of 11 readable captures of its page; the recorded span 2019-07-22..2019-10-05 is the outer bound, since each boundary falls in a gap between captures rather than on a known date",MARSAD_ARP2014
CMM-566570089e54,TNP-00862,CMT-8a5b9ec83476,ARP-2014,member,2016-12-30,2017-03-01,true,"observed on this committee on captures from 2016-12-30 to 2016-12-30, out of 10 readable captures of its page; the recorded span 2016-12-30..2017-03-01 is the outer bound, since each boundary falls in a gap between captures rather than on a known date",MARSAD_ARP2014
CMM-7d24734d083c,TNP-00862,CMT-5863460337e8,ARP-2014,rapporteur,2017-02-17,2019-10-05,true,"observed on this committee on captures from 2017-02-17 to 2019-08-23, out of 9 readable captures of its page; the recorded span 2017-02-17..2019-10-05 is the outer bound, since each boundary falls in a gap between captures rather than on a known date",MARSAD_ARP2014
CMM-22923a398029,TNP-00862,CMT-e1fb561ef6b9,ARP-2014,rapporteur,2014-12-02,2019-10-05,false,,MARSAD_ARP2014
CMM-7c5166f66b1b,TNP-00247,CMT-3a051620fd33,ARP-2014,vice_chair,2014-12-02,2016-12-10,true,"observed on this committee on captures from 2015-03-07 to 2016-09-15, out of 12 readable captures of its page; the recorded span 2014-12-02..2016-12-10 is the outer bound, since each boundary falls in a gap between captures rather than on a known date",MARSAD_ARP2014
CMM-1e7df6bc743e,TNP-00247,CMT-4633b2874c88,ARP-2014,chair,2019-05-08,2019-10-05,true,"observed on this committee on captures from 2019-05-08 to 2019-08-23, out of 12 readable captures of its page; the recorded span 2019-05-08..2019-10-05 is the outer bound, since each boundary falls in a gap between captures rather than on a known date",MARSAD_ARP2014
CMM-3e5ab88fbe42,TNP-00247,CMT-7858621d9962,ARP-2014,vice_chair,2016-12-13,2019-07-23,true,"observed on this committee on captures from 2016-12-13 to 2017-06-24, out of 12 readable captures of its page; the recorded span 2016-12-13..2019-07-23 is the outer bound, since each boundary falls in a gap between captures rather than on a known date",MARSAD_ARP2014
CMM-28b17ee70999,TNP-00247,CMT-c19410caa909,ARP-2014,member,2016-12-30,2019-10-05,true,"observed on this committee on captures from 2016-12-30 to 2019-08-21, out of 6 readable captures of its page; the recorded span 2016-12-30..2019-10-05 is the outer bound, since each boundary falls in a gap between captures rather than on a known date",MARSAD_ARP2014
CMM-ae23bc00922f,TNP-00247,CMT-5863460337e8,ARP-2014,member,2014-12-02,2017-02-17,true,"observed on this committee on captures from 2015-03-07 to 2016-09-15, out of 9 readable captures of its page; the recorded span 2014-12-02..2017-02-17 is the outer bound, since each boundary falls in a gap between captures rather than on a known date",MARSAD_ARP2014
CMM-14287f169565,TNP-00863,CMT-894b8d7f301d,ARP-2014,member,2019-07-23,2019-10-05,true,"observed on this committee on captures from 2019-07-23 to 2019-09-19, out of 12 readable captures of its page; the recorded span 2019-07-23..2019-10-05 is the outer bound, since each boundary falls in a gap between captures rather than on a known date",MARSAD_ARP2014
CMM-e574e0f76796,TNP-00863,CMT-c19410caa909,ARP-2014,vice_chair,2019-08-21,2019-10-05,true,"observed on this committee on captures from 2019-08-21 to 2019-08-21, out of 6 readable captures of its page; the recorded span 2019-08-21..2019-10-05 is the outer bound, since each boundary falls in a gap between captures rather than on a known date",MARSAD_ARP2014
CMM-74e5f20bc345,TNP-00863,CMT-e5dff9bf0bca,ARP-2014,member,2019-07-22,2019-10-05,true,"observed on this committee on captures from 2019-07-22 to 2019-09-15, out of 5 readable captures of its page; the recorded span 2019-07-22..2019-10-05 is the outer bound, since each boundary falls in a gap between captures rather than on a known date",MARSAD_ARP2014
CMM-aab8c2c098bb,TNP-00863,CMT-8d6af35d5cb4,ARP-2014,assistant_rapporteur,2019-07-22,2019-10-05,true,"observed on this committee on captures from 2019-07-22 to 2019-09-18, out of 4 readable captures of its page; the recorded span 2019-07-22..2019-10-05 is the outer bound, since each boundary falls in a gap between captures rather than on a known date",MARSAD_ARP2014
CMM-07c5193f713b,TNP-00864,CMT-79ca761acaf6,ARP-2014,member,2014-12-02,2019-10-05,false,,MARSAD_ARP2014
CMM-ac4959f6d243,TNP-00864,CMT-894b8d7f301d,ARP-2014,member,2014-12-02,2017-04-24,true,"observed on this committee on captures from 2015-03-07 to 2016-10-19, out of 12 readable captures of its page; the recorded span 2014-12-02..2017-04-24 is the outer bound, since each boundary falls in a gap between captures rather than on a known date",MARSAD_ARP2014
CMM-595e0588ccab,TNP-00864,CMT-8a5b9ec83476,ARP-2014,member,2016-12-30,2019-08-23,true,"observed on this committee on captures from 2016-12-30 to 2017-06-24, out of 10 readable captures of its page; the recorded span 2016-12-30..2019-08-23 is the outer bound, since each boundary falls in a gap between captures rather than on a known date",MARSAD_ARP2014
CMM-96eb37c47334,TNP-00864,CMT-c19410caa909,ARP-2014,vice_chair,2014-12-02,2019-08-21,true,"observed on this committee on captures from 2015-03-07 to 2017-05-15, out of 6 readable captures of its page; the recorded span 2014-12-02..2019-08-21 is the outer bound, since each boundary falls in a gap between captures rather than on a known date",MARSAD_ARP2014
CMM-f4e50bcde516,TNP-00864,CMT-e5dff9bf0bca,ARP-2014,member,2014-12-02,2019-07-22,true,"observed on this committee on captures from 2016-10-31 to 2017-05-17, out of 5 readable captures of its page; the recorded span 2014-12-02..2019-07-22 is the outer bound, since each boundary falls in a gap between captures rather than on a known date",MARSAD_ARP2014
CMM-954c64ef7250,TNP-00865,CMT-2bc1cee50ba8,ARP-2014,member,2017-01-16,2017-05-02,true,"observed on this committee on captures from 2017-01-16 to 2017-01-16, out of 12 readable captures of its page; the recorded span 2017-01-16..2017-05-02 is the outer bound, since each boundary falls in a gap between captures rather than on a known date",MARSAD_ARP2014
CMM-0e06acedf0ab,TNP-00865,CMT-2bc1cee50ba8,ARP-2014,rapporteur,2019-07-23,2019-10-05,true,"observed on this committee on captures from 2019-07-23 to 2019-09-17, out of 12 readable captures of its page; the recorded span 2019-07-23..2019-10-05 is the outer bound, since each boundary falls in a gap between captures rather than on a known date",MARSAD_ARP2014
CMM-2b3436a3ef66,TNP-00865,CMT-47b4ceeab70a,ARP-2014,member,2014-12-02,2017-05-31,true,"observed on this committee on captures from 2015-03-07 to 2016-09-14, out of 8 readable captures of its page; the recorded span 2014-12-02..2017-05-31 is the outer bound, since each boundary falls in a gap between captures rather than on a known date",MARSAD_ARP2014
CMM-b11edd757156,TNP-00865,CMT-3e7af871322d,ARP-2014,member,2019-08-23,2019-10-05,true,"observed on this committee on captures from 2019-08-23 to 2019-08-23, out of 6 readable captures of its page; the recorded span 2019-08-23..2019-10-05 is the outer bound, since each boundary falls in a gap between captures rather than on a known date",MARSAD_ARP2014
CMM-7b7d7bdcc841,TNP-00865,CMT-a48500711e9b,ARP-2014,assistant_rapporteur,2014-12-02,2019-05-08,true,"observed on this committee on captures from 2015-03-07 to 2017-06-02, out of 12 readable captures of its page; the recorded span 2014-12-02..2019-05-08 is the outer bound, since each boundary falls in a gap between captures rather than on a known date",MARSAD_ARP2014
CMM-d112d9a45b3e,TNP-00865,CMT-8d6af35d5cb4,ARP-2014,member,2014-12-02,2019-10-05,false,,MARSAD_ARP2014
CMM-370bf10a0aa3,TNP-00866,CMT-47b4ceeab70a,ARP-2014,member,2014-12-02,2019-10-05,false,,MARSAD_ARP2014
CMM-0289e9065d20,TNP-00866,CMT-601d95a949aa,ARP-2014,member,2016-04-19,2019-10-05,true,"observed on this committee on captures from 2016-04-19 to 2019-08-23, out of 9 readable captures of its page; the recorded span 2016-04-19..2019-10-05 is the outer bound, since each boundary falls in a gap between captures rather than on a known date",MARSAD_ARP2014
CMM-3bc375ebccc3,TNP-00866,CMT-a48500711e9b,ARP-2014,vice_chair,2014-12-02,2016-04-24,true,"observed on this committee on captures from 2015-03-07 to 2016-01-13, out of 12 readable captures of its page; the recorded span 2014-12-02..2016-04-24 is the outer bound, since each boundary falls in a gap between captures rather than on a known date",MARSAD_ARP2014
CMM-1f520cde7dc7,TNP-00866,CMT-a48500711e9b,ARP-2014,vice_chair,2016-09-15,2017-04-29,true,"observed on this committee on captures from 2016-09-15 to 2016-10-07, out of 12 readable captures of its page; the recorded span 2016-09-15..2017-04-29 is the outer bound, since each boundary falls in a gap between captures rather than on a known date",MARSAD_ARP2014
CMM-e2a729e7e53d,TNP-00866,CMT-e1fb561ef6b9,ARP-2014,member,2014-12-02,2019-10-05,false,,MARSAD_ARP2014
CMM-6b9c54a5bdf6,TNP-00867,CMT-b9e5e4367488,ARP-2014,member,2014-12-02,2017-06-24,true,"observed on this committee on captures from 2015-03-07 to 2017-05-25, out of 10 readable captures of its page; the recorded span 2014-12-02..2017-06-24 is the outer bound, since each boundary falls in a gap between captures rather than on a known date",MARSAD_ARP2014
CMM-2886acbe27d8,TNP-00867,CMT-b9e5e4367488,ARP-2014,vice_chair,2019-08-23,2019-10-05,true,"observed on this committee on captures from 2019-08-23 to 2019-09-23, out of 10 readable captures of its page; the recorded span 2019-08-23..2019-10-05 is the outer bound, since each boundary falls in a gap between captures rather than on a known date",MARSAD_ARP2014
CMM-35c4b9bc2539,TNP-00867,CMT-f7166b323046,ARP-2014,member,2016-09-14,2016-12-30,true,"observed on this committee on captures from 2016-09-14 to 2016-09-14, out of 5 readable captures of its page; the recorded span 2016-09-14..2016-12-30 is the outer bound, since each boundary falls in a gap between captures rather than on a known date",MARSAD_ARP2014
CMM-7165720d7b54,TNP-00867,CMT-5863460337e8,ARP-2014,member,2019-08-23,2019-10-05,true,"observed on this committee on captures from 2019-08-23 to 2019-08-23, out of 9 readable captures of its page; the recorded span 2019-08-23..2019-10-05 is the outer bound, since each boundary falls in a gap between captures rather than on a known date",MARSAD_ARP2014
CMM-6f56124efc22,TNP-00867,CMT-90ddb75794d7,ARP-2014,member,2014-12-02,2016-07-26,true,"observed on this committee on captures from 2015-03-07 to 2015-10-22, out of 8 readable captures of its page; the recorded span 2014-12-02..2016-07-26 is the outer bound, since each boundary falls in a gap between captures rather than on a known date",MARSAD_ARP2014
CMM-a124d39b2cff,TNP-00867,CMT-90ddb75794d7,ARP-2014,member,2016-09-14,2017-01-27,true,"observed on this committee on captures from 2016-09-14 to 2016-09-14, out of 8 readable captures of its page; the recorded span 2016-09-14..2017-01-27 is the outer bound, since each boundary falls in a gap between captures rather than on a known date",MARSAD_ARP2014
CMM-7f8fb990c516,TNP-00867,CMT-e5dff9bf0bca,ARP-2014,member,2014-12-02,2019-10-05,false,,MARSAD_ARP2014
CMM-9fdd7dd41cbe,TNP-00868,CMT-cab87800ef44,ARP-2014,member,2016-03-23,2019-10-05,true,"observed on this committee on captures from 2016-03-23 to 2019-09-15, out of 11 readable captures of its page; the recorded span 2016-03-23..2019-10-05 is the outer bound, since each boundary falls in a gap between captures rather than on a known date",MARSAD_ARP2014
CMM-a8ce7f30bbdb,TNP-00868,CMT-47b4ceeab70a,ARP-2014,member,2014-12-02,2016-04-24,true,"observed on this committee on captures from 2015-03-07 to 2016-01-08, out of 8 readable captures of its page; the recorded span 2014-12-02..2016-04-24 is the outer bound, since each boundary falls in a gap between captures rather than on a known date",MARSAD_ARP2014
CMM-f31ab681606b,TNP-00868,CMT-47b4ceeab70a,ARP-2014,member,2016-09-14,2017-05-31,true,"observed on this committee on captures from 2016-09-14 to 2016-09-14, out of 8 readable captures of its page; the recorded span 2016-09-14..2017-05-31 is the outer bound, since each boundary falls in a gap between captures rather than on a known date",MARSAD_ARP2014
CMM-81cc65f7b825,TNP-00868,CMT-a48500711e9b,ARP-2014,assistant_rapporteur,2014-12-02,2019-10-05,false,,MARSAD_ARP2014
CMM-5ac14312ba89,TNP-00869,CMT-2bc1cee50ba8,ARP-2014,member,2019-07-23,2019-10-05,true,"observed on this committee on captures from 2019-07-23 to 2019-09-17, out of 12 readable captures of its page; the recorded span 2019-07-23..2019-10-05 is the outer bound, since each boundary falls in a gap between captures rather than on a known date",MARSAD_ARP2014
CMM-4a45559eda15,TNP-00869,CMT-b9e5e4367488,ARP-2014,member,2017-01-27,2019-08-23,true,"observed on this committee on captures from 2017-01-27 to 2017-06-24, out of 10 readable captures of its page; the recorded span 2017-01-27..2019-08-23 is the outer bound, since each boundary falls in a gap between captures rather than on a known date",MARSAD_ARP2014
CMM-302129a16706,TNP-00869,CMT-894b8d7f301d,ARP-2014,member,2014-12-02,2017-04-24,true,"observed on this committee on captures from 2015-03-07 to 2016-10-19, out of 12 readable captures of its page; the recorded span 2014-12-02..2017-04-24 is the outer bound, since each boundary falls in a gap between captures rather than on a known date",MARSAD_ARP2014
CMM-f8a1bc0fcc37,TNP-00869,CMT-894b8d7f301d,ARP-2014,member,2017-06-25,2019-07-23,true,"observed on this committee on captures from 2017-06-25 to 2017-06-25, out of 12 readable captures of its page; the recorded span 2017-06-25..2019-07-23 is the outer bound, since each boundary falls in a gap between captures rather than on a known date",MARSAD_ARP2014
CMM-aebbcfe9d2ba,TNP-00869,CMT-601d95a949aa,ARP-2014,member,2019-08-23,2019-10-05,true,"observed on this committee on captures from 2019-08-23 to 2019-08-23, out of 9 readable captures of its page; the recorded span 2019-08-23..2019-10-05 is the outer bound, since each boundary falls in a gap between captures rather than on a known date",MARSAD_ARP2014
CMM-af7f7b9d86ad,TNP-00869,CMT-a48500711e9b,ARP-2014,member,2014-12-02,2019-05-08,true,"observed on this committee on captures from 2015-03-07 to 2017-06-02, out of 12 readable captures of its page; the recorded span 2014-12-02..2019-05-08 is the outer bound, since each boundary falls in a gap between captures rather than on a known date",MARSAD_ARP2014
CMM-ba184c745baa,TNP-00251,CMT-4633b2874c88,ARP-2014,member,2014-12-02,2016-10-30,true,"observed on this committee on captures from 2015-03-07 to 2016-09-15, out of 12 readable captures of its page; the recorded span 2014-12-02..2016-10-30 is the outer bound, since each boundary falls in a gap between captures rather than on a known date",MARSAD_ARP2014
CMM-e4c9f3fd0dc7,TNP-00251,CMT-b9e5e4367488,ARP-2014,member,2017-01-27,2019-10-05,true,"observed on this committee on captures from 2017-01-27 to 2019-09-23, out of 10 readable captures of its page; the recorded span 2017-01-27..2019-10-05 is the outer bound, since each boundary falls in a gap between captures rather than on a known date",MARSAD_ARP2014
CMM-97161692da49,TNP-00251,CMT-c19410caa909,ARP-2014,member,2014-12-02,2016-12-30,true,"observed on this committee on captures from 2015-03-07 to 2016-09-14, out of 6 readable captures of its page; the recorded span 2014-12-02..2016-12-30 is the outer bound, since each boundary falls in a gap between captures rather than on a known date",MARSAD_ARP2014
CMM-b724d23ce97e,TNP-00251,CMT-f7166b323046,ARP-2014,member,2019-08-23,2019-10-05,true,"observed on this committee on captures from 2019-08-23 to 2019-08-23, out of 5 readable captures of its page; the recorded span 2019-08-23..2019-10-05 is the outer bound, since each boundary falls in a gap between captures rather than on a known date",MARSAD_ARP2014
CMM-f159deb3da5c,TNP-00251,CMT-90ddb75794d7,ARP-2014,member,2017-01-27,2019-08-21,true,"observed on this committee on captures from 2017-01-27 to 2017-05-17, out of 8 readable captures of its page; the recorded span 2017-01-27..2019-08-21 is the outer bound, since each boundary falls in a gap between captures rather than on a known date",MARSAD_ARP2014
CMM-bbf8d7a2edda,TNP-00251,CMT-e1fb561ef6b9,ARP-2014,member,2014-12-02,2019-10-05,false,,MARSAD_ARP2014
CMM-862949035eeb,TNP-00870,CMT-2bc1cee50ba8,ARP-2014,member,2016-04-05,2017-01-16,true,"observed on this committee on captures from 2016-04-05 to 2016-10-27, out of 12 readable captures of its page; the recorded span 2016-04-05..2017-01-16 is the outer bound, since each boundary falls in a gap between captures rather than on a known date",MARSAD_ARP2014
CMM-d5d8ff62df7e,TNP-00870,CMT-47b4ceeab70a,ARP-2014,member,2014-12-02,2016-04-24,true,"observed on this committee on captures from 2015-03-07 to 2016-01-08, out of 8 readable captures of its page; the recorded span 2014-12-02..2016-04-24 is the outer bound, since each boundary falls in a gap between captures rather than on a known date",MARSAD_ARP2014
CMM-eb2fb14c4cda,TNP-00870,CMT-47b4ceeab70a,ARP-2014,member,2016-09-14,2017-05-31,true,"observed on this committee on captures from 2016-09-14 to 2016-09-14, out of 8 readable captures of its page; the recorded span 2016-09-14..2017-05-31 is the outer bound, since each boundary falls in a gap between captures rather than on a known date",MARSAD_ARP2014
CMM-d9d9464c09a7,TNP-00870,CMT-47b4ceeab70a,ARP-2014,member,2019-05-08,2019-10-05,true,"observed on this committee on captures from 2019-05-08 to 2019-08-23, out of 8 readable captures of its page; the recorded span 2019-05-08..2019-10-05 is the outer bound, since each boundary falls in a gap between captures rather than on a known date",MARSAD_ARP2014
CMM-a00d839ebfab,TNP-00870,CMT-c19410caa909,ARP-2014,chair,2014-12-02,2016-12-30,true,"observed on this committee on captures from 2015-03-07 to 2016-09-14, out of 6 readable captures of its page; the recorded span 2014-12-02..2016-12-30 is the outer bound, since each boundary falls in a gap between captures rather than on a known date",MARSAD_ARP2014
CMM-13cd4add991d,TNP-00870,CMT-c19410caa909,ARP-2014,member,2019-08-21,2019-10-05,true,"observed on this committee on captures from 2019-08-21 to 2019-08-21, out of 6 readable captures of its page; the recorded span 2019-08-21..2019-10-05 is the outer bound, since each boundary falls in a gap between captures rather than on a known date",MARSAD_ARP2014
CMM-287f4af5a5e7,TNP-00494,CMT-79ca761acaf6,ARP-2014,member,2014-12-02,2019-10-05,false,,MARSAD_ARP2014
CMM-2b9b149748ce,TNP-00494,CMT-894b8d7f301d,ARP-2014,assistant_rapporteur,2014-12-02,2019-10-05,false,,MARSAD_ARP2014
CMM-03a70c0284d4,TNP-00494,CMT-c19410caa909,ARP-2014,member,2016-07-27,2019-08-21,true,"observed on this committee on captures from 2016-07-27 to 2017-05-15, out of 6 readable captures of its page; the recorded span 2016-07-27..2019-08-21 is the outer bound, since each boundary falls in a gap between captures rather than on a known date",MARSAD_ARP2014
CMM-9245496c285f,TNP-00494,CMT-90ddb75794d7,ARP-2014,member,2014-12-02,2016-07-26,true,"observed on this committee on captures from 2015-03-07 to 2015-10-22, out of 8 readable captures of its page; the recorded span 2014-12-02..2016-07-26 is the outer bound, since each boundary falls in a gap between captures rather than on a known date",MARSAD_ARP2014
CMM-7ca0ab085c32,TNP-00494,CMT-90ddb75794d7,ARP-2014,member,2016-09-14,2017-01-27,true,"observed on this committee on captures from 2016-09-14 to 2016-09-14, out of 8 readable captures of its page; the recorded span 2016-09-14..2017-01-27 is the outer bound, since each boundary falls in a gap between captures rather than on a known date",MARSAD_ARP2014
CMM-17a007ea7044,TNP-00494,CMT-8d6af35d5cb4,ARP-2014,member,2014-12-02,2019-10-05,false,,MARSAD_ARP2014
CMM-252b5304a7e3,TNP-00254,CMT-cab87800ef44,ARP-2014,member,2014-12-02,2019-10-05,false,,MARSAD_ARP2014
CMM-61e629960fc7,TNP-00254,CMT-f7166b323046,ARP-2014,rapporteur,2019-08-23,2019-10-05,true,"observed on this committee on captures from 2019-08-23 to 2019-08-23, out of 5 readable captures of its page; the recorded span 2019-08-23..2019-10-05 is the outer bound, since each boundary falls in a gap between captures rather than on a known date",MARSAD_ARP2014
CMM-9b1e496f4a8a,TNP-00254,CMT-3e7af871322d,ARP-2014,member,2014-12-02,2016-12-30,true,"observed on this committee on captures from 2015-03-07 to 2016-09-15, out of 6 readable captures of its page; the recorded span 2014-12-02..2016-12-30 is the outer bound, since each boundary falls in a gap between captures rather than on a known date",MARSAD_ARP2014
CMM-839a00da3148,TNP-00254,CMT-a48500711e9b,ARP-2014,member,2017-04-29,2019-05-08,true,"observed on this committee on captures from 2017-04-29 to 2017-06-02, out of 12 readable captures of its page; the recorded span 2017-04-29..2019-05-08 is the outer bound, since each boundary falls in a gap between captures rather than on a known date",MARSAD_ARP2014
CMM-05a0536aca66,TNP-00254,CMT-e5dff9bf0bca,ARP-2014,member,2014-12-02,2019-10-05,false,,MARSAD_ARP2014
CMM-dbf4d668ad26,TNP-00255,CMT-47b4ceeab70a,ARP-2014,member,2014-12-02,2019-10-05,false,,MARSAD_ARP2014
CMM-1d88bc9c1706,TNP-00255,CMT-5863460337e8,ARP-2014,member,2014-12-02,2019-10-05,false,,MARSAD_ARP2014
CMM-f05f25f8e046,TNP-00519,CMT-8a5b9ec83476,ARP-2014,member,2014-12-02,2019-10-05,false,,MARSAD_ARP2014
CMM-14dfe635aa93,TNP-00519,CMT-90ddb75794d7,ARP-2014,member,2014-12-02,2019-10-05,false,,MARSAD_ARP2014
CMM-0ded308f2eaf,TNP-00871,CMT-cab87800ef44,ARP-2014,assistant_rapporteur,2014-12-02,2019-07-22,true,"observed on this committee on captures from 2015-03-07 to 2017-06-24, out of 11 readable captures of its page; the recorded span 2014-12-02..2019-07-22 is the outer bound, since each boundary falls in a gap between captures rather than on a known date",MARSAD_ARP2014
CMM-57aa0b2e140f,TNP-00871,CMT-601d95a949aa,ARP-2014,member,2016-12-14,2019-08-23,true,"observed on this committee on captures from 2016-12-14 to 2017-06-25, out of 9 readable captures of its page; the recorded span 2016-12-14..2019-08-23 is the outer bound, since each boundary falls in a gap between captures rather than on a known date",MARSAD_ARP2014
CMM-8a2a1743ac69,TNP-00871,CMT-535731ec7ffd,ARP-2014,assistant_rapporteur,2016-09-15,2017-01-13,true,"observed on this committee on captures from 2016-09-15 to 2016-09-15, out of 9 readable captures of its page; the recorded span 2016-09-15..2017-01-13 is the outer bound, since each boundary falls in a gap between captures rather than on a known date",MARSAD_ARP2014
CMM-b454ac8b8296,TNP-00872,CMT-535731ec7ffd,ARP-2014,member,2019-05-08,2019-10-05,true,"observed on this committee on captures from 2019-05-08 to 2019-08-21, out of 9 readable captures of its page; the recorded span 2019-05-08..2019-10-05 is the outer bound, since each boundary falls in a gap between captures rather than on a known date",MARSAD_ARP2014
CMM-991abc12d6e0,TNP-00262,CMT-2bc1cee50ba8,ARP-2014,member,2019-07-23,2019-10-05,true,"observed on this committee on captures from 2019-07-23 to 2019-09-17, out of 12 readable captures of its page; the recorded span 2019-07-23..2019-10-05 is the outer bound, since each boundary falls in a gap between captures rather than on a known date",MARSAD_ARP2014
CMM-1b0ece68ca6e,TNP-00262,CMT-5863460337e8,ARP-2014,member,2019-08-23,2019-10-05,true,"observed on this committee on captures from 2019-08-23 to 2019-08-23, out of 9 readable captures of its page; the recorded span 2019-08-23..2019-10-05 is the outer bound, since each boundary falls in a gap between captures rather than on a known date",MARSAD_ARP2014
CMM-939c2b883b98,TNP-00262,CMT-e1fb561ef6b9,ARP-2014,member,2014-12-02,2019-10-05,false,,MARSAD_ARP2014
CMM-4a6767dd84d3,TNP-00262,CMT-2bc1cee50ba8,ARP-2014,member,2017-01-16,2019-07-23,true,"observed on this committee on captures from 2017-01-16 to 2017-06-02, out of 12 readable captures of its page; the recorded span 2017-01-16..2019-07-23 is the outer bound, since each boundary falls in a gap between captures rather than on a known date",MARSAD_ARP2014
CMM-7c28894bf120,TNP-00262,CMT-47b4ceeab70a,ARP-2014,member,2016-04-24,2017-05-31,true,"observed on this committee on captures from 2016-04-24 to 2016-09-14, out of 8 readable captures of its page; the recorded span 2016-04-24..2017-05-31 is the outer bound, since each boundary falls in a gap between captures rather than on a known date",MARSAD_ARP2014
CMM-c570bd4e400e,TNP-00873,CMT-7858621d9962,ARP-2014,member,2014-12-02,2019-10-05,false,,MARSAD_ARP2014
CMM-f7abfbd40e48,TNP-00873,CMT-535731ec7ffd,ARP-2014,member,2017-01-13,2019-10-05,true,"observed on this committee on captures from 2017-01-13 to 2019-08-21, out of 9 readable captures of its page; the recorded span 2017-01-13..2019-10-05 is the outer bound, since each boundary falls in a gap between captures rather than on a known date",MARSAD_ARP2014
CMM-9f4b79c6706e,TNP-00873,CMT-3e7af871322d,ARP-2014,member,2014-12-02,2016-12-30,true,"observed on this committee on captures from 2015-03-07 to 2016-09-15, out of 6 readable captures of its page; the recorded span 2014-12-02..2016-12-30 is the outer bound, since each boundary falls in a gap between captures rather than on a known date",MARSAD_ARP2014
CMM-eba9580cb83b,TNP-00496,CMT-3a051620fd33,ARP-2014,member,2016-07-02,2016-12-10,true,"observed on this committee on captures from 2016-07-02 to 2016-09-15, out of 12 readable captures of its page; the recorded span 2016-07-02..2016-12-10 is the outer bound, since each boundary falls in a gap between captures rather than on a known date",MARSAD_ARP2014
CMM-51af601892a4,TNP-00496,CMT-4633b2874c88,ARP-2014,member,2017-01-14,2019-10-05,true,"observed on this committee on captures from 2017-01-14 to 2019-08-23, out of 12 readable captures of its page; the recorded span 2017-01-14..2019-10-05 is the outer bound, since each boundary falls in a gap between captures rather than on a known date",MARSAD_ARP2014
CMM-8e9cfa514304,TNP-00496,CMT-47b4ceeab70a,ARP-2014,member,2014-12-02,2016-04-24,true,"observed on this committee on captures from 2015-03-07 to 2016-01-08, out of 8 readable captures of its page; the recorded span 2014-12-02..2016-04-24 is the outer bound, since each boundary falls in a gap between captures rather than on a known date",MARSAD_ARP2014
CMM-91943e0a396d,TNP-00496,CMT-47b4ceeab70a,ARP-2014,member,2016-09-14,2017-05-31,true,"observed on this committee on captures from 2016-09-14 to 2016-09-14, out of 8 readable captures of its page; the recorded span 2016-09-14..2017-05-31 is the outer bound, since each boundary falls in a gap between captures rather than on a known date",MARSAD_ARP2014
CMM-d7065fd9189d,TNP-00496,CMT-3e7af871322d,ARP-2014,member,2019-08-23,2019-10-05,true,"observed on this committee on captures from 2019-08-23 to 2019-08-23, out of 6 readable captures of its page; the recorded span 2019-08-23..2019-10-05 is the outer bound, since each boundary falls in a gap between captures rather than on a known date",MARSAD_ARP2014
CMM-668997c1bf67,TNP-00496,CMT-a48500711e9b,ARP-2014,member,2014-12-02,2019-05-08,true,"observed on this committee on captures from 2015-03-07 to 2017-06-02, out of 12 readable captures of its page; the recorded span 2014-12-02..2019-05-08 is the outer bound, since each boundary falls in a gap between captures rather than on a known date",MARSAD_ARP2014
CMM-e5d28377e9bc,TNP-00496,CMT-8d6af35d5cb4,ARP-2014,member,2014-12-02,2019-10-05,false,,MARSAD_ARP2014
CMM-f0cae161627d,TNP-00874,CMT-2bc1cee50ba8,ARP-2014,member,2014-12-02,2017-06-02,true,"observed on this committee on captures from 2015-03-07 to 2017-05-02, out of 12 readable captures of its page; the recorded span 2014-12-02..2017-06-02 is the outer bound, since each boundary falls in a gap between captures rather than on a known date",MARSAD_ARP2014
CMM-3bfb798e5e9b,TNP-00874,CMT-7858621d9962,ARP-2014,member,2019-07-23,2019-10-05,true,"observed on this committee on captures from 2019-07-23 to 2019-09-19, out of 12 readable captures of its page; the recorded span 2019-07-23..2019-10-05 is the outer bound, since each boundary falls in a gap between captures rather than on a known date",MARSAD_ARP2014
CMM-1a6bfb9df961,TNP-00874,CMT-601d95a949aa,ARP-2014,member,2014-12-02,2016-12-14,true,"observed on this committee on captures from 2015-03-07 to 2016-09-14, out of 9 readable captures of its page; the recorded span 2014-12-02..2016-12-14 is the outer bound, since each boundary falls in a gap between captures rather than on a known date",MARSAD_ARP2014
CMM-6a5d74af9c63,TNP-00874,CMT-3e7af871322d,ARP-2014,member,2019-08-23,2019-10-05,true,"observed on this committee on captures from 2019-08-23 to 2019-08-23, out of 6 readable captures of its page; the recorded span 2019-08-23..2019-10-05 is the outer bound, since each boundary falls in a gap between captures rather than on a known date",MARSAD_ARP2014
CMM-baabc1947bb8,TNP-00267,CMT-2bc1cee50ba8,ARP-2014,member,2015-11-13,2019-07-23,true,"observed on this committee on captures from 2015-11-13 to 2017-06-02, out of 12 readable captures of its page; the recorded span 2015-11-13..2019-07-23 is the outer bound, since each boundary falls in a gap between captures rather than on a known date",MARSAD_ARP2014
CMM-098e97cc3a71,TNP-00267,CMT-894b8d7f301d,ARP-2014,member,2019-07-23,2019-10-05,true,"observed on this committee on captures from 2019-07-23 to 2019-09-19, out of 12 readable captures of its page; the recorded span 2019-07-23..2019-10-05 is the outer bound, since each boundary falls in a gap between captures rather than on a known date",MARSAD_ARP2014
CMM-bb18841dc030,TNP-00267,CMT-3e7af871322d,ARP-2014,member,2016-12-30,2019-08-23,true,"observed on this committee on captures from 2016-12-30 to 2016-12-30, out of 6 readable captures of its page; the recorded span 2016-12-30..2019-08-23 is the outer bound, since each boundary falls in a gap between captures rather than on a known date",MARSAD_ARP2014
CMM-b89110c86d10,TNP-00875,CMT-cab87800ef44,ARP-2014,member,2017-04-24,2019-10-05,true,"observed on this committee on captures from 2017-04-24 to 2019-09-15, out of 11 readable captures of its page; the recorded span 2017-04-24..2019-10-05 is the outer bound, since each boundary falls in a gap between captures rather than on a known date",MARSAD_ARP2014
CMM-c5f0364e1c93,TNP-00875,CMT-5863460337e8,ARP-2014,member,2019-08-23,2019-10-05,true,"observed on this committee on captures from 2019-08-23 to 2019-08-23, out of 9 readable captures of its page; the recorded span 2019-08-23..2019-10-05 is the outer bound, since each boundary falls in a gap between captures rather than on a known date",MARSAD_ARP2014
CMM-e5c4d12277e9,TNP-00876,CMT-cab87800ef44,ARP-2014,member,2014-12-02,2016-03-23,true,"observed on this committee on captures from 2015-03-07 to 2016-01-22, out of 11 readable captures of its page; the recorded span 2014-12-02..2016-03-23 is the outer bound, since each boundary falls in a gap between captures rather than on a known date",MARSAD_ARP2014
CMM-b4514685776f,TNP-00876,CMT-cab87800ef44,ARP-2014,member,2016-09-15,2017-01-27,true,"observed on this committee on captures from 2016-09-15 to 2016-09-15, out of 11 readable captures of its page; the recorded span 2016-09-15..2017-01-27 is the outer bound, since each boundary falls in a gap between captures rather than on a known date",MARSAD_ARP2014
CMM-6748e8e413c9,TNP-00876,CMT-8a5b9ec83476,ARP-2014,assistant_rapporteur,2016-12-30,2019-10-05,true,"observed on this committee on captures from 2016-12-30 to 2019-08-23, out of 10 readable captures of its page; the recorded span 2016-12-30..2019-10-05 is the outer bound, since each boundary falls in a gap between captures rather than on a known date",MARSAD_ARP2014
CMM-d771ffcab125,TNP-00876,CMT-5863460337e8,ARP-2014,member,2014-12-02,2019-08-23,true,"observed on this committee on captures from 2015-03-07 to 2017-07-02, out of 9 readable captures of its page; the recorded span 2014-12-02..2019-08-23 is the outer bound, since each boundary falls in a gap between captures rather than on a known date",MARSAD_ARP2014
CMM-357f64a5caaf,TNP-00876,CMT-90ddb75794d7,ARP-2014,member,2019-08-21,2019-10-05,true,"observed on this committee on captures from 2019-08-21 to 2019-09-17, out of 8 readable captures of its page; the recorded span 2019-08-21..2019-10-05 is the outer bound, since each boundary falls in a gap between captures rather than on a known date",MARSAD_ARP2014
CMM-cb13cc53a9f4,TNP-00877,CMT-47b4ceeab70a,ARP-2014,chair,2014-12-02,2017-05-31,true,"observed on this committee on captures from 2015-03-07 to 2016-09-14, out of 8 readable captures of its page; the recorded span 2014-12-02..2017-05-31 is the outer bound, since each boundary falls in a gap between captures rather than on a known date",MARSAD_ARP2014
CMM-0a76e02f14e6,TNP-00877,CMT-8a5b9ec83476,ARP-2014,member,2016-12-30,2019-08-23,true,"observed on this committee on captures from 2016-12-30 to 2017-06-24, out of 10 readable captures of its page; the recorded span 2016-12-30..2019-08-23 is the outer bound, since each boundary falls in a gap between captures rather than on a known date",MARSAD_ARP2014
CMM-0f070e8887d3,TNP-00877,CMT-f7166b323046,ARP-2014,member,2014-12-02,2016-12-30,true,"observed on this committee on captures from 2015-03-07 to 2016-09-14, out of 5 readable captures of its page; the recorded span 2014-12-02..2016-12-30 is the outer bound, since each boundary falls in a gap between captures rather than on a known date",MARSAD_ARP2014
CMM-6e35f19f83e1,TNP-00877,CMT-535731ec7ffd,ARP-2014,member,2017-01-13,2019-05-08,true,"observed on this committee on captures from 2017-01-13 to 2017-04-28, out of 9 readable captures of its page; the recorded span 2017-01-13..2019-05-08 is the outer bound, since each boundary falls in a gap between captures rather than on a known date",MARSAD_ARP2014
CMM-a0be3b65f1a6,TNP-00877,CMT-5863460337e8,ARP-2014,member,2016-09-15,2017-02-17,true,"observed on this committee on captures from 2016-09-15 to 2016-09-15, out of 9 readable captures of its page; the recorded span 2016-09-15..2017-02-17 is the outer bound, since each boundary falls in a gap between captures rather than on a known date",MARSAD_ARP2014
CMM-7dd26d9b8a1a,TNP-00878,CMT-cab87800ef44,ARP-2014,member,2014-12-02,2019-07-22,true,"observed on this committee on captures from 2015-03-07 to 2017-06-24, out of 11 readable captures of its page; the recorded span 2014-12-02..2019-07-22 is the outer bound, since each boundary falls in a gap between captures rather than on a known date",MARSAD_ARP2014
CMM-8c47f4992a44,TNP-00878,CMT-894b8d7f301d,ARP-2014,member,2019-07-23,2019-10-05,true,"observed on this committee on captures from 2019-07-23 to 2019-09-19, out of 12 readable captures of its page; the recorded span 2019-07-23..2019-10-05 is the outer bound, since each boundary falls in a gap between captures rather than on a known date",MARSAD_ARP2014
CMM-0ef9fb24f7b3,TNP-00878,CMT-f7166b323046,ARP-2014,member,2014-12-02,2019-08-23,true,"observed on this committee on captures from 2015-03-07 to 2017-05-17, out of 5 readable captures of its page; the recorded span 2014-12-02..2019-08-23 is the outer bound, since each boundary falls in a gap between captures rather than on a known date",MARSAD_ARP2014
CMM-61dba24200f5,TNP-00878,CMT-535731ec7ffd,ARP-2014,member,2019-05-08,2019-10-05,true,"observed on this committee on captures from 2019-05-08 to 2019-08-21, out of 9 readable captures of its page; the recorded span 2019-05-08..2019-10-05 is the outer bound, since each boundary falls in a gap between captures rather than on a known date",MARSAD_ARP2014
CMM-152471141d17,TNP-00879,CMT-879180464a95,ARP-2014,member,2014-12-02,2019-10-05,false,,MARSAD_ARP2014
CMM-4658367376c7,TNP-00879,CMT-2bc1cee50ba8,ARP-2014,member,2014-12-02,2019-10-05,false,,MARSAD_ARP2014
CMM-1901db48ebba,TNP-00879,CMT-f7166b323046,ARP-2014,member,2014-12-02,2016-12-30,true,"observed on this committee on captures from 2015-03-07 to 2016-09-14, out of 5 readable captures of its page; the recorded span 2014-12-02..2016-12-30 is the outer bound, since each boundary falls in a gap between captures rather than on a known date",MARSAD_ARP2014
CMM-907b8527602c,TNP-00879,CMT-e1fb561ef6b9,ARP-2014,member,2014-12-02,2019-10-05,false,,MARSAD_ARP2014
CMM-dba77bd22c6a,TNP-00880,CMT-894b8d7f301d,ARP-2014,member,2014-12-02,2019-07-23,true,"observed on this committee on captures from 2015-03-07 to 2017-06-25, out of 12 readable captures of its page; the recorded span 2014-12-02..2019-07-23 is the outer bound, since each boundary falls in a gap between captures rather than on a known date",MARSAD_ARP2014
CMM-1258775c535a,TNP-00880,CMT-c19410caa909,ARP-2014,member,2014-12-02,2019-08-21,true,"observed on this committee on captures from 2015-03-07 to 2017-05-15, out of 6 readable captures of its page; the recorded span 2014-12-02..2019-08-21 is the outer bound, since each boundary falls in a gap between captures rather than on a known date",MARSAD_ARP2014
CMM-474ea8ae6e75,TNP-00881,CMT-894b8d7f301d,ARP-2014,member,2014-12-02,2019-07-23,true,"observed on this committee on captures from 2015-03-07 to 2017-06-25, out of 12 readable captures of its page; the recorded span 2014-12-02..2019-07-23 is the outer bound, since each boundary falls in a gap between captures rather than on a known date",MARSAD_ARP2014
CMM-8d12d2bac066,TNP-00881,CMT-f7166b323046,ARP-2014,member,2019-08-23,2019-10-05,true,"observed on this committee on captures from 2019-08-23 to 2019-08-23, out of 5 readable captures of its page; the recorded span 2019-08-23..2019-10-05 is the outer bound, since each boundary falls in a gap between captures rather than on a known date",MARSAD_ARP2014
CMM-ba7f12de4182,TNP-00881,CMT-535731ec7ffd,ARP-2014,member,2014-12-02,2017-01-13,true,"observed on this committee on captures from 2015-03-07 to 2016-09-15, out of 9 readable captures of its page; the recorded span 2014-12-02..2017-01-13 is the outer bound, since each boundary falls in a gap between captures rather than on a known date",MARSAD_ARP2014
CMM-bd7c993e5535,TNP-00883,CMT-79ca761acaf6,ARP-2014,member,2014-12-02,2019-10-05,false,,MARSAD_ARP2014
CMM-150497c1a330,TNP-00883,CMT-3a051620fd33,ARP-2014,assistant_rapporteur,2014-12-02,2016-07-02,true,"observed on this committee on captures from 2015-03-07 to 2015-11-16, out of 12 readable captures of its page; the recorded span 2014-12-02..2016-07-02 is the outer bound, since each boundary falls in a gap between captures rather than on a known date",MARSAD_ARP2014
CMM-325cacc005f1,TNP-00883,CMT-3a051620fd33,ARP-2014,assistant_rapporteur,2016-09-15,2016-12-10,true,"observed on this committee on captures from 2016-09-15 to 2016-09-15, out of 12 readable captures of its page; the recorded span 2016-09-15..2016-12-10 is the outer bound, since each boundary falls in a gap between captures rather than on a known date",MARSAD_ARP2014
CMM-506eaac9f1dd,TNP-00883,CMT-3a051620fd33,ARP-2014,assistant_rapporteur,2019-07-22,2019-10-05,true,"observed on this committee on captures from 2019-07-22 to 2019-09-18, out of 12 readable captures of its page; the recorded span 2019-07-22..2019-10-05 is the outer bound, since each boundary falls in a gap between captures rather than on a known date",MARSAD_ARP2014
CMM-6b948d16ced9,TNP-00883,CMT-894b8d7f301d,ARP-2014,chair,2016-08-18,2019-07-23,true,"observed on this committee on captures from 2016-08-18 to 2017-06-25, out of 12 readable captures of its page; the recorded span 2016-08-18..2019-07-23 is the outer bound, since each boundary falls in a gap between captures rather than on a known date",MARSAD_ARP2014
CMM-5275d998c4d2,TNP-00883,CMT-f7166b323046,ARP-2014,member,2019-08-23,2019-10-05,true,"observed on this committee on captures from 2019-08-23 to 2019-08-23, out of 5 readable captures of its page; the recorded span 2019-08-23..2019-10-05 is the outer bound, since each boundary falls in a gap between captures rather than on a known date",MARSAD_ARP2014
CMM-2762f0216bfa,TNP-00883,CMT-5863460337e8,ARP-2014,member,2017-02-17,2019-08-23,true,"observed on this committee on captures from 2017-02-17 to 2017-07-02, out of 9 readable captures of its page; the recorded span 2017-02-17..2019-08-23 is the outer bound, since each boundary falls in a gap between captures rather than on a known date",MARSAD_ARP2014
CMM-5596a4e8f0a6,TNP-00883,CMT-90ddb75794d7,ARP-2014,member,2014-12-02,2016-07-26,true,"observed on this committee on captures from 2015-03-07 to 2015-10-22, out of 8 readable captures of its page; the recorded span 2014-12-02..2016-07-26 is the outer bound, since each boundary falls in a gap between captures rather than on a known date",MARSAD_ARP2014
CMM-2ed975e3997d,TNP-00883,CMT-90ddb75794d7,ARP-2014,member,2016-09-14,2017-01-27,true,"observed on this committee on captures from 2016-09-14 to 2016-09-14, out of 8 readable captures of its page; the recorded span 2016-09-14..2017-01-27 is the outer bound, since each boundary falls in a gap between captures rather than on a known date",MARSAD_ARP2014
CMM-6924608a5ccf,TNP-00884,CMT-879180464a95,ARP-2014,member,2014-12-02,2019-10-05,false,,MARSAD_ARP2014
CMM-73d02d6cf43d,TNP-00884,CMT-2bc1cee50ba8,ARP-2014,member,2014-12-02,2016-10-27,true,"observed on this committee on captures from 2015-03-07 to 2016-09-14, out of 12 readable captures of its page; the recorded span 2014-12-02..2016-10-27 is the outer bound, since each boundary falls in a gap between captures rather than on a known date",MARSAD_ARP2014
CMM-3ee5f1e64870,TNP-00884,CMT-2bc1cee50ba8,ARP-2014,member,2017-01-16,2019-10-05,true,"observed on this committee on captures from 2017-01-16 to 2019-09-17, out of 12 readable captures of its page; the recorded span 2017-01-16..2019-10-05 is the outer bound, since each boundary falls in a gap between captures rather than on a known date",MARSAD_ARP2014
CMM-a6d42d1feab8,TNP-00884,CMT-e5dff9bf0bca,ARP-2014,member,2014-12-02,2019-10-05,false,,MARSAD_ARP2014
CMM-d705f4e6f427,TNP-00884,CMT-e1fb561ef6b9,ARP-2014,member,2014-12-02,2019-10-05,false,,MARSAD_ARP2014
CMM-7df2f641901b,TNP-00885,CMT-4633b2874c88,ARP-2014,member,2014-12-02,2017-01-14,true,"observed on this committee on captures from 2015-03-07 to 2016-10-30, out of 12 readable captures of its page; the recorded span 2014-12-02..2017-01-14 is the outer bound, since each boundary falls in a gap between captures rather than on a known date",MARSAD_ARP2014
CMM-23cce28f0b2d,TNP-00885,CMT-2bc1cee50ba8,ARP-2014,member,2017-01-16,2019-10-05,true,"observed on this committee on captures from 2017-01-16 to 2019-09-17, out of 12 readable captures of its page; the recorded span 2017-01-16..2019-10-05 is the outer bound, since each boundary falls in a gap between captures rather than on a known date",MARSAD_ARP2014
CMM-d3ad9ccd4308,TNP-00885,CMT-c19410caa909,ARP-2014,member,2014-12-02,2016-12-30,true,"observed on this committee on captures from 2015-03-07 to 2016-09-14, out of 6 readable captures of its page; the recorded span 2014-12-02..2016-12-30 is the outer bound, since each boundary falls in a gap between captures rather than on a known date",MARSAD_ARP2014
CMM-b088a567f1af,TNP-00885,CMT-535731ec7ffd,ARP-2014,member,2017-01-13,2019-05-08,true,"observed on this committee on captures from 2017-01-13 to 2017-04-28, out of 9 readable captures of its page; the recorded span 2017-01-13..2019-05-08 is the outer bound, since each boundary falls in a gap between captures rather than on a known date",MARSAD_ARP2014
CMM-a716c5eff670,TNP-00885,CMT-3e7af871322d,ARP-2014,member,2019-08-23,2019-10-05,true,"observed on this committee on captures from 2019-08-23 to 2019-08-23, out of 6 readable captures of its page; the recorded span 2019-08-23..2019-10-05 is the outer bound, since each boundary falls in a gap between captures rather than on a known date",MARSAD_ARP2014
CMM-5c68c093c851,TNP-00886,CMT-7858621d9962,ARP-2014,member,2014-12-02,2019-10-05,false,,MARSAD_ARP2014
CMM-d6179c0954b2,TNP-00886,CMT-5863460337e8,ARP-2014,member,2014-12-02,2017-02-17,true,"observed on this committee on captures from 2015-03-07 to 2016-09-15, out of 9 readable captures of its page; the recorded span 2014-12-02..2017-02-17 is the outer bound, since each boundary falls in a gap between captures rather than on a known date",MARSAD_ARP2014
CMM-f8c6ffeeb373,TNP-00887,CMT-cab87800ef44,ARP-2014,member,2014-12-02,2019-07-22,true,"observed on this committee on captures from 2015-03-07 to 2017-06-24, out of 11 readable captures of its page; the recorded span 2014-12-02..2019-07-22 is the outer bound, since each boundary falls in a gap between captures rather than on a known date",MARSAD_ARP2014
CMM-fb43331c33f1,TNP-00887,CMT-b9e5e4367488,ARP-2014,member,2019-08-23,2019-10-05,true,"observed on this committee on captures from 2019-08-23 to 2019-09-23, out of 10 readable captures of its page; the recorded span 2019-08-23..2019-10-05 is the outer bound, since each boundary falls in a gap between captures rather than on a known date",MARSAD_ARP2014
CMM-1309aaa0c331,TNP-00887,CMT-601d95a949aa,ARP-2014,assistant_rapporteur,2016-04-19,2019-08-23,true,"observed on this committee on captures from 2016-04-19 to 2017-06-25, out of 9 readable captures of its page; the recorded span 2016-04-19..2019-08-23 is the outer bound, since each boundary falls in a gap between captures rather than on a known date",MARSAD_ARP2014
CMM-1303d7d3b9f9,TNP-00887,CMT-5863460337e8,ARP-2014,member,2014-12-02,2017-02-17,true,"observed on this committee on captures from 2015-03-07 to 2016-09-15, out of 9 readable captures of its page; the recorded span 2014-12-02..2017-02-17 is the outer bound, since each boundary falls in a gap between captures rather than on a known date",MARSAD_ARP2014
CMM-0385f5b16694,TNP-00888,CMT-47b4ceeab70a,ARP-2014,member,2019-05-08,2019-10-05,true,"observed on this committee on captures from 2019-05-08 to 2019-08-23, out of 8 readable captures of its page; the recorded span 2019-05-08..2019-10-05 is the outer bound, since each boundary falls in a gap between captures rather than on a known date",MARSAD_ARP2014
CMM-a1e03efa6c9d,TNP-00888,CMT-894b8d7f301d,ARP-2014,member,2014-12-02,2019-07-23,true,"observed on this committee on captures from 2015-03-07 to 2017-06-25, out of 12 readable captures of its page; the recorded span 2014-12-02..2019-07-23 is the outer bound, since each boundary falls in a gap between captures rather than on a known date",MARSAD_ARP2014
CMM-70ae0b5fb019,TNP-00888,CMT-c19410caa909,ARP-2014,assistant_rapporteur,2016-12-30,2019-10-05,true,"observed on this committee on captures from 2016-12-30 to 2019-08-21, out of 6 readable captures of its page; the recorded span 2016-12-30..2019-10-05 is the outer bound, since each boundary falls in a gap between captures rather than on a known date",MARSAD_ARP2014
CMM-914859fe1273,TNP-00888,CMT-601d95a949aa,ARP-2014,member,2014-12-02,2016-04-19,true,"observed on this committee on captures from 2015-03-07 to 2015-10-22, out of 9 readable captures of its page; the recorded span 2014-12-02..2016-04-19 is the outer bound, since each boundary falls in a gap between captures rather than on a known date",MARSAD_ARP2014
CMM-5e950278fc37,TNP-00888,CMT-601d95a949aa,ARP-2014,member,2016-09-14,2016-12-14,true,"observed on this committee on captures from 2016-09-14 to 2016-09-14, out of 9 readable captures of its page; the recorded span 2016-09-14..2016-12-14 is the outer bound, since each boundary falls in a gap between captures rather than on a known date",MARSAD_ARP2014
CMM-eb30b740417d,TNP-00888,CMT-5863460337e8,ARP-2014,member,2016-09-15,2017-02-17,true,"observed on this committee on captures from 2016-09-15 to 2016-09-15, out of 9 readable captures of its page; the recorded span 2016-09-15..2017-02-17 is the outer bound, since each boundary falls in a gap between captures rather than on a known date",MARSAD_ARP2014
CMM-883381cf021c,TNP-00889,CMT-4633b2874c88,ARP-2014,member,2017-01-14,2019-05-08,true,"observed on this committee on captures from 2017-01-14 to 2017-06-26, out of 12 readable captures of its page; the recorded span 2017-01-14..2019-05-08 is the outer bound, since each boundary falls in a gap between captures rather than on a known date",MARSAD_ARP2014
CMM-cc32810e5f2c,TNP-00889,CMT-7858621d9962,ARP-2014,member,2014-12-02,2016-12-13,true,"observed on this committee on captures from 2015-03-07 to 2016-11-01, out of 12 readable captures of its page; the recorded span 2014-12-02..2016-12-13 is the outer bound, since each boundary falls in a gap between captures rather than on a known date",MARSAD_ARP2014
CMM-7d694d22b50b,TNP-00889,CMT-8a5b9ec83476,ARP-2014,member,2019-08-23,2019-10-05,true,"observed on this committee on captures from 2019-08-23 to 2019-08-23, out of 10 readable captures of its page; the recorded span 2019-08-23..2019-10-05 is the outer bound, since each boundary falls in a gap between captures rather than on a known date",MARSAD_ARP2014
CMM-6848edf8da41,TNP-00889,CMT-c19410caa909,ARP-2014,member,2019-08-21,2019-10-05,true,"observed on this committee on captures from 2019-08-21 to 2019-08-21, out of 6 readable captures of its page; the recorded span 2019-08-21..2019-10-05 is the outer bound, since each boundary falls in a gap between captures rather than on a known date",MARSAD_ARP2014
CMM-83e7821e6607,TNP-00889,CMT-3e7af871322d,ARP-2014,member,2014-12-02,2019-08-23,true,"observed on this committee on captures from 2015-03-07 to 2016-12-30, out of 6 readable captures of its page; the recorded span 2014-12-02..2019-08-23 is the outer bound, since each boundary falls in a gap between captures rather than on a known date",MARSAD_ARP2014
CMM-c5f27bfe78e1,TNP-00276,CMT-7858621d9962,ARP-2014,member,2016-09-14,2019-07-23,true,"observed on this committee on captures from 2016-09-14 to 2017-06-24, out of 12 readable captures of its page; the recorded span 2016-09-14..2019-07-23 is the outer bound, since each boundary falls in a gap between captures rather than on a known date",MARSAD_ARP2014
CMM-c3ed66acd1e7,TNP-00890,CMT-b9e5e4367488,ARP-2014,member,2014-12-02,2019-08-23,true,"observed on this committee on captures from 2015-03-07 to 2017-06-24, out of 10 readable captures of its page; the recorded span 2014-12-02..2019-08-23 is the outer bound, since each boundary falls in a gap between captures rather than on a known date",MARSAD_ARP2014
CMM-b51c05495631,TNP-00890,CMT-47b4ceeab70a,ARP-2014,member,2019-05-08,2019-10-05,true,"observed on this committee on captures from 2019-05-08 to 2019-08-23, out of 8 readable captures of its page; the recorded span 2019-05-08..2019-10-05 is the outer bound, since each boundary falls in a gap between captures rather than on a known date",MARSAD_ARP2014
CMM-4ba5d0afc905,TNP-00890,CMT-f7166b323046,ARP-2014,member,2014-12-02,2016-12-30,true,"observed on this committee on captures from 2015-03-07 to 2016-09-14, out of 5 readable captures of its page; the recorded span 2014-12-02..2016-12-30 is the outer bound, since each boundary falls in a gap between captures rather than on a known date",MARSAD_ARP2014
CMM-fda14672ac02,TNP-00890,CMT-535731ec7ffd,ARP-2014,rapporteur,2017-01-13,2019-10-05,true,"observed on this committee on captures from 2017-01-13 to 2019-08-21, out of 9 readable captures of its page; the recorded span 2017-01-13..2019-10-05 is the outer bound, since each boundary falls in a gap between captures rather than on a known date",MARSAD_ARP2014
CMM-51295a9f6698,TNP-00892,CMT-47b4ceeab70a,ARP-2014,member,2014-12-02,2019-10-05,false,,MARSAD_ARP2014
CMM-b5e523d4fecb,TNP-00892,CMT-3e7af871322d,ARP-2014,vice_chair,2014-12-02,2019-10-05,false,,MARSAD_ARP2014
CMM-2ff20064f440,TNP-00893,CMT-3a051620fd33,ARP-2014,member,2019-07-22,2019-10-05,true,"observed on this committee on captures from 2019-07-22 to 2019-09-18, out of 12 readable captures of its page; the recorded span 2019-07-22..2019-10-05 is the outer bound, since each boundary falls in a gap between captures rather than on a known date",MARSAD_ARP2014
CMM-376fdfcfc876,TNP-00893,CMT-4633b2874c88,ARP-2014,member,2014-12-02,2019-05-08,true,"observed on this committee on captures from 2015-03-07 to 2017-06-26, out of 12 readable captures of its page; the recorded span 2014-12-02..2019-05-08 is the outer bound, since each boundary falls in a gap between captures rather than on a known date",MARSAD_ARP2014
CMM-7ae87d71cc99,TNP-00893,CMT-c19410caa909,ARP-2014,member,2014-12-02,2019-10-05,false,,MARSAD_ARP2014
CMM-c1f1c1d2ba9c,TNP-00894,CMT-2bc1cee50ba8,ARP-2014,member,2019-07-23,2019-10-05,true,"observed on this committee on captures from 2019-07-23 to 2019-09-17, out of 12 readable captures of its page; the recorded span 2019-07-23..2019-10-05 is the outer bound, since each boundary falls in a gap between captures rather than on a known date",MARSAD_ARP2014
CMM-d8e3ea25760f,TNP-00894,CMT-b9e5e4367488,ARP-2014,assistant_rapporteur,2014-12-02,2019-08-23,true,"observed on this committee on captures from 2015-03-07 to 2017-06-24, out of 10 readable captures of its page; the recorded span 2014-12-02..2019-08-23 is the outer bound, since each boundary falls in a gap between captures rather than on a known date",MARSAD_ARP2014
CMM-5a35d1711808,TNP-00894,CMT-c19410caa909,ARP-2014,member,2019-08-21,2019-10-05,true,"observed on this committee on captures from 2019-08-21 to 2019-08-21, out of 6 readable captures of its page; the recorded span 2019-08-21..2019-10-05 is the outer bound, since each boundary falls in a gap between captures rather than on a known date",MARSAD_ARP2014
CMM-94c9c8f2fddf,TNP-00894,CMT-f7166b323046,ARP-2014,member,2016-09-14,2016-12-30,true,"observed on this committee on captures from 2016-09-14 to 2016-09-14, out of 5 readable captures of its page; the recorded span 2016-09-14..2016-12-30 is the outer bound, since each boundary falls in a gap between captures rather than on a known date",MARSAD_ARP2014
CMM-3fe5a80ead00,TNP-00894,CMT-e1fb561ef6b9,ARP-2014,member,2014-12-02,2019-10-05,false,,MARSAD_ARP2014
CMM-399cc3e9c927,TNP-00896,CMT-cab87800ef44,ARP-2014,chair,2017-01-27,2019-07-22,true,"observed on this committee on captures from 2017-01-27 to 2017-06-24, out of 11 readable captures of its page; the recorded span 2017-01-27..2019-07-22 is the outer bound, since each boundary falls in a gap between captures rather than on a known date",MARSAD_ARP2014
CMM-999eb8567923,TNP-00896,CMT-894b8d7f301d,ARP-2014,rapporteur,2014-12-02,2017-04-24,true,"observed on this committee on captures from 2015-03-07 to 2016-10-19, out of 12 readable captures of its page; the recorded span 2014-12-02..2017-04-24 is the outer bound, since each boundary falls in a gap between captures rather than on a known date",MARSAD_ARP2014
CMM-cbdf62126b97,TNP-00896,CMT-894b8d7f301d,ARP-2014,member,2019-07-23,2019-10-05,true,"observed on this committee on captures from 2019-07-23 to 2019-09-19, out of 12 readable captures of its page; the recorded span 2019-07-23..2019-10-05 is the outer bound, since each boundary falls in a gap between captures rather than on a known date",MARSAD_ARP2014
CMM-bfc24dbc6dcd,TNP-00896,CMT-f7166b323046,ARP-2014,member,2014-12-02,2016-12-30,true,"observed on this committee on captures from 2015-03-07 to 2016-09-14, out of 5 readable captures of its page; the recorded span 2014-12-02..2016-12-30 is the outer bound, since each boundary falls in a gap between captures rather than on a known date",MARSAD_ARP2014
CMM-14a7f6604e5a,TNP-00896,CMT-535731ec7ffd,ARP-2014,member,2016-09-15,2017-01-13,true,"observed on this committee on captures from 2016-09-15 to 2016-09-15, out of 9 readable captures of its page; the recorded span 2016-09-15..2017-01-13 is the outer bound, since each boundary falls in a gap between captures rather than on a known date",MARSAD_ARP2014
CMM-8e4bd9e6be10,TNP-00896,CMT-3e7af871322d,ARP-2014,member,2016-12-30,2019-08-23,true,"observed on this committee on captures from 2016-12-30 to 2016-12-30, out of 6 readable captures of its page; the recorded span 2016-12-30..2019-08-23 is the outer bound, since each boundary falls in a gap between captures rather than on a known date",MARSAD_ARP2014
CMM-5b5e25dafb67,TNP-00896,CMT-5863460337e8,ARP-2014,member,2019-08-23,2019-10-05,true,"observed on this committee on captures from 2019-08-23 to 2019-08-23, out of 9 readable captures of its page; the recorded span 2019-08-23..2019-10-05 is the outer bound, since each boundary falls in a gap between captures rather than on a known date",MARSAD_ARP2014
CMM-c044b8f272a0,TNP-00897,CMT-894b8d7f301d,ARP-2014,member,2014-12-02,2016-08-18,true,"observed on this committee on captures from 2015-03-07 to 2016-01-13, out of 12 readable captures of its page; the recorded span 2014-12-02..2016-08-18 is the outer bound, since each boundary falls in a gap between captures rather than on a known date",MARSAD_ARP2014
CMM-a13f0136ec33,TNP-00897,CMT-894b8d7f301d,ARP-2014,member,2016-09-14,2016-10-19,true,"observed on this committee on captures from 2016-09-14 to 2016-09-14, out of 12 readable captures of its page; the recorded span 2016-09-14..2016-10-19 is the outer bound, since each boundary falls in a gap between captures rather than on a known date",MARSAD_ARP2014
CMM-29416deaf19f,TNP-00897,CMT-894b8d7f301d,ARP-2014,member,2019-07-23,2019-08-27,true,"observed on this committee on captures from 2019-07-23 to 2019-07-23, out of 12 readable captures of its page; the recorded span 2019-07-23..2019-08-27 is the outer bound, since each boundary falls in a gap between captures rather than on a known date",MARSAD_ARP2014
CMM-cd4f865b575d,TNP-00897,CMT-8a5b9ec83476,ARP-2014,chair,2016-07-26,2019-10-05,true,"observed on this committee on captures from 2016-07-26 to 2019-08-23, out of 10 readable captures of its page; the recorded span 2016-07-26..2019-10-05 is the outer bound, since each boundary falls in a gap between captures rather than on a known date",MARSAD_ARP2014
CMM-cc76c5d73f63,TNP-00897,CMT-3e7af871322d,ARP-2014,member,2014-12-02,2019-08-23,true,"observed on this committee on captures from 2015-03-07 to 2016-12-30, out of 6 readable captures of its page; the recorded span 2014-12-02..2019-08-23 is the outer bound, since each boundary falls in a gap between captures rather than on a known date",MARSAD_ARP2014
CMM-f8d5cb06678b,TNP-00898,CMT-cab87800ef44,ARP-2014,member,2014-12-02,2017-06-24,true,"observed on this committee on captures from 2015-03-07 to 2017-05-25, out of 11 readable captures of its page; the recorded span 2014-12-02..2017-06-24 is the outer bound, since each boundary falls in a gap between captures rather than on a known date",MARSAD_ARP2014
CMM-5252968c1a49,TNP-00898,CMT-b9e5e4367488,ARP-2014,member,2017-06-24,2019-08-23,true,"observed on this committee on captures from 2017-06-24 to 2017-06-24, out of 10 readable captures of its page; the recorded span 2017-06-24..2019-08-23 is the outer bound, since each boundary falls in a gap between captures rather than on a known date",MARSAD_ARP2014
CMM-48367e9b4e30,TNP-00898,CMT-535731ec7ffd,ARP-2014,member,2014-12-02,2017-01-13,true,"observed on this committee on captures from 2015-03-07 to 2016-09-15, out of 9 readable captures of its page; the recorded span 2014-12-02..2017-01-13 is the outer bound, since each boundary falls in a gap between captures rather than on a known date",MARSAD_ARP2014
CMM-f4c29c4b7451,TNP-00898,CMT-90ddb75794d7,ARP-2014,member,2016-07-26,2017-01-27,true,"observed on this committee on captures from 2016-07-26 to 2016-09-14, out of 8 readable captures of its page; the recorded span 2016-07-26..2017-01-27 is the outer bound, since each boundary falls in a gap between captures rather than on a known date",MARSAD_ARP2014
CMM-c124286f1242,TNP-00899,CMT-894b8d7f301d,ARP-2014,member,2014-12-02,2019-10-05,false,,MARSAD_ARP2014
CMM-754aebc0150a,TNP-00899,CMT-c19410caa909,ARP-2014,member,2014-12-02,2016-12-30,true,"observed on this committee on captures from 2015-03-07 to 2016-09-14, out of 6 readable captures of its page; the recorded span 2014-12-02..2016-12-30 is the outer bound, since each boundary falls in a gap between captures rather than on a known date",MARSAD_ARP2014
CMM-7edf5a911cd7,TNP-00899,CMT-90ddb75794d7,ARP-2014,member,2017-01-27,2019-10-05,true,"observed on this committee on captures from 2017-01-27 to 2019-09-17, out of 8 readable captures of its page; the recorded span 2017-01-27..2019-10-05 is the outer bound, since each boundary falls in a gap between captures rather than on a known date",MARSAD_ARP2014
CMM-1ba641d55303,TNP-00900,CMT-79ca761acaf6,ARP-2014,chair,2014-12-02,2019-10-05,false,,MARSAD_ARP2014
CMM-e399e6dd0111,TNP-00900,CMT-3a051620fd33,ARP-2014,member,2016-12-10,2019-07-22,true,"observed on this committee on captures from 2016-12-10 to 2017-06-25, out of 12 readable captures of its page; the recorded span 2016-12-10..2019-07-22 is the outer bound, since each boundary falls in a gap between captures rather than on a known date",MARSAD_ARP2014
CMM-84ec8451024c,TNP-00900,CMT-894b8d7f301d,ARP-2014,member,2019-07-23,2019-10-05,true,"observed on this committee on captures from 2019-07-23 to 2019-09-19, out of 12 readable captures of its page; the recorded span 2019-07-23..2019-10-05 is the outer bound, since each boundary falls in a gap between captures rather than on a known date",MARSAD_ARP2014
CMM-4a6a6d73a0fd,TNP-00900,CMT-8a5b9ec83476,ARP-2014,member,2014-12-02,2016-12-30,true,"observed on this committee on captures from 2015-03-07 to 2016-09-14, out of 10 readable captures of its page; the recorded span 2014-12-02..2016-12-30 is the outer bound, since each boundary falls in a gap between captures rather than on a known date",MARSAD_ARP2014
CMM-535ff878687e,TNP-00900,CMT-c19410caa909,ARP-2014,member,2019-08-21,2019-10-05,true,"observed on this committee on captures from 2019-08-21 to 2019-08-21, out of 6 readable captures of its page; the recorded span 2019-08-21..2019-10-05 is the outer bound, since each boundary falls in a gap between captures rather than on a known date",MARSAD_ARP2014
CMM-4e8ea24929fe,TNP-00900,CMT-3e7af871322d,ARP-2014,member,2014-12-02,2016-12-30,true,"observed on this committee on captures from 2015-03-07 to 2016-09-15, out of 6 readable captures of its page; the recorded span 2014-12-02..2016-12-30 is the outer bound, since each boundary falls in a gap between captures rather than on a known date",MARSAD_ARP2014
CMM-c589864471b9,TNP-00900,CMT-90ddb75794d7,ARP-2014,rapporteur,2017-01-27,2019-08-21,true,"observed on this committee on captures from 2017-01-27 to 2017-05-17, out of 8 readable captures of its page; the recorded span 2017-01-27..2019-08-21 is the outer bound, since each boundary falls in a gap between captures rather than on a known date",MARSAD_ARP2014
CMM-9e1673616386,TNP-00900,CMT-8d6af35d5cb4,ARP-2014,member,2014-12-02,2019-10-05,false,,MARSAD_ARP2014
CMM-8a83689d77c0,TNP-00285,CMT-b9e5e4367488,ARP-2014,member,2014-12-02,2019-10-05,false,,MARSAD_ARP2014
CMM-55b35266f8a5,TNP-00285,CMT-c19410caa909,ARP-2014,rapporteur,2014-12-02,2016-12-30,true,"observed on this committee on captures from 2015-03-07 to 2016-09-14, out of 6 readable captures of its page; the recorded span 2014-12-02..2016-12-30 is the outer bound, since each boundary falls in a gap between captures rather than on a known date",MARSAD_ARP2014
CMM-61c1bb6df983,TNP-00285,CMT-535731ec7ffd,ARP-2014,member,2017-01-13,2019-10-05,true,"observed on this committee on captures from 2017-01-13 to 2019-08-21, out of 9 readable captures of its page; the recorded span 2017-01-13..2019-10-05 is the outer bound, since each boundary falls in a gap between captures rather than on a known date",MARSAD_ARP2014
CMM-7dac3a0634e6,TNP-00285,CMT-8d6af35d5cb4,ARP-2014,member,2014-12-02,2019-10-05,false,,MARSAD_ARP2014
CMM-b6e07010d74d,TNP-00901,CMT-2bc1cee50ba8,ARP-2014,vice_chair,2014-12-02,2016-04-05,true,"observed on this committee on captures from 2015-03-07 to 2016-01-13, out of 12 readable captures of its page; the recorded span 2014-12-02..2016-04-05 is the outer bound, since each boundary falls in a gap between captures rather than on a known date",MARSAD_ARP2014
CMM-0f3cbfe31886,TNP-00901,CMT-2bc1cee50ba8,ARP-2014,vice_chair,2016-09-14,2016-10-27,true,"observed on this committee on captures from 2016-09-14 to 2016-09-14, out of 12 readable captures of its page; the recorded span 2016-09-14..2016-10-27 is the outer bound, since each boundary falls in a gap between captures rather than on a known date",MARSAD_ARP2014
CMM-1d0c0f4b3844,TNP-00901,CMT-f7166b323046,ARP-2014,member,2014-12-02,2016-12-30,true,"observed on this committee on captures from 2015-03-07 to 2016-09-14, out of 5 readable captures of its page; the recorded span 2014-12-02..2016-12-30 is the outer bound, since each boundary falls in a gap between captures rather than on a known date",MARSAD_ARP2014
CMM-e30cd2433c73,TNP-00902,CMT-2bc1cee50ba8,ARP-2014,member,2016-04-05,2019-10-05,true,"observed on this committee on captures from 2016-04-05 to 2019-09-17, out of 12 readable captures of its page; the recorded span 2016-04-05..2019-10-05 is the outer bound, since each boundary falls in a gap between captures rather than on a known date",MARSAD_ARP2014
CMM-8e40937aea85,TNP-00902,CMT-b9e5e4367488,ARP-2014,vice_chair,2014-12-02,2016-04-05,true,"observed on this committee on captures from 2015-03-07 to 2015-07-21, out of 10 readable captures of its page; the recorded span 2014-12-02..2016-04-05 is the outer bound, since each boundary falls in a gap between captures rather than on a known date",MARSAD_ARP2014
CMM-e8b2f1529c19,TNP-00902,CMT-b9e5e4367488,ARP-2014,vice_chair,2016-09-14,2017-01-27,true,"observed on this committee on captures from 2016-09-14 to 2016-09-14, out of 10 readable captures of its page; the recorded span 2016-09-14..2017-01-27 is the outer bound, since each boundary falls in a gap between captures rather than on a known date",MARSAD_ARP2014
CMM-f7c8e5294d78,TNP-00902,CMT-f7166b323046,ARP-2014,member,2016-09-14,2019-08-23,true,"observed on this committee on captures from 2016-09-14 to 2017-05-17, out of 5 readable captures of its page; the recorded span 2016-09-14..2019-08-23 is the outer bound, since each boundary falls in a gap between captures rather than on a known date",MARSAD_ARP2014
CMM-c5195e740e6b,TNP-00902,CMT-5863460337e8,ARP-2014,member,2019-08-23,2019-10-05,true,"observed on this committee on captures from 2019-08-23 to 2019-08-23, out of 9 readable captures of its page; the recorded span 2019-08-23..2019-10-05 is the outer bound, since each boundary falls in a gap between captures rather than on a known date",MARSAD_ARP2014
CMM-f8342c91fb6d,TNP-00903,CMT-3a051620fd33,ARP-2014,member,2014-12-02,2016-12-10,true,"observed on this committee on captures from 2015-03-07 to 2016-09-15, out of 12 readable captures of its page; the recorded span 2014-12-02..2016-12-10 is the outer bound, since each boundary falls in a gap between captures rather than on a known date",MARSAD_ARP2014
CMM-3030ea35493d,TNP-00903,CMT-47b4ceeab70a,ARP-2014,member,2017-05-31,2019-05-08,true,"observed on this committee on captures from 2017-05-31 to 2017-05-31, out of 8 readable captures of its page; the recorded span 2017-05-31..2019-05-08 is the outer bound, since each boundary falls in a gap between captures rather than on a known date",MARSAD_ARP2014
CMM-6bce4bf6d3ad,TNP-00903,CMT-f7166b323046,ARP-2014,chair,2014-12-02,2016-12-30,true,"observed on this committee on captures from 2015-03-07 to 2016-09-14, out of 5 readable captures of its page; the recorded span 2014-12-02..2016-12-30 is the outer bound, since each boundary falls in a gap between captures rather than on a known date",MARSAD_ARP2014
CMM-22abf23aa335,TNP-00903,CMT-535731ec7ffd,ARP-2014,member,2016-09-15,2019-05-08,true,"observed on this committee on captures from 2016-09-15 to 2017-04-28, out of 9 readable captures of its page; the recorded span 2016-09-15..2019-05-08 is the outer bound, since each boundary falls in a gap between captures rather than on a known date",MARSAD_ARP2014
CMM-304c9743ba9d,TNP-00903,CMT-e5dff9bf0bca,ARP-2014,member,2014-12-02,2019-10-05,false,,MARSAD_ARP2014
CMM-a2e6cb1906ad,TNP-00904,CMT-879180464a95,ARP-2014,member,2014-12-02,2019-10-05,false,,MARSAD_ARP2014
CMM-8ad9dcf520b8,TNP-00904,CMT-2bc1cee50ba8,ARP-2014,member,2014-12-02,2016-04-05,true,"observed on this committee on captures from 2015-03-07 to 2016-01-13, out of 12 readable captures of its page; the recorded span 2014-12-02..2016-04-05 is the outer bound, since each boundary falls in a gap between captures rather than on a known date",MARSAD_ARP2014
CMM-4ec7f56f9a39,TNP-00904,CMT-2bc1cee50ba8,ARP-2014,member,2016-09-14,2016-10-27,true,"observed on this committee on captures from 2016-09-14 to 2016-09-14, out of 12 readable captures of its page; the recorded span 2016-09-14..2016-10-27 is the outer bound, since each boundary falls in a gap between captures rather than on a known date",MARSAD_ARP2014
CMM-44bec10ebd14,TNP-00904,CMT-2bc1cee50ba8,ARP-2014,member,2019-07-23,2019-10-05,true,"observed on this committee on captures from 2019-07-23 to 2019-09-17, out of 12 readable captures of its page; the recorded span 2019-07-23..2019-10-05 is the outer bound, since each boundary falls in a gap between captures rather than on a known date",MARSAD_ARP2014
CMM-85950ace3185,TNP-00904,CMT-f7166b323046,ARP-2014,member,2014-12-02,2016-12-30,true,"observed on this committee on captures from 2015-03-07 to 2016-09-14, out of 5 readable captures of its page; the recorded span 2014-12-02..2016-12-30 is the outer bound, since each boundary falls in a gap between captures rather than on a known date",MARSAD_ARP2014
CMM-1e4de106dc2a,TNP-00904,CMT-90ddb75794d7,ARP-2014,member,2019-08-21,2019-10-05,true,"observed on this committee on captures from 2019-08-21 to 2019-09-17, out of 8 readable captures of its page; the recorded span 2019-08-21..2019-10-05 is the outer bound, since each boundary falls in a gap between captures rather than on a known date",MARSAD_ARP2014
CMM-f34801522d07,TNP-00904,CMT-e5dff9bf0bca,ARP-2014,member,2014-12-02,2019-10-05,false,,MARSAD_ARP2014
CMM-c2a8c74779f3,TNP-00289,CMT-879180464a95,ARP-2014,assistant_rapporteur,2014-12-02,2019-10-05,false,,MARSAD_ARP2014
CMM-5bbd62f5f149,TNP-00289,CMT-2bc1cee50ba8,ARP-2014,chair,2014-12-02,2019-10-05,false,,MARSAD_ARP2014
CMM-c7513cca3eb5,TNP-00289,CMT-c19410caa909,ARP-2014,member,2014-12-02,2016-07-27,true,"observed on this committee on captures from 2015-03-07 to 2015-03-07, out of 6 readable captures of its page; the recorded span 2014-12-02..2016-07-27 is the outer bound, since each boundary falls in a gap between captures rather than on a known date",MARSAD_ARP2014
CMM-bc046fad6750,TNP-00289,CMT-c19410caa909,ARP-2014,member,2016-09-14,2016-12-30,true,"observed on this committee on captures from 2016-09-14 to 2016-09-14, out of 6 readable captures of its page; the recorded span 2016-09-14..2016-12-30 is the outer bound, since each boundary falls in a gap between captures rather than on a known date",MARSAD_ARP2014
CMM-2cc1ae2dd617,TNP-00289,CMT-601d95a949aa,ARP-2014,member,2016-04-19,2019-10-05,true,"observed on this committee on captures from 2016-04-19 to 2019-08-23, out of 9 readable captures of its page; the recorded span 2016-04-19..2019-10-05 is the outer bound, since each boundary falls in a gap between captures rather than on a known date",MARSAD_ARP2014
CMM-606af2b2b890,TNP-00289,CMT-8d6af35d5cb4,ARP-2014,vice_chair,2014-12-02,2019-10-05,false,,MARSAD_ARP2014
CMM-f1143becf32d,TNP-00289,CMT-e1fb561ef6b9,ARP-2014,member,2014-12-02,2019-10-05,false,,MARSAD_ARP2014
CMM-aac49ac25255,TNP-00526,CMT-894b8d7f301d,ARP-2014,member,2017-04-24,2019-10-05,true,"observed on this committee on captures from 2017-04-24 to 2019-09-19, out of 12 readable captures of its page; the recorded span 2017-04-24..2019-10-05 is the outer bound, since each boundary falls in a gap between captures rather than on a known date",MARSAD_ARP2014
CMM-08baa0c1840a,TNP-00526,CMT-8a5b9ec83476,ARP-2014,member,2014-12-02,2016-12-30,true,"observed on this committee on captures from 2015-03-07 to 2016-09-14, out of 10 readable captures of its page; the recorded span 2014-12-02..2016-12-30 is the outer bound, since each boundary falls in a gap between captures rather than on a known date",MARSAD_ARP2014
CMM-fd0728fcfd9b,TNP-00526,CMT-c19410caa909,ARP-2014,assistant_rapporteur,2014-12-02,2016-12-30,true,"observed on this committee on captures from 2015-03-07 to 2016-09-14, out of 6 readable captures of its page; the recorded span 2014-12-02..2016-12-30 is the outer bound, since each boundary falls in a gap between captures rather than on a known date",MARSAD_ARP2014
CMM-a9f75a25714e,TNP-00526,CMT-601d95a949aa,ARP-2014,chair,2016-12-14,2019-10-05,true,"observed on this committee on captures from 2016-12-14 to 2019-08-23, out of 9 readable captures of its page; the recorded span 2016-12-14..2019-10-05 is the outer bound, since each boundary falls in a gap between captures rather than on a known date",MARSAD_ARP2014
CMM-9b39894aee34,TNP-00905,CMT-3a051620fd33,ARP-2014,vice_chair,2019-07-22,2019-10-05,true,"observed on this committee on captures from 2019-07-22 to 2019-09-18, out of 12 readable captures of its page; the recorded span 2019-07-22..2019-10-05 is the outer bound, since each boundary falls in a gap between captures rather than on a known date",MARSAD_ARP2014
CMM-f71cbf712dd4,TNP-00905,CMT-8a5b9ec83476,ARP-2014,member,2014-12-02,2019-08-23,true,"observed on this committee on captures from 2015-03-07 to 2017-06-24, out of 10 readable captures of its page; the recorded span 2014-12-02..2019-08-23 is the outer bound, since each boundary falls in a gap between captures rather than on a known date",MARSAD_ARP2014
CMM-bcc20857f4b4,TNP-00905,CMT-90ddb75794d7,ARP-2014,vice_chair,2014-12-02,2019-08-21,true,"observed on this committee on captures from 2015-03-07 to 2017-05-17, out of 8 readable captures of its page; the recorded span 2014-12-02..2019-08-21 is the outer bound, since each boundary falls in a gap between captures rather than on a known date",MARSAD_ARP2014
CMM-c6998ca194e6,TNP-00906,CMT-3a051620fd33,ARP-2014,member,2014-12-02,2019-10-05,false,,MARSAD_ARP2014
CMM-86d449b28590,TNP-00906,CMT-3e7af871322d,ARP-2014,member,2014-12-02,2019-10-05,false,,MARSAD_ARP2014
CMM-840691f91f3b,TNP-00906,CMT-a48500711e9b,ARP-2014,member,2019-05-08,2019-09-18,true,"observed on this committee on captures from 2019-05-08 to 2019-07-22, out of 12 readable captures of its page; the recorded span 2019-05-08..2019-09-18 is the outer bound, since each boundary falls in a gap between captures rather than on a known date",MARSAD_ARP2014
CMM-2618d8bac848,TNP-00295,CMT-79ca761acaf6,ARP-2014,member,2014-12-02,2019-10-05,false,,MARSAD_ARP2014
CMM-2e3f13162c97,TNP-00295,CMT-4633b2874c88,ARP-2014,member,2014-12-02,2016-07-27,true,"observed on this committee on captures from 2015-03-07 to 2016-01-23, out of 12 readable captures of its page; the recorded span 2014-12-02..2016-07-27 is the outer bound, since each boundary falls in a gap between captures rather than on a known date",MARSAD_ARP2014
CMM-f04b8672c123,TNP-00295,CMT-4633b2874c88,ARP-2014,member,2016-09-15,2016-10-30,true,"observed on this committee on captures from 2016-09-15 to 2016-09-15, out of 12 readable captures of its page; the recorded span 2016-09-15..2016-10-30 is the outer bound, since each boundary falls in a gap between captures rather than on a known date",MARSAD_ARP2014
CMM-33dce5e5c526,TNP-00295,CMT-8a5b9ec83476,ARP-2014,member,2016-07-26,2017-03-01,true,"observed on this committee on captures from 2016-07-26 to 2016-12-30, out of 10 readable captures of its page; the recorded span 2016-07-26..2017-03-01 is the outer bound, since each boundary falls in a gap between captures rather than on a known date",MARSAD_ARP2014
CMM-9d64acd11540,TNP-00295,CMT-8a5b9ec83476,ARP-2014,member,2019-08-23,2019-10-05,true,"observed on this committee on captures from 2019-08-23 to 2019-08-23, out of 10 readable captures of its page; the recorded span 2019-08-23..2019-10-05 is the outer bound, since each boundary falls in a gap between captures rather than on a known date",MARSAD_ARP2014
CMM-ee289c30435d,TNP-00295,CMT-c19410caa909,ARP-2014,member,2014-12-02,2016-07-27,true,"observed on this committee on captures from 2015-03-07 to 2015-03-07, out of 6 readable captures of its page; the recorded span 2014-12-02..2016-07-27 is the outer bound, since each boundary falls in a gap between captures rather than on a known date",MARSAD_ARP2014
CMM-3f5ad87c9343,TNP-00295,CMT-c19410caa909,ARP-2014,member,2016-09-14,2019-08-21,true,"observed on this committee on captures from 2016-09-14 to 2017-05-15, out of 6 readable captures of its page; the recorded span 2016-09-14..2019-08-21 is the outer bound, since each boundary falls in a gap between captures rather than on a known date",MARSAD_ARP2014
CMM-354763496e81,TNP-00295,CMT-3e7af871322d,ARP-2014,member,2019-08-23,2019-10-05,true,"observed on this committee on captures from 2019-08-23 to 2019-08-23, out of 6 readable captures of its page; the recorded span 2019-08-23..2019-10-05 is the outer bound, since each boundary falls in a gap between captures rather than on a known date",MARSAD_ARP2014
CMM-95675f60e0f0,TNP-00295,CMT-90ddb75794d7,ARP-2014,member,2016-07-26,2017-01-27,true,"observed on this committee on captures from 2016-07-26 to 2016-09-14, out of 8 readable captures of its page; the recorded span 2016-07-26..2017-01-27 is the outer bound, since each boundary falls in a gap between captures rather than on a known date",MARSAD_ARP2014
CMM-3d2d1ba0a196,TNP-00145,CMT-b9e5e4367488,ARP-2014,member,2019-08-23,2019-10-05,true,"observed on this committee on captures from 2019-08-23 to 2019-09-23, out of 10 readable captures of its page; the recorded span 2019-08-23..2019-10-05 is the outer bound, since each boundary falls in a gap between captures rather than on a known date",MARSAD_ARP2014
CMM-3feb669cd454,TNP-00145,CMT-47b4ceeab70a,ARP-2014,member,2014-12-02,2019-05-08,true,"observed on this committee on captures from 2015-03-07 to 2017-05-31, out of 8 readable captures of its page; the recorded span 2014-12-02..2019-05-08 is the outer bound, since each boundary falls in a gap between captures rather than on a known date",MARSAD_ARP2014
CMM-78c8c3ff432b,TNP-00145,CMT-f7166b323046,ARP-2014,member,2014-12-02,2019-08-23,true,"observed on this committee on captures from 2015-03-07 to 2017-05-17, out of 5 readable captures of its page; the recorded span 2014-12-02..2019-08-23 is the outer bound, since each boundary falls in a gap between captures rather than on a known date",MARSAD_ARP2014
CMM-3c78f153415f,TNP-00145,CMT-90ddb75794d7,ARP-2014,chair,2019-08-21,2019-10-05,true,"observed on this committee on captures from 2019-08-21 to 2019-09-17, out of 8 readable captures of its page; the recorded span 2019-08-21..2019-10-05 is the outer bound, since each boundary falls in a gap between captures rather than on a known date",MARSAD_ARP2014
CMM-bf95e72512a3,TNP-00907,CMT-3a051620fd33,ARP-2014,member,2016-12-10,2019-10-05,true,"observed on this committee on captures from 2016-12-10 to 2019-09-18, out of 12 readable captures of its page; the recorded span 2016-12-10..2019-10-05 is the outer bound, since each boundary falls in a gap between captures rather than on a known date",MARSAD_ARP2014
CMM-7d90caa1ac26,TNP-00907,CMT-cab87800ef44,ARP-2014,member,2016-03-23,2017-01-27,true,"observed on this committee on captures from 2016-03-23 to 2016-09-15, out of 11 readable captures of its page; the recorded span 2016-03-23..2017-01-27 is the outer bound, since each boundary falls in a gap between captures rather than on a known date",MARSAD_ARP2014
CMM-d68647eb535e,TNP-00908,CMT-7858621d9962,ARP-2014,member,2014-12-02,2016-09-14,true,"observed on this committee on captures from 2015-03-07 to 2015-10-22, out of 12 readable captures of its page; the recorded span 2014-12-02..2016-09-14 is the outer bound, since each boundary falls in a gap between captures rather than on a known date",MARSAD_ARP2014
CMM-3afef11e85ab,TNP-00908,CMT-8a5b9ec83476,ARP-2014,rapporteur,2016-07-26,2019-08-23,true,"observed on this committee on captures from 2016-07-26 to 2017-06-24, out of 10 readable captures of its page; the recorded span 2016-07-26..2019-08-23 is the outer bound, since each boundary falls in a gap between captures rather than on a known date",MARSAD_ARP2014
CMM-6a033bf23981,TNP-00908,CMT-3e7af871322d,ARP-2014,member,2016-09-15,2019-08-23,true,"observed on this committee on captures from 2016-09-15 to 2016-12-30, out of 6 readable captures of its page; the recorded span 2016-09-15..2019-08-23 is the outer bound, since each boundary falls in a gap between captures rather than on a known date",MARSAD_ARP2014
CMM-f3df1cfdbe7d,TNP-00908,CMT-5863460337e8,ARP-2014,assistant_rapporteur,2014-12-02,2017-02-17,true,"observed on this committee on captures from 2015-03-07 to 2016-09-15, out of 9 readable captures of its page; the recorded span 2014-12-02..2017-02-17 is the outer bound, since each boundary falls in a gap between captures rather than on a known date",MARSAD_ARP2014
CMM-82fa876f2f72,TNP-00909,CMT-4633b2874c88,ARP-2014,member,2016-07-27,2019-10-05,true,"observed on this committee on captures from 2016-07-27 to 2019-08-23, out of 12 readable captures of its page; the recorded span 2016-07-27..2019-10-05 is the outer bound, since each boundary falls in a gap between captures rather than on a known date",MARSAD_ARP2014
CMM-a865ac4b3854,TNP-00909,CMT-8a5b9ec83476,ARP-2014,member,2014-12-02,2016-12-30,true,"observed on this committee on captures from 2015-03-07 to 2016-09-14, out of 10 readable captures of its page; the recorded span 2014-12-02..2016-12-30 is the outer bound, since each boundary falls in a gap between captures rather than on a known date",MARSAD_ARP2014
CMM-f68182ecb379,TNP-00909,CMT-5863460337e8,ARP-2014,vice_chair,2014-12-02,2019-10-05,false,,MARSAD_ARP2014
CMM-9a75f4c6d1b2,TNP-00910,CMT-3a051620fd33,ARP-2014,assistant_rapporteur,2014-12-02,2016-12-10,true,"observed on this committee on captures from 2015-03-07 to 2016-09-15, out of 12 readable captures of its page; the recorded span 2014-12-02..2016-12-10 is the outer bound, since each boundary falls in a gap between captures rather than on a known date",MARSAD_ARP2014
CMM-441e8e701cc6,TNP-00910,CMT-3a051620fd33,ARP-2014,assistant_rapporteur,2017-06-25,2019-07-22,true,"observed on this committee on captures from 2017-06-25 to 2017-06-25, out of 12 readable captures of its page; the recorded span 2017-06-25..2019-07-22 is the outer bound, since each boundary falls in a gap between captures rather than on a known date",MARSAD_ARP2014
CMM-f27d998388f5,TNP-00910,CMT-cab87800ef44,ARP-2014,assistant_rapporteur,2019-07-22,2019-10-05,true,"observed on this committee on captures from 2019-07-22 to 2019-09-15, out of 11 readable captures of its page; the recorded span 2019-07-22..2019-10-05 is the outer bound, since each boundary falls in a gap between captures rather than on a known date",MARSAD_ARP2014
CMM-4d163eb0eb0a,TNP-00910,CMT-c19410caa909,ARP-2014,member,2014-12-02,2016-07-27,true,"observed on this committee on captures from 2015-03-07 to 2015-03-07, out of 6 readable captures of its page; the recorded span 2014-12-02..2016-07-27 is the outer bound, since each boundary falls in a gap between captures rather than on a known date",MARSAD_ARP2014
CMM-e425f92b6dfe,TNP-00910,CMT-c19410caa909,ARP-2014,member,2016-09-14,2016-12-30,true,"observed on this committee on captures from 2016-09-14 to 2016-09-14, out of 6 readable captures of its page; the recorded span 2016-09-14..2016-12-30 is the outer bound, since each boundary falls in a gap between captures rather than on a known date",MARSAD_ARP2014
CMM-e45544903314,TNP-00910,CMT-3e7af871322d,ARP-2014,member,2016-09-15,2019-08-23,true,"observed on this committee on captures from 2016-09-15 to 2016-12-30, out of 6 readable captures of its page; the recorded span 2016-09-15..2019-08-23 is the outer bound, since each boundary falls in a gap between captures rather than on a known date",MARSAD_ARP2014
CMM-ea991580f576,TNP-00299,CMT-879180464a95,ARP-2014,member,2014-12-02,2019-10-05,false,,MARSAD_ARP2014
CMM-a746c005f7e6,TNP-00299,CMT-4633b2874c88,ARP-2014,vice_chair,2014-12-02,2016-07-27,true,"observed on this committee on captures from 2015-03-07 to 2016-01-23, out of 12 readable captures of its page; the recorded span 2014-12-02..2016-07-27 is the outer bound, since each boundary falls in a gap between captures rather than on a known date",MARSAD_ARP2014
CMM-4c700559b5af,TNP-00299,CMT-4633b2874c88,ARP-2014,vice_chair,2016-09-15,2016-10-30,true,"observed on this committee on captures from 2016-09-15 to 2016-09-15, out of 12 readable captures of its page; the recorded span 2016-09-15..2016-10-30 is the outer bound, since each boundary falls in a gap between captures rather than on a known date",MARSAD_ARP2014
CMM-1c0f462fb7be,TNP-00299,CMT-4633b2874c88,ARP-2014,member,2017-01-14,2019-10-05,true,"observed on this committee on captures from 2017-01-14 to 2019-08-23, out of 12 readable captures of its page; the recorded span 2017-01-14..2019-10-05 is the outer bound, since each boundary falls in a gap between captures rather than on a known date",MARSAD_ARP2014
CMM-2b9fe15680e5,TNP-00299,CMT-cab87800ef44,ARP-2014,member,2017-01-27,2017-04-24,true,"observed on this committee on captures from 2017-01-27 to 2017-01-27, out of 11 readable captures of its page; the recorded span 2017-01-27..2017-04-24 is the outer bound, since each boundary falls in a gap between captures rather than on a known date",MARSAD_ARP2014
CMM-59ed48e564e6,TNP-00911,CMT-47b4ceeab70a,ARP-2014,member,2014-12-02,2019-10-05,false,,MARSAD_ARP2014
CMM-ede6a35d0b85,TNP-00911,CMT-3e7af871322d,ARP-2014,member,2019-08-23,2019-10-05,true,"observed on this committee on captures from 2019-08-23 to 2019-08-23, out of 6 readable captures of its page; the recorded span 2019-08-23..2019-10-05 is the outer bound, since each boundary falls in a gap between captures rather than on a known date",MARSAD_ARP2014
CMM-18dd196eb213,TNP-00911,CMT-a48500711e9b,ARP-2014,member,2014-12-02,2019-05-08,true,"observed on this committee on captures from 2015-03-07 to 2017-06-02, out of 12 readable captures of its page; the recorded span 2014-12-02..2019-05-08 is the outer bound, since each boundary falls in a gap between captures rather than on a known date",MARSAD_ARP2014
CMM-34d9de40605c,TNP-00301,CMT-79ca761acaf6,ARP-2014,member,2014-12-02,2019-10-05,false,,MARSAD_ARP2014
CMM-7c0c4358448f,TNP-00301,CMT-3a051620fd33,ARP-2014,member,2014-12-02,2016-07-02,true,"observed on this committee on captures from 2015-03-07 to 2015-11-16, out of 12 readable captures of its page; the recorded span 2014-12-02..2016-07-02 is the outer bound, since each boundary falls in a gap between captures rather than on a known date",MARSAD_ARP2014
CMM-5473ed039bee,TNP-00301,CMT-3a051620fd33,ARP-2014,member,2016-09-15,2016-12-10,true,"observed on this committee on captures from 2016-09-15 to 2016-09-15, out of 12 readable captures of its page; the recorded span 2016-09-15..2016-12-10 is the outer bound, since each boundary falls in a gap between captures rather than on a known date",MARSAD_ARP2014
CMM-3fe0eb45648c,TNP-00301,CMT-8a5b9ec83476,ARP-2014,vice_chair,2019-08-23,2019-10-05,true,"observed on this committee on captures from 2019-08-23 to 2019-08-23, out of 10 readable captures of its page; the recorded span 2019-08-23..2019-10-05 is the outer bound, since each boundary falls in a gap between captures rather than on a known date",MARSAD_ARP2014
CMM-8d8ac18a8493,TNP-00301,CMT-5863460337e8,ARP-2014,member,2019-08-23,2019-10-05,true,"observed on this committee on captures from 2019-08-23 to 2019-08-23, out of 9 readable captures of its page; the recorded span 2019-08-23..2019-10-05 is the outer bound, since each boundary falls in a gap between captures rather than on a known date",MARSAD_ARP2014
CMM-ea5a29146342,TNP-00303,CMT-47b4ceeab70a,ARP-2014,member,2019-05-08,2019-10-05,true,"observed on this committee on captures from 2019-05-08 to 2019-08-23, out of 8 readable captures of its page; the recorded span 2019-05-08..2019-10-05 is the outer bound, since each boundary falls in a gap between captures rather than on a known date",MARSAD_ARP2014
CMM-7c0dff9ad284,TNP-00303,CMT-601d95a949aa,ARP-2014,member,2019-08-23,2019-10-05,true,"observed on this committee on captures from 2019-08-23 to 2019-08-23, out of 9 readable captures of its page; the recorded span 2019-08-23..2019-10-05 is the outer bound, since each boundary falls in a gap between captures rather than on a known date",MARSAD_ARP2014
CMM-34df6c69da68,TNP-00912,CMT-e5dff9bf0bca,ARP-2014,member,2014-12-02,2019-10-05,false,,MARSAD_ARP2014
CMM-ca3efa145241,TNP-00305,CMT-3a051620fd33,ARP-2014,member,2016-12-10,2019-07-22,true,"observed on this committee on captures from 2016-12-10 to 2017-06-25, out of 12 readable captures of its page; the recorded span 2016-12-10..2019-07-22 is the outer bound, since each boundary falls in a gap between captures rather than on a known date",MARSAD_ARP2014
CMM-dff8d6f41b6f,TNP-00305,CMT-2bc1cee50ba8,ARP-2014,member,2019-07-23,2019-10-05,true,"observed on this committee on captures from 2019-07-23 to 2019-09-17, out of 12 readable captures of its page; the recorded span 2019-07-23..2019-10-05 is the outer bound, since each boundary falls in a gap between captures rather than on a known date",MARSAD_ARP2014
CMM-66ec37867c0a,TNP-00305,CMT-8a5b9ec83476,ARP-2014,member,2014-12-02,2016-12-30,true,"observed on this committee on captures from 2015-03-07 to 2016-09-14, out of 10 readable captures of its page; the recorded span 2014-12-02..2016-12-30 is the outer bound, since each boundary falls in a gap between captures rather than on a known date",MARSAD_ARP2014
CMM-14dbf96058e8,TNP-00305,CMT-601d95a949aa,ARP-2014,member,2016-12-14,2019-08-23,true,"observed on this committee on captures from 2016-12-14 to 2017-06-25, out of 9 readable captures of its page; the recorded span 2016-12-14..2019-08-23 is the outer bound, since each boundary falls in a gap between captures rather than on a known date",MARSAD_ARP2014
CMM-cdd3e441f4bd,TNP-00305,CMT-3e7af871322d,ARP-2014,member,2014-12-02,2016-12-30,true,"observed on this committee on captures from 2015-03-07 to 2016-09-15, out of 6 readable captures of its page; the recorded span 2014-12-02..2016-12-30 is the outer bound, since each boundary falls in a gap between captures rather than on a known date",MARSAD_ARP2014
CMM-c0a1f982841e,TNP-00539,CMT-879180464a95,ARP-2014,assistant_rapporteur,2014-12-02,2019-10-05,false,,MARSAD_ARP2014
CMM-b5349375b665,TNP-00913,CMT-7858621d9962,ARP-2014,member,2016-09-14,2019-10-05,true,"observed on this committee on captures from 2016-09-14 to 2019-09-19, out of 12 readable captures of its page; the recorded span 2016-09-14..2019-10-05 is the outer bound, since each boundary falls in a gap between captures rather than on a known date",MARSAD_ARP2014
CMM-a6c4dd09ea38,TNP-00913,CMT-a48500711e9b,ARP-2014,member,2016-04-24,2019-10-05,true,"observed on this committee on captures from 2016-04-24 to 2019-09-18, out of 12 readable captures of its page; the recorded span 2016-04-24..2019-10-05 is the outer bound, since each boundary falls in a gap between captures rather than on a known date",MARSAD_ARP2014
CMM-10c7697366ff,TNP-00914,CMT-3a051620fd33,ARP-2014,assistant_rapporteur,2014-12-02,2016-12-10,true,"observed on this committee on captures from 2015-03-07 to 2016-09-15, out of 12 readable captures of its page; the recorded span 2014-12-02..2016-12-10 is the outer bound, since each boundary falls in a gap between captures rather than on a known date",MARSAD_ARP2014
CMM-f76976bb79da,TNP-00914,CMT-2bc1cee50ba8,ARP-2014,member,2017-06-02,2019-07-23,true,"observed on this committee on captures from 2017-06-02 to 2017-06-02, out of 12 readable captures of its page; the recorded span 2017-06-02..2019-07-23 is the outer bound, since each boundary falls in a gap between captures rather than on a known date",MARSAD_ARP2014
CMM-0e9ca2dc6be0,TNP-00914,CMT-c19410caa909,ARP-2014,member,2016-07-27,2016-12-30,true,"observed on this committee on captures from 2016-07-27 to 2016-09-14, out of 6 readable captures of its page; the recorded span 2016-07-27..2016-12-30 is the outer bound, since each boundary falls in a gap between captures rather than on a known date",MARSAD_ARP2014
CMM-f3b02b14a00a,TNP-00914,CMT-535731ec7ffd,ARP-2014,member,2014-12-02,2017-01-13,true,"observed on this committee on captures from 2015-03-07 to 2016-09-15, out of 9 readable captures of its page; the recorded span 2014-12-02..2017-01-13 is the outer bound, since each boundary falls in a gap between captures rather than on a known date",MARSAD_ARP2014
CMM-76baf5400edb,TNP-00309,CMT-3a051620fd33,ARP-2014,member,2014-12-02,2019-10-05,false,,MARSAD_ARP2014
CMM-5b7fead18122,TNP-00309,CMT-535731ec7ffd,ARP-2014,member,2017-01-13,2019-10-05,true,"observed on this committee on captures from 2017-01-13 to 2019-08-21, out of 9 readable captures of its page; the recorded span 2017-01-13..2019-10-05 is the outer bound, since each boundary falls in a gap between captures rather than on a known date",MARSAD_ARP2014
CMM-d8b8f8895fe1,TNP-00309,CMT-a48500711e9b,ARP-2014,member,2014-12-02,2017-04-29,true,"observed on this committee on captures from 2015-03-07 to 2016-10-07, out of 12 readable captures of its page; the recorded span 2014-12-02..2017-04-29 is the outer bound, since each boundary falls in a gap between captures rather than on a known date",MARSAD_ARP2014
CMM-057953f8dc45,TNP-00540,CMT-4633b2874c88,ARP-2014,member,2019-05-08,2019-10-05,true,"observed on this committee on captures from 2019-05-08 to 2019-08-23, out of 12 readable captures of its page; the recorded span 2019-05-08..2019-10-05 is the outer bound, since each boundary falls in a gap between captures rather than on a known date",MARSAD_ARP2014
CMM-80004743454d,TNP-00540,CMT-f7166b323046,ARP-2014,vice_chair,2019-08-23,2019-10-05,true,"observed on this committee on captures from 2019-08-23 to 2019-08-23, out of 5 readable captures of its page; the recorded span 2019-08-23..2019-10-05 is the outer bound, since each boundary falls in a gap between captures rather than on a known date",MARSAD_ARP2014
CMM-36d235d6605a,TNP-00540,CMT-a9259327aabc,ARP-2014,member,2014-12-02,2019-10-05,false,,MARSAD_ARP2014
CMM-f20db436e328,TNP-00915,CMT-8a5b9ec83476,ARP-2014,member,2014-12-02,2019-10-05,false,,MARSAD_ARP2014
CMM-da6a9bfad1a8,TNP-00915,CMT-90ddb75794d7,ARP-2014,member,2017-01-27,2019-10-05,true,"observed on this committee on captures from 2017-01-27 to 2019-09-17, out of 8 readable captures of its page; the recorded span 2017-01-27..2019-10-05 is the outer bound, since each boundary falls in a gap between captures rather than on a known date",MARSAD_ARP2014
CMM-4f46e8acf02b,TNP-00916,CMT-3a051620fd33,ARP-2014,member,2016-07-02,2019-07-22,true,"observed on this committee on captures from 2016-07-02 to 2017-06-25, out of 12 readable captures of its page; the recorded span 2016-07-02..2019-07-22 is the outer bound, since each boundary falls in a gap between captures rather than on a known date",MARSAD_ARP2014
CMM-d2e1a4c77ba4,TNP-00916,CMT-7858621d9962,ARP-2014,member,2019-07-23,2019-10-05,true,"observed on this committee on captures from 2019-07-23 to 2019-09-19, out of 12 readable captures of its page; the recorded span 2019-07-23..2019-10-05 is the outer bound, since each boundary falls in a gap between captures rather than on a known date",MARSAD_ARP2014
CMM-2ce74caeef5c,TNP-00916,CMT-8a5b9ec83476,ARP-2014,member,2016-07-26,2016-12-30,true,"observed on this committee on captures from 2016-07-26 to 2016-09-14, out of 10 readable captures of its page; the recorded span 2016-07-26..2016-12-30 is the outer bound, since each boundary falls in a gap between captures rather than on a known date",MARSAD_ARP2014
CMM-bd58529afe37,TNP-00916,CMT-a48500711e9b,ARP-2014,member,2016-04-24,2019-05-08,true,"observed on this committee on captures from 2016-04-24 to 2017-06-02, out of 12 readable captures of its page; the recorded span 2016-04-24..2019-05-08 is the outer bound, since each boundary falls in a gap between captures rather than on a known date",MARSAD_ARP2014
CMM-5b3c121e49d9,TNP-00916,CMT-5863460337e8,ARP-2014,member,2019-08-23,2019-10-05,true,"observed on this committee on captures from 2019-08-23 to 2019-08-23, out of 9 readable captures of its page; the recorded span 2019-08-23..2019-10-05 is the outer bound, since each boundary falls in a gap between captures rather than on a known date",MARSAD_ARP2014
CMM-bece01b1e4bf,TNP-00917,CMT-879180464a95,ARP-2014,rapporteur,2014-12-02,2019-10-05,false,,MARSAD_ARP2014
CMM-e75a37a882ef,TNP-00917,CMT-2bc1cee50ba8,ARP-2014,member,2014-12-02,2019-07-23,true,"observed on this committee on captures from 2015-03-07 to 2017-06-02, out of 12 readable captures of its page; the recorded span 2014-12-02..2019-07-23 is the outer bound, since each boundary falls in a gap between captures rather than on a known date",MARSAD_ARP2014
CMM-586242a6d205,TNP-00917,CMT-601d95a949aa,ARP-2014,member,2014-12-02,2016-04-19,true,"observed on this committee on captures from 2015-03-07 to 2015-10-22, out of 9 readable captures of its page; the recorded span 2014-12-02..2016-04-19 is the outer bound, since each boundary falls in a gap between captures rather than on a known date",MARSAD_ARP2014
CMM-5d7a8428f616,TNP-00917,CMT-601d95a949aa,ARP-2014,member,2016-09-14,2016-12-14,true,"observed on this committee on captures from 2016-09-14 to 2016-09-14, out of 9 readable captures of its page; the recorded span 2016-09-14..2016-12-14 is the outer bound, since each boundary falls in a gap between captures rather than on a known date",MARSAD_ARP2014
CMM-fb3642d56929,TNP-00917,CMT-a48500711e9b,ARP-2014,member,2016-04-24,2017-04-29,true,"observed on this committee on captures from 2016-04-24 to 2016-10-07, out of 12 readable captures of its page; the recorded span 2016-04-24..2017-04-29 is the outer bound, since each boundary falls in a gap between captures rather than on a known date",MARSAD_ARP2014
CMM-8ab9fbb9cdda,TNP-00917,CMT-e1fb561ef6b9,ARP-2014,member,2014-12-02,2019-10-05,false,,MARSAD_ARP2014
CMM-284c23ef1278,TNP-00918,CMT-879180464a95,ARP-2014,member,2014-12-02,2019-10-05,false,,MARSAD_ARP2014
CMM-483ad350fbbb,TNP-00918,CMT-2bc1cee50ba8,ARP-2014,member,2014-12-02,2016-04-05,true,"observed on this committee on captures from 2015-03-07 to 2016-01-13, out of 12 readable captures of its page; the recorded span 2014-12-02..2016-04-05 is the outer bound, since each boundary falls in a gap between captures rather than on a known date",MARSAD_ARP2014
CMM-d2153eba848e,TNP-00918,CMT-2bc1cee50ba8,ARP-2014,member,2016-09-14,2016-10-27,true,"observed on this committee on captures from 2016-09-14 to 2016-09-14, out of 12 readable captures of its page; the recorded span 2016-09-14..2016-10-27 is the outer bound, since each boundary falls in a gap between captures rather than on a known date",MARSAD_ARP2014
CMM-4a782ff063ac,TNP-00918,CMT-2bc1cee50ba8,ARP-2014,member,2017-06-02,2019-10-05,true,"observed on this committee on captures from 2017-06-02 to 2019-09-17, out of 12 readable captures of its page; the recorded span 2017-06-02..2019-10-05 is the outer bound, since each boundary falls in a gap between captures rather than on a known date",MARSAD_ARP2014
CMM-99f0fac8a353,TNP-00918,CMT-8a5b9ec83476,ARP-2014,member,2016-07-26,2017-05-25,true,"observed on this committee on captures from 2016-07-26 to 2017-04-24, out of 10 readable captures of its page; the recorded span 2016-07-26..2017-05-25 is the outer bound, since each boundary falls in a gap between captures rather than on a known date",MARSAD_ARP2014
CMM-d4d13ce4c9d8,TNP-00918,CMT-601d95a949aa,ARP-2014,member,2016-04-19,2016-12-14,true,"observed on this committee on captures from 2016-04-19 to 2016-09-14, out of 9 readable captures of its page; the recorded span 2016-04-19..2016-12-14 is the outer bound, since each boundary falls in a gap between captures rather than on a known date",MARSAD_ARP2014
CMM-227d5a9048d6,TNP-00918,CMT-f7166b323046,ARP-2014,chair,2016-12-30,2019-08-23,true,"observed on this committee on captures from 2016-12-30 to 2017-05-17, out of 5 readable captures of its page; the recorded span 2016-12-30..2019-08-23 is the outer bound, since each boundary falls in a gap between captures rather than on a known date",MARSAD_ARP2014
CMM-7ad04dfc3dbf,TNP-00918,CMT-535731ec7ffd,ARP-2014,chair,2019-05-08,2019-10-05,true,"observed on this committee on captures from 2019-05-08 to 2019-08-21, out of 9 readable captures of its page; the recorded span 2019-05-08..2019-10-05 is the outer bound, since each boundary falls in a gap between captures rather than on a known date",MARSAD_ARP2014
CMM-136e92fefffb,TNP-00918,CMT-3e7af871322d,ARP-2014,member,2014-12-02,2016-12-30,true,"observed on this committee on captures from 2015-03-07 to 2016-09-15, out of 6 readable captures of its page; the recorded span 2014-12-02..2016-12-30 is the outer bound, since each boundary falls in a gap between captures rather than on a known date",MARSAD_ARP2014
CMM-da997161de85,TNP-00918,CMT-a9259327aabc,ARP-2014,member,2014-12-02,2019-10-05,false,,MARSAD_ARP2014
CMM-47bfc95c4cf5,TNP-00375,CMT-2bc1cee50ba8,ARP-2014,member,2014-12-02,2017-01-16,true,"observed on this committee on captures from 2015-03-07 to 2016-10-27, out of 12 readable captures of its page; the recorded span 2014-12-02..2017-01-16 is the outer bound, since each boundary falls in a gap between captures rather than on a known date",MARSAD_ARP2014
CMM-0f132d37e520,TNP-00375,CMT-c19410caa909,ARP-2014,member,2016-12-30,2019-08-21,true,"observed on this committee on captures from 2016-12-30 to 2017-05-15, out of 6 readable captures of its page; the recorded span 2016-12-30..2019-08-21 is the outer bound, since each boundary falls in a gap between captures rather than on a known date",MARSAD_ARP2014
CMM-5a4a9c060f28,TNP-00375,CMT-535731ec7ffd,ARP-2014,member,2014-12-02,2017-01-13,true,"observed on this committee on captures from 2015-03-07 to 2016-09-15, out of 9 readable captures of its page; the recorded span 2014-12-02..2017-01-13 is the outer bound, since each boundary falls in a gap between captures rather than on a known date",MARSAD_ARP2014
CMM-dc13c8fb54ac,TNP-00375,CMT-8d6af35d5cb4,ARP-2014,member,2014-12-02,2019-07-22,true,"observed on this committee on captures from 2017-06-30 to 2017-06-30, out of 4 readable captures of its page; the recorded span 2014-12-02..2019-07-22 is the outer bound, since each boundary falls in a gap between captures rather than on a known date",MARSAD_ARP2014
CMM-4fa45c295f82,TNP-00919,CMT-4633b2874c88,ARP-2014,member,2014-12-02,2016-07-27,true,"observed on this committee on captures from 2015-03-07 to 2016-01-23, out of 12 readable captures of its page; the recorded span 2014-12-02..2016-07-27 is the outer bound, since each boundary falls in a gap between captures rather than on a known date",MARSAD_ARP2014
CMM-1cda9474df3d,TNP-00919,CMT-4633b2874c88,ARP-2014,member,2016-09-15,2016-10-30,true,"observed on this committee on captures from 2016-09-15 to 2016-09-15, out of 12 readable captures of its page; the recorded span 2016-09-15..2016-10-30 is the outer bound, since each boundary falls in a gap between captures rather than on a known date",MARSAD_ARP2014
CMM-82935f88dd04,TNP-00919,CMT-4633b2874c88,ARP-2014,member,2017-01-14,2019-10-05,true,"observed on this committee on captures from 2017-01-14 to 2019-08-23, out of 12 readable captures of its page; the recorded span 2017-01-14..2019-10-05 is the outer bound, since each boundary falls in a gap between captures rather than on a known date",MARSAD_ARP2014
CMM-4964b1f57128,TNP-00919,CMT-f7166b323046,ARP-2014,member,2016-12-30,2019-10-05,true,"observed on this committee on captures from 2016-12-30 to 2019-08-23, out of 5 readable captures of its page; the recorded span 2016-12-30..2019-10-05 is the outer bound, since each boundary falls in a gap between captures rather than on a known date",MARSAD_ARP2014
CMM-daff4a73d677,TNP-00919,CMT-90ddb75794d7,ARP-2014,member,2016-07-26,2017-01-27,true,"observed on this committee on captures from 2016-07-26 to 2016-09-14, out of 8 readable captures of its page; the recorded span 2016-07-26..2017-01-27 is the outer bound, since each boundary falls in a gap between captures rather than on a known date",MARSAD_ARP2014
CMM-a674ac736e61,TNP-00920,CMT-7858621d9962,ARP-2014,member,2014-12-02,2016-09-14,true,"observed on this committee on captures from 2015-03-07 to 2015-10-22, out of 12 readable captures of its page; the recorded span 2014-12-02..2016-09-14 is the outer bound, since each boundary falls in a gap between captures rather than on a known date",MARSAD_ARP2014
CMM-b7ed8eaf5ded,TNP-00920,CMT-7858621d9962,ARP-2014,member,2016-12-13,2019-10-05,true,"observed on this committee on captures from 2016-12-13 to 2019-09-19, out of 12 readable captures of its page; the recorded span 2016-12-13..2019-10-05 is the outer bound, since each boundary falls in a gap between captures rather than on a known date",MARSAD_ARP2014
CMM-3487d44d6ae2,TNP-00920,CMT-3e7af871322d,ARP-2014,member,2016-12-30,2019-08-23,true,"observed on this committee on captures from 2016-12-30 to 2016-12-30, out of 6 readable captures of its page; the recorded span 2016-12-30..2019-08-23 is the outer bound, since each boundary falls in a gap between captures rather than on a known date",MARSAD_ARP2014
CMM-717fc77dcde2,TNP-00920,CMT-a48500711e9b,ARP-2014,assistant_rapporteur,2014-12-02,2017-04-29,true,"observed on this committee on captures from 2015-03-07 to 2016-10-07, out of 12 readable captures of its page; the recorded span 2014-12-02..2017-04-29 is the outer bound, since each boundary falls in a gap between captures rather than on a known date",MARSAD_ARP2014
CMM-3657ce52113b,TNP-00921,CMT-79ca761acaf6,ARP-2014,member,2014-12-02,2019-10-05,false,,MARSAD_ARP2014
CMM-6d9d5c097ca3,TNP-00921,CMT-3a051620fd33,ARP-2014,member,2019-07-22,2019-10-05,true,"observed on this committee on captures from 2019-07-22 to 2019-09-18, out of 12 readable captures of its page; the recorded span 2019-07-22..2019-10-05 is the outer bound, since each boundary falls in a gap between captures rather than on a known date",MARSAD_ARP2014
CMM-b5701679d50c,TNP-00921,CMT-4633b2874c88,ARP-2014,member,2014-12-02,2017-01-14,true,"observed on this committee on captures from 2015-03-07 to 2016-10-30, out of 12 readable captures of its page; the recorded span 2014-12-02..2017-01-14 is the outer bound, since each boundary falls in a gap between captures rather than on a known date",MARSAD_ARP2014
CMM-dcbaf2d074d6,TNP-00921,CMT-8a5b9ec83476,ARP-2014,member,2016-12-30,2019-08-23,true,"observed on this committee on captures from 2016-12-30 to 2017-06-24, out of 10 readable captures of its page; the recorded span 2016-12-30..2019-08-23 is the outer bound, since each boundary falls in a gap between captures rather than on a known date",MARSAD_ARP2014
CMM-cd14e674a632,TNP-00921,CMT-5863460337e8,ARP-2014,chair,2014-12-02,2019-10-05,false,,MARSAD_ARP2014
CMM-547df8aa7ead,TNP-00111,CMT-8a5b9ec83476,ARP-2014,member,2014-12-02,2016-12-30,true,"observed on this committee on captures from 2015-03-07 to 2016-09-14, out of 10 readable captures of its page; the recorded span 2014-12-02..2016-12-30 is the outer bound, since each boundary falls in a gap between captures rather than on a known date",MARSAD_ARP2014
CMM-9b7b9a2967a3,TNP-00111,CMT-5863460337e8,ARP-2014,member,2014-12-02,2019-10-05,false,,MARSAD_ARP2014
CMM-8688d324e261,TNP-00111,CMT-e1fb561ef6b9,ARP-2014,vice_chair,2014-12-02,2019-10-05,false,,MARSAD_ARP2014
CMM-efb5e7365d84,TNP-00922,CMT-b9e5e4367488,ARP-2014,member,2014-12-02,2017-01-27,true,"observed on this committee on captures from 2015-03-07 to 2016-09-14, out of 10 readable captures of its page; the recorded span 2014-12-02..2017-01-27 is the outer bound, since each boundary falls in a gap between captures rather than on a known date",MARSAD_ARP2014
CMM-ae096c908786,TNP-00922,CMT-c19410caa909,ARP-2014,member,2014-12-02,2016-12-30,true,"observed on this committee on captures from 2015-03-07 to 2016-09-14, out of 6 readable captures of its page; the recorded span 2014-12-02..2016-12-30 is the outer bound, since each boundary falls in a gap between captures rather than on a known date",MARSAD_ARP2014
CMM-4b35ad889b88,TNP-00319,CMT-7858621d9962,ARP-2014,member,2014-12-02,2019-10-05,false,,MARSAD_ARP2014
CMM-8d9341870cba,TNP-00319,CMT-5863460337e8,ARP-2014,member,2014-12-02,2017-02-17,true,"observed on this committee on captures from 2015-03-07 to 2016-09-15, out of 9 readable captures of its page; the recorded span 2014-12-02..2017-02-17 is the outer bound, since each boundary falls in a gap between captures rather than on a known date",MARSAD_ARP2014
CMM-888039eeb5e5,TNP-00115,CMT-7858621d9962,ARP-2014,member,2014-12-02,2016-09-14,true,"observed on this committee on captures from 2015-03-07 to 2015-10-22, out of 12 readable captures of its page; the recorded span 2014-12-02..2016-09-14 is the outer bound, since each boundary falls in a gap between captures rather than on a known date",MARSAD_ARP2014
CMM-f37da14c6d3f,TNP-00115,CMT-47b4ceeab70a,ARP-2014,member,2017-05-31,2019-10-05,true,"observed on this committee on captures from 2017-05-31 to 2019-08-23, out of 8 readable captures of its page; the recorded span 2017-05-31..2019-10-05 is the outer bound, since each boundary falls in a gap between captures rather than on a known date",MARSAD_ARP2014
CMM-1f804e4cbec1,TNP-00115,CMT-f7166b323046,ARP-2014,assistant_rapporteur,2014-12-02,2019-08-23,true,"observed on this committee on captures from 2015-03-07 to 2017-05-17, out of 5 readable captures of its page; the recorded span 2014-12-02..2019-08-23 is the outer bound, since each boundary falls in a gap between captures rather than on a known date",MARSAD_ARP2014
CMM-0077bff88d7d,TNP-00923,CMT-3a051620fd33,ARP-2014,assistant_rapporteur,2016-12-10,2017-06-25,true,"observed on this committee on captures from 2016-12-10 to 2017-05-25, out of 12 readable captures of its page; the recorded span 2016-12-10..2017-06-25 is the outer bound, since each boundary falls in a gap between captures rather than on a known date",MARSAD_ARP2014
CMM-74de8df95720,TNP-00923,CMT-4633b2874c88,ARP-2014,member,2014-12-02,2016-10-30,true,"observed on this committee on captures from 2015-03-07 to 2016-09-15, out of 12 readable captures of its page; the recorded span 2014-12-02..2016-10-30 is the outer bound, since each boundary falls in a gap between captures rather than on a known date",MARSAD_ARP2014
CMM-16ea8c67d90c,TNP-00923,CMT-c19410caa909,ARP-2014,vice_chair,2016-07-27,2016-12-30,true,"observed on this committee on captures from 2016-07-27 to 2016-09-14, out of 6 readable captures of its page; the recorded span 2016-07-27..2016-12-30 is the outer bound, since each boundary falls in a gap between captures rather than on a known date",MARSAD_ARP2014
CMM-be0cc263cfb5,TNP-00923,CMT-535731ec7ffd,ARP-2014,member,2014-12-02,2016-09-15,true,"observed on this committee on captures from 2015-03-07 to 2016-01-13, out of 9 readable captures of its page; the recorded span 2014-12-02..2016-09-15 is the outer bound, since each boundary falls in a gap between captures rather than on a known date",MARSAD_ARP2014
CMM-50b40463d9e5,TNP-00923,CMT-535731ec7ffd,ARP-2014,member,2017-01-13,2019-05-08,true,"observed on this committee on captures from 2017-01-13 to 2017-04-28, out of 9 readable captures of its page; the recorded span 2017-01-13..2019-05-08 is the outer bound, since each boundary falls in a gap between captures rather than on a known date",MARSAD_ARP2014
CMM-e27ae631216d,TNP-00429,CMT-3a051620fd33,ARP-2014,member,2014-12-02,2016-12-10,true,"observed on this committee on captures from 2015-03-07 to 2016-09-15, out of 12 readable captures of its page; the recorded span 2014-12-02..2016-12-10 is the outer bound, since each boundary falls in a gap between captures rather than on a known date",MARSAD_ARP2014
CMM-4d5346772abf,TNP-00429,CMT-2bc1cee50ba8,ARP-2014,member,2017-01-16,2019-10-05,true,"observed on this committee on captures from 2017-01-16 to 2019-09-17, out of 12 readable captures of its page; the recorded span 2017-01-16..2019-10-05 is the outer bound, since each boundary falls in a gap between captures rather than on a known date",MARSAD_ARP2014
CMM-965a501cbe70,TNP-00429,CMT-3e7af871322d,ARP-2014,assistant_rapporteur,2016-12-30,2019-08-23,true,"observed on this committee on captures from 2016-12-30 to 2016-12-30, out of 6 readable captures of its page; the recorded span 2016-12-30..2019-08-23 is the outer bound, since each boundary falls in a gap between captures rather than on a known date",MARSAD_ARP2014
CMM-f3aebc1639c9,TNP-00429,CMT-a48500711e9b,ARP-2014,member,2019-05-08,2019-10-05,true,"observed on this committee on captures from 2019-05-08 to 2019-09-18, out of 12 readable captures of its page; the recorded span 2019-05-08..2019-10-05 is the outer bound, since each boundary falls in a gap between captures rather than on a known date",MARSAD_ARP2014
CMM-d30cfeb68fb6,TNP-00429,CMT-90ddb75794d7,ARP-2014,member,2014-12-02,2016-07-26,true,"observed on this committee on captures from 2015-03-07 to 2015-10-22, out of 8 readable captures of its page; the recorded span 2014-12-02..2016-07-26 is the outer bound, since each boundary falls in a gap between captures rather than on a known date",MARSAD_ARP2014
CMM-0182496167c4,TNP-00429,CMT-90ddb75794d7,ARP-2014,member,2016-09-14,2017-01-27,true,"observed on this committee on captures from 2016-09-14 to 2016-09-14, out of 8 readable captures of its page; the recorded span 2016-09-14..2017-01-27 is the outer bound, since each boundary falls in a gap between captures rather than on a known date",MARSAD_ARP2014
CMM-275450c6dd1b,TNP-00429,CMT-8d6af35d5cb4,ARP-2014,member,2014-12-02,2019-10-05,false,,MARSAD_ARP2014
CMM-321b4fabf2f3,TNP-00428,CMT-4633b2874c88,ARP-2014,member,2017-01-14,2019-05-08,true,"observed on this committee on captures from 2017-01-14 to 2017-06-26, out of 12 readable captures of its page; the recorded span 2017-01-14..2019-05-08 is the outer bound, since each boundary falls in a gap between captures rather than on a known date",MARSAD_ARP2014
CMM-70ed9ddb1e43,TNP-00428,CMT-7858621d9962,ARP-2014,member,2016-09-14,2016-12-13,true,"observed on this committee on captures from 2016-09-14 to 2016-11-01, out of 12 readable captures of its page; the recorded span 2016-09-14..2016-12-13 is the outer bound, since each boundary falls in a gap between captures rather than on a known date",MARSAD_ARP2014
CMM-4e5784b2d275,TNP-00428,CMT-47b4ceeab70a,ARP-2014,member,2014-12-02,2016-04-24,true,"observed on this committee on captures from 2015-03-07 to 2016-01-08, out of 8 readable captures of its page; the recorded span 2014-12-02..2016-04-24 is the outer bound, since each boundary falls in a gap between captures rather than on a known date",MARSAD_ARP2014
CMM-71271eedff74,TNP-00428,CMT-47b4ceeab70a,ARP-2014,member,2016-09-14,2017-05-31,true,"observed on this committee on captures from 2016-09-14 to 2016-09-14, out of 8 readable captures of its page; the recorded span 2016-09-14..2017-05-31 is the outer bound, since each boundary falls in a gap between captures rather than on a known date",MARSAD_ARP2014
CMM-e3ba498a66f9,TNP-00428,CMT-47b4ceeab70a,ARP-2014,member,2019-05-08,2019-10-05,true,"observed on this committee on captures from 2019-05-08 to 2019-08-23, out of 8 readable captures of its page; the recorded span 2019-05-08..2019-10-05 is the outer bound, since each boundary falls in a gap between captures rather than on a known date",MARSAD_ARP2014
CMM-07f2541d79b8,TNP-00428,CMT-a48500711e9b,ARP-2014,member,2014-12-02,2019-05-08,true,"observed on this committee on captures from 2015-03-07 to 2017-06-02, out of 12 readable captures of its page; the recorded span 2014-12-02..2019-05-08 is the outer bound, since each boundary falls in a gap between captures rather than on a known date",MARSAD_ARP2014
CMM-116a2e39c268,TNP-00924,CMT-7858621d9962,ARP-2014,member,2014-12-02,2019-10-05,false,,MARSAD_ARP2014
CMM-0a2f7717abe6,TNP-00924,CMT-3e7af871322d,ARP-2014,member,2014-12-02,2016-12-30,true,"observed on this committee on captures from 2015-03-07 to 2016-09-15, out of 6 readable captures of its page; the recorded span 2014-12-02..2016-12-30 is the outer bound, since each boundary falls in a gap between captures rather than on a known date",MARSAD_ARP2014
CMM-9e6348f721db,TNP-00925,CMT-79ca761acaf6,ARP-2014,member,2014-12-02,2019-10-05,false,,MARSAD_ARP2014
CMM-625f77c8ec4a,TNP-00925,CMT-894b8d7f301d,ARP-2014,member,2019-07-23,2019-10-05,true,"observed on this committee on captures from 2019-07-23 to 2019-09-19, out of 12 readable captures of its page; the recorded span 2019-07-23..2019-10-05 is the outer bound, since each boundary falls in a gap between captures rather than on a known date",MARSAD_ARP2014
CMM-759d700e5584,TNP-00925,CMT-8a5b9ec83476,ARP-2014,member,2014-12-02,2016-12-30,true,"observed on this committee on captures from 2015-03-07 to 2016-09-14, out of 10 readable captures of its page; the recorded span 2014-12-02..2016-12-30 is the outer bound, since each boundary falls in a gap between captures rather than on a known date",MARSAD_ARP2014
CMM-db7281ea0fa2,TNP-00925,CMT-c19410caa909,ARP-2014,member,2019-08-21,2019-10-05,true,"observed on this committee on captures from 2019-08-21 to 2019-08-21, out of 6 readable captures of its page; the recorded span 2019-08-21..2019-10-05 is the outer bound, since each boundary falls in a gap between captures rather than on a known date",MARSAD_ARP2014
CMM-0fba29d73fff,TNP-00925,CMT-3e7af871322d,ARP-2014,member,2014-12-02,2016-12-30,true,"observed on this committee on captures from 2015-03-07 to 2016-09-15, out of 6 readable captures of its page; the recorded span 2014-12-02..2016-12-30 is the outer bound, since each boundary falls in a gap between captures rather than on a known date",MARSAD_ARP2014
CMM-2b760d9916c3,TNP-00926,CMT-cab87800ef44,ARP-2014,member,2014-12-02,2019-10-05,false,,MARSAD_ARP2014
CMM-a8cb90b68112,TNP-00926,CMT-f7166b323046,ARP-2014,assistant_rapporteur,2016-12-30,2019-10-05,true,"observed on this committee on captures from 2016-12-30 to 2019-08-23, out of 5 readable captures of its page; the recorded span 2016-12-30..2019-10-05 is the outer bound, since each boundary falls in a gap between captures rather than on a known date",MARSAD_ARP2014
CMM-8eaee09879e8,TNP-00926,CMT-3e7af871322d,ARP-2014,member,2014-12-02,2016-12-30,true,"observed on this committee on captures from 2015-03-07 to 2016-09-15, out of 6 readable captures of its page; the recorded span 2014-12-02..2016-12-30 is the outer bound, since each boundary falls in a gap between captures rather than on a known date",MARSAD_ARP2014
CMM-082dd9baaba4,TNP-00926,CMT-e5dff9bf0bca,ARP-2014,member,2014-12-02,2019-10-05,false,,MARSAD_ARP2014
CMM-11739c80dfa8,TNP-00324,CMT-8a5b9ec83476,ARP-2014,member,2014-12-02,2016-12-30,true,"observed on this committee on captures from 2015-03-07 to 2016-09-14, out of 10 readable captures of its page; the recorded span 2014-12-02..2016-12-30 is the outer bound, since each boundary falls in a gap between captures rather than on a known date",MARSAD_ARP2014
CMM-9140bf5900c0,TNP-00324,CMT-8a5b9ec83476,ARP-2014,member,2019-08-23,2019-10-05,true,"observed on this committee on captures from 2019-08-23 to 2019-08-23, out of 10 readable captures of its page; the recorded span 2019-08-23..2019-10-05 is the outer bound, since each boundary falls in a gap between captures rather than on a known date",MARSAD_ARP2014
CMM-a9ec4e58a44b,TNP-00927,CMT-7858621d9962,ARP-2014,member,2014-12-02,2016-12-13,true,"observed on this committee on captures from 2015-03-07 to 2016-11-01, out of 12 readable captures of its page; the recorded span 2014-12-02..2016-12-13 is the outer bound, since each boundary falls in a gap between captures rather than on a known date",MARSAD_ARP2014
CMM-1ed8cd919cff,TNP-00927,CMT-8a5b9ec83476,ARP-2014,member,2016-12-30,2019-08-23,true,"observed on this committee on captures from 2016-12-30 to 2017-06-24, out of 10 readable captures of its page; the recorded span 2016-12-30..2019-08-23 is the outer bound, since each boundary falls in a gap between captures rather than on a known date",MARSAD_ARP2014
CMM-9f34c6ac9566,TNP-00927,CMT-c19410caa909,ARP-2014,assistant_rapporteur,2016-07-27,2019-08-21,true,"observed on this committee on captures from 2016-07-27 to 2017-05-15, out of 6 readable captures of its page; the recorded span 2016-07-27..2019-08-21 is the outer bound, since each boundary falls in a gap between captures rather than on a known date",MARSAD_ARP2014
CMM-251f76a861ef,TNP-00927,CMT-3e7af871322d,ARP-2014,member,2019-08-23,2019-10-05,true,"observed on this committee on captures from 2019-08-23 to 2019-08-23, out of 6 readable captures of its page; the recorded span 2019-08-23..2019-10-05 is the outer bound, since each boundary falls in a gap between captures rather than on a known date",MARSAD_ARP2014
CMM-fee2bace0633,TNP-00927,CMT-a48500711e9b,ARP-2014,member,2014-12-02,2016-04-24,true,"observed on this committee on captures from 2015-03-07 to 2016-01-13, out of 12 readable captures of its page; the recorded span 2014-12-02..2016-04-24 is the outer bound, since each boundary falls in a gap between captures rather than on a known date",MARSAD_ARP2014
CMM-f68b9474b8d7,TNP-00927,CMT-a48500711e9b,ARP-2014,member,2016-09-15,2017-04-29,true,"observed on this committee on captures from 2016-09-15 to 2016-10-07, out of 12 readable captures of its page; the recorded span 2016-09-15..2017-04-29 is the outer bound, since each boundary falls in a gap between captures rather than on a known date",MARSAD_ARP2014
CMM-9f67c77bf61a,TNP-00927,CMT-8d6af35d5cb4,ARP-2014,member,2014-12-02,2019-10-05,false,,MARSAD_ARP2014
CMM-bb43f09959ee,TNP-00928,CMT-879180464a95,ARP-2014,member,2014-12-02,2019-10-05,false,,MARSAD_ARP2014
CMM-94d3a4fe5df4,TNP-00929,CMT-47b4ceeab70a,ARP-2014,vice_chair,2019-05-08,2019-10-05,true,"observed on this committee on captures from 2019-05-08 to 2019-08-23, out of 8 readable captures of its page; the recorded span 2019-05-08..2019-10-05 is the outer bound, since each boundary falls in a gap between captures rather than on a known date",MARSAD_ARP2014
CMM-58619e444da7,TNP-00929,CMT-8a5b9ec83476,ARP-2014,member,2014-12-02,2016-12-30,true,"observed on this committee on captures from 2015-03-07 to 2016-09-14, out of 10 readable captures of its page; the recorded span 2014-12-02..2016-12-30 is the outer bound, since each boundary falls in a gap between captures rather than on a known date",MARSAD_ARP2014
CMM-83233c4dcd9a,TNP-00929,CMT-90ddb75794d7,ARP-2014,member,2014-12-02,2017-01-27,true,"observed on this committee on captures from 2015-03-07 to 2016-09-14, out of 8 readable captures of its page; the recorded span 2014-12-02..2017-01-27 is the outer bound, since each boundary falls in a gap between captures rather than on a known date",MARSAD_ARP2014
CMM-1892220743e6,TNP-00929,CMT-90ddb75794d7,ARP-2014,member,2019-08-21,2019-10-05,true,"observed on this committee on captures from 2019-08-21 to 2019-09-17, out of 8 readable captures of its page; the recorded span 2019-08-21..2019-10-05 is the outer bound, since each boundary falls in a gap between captures rather than on a known date",MARSAD_ARP2014
CMM-c1ac61e11be5,TNP-00930,CMT-cab87800ef44,ARP-2014,member,2014-12-02,2017-04-24,true,"observed on this committee on captures from 2015-03-07 to 2017-01-27, out of 11 readable captures of its page; the recorded span 2014-12-02..2017-04-24 is the outer bound, since each boundary falls in a gap between captures rather than on a known date",MARSAD_ARP2014
CMM-9396bd6bae15,TNP-00930,CMT-c19410caa909,ARP-2014,member,2014-12-02,2019-08-21,true,"observed on this committee on captures from 2015-03-07 to 2017-05-15, out of 6 readable captures of its page; the recorded span 2014-12-02..2019-08-21 is the outer bound, since each boundary falls in a gap between captures rather than on a known date",MARSAD_ARP2014
CMM-17ab0619d09b,TNP-00328,CMT-e1fb561ef6b9,ARP-2014,member,2014-12-02,2019-10-05,false,,MARSAD_ARP2014
CMM-e934757a43c1,TNP-00932,CMT-3a051620fd33,ARP-2014,member,2014-12-02,2016-07-02,true,"observed on this committee on captures from 2015-03-07 to 2015-11-16, out of 12 readable captures of its page; the recorded span 2014-12-02..2016-07-02 is the outer bound, since each boundary falls in a gap between captures rather than on a known date",MARSAD_ARP2014
CMM-50e3ea11c6c0,TNP-00932,CMT-3a051620fd33,ARP-2014,member,2016-09-15,2017-04-24,true,"observed on this committee on captures from 2016-09-15 to 2016-12-10, out of 12 readable captures of its page; the recorded span 2016-09-15..2017-04-24 is the outer bound, since each boundary falls in a gap between captures rather than on a known date",MARSAD_ARP2014
CMM-2076f86d63b7,TNP-00932,CMT-3a051620fd33,ARP-2014,member,2019-09-18,2019-10-05,true,"observed on this committee on captures from 2019-09-18 to 2019-09-18, out of 12 readable captures of its page; the recorded span 2019-09-18..2019-10-05 is the outer bound, since each boundary falls in a gap between captures rather than on a known date",MARSAD_ARP2014
CMM-86021dabcc40,TNP-00932,CMT-cab87800ef44,ARP-2014,assistant_rapporteur,2016-03-23,2017-01-27,true,"observed on this committee on captures from 2016-03-23 to 2016-09-15, out of 11 readable captures of its page; the recorded span 2016-03-23..2017-01-27 is the outer bound, since each boundary falls in a gap between captures rather than on a known date",MARSAD_ARP2014
CMM-f96a2134a7a5,TNP-00932,CMT-cab87800ef44,ARP-2014,member,2017-04-24,2019-07-22,true,"observed on this committee on captures from 2017-04-24 to 2017-06-24, out of 11 readable captures of its page; the recorded span 2017-04-24..2019-07-22 is the outer bound, since each boundary falls in a gap between captures rather than on a known date",MARSAD_ARP2014
CMM-c3fc3e8b4d1c,TNP-00932,CMT-601d95a949aa,ARP-2014,member,2016-04-19,2019-08-23,true,"observed on this committee on captures from 2016-04-19 to 2017-06-25, out of 9 readable captures of its page; the recorded span 2016-04-19..2019-08-23 is the outer bound, since each boundary falls in a gap between captures rather than on a known date",MARSAD_ARP2014
CMM-2f890ae58de7,TNP-00932,CMT-a48500711e9b,ARP-2014,member,2014-12-02,2016-04-24,true,"observed on this committee on captures from 2015-03-07 to 2016-01-13, out of 12 readable captures of its page; the recorded span 2014-12-02..2016-04-24 is the outer bound, since each boundary falls in a gap between captures rather than on a known date",MARSAD_ARP2014
CMM-d884b82de265,TNP-00932,CMT-a48500711e9b,ARP-2014,member,2016-09-15,2017-04-29,true,"observed on this committee on captures from 2016-09-15 to 2016-10-07, out of 12 readable captures of its page; the recorded span 2016-09-15..2017-04-29 is the outer bound, since each boundary falls in a gap between captures rather than on a known date",MARSAD_ARP2014
CMM-3330cd9b3ce2,TNP-00331,CMT-4633b2874c88,ARP-2014,member,2016-07-27,2019-10-05,true,"observed on this committee on captures from 2016-07-27 to 2019-08-23, out of 12 readable captures of its page; the recorded span 2016-07-27..2019-10-05 is the outer bound, since each boundary falls in a gap between captures rather than on a known date",MARSAD_ARP2014
CMM-3b8cb15125ae,TNP-00331,CMT-47b4ceeab70a,ARP-2014,member,2014-12-02,2016-04-24,true,"observed on this committee on captures from 2015-03-07 to 2016-01-08, out of 8 readable captures of its page; the recorded span 2014-12-02..2016-04-24 is the outer bound, since each boundary falls in a gap between captures rather than on a known date",MARSAD_ARP2014
CMM-4eae07b170cc,TNP-00331,CMT-47b4ceeab70a,ARP-2014,member,2016-09-14,2017-05-31,true,"observed on this committee on captures from 2016-09-14 to 2016-09-14, out of 8 readable captures of its page; the recorded span 2016-09-14..2017-05-31 is the outer bound, since each boundary falls in a gap between captures rather than on a known date",MARSAD_ARP2014
CMM-77bec72b8c60,TNP-00331,CMT-535731ec7ffd,ARP-2014,member,2014-12-02,2017-01-13,true,"observed on this committee on captures from 2015-03-07 to 2016-09-15, out of 9 readable captures of its page; the recorded span 2014-12-02..2017-01-13 is the outer bound, since each boundary falls in a gap between captures rather than on a known date",MARSAD_ARP2014
CMM-25f4dac3a9f8,TNP-00331,CMT-a48500711e9b,ARP-2014,chair,2016-04-24,2019-10-05,true,"observed on this committee on captures from 2016-04-24 to 2019-09-18, out of 12 readable captures of its page; the recorded span 2016-04-24..2019-10-05 is the outer bound, since each boundary falls in a gap between captures rather than on a known date",MARSAD_ARP2014
CMM-0ff2fc02316a,TNP-00933,CMT-879180464a95,ARP-2014,member,2014-12-02,2019-10-05,false,,MARSAD_ARP2014
CMM-8e53f48c3849,TNP-00933,CMT-2bc1cee50ba8,ARP-2014,vice_chair,2014-12-02,2019-07-23,true,"observed on this committee on captures from 2015-03-07 to 2017-06-02, out of 12 readable captures of its page; the recorded span 2014-12-02..2019-07-23 is the outer bound, since each boundary falls in a gap between captures rather than on a known date",MARSAD_ARP2014
CMM-8af4c6e39acd,TNP-00933,CMT-47b4ceeab70a,ARP-2014,member,2019-05-08,2019-10-05,true,"observed on this committee on captures from 2019-05-08 to 2019-08-23, out of 8 readable captures of its page; the recorded span 2019-05-08..2019-10-05 is the outer bound, since each boundary falls in a gap between captures rather than on a known date",MARSAD_ARP2014
CMM-e0a3066bd1ac,TNP-00933,CMT-601d95a949aa,ARP-2014,member,2014-12-02,2019-08-23,true,"observed on this committee on captures from 2015-03-07 to 2017-06-25, out of 9 readable captures of its page; the recorded span 2014-12-02..2019-08-23 is the outer bound, since each boundary falls in a gap between captures rather than on a known date",MARSAD_ARP2014
CMM-8207eefc7fa3,TNP-00933,CMT-3e7af871322d,ARP-2014,member,2019-08-23,2019-10-05,true,"observed on this committee on captures from 2019-08-23 to 2019-08-23, out of 6 readable captures of its page; the recorded span 2019-08-23..2019-10-05 is the outer bound, since each boundary falls in a gap between captures rather than on a known date",MARSAD_ARP2014
CMM-a5dd6543b20a,TNP-00332,CMT-3a051620fd33,ARP-2014,member,2019-07-22,2019-10-05,true,"observed on this committee on captures from 2019-07-22 to 2019-09-18, out of 12 readable captures of its page; the recorded span 2019-07-22..2019-10-05 is the outer bound, since each boundary falls in a gap between captures rather than on a known date",MARSAD_ARP2014
CMM-4f17f6ee8c22,TNP-00332,CMT-2bc1cee50ba8,ARP-2014,assistant_rapporteur,2017-01-16,2019-07-23,true,"observed on this committee on captures from 2017-01-16 to 2017-06-02, out of 12 readable captures of its page; the recorded span 2017-01-16..2019-07-23 is the outer bound, since each boundary falls in a gap between captures rather than on a known date",MARSAD_ARP2014
CMM-d8ce507258fd,TNP-00332,CMT-b9e5e4367488,ARP-2014,member,2014-12-02,2017-01-27,true,"observed on this committee on captures from 2015-03-07 to 2016-09-14, out of 10 readable captures of its page; the recorded span 2014-12-02..2017-01-27 is the outer bound, since each boundary falls in a gap between captures rather than on a known date",MARSAD_ARP2014
CMM-5231bc4dc88d,TNP-00332,CMT-535731ec7ffd,ARP-2014,member,2014-12-02,2019-05-08,true,"observed on this committee on captures from 2015-03-07 to 2017-04-28, out of 9 readable captures of its page; the recorded span 2014-12-02..2019-05-08 is the outer bound, since each boundary falls in a gap between captures rather than on a known date",MARSAD_ARP2014
CMM-a3233e215b76,TNP-00333,CMT-3a051620fd33,ARP-2014,member,2016-12-10,2019-07-22,true,"observed on this committee on captures from 2016-12-10 to 2017-06-25, out of 12 readable captures of its page; the recorded span 2016-12-10..2019-07-22 is the outer bound, since each boundary falls in a gap between captures rather than on a known date",MARSAD_ARP2014
CMM-9f3d49e1437f,TNP-00333,CMT-7858621d9962,ARP-2014,member,2019-07-23,2019-10-05,true,"observed on this committee on captures from 2019-07-23 to 2019-09-19, out of 12 readable captures of its page; the recorded span 2019-07-23..2019-10-05 is the outer bound, since each boundary falls in a gap between captures rather than on a known date",MARSAD_ARP2014
CMM-bfa57910cc09,TNP-00333,CMT-894b8d7f301d,ARP-2014,member,2014-12-02,2017-04-24,true,"observed on this committee on captures from 2015-03-07 to 2016-10-19, out of 12 readable captures of its page; the recorded span 2014-12-02..2017-04-24 is the outer bound, since each boundary falls in a gap between captures rather than on a known date",MARSAD_ARP2014
CMM-97944504f634,TNP-00333,CMT-a48500711e9b,ARP-2014,chair,2014-12-02,2019-05-08,true,"observed on this committee on captures from 2015-03-07 to 2017-06-02, out of 12 readable captures of its page; the recorded span 2014-12-02..2019-05-08 is the outer bound, since each boundary falls in a gap between captures rather than on a known date",MARSAD_ARP2014
CMM-325b4e4699c7,TNP-00333,CMT-90ddb75794d7,ARP-2014,member,2019-08-21,2019-10-05,true,"observed on this committee on captures from 2019-08-21 to 2019-09-17, out of 8 readable captures of its page; the recorded span 2019-08-21..2019-10-05 is the outer bound, since each boundary falls in a gap between captures rather than on a known date",MARSAD_ARP2014
CMM-a83b5e706c8b,TNP-00444,CMT-79ca761acaf6,ARP-2014,assistant_rapporteur,2014-12-02,2019-10-05,false,,MARSAD_ARP2014
CMM-e906ec1dbd18,TNP-00444,CMT-3a051620fd33,ARP-2014,rapporteur,2014-12-02,2019-07-22,true,"observed on this committee on captures from 2015-03-07 to 2017-06-25, out of 12 readable captures of its page; the recorded span 2014-12-02..2019-07-22 is the outer bound, since each boundary falls in a gap between captures rather than on a known date",MARSAD_ARP2014
CMM-846345a51027,TNP-00444,CMT-b9e5e4367488,ARP-2014,member,2019-08-23,2019-10-05,true,"observed on this committee on captures from 2019-08-23 to 2019-09-23, out of 10 readable captures of its page; the recorded span 2019-08-23..2019-10-05 is the outer bound, since each boundary falls in a gap between captures rather than on a known date",MARSAD_ARP2014
CMM-e2c2196ca3fc,TNP-00444,CMT-c19410caa909,ARP-2014,assistant_rapporteur,2016-12-30,2019-10-05,true,"observed on this committee on captures from 2016-12-30 to 2019-08-21, out of 6 readable captures of its page; the recorded span 2016-12-30..2019-10-05 is the outer bound, since each boundary falls in a gap between captures rather than on a known date",MARSAD_ARP2014
CMM-0372a7e221bc,TNP-00444,CMT-90ddb75794d7,ARP-2014,member,2014-12-02,2017-01-27,true,"observed on this committee on captures from 2015-03-07 to 2016-09-14, out of 8 readable captures of its page; the recorded span 2014-12-02..2017-01-27 is the outer bound, since each boundary falls in a gap between captures rather than on a known date",MARSAD_ARP2014
CMM-5e6f07eb2c1a,TNP-00934,CMT-4633b2874c88,ARP-2014,assistant_rapporteur,2016-07-27,2019-05-08,true,"observed on this committee on captures from 2016-07-27 to 2017-06-26, out of 12 readable captures of its page; the recorded span 2016-07-27..2019-05-08 is the outer bound, since each boundary falls in a gap between captures rather than on a known date",MARSAD_ARP2014
CMM-3e9e35e7b201,TNP-00934,CMT-cab87800ef44,ARP-2014,vice_chair,2019-07-22,2019-10-05,true,"observed on this committee on captures from 2019-07-22 to 2019-09-15, out of 11 readable captures of its page; the recorded span 2019-07-22..2019-10-05 is the outer bound, since each boundary falls in a gap between captures rather than on a known date",MARSAD_ARP2014
CMM-8ce7d4438251,TNP-00934,CMT-47b4ceeab70a,ARP-2014,member,2014-12-02,2016-04-24,true,"observed on this committee on captures from 2015-03-07 to 2016-01-08, out of 8 readable captures of its page; the recorded span 2014-12-02..2016-04-24 is the outer bound, since each boundary falls in a gap between captures rather than on a known date",MARSAD_ARP2014
CMM-aed7dd064bf5,TNP-00934,CMT-47b4ceeab70a,ARP-2014,member,2016-09-14,2017-05-31,true,"observed on this committee on captures from 2016-09-14 to 2016-09-14, out of 8 readable captures of its page; the recorded span 2016-09-14..2017-05-31 is the outer bound, since each boundary falls in a gap between captures rather than on a known date",MARSAD_ARP2014
CMM-76f235e210ac,TNP-00934,CMT-601d95a949aa,ARP-2014,rapporteur,2019-08-23,2019-10-05,true,"observed on this committee on captures from 2019-08-23 to 2019-08-23, out of 9 readable captures of its page; the recorded span 2019-08-23..2019-10-05 is the outer bound, since each boundary falls in a gap between captures rather than on a known date",MARSAD_ARP2014
CMM-df50994cc892,TNP-00934,CMT-535731ec7ffd,ARP-2014,member,2017-01-13,2019-05-08,true,"observed on this committee on captures from 2017-01-13 to 2017-04-28, out of 9 readable captures of its page; the recorded span 2017-01-13..2019-05-08 is the outer bound, since each boundary falls in a gap between captures rather than on a known date",MARSAD_ARP2014
CMM-63f31ed97c91,TNP-00934,CMT-a48500711e9b,ARP-2014,member,2014-12-02,2017-04-29,true,"observed on this committee on captures from 2015-03-07 to 2016-10-07, out of 12 readable captures of its page; the recorded span 2014-12-02..2017-04-29 is the outer bound, since each boundary falls in a gap between captures rather than on a known date",MARSAD_ARP2014
CMM-50cc9d7d77ca,TNP-00934,CMT-8d6af35d5cb4,ARP-2014,member,2014-12-02,2019-10-05,false,,MARSAD_ARP2014
CMM-a47c9a75022d,TNP-00340,CMT-2bc1cee50ba8,ARP-2014,member,2014-12-02,2016-10-27,true,"observed on this committee on captures from 2015-03-07 to 2016-09-14, out of 12 readable captures of its page; the recorded span 2014-12-02..2016-10-27 is the outer bound, since each boundary falls in a gap between captures rather than on a known date",MARSAD_ARP2014
CMM-002680cca442,TNP-00340,CMT-535731ec7ffd,ARP-2014,member,2014-12-02,2017-01-13,true,"observed on this committee on captures from 2015-03-07 to 2016-09-15, out of 9 readable captures of its page; the recorded span 2014-12-02..2017-01-13 is the outer bound, since each boundary falls in a gap between captures rather than on a known date",MARSAD_ARP2014
CMM-94d83f772529,TNP-00935,CMT-879180464a95,ARP-2014,chair,2014-12-02,2019-10-05,false,,MARSAD_ARP2014
CMM-1289618e2dc0,TNP-00935,CMT-2bc1cee50ba8,ARP-2014,member,2014-12-02,2019-10-05,false,,MARSAD_ARP2014
CMM-b06e91e0bc6a,TNP-00935,CMT-601d95a949aa,ARP-2014,member,2014-12-02,2019-08-23,true,"observed on this committee on captures from 2015-03-07 to 2017-06-25, out of 9 readable captures of its page; the recorded span 2014-12-02..2019-08-23 is the outer bound, since each boundary falls in a gap between captures rather than on a known date",MARSAD_ARP2014
CMM-b66c1f41d486,TNP-00935,CMT-a48500711e9b,ARP-2014,member,2019-05-08,2019-10-05,true,"observed on this committee on captures from 2019-05-08 to 2019-09-18, out of 12 readable captures of its page; the recorded span 2019-05-08..2019-10-05 is the outer bound, since each boundary falls in a gap between captures rather than on a known date",MARSAD_ARP2014
CMM-758181f46db9,TNP-00935,CMT-e1fb561ef6b9,ARP-2014,member,2014-12-02,2019-10-05,false,,MARSAD_ARP2014
CMM-c126fac96c31,TNP-00345,CMT-3a051620fd33,ARP-2014,member,2017-06-25,2019-07-22,true,"observed on this committee on captures from 2017-06-25 to 2017-06-25, out of 12 readable captures of its page; the recorded span 2017-06-25..2019-07-22 is the outer bound, since each boundary falls in a gap between captures rather than on a known date",MARSAD_ARP2014
CMM-9b3aebe97a65,TNP-00345,CMT-b9e5e4367488,ARP-2014,member,2014-12-02,2017-01-27,true,"observed on this committee on captures from 2015-03-07 to 2016-09-14, out of 10 readable captures of its page; the recorded span 2014-12-02..2017-01-27 is the outer bound, since each boundary falls in a gap between captures rather than on a known date",MARSAD_ARP2014
CMM-6ff05763122f,TNP-00345,CMT-8a5b9ec83476,ARP-2014,member,2016-12-30,2017-05-25,true,"observed on this committee on captures from 2016-12-30 to 2017-04-24, out of 10 readable captures of its page; the recorded span 2016-12-30..2017-05-25 is the outer bound, since each boundary falls in a gap between captures rather than on a known date",MARSAD_ARP2014
CMM-be97808145a2,TNP-00345,CMT-8a5b9ec83476,ARP-2014,member,2019-08-23,2019-10-05,true,"observed on this committee on captures from 2019-08-23 to 2019-08-23, out of 10 readable captures of its page; the recorded span 2019-08-23..2019-10-05 is the outer bound, since each boundary falls in a gap between captures rather than on a known date",MARSAD_ARP2014
CMM-bcf01d810463,TNP-00345,CMT-601d95a949aa,ARP-2014,member,2014-12-02,2019-08-23,true,"observed on this committee on captures from 2015-03-07 to 2017-06-25, out of 9 readable captures of its page; the recorded span 2014-12-02..2019-08-23 is the outer bound, since each boundary falls in a gap between captures rather than on a known date",MARSAD_ARP2014
CMM-995b97015c94,TNP-00345,CMT-535731ec7ffd,ARP-2014,member,2019-05-08,2019-10-05,true,"observed on this committee on captures from 2019-05-08 to 2019-08-21, out of 9 readable captures of its page; the recorded span 2019-05-08..2019-10-05 is the outer bound, since each boundary falls in a gap between captures rather than on a known date",MARSAD_ARP2014
CMM-4fc4117dc17d,TNP-00345,CMT-e5dff9bf0bca,ARP-2014,member,2014-12-02,2019-10-05,false,,MARSAD_ARP2014
CMM-a1ba3889e682,TNP-00936,CMT-cab87800ef44,ARP-2014,member,2017-01-27,2019-10-05,true,"observed on this committee on captures from 2017-01-27 to 2019-09-15, out of 11 readable captures of its page; the recorded span 2017-01-27..2019-10-05 is the outer bound, since each boundary falls in a gap between captures rather than on a known date",MARSAD_ARP2014
CMM-d151ec3f1e78,TNP-00936,CMT-47b4ceeab70a,ARP-2014,member,2014-12-02,2017-05-31,true,"observed on this committee on captures from 2015-03-07 to 2016-09-14, out of 8 readable captures of its page; the recorded span 2014-12-02..2017-05-31 is the outer bound, since each boundary falls in a gap between captures rather than on a known date",MARSAD_ARP2014
CMM-b95c2ad4c18d,TNP-00936,CMT-3e7af871322d,ARP-2014,chair,2019-08-23,2019-10-05,true,"observed on this committee on captures from 2019-08-23 to 2019-08-23, out of 6 readable captures of its page; the recorded span 2019-08-23..2019-10-05 is the outer bound, since each boundary falls in a gap between captures rather than on a known date",MARSAD_ARP2014
CMM-934719e41d93,TNP-00936,CMT-a48500711e9b,ARP-2014,member,2014-12-02,2019-05-08,true,"observed on this committee on captures from 2015-03-07 to 2017-06-02, out of 12 readable captures of its page; the recorded span 2014-12-02..2019-05-08 is the outer bound, since each boundary falls in a gap between captures rather than on a known date",MARSAD_ARP2014
CMM-685559cf3dd0,TNP-00937,CMT-3a051620fd33,ARP-2014,member,2014-12-02,2019-07-22,true,"observed on this committee on captures from 2015-03-07 to 2017-06-25, out of 12 readable captures of its page; the recorded span 2014-12-02..2019-07-22 is the outer bound, since each boundary falls in a gap between captures rather than on a known date",MARSAD_ARP2014
CMM-b871ebc2defb,TNP-00937,CMT-cab87800ef44,ARP-2014,member,2019-07-22,2019-10-05,true,"observed on this committee on captures from 2019-07-22 to 2019-09-15, out of 11 readable captures of its page; the recorded span 2019-07-22..2019-10-05 is the outer bound, since each boundary falls in a gap between captures rather than on a known date",MARSAD_ARP2014
CMM-26f37ea01fa7,TNP-00937,CMT-601d95a949aa,ARP-2014,member,2014-12-02,2016-04-19,true,"observed on this committee on captures from 2015-03-07 to 2015-10-22, out of 9 readable captures of its page; the recorded span 2014-12-02..2016-04-19 is the outer bound, since each boundary falls in a gap between captures rather than on a known date",MARSAD_ARP2014
CMM-a9500fd6b039,TNP-00937,CMT-601d95a949aa,ARP-2014,member,2016-09-14,2016-12-14,true,"observed on this committee on captures from 2016-09-14 to 2016-09-14, out of 9 readable captures of its page; the recorded span 2016-09-14..2016-12-14 is the outer bound, since each boundary falls in a gap between captures rather than on a known date",MARSAD_ARP2014
CMM-611d36b7d58e,TNP-00937,CMT-a48500711e9b,ARP-2014,member,2019-05-08,2019-10-05,true,"observed on this committee on captures from 2019-05-08 to 2019-09-18, out of 12 readable captures of its page; the recorded span 2019-05-08..2019-10-05 is the outer bound, since each boundary falls in a gap between captures rather than on a known date",MARSAD_ARP2014
CMM-38ea5995b895,TNP-00937,CMT-5863460337e8,ARP-2014,member,2016-09-15,2017-02-17,true,"observed on this committee on captures from 2016-09-15 to 2016-09-15, out of 9 readable captures of its page; the recorded span 2016-09-15..2017-02-17 is the outer bound, since each boundary falls in a gap between captures rather than on a known date",MARSAD_ARP2014
CMM-8651343c43f2,TNP-00937,CMT-e5dff9bf0bca,ARP-2014,member,2014-12-02,2019-10-05,false,,MARSAD_ARP2014
CMM-b2ef3f401bc3,TNP-00938,CMT-4633b2874c88,ARP-2014,member,2016-07-27,2017-01-14,true,"observed on this committee on captures from 2016-07-27 to 2016-10-30, out of 12 readable captures of its page; the recorded span 2016-07-27..2017-01-14 is the outer bound, since each boundary falls in a gap between captures rather than on a known date",MARSAD_ARP2014
CMM-1f2f31e08602,TNP-00938,CMT-7858621d9962,ARP-2014,member,2014-12-02,2016-09-14,true,"observed on this committee on captures from 2015-03-07 to 2015-10-22, out of 12 readable captures of its page; the recorded span 2014-12-02..2016-09-14 is the outer bound, since each boundary falls in a gap between captures rather than on a known date",MARSAD_ARP2014
CMM-601d7da54388,TNP-00938,CMT-7858621d9962,ARP-2014,chair,2016-12-13,2019-10-05,true,"observed on this committee on captures from 2016-12-13 to 2019-09-19, out of 12 readable captures of its page; the recorded span 2016-12-13..2019-10-05 is the outer bound, since each boundary falls in a gap between captures rather than on a known date",MARSAD_ARP2014
CMM-82d057265fb0,TNP-00938,CMT-c19410caa909,ARP-2014,vice_chair,2016-07-27,2016-12-30,true,"observed on this committee on captures from 2016-07-27 to 2016-09-14, out of 6 readable captures of its page; the recorded span 2016-07-27..2016-12-30 is the outer bound, since each boundary falls in a gap between captures rather than on a known date",MARSAD_ARP2014
CMM-7100c6cb638a,TNP-00938,CMT-601d95a949aa,ARP-2014,assistant_rapporteur,2014-12-02,2016-04-19,true,"observed on this committee on captures from 2015-03-07 to 2015-10-22, out of 9 readable captures of its page; the recorded span 2014-12-02..2016-04-19 is the outer bound, since each boundary falls in a gap between captures rather than on a known date",MARSAD_ARP2014
CMM-9af87a93b672,TNP-00938,CMT-601d95a949aa,ARP-2014,member,2016-09-14,2019-10-05,true,"observed on this committee on captures from 2016-09-14 to 2019-08-23, out of 9 readable captures of its page; the recorded span 2016-09-14..2019-10-05 is the outer bound, since each boundary falls in a gap between captures rather than on a known date",MARSAD_ARP2014
CMM-4b369af78837,TNP-00549,CMT-3a051620fd33,ARP-2014,member,2019-07-22,2019-10-05,true,"observed on this committee on captures from 2019-07-22 to 2019-09-18, out of 12 readable captures of its page; the recorded span 2019-07-22..2019-10-05 is the outer bound, since each boundary falls in a gap between captures rather than on a known date",MARSAD_ARP2014
CMM-7e3e7522598b,TNP-00549,CMT-894b8d7f301d,ARP-2014,member,2014-12-02,2019-07-23,true,"observed on this committee on captures from 2015-03-07 to 2017-06-25, out of 12 readable captures of its page; the recorded span 2014-12-02..2019-07-23 is the outer bound, since each boundary falls in a gap between captures rather than on a known date",MARSAD_ARP2014
CMM-59a8cc1852b9,TNP-00549,CMT-535731ec7ffd,ARP-2014,member,2014-12-02,2017-01-13,true,"observed on this committee on captures from 2015-03-07 to 2016-09-15, out of 9 readable captures of its page; the recorded span 2014-12-02..2017-01-13 is the outer bound, since each boundary falls in a gap between captures rather than on a known date",MARSAD_ARP2014
CMM-426b897d2c9a,TNP-00549,CMT-a48500711e9b,ARP-2014,assistant_rapporteur,2019-05-08,2019-10-05,true,"observed on this committee on captures from 2019-05-08 to 2019-09-18, out of 12 readable captures of its page; the recorded span 2019-05-08..2019-10-05 is the outer bound, since each boundary falls in a gap between captures rather than on a known date",MARSAD_ARP2014
CMM-bed5327dda07,TNP-00549,CMT-90ddb75794d7,ARP-2014,assistant_rapporteur,2017-01-27,2019-08-21,true,"observed on this committee on captures from 2017-01-27 to 2017-05-17, out of 8 readable captures of its page; the recorded span 2017-01-27..2019-08-21 is the outer bound, since each boundary falls in a gap between captures rather than on a known date",MARSAD_ARP2014
CMM-f63e5ba26d94,TNP-00939,CMT-79ca761acaf6,ARP-2014,member,2014-12-02,2019-10-05,false,,MARSAD_ARP2014
CMM-2c557a8b283b,TNP-00939,CMT-3a051620fd33,ARP-2014,member,2014-12-02,2015-05-07,true,"observed on this committee on captures from 2015-03-07 to 2015-03-07, out of 12 readable captures of its page; the recorded span 2014-12-02..2015-05-07 is the outer bound, since each boundary falls in a gap between captures rather than on a known date",MARSAD_ARP2014
CMM-2e0af4703f37,TNP-00939,CMT-3a051620fd33,ARP-2014,member,2016-12-10,2017-06-25,true,"observed on this committee on captures from 2016-12-10 to 2017-05-25, out of 12 readable captures of its page; the recorded span 2016-12-10..2017-06-25 is the outer bound, since each boundary falls in a gap between captures rather than on a known date",MARSAD_ARP2014
CMM-386634f96824,TNP-00939,CMT-4633b2874c88,ARP-2014,member,2016-07-27,2017-01-14,true,"observed on this committee on captures from 2016-07-27 to 2016-10-30, out of 12 readable captures of its page; the recorded span 2016-07-27..2017-01-14 is the outer bound, since each boundary falls in a gap between captures rather than on a known date",MARSAD_ARP2014
CMM-bc7232694072,TNP-00939,CMT-c19410caa909,ARP-2014,member,2016-12-30,2019-08-21,true,"observed on this committee on captures from 2016-12-30 to 2017-05-15, out of 6 readable captures of its page; the recorded span 2016-12-30..2019-08-21 is the outer bound, since each boundary falls in a gap between captures rather than on a known date",MARSAD_ARP2014
CMM-99680d34df70,TNP-00939,CMT-601d95a949aa,ARP-2014,member,2016-04-19,2016-12-14,true,"observed on this committee on captures from 2016-04-19 to 2016-09-14, out of 9 readable captures of its page; the recorded span 2016-04-19..2016-12-14 is the outer bound, since each boundary falls in a gap between captures rather than on a known date",MARSAD_ARP2014
CMM-857ff1ee3faa,TNP-00939,CMT-90ddb75794d7,ARP-2014,member,2014-12-02,2015-10-22,true,"observed on this committee on captures from 2015-03-07 to 2015-03-07, out of 8 readable captures of its page; the recorded span 2014-12-02..2015-10-22 is the outer bound, since each boundary falls in a gap between captures rather than on a known date",MARSAD_ARP2014
CMM-e1d706deeb08,TNP-00939,CMT-e5dff9bf0bca,ARP-2014,member,2014-12-02,2019-10-05,false,,MARSAD_ARP2014
CMM-807b9a76dfbd,TNP-00940,CMT-2bc1cee50ba8,ARP-2014,member,2016-04-05,2017-01-16,true,"observed on this committee on captures from 2016-04-05 to 2016-10-27, out of 12 readable captures of its page; the recorded span 2016-04-05..2017-01-16 is the outer bound, since each boundary falls in a gap between captures rather than on a known date",MARSAD_ARP2014
CMM-97c12ad63274,TNP-00940,CMT-2bc1cee50ba8,ARP-2014,member,2017-06-02,2019-07-23,true,"observed on this committee on captures from 2017-06-02 to 2017-06-02, out of 12 readable captures of its page; the recorded span 2017-06-02..2019-07-23 is the outer bound, since each boundary falls in a gap between captures rather than on a known date",MARSAD_ARP2014
CMM-5046ec8a4d8c,TNP-00940,CMT-b9e5e4367488,ARP-2014,member,2017-01-27,2017-06-24,true,"observed on this committee on captures from 2017-01-27 to 2017-05-25, out of 10 readable captures of its page; the recorded span 2017-01-27..2017-06-24 is the outer bound, since each boundary falls in a gap between captures rather than on a known date",MARSAD_ARP2014
CMM-ea784fc8905f,TNP-00940,CMT-8a5b9ec83476,ARP-2014,member,2014-12-02,2016-12-30,true,"observed on this committee on captures from 2015-03-07 to 2016-09-14, out of 10 readable captures of its page; the recorded span 2014-12-02..2016-12-30 is the outer bound, since each boundary falls in a gap between captures rather than on a known date",MARSAD_ARP2014
CMM-cf97a07b3ca4,TNP-00940,CMT-3e7af871322d,ARP-2014,member,2014-12-02,2019-08-23,true,"observed on this committee on captures from 2015-03-07 to 2016-12-30, out of 6 readable captures of its page; the recorded span 2014-12-02..2019-08-23 is the outer bound, since each boundary falls in a gap between captures rather than on a known date",MARSAD_ARP2014
CMM-1c89b2119cab,TNP-00941,CMT-79ca761acaf6,ARP-2014,member,2014-12-02,2019-10-05,false,,MARSAD_ARP2014
CMM-1514c7ae7d6a,TNP-00941,CMT-3a051620fd33,ARP-2014,chair,2016-12-10,2019-07-22,true,"observed on this committee on captures from 2016-12-10 to 2017-06-25, out of 12 readable captures of its page; the recorded span 2016-12-10..2019-07-22 is the outer bound, since each boundary falls in a gap between captures rather than on a known date",MARSAD_ARP2014
CMM-e88f0d763d0b,TNP-00941,CMT-b9e5e4367488,ARP-2014,rapporteur,2014-12-02,2017-01-27,true,"observed on this committee on captures from 2015-03-07 to 2016-09-14, out of 10 readable captures of its page; the recorded span 2014-12-02..2017-01-27 is the outer bound, since each boundary falls in a gap between captures rather than on a known date",MARSAD_ARP2014
CMM-7a9aaf88b95b,TNP-00941,CMT-90ddb75794d7,ARP-2014,member,2014-12-02,2019-08-21,true,"observed on this committee on captures from 2015-03-07 to 2017-05-17, out of 8 readable captures of its page; the recorded span 2014-12-02..2019-08-21 is the outer bound, since each boundary falls in a gap between captures rather than on a known date",MARSAD_ARP2014
CMM-2dee512219cf,TNP-00942,CMT-4633b2874c88,ARP-2014,member,2014-12-02,2016-07-27,true,"observed on this committee on captures from 2015-03-07 to 2016-01-23, out of 12 readable captures of its page; the recorded span 2014-12-02..2016-07-27 is the outer bound, since each boundary falls in a gap between captures rather than on a known date",MARSAD_ARP2014
CMM-10673cbf0ec9,TNP-00942,CMT-4633b2874c88,ARP-2014,member,2016-09-15,2016-10-30,true,"observed on this committee on captures from 2016-09-15 to 2016-09-15, out of 12 readable captures of its page; the recorded span 2016-09-15..2016-10-30 is the outer bound, since each boundary falls in a gap between captures rather than on a known date",MARSAD_ARP2014
CMM-5fd8fae7c94f,TNP-00942,CMT-4633b2874c88,ARP-2014,member,2017-01-14,2019-10-05,true,"observed on this committee on captures from 2017-01-14 to 2019-08-23, out of 12 readable captures of its page; the recorded span 2017-01-14..2019-10-05 is the outer bound, since each boundary falls in a gap between captures rather than on a known date",MARSAD_ARP2014
CMM-b7661deda8cd,TNP-00942,CMT-894b8d7f301d,ARP-2014,member,2016-08-18,2017-04-24,true,"observed on this committee on captures from 2016-08-18 to 2016-10-19, out of 12 readable captures of its page; the recorded span 2016-08-18..2017-04-24 is the outer bound, since each boundary falls in a gap between captures rather than on a known date",MARSAD_ARP2014
CMM-2d3996c62ec3,TNP-00942,CMT-c19410caa909,ARP-2014,member,2016-12-30,2019-10-05,true,"observed on this committee on captures from 2016-12-30 to 2019-08-21, out of 6 readable captures of its page; the recorded span 2016-12-30..2019-10-05 is the outer bound, since each boundary falls in a gap between captures rather than on a known date",MARSAD_ARP2014
CMM-32901628d7c0,TNP-00942,CMT-f7166b323046,ARP-2014,member,2016-09-14,2016-12-30,true,"observed on this committee on captures from 2016-09-14 to 2016-09-14, out of 5 readable captures of its page; the recorded span 2016-09-14..2016-12-30 is the outer bound, since each boundary falls in a gap between captures rather than on a known date",MARSAD_ARP2014
CMM-18c554711f37,TNP-00942,CMT-5863460337e8,ARP-2014,chair,2014-12-02,2017-02-17,true,"observed on this committee on captures from 2015-03-07 to 2016-09-15, out of 9 readable captures of its page; the recorded span 2014-12-02..2017-02-17 is the outer bound, since each boundary falls in a gap between captures rather than on a known date",MARSAD_ARP2014
CMM-ba379e67d8e1,TNP-00943,CMT-b9e5e4367488,ARP-2014,member,2016-04-05,2019-10-05,true,"observed on this committee on captures from 2016-04-05 to 2019-09-23, out of 10 readable captures of its page; the recorded span 2016-04-05..2019-10-05 is the outer bound, since each boundary falls in a gap between captures rather than on a known date",MARSAD_ARP2014
CMM-f6bfd00c9d69,TNP-00943,CMT-f7166b323046,ARP-2014,member,2016-12-30,2019-08-23,true,"observed on this committee on captures from 2016-12-30 to 2017-05-17, out of 5 readable captures of its page; the recorded span 2016-12-30..2019-08-23 is the outer bound, since each boundary falls in a gap between captures rather than on a known date",MARSAD_ARP2014
CMM-c3b996107dd5,TNP-00943,CMT-a48500711e9b,ARP-2014,member,2019-05-08,2019-10-05,true,"observed on this committee on captures from 2019-05-08 to 2019-09-18, out of 12 readable captures of its page; the recorded span 2019-05-08..2019-10-05 is the outer bound, since each boundary falls in a gap between captures rather than on a known date",MARSAD_ARP2014
CMM-cd222433340e,TNP-00944,CMT-47b4ceeab70a,ARP-2014,chair,2014-12-02,2019-05-08,true,"observed on this committee on captures from 2015-03-07 to 2017-05-31, out of 8 readable captures of its page; the recorded span 2014-12-02..2019-05-08 is the outer bound, since each boundary falls in a gap between captures rather than on a known date",MARSAD_ARP2014
CMM-08a8fdb614ff,TNP-00944,CMT-8a5b9ec83476,ARP-2014,member,2019-08-23,2019-10-05,true,"observed on this committee on captures from 2019-08-23 to 2019-08-23, out of 10 readable captures of its page; the recorded span 2019-08-23..2019-10-05 is the outer bound, since each boundary falls in a gap between captures rather than on a known date",MARSAD_ARP2014
CMM-dea4d5ce71e2,TNP-00944,CMT-f7166b323046,ARP-2014,member,2016-09-14,2019-08-23,true,"observed on this committee on captures from 2016-09-14 to 2017-05-17, out of 5 readable captures of its page; the recorded span 2016-09-14..2019-08-23 is the outer bound, since each boundary falls in a gap between captures rather than on a known date",MARSAD_ARP2014
CMM-04c69a7152cb,TNP-00944,CMT-90ddb75794d7,ARP-2014,vice_chair,2019-08-21,2019-10-05,true,"observed on this committee on captures from 2019-08-21 to 2019-09-17, out of 8 readable captures of its page; the recorded span 2019-08-21..2019-10-05 is the outer bound, since each boundary falls in a gap between captures rather than on a known date",MARSAD_ARP2014
CMM-6c3a96bfca20,TNP-00350,CMT-879180464a95,ARP-2014,vice_chair,2014-12-02,2019-10-05,false,,MARSAD_ARP2014
CMM-1312c6b2019f,TNP-00350,CMT-2bc1cee50ba8,ARP-2014,member,2016-04-05,2019-07-23,true,"observed on this committee on captures from 2016-04-05 to 2017-06-02, out of 12 readable captures of its page; the recorded span 2016-04-05..2019-07-23 is the outer bound, since each boundary falls in a gap between captures rather than on a known date",MARSAD_ARP2014
CMM-58fa26e4e25e,TNP-00350,CMT-894b8d7f301d,ARP-2014,rapporteur,2014-12-02,2016-08-18,true,"observed on this committee on captures from 2015-03-07 to 2016-01-13, out of 12 readable captures of its page; the recorded span 2014-12-02..2016-08-18 is the outer bound, since each boundary falls in a gap between captures rather than on a known date",MARSAD_ARP2014
CMM-fb87af9d7f05,TNP-00350,CMT-894b8d7f301d,ARP-2014,rapporteur,2016-09-14,2016-10-19,true,"observed on this committee on captures from 2016-09-14 to 2016-09-14, out of 12 readable captures of its page; the recorded span 2016-09-14..2016-10-19 is the outer bound, since each boundary falls in a gap between captures rather than on a known date",MARSAD_ARP2014
CMM-ce692e556e63,TNP-00350,CMT-c19410caa909,ARP-2014,member,2014-12-02,2016-07-27,true,"observed on this committee on captures from 2015-03-07 to 2015-03-07, out of 6 readable captures of its page; the recorded span 2014-12-02..2016-07-27 is the outer bound, since each boundary falls in a gap between captures rather than on a known date",MARSAD_ARP2014
CMM-a6701fae7312,TNP-00350,CMT-f7166b323046,ARP-2014,member,2016-09-14,2019-08-23,true,"observed on this committee on captures from 2016-09-14 to 2017-05-17, out of 5 readable captures of its page; the recorded span 2016-09-14..2019-08-23 is the outer bound, since each boundary falls in a gap between captures rather than on a known date",MARSAD_ARP2014
CMM-7c876ea00891,TNP-00350,CMT-8d6af35d5cb4,ARP-2014,assistant_rapporteur,2014-12-02,2019-10-05,false,,MARSAD_ARP2014
CMM-a4822189ed00,TNP-00350,CMT-e1fb561ef6b9,ARP-2014,member,2014-12-02,2019-10-05,false,,MARSAD_ARP2014
CMM-3d9692feac3d,TNP-00354,CMT-3a051620fd33,ARP-2014,member,2015-11-16,2016-07-02,true,"observed on this committee on captures from 2015-11-16 to 2015-11-16, out of 12 readable captures of its page; the recorded span 2015-11-16..2016-07-02 is the outer bound, since each boundary falls in a gap between captures rather than on a known date",MARSAD_ARP2014
CMM-9dd2f54b82d0,TNP-00354,CMT-3a051620fd33,ARP-2014,member,2016-09-15,2016-12-10,true,"observed on this committee on captures from 2016-09-15 to 2016-09-15, out of 12 readable captures of its page; the recorded span 2016-09-15..2016-12-10 is the outer bound, since each boundary falls in a gap between captures rather than on a known date",MARSAD_ARP2014
CMM-a17df00e0b9e,TNP-00354,CMT-cab87800ef44,ARP-2014,assistant_rapporteur,2016-03-23,2019-10-05,true,"observed on this committee on captures from 2016-03-23 to 2019-09-15, out of 11 readable captures of its page; the recorded span 2016-03-23..2019-10-05 is the outer bound, since each boundary falls in a gap between captures rather than on a known date",MARSAD_ARP2014
CMM-4e74d56b9f19,TNP-00354,CMT-f7166b323046,ARP-2014,member,2019-08-23,2019-10-05,true,"observed on this committee on captures from 2019-08-23 to 2019-08-23, out of 5 readable captures of its page; the recorded span 2019-08-23..2019-10-05 is the outer bound, since each boundary falls in a gap between captures rather than on a known date",MARSAD_ARP2014
CMM-24c323b2e8b5,TNP-00946,CMT-4633b2874c88,ARP-2014,member,2014-12-02,2017-01-14,true,"observed on this committee on captures from 2015-03-07 to 2016-10-30, out of 12 readable captures of its page; the recorded span 2014-12-02..2017-01-14 is the outer bound, since each boundary falls in a gap between captures rather than on a known date",MARSAD_ARP2014
CMM-b7961e9d17b4,TNP-00946,CMT-4633b2874c88,ARP-2014,vice_chair,2017-06-26,2019-10-05,true,"observed on this committee on captures from 2017-06-26 to 2019-08-23, out of 12 readable captures of its page; the recorded span 2017-06-26..2019-10-05 is the outer bound, since each boundary falls in a gap between captures rather than on a known date",MARSAD_ARP2014
CMM-a9b438c96e2e,TNP-00946,CMT-8a5b9ec83476,ARP-2014,member,2016-12-30,2017-06-24,true,"observed on this committee on captures from 2016-12-30 to 2017-05-25, out of 10 readable captures of its page; the recorded span 2016-12-30..2017-06-24 is the outer bound, since each boundary falls in a gap between captures rather than on a known date",MARSAD_ARP2014
CMM-679c060a73b5,TNP-00946,CMT-601d95a949aa,ARP-2014,member,2016-09-14,2019-08-23,true,"observed on this committee on captures from 2016-09-14 to 2017-06-25, out of 9 readable captures of its page; the recorded span 2016-09-14..2019-08-23 is the outer bound, since each boundary falls in a gap between captures rather than on a known date",MARSAD_ARP2014
CMM-1e147a5e95f3,TNP-00946,CMT-5863460337e8,ARP-2014,member,2014-12-02,2017-02-17,true,"observed on this committee on captures from 2015-03-07 to 2016-09-15, out of 9 readable captures of its page; the recorded span 2014-12-02..2017-02-17 is the outer bound, since each boundary falls in a gap between captures rather than on a known date",MARSAD_ARP2014
CMM-d3d0594f1218,TNP-00395,CMT-b9e5e4367488,ARP-2014,member,2014-12-02,2019-08-23,true,"observed on this committee on captures from 2015-03-07 to 2017-06-24, out of 10 readable captures of its page; the recorded span 2014-12-02..2019-08-23 is the outer bound, since each boundary falls in a gap between captures rather than on a known date",MARSAD_ARP2014
CMM-77cf78c09870,TNP-00395,CMT-f7166b323046,ARP-2014,member,2016-12-30,2019-08-23,true,"observed on this committee on captures from 2016-12-30 to 2017-05-17, out of 5 readable captures of its page; the recorded span 2016-12-30..2019-08-23 is the outer bound, since each boundary falls in a gap between captures rather than on a known date",MARSAD_ARP2014
CMM-84850f41c313,TNP-00395,CMT-535731ec7ffd,ARP-2014,chair,2014-12-02,2017-01-13,true,"observed on this committee on captures from 2015-03-07 to 2016-09-15, out of 9 readable captures of its page; the recorded span 2014-12-02..2017-01-13 is the outer bound, since each boundary falls in a gap between captures rather than on a known date",MARSAD_ARP2014
CMM-420ac38ff100,TNP-00355,CMT-894b8d7f301d,ARP-2014,member,2017-04-24,2019-07-23,true,"observed on this committee on captures from 2017-04-24 to 2017-06-25, out of 12 readable captures of its page; the recorded span 2017-04-24..2019-07-23 is the outer bound, since each boundary falls in a gap between captures rather than on a known date",MARSAD_ARP2014
CMM-324a0663329e,TNP-00355,CMT-8a5b9ec83476,ARP-2014,member,2014-12-02,2016-12-30,true,"observed on this committee on captures from 2015-03-07 to 2016-09-14, out of 10 readable captures of its page; the recorded span 2014-12-02..2016-12-30 is the outer bound, since each boundary falls in a gap between captures rather than on a known date",MARSAD_ARP2014
CMM-26d2510d08e7,TNP-00355,CMT-8a5b9ec83476,ARP-2014,member,2019-08-23,2019-10-05,true,"observed on this committee on captures from 2019-08-23 to 2019-08-23, out of 10 readable captures of its page; the recorded span 2019-08-23..2019-10-05 is the outer bound, since each boundary falls in a gap between captures rather than on a known date",MARSAD_ARP2014
CMM-18375471f472,TNP-00355,CMT-c19410caa909,ARP-2014,member,2014-12-02,2016-07-27,true,"observed on this committee on captures from 2015-03-07 to 2015-03-07, out of 6 readable captures of its page; the recorded span 2014-12-02..2016-07-27 is the outer bound, since each boundary falls in a gap between captures rather than on a known date",MARSAD_ARP2014
CMM-424af21dc47b,TNP-00355,CMT-c19410caa909,ARP-2014,member,2016-09-14,2016-12-30,true,"observed on this committee on captures from 2016-09-14 to 2016-09-14, out of 6 readable captures of its page; the recorded span 2016-09-14..2016-12-30 is the outer bound, since each boundary falls in a gap between captures rather than on a known date",MARSAD_ARP2014
CMM-9956a3c11739,TNP-00355,CMT-3e7af871322d,ARP-2014,member,2019-08-23,2019-10-05,true,"observed on this committee on captures from 2019-08-23 to 2019-08-23, out of 6 readable captures of its page; the recorded span 2019-08-23..2019-10-05 is the outer bound, since each boundary falls in a gap between captures rather than on a known date",MARSAD_ARP2014
CMM-d75ed0d1aeb3,TNP-00355,CMT-a9259327aabc,ARP-2014,member,2014-12-02,2019-10-05,false,,MARSAD_ARP2014
CMM-a2628b8407e6,TNP-00357,CMT-3a051620fd33,ARP-2014,member,2014-12-02,2019-07-22,true,"observed on this committee on captures from 2015-03-07 to 2017-06-25, out of 12 readable captures of its page; the recorded span 2014-12-02..2019-07-22 is the outer bound, since each boundary falls in a gap between captures rather than on a known date",MARSAD_ARP2014
CMM-824be1d0e8e8,TNP-00357,CMT-4633b2874c88,ARP-2014,member,2019-05-08,2019-10-05,true,"observed on this committee on captures from 2019-05-08 to 2019-08-23, out of 12 readable captures of its page; the recorded span 2019-05-08..2019-10-05 is the outer bound, since each boundary falls in a gap between captures rather than on a known date",MARSAD_ARP2014
CMM-d96be005b2c6,TNP-00357,CMT-535731ec7ffd,ARP-2014,vice_chair,2019-05-08,2019-10-05,true,"observed on this committee on captures from 2019-05-08 to 2019-08-21, out of 9 readable captures of its page; the recorded span 2019-05-08..2019-10-05 is the outer bound, since each boundary falls in a gap between captures rather than on a known date",MARSAD_ARP2014
CMM-05a78acdef36,TNP-00357,CMT-a48500711e9b,ARP-2014,member,2014-12-02,2019-05-08,true,"observed on this committee on captures from 2015-03-07 to 2017-06-02, out of 12 readable captures of its page; the recorded span 2014-12-02..2019-05-08 is the outer bound, since each boundary falls in a gap between captures rather than on a known date",MARSAD_ARP2014
CMM-14b2bc1e5d8e,TNP-00357,CMT-e5dff9bf0bca,ARP-2014,member,2014-12-02,2019-10-05,false,,MARSAD_ARP2014
CMM-3ff1e8647a37,TNP-00357,CMT-8d6af35d5cb4,ARP-2014,member,2014-12-02,2019-10-05,false,,MARSAD_ARP2014
CMM-86e9daff6455,TNP-00358,CMT-4633b2874c88,ARP-2014,member,2019-05-08,2019-10-05,true,"observed on this committee on captures from 2019-05-08 to 2019-08-23, out of 12 readable captures of its page; the recorded span 2019-05-08..2019-10-05 is the outer bound, since each boundary falls in a gap between captures rather than on a known date",MARSAD_ARP2014
CMM-05a03340a0ce,TNP-00358,CMT-5863460337e8,ARP-2014,member,2019-08-23,2019-10-05,true,"observed on this committee on captures from 2019-08-23 to 2019-08-23, out of 9 readable captures of its page; the recorded span 2019-08-23..2019-10-05 is the outer bound, since each boundary falls in a gap between captures rather than on a known date",MARSAD_ARP2014
CMM-328cdf23419a,TNP-00948,CMT-79ca761acaf6,ARP-2014,member,2014-12-02,2019-10-05,false,,MARSAD_ARP2014
CMM-9465c5a2d0c9,TNP-00948,CMT-7858621d9962,ARP-2014,member,2014-12-02,2016-09-14,true,"observed on this committee on captures from 2015-03-07 to 2015-10-22, out of 12 readable captures of its page; the recorded span 2014-12-02..2016-09-14 is the outer bound, since each boundary falls in a gap between captures rather than on a known date",MARSAD_ARP2014
CMM-2fc459dac800,TNP-00948,CMT-7858621d9962,ARP-2014,assistant_rapporteur,2016-12-13,2019-07-23,true,"observed on this committee on captures from 2016-12-13 to 2017-06-24, out of 12 readable captures of its page; the recorded span 2016-12-13..2019-07-23 is the outer bound, since each boundary falls in a gap between captures rather than on a known date",MARSAD_ARP2014
CMM-eb0a54037508,TNP-00948,CMT-601d95a949aa,ARP-2014,assistant_rapporteur,2014-12-02,2016-04-19,true,"observed on this committee on captures from 2015-03-07 to 2015-10-22, out of 9 readable captures of its page; the recorded span 2014-12-02..2016-04-19 is the outer bound, since each boundary falls in a gap between captures rather than on a known date",MARSAD_ARP2014
CMM-a67b630dbb2f,TNP-00948,CMT-601d95a949aa,ARP-2014,assistant_rapporteur,2016-09-14,2016-12-14,true,"observed on this committee on captures from 2016-09-14 to 2016-09-14, out of 9 readable captures of its page; the recorded span 2016-09-14..2016-12-14 is the outer bound, since each boundary falls in a gap between captures rather than on a known date",MARSAD_ARP2014
CMM-4c4fe6cb7f02,TNP-00948,CMT-90ddb75794d7,ARP-2014,member,2015-10-22,2019-08-21,true,"observed on this committee on captures from 2015-10-22 to 2017-05-17, out of 8 readable captures of its page; the recorded span 2015-10-22..2019-08-21 is the outer bound, since each boundary falls in a gap between captures rather than on a known date",MARSAD_ARP2014
CMM-209c6d18636b,TNP-00361,CMT-3a051620fd33,ARP-2014,member,2014-12-02,2015-11-16,true,"observed on this committee on captures from 2015-03-07 to 2015-05-07, out of 12 readable captures of its page; the recorded span 2014-12-02..2015-11-16 is the outer bound, since each boundary falls in a gap between captures rather than on a known date",MARSAD_ARP2014
CMM-832168692ee3,TNP-00361,CMT-3a051620fd33,ARP-2014,rapporteur,2019-07-22,2019-10-05,true,"observed on this committee on captures from 2019-07-22 to 2019-09-18, out of 12 readable captures of its page; the recorded span 2019-07-22..2019-10-05 is the outer bound, since each boundary falls in a gap between captures rather than on a known date",MARSAD_ARP2014
CMM-c8a097bb4a7a,TNP-00361,CMT-4633b2874c88,ARP-2014,member,2016-07-27,2017-01-14,true,"observed on this committee on captures from 2016-07-27 to 2016-10-30, out of 12 readable captures of its page; the recorded span 2016-07-27..2017-01-14 is the outer bound, since each boundary falls in a gap between captures rather than on a known date",MARSAD_ARP2014
CMM-187719360bc2,TNP-00361,CMT-7858621d9962,ARP-2014,member,2016-12-13,2019-07-23,true,"observed on this committee on captures from 2016-12-13 to 2017-06-24, out of 12 readable captures of its page; the recorded span 2016-12-13..2019-07-23 is the outer bound, since each boundary falls in a gap between captures rather than on a known date",MARSAD_ARP2014
CMM-3b13e4536b5d,TNP-00361,CMT-3e7af871322d,ARP-2014,member,2014-12-02,2019-08-23,true,"observed on this committee on captures from 2015-03-07 to 2016-12-30, out of 6 readable captures of its page; the recorded span 2014-12-02..2019-08-23 is the outer bound, since each boundary falls in a gap between captures rather than on a known date",MARSAD_ARP2014
CMM-ca397c6eaa13,TNP-00949,CMT-b9e5e4367488,ARP-2014,member,2014-12-02,2019-10-05,false,,MARSAD_ARP2014
CMM-186cc0c86136,TNP-00949,CMT-5863460337e8,ARP-2014,assistant_rapporteur,2014-12-02,2019-10-05,false,,MARSAD_ARP2014
CMM-047e54f9e332,TNP-00950,CMT-879180464a95,ARP-2014,member,2014-12-02,2019-10-05,false,,MARSAD_ARP2014
CMM-e9ecd83ecebb,TNP-00950,CMT-2bc1cee50ba8,ARP-2014,member,2019-07-23,2019-10-05,true,"observed on this committee on captures from 2019-07-23 to 2019-09-17, out of 12 readable captures of its page; the recorded span 2019-07-23..2019-10-05 is the outer bound, since each boundary falls in a gap between captures rather than on a known date",MARSAD_ARP2014
CMM-09a5ae9b27ec,TNP-00950,CMT-cab87800ef44,ARP-2014,member,2014-12-02,2019-07-22,true,"observed on this committee on captures from 2015-03-07 to 2017-06-24, out of 11 readable captures of its page; the recorded span 2014-12-02..2019-07-22 is the outer bound, since each boundary falls in a gap between captures rather than on a known date",MARSAD_ARP2014
CMM-5a4cad360a68,TNP-00950,CMT-f7166b323046,ARP-2014,member,2019-08-23,2019-10-05,true,"observed on this committee on captures from 2019-08-23 to 2019-08-23, out of 5 readable captures of its page; the recorded span 2019-08-23..2019-10-05 is the outer bound, since each boundary falls in a gap between captures rather than on a known date",MARSAD_ARP2014
CMM-8cf96d82a061,TNP-00950,CMT-a48500711e9b,ARP-2014,member,2016-04-24,2019-05-08,true,"observed on this committee on captures from 2016-04-24 to 2017-06-02, out of 12 readable captures of its page; the recorded span 2016-04-24..2019-05-08 is the outer bound, since each boundary falls in a gap between captures rather than on a known date",MARSAD_ARP2014
CMM-72506c126d1e,TNP-00950,CMT-5863460337e8,ARP-2014,member,2014-12-02,2017-02-17,true,"observed on this committee on captures from 2015-03-07 to 2016-09-15, out of 9 readable captures of its page; the recorded span 2014-12-02..2017-02-17 is the outer bound, since each boundary falls in a gap between captures rather than on a known date",MARSAD_ARP2014
CMM-cb9385073d03,TNP-00365,CMT-879180464a95,ARP-2014,member,2014-12-02,2019-10-05,false,,MARSAD_ARP2014
CMM-ca8f632b5e05,TNP-00365,CMT-2bc1cee50ba8,ARP-2014,member,2014-12-02,2016-04-05,true,"observed on this committee on captures from 2015-03-07 to 2016-01-13, out of 12 readable captures of its page; the recorded span 2014-12-02..2016-04-05 is the outer bound, since each boundary falls in a gap between captures rather than on a known date",MARSAD_ARP2014
CMM-98880b68e68a,TNP-00365,CMT-2bc1cee50ba8,ARP-2014,member,2016-09-14,2016-10-27,true,"observed on this committee on captures from 2016-09-14 to 2016-09-14, out of 12 readable captures of its page; the recorded span 2016-09-14..2016-10-27 is the outer bound, since each boundary falls in a gap between captures rather than on a known date",MARSAD_ARP2014
CMM-54423a84e00a,TNP-00365,CMT-47b4ceeab70a,ARP-2014,member,2016-04-24,2019-05-08,true,"observed on this committee on captures from 2016-04-24 to 2017-05-31, out of 8 readable captures of its page; the recorded span 2016-04-24..2019-05-08 is the outer bound, since each boundary falls in a gap between captures rather than on a known date",MARSAD_ARP2014
CMM-5bb03fd3af38,TNP-00365,CMT-90ddb75794d7,ARP-2014,member,2016-07-26,2017-01-27,true,"observed on this committee on captures from 2016-07-26 to 2016-09-14, out of 8 readable captures of its page; the recorded span 2016-07-26..2017-01-27 is the outer bound, since each boundary falls in a gap between captures rather than on a known date",MARSAD_ARP2014
CMM-60e819a83aae,TNP-00951,CMT-cab87800ef44,ARP-2014,chair,2017-01-27,2019-10-05,true,"observed on this committee on captures from 2017-01-27 to 2019-09-15, out of 11 readable captures of its page; the recorded span 2017-01-27..2019-10-05 is the outer bound, since each boundary falls in a gap between captures rather than on a known date",MARSAD_ARP2014
CMM-e9e92dced762,TNP-00951,CMT-f7166b323046,ARP-2014,member,2016-12-30,2019-10-05,true,"observed on this committee on captures from 2016-12-30 to 2019-08-23, out of 5 readable captures of its page; the recorded span 2016-12-30..2019-10-05 is the outer bound, since each boundary falls in a gap between captures rather than on a known date",MARSAD_ARP2014
CMM-6cb791d6fb2a,TNP-00951,CMT-e5dff9bf0bca,ARP-2014,member,2014-12-02,2019-10-05,false,,MARSAD_ARP2014
CMM-86cffab8bd62,TNP-00952,CMT-cab87800ef44,ARP-2014,member,2014-12-02,2017-01-27,true,"observed on this committee on captures from 2015-03-07 to 2016-09-15, out of 11 readable captures of its page; the recorded span 2014-12-02..2017-01-27 is the outer bound, since each boundary falls in a gap between captures rather than on a known date",MARSAD_ARP2014
CMM-56db28c55eff,TNP-00952,CMT-f7166b323046,ARP-2014,rapporteur,2014-12-02,2016-12-30,true,"observed on this committee on captures from 2015-03-07 to 2016-09-14, out of 5 readable captures of its page; the recorded span 2014-12-02..2016-12-30 is the outer bound, since each boundary falls in a gap between captures rather than on a known date",MARSAD_ARP2014
