person_id,name_ar,name_lat,given_name_ar,family_name_ar,given_name_lat,family_name_lat,name_normalised,gender,birth_date,birth_date_precision,birth_place_ar,birth_governorate_id,death_date,death_date_precision,marital_status,n_children,languages,education_raw,education_level,occupation_raw,occupation_sector,biography_ar,wikidata_qid,first_mandate_start,n_mandates
TNP-00001,يوسف الطرشون,Youssef Tarchoun,Youssef,Tarchoun,Youssef,Tarchoun,يوسف طرشون,male,,,,,,,,,,,,,,,,2023-03-13,1
TNP-00002,يوسف التومي,Youssef Toumi,Youssef,Toumi,Youssef,Toumi,يوسف تومي,male,,,,,,,,,,,,,,,,2023-03-13,1
TNP-00003,يسري البواب,Yosri Baouab,Yosri,Baouab,Yosri,Baouab,يسري بواب,male,,,,,,,,,,,,,,,,2023-03-13,1
TNP-00004,ياسين مامي,yassine Mami,yassine,Mami,yassine,Mami,ياسين مامي,male,,,,,,,,,,,,,,,,2023-03-13,1
TNP-00005,ياسر قراري,Yasser Grari,Yasser,Grari,Yasser,Grari,ياسر قراري,male,,,,,,,,,,,,,,,,2023-03-13,1
TNP-00006,وليد حاجي,Walid Hajji,Walid,Hajji,Walid,Hajji,وليد حاجي,male,,,,,,,,,,,,,,,,2023-03-13,1
TNP-00007,هشام حسني,Hichem Hosni,Hichem,Hosni,Hichem,Hosni,هشام حسني,male,,,,,,,divorcé,,ar,"Amendements sur la constitution Né le 12/04/1965 à Tunis, il a effectué ses études primaires à l’école de rue de Russie, ensuite au collège de l’Ariana et ses études secondaires au lycée technique de l’Ariana. Il a poursuivi son enseignement supérieur à la Faculté des Sciences de Tunis, spécialité maths-physique pour ensuite enchainer avec l’Institut Supérieur de l’Education et de la Formation Continue pour y obtenir une maitrise en mathématiques. Il appartient au groupe politique militant communiste depuis 1986 et est syndicaliste depuis 1989. Il est par ailleurs le fondateur du parti de lutte progressiste en mars 2011. Il est divorcé et maitrise la langue arabe, française et anglaise.",,,,ولد هشام حسني في 12/04/1965 بالعاصمة تونس. درس هشام حسني طيلة فترة تعليمه الابتدائي بمدرسة نهج روسيا ثم إنتقل إلى المدرسة الاعدادية باريانة ثم بالمعهد الثانوي باريانة وتابع تعليمه العالي بكلية العلوم بتونس حيث تخصص في مجال الرياضيات و الفيزياء ثم واصل بعد ذلك تعليمه بالمعهد الأعلى للتربية والتكوين المتواصل حيث تحصل على الاستاذية في علوم الرياضيات. منذ سنة 1986 إنخرط هشام حسني في المجموعة السياسية المناضلون الشيوعيون كما اسس في سنة 2011 حزب النضال التقدمي. جدير بالذكر كذلك أنه كان نقابي منذ 1989. مطلق ويتقن اللغة العربية و الفرنسية و الإنجليزية.,,2011-11-22,2
TNP-00008,هالة جاب الله,Hela Jaballa,Hela,Jaballa,Hela,Jaballa,هاله جاب له,female,,,,,,,,,,,,,,,,2023-03-13,1
TNP-00009,نورة الشبراك,Noura Chabrak,Noura,الشبراك,Noura,Chabrak,نوره شبراك,female,,,,,,,,,,,,,,,,2023-03-13,1
TNP-00010,نور الهدى سبائطي,Nourelhouda Sbaiti,Nourelhouda,Sbaiti,Nourelhouda,Sbaiti,نور هدي سبايطي,female,,,,,,,,,,,,,,,,2023-03-13,1
TNP-00011,نزار الصديق,Nizar Seddik,Nizar,Seddik,Nizar,Seddik,نزار صديق,male,,,,,,,,,,,,,,,,2023-03-13,1
TNP-00012,نجيب عكرمي,Nejib Akremi,Nejib,Akremi,Nejib,Akremi,نجيب عكرمي,male,,,,,,,,,,,,,,,,2023-03-13,1
TNP-00013,نجلاء اللحياني,Najla Lahiani,Najla,Lahiani,Najla,Lahiani,نجلاء لحياني,female,,,,,,,,,,,,,,,,2023-03-13,1
TNP-00014,نبيه ثابت,Nabih Thabet,Nabih,Thabet,Nabih,Thabet,نبيه ثابت,male,,,,,2025-05-09,day,,,,,,,,,,2023-03-13,1
TNP-00015,نبيل حامدي,Nabil Hamdi,Nabil,Hamdi,Nabil,Hamdi,نبيل حامدي,male,,,,,,,,,,,,,,,,2023-03-13,1
TNP-00016,مهى عامر,Maha Ameur,Maha,Ameur,Maha,Ameur,مهي عامر,female,,,,,,,,,,,,,,,,2023-03-13,1
TNP-00017,منير الكموني,Mounir Kammouni,Mounir,Kammouni,Mounir,Kammouni,منير كموني,male,,,,,,,,,,,,,,,,2023-03-13,1
TNP-00018,منصف المعلول,Moncef Maaloul,Moncef,Maaloul,Moncef,Maaloul,منصف معلول,male,,,,,,,,,,,,,,,,2023-03-13,1
TNP-00019,منال بديدة,Manel Bdida,Manel,Bdida,Manel,Bdida,منال بديده,female,,,,,,,,,,,,,,,,2023-03-13,1
TNP-00020,مليك كمون,Melik Kammoun,Melik,Kammoun,Melik,Kammoun,مليك كمون,male,,,,,,,,,,,,,,,,2023-03-13,1
TNP-00021,معز بن يوسف,Moez Ben Youssef,Moez,Ben Youssef,Moez,Ben Youssef,معز بن يوسف,male,,,,,,,,,,,,,,,,2023-03-13,1
TNP-00022,معز برك الله,Moez Barkallah,Moez,Barkallah,Moez,Barkallah,معز برك له,male,,,,,,,,,,,,,,,,2023-03-13,1
TNP-00023,معز الرياحي,Moez Riahi,Moez,Riahi,Moez,Riahi,معز رياحي,male,,,,,,,,,,,,,,,,2023-03-13,1
TNP-00024,مصطفى بوبكري,Mustapha Boubakri,Mustapha,Boubakri,Mustapha,Boubakri,مصطفي بوبكري,male,,,,,,,,,,,,,,,,2023-03-13,1
TNP-00025,مسعود قريرة,Messaoud Grira,Messaoud,Grira,Messaoud,Grira,مسعود قريره,male,,,,,,,,,,,,,,,,2023-03-13,1
TNP-00026,مريم الشريف,Mariem Cherif,Mariem,Cherif,Mariem,Cherif,مريم شريف,female,,,,,,,,,,,,,,,,2023-03-13,1
TNP-00027,مراد الخزامي,Mourad khezami,مراد,الخزامي,Mourad,khezami,مراد خزامي,male,,,,,,,,,,,,,,,,2023-03-13,1
TNP-00028,مختار عيفاوي,Mokhtar Ifaoui,Mokhtar,Ifaoui,Mokhtar,Ifaoui,مختار عيفاوي,male,,,,,,,,,,,,,,,,2023-03-13,1
TNP-00029,محمود شلغاف,Mahmoud Chalghaf,Mahmoud,Chalghaf,Mahmoud,Chalghaf,محمود شلغاف,male,,,,,,,,,,,,,,,,2023-03-13,1
TNP-00030,محمود العامري,Mahmoud El Amri,Mahmoud,El Amri,Mahmoud,El Amri,محمود عامري,male,,,,,,,,,,,,,,,,2023-03-13,1
TNP-00031,محمد ماجدي,Mohamed Mejdi,Mohamed,Mejdi,Mohamed,Mejdi,محمد ماجدي,male,,,,,,,,,,,,,,,,2023-03-13,1
TNP-00032,محمد علي فنيرة,Mohamed Ali Fennira,Mohamed Ali,Fennira,Mohamed Ali,Fennira,محمد علي فنيره,male,,,,,,,,,,,,,,,,2023-03-13,1
TNP-00033,محمد علي,Mohamed Ali,Mohamed,Ali,Mohamed,Ali,محمد علي,male,,,,,,,,,,,,,,,,2023-03-13,1
TNP-00034,محمد ضو,Mohamed Dhaw,Mohamed,Dhaw,Mohamed,Dhaw,محمد ضو,male,,,,,,,,,,,,,,,,2023-03-13,1
TNP-00035,محمد شعباني,Mohamed Chaabani,Mohamed,Chaabani,Mohamed,Chaabani,محمد شعباني,male,,,,,,,,,,,,,,,,2023-03-13,1
TNP-00036,محمد زياد الماهر,Mohamed Zied El Maher,Mohamed Zied,El Maher,Mohamed Zied,El Maher,محمد زياد ماهر,male,,,,,,,,,,,,,,,,2023-03-13,1
TNP-00037,محمد بن سعيد,Mohamed Ben Said,Mohamed,Ben Said,Mohamed,Ben Said,محمد بن سعيد,male,,,,,,,,,,,,,,,,2023-03-13,1
TNP-00038,محمد بن حسين,Mohamed Ben Hassine,Mohamed,Ben Hassine,Mohamed,Ben Hassine,محمد بن حسين,male,,,,,,,,,,,,,,,,2023-03-13,1
TNP-00039,محمد أمين مباركي,Mohamed Amine Mbarki,Mohamed Amine,Mbarki,Mohamed Amine,Mbarki,محمد امين مباركي,male,,,,,,,,,,,,,,,,2023-03-13,1
TNP-00040,محمد امين الورغي,Mohamed Amine Ouerghi,Mohamed Amine,Ouerghi,Mohamed Amine,Ouerghi,محمد امين ورغي,male,,,,,,,,,,,,,,,,2023-03-13,1
TNP-00041,محمد اليحياوي,Mohamed Yahyaoui,Mohamed,Yahyaoui,Mohamed,Yahyaoui,محمد يحياوي,male,,,,,,,,,,,,,,,,2023-03-13,1
TNP-00042,محمد الهادي العلاني,Mohamed Elhedi Allani,Mohamed Elhedi,Allani,Mohamed Elhedi,Allani,محمد هادي علاني,male,,,,,,,,,,,,,,,,2023-03-13,1
TNP-00043,محمد أحمد,mohamed Ahmed,Ahmed mohamed,Mohamed,mohamed,Ahmed,محمد احمد,male,,,,,,,,,,,,,,,,2023-03-13,1
TNP-00044,محسن هرمي,Mohsen Hermi,Mohsen,Hermi,Mohsen,Hermi,محسن هرمي,male,,,,,,,,,,,,,,,,2023-03-13,1
TNP-00045,ماهر بوبكر الحضري,Maher Boubaker Hadhri,Maher,Boubaker Hadhri,Maher,Boubaker Hadhri,ماهر بوبكر حضري,male,,,,,,,,,,,,,,,,2023-03-13,1
TNP-00046,ماهر الكتاري,Maher Ketari,Maher,Ketari,Maher,Ketari,ماهر كتاري,male,,,,,,,,,,,,,,,,2023-03-13,1
TNP-00047,ماجدة الورغي,Majda Ouerghi,Majda,Ouerghi,Majda,Ouerghi,ماجده ورغي,female,,,,,,,,,,,,,,,,2023-03-13,1
TNP-00048,لطفي الهمامي,Lotfi Hammami,لطفي,الهمامي,Lotfi,Hammami,لطفي همامي,male,,,,,,,,,,,,,,,,2023-03-13,1
TNP-00049,لطفي السعداوي,Lotfi Saadaoui,Lotfi,Saadaoui,Lotfi,Saadaoui,لطفي سعداوي,male,,,,,,,,,,,,,,,,2023-03-13,1
TNP-00050,كمال كرعاني,Kamel Keraani,Kamel,Keraani,Kamel,Keraani,كمال كرعاني,male,,,,,,,,,,,,,,,,2023-03-13,1
TNP-00051,كمال فراح,Kamel Farrah,كمال,فراح,Kamel,Farrah,كمال فراح,male,,,,,,,,,,,,,,,,2023-03-23,1
TNP-00052,فيصل الصغير,Fayçal Sghaier,Fayçal,Sghaier,Fayçal,Sghaier,فيصل صغير,male,,,,,,,,,,,,,,,,2023-03-13,1
TNP-00053,فوزي دعاس,Faouzi Daas,Faouzi,Daas,Faouzi,Daas,فوزي دعاس,male,,,,,,,,,,,,,,,,2023-03-13,1
TNP-00054,فخري عبد الخالق,Fakhri Abdelkhalek,Fakhri,Abdelkhalek,Fakhri,Abdelkhalek,فخري عبد خالق,male,,,,,,,,,,,,,,,,2023-03-13,1
TNP-00055,فخر الدين فضلون,Fakhreddine Fadhloun,Fakhreddine,Fadhloun,Fakhreddine,Fadhloun,فخر دين فضلون,male,,,,,,,,,,,,,,,,2023-03-13,1
TNP-00056,فتحي رجب,Fethi Rjeb,Fethi,Rjeb,Fethi,Rjeb,فتحي رجب,male,,,,,,,,,,,,,,,,2023-03-13,1
TNP-00057,فتحي المشرقي,Fethi Mechrgui,Fethi,Mechrgui,Fethi,Mechrgui,فتحي مشرقي,male,,,,,,,,,,,,,,,,2023-03-13,1
TNP-00058,فاطمة المسدي,Msedi Fatma,Fatma,Msedi,Fatma,Msedi,فاطمه مسدي,female,,,,,,,,,,,,Assistante contractuelle à l’université,,Membre de l'Assemblée des Représentants du Peuple 2014-2019,,2014-12-02,2
TNP-00059,فاتن النصيبي,Faten Ncibi,Faten,Ncibi,Faten,Ncibi,فاتن نصيبي,female,,,,,,,,,,,,,,,,2023-03-13,1
TNP-00060,غسان يامون,Ghassen Yamoun,Ghassen,Yamoun,Ghassen,Yamoun,غسان يامون,male,,,,,,,,,,,,,,,,2023-03-13,1
TNP-00061,عواطف الشنيتي,Awatef Cheniti,Awatef,Cheniti,Awatef,Cheniti,عواطف شنيتي,female,,,,,,,,,,,,,,,,2023-03-13,1
TNP-00062,عمر بن عمر,Amor Ben Amor,Amor,Ben Amor,Amor,Ben Amor,عمر بن عمر,male,,,,,,,,,,,,,,,,2023-03-13,1
TNP-00063,عمر برهومي,Amor Barhoumi,Amor,Barhoumi,Amor,Barhoumi,عمر برهومي,male,,,,,,,,,,,,,,,,2023-03-13,1
TNP-00064,عمار عيدودي,Ammar Idoudi,Ammar,Idoudi,Ammar,Idoudi,عمار عيدودي,male,,,,,,,,,,,,,,,,2023-03-13,1
TNP-00065,عماد أولاد جبريل,Ouled jebril Imed,Imed,Ouled jebril,Imed,Ouled jebril,عماد اولاد جبريل,male,,,,,,,,,,,,Professeur de théâtre,,Membre de l'Assemblée des Représentants du Peuple 2014-2019,,2014-12-02,3
TNP-00066,عماد الدين سديري,Imededdine Sdiri,Imededdine,Sdiri,Imededdine,Sdiri,عماد دين سديري,male,,,,,,,,,,,,,,,,2023-03-13,1
TNP-00067,علي زغدود,Ali Zaghdoud,Ali,Zaghdoud,Ali,Zaghdoud,علي زغدود,male,,,,,,,,,,,,,,,,2023-03-13,1
TNP-00068,علي بوزوزية,Ali Bouzouzia,Ali,Bouzouzia,Ali,Bouzouzia,علي بوزوزيه,male,,,,,,,,,,,,,,,,2023-03-13,1
TNP-00069,عصام شوشان,Issam Chouchen,Issam,Chouchen,Issam,Chouchen,عصام شوشان,male,,,,,,,,,,,,,,,,2023-03-13,1
TNP-00070,عصام البحري الجابري,Issam Bahri Jebri,Issam,Bahri Jebri,Issam,Bahri Jebri,عصام بحري جابري,male,,,,,,,,,,,,,,,,2023-03-13,1
TNP-00071,عزيز بن الاخضر,Aziz Ben Lakhdher,Aziz,Ben Lakhdher,Aziz,Ben Lakhdher,عزيز بن اخضر,male,,,,,,,,,,,,,,,,2023-03-13,1
TNP-00072,عزالدين التايب,Ezzeddine Tayeb,عزالدين,التايب,Ezzeddine,Tayeb,عزالدين تايب,male,,,,,,,,,,,,,,,,2023-03-13,1
TNP-00073,عدنان العلوش,Adnen Allouche,عدنان,العلوش,Adnen,Allouche,عدنان علوش,male,1972-11-10,day,,,,,,,,,,,,,,2025-10-07,1
TNP-00074,عبد القادر عمار,Abdelkader Ammar,Abdelkader,Ammar,Abdelkader,Ammar,عبد قادر عمار,male,,,,,,,,,,,,,,,,2023-03-13,1
TNP-00075,عبد القادر بن زينب,Abdelkader Ben Zineb,Abdelkader,Ben Zineb,Abdelkader,Ben Zineb,عبد قادر بن زينب,male,,,,,,,,,,,,,,,,2023-03-13,1
TNP-00076,عبد العزيز شعباني,Abdelaziz Chaabani,Abdelaziz,Chaâbani,Abdelaziz,Chaabani,عبد عزيز شعباني,male,,,,,,,,,,,,,,,,2023-03-13,1
TNP-00077,عبد السلام الدحماني,Abdessalem Dahmani,Abdessalem,Dahmani,Abdessalem,Dahmani,عبد سلام دحماني,male,,,,,,,,,,,,,,,,2023-03-13,1
TNP-00078,عبد السلام الحمروني,Abdessalem Hamrouni,Abdessalem,Hamrouni,Abdessalem,Hamrouni,عبد سلام حمروني,male,,,,,,,,,,,,,,,,2023-03-13,1
TNP-00079,عبد الستار الزارعي,Abdessattar Zarai,Abdessattar,Zarai,Abdessattar,Zarai,عبد ستار زارعي,male,,,,,,,,,,,,,,,,2023-03-13,1
TNP-00080,عبد الرزاق عويدات,Abderrazek Aouidet,عبد الرزاق,عويدات,Abderrazek,Aouidet,عبد رزاق عويدات,male,,,,,,,,,,,,,,,,2019-11-13,2
TNP-00081,عبد الحليم بوسمة,Abdelhalim  Boussema,Abdelhalim,Boussema,Abdelhalim,Boussema,عبد حليم بوسمه,male,,,,,,,,,,,,,,,,2023-03-13,1
TNP-00082,عبد الحافظ الوحيشي,Abdelhafedh Louhichi,Abdelhafedh,Louhichi,Abdelhafedh,Louhichi,عبد حافظ وحيشي,male,,,,,,,,,,,,,,,,2023-03-13,1
TNP-00083,عبد الجليل الهاني,Abdel jalil El Heni,Abdel jalil,El Heni,Abdel jalil,El Heni,عبد جليل هاني,male,,,,,,,,,,,,,,,,2023-03-13,1
TNP-00084,عادل ضياف,Adel Dhief,Adel,Dhief,Adel,Dhief,عادل ضياف,male,,,,,,,,,,,,,,,,2023-03-13,1
TNP-00085,عادل البوسالمي,Adel Bousselmi,Adel Bousselmi,بوسالمي,Adel,Bousselmi,عادل بوسالمي,male,,,,,,,,,,,,,,,,2023-03-13,1
TNP-00086,ظافر الصغيري,dhafer Sghiri,ظافر,صغيري,dhafer,Sghiri,ظافر صغيري,male,,,,,,,,,,,,,,,,2023-07-13,1
TNP-00087,طارق مهدي,Tarek Mehdi,Tarek,Mehdi,Tarek,Mehdi,طارق مهدي,male,,,,,,,,,,,,,,,,2023-03-13,1
TNP-00088,طارق الربعي,Tarek Rebai,Tarek,الربعي,Tarek,Rebai,طارق ربعي,male,,,,,,,,,,,,,,,,2023-03-13,1
TNP-00089,ضحى السالمي,Dhouha Selmi,Dhouha,Selmi,Dhouha,Selmi,ضحي سالمي,female,,,,,,,,,,,,,,,,2023-03-23,1
TNP-00090,صلاح الفرشيشي,Slah ferchichi,Slah,ferchichi,Slah,ferchichi,صلاح فرشيشي,male,,,,,,,,,,,,,,,,2023-03-13,1
TNP-00091,صالح مباركي,Salah Mbarki,Salah,Mbarki,Salah,Mbarki,صالح مباركي,male,,,,,2026-03-09,day,,,,,,,,,,2023-03-13,1
TNP-00092,صالح الصيادي,Salah Sayadi,Salah,Sayadi,Salah,Sayadi,صالح صيادي,male,,,,,,,,,,,,,,,,2023-03-13,1
TNP-00093,صالح السالمي,Salah Selmi,Salah,Selmi,Salah,Selmi,صالح سالمي,male,,,,,,,,,,,,,,,,2023-03-13,1
TNP-00094,صابر المصمودي,Sabeur Masmoudi,Sabeur,Masmoudi,Sabeur,Masmoudi,صابر مصمودي,male,,,,,,,,,,,,,,,,2023-03-13,1
TNP-00095,صابر الجلاصي,Sabeur Jelassi,Sabeur,Jelassi,Sabeur,Jelassi,صابر جلاصي,male,,,,,,,,,,,,,,,,2023-03-13,1
TNP-00096,شكري بن البحري,Chokri Ben Bahri,Chokri,Ben Bahri,Chokri,Ben Bahri,شكري بن بحري,male,,,,,,,,,,,,,,,,2023-03-13,1
TNP-00097,شفيق عزالدين الزعفوري,Ezzedine Zaafouri,شفيق,عزالدين الزعفوري,chafik,Ezzedine Zaafouri,شفيق عزالدين زعفوري,male,,,,,,,,,,,,,,,,2023-03-13,1
TNP-00098,سيرين بوصندل,Cyrine Boussandel,Cyrine,Boussandel,Cyrine,Boussandel,سيرين بوصندل,female,,,,,,,,,,,,,,,,2023-03-13,1
TNP-00099,سيرين المرابط,Sirine Mrabet,سيرين,,Sirine,Mrabet,سيرين مرابط,female,,,,,,,,,,,,,,,,2023-03-13,1
TNP-00100,سوسن مبروك,Sawsen Mabrouk,Sawsen,Mabrouk,Sawsen,Mabrouk,سوسن مبروك,female,,,,,,,,,,,,,,,,2023-03-13,1
TNP-00101,سنية بن مبروك,Sonia Ben Mabrouk,Sonia,Ben Mabrouk,Sonia,Ben Mabrouk,سنيه بن مبروك,female,,,,,,,,,,,,,,,,2023-03-13,1
TNP-00102,سفيان بن حليمة,Sofien Ben hlima,Sofien,Ben hlima,Sofien,Ben hlima,سفيان بن حليمه,male,,,,,,,,,,,,,,,,2023-03-13,1
TNP-00103,سامي طوجاني,Sami Toujani,Sami,Toujani,Sami,Toujani,سامي طوجاني,male,,,,,,,,,,,,,,,,2023-03-13,1
TNP-00104,سامي رايس,Sami Rais,Sami,Rais,Sami,Rais,سامي رايس,male,,,,,,,,,,,,,,,,2023-03-13,1
TNP-00105,سامي بن عبد العالي,Sami Ben Abdelaali,Sami,Ben Abdelaali,Sami,Ben Abdelaali,سامي بن عبد عالي,male,,,,,,,,,,,,,,,,2019-11-13,2
TNP-00106,سامي السيد,Sami Essaied,Sami,Essaied,Sami,Essaied,سامي سيد,male,,,,,2025-03-13,day,,,,,,,,,,2023-03-13,1
TNP-00107,سامي الحاج عمر,Sami Hadj Amor,Sami,Hadj Amor,Sami,Hadj Amor,سامي حاج عمر,male,,,,,,,,,,,,,,,,2023-03-13,1
TNP-00108,زينة جيب الله,Zina Jiballah,Zina,Jiballah,Zina,Jiballah,زينه جيب له,female,,,,,,,,,,,,,,,,2023-03-13,1
TNP-00109,ريم المعشاوي,Rim Maachaoui,Rim,Maachaoui,Rim,Maachaoui,ريم معشاوي,female,,,,,,,,,,,,,,,,2023-03-13,1
TNP-00110,ريم الصغير,Rym Sghaier,Rym,Sghaier,Rym,Sghaier,ريم صغير,female,,,,,,,,,,,,,,,,2023-03-13,1
TNP-00111,رياض جعيدان,Jaidane Riadh,Riadh,Jaidane,Riadh,Jaidane,رياض جعيدان,male,,,,,,,,,,,,"Maître de conférences en droit public à la Faculté de droit et des sciences politiques de Nice Avocat au Barreau de Nice après avoir obtenu en 2005 le Certificat d’Aptitude à la Profession d’Avocat (CAPA) à l’Ecole de formation des avocats du Sud-Est à Marseille. Il est l’auteur de plusieurs publications juridiques dans des revues internationales spécialisées. Diplômé du Centre International de Formation Européenne (CIFE), de l’Institut International des Droits de l’Homme (IIDH). Il a effectué plusieurs stages et voyages d’études dans des organisations européennes et Internationales telles que l’ONU, la Commission européenne, le Conseil de l’Europe, la Cour européenne des droits de l’homme…",,"Membre de l’Assemblée des Représentants du Peuple 2014-2019 (Circonscription France sud) Président de l’association « La Voix des Tunisiens de France » depuis février 2011 Directeur du Centre d’Information sur le Droit des Étrangers (CIDE) depuis 2010 Secrétaire Général de l’association internationale des praticiens du droit du sport, depuis décembre 2008 Président-Fondateur du Forum d’Echanges Euro-Méditerranéens depuis 2002 Élu membre du Conseil scientifique de l’Université de Nice-Sophia Antipolis février 1999.",,2014-12-02,2
TNP-00112,رياض بلال,Riadh Blel,Riadh,Blel,Riadh,Blel,رياض بلال,male,,,,,,,,,,,,,,,,2023-03-13,1
TNP-00113,رؤوف الفقيري,Raouf Fekiri,Raouf,Fekiri,Raouf,Fekiri,رووف فقيري,male,,,,,,,,,,,,,,,,2023-03-13,1
TNP-00114,رمزي الشتوي,Ramzi Chetoui,Ramzi,Chetoui,Ramzi,Chetoui,رمزي شتوي,male,,,,,,,,,,,,,,,,2023-03-13,1
TNP-00115,رضا الدلاعي,Dellai Ridha,Ridha,Dellai,Ridha,Dellai,رضا دلاعي,male,,,,,,,,,,,,Professeur d’enseignement secondaire,,Membre de l'Assemblée des Représentants du Peuple 2014-2019,,2014-12-02,3
TNP-00116,رشدي الرويسي,Rochdi Rouissi,Rochdi,Rouissi,Rochdi,Rouissi,رشدي رويسي,male,,,,,,,,,,,,,,,,2023-03-13,1
TNP-00117,خالد حكيم مبروكي,khaled Hakim Mabrouki,khaled Hakim,Mabrouki,khaled Hakim,Mabrouki,خالد حكيم مبروكي,male,,,,,,,,,,,,,,,,2023-03-13,1
TNP-00118,حمزة بضيافي,Hamza Bidhiafi,حمزة,بضيافي,Hamza,Bidhiafi,حمزه بضيافي,male,1986-02-07,day,,,,,,,,,,,,,,2025-10-07,1
TNP-00119,حمدي بن عبد العالي,Hamdi Ben Abdelali,Hamdi,Ben Abdelali,Hamdi,Ben Abdelali,حمدي بن عبد عالي,male,,,,,,,,,,,,,,,,2023-03-13,1
TNP-00120,حمدي بن صالح,Hamdi Ben Salah,Hamdi,Ben Salah,Hamdi,Ben Salah,حمدي بن صالح,male,,,,,,,,,,,,,,,,2023-03-13,1
TNP-00121,حمادي غيلاني,Hammadi Ghilani,Hammadi,Ghilani,Hammadi,Ghilani,حمادي غيلاني,male,,,,,,,,,,,,,,,,2023-03-13,1
TNP-00122,حسن جربوعي,Hassen Jarboui,Hassen,Jarboui,Hassen,Jarboui,حسن جربوعي,male,,,,,,,,,,,,,,,,2023-03-13,1
TNP-00123,حسن بوسامة,Hassen Boussama,Hassen,Boussama,Hassen,Boussama,حسن بوسامه,male,,,,,,,,,,,,,,,,2023-03-13,1
TNP-00124,حسن بن علي,Hassen Ben Ali,Hassen,Ben Ali,Hassen,Ben Ali,حسن بن علي,male,,,,,,,,,,,,,,,,2023-03-13,1
TNP-00125,حسام محجوب,Houssem Mahjoub,Houssem,Mahjoub,Houssem,Mahjoub,حسام محجوب,male,,,,,,,,,,,,,,,,2023-03-13,1
TNP-00126,حاتم لباوي,Hatem Labbaoui,Hatem,Labbaoui,Hatem,Labbaoui,حاتم لباوي,male,,,,,,,,,,,,,,,,2023-03-13,1
TNP-00127,حاتم الهواوي,Hatem Houaoui,Hatem,Houaoui,Hatem,Houaoui,حاتم هواوي,male,,,,,,,,,,,,,,,,2023-03-13,1
TNP-00128,جلال خدمي,Jalel khedmi,Jalel,khedmi,Jalel,khedmi,جلال خدمي,male,,,,,,,,,,,,,,,,2023-03-13,1
TNP-00129,ثامر المزهود,Thameur Mazhoud,Thameur,Mazhoud,Thameur,Mazhoud,ثامر مزهود,male,,,,,,,,,,,,,,,,2023-03-13,1
TNP-00130,ثابت العابد,Thabet Abed,Thabet,Abed,Thabet,Abed,ثابت عابد,male,,,,,,,,,,,,,,,,2023-03-13,1
TNP-00131,بوبكر بن يحي,Boubaker Ben Yahya,Boubaker,Ben Yahya,Boubaker,Ben Yahya,بوبكر بن يحي,male,,,,,,,,,,,,,,,,2023-03-13,1
TNP-00132,بلال ابن المشري,Bilel Ibn El Mechri,بلال,ابن المشري,Bilel,Bilel Ibn El Mechri,بلال ابن مشري,male,,,,,,,,,,,,,,,,2023-03-13,1
TNP-00133,بسمة الهمامي,Basma Hammami,Basma,Hammami,Basma,Hammami,بسمه همامي,female,,,,,,,,,,,,,,,,2023-03-13,1
TNP-00134,بدر الدين القمودي,badreddine gammoudi,بدر الدين,القمودي,badreddine,gammoudi,بدر دين قمودي,male,,,,,,,,,,,,,,,,2019-11-13,2
TNP-00135,بثينة الغانمي,Boutheina Ghanmi,Boutheina,Ghanmi,Boutheina,Ghanmi,بثينه غانمي,female,,,,,,,,,,,,,,,,2023-03-13,1
TNP-00136,باديس بالحاج علي,Bedis Belhadj Ali,Bedis,Belhadj Ali,Bedis,Belhadj Ali,باديس بالحاج علي,male,,,,,,,,,,,,,,,,2023-03-13,1
TNP-00137,أيمن نقرة,Aymen Negra,Aymen,Negra,Aymen,Negra,ايمن نقره,male,,,,,,,,,,,,,,,,2023-03-13,1
TNP-00138,أيمن بن صالح,Aymen Ben Salah,Aymen,Ben Salah,Aymen,Ben Salah,ايمن بن صالح,male,,,,,,,,,,,,,,,,2023-03-13,1
TNP-00139,أيمن المرعوي,Aymen Maraoui,Aymen,Maraoui,Aymen,Maraoui,ايمن مرعوي,male,,,,,,,,,,,,,,,,2023-03-13,1
TNP-00140,أيمن البوغديري,Aymen Boughdiri,Aymen,Boughdiri,Aymen,Boughdiri,ايمن بوغديري,male,,,,,,,,,,,,,,,,2023-03-13,1
TNP-00141,أنور المرزوقي,Anouar Marzouki,Anouar,Marzouki,Anouar,Marzouki,انور مرزوقي,male,,,,,,,,,,Amendements sur la constitution Anouar Marzouki est né le le 02 Janvier 1974 à Jendouba. Il a effectué ses études primaires à Jendouba et ensuite ses études secondaires à Ghardimaou où il a obtenu son baccalauréat en mathématiques en 1993. Il a poursuivi ses études supérieures à la Faculté des Sciences de Tunis où il a obtenu sa maitrise en mathématiques en 1999.,,,,ولد أنور المرزوقي في 02/01/1974 بولاية جندوبة. درس بجندوبة طيلة المرحلة الابتدائية ثم درس بغار دماء طيلة المرحلة الثانوية حيث تحصل على شهادة البكالوريا في الرياضيات سنة 1993. انتقل إلى كلية العلوم بتونس حيث تحصل على الأستاذية في الرياضيات سنة 1999.,,2011-11-22,2
TNP-00142,آمال المؤدب,Amel Meddeb,Amel,Meddeb,Amel,Meddeb,امال مودب,female,,,,,,,,,,,,,,,,2023-03-13,1
TNP-00143,الياس بوكوشة,Ilyes Boukoucha,Ilyes,Boukoucha,Ilyes,Boukoucha,ياس بوكوشه,male,,,,,,,,,,,,,,,,2023-03-13,1
TNP-00144,النوري جريدي,Nouri Jridi,Nouri,Jridi,Nouri,Jridi,نوري جريدي,male,,,,,,,,,,,,,,,,2023-03-13,1
TNP-00145,الناصر الشنوفي,Channoufi Naceur,الناصر,الشنوفي,Naceur,Channoufi,ناصر شنوفي,male,,,,,,,,,,,,Directeur d’école primaire,,Membre de l'Assemblée des Représentants du Peuple 2014-2019,,2014-12-02,2
TNP-00146,المختار عبد المولى,Mokhtar Abdelmoula,Mokhtar,Abdelmoula,Mokhtar,Abdelmoula,مختار عبد مولي,male,,,,,,,,,,,,,,,,2023-03-13,1
TNP-00147,ألفة المرواني,Olfa Marouani,Olfa,Marouani,Olfa,Marouani,فه مرواني,female,,,,,,,,,,,,,,,,2023-03-23,1
TNP-00148,الفاضل بن تركية,Fadhel Ben Torkia,Fadhel,Ben Torkia,Fadhel,Ben Torkia,فاضل بن تركيه,male,,,,,,,,,,,,,,,,2023-03-13,1
TNP-00149,الطيب الطالبي,Taïeb Talbi,Taïeb,Talbi,Taïeb,Talbi,طيب طالبي,male,,,,,,,,,,,,,,,,2023-03-13,1
TNP-00150,الطاهر بن منصور,Tahar Ben Mansour,Tahar,Ben Mansour,Tahar,Ben Mansour,طاهر بن منصور,male,,,,,,,,,,,,,,,,2023-03-13,1
TNP-00151,أسماء الدرويش,Asma Derouiche,Asma,Derouiche,Asma,Derouiche,اسماء درويش,female,,,,,,,,,,,,,,,,2023-03-13,1
TNP-00152,أحمد سعيداني,Ahmed Saidani,Ahmed,Saidani,Ahmed,Saidani,احمد سعيداني,male,,,,,,,,,,,,,,,,2023-03-13,1
TNP-00153,أحمد بنور,Ahmed Bannour,Ahmed,Bannour,Ahmed,Bannour,احمد بنور,male,,,,,,,,,,,,,,,,2023-03-13,1
TNP-00154,إبراهيم حسين,Brahim Ben hsine,Brahim,Ben hassine,Brahim,Ben Hassine,ابراهيم حسين,male,,,,,,,,,,,,,,,,2023-03-13,1
TNP-00155,إبراهيم بودربالة,Brahim Bouderbela,ابراهيم,بودربالة,Brahim,Bouderbela,ابراهيم بودرباله,male,,,,,,,,,,,,,,,,2023-03-13,1
TNP-00156,عبد الله حريزي,Abdallah Hrizi,,,,,عبد له حريزي,male,,,,,,,,,,,,,,,,2019-11-13,1
TNP-00157,عبد الحميد المرزوقي,Abdelhamid Marzouki,,,,,عبد حميد مرزوقي,male,,,,,,,,,,,,,,,,2019-11-13,1
TNP-00158,عبد اللطيف علوي,Abdellatif Aloui,,,,,عبد لطيف علوي,male,,,,,,,,,,,,معلّم تعليم أساسي,,,,2019-11-13,1
TNP-00159,عبد المجيد عمار,Abdelmajid Ammar,,,,,عبد مجيد عمار,male,,,,,,,,,,,,,,,,2019-11-13,1
TNP-00160,عبد الرزاق الحسني,Abderrazek Hosni,,,,,عبد رزاق حسني,male,,,,,,,,,,,,,,,,2019-11-13,1
TNP-00161,عبد السلام بن عمارة,Abdesslam Ben Amara,,,,,عبد سلام بن عماره,male,,,,,,,,,,,,,,,,2019-11-13,1
TNP-00162,عبير موسي,Abir Moussi,,,,,عبير موسي,female,,,,,,,,,,,,,,,,2019-11-13,1
TNP-00163,عدنان حاجي,Adnane Hajji,,,,,عدنان حاجي,male,,,,,,,,,,,,معلّم تعليم أساسي,,,,2014-12-02,2
TNP-00164,عدنان بن ابراهيم,Adnene Ben Brahim,,,,,عدنان بن ابراهيم,male,,,,,,,,,,,,,,,,2019-11-13,1
TNP-00165,أحمد بلقاسم,Ahmed Belgacem,,,,,احمد بلقاسم,male,,,,,,,,,,,,,,,,2019-11-13,1
TNP-00166,أحمد بن عياد,Ahmed Ben Ayed,,,,,احمد بن عياد,male,,,,,,,,,,,,,,,,2019-11-13,1
TNP-00167,أحمد موحه,Ahmed Mouha,,,,,احمد موحه,male,,,,,,,,,,,,,,,,2019-11-13,1
TNP-00168,أحمد الصغير,Ahmed Sghaier,,,,,احمد صغير,male,,,,,,,,,,,,,,,,2019-11-13,1
TNP-00169,علي بنعون,Ali Ben Aoun,,,,,علي بنعون,male,,,,,,,,,,,,,,,,2019-11-13,1
TNP-00170,علي الهرماسي,Ali Hermassi,,,,,علي هرماسي,male,,,,,,,,,,,,,,,,2019-11-13,1
TNP-00171,علي الطياشي,Ali Tayachi,,,,,علي طياشي,male,,,,,,,,,,,,,,,,2019-11-13,1
TNP-00172,أمل السعيدي,Amal Saidi,,,,,امل سعيدي,female,,,,,,,,,,,,,,,,2019-11-13,1
TNP-00173,آمال الورتتاني,Amel Ouertatani,,,,,امال ورتتاني,female,,,,,,,,,,,,,,,,2019-11-13,1
TNP-00174,عامر العريض,Ameur Laraiedh,,,,,عامر عريض,male,1965-03-24,day,,,,,,,,"Amendements sur la constitution Né le 24 mars 1965, il a étudié à l’école primaire d’Essmar, avant de rejoindre le lycée technique de Médenine et a été renvoyé à deux reprises de tous les établissements secondaires de Tunisie, des suites de ses participations à des manifestations estudiantines. La sanction a été levée à deux reprises et il a été transféré au lycée secondaire de Tataouine où il a obtenu son baccalauréat littéraire. Il s’est orienté vers la sociologie à la faculté des lettres et des sciences humaines de Tunis et a réussi sa première année, mais n’a réussi sa deuxième année qu’après 3 échecs, des suites d’une année où a redoublé, une année où il était emprisonné et une année où il était en fuite. Il a fui le pays vers l’Algérie l’année de l’obtention de la maîtrise, soit en 90-91, après avoir passé 8 mois en état de fuite. Durant son parcours estudiantin, il était membre du comité supérieur pour l’organisation du congrès national de l’UGTE, puis il a été élu membre du bureau exécutif en tant que vice-secrétaire général chargé des relations extérieures, puis il a été élu président de la commission administrative de l’UGTE, avant de quitter le pays. Il est revenu en Tunisie en Février 2011.",,أستاذ جامعي,,من مواليد 24 مارس 1965، زاول تعليمه الإبتدائي بمدرسة السّمار قبل أن يلتحق بالمعهد الثّانوي الفنّي بمدنين. تمّ طرده من جميع المعاهد التّونسيّة مرّتين وتمّت إعادته ونقلته إلى معهد تطاوين على إثر مشاركته في عدّة إضرابات. تحصّل على باكالوريا آداب و توجّه إلى شعبة علم الإجتماع في كليّة الآداب والعلوم الإنسانيّة. في السّنة الثّانية رسب ثلاثة مرّات منهم سنة كان فيها موقوفا وسنة كان فيها مطاردا، في المرّة الرّابعة نجح وفي سنة التّخرّج أي 90 ـ 91 غادر البلاد إلى الجزائر بعد أن مضّى حوالي 8 أشهر في حالة فرار. خلال دراسته الجامعيّة، شارك في إنتخابات الإتّحاد العامّ التّونسي للطّلبة فتولّى عضويّة اللّجنة العليا لإعداد المؤتمر الوطني للإتّحاد ثمّ إنتخب عضوا في المكتب التّنفيذي و كان نائبا للأمين العامّ مسؤولا عن العلاقات الخارجيّة كما إنتخب رئيسا للهيئة الإداريّة للإتّحاد العامّ التّونسي للطّلبة.,,2011-11-22,3
TNP-00175,أمين الميساوي,Amine Missaoui,,,,,امين ميساوي,male,,,,,,,,,,,,,,,,2019-11-13,1
TNP-00176,أميرة شرف الدين,Amira Charfedine,,,,,اميره شرف دين,female,,,,,,,,,,,,,,,,2019-11-13,1
TNP-00177,أنور بن الشاهد,Anouar Ben Chahed,,,,,انور بن شاهد,male,,,,,,,,,,,,,,,,2019-11-13,1
TNP-00178,أروى بن عباس,Aroua Ben Abbas,,,,,اروي بن عباس,female,,,,,,,,,,,,مهندس معماري,,,,2014-12-02,2
TNP-00179,عواطف فتيريش,Awatef Ftirich,,,,,عواطف فتيريش,female,,,,,,,,,,,,,,,,2019-11-13,1
TNP-00180,عواطف قريش عبيد,Awatef Griche Abid,,,,,عواطف قريش عبيد,female,,,,,,,,,,,,,,,,2019-11-13,1
TNP-00181,العياشي زمال,Ayachi Zammal,,,,,عياشي زمال,male,,,,,,,,,,,,,,,,2019-11-13,1
TNP-00182,آية الله هيشري,Ayatallah Hichri,,,,,ايه له هيشري,male,,,,,,,,,,,,,,,,2019-11-13,1
TNP-00183,البشير الخليفي,Bechir Khelifi,,,,,بشير خليفي,male,,,,,,,,,,,,محامي,,,,2014-12-02,2
TNP-00184,بشر الشابي,Bechr Chebbi,,,,,بشر شابي,male,,,,,,,,,,,,,,,,2019-11-13,1
TNP-00185,بلقاسم الدراجي,Belgacem Darraji,,,,,بلقاسم دراجي,male,,,,,,,,,,,,,,,,2019-11-13,1
TNP-00186,بلقاسم حسن,Belgacem Hssan,,,,,بلقاسم حسن,male,,,,,,,,,,,,,,,,2019-11-13,1
TNP-00187,شادية الحفصوني,Chadia Hafsouni,,,,,شاديه حفصوني,female,,,,,,,,,,,,,,,,2019-11-13,1
TNP-00188,شيراز الشابي,Chiraz Chebbi,,,,,شيراز شابي,female,,,,,,,,,,,,,,,,2019-11-13,1
TNP-00189,شكري بلحاج عمارة,Chokri Belhaj Amara,,,,,شكري بلحاج عماره,male,,,,,,,,,,,,,,,,2019-11-13,1
TNP-00190,شكري الذويبي,Chokri Dhouibi,,,,,شكري ذويبي,male,,,,,,,,,,,,,,,,2019-11-13,1
TNP-00191,آمنة بن حميد,Emna Ben Hmayed,,,,,امنه بن حميد,female,,,,,,,,,,,,أستاذ تعليم ثانوي,,,,2014-12-02,2
TNP-00192,عزالدين الفرجاني,Ezzedine Ferjani,,,,,عزالدين فرجاني,male,,,,,,,,,,,,,,,,2019-11-13,1
TNP-00193,الفاضل الوج,Fadhel Ouej,,,,,فاضل وج,male,,,,,,,,,,,,,,,,2019-11-13,1
TNP-00194,فائزة بوهلال,Faiza Bouhlel,,,,,فايزه بوهلال,female,,,,,,,,,,,,,,,,2019-11-13,1
TNP-00195,فاكر الشويخي,Faker Chouikhi,,,,,فاكر شويخي,male,,,,,,,,,,,,,,,,2019-11-13,1
TNP-00196,فخر الدين شبشوب,Fakhereedine Chabchoub,,,,,فخر دين شبشوب,male,,,,,,,,,,,,,,,,2019-11-13,1
TNP-00197,فارس بلال,Fares Blel,,,,,فارس بلال,male,,,,,,,,,,,,,,,,2019-11-13,1
TNP-00198,فرحات الراجحي,Farhat Rajhi,,,,,فرحات راجحي,male,,,,,,,,,,,,,,,,2019-11-13,1
TNP-00199,فتحي العيادي,Fathi Ayadi,,,,,فتحي عيادي,male,1964-04-17,day,,,,,,,,"Amendements sur la constitution Né le 17 avril 1964, il a effectué ses études primaires à l’école du village d’el Ayayda Route de Teniour, puis le secondaire au lycée de garçons de Sfax, puis au lycée Menzel Chaker, puis au lycée Route d’El Aïn, avant de rejoindre le lycée technique 9 Avril à Sfax. Il a par la suite rejoint l’ENIT pour un diplôme de premier ingénieur, mais en 1987, il a été renvoyé de l’école compte tenu de ses absences répétées en raison de sa participation aux mouvements estudiantins, et ce compte tenu du fait qu’il a été l’un des premiers fondateurs de l’UGTE. Il a par la suite rejoint la faculté des sciences de Sfax où il s’est spécialisé en mathématiques mais il n’a pas pu finir ses études, et il est parti vers l’Allemagne par la Lybie. Il a étudié la langue allemande puis les mathématiques à la faculté où il a obtenu la maitrise. Il est revenu en Tunisie après la révolution. Il avait participé à la création de plusieurs associations de défense des droits de l’Homme en Allemagne.",,أستاذ تعليم ثانوي,,ولد في 17 افريل 1964، درس الإبتدائي في مدرسة قرية العيايدة طريق تنيور ثمّ الثّانوي في معهد الذّكور بصفاقس/معهد منزل شاكر/معهد الحيّ طريق العين، ثمّ إثر التّخصّص انتقل إلى معهد 9 أفريل بصفاقس. درس بعد ذلك في المدرسة الوطنيّة للمهندسين بتونس، إختصاص مهندس أوّل، لكن سنة 1987 وقع طرده من المدرسة نظرا لكثرة الغيابات جرّاء مشاركته في الحركات الطلاّبيّة، باعتباره أحد المشاركين في تأسيس الإتّحاد العامّ التّونسي للطّلبة. انتقل إلى كليّة العلوم بصفاقس اختصاص رياضيّات لكن لم ينهي دراسته نظرا للمضايقات. خرج عبر ليبيا ومنها إلى ألمانيا أين درس اللّغة ثمّ بالجامعة في اختصاص الرّياضيّات ليتحصّل على الإجازة. عاد إلى تونس إثر الثّورة وكان قد ساهم في ألمانيا في إنشاء العديد من الجمعيّات الحقوقيّة.,,2011-11-22,3
TNP-00200,فتحي بلقاسم,Fathi Belgacem,,,,,فتحي بلقاسم,male,,,,,,,,,,,,,,,,2019-11-13,1
TNP-00201,فيصل دربال,Faycel Derbel,,,,,فيصل دربال,male,,,,,,,,,,,,,,,,2019-11-13,1
TNP-00202,فيصل الطاهري,Faycel Tahri,,,,,فيصل طاهري,male,,,,,,,,,,,,,,,,2019-11-13,1
TNP-00203,فيصل تبيني,Faycel Tebini,,,,,فيصل تبيني,male,,,,,,,,,,,,موظف بالقطاع الخاص,,,,2014-12-02,2
TNP-00204,فريدة عبيدي,Ferida Laabidi,,,,,فريده عبيدي,female,,,,,,,,,,,,محامي,,,,2014-12-02,2
TNP-00205,فؤاد ثامر,Foued Thameur,,,,,فواد ثامر,male,,,,,,,,,,,,,,,,2019-11-13,1
TNP-00206,غازي القروي,Ghazi Karoui,,,,,غازي قروي,male,,,,,,,,,,,,,,,,2019-11-13,1
TNP-00207,حبيب بن سيدهم,Habib Ben Sid’hom,,,,,حبيب بن سيدهم,male,,,,,,,,,,,,,,,,2019-11-13,1
TNP-00208,حافظ الزواري,Hafedh Zouari,,,,,حافظ زواري,male,,,,,,,,,,,,مدير مؤسسة,,,,2014-12-02,2
TNP-00209,هاجر النيفر,Hajer Naifer,,,,,هاجر نيفر,female,,,,,,,,,,,,,,,,2019-11-13,1
TNP-00210,حليمة همامي,Halima Hammami,,,,,حليمه همامي,female,,,,,,,,,,,,,,,,2019-11-13,1
TNP-00211,حسان بن الحاج إبراهيم,Hassen Ben Hadj Ibrahim,,,,,حسان بن حاج ابراهيم,male,,,,,,,,,,,,,,,,2019-11-13,1
TNP-00212,حسونه ناصفي,Hassouna Nasfi,,,,,حسونه ناصفي,male,,,,,,,,,,,,إطار سامي بالوظيفة العمومية,,,,2014-12-02,2
TNP-00213,حاتم البوبكري,Hatem Boubakri,,,,,حاتم بوبكري,male,,,,,,,,,,,,,,,,2019-11-13,1
TNP-00214,حاتم القروي,Hatem Karoui,,,,,حاتم قروي,male,,,,,,,,,,,,,,,,2019-11-13,1
TNP-00215,حاتم المانسي,Hatem Mansi,,,,,حاتم مانسي,male,,,,,,,,,,,,,,,,2019-11-13,1
TNP-00216,حاتم المليكي,Hatem Mliki,,,,,حاتم مليكي,male,,,,,,,,,,,,,,,,2019-11-13,1
TNP-00217,حياة عمري,Hayet Omri,,,,,حياه عمري,female,,,,,,,,,,,,باحث جامعي,,,,2014-12-02,2
TNP-00218,هيكل مكي,Haykel Mekki,,,,,هيكل مكي,male,,,,,,,,,,,,,,,,2019-11-13,1
TNP-00219,هيثم براهم,Haythem Brahem,,,,,هيثم براهم,male,,,,,,,,,,,,,,,,2019-11-13,1
TNP-00220,الهادي الماكني,Hedi Makni,,,,,هادي ماكني,male,,,,,,,,,,,,,,,,2019-11-13,1
TNP-00221,هاجر بوزمي,Heger Bouzemmi,,,,,هاجر بوزمي,female,,,,,,,,,,,,طالب,,,,2014-12-02,2
TNP-00222,هاجر البوهلالي,Hejer Bouhleli,,,,,هاجر بوهلالي,female,,,,,,,,,,,,,,,,2019-11-13,1
TNP-00223,هشام عجبوني,Hichem Ajbouni,,,,,هشام عجبوني,male,,,,,,,,,,,,,,,,2019-11-13,1
TNP-00224,هشام بن أحمد,Hichem Ben Ahmed,,,,,هشام بن احمد,male,,,,,,,,,,,,,,,,2019-11-13,1
TNP-00225,حسام موسى,Houssem Moussa,,,,,حسام موسي,male,,,,,,,,,,,,,,,,2019-11-13,1
TNP-00226,حسين جنيح,Hussein Jenayah,,,,,حسين جنيح,male,,,,,,,,,,,,,,,,2019-11-13,1
TNP-00227,ابتهاج بن هلال,Ibtihej Ben Helal,,,,,ابتهاج بن هلال,female,,,,,,,,,,,,موظف عمومي,,,,2014-12-02,2
TNP-00228,عماد الخميري,Imed Khemiri,,,,,عماد خميري,male,,,,,,,,,,,,إطار سامي بالقطاع الخاص,,,,2014-12-02,2
TNP-00229,إيمان بالطيب,Imen Bettaieb,,,,,ايمان بالطيب,female,,,,,,,,,,,,,,,,2019-11-13,1
TNP-00230,عصام برقوقي,Issam Bargougui,,,,,عصام برقوقي,male,,,,,,,,,,,,,,,,2019-11-13,1
TNP-00231,عياض علاق,Iyadh Allag,,,,,عياض علاق,male,,,,,,,,,,,,,,,,2019-11-13,1
TNP-00232,عياض اللومي,Iyadh Elloumi,,,,,عياض لومي,male,,,,,,,,,,,,,,,,2019-11-13,1
TNP-00233,جلال الزياتي,Jalal Zayati,,,,,جلال زياتي,male,,,,,,,,,,,,,,,,2019-11-13,1
TNP-00234,جمالي بوضوافي,Jamali Boudhouafi,,,,,جمالي بوضوافي,male,,,,,,,,,,,,,,,,2019-11-13,1
TNP-00235,جميلة دبش,Jamila Debbech,,,,,جميله دبش,female,,,,,,,,,,,,إطار بالوظيفة العمومية,,,,2014-12-02,2
TNP-00236,جميلة الجويني,Jamila Jouini,,,,,جميله جويني,female,,,,,,,,,,,,أستاذ تعليم ثانوي,,,,2014-12-02,2
TNP-00237,جوهر المغيربي,Jawher Mghirbi,,,,,جوهر مغيربي,male,,,,,,,,,,,,,,,,2019-11-13,1
TNP-00238,الجديدي السبوعي,Jedidi Sboui,,,,,جديدي سبوعي,male,,,,,,,,,,,,,,,,2019-11-13,1
TNP-00239,كمال العوادي,Kamel Aouadi,,,,,كمال عوادي,male,,,,,,,,,,,,,,,,2019-11-13,1
TNP-00240,كمال الحبيب فراج,Kamel Habib Faraj,,,,,كمال حبيب فراج,male,,,,,,,,,,,,,,,,2019-11-13,1
TNP-00241,كنزة عجالة,Kenza Ajela,,,,,كنزه عجاله,female,,,,,,,,,,,,,,,,2019-11-13,1
TNP-00242,خالد الكريشي,Khaled Krichi,,,,,خالد كريشي,male,,,,,,,,,,,,,,,,2019-11-13,1
TNP-00243,خالد قسومة,Khaled Qsouma,,,,,خالد قسومه,male,,,,,,,,,,,,,,,,2019-11-13,1
TNP-00244,خير الدين الزاهي,Kheireddine Zahi,,,,,خير دين زاهي,male,,,,,,,,,,,,,,,,2019-11-13,1
TNP-00245,لمياء جعيدان,Lamia Jaidane,,,,,لمياء جعيدان,female,,,,,,,,,,,,,,,,2019-11-13,1
TNP-00246,لسعد حجلاوي,Lassaad Hajlaoui,,,,,لسعد حجلاوي,male,,,,,,,,,,,,,,,,2019-11-13,1
TNP-00247,لطيفة الحباشي,Latifa Habachi,,,,,لطيفه حباشي,female,1972-08-13,day,Tunis,TN-11,,,,,,"Amendements sur la constitution Née le 13 aout 1972 à Tunis, elle a effectué ses études secondaires au lycée Omrane Supérieur. Elle a rejoint la faculté de droit de Tunis où elle a obtenu une maitrise en sciences juridiques en 1995 et un diplôme des études approfondies dans la même spécialité en 2000. Elle a ensuite exercé le métier d’avocate. Latifa Habbachi a été active dans la société civile et dans le domaine politique. Elle a adhéré au mouvement de la voie islamique depuis ses premières années d’études universitaires. Elle est actuellement vice-présidente de l’association tunisienne des jeunes avocats.",,محامي,,ولدت لطيفة حباشي في 13/08/1972 بتونس. التحقت بكلية الحقوق حيث تحصلت على الاستاذية في العلوم القانونية سنة 1995 و شهادة الدرسات المعمقة في نفس الاختصاص سنة 2000 وعملت كمحامية فيما بعد. كانت لطيفة ناشطة سياسيا وجمعياتيا فكانت منذ مراحل دراستها الاولى منخرطة مع حركة الاتجاه الاسلامي ومشرفة في مجلس معهد إبن خلدون كما هي حاليا نائبة رئيس الجمعية التونسية للمحامين الشبان.,,2011-11-22,3
TNP-00248,لزهر الشملي,Lazher Chamli,,,,,لزهر شملي,male,,,,,,,,,,,,,,,,2019-11-13,1
TNP-00249,ليلى حداد,Leila Haddad,,,,,ليلي حداد,female,,,,,,,,,,,,,,,,2019-11-13,1
TNP-00250,ليليا بالليل,Lilia Bellil,,,,,ليليا بالليل,female,,,,,,,,,,,,,,,,2019-11-13,1
TNP-00251,لطفي علي,Lotfi Ali,,,,,لطفي علي,male,,,,,,,,,,,,مدير مؤسسة,,,,2014-12-02,2
TNP-00252,لطفي العيادي,Lotfi Ayadi,,,,,لطفي عيادي,male,,,,,,,,,,,,,,,,2019-11-13,1
TNP-00253,المبروك كرشيد,Mabrouk Korchid,,,,,مبروك كرشيد,male,,,,,,,,,,,,,,,,2019-11-13,1
TNP-00254,محبوبة بن ضيف الله,Mahbouba Ben Dhifallah,,,,,محبوبه بن ضيف له,female,,,,,,,,,,,,إطار سامي بالوظيفة العمومية,,,,2014-12-02,2
TNP-00255,ماهر المذيوب,Maher Madhioub,,,,,ماهر مذيوب,male,,,,,,,,,,,,صحافي,,,,2014-12-02,2
TNP-00256,ماهر زيد,Maher Zid,,,,,ماهر زيد,male,,,,,,,,,,,,,,,,2019-11-13,1
TNP-00257,مجدي بوذينة,Majdi Boudhina,,,,,مجدي بوذينه,male,,,,,,,,,,,,,,,,2019-11-13,1
TNP-00258,مجدي الكرباعي,Majdi Kerbai,,,,,مجدي كرباعي,male,,,,,,,,,,,,,,,,2019-11-13,1
TNP-00259,مريم بن بلقاسم,Mariem Ben Belgacem,,,,,مريم بن بلقاسم,female,,,,,,,,,,,,,,,,2019-11-13,1
TNP-00260,مريم اللغماني,Mariem Laghmani,,,,,مريم لغماني,female,,,,,,,,,,,,,,,,2019-11-13,1
TNP-00261,مريم السعيدي,Mariem Saidi,,,,,مريم سعيدي,female,,,,,,,,,,,,,,,,2019-11-13,1
TNP-00262,مروان فلفال,Marouan Falfel,,,,,مروان فلفال,male,,,,,,,,,,,,,,,,2017-12-30,2
TNP-00263,مروى بن تمروت,Marwa Ben Tamrout,,,,,مروي بن تمروت,female,,,,,,,,,,,,,,,,2019-11-13,1
TNP-00264,مهدي بن غربية,Mehdi Ben Gharbia,,,,,مهدي بن غربيه,male,1973-06-19,day,Tunis et originaire de la ville de Bizerte,,,,,,,"Amendements sur la constitution Né le 19 Juin 1973 à Tunis et originaire de la ville de Bizerte, Mehdi Ben Gharbia a effectué ses études primaires à l’école préparatoire des sœurs (1977 - 1979), l’école primaire Jeanne d’Arc (1979 - 1981) et l’école primaire Mohamed V à Alger (1981 – 1986). Il a poursuivi ses études secondaires au lycée Telemli d’Alger (1986 – 1987) et ensuite au lycée 02 Mars 1934 de Bizerte (1987 – 1992) où il a obtenu son baccalauréat – section mathématiques - avec mention en 1992. Il a ensuite intégré la Faculté de Médecine de Tunis (1992 – 1994) mais s’est arrêté en 3ème année suite à son arrestation en 1994 pour affaire politique, condamné à 7 ans et 9 mois de prison pour appartenance à un parti politique non reconnu et libéré en conditionnel en novembre 1999. Il a été détenu respectivement à Borj Erroumi, 9 Avril, Mahdia, Gasserine, Gafsa, Houereb, Régim Maatoug.. Concernant son parcours politique: Il a intégré le mouvement Enahdha en 1987 et a passé 4 ans au sein de son mouvement estudiantin en tant que responsable de l’organisation des élèves d’Enahdha de Bizerte. En 1991, il a cessé toute activité politique suite à l’arrêt d’exercice d’Enahdha et en 1994, précisément le 6 Juillet, il a été arrêté pour appartenance à un parti politique non reconnu, association de malfaiteurs, distribution de tracts et participation à des manifestations non autorisées. Il a été condamné à 7 ans de prison et 5 ans de contrôle administratif. Le 06 Novembre 1999, il a été libéré en conditionnel après 5 ans et 4 mois et a cessé toute activité politique jusqu’à la révolution. Après la révolution, il a été élu en tant que tête de liste PDP à l’Assemblé Nationale Constituante en date du 23 Octobre 2011 et est devenu plus tard membre fondateur du parti politique de l’Alliance Démocratique. Concernant son cursus Professionnel : - 2001 : Reprise la société World Freight Service qui était à un stade embryonnaire et développement de cette société spécialisée dans le frêt aérien - 2004 : Création et développement de la société Flash Tunisie, entreprise cédée en 2009 - 2005 : Création et développement de la société LBG Consulting spécialisée dans l’assistance et le contrôle des expéditions spéciales. - 2006 : Création et développement de la société Platinium Events (agence de voyage de catégorie A) - 2007 : Création et développement de la société Platinium Rent Car - 2009 : Création et développement de la société Chronofret - 2010 : Création de la société civile immobilière Ben Gharbia (chantier entamé en 2011 et achevé en septembre 2012) - Président du Club Athlétique Bizertin, élu démocratiquement en mars 2011 - Vice Président de la chambre des transitaires à l’Union Tunisienne de l’Industrie, du Commerce et de l’Artisanat (UTICA)",,مدير مؤسسة,,"اصيل ولاية بنزرت, ولد مهدي بن غربية يوم 19 جوان 1973 بتونس. درس المرحلة الابتدائية و الثانوية بين تونس و الجزائر و تحصل على الباكالوريا في الرياضيات بملاحظة حسن من معهد 2 مارس ببنزرت سنة 1992. التحق بكلية الطب بتونس و لكن مشواره فيها انتهى سنة 1994 بعد ان تم ايقافه لأسباب سياسية و حكم عليه بالسجن لمدة 7 سنوات بالإضافة الى 5 سنوات من الرقابة الادارية و ذلك بسبب الانتماء لحزب سياسي غير مرخّص له. تم اطلاق سراحه بصفة مشروطة في نوفمبر1999. انضم الى حركة النهضة منذ سنة 1987 و عمل من خلال تنظيم طلابي كمسؤول على التنظيم لطلبة حركة النهضة ببنزرت. ثم أنهى العمل السياسي سنة 1991 بتوقف نشاط الحزب. لكن رغم ذلك تم ايقافه و سجنه سنة 1994 بسبب الانتماء لهذه الحركة. تم اطلاق سراحه بعد 5 سنوات و 4 أشهر من السجن سنة 1999 و لم يمارس أي نشاط سياسي الى غاية اندلاع الثورة التونسية. بعد تنظيم أول انتخابات ديمقراطية على اثر اندلاع الثورة تم انتخابه كعضو في المجلس الوطني التأسيسي بعد ترشحه على رئاسة قائمة الحزب الديمقراطي التقدمي بولاية بنزرت. انشق بعد فترة عن هذا الحزب و كان من بين الأعضاء المؤسسين للتحالف الديمقراطي. فيما يخص مسيرته المهنية فقد عمل بالأساس في مجال الشحن الجوي حيث أسس العديد من الشركات التي تختص في هذا المجال كما أسس شركات تختص في كراء السيارات و وكالة أسفار بالإضافة الى مشروع متعلق بالبعث العقاري. تم انتخابه في مارس 2011 كرئيس للنادي الرياضي البنزرتي بصفة ديمقراطية كما تم انتخابه كذلك كنائب رئيس للغرفة التجارية المتعلقة بعملاء الشحن التابعة للاتحاد التونسي للصناعة و التجارة و الصناعات التقليدية.",,2011-11-22,3
TNP-00265,مكي زغدود,Mekki Zaghdoud,,,,,مكي زغدود,male,,,,,,,,,,,,,,,,2019-11-13,1
TNP-00266,ميلاد بن الدالي,Miled Ben Dali,,,,,ميلاد بن دالي,male,,,,,,,,,,,,,,,,2019-11-13,1
TNP-00267,معز بلحاج رحومة,Moez Belhaj Rhouma,,,,,معز بلحاج رحومه,male,1966-03-09,day,Hammam Laghzaz du,TN-21,,,,,,"Amendements sur la constitution Né le 09 mars 1966 à Hammam Laghzaz du gouvernorat de Nabeul, il a effectué ses études primaires à l’école Hammam Laghzaz, a entamé son parcours secondaire à Kelibia, puis dans un second temps au lycée technique de Menzel Temime, où il a obtenu son baccalauréat en Technique/Mathématiques en 1986. Il a par la suite intégré la faculté des sciences de Tunis où il a obtenu une maîtrise en physiques chimie. Il faisait partie de la section jeunes du mouvement islamique, a été arrêté une première fois en 1987 et a bénéficié de la grâce présidentielle, puis une seconde fois en 1992 et il a passé 9 mois de prison. Après sa sortie de prison, il a continué ses études, mais a intégré le domaine économique, en travaillant dans le secteur du textile, et il est devenu directeur de sociétés économiques, faisant travailler plus de 1000 employés dans des secteurs économiques divers.",,,,من مواليد 09 مارس 1966 بحمّام الغزاز ولاية نابل، زاول تعليمه الإبتدائي بمدرسة حمّام الغزاز وتعليمه الثّانوي في قليبية في المرحلة الأولى، ثمّ في المرحلة الثّانية في المعهد الفنّي منزل تميم. تحصّل على باكالوريا تقنية/رياضيّات في سنة 1986 ثمّ زاول تعليمه في كليّة العلوم بتونس في اختصاص الفيزياء و الكيمياء أين تحصّل على الأستاذيّة. كان بالعمل التّلمذي لحركة الإتّجاه الإسلامي وتم إيقافه سنة 1987. أطلق سراحه مع العفو التّشريعي العامّ إثر وصول بن علي للحكم وتم إيقافه مجددا سنة 1992 في الجامعة في سنته الثّالثة وقضّى 9 أشهر في السجن. عند خروجه من السّجن واصل دراسته لكنّه دخل المجال الإقتصادي، أين اشتغل في قطاع النّسيج و أصبح مدير مؤسّسات اقتصاديّة إذ يشغّل حوالي ألف موظّف في عدّة قطاعات اقتصاديّة.,,2011-11-22,3
TNP-00268,محمد العفاس,Mohamed Affas,,,,,محمد عفاس,male,,,,,,,,,,,,,,,,2019-11-13,1
TNP-00269,محمد أحمد الدلهومي,Mohamed Ahmed Dalhoumi,,,,,محمد احمد دلهومي,male,,,,,,,,,,,,,,,,2019-11-13,1
TNP-00270,محمد عمار,Mohamed Ammar,,,,,محمد عمار,male,,,,,,,,,,,,,,,,2019-11-13,1
TNP-00271,محمد بونني,Mohamed Bouneni,,,,,محمد بونني,male,,,,,,,,,,,,,,,,2019-11-13,1
TNP-00272,محمد ضياء الدين بن عمر,Mohamed Dhiaa Ben Omar,,,,,محمد ضياء دين بن عمر,male,,,,,,,,,,,,,,,,2019-11-13,1
TNP-00273,محمد الفاتح الخليفي,Mohamed Fateh Khlifi,,,,,محمد فاتح خليفي,male,,,,,,,,,,,,,,,,2019-11-13,1
TNP-00274,محمد القوماني,Mohamed Goumani,,,,,محمد قوماني,male,,,,,,,,,,,,,,,,2019-11-13,1
TNP-00275,محمد الحصايري,Mohamed Hsairi,,,,,محمد حصايري,male,,,,,,,,,,,,,,,,2019-11-13,1
TNP-00276,محمد كمال حمزاوي,Mohamed Kamel Hamzaoui,,,,,محمد كمال حمزاوي,male,,,,,,,,,,,,مدير مؤسسة,,,,2014-12-02,2
TNP-00277,محمد كريم كريفة,Mohamed Karim Krifa,,,,,محمد كريم كريفه,male,1973-05-23,day,,,,,marié,,,"Amendements sur la constitution Né le 23 Mai 1973, il a effectué ses études secondaires au lycée Technique Othman Chatti à Msaken. Il a poursuivi ses études supérieures à l’INEPS Ksar Said où il a obtenu sa maitrise en gestion et organisation administrative du Sport. Il a ensuite obtenu un DEA en Droit Public Fondamental à la Faculté de Sousse et a aussi étudié à la Faculté de Droit – Panthéon Sorbonne. Il est marié et exerce le métier d’avocat.",,,,ولد محمد كريم كريفة في 23 ماي 1973 بمساكن وزوال تعليمه الثانوي بمعهد عثمان الشطي التقني بمساكن كذلك أما بالنسبة للتعليم العالي فقد إلتحق بالمعهد العالي للرياضة والتربية البدنية بقصر السعيد حيث تحصل على الماجستير في الإدارة والتنظيم الإداري للرياضة. ولكنه ابتعد عن الرياضة ليدرس القانون بكلية الحقوق - جامعة السوربون بانتيون حيث تحصل على شهادة الدراسات المعمقة في القانون العام الأساسي.,,2011-11-22,2
TNP-00278,محمد لزهر الرمة,Mohamed Lazher Rama,,,,,محمد لزهر رمه,male,,,,,,,,,,,,,,,,2019-11-13,1
TNP-00279,محمد مراد الحمزاوي,Mohamed Mourad Hamzaoui,,,,,محمد مراد حمزاوي,male,,,,,,,,,,,,,,,,2019-11-13,1
TNP-00280,محمد الناصر بوسن,Mohamed Naceur Bousen,,,,,محمد ناصر بوسن,male,,,,,,,,,,,,,,,,2019-11-13,1
TNP-00281,محمد الصادق قحبيش,Mohamed Sadok Kahbich,,,,,محمد صادق قحبيش,male,,,,,,,,,,,,,,,,2019-11-13,1
TNP-00282,محمد صالح اللطيفي,Mohamed Saleh Ltifi,,,,,محمد صالح لطيفي,male,,,,,,,,,,,,,,,,2019-11-13,1
TNP-00283,محمد السخيري,Mohamed Skhiri,,,,,محمد سخيري,male,,,,,,,,,,,,,,,,2019-11-13,1
TNP-00284,محمد الزعبي,Mohamed Zaabi,,,,,محمد زعبي,male,,,,,,,,,,,,,,,,2019-11-13,1
TNP-00285,محمد زريق,Mohamed Zrig,,,,,محمد زريق,male,,,,,,,marié,4,,"Amendements sur la constitution Octobre 1978 : Entrée à l’université Novembre 1981 : Rejoint le complexe industriel de Gabès en tant que chef de département au sein de la société arabe des engrais phosphatés et azotés Avril 1991 : Poursuite sécuritaire, il quitte son travail et disparait Mars 1992 : Jugement par contumace et condamnation à 21 ans et demi de prison Octobre 1992 : Arrivée à Montréal, Canada pour s’y installer Il a exercé ses activités politiques, syndicales et culturelles au sein de l’université dans le cadre de la tendance islamique Membre du bureau politique à la faculté des sciences Secrétaire Générale du syndicat principal de la société arabe des engrais phosphatés et azotés à Gabès 1984 – 1991 Membre de la section universitaire du complexe chimique de Gabès A participé en tant que membre au congrès de l’UGTT en 1988 Militantisme et activité politique au Canada : Secrétaire Générale de l’association des droits de l’Homme au Magreb Arabe qui a contribué à la présentation de l’affaire tunisienne, à la dénonciation du régime répressif et à servir la cause des prisonniers politiques Président de l’association Al-Rissala qui est une association socioculturelle tunisienne fondée en 1996 Membre de la coalition des associations arabe et musulmanes pour la défense des droits politiques et sociales de la communauté arabe et musulmane et pour la lutte contre l’islamophobie Membre co-fondateur de l’Organisation internationale des exilés tunisiens qui a été fondée en Juin 2009 à Genève et membre de son bureau exécutif Membre de la coalition des tunisiens au Canada qui a été la voix de la révolution tunisienne au Canada et qui a organisé des activités à l'appui de la révolution tunisienne au Canada Activités civiles et politiques à Gabès : Actif au sein de la société civile dans les domaines du développement et de l’environnement Membre de la commission nationale chargée d’approfondir l’examen du projet d’établissement d’une faculté de Médecine à Gabès. Membre dirigeant au sein du mouvement Ennahdha Membre de l’assemblée nationale constituante pour représenter les tunisiens et tunisiennes sur la circonscription des deux Amériques et reste de l’Europe. Il a rejoint l'Assemblée Nationale Constituante le 27 Décembre 2013 en remplaçant Ferdaous Oueslati qui avait démissionné de son poste pour des raisons de santé. Marié et père de 4 enfants (un garçon et 3 filles) 2 ans de physique – chimie à la faculté des sciences de Tunis",,إطار بالقطاع الخاص,,نوفمبر 1981 الإلتحاق بالمركب الصناعي بقابس كرئيس قسم بالشركة العربية للأسمدة الفوسفاطية والآزوتية أفريل 1991 الملاحقة الأمنية وترك الشغل والدخول في حالة الإختفاء مارس 1992 محاكمة غيابية والحكم بـ 21 سنة ونصف سجن أكتوبر 1992 الوصول والإستقرار في مونتريال كندا انخرط في النشاط السياسي والنقابي والثقافي في الجامعة في إطار الإتجاه الإسلامي في الجامعة عضو في المكتب السياسي في كلية العلوم كاتب عام النقابة الأساسية في الشركة العربية للأسمدة الفوسفاطية والآزوتية بقابس 1984 – 1991 عضو الفرع الجامعي للمركب الكيمياوي بقابس شارك كعضو في مؤتمر الإتحاد العام التونسي للشغل 1988 النشاط الحقوقي والسياسي في كندا : كاتب عام جمعية حقوق الإنسان في المغرب العربي التي ساهمت في التعريف بقضية تونس وفضح النظام القمعي وخدمة قضية المساجين السياسيين، وقد استقدمت الجمعية العديد من الشخصيات الحقوقية والسياسية التونسية رئيس جمعية الرسالة وهي جمعية ثقافية إجتماعية تونسية تأسست سنة 1996 عضو في ائتلاف جمعيات عربية وإسلامية قام للدفاع عن حقوق الجالية العربية والإسلامية السياسية والإجتماعية ولمكافحة الإسلاموفوبيا من الأعضاء المؤسسين للجمعية الدولية للمهجرين التونسيين التي تأسست في جوان 2009 بجنيف وعضو هيئتها الإدارية عضو في ائتلاف التونسيين في كندا الذي كان صوت الثورة التونسية في كندا والذي نظم جل فعاليات نصرة الثورة التونسية في كندا النشاط المدني والسياسي في قابس : ناشط في المجتمع المدني في مجالي التنمية والبيئة عضو اللجنة الوطنية المكلفة بتعميق النظر في بعث كلية طب في قابس عضو المجلس الوطني التأسيسي عن التونسيين والتونسيات في القارة الأمريكية وبقية أوروبا التحق بالمجلس الوطني التأسيسي يوم 27 ديسمبر 2013 تعويضا للنائبة فردوس الوسلاتي التي استقالت من منصبها لأسباب صحية. سنتين فيزياء وكيمياء في كلية العلوم بتونس,,2011-11-22,3
TNP-00286,محسن العرفاوي,Mohsen Arfaoui,,,,,محسن عرفاوي,male,,,,,,,,,,,,,,,,2019-11-13,1
TNP-00287,منصف بوغطاس,Moncef Boughattas,,,,,منصف بوغطاس,male,,,,,,,,,,,,,,,,2019-11-13,1
TNP-00288,منذر بن عطية,Mondher Ben Attia,,,,,منذر بن عطيه,male,,,,,,,,,,,,,,,,2019-11-13,1
TNP-00289,منجي الرحوي,Mongi Rahoui,,,,,منجي رحوي,male,1982-01-01,year,,,,,,,,"Amendements sur la constitution Né à Ghar Dimaou (gouvernorat de Jendouba) le 13 Juin 1964, il a fait ses études primaires et secondaires entre les villes de Tunis et de Jendouba. Mongi Rahoui a ensuite poursuivi ses études universitaires en France, au sein de l’école supérieure du commerce et de comptabilité (université de Marseille) où il a obtenu une maitrise en gestion et comptabilité. Il a ensuite continué ses études universitaires à Paris où il a obtenu un diplôme des études supérieures en techniques comptables au sein de l’ I.N.T.E.C (Institut National des Techniques Economiques et Comptables) de Paris. Il a aussi décroché un mastère spécialisé en ingénierie financière à l’école supérieure de commerce de Tunis. MongiRahoui a travaillé à la Banque Nationale Agricole. Il a été un militant syndical. Il a aussi été actif dans le domaine politique :il a rejoint le (MDS) mouvement desdémocrates socialistes. Il a été ensuite emprisonné en 1982 pour incitation au désordre. Rahoui a rejoint le Mouvement des patriotes démocrates depuis Mars 2011. Parti qu’il représente à l’assemblée nationale constituante. Il est par ailleurs le seul député du Mouvement des patriotes démocrates, parti dirigé par feu Chokri Belaid. Mongi Rahoui a pris part en 2012 et 2013 à de nombreuses polémiques contre le président de la République, le gouvernement et Ennahdha : a remis, par exemple, en cause le 07.02.2013 la légitimité de l'Assemblée nationale constituante et critiqué le Mouvement Ennahdha pour son absence de prise de position (2013). Personnage très médiatisé (2013).",,إطار سامي بالقطاع البنكي,,ولد منجي الرحوي في 13/06/1964 في مدينة غار دماء بولاية جندوبة وتراوحت مرحلة دراسته في الابتدائية بين تونس العاصمة وولاية جندوبة إذ درس بالمدرسة الابتدية بالحفصية ومدرسة الشهداء بجندوبة وكذلك كانت المرحلة الثانوية من دراسته فدرس بالمعهد الثانوي بجندوبة ومعهد 9 أفريل بتونس. إنتقل منجي الرحوي الى فرنسا ليتابع دراسته بالمدرسة العليا للتجارة والمحاسبة بأكاديمية مرسيليا حيث تحصل على الاستاذية في التصرف والمحاسبة ومن بعدها تحصل على شهادة في الدراسات المالية وتحصل كذلك على شهادة الدراسات العليا من معهد تقنيات البنوك بباريس. خلال فترة دراسته بباريس تحصل منجي الرحوي على الماجستير المختصة في المالية وتحصل في نفس الفترة على شهادة الدراسات العليا من المعهد الوطني لتقنيات الاقتصاد والمحاسبة بباريس والشهادة العليا للمحاسبة والتصرف بمرسيليا. عمل منجي الرحوي كموظف بالبنك الوطني للفلاحة وكان ناشط في المجال النقابي والسياسي إذ انضم إلى الوطنيين الديمقراطيين وقد تعرض للسجن سنة 1982 بتهمة التحريض على الفوضى. انضم إلى حركة الوطنيون الديمقراطيون منذ مارس 2011 وهو النائب الوحيد عن الحركة داخل المجلس الوطني التأسيسي. لقد كان بين 2012 و2013 موضوع جدل إثر العديد من مداخلاته إن كان ذلك ضد رئيس الجمهورية أو الحكومة أو حركة النهضة. شكك في شرعية المجلس في 07 فيفري 2013 وانتقد حركة النهضة لعدم تعبيرها عن موقفها.,,2011-11-22,3
TNP-00290,منجيّة البوغانمي,Monjia Boughanmi,,,,,منجيه بوغانمي,female,,,,,,,,,,,,,,,,2019-11-13,1
TNP-00291,معاذ بن ضياف,Mouadh Ben Dhiaf,,,,,معاذ بن ضياف,male,,,,,,,,,,,,,,,,2019-11-13,1
TNP-00292,منير بلطي حمدي,Mounir Balti Hamdi,,,,,منير بلطي حمدي,male,,,,,,,,,,,,,,,,2019-11-13,1
TNP-00293,منيرة العياري,Mounira Ayari,,,,,منيره عياري,female,,,,,,,,,,,,,,,,2019-11-13,1
TNP-00294,موسى بن أحمد,Moussa Ben Ahmed,,,,,موسي بن احمد,male,,,,,,,,,,,,,,,,2019-11-13,1
TNP-00295,مصطفى بن أحمد,Mustapha Ben Ahmed,,,,,مصطفي بن احمد,male,,,,,,,,,,,,موظف عمومي,,,,2014-12-02,2
TNP-00296,مصطفى الغربي,Mustapha Gharbi,,,,,مصطفي غربي,male,,,,,,,,,,,,,,,,2019-11-13,1
TNP-00297,نبيل حجي,Nabil Hajji,,,,,نبيل حجي,male,,,,,,,,,,,,مهندس,,,,2019-11-13,1
TNP-00298,نعيمة المنصوري,Naima Mansouri,,,,,نعيمه منصوري,female,,,,,,,,,,,,,,,,2019-11-13,1
TNP-00299,نوفل الجمالي,Naoufel Jammali,,,,,نوفل جمالي,male,,,,,,,,,,,,أستاذ جامعي,,,,2014-12-02,2
TNP-00300,ناجي الجراحي,Neji Jarahi,,,,,ناجي جراحي,male,,,,,,,,,,,,,,,,2019-11-13,1
TNP-00301,ناجي الجمل,Neji Jmal,,,,,ناجي جمل,male,1966-05-21,day,Sousse et avait effectué ses études entre le collège de Msaken et le lycée Mohamed Aroui en,,,,,,,"Amendements sur la constitution Neji Jmal est né le 21 Mai 1966 à Sousse et avait effectué ses études entre le collège de Msaken et le lycée Mohamed Aroui en 1986. Il est ensuite parti en France où il a obtenu son baccalauréat à Toulon en 1988. Il a effectué ses études supérieures à l'Université Lumières de Lyon où il a obtenu sa maitrise en civilisation et puis son doctorat en histoire. A Lyon, il était directeur d’établissement scolaire privé. il vit actuellement à Denden (Tunis) mais sa femme et ses enfants vivent à Lyon.",,موظف بالقطاع الخاص,,ولد ناجي جمل في 21 ماي 1966 بولاية سوسة حيث درس بالمدرسة الإعدادية بمساكن ثم بمعهد محمد العروي سنة 1986 لكنه إنتقل إلى فرنسا وتحصل على البكالوريا سنة 1988 بتولون في فرنسا. درس بجامعة الأنوار بليون حيث تحصل على الاستاذية في الحضارة ثم شهادة الدكتوراه في التاريخ. يقطن بالدندان (تونس) في حين ظلت زوجته وابناؤه بمدينة ليون بفرنسا.,,2011-11-22,3
TNP-00302,نجم الدين بن سالم,Nejmeddine Ben Salem,,,,,نجم دين بن سالم,male,,,,,,,,,,,,,,,,2019-11-13,1
TNP-00303,نسرين العماري,Nesrine Laamari,,,,,نسرين عماري,female,,,,,,,,,,,,,,,,2018-10-12,2
TNP-00304,نضال سعودي,Nidhal Saoudi,,,,,نضال سعودي,male,,,,,,,,,,,,,,,,2019-11-13,1
TNP-00305,نعمان العش,Noomane El Euch,,,,,نعمان عش,male,,,,,,,,,,,,مدير مؤسسة,,,,2014-12-02,2
TNP-00306,نهى عيساوي,Nouha Aissaoui,,,,,نهي عيساوي,female,,,,,,,,,,,,,,,,2019-11-13,1
TNP-00307,نهى الجلابي,Nouha Jallabi,,,,,نهي جلابي,female,,,,,,,,,,,,,,,,2019-11-13,1
TNP-00308,نور الدين العرباوي,Noureddine Arbaoui,,,,,نور دين عرباوي,male,,,,,,,,,,,,,,,,2019-11-13,1
TNP-00309,نور الدين البحيري,Noureddine Bhiri,,,,,نور دين بحيري,male,,,,,,,,,,,,محامي,,,,2014-12-02,2
TNP-00310,نسيبة بن علي,Noussaiba Ben Ali,,,,,نسيبه بن علي,female,,,,,,,,,,,,,,,,2019-11-13,1
TNP-00311,ألفة التراس,Olfa Terras,,,,,فه تراس,female,,,,,,,,,,,,,,,,2019-11-13,1
TNP-00312,عمر الغريبي,Omar Ghribi,,,,,عمر غريبي,male,,,,,,,,,,,,,,,,2019-11-13,1
TNP-00313,أسامة الخليفي,Oussama Khlifi,,,,,اسامه خليفي,male,,,,,,,,,,,,,,,,2019-11-13,1
TNP-00314,أسامة علية الصغير,Oussama Sghaier,,,,,اسامه عليه صغير,male,,,,,,,,,,,,ممثل جمعياتي,,,,2019-11-13,1
TNP-00315,رباب بن لطيف,Rabeb Ben Letaief,,,,,رباب بن لطيف,female,,,,,,,,,,,,,,,,2019-11-13,1
TNP-00316,راشد الغنوشي,Rached Ghannouchi,,,,,راشد غنوشي,male,,,,,,,,,,,,,,,,2019-11-13,1
TNP-00317,راشد الخياري,Rached Khiari,,,,,راشد خياري,male,,,,,,,,,,,,,,,,2019-11-13,1
TNP-00318,رفيق عمارة,Rafik Amara,,,,,رفيق عماره,male,,,,,,,,,,,,,,,,2019-11-13,1
TNP-00319,رضا شرف الدين,Ridha Charfeddine,,,,,رضا شرف دين,male,,,,,,,,,,,,مدير مؤسسة,,,,2014-12-02,2
TNP-00320,رضا الجوادي,Ridha Jaouadi,,,,,رضا جوادي,male,,,,,,,,,,,,,,,,2019-11-13,1
TNP-00321,رضا الزغمي,Ridha Zaghmi,,,,,رضا زغمي,male,,,,,,,,,,,,,,,,2019-11-13,1
TNP-00322,صفاء الغريبي,Safa Ghribi,,,,,صفاء غريبي,female,,,,,,,,,,,,,,,,2019-11-13,1
TNP-00323,الصافي سعيد,Safi Said,,,,,صافي سعيد,male,,,,,,,,,,,,,,,,2019-11-13,1
TNP-00324,الصحبي عتيق,Sahbi Atig,,,,,صحبي عتيق,male,,,,,,,marié,,,"Amendements sur la constitution Né le 14/8/1959, il a passé son enfance entre Matmata, Tunis et Gabès pour suivre son père qui est boulanger et qui, s’il n’est pas politisé, est très pieux et lui enseignera les valeurs de l’islam. Après un bac scientifique et technologique, il intègre la faculté de mathématiques et de sciences de Tunis puis effectue une licence de théologie à l’université de la Zeitouna en 1985. Son DEA portera sur l’œuvre de Mohamed Tahar Ben Achour. Il s’engage d’abord auprès du mouvement Jamaat Islamiyya au lycée, en 1975, puis auprès de Itijah islamiyya, du MTI et enfin du mouvement Ennahdha. Il est emprisonné une première fois un an en 1987 et fait partie des bénéficiaires de l’amnistie générale du 7 novembre 1987. Il s’est marié et a trois enfants (la fille est militante du mouvement Ennahdha mais ses fils ne sont pas politisés). Il sera à nouveau emprisonné pour 16 ans entre 1991 et 2007 : pendant 7 ans il sera totalement isolé puis mis en détention avec des prisonniers de droit commun ou d’autres militants islamistes.",,باحث جامعي,,ولد الصحبي عتيق في 1959/08/14 وأمضى طفولته متنقلا بين مطماطة وتونس وقابس متبعا والده. نشأ الصحبي عتيق في عائلة غير مسيسة ولكن تقية جدا حيث تعلم قيم الإسلام. بعد حصوله على شهادة البكالوريا في العلوم والتكنولوجيا،انضم الى كلية الرياضيات والعلوم في تونس ثم إنتقل إلى جامعة الزيتونة في عام 1985 حيث تحصل على الاجازة في تيولوجية ثم على شهادة الدراسات المعمقة في التركيز على أعمال محمد الطاهر بن عاشور . إنضم بداية الى الحركة الإسلامية عند دراسته بالمعهد الثانوي في 1975، ثم إنضم إلى حركة الإتجاه الإسلامي، وأخيرا النهضة. تم سجنه للمرة الاولى في سنة 1987 ويعد واحدا من المستفيدين من العفو العام لـ7 نوفمبر 1987. تم سجنه مجدد لمدة 16 سنة بين عامي 1991 و 2007، 7 سنوات منها قضاها في السجن الانفرادي و البقية مع المجرمين العاديين أو غيرها من المتشددين الاسلاميين. متزوج ولديه ثلاثة أبناء وابنته ناشطة في حركة النهضة على عكس اخوتها الذين لا ينتمون إلى أي تيار حزبي.,,2011-11-22,3
TNP-00325,الصحبي صمارة,Sahbi Smara,,,,,صحبي صماره,male,,,,,,,,,,,,,,,,2019-11-13,1
TNP-00326,سعيد الجزيري,Said Jaziri,,,,,سعيد جزيري,male,,,,,,,,,,,,,,,,2019-11-13,1
TNP-00327,سالم قطاطة,Salem Ketata,,,,,سالم قطاطه,male,,,,,,,,,,,,,,,,2019-11-13,1
TNP-00328,سالم لبيض,Salem Labiadh,,,,,سالم لبيض,male,,,,,,,,,,,,أستاذ جامعي,,,,2014-12-02,2
TNP-00329,سلمى معالج,Salma Maalej,,,,,سلمي معالج,female,,,,,,,,,,,,,,,,2019-11-13,1
TNP-00330,سلوى بن عيشة,Salwa Ben Aicha,,,,,سلوي بن عيشه,female,,,,,,,,,,,,,,,,2019-11-13,1
TNP-00331,سماح دمق,Sameh Dammak,,,,,سماح دمق,female,,,,,,,,,,,,مدير مؤسسة,,,,2014-12-02,2
TNP-00332,سامية عبو,Samia Abbou,,,,,ساميه عبو,female,1965-11-03,day,Tebourba,,,,,,ar,"Amendements sur la constitution Née le 03 Novembre 1965 à Tebourba, elle a fait ses études primaires et secondaires à Tebourba pour ensuite intégrer la Faculté de Droit de Tunis jusqu’à y obtenir son Diplôme d’Etudes Approfondies (DEA) en 2010. Elle compte parmi les membres fondateurs du Conseil National pour les Libertés en Tunisie et a rejoint le parti du Congrès Pour la République en 2006. Elle maitrise la langue arabe et française.",,محامي,,ولدت في 03 نوفمبر 1965 بطبربة. زاولت تعليمها الإبتدائي و الثانوي بطبربة لتلتحق بعد ذلك كلية القانون بتونس إلى أن تحصلت على شهادة الدراسات المعمقة سنة 2010. هي من بين الأعضاء المؤسسين للمجلس الوطني للحريات في تونس، وانضمت إلى حزب المؤتمر من أجل الجمهورية في عام 2006. متزوجة بمحمد عبو. تتقن العربية و الفرنسية.,,2011-11-22,3
TNP-00333,سمير ديلو,Samir Dilou,,,,,سمير ديلو,male,,,,,,,,,,,,محامي,,,,2014-12-02,2
TNP-00334,سميرة بعيزيق,Samira Bizig,,,,,سميره بعيزيق,female,,,,,,,,,,,,,,,,2019-11-13,1
TNP-00335,سميرة الشواشي,Samira Chaouachi,,,,,سميره شواشي,female,,,,,,,,,,,,,,,,2019-11-13,1
TNP-00336,سميرة حميدة,Samira Hmida,,,,,سميره حميده,female,,,,,,,,,,,,,,,,2019-11-13,1
TNP-00337,سميرة السايحي,Samira Sayhi,,,,,سميره سايحي,female,,,,,,,,,,,,,,,,2019-11-13,1
TNP-00338,سميرة سميعي,Samira Smii,,,,,سميره سميعي,female,,,,,,,,,,,,,,,,2019-11-13,1
TNP-00339,السيد فرجاني,Sayed Ferjani,,,,,سيد فرجاني,male,,,,,,,,,,,,,,,,2019-11-13,1
TNP-00340,السيدة الونيسي,Sayida Ounissi,,,,,سيده ونيسي,female,,,,,,,,,,,,باحث جامعي,,,,2014-12-02,2
TNP-00341,سيف الدين المرغني,Seifeddine Mergheni,,,,,سيف دين مرغني,male,,,,,,,,,,,,,,,,2019-11-13,1
TNP-00342,سيف الدين مخلوف,Seifedine Makhlouf,,,,,سيف دين مخلوف,male,,,,,,,,,,,,محامي,,,,2019-11-13,1
TNP-00343,سهام الشريقي,Sihem Chrigui,,,,,سهام شريقي,female,,,,,,,,,,,,,,,,2019-11-13,1
TNP-00344,سفيان المخلوفي,Sofien Makhloufi,,,,,سفيان مخلوفي,male,,,,,,,,,,,,,,,,2019-11-13,1
TNP-00345,سفيان طوبال,Sofien Toubel,,,,,سفيان طوبال,male,,,,,,,,,,,,أستاذ تعليم ثانوي,,,,2014-12-02,2
TNP-00346,سنية الخشين,Sonia Lekhchine,,,,,سنيه خشين,female,,,,,,,,,,,,,,,,2019-11-13,1
TNP-00347,صهيب الوذان,Souhaib Ouadhan,,,,,صهيب وذان,male,,,,,,,,,,,,,,,,2019-11-13,1
TNP-00348,سهير العسكري,Souhir Askri,,,,,سهير عسكري,female,,,,,,,,,,,,,,,,2019-11-13,1
TNP-00349,طارق براهمي,Tarek Brahmi,,,,,طارق براهمي,male,,,,,,,,,,,,,,,,2019-11-13,1
TNP-00350,طارق فتيتي,Tarek Fetiti,,,,,طارق فتيتي,male,,,,,,,,,,,,إطار سامي بالوظيفة العمومية,,,,2014-12-02,2
TNP-00351,توفيق الزايري,Tawfik Zairi,,,,,توفيق زايري,male,,,,,,,,,,,,,,,,2019-11-13,1
TNP-00352,ثامر سعد,Thameur Saad,,,,,ثامر سعد,male,,,,,,,,,,,,,,,,2019-11-13,1
TNP-00353,التومي الحمروني,Toumi Hamrouni,,,,,تومي حمروني,male,,,,,,,,,,,,,,,,2019-11-13,1
TNP-00354,وفاء عطية,Wafa Attia,,,,,وفاء عطيه,female,,,,,,,,,,,,,,,,2015-03-06,2
TNP-00355,وليد الجلاد,Walid Jalled,,,,,وليد جلاد,male,,,,,,,,,,,,موظف بالقطاع الخاص,,,,2014-12-02,2
TNP-00356,وسام الشعري,Wissem Chaari,,,,,وسام شعري,male,,,,,,,,,,,,,,,,2019-11-13,1
TNP-00357,يمينة الزغلامي,Yamina Zoghlami,,,,,يمينه زغلامي,female,1970-02-28,day,Tunis,TN-11,,,,3,,"Amendements sur la constitution Née le 28 février 1970 à Tunis, elle a effectué ses études primaires à Essomran, cité Ezzouhour, puis ses études secondaires au lycée rue du Pacha, avant d’être renvoyée en 5 année secondaire pour le port du voile. Elle a continué ses études au sein d’un institut privé et a obtenu son baccalauréat section Lettres. Elle a poursuivi ses études universitaires en histoire à la faculté des lettres et des sciences humaines de Tunis 9 avril, a obtenu sa maitrise en histoire, puis a obtenu son diplôme d’études approfondies en histoire contemporaine. Elle est mère de trois enfants et n’était pas active politiquement avant la révolution mais était active au sein d’Ennahdha depuis 1985 jusqu’à sa dissolution au début des années 1990.",,أستاذ تعليم ثانوي,,من مواليد 28 فيفري 1970 بباب الخضراء، زاولت تعليمها الإبتدائي بالسّمران في حي الزّهور ثمّ معهد نهج الباشا أين طردت في السّنة الخامسة للباسها الحجاب. واصلت البكالوريا في معهد خاص و تحصّلت على باكالوريا آداب. درست التّاريخ بكليّة الآداب والعلوم الإنسانيّة 9 أفريل و تحصّلت على أستاذيّة في التّاريخ ثمّ شهادة في الدّراسات المعمّقة في التّاريخ الحديث. أمّ لثلاثة أطفال ولم تكن ناشطة سياسيّة قبل الثّورة لكن كانت ناشطة في حركة النّهضة من 1985 تقريبا إلى حين حلّها في التّسعينات.,,2011-11-22,3
TNP-00358,ياسين العياري,Yassine Ayari,,,,,ياسين عياري,male,,,,,,,,,,,,,,,,2018-10-12,2
TNP-00359,يسري الدالي,Yosri Dali,,,,,يسري دالي,male,,,,,,,,,,,,,,,,2019-11-13,1
TNP-00360,زينب السفاري,Zaineb Safari,,,,,زينب سفاري,female,,,,,,,,,,,,,,,,2019-11-13,1
TNP-00361,زينب براهمي,Zeineb Brahmi,,,,,زينب براهمي,female,,,,,,,,,,,,محامي,,,,2014-12-02,2
TNP-00362,زياد الغناي,Zied Ghanney,,,,,زياد غناي,male,,,,,,,,,,,,,,,,2019-11-13,1
TNP-00363,زياد الهاشمي,Zied Hechmi,,,,,زياد هاشمي,male,,,,,,,,,,,,,,,,2019-11-13,1
TNP-00364,زياد العذاري,Zied Laadhari,,,,,زياد عذاري,male,1975-03-30,day,Sousse,TN-51,,,marié,,fr;en,"Amendements sur la constitution Zied Ladhari est avocat (Tunis & Paris) et Expert juridique International. Né le 30 mars 1975 à Sousse, il est marié et père d’un enfant. Après des études primaires à l’école primaire « la Gare » à M’saken, où il réussit brillamment l’examen du fin de cycle primaire, il renonce à intégrer le Lycée Pilote de Tunis où il fut admis, pour poursuivre ses études au Lycée Mixte de M’saken. Il s’engage très jeune dans les activités associatives et militantes ce qui lui vaut d’être arrêtéet condamné à l’âge de seize ans et renvoyé du Lycée public. Il poursuit alors ses études dans un lycée privé à M’saken. Après avoir obtenu un baccalauréat section lettres avec mention très bien (classé premier au niveau national et seul candidat à avoir obtenu cette mention dans cette section, mais privé du prix présidentiel en raison de son arrestation et de sa condamnation en 1992), il étudie le droit à la Faculté des sciences juridiques et politiques de Tunis où il obtient une maîtrise en droit complétée ensuite par un diplôme de troisième cycle en droit privé. En parallèle avec ses études de droit, il a commencé des cours de soir en Economie et en Finance à l’Institut des Hautes Etudes Commerciales (HEC) à Tunis. Le 6 décembre 2000, il obtient son passeport, après neuf ans d’interdiction de voyager et de contrôle administratif, et part le 9 décembre 2000 poursuivre ses études en France. A Paris, il obtient à l’Université de la Sorbonne un diplôme de troisième cycle axé sur le droit international et comparé et le droit des pays arabes et un second diplôme de troisième cycle en droit bancaire et financier. Il est aussi titulaire du Certificat d’Aptitude à la Profession d’Avocat obtenu à l’Ecole de Formation des Avocats près de la Cour d’Appel de Paris. En parallèle, il étudie les sciences politiques et les relations internationales à l’Institut d’Etudes Politiques de Paris, l’un des plus importants établissements spécialisés en France. A l’occasion de son séjour à l’étranger, il a été auditeur de l’Académie de Droit International près la Cour Internationale de Justice de La Haye. Il a également poursuivi des cours en droit comparé à la Summer School (Université d’été) de l’une des plus grandes universités américaines, la Columbia University de New-York. Concernant son parcours professionnel, il a été admis comme avocat à l’Ordre National des Avocats de Tunisie en 2001. Il a commencé à exercer la profession au sein de cabinets internationaux d’avocats à Paris avant de réussir ensuite l’examen d’accès à la profession d’avocat en France et d’être admis en tant qu’avocat à la Cour d’Appel de Paris. Il s’est spécialisé dans les affaires économiques et financières, et en particulier en droit des relations économiques internationales et en droit des contrats et investissements internationaux. A ce titre, il a participé à conseiller beaucoup d’Etats africains, organisations internationales et entreprises internationales sur la mise en place de grands projets internationaux de développement dans les pays africains (la rédaction et la négociation de contrats internationaux de construction et de gestion d’aéroports/de ports/d’autoroutes/projets d’infrastructures et de construction/grands projets de transport aérien et ferroviaire/projets d’usines et de complexes industriels…). Sa pratique d’avocat inclut aussi des missions de défense des Etats dans le règlement de différends internationaux, notamment dans le cadre de résolution des litiges entre Etats et investisseurs étrangers. Une liste de certaines missions est jointe à la biographie. Quant aux activités associatives, il a été membre fondateur de la section de la Ligue des Droits de l’Homme à l’Université de la Sorbonne, en France. A Paris, il adhère et participe aux activités à la première et plus grande organisation internationale de lutte contre la corruption, « Transparency International ». Il a en outre participé aux travaux de l’un des plus vieux Think Tank en France composé de jeunes professionnels qui s’intéressent à la vie politique et internationale. A ce titre, il a participé à de nombreux voyages d’études organisés par cette association qui permettent d’approfondir la connaissance la situation politique et socio-économique des pays visités. Il s’est ainsi rendu dans plusieurs pays comme la Turquie, le Liban, la Syrie, l’Argentine, l’Uruguay où il a pu rencontrer et discuter avec des acteurs de premier plan du monde politique, économique, associatif et académique de ces pays et enrichir sa connaissance de la scène internationale. Il maîtrise le français et l’anglais à l’écrit et à l’oral.",,محامي,,"هو محام و خبير في القانون الدولي و يمارس المهنة في تونس و فرنسا. ولد يوم 30 مارس 1975 بسوسة و هو متزوج و أب لطفل. أتمّ دراسته الابتدائية و الاعدادية بمساكن و التحق منذ شبابه بالنشاط النقابي و الجمعياتي مما تسبب له في الايقاف التتبعات العدلية فتم طرده من المعاهد الحكومية و اتم دراسته الثانوية بمعهد خاص. تحصل على الباكالوريا في شعبة الآداب بملاحظة حسن جدا و كان في المرتبة الاولى وطنيا لكنه حرم من الجائزة الرئاسية بسبب نشاطاته السياسية. درس القانون بكلية العلوم القانونية بتونس أين تحصل على الاستاذية و على شهادة الدراسات المعمقة في القانون الخاص. بالتوازي مع دراسة القانون درس الاقتصاد و المالية بمعهد الدراسات التجارية العليا بتونس. تحصل في ديسمبر 2000 على جواز سفره بعد 9 سنوات من تحجير السفر و من المراقبة الادارية و غادر ارض الوطن في نفس الشهر لمواصلة دراسته بالخارج. التحق بجامعة السوربون بباريس و تحصل على ماجستير في القانون الدولي المقارن و قانون الدول العربية كما تحصل على ماجستير اخر في قانون المالية و البنوك. تمكن من الحصول على شهادة الكفاءة لممارسة مهنة المحاماة من مدرسة تكوين المحامين التابعة لمحكمة الاستئناف بباريس. درس بالتوازي العلوم السياسية و العلاقات الدولية بمعهد الدراسات السياسية بباريس و هو من اهم المعاهد المختصة في فرنسا. عمل كمدقق حسابات لأكاديمية القانون الدولي التابعة لمحكمة العدل الدولية بلاهاي في هولندا. كما التحق بالمدرسة الصيفية لأحد أعرق الجامعات الامريكية و هي جامعة كولمبيا و درس بالمناسبة القانون المقارن. تم ترسيمه بالهيئة الوطنية للمحامين بتونس بداية من سنة 2001, كما مارس المحاماة في العديد من كبرى المكاتب بباريس. تخصص في القضايا المالية و الاقتصادية و بالتحديد في قانون العلاقات الاقتصادية الدولية و قانون العقود و الاستثمارات الدولية. عمل كمستشار للعديد من الدول الافريقية و المنظمات الدولية و الشركات لوضع مخططات لمشاريع التنمية في الدول الافريقية حيث ساهم في تحرير العقود و التفاوض في العقود الدولية المتعلقة بالبناء و التصرف في المطارات و الموانئ و الطرق السيارة و مشاريع البنى التحتية. ممارسته للمحاماة شملة كذلك مهام تتعلق بتسوية النزاعات الدولية و خاصة تلك التي تنشئ بين الدول و المستثمرين الاجانب. فيما يخص نشاطه الجمعياتي كان زياد العذاري أحد الاعضاء المؤسسين لفرع رابطة حقوق الانسان بجامعة السوربون بباريس, كما انضم و مارس نشاطات مع أكبر المنظمات الدولية لمكافحة الفساد و هي منظمة الشفافية الدولية. زار في اطار نشاطه الجمعياتي العديد من الدول مثل سوريا و لبنان و تركيا و الارجنتين و الاوروغواي أين التقى بشخصيات بارزة في المجال السياسي و الاقتصادي و الاكاديمي مما مكنه من تعميق مكتسباته و خبرته السياسية. يحذق زياد العذاري الانجليزية و الفرنسية و العربية.",,2011-11-22,3
TNP-00365,زهير المغزاوي,Zouhair Maghzaoui,,,,,زهير مغزاوي,male,,,,,,,,,,,,أستاذ تعليم ثانوي,,,,2014-12-02,2
TNP-00366,زهير مخلوف,Zouhair Makhlouf,,,,,زهير مخلوف,male,,,,,,,,,,,,,,,,2019-11-13,1
TNP-00367,إبراهيم الحامدي,Ibrahim Hamdi,,,,,ابراهيم حامدي,male,1975-11-02,day,Sidi Khlif,TN-43,,,marié,2,ar;fr,"Amendements sur la constitution Né le 02 Novembre 1975, à Sidi Khlif dans le gouvernorat de Sidi Bouzid, c’est là qu’il entame sa scolarité avant de se rendre il y a 25 ans dans le Sahel. Il s’inscrit par la suite à la faculté des lettres et sciences humaines de Kairouan pour étudier la littérature arabe et est actuellement salarié d’une entreprise italienne. Membre du syndicat dans le cadre de ses activités professionnelles, et membre d’une association d’apprentissage du Coran, il n’a pas eu de parcours politique. Pour la future constitution, il s’attachera à défendre l’égalité sociale, en droits, libertés et devoirs entre tous les tunisiens, comme il défendra le droit au travail, à la dignité et à la santé. Marié et père de deux enfants, il maîtrise la langue arabe et française.",,,,ولد في 2 نوفمبر 1975 بسيدي خليف بولاية سيدي بوزيد أين إبتدأ تعليمه قبل أن يغادر للساحل. درس الآداب العربية بكلية الآداب و العلوم الإنسانية بالقيروان. موظف حاليا بمؤسسة إيطالية. عضو نقابي في إطار نشاطاته المهنية و عضو في جمعية تحفيظ القرآن و لكنه لم يمارس أي نشاط سياسي. يطمح لدستور يدافع عن للمساواة الإجتماعية و المساواة في الحقوق، الحريات والواجبات بين كل التونسين. يدافع أيضا عن حق الشغل، الكرامة و الصحة.,,2011-11-22,1
TNP-00368,إبراهيم قصاص,Ibrahim Kassas,,,,,ابراهيم قصاص,male,1965-01-01,year,,,,,,,,"Amendements sur la constitution Ibrahim Qassas est un homme politique tunisien servant à l'Assemblée Nationale Constituante. Il est à la tête d'une liste d'Al Aridha (Pétition populaire) de la circonscription de Kebili. Qassas est considéré par de nombreux Tunisiens comme «fils du peuple», comme il a l'habitude d'être un chauffeur de transport rural dans le sud de la Tunisie. Qassas est né en 1965 à Naggha, un village à Kebili. Qassas est poursuivi des études secondaires au lycée de Kebili et a abandonné à sa troisième année. Vers 1983, il a émigré en Italie et il fait des petits boulots. Il a travaillé en Irak comme chauffeur et s’est occupé d’un café là-bas jusqu'en 2000. À son retour en Tunisie, il a demandé un permis de conduire à Kebili et a, plus tard, acheté une voiture qu'il transforma en véhicule de location de transport rural. Il a rejoint la liste de Kebili Aridha après avoir reçu le soutien des citoyens de la région pour les représenter à l'Assemblée Constituante. Il a démissionné de la pétition populaire pour rejoindre le mouvement de Nidaa Tounes, qu'il quitte à son tour le 11 Novembre 2013.",,,,"إبراهيم القصاص هو سياسي تونسي بالمجلس الوطني التأسيسي مترشح على رأس قائمة للعريضة الشعبية بدائرة ڨبلي. ويعتبر القصاص من العديد من التونسيين كـ""ابن الشعب"" بحكم كونه سائق لنقل ريفي في الجنوب التونسي. ولد سنة 1965 بقرية نڨة بڨبلي و تابع تعليمه الثانوي بمعهد ڨبلي إلى أن تخلى عن الدراسة في السنة الثالثة. في 1983، هاجر إلى إيطاليا و قام بوظائف مختلفة. اشتغل لاحقا كسائق بالعراق ثم اعتنى هناك بمقهى إلى حدود سنة 2000. إثر عودته إلى تونس، طالب برخصة سياقة بڨبلي واشترى لاحقا سيارة ليؤجرها للنقل الريفي. التحق بقائمة العريضة الشعبية بڨبلي بعد تلقيه لمساندة مواطنين الجهة ليمثلهم بالمجلس الوطني التأسيسي. استقال من العريضة والتحق إثر ذلك بحركة نداء تونس التي استقال منها كذلك يوم 11 نوفمبر 2013.",,2011-11-22,1
TNP-00369,أحمد المشرقي,Ahmed Mechergui,,,,,احمد مشرقي,male,1969-08-04,day,,,,,,,,"Amendements sur la constitution Né le 04 août 1969, il a étudié le primaire et le secondaire à Jendouba et a obtenu son baccalauréat en 1991. Il a étudié la philosophie à la faculté des lettres et des sciences humaines de Raggueda (Kairouan), a eu sa maîtrise en 1995 et a enseigné dans des lycées privés. Il s’est inscrit pour un master en Syrie mais n’a pas pu continuer en raison de difficultés financières et est parti en France en 2003 où il est resté jusqu’ à après la révolution. Il a obtenu un master en 2005, puis un doctorat sur la métaphysique chez Hegel et a publié plusieurs ouvrages dont « la réalité de la mondialisation » (paru en 2003 en Syrie) et plusieurs articles dans des revues nationales et internationales.",,أستاذ تعليم ثانوي,,"من مواليد 04 أوت 1969، درس في مدرسة ريفيّة في ولاية جندوبة في معتمديّة جندوبة ثم قضى المرحلة الثّانويّة في جندوبة حيث تحصل على شهادة البكالوريا في 1991. إختصّ في الفلسفة بكليّة الآداب والعلوم الإنسانيّة برقّادة أين تحصّل سنة 1995 على الأستاذيّة ودرّس في معاهد خاصّة. سجّل في مرحلة ثالثة في سوريا لكن لم تكن الظّروف الماديّة تسمح بالمواصلة فانتقل سنة 2003 إلى فرنسا أين بقي إلى ما بعد الثّورة. تحصّل على ماجستير سنة 2005 ثمّ على رسالة دكتوراه حول الميتافيزيقا عند هيغل. له مجموعة من الكتابات منهم كتاب حول ""حقيقة العولمة"" (صادر 2003 سوريا) ونشر في مجلاّت تونسيّة و بعض المجلاّت الدّوليّة.",,2011-11-22,2
TNP-00370,أحمد السافي,Ahmed Essefi,,,,,احمد سافي,male,1969-12-09,day,,,,,,,,"Amendements sur la constitution Né le 09 Décembre 1969, il a étudié à l’école primaire de Sfax « El Bostan », puis au lycée Mohamed Ali à Sfax et en a été renvoyé pour des raisons politiques. Il a par la suite étudié dans plusieurs lycées privés et il a obtenu son baccalauréat en 1989. Il a étudié le droit à la faculté de droit de Sfax, puis a intégré l’Ecole Nationale d’Administration, et a étudié à Paris Assas II. Il a une maitrise et un diplôme d'études approfondies et a réussi le concours d’assistanat. Durant sa jeunesse, il était avec l’union des jeunes communistes et a aussi participé à l’expérience des militants nationalistes. Il a aussi été à un moment très proche du PDP, et il est maintenant membre du parti des travailleurs.",,,,من مواليد 09 ديسمبر 1969، درس بالمدرسة الإبتدائيّة بصفاقس البستان ثمّ تحوّل إلى المعهد الثّانوي محمّد علي لكن تمّ طرده لأسباب سياسيّة فدرس في معاهد حرّة. إجتاز الباكالوريا سنة 1989 ودرس القانون بكليّة الحقوق بصفاقس ثمّ التحق بالمعهد الوطني للإدارة وتوجه بعد ذلك إلى باريس اساس 2. لديه إجازة ودراسات معمّقة واجتاز مناظرة المساعدين. كان مع إتّحاد الشّباب الشّيوعي ومع تجربة المناضلين الوطنيّين، كما كان في مدّة قريبا للحزب الدّيمقراطي التّقدمي، وهو الآن في حزب العمّال.,,2011-11-22,1
TNP-00371,أحمد السميعي,Ahmed Smiai,,,,,احمد سميعي,male,1943-02-11,day,,,,,,,ar;fr,"Amendements sur la constitution Né le 11 Février 1943, il début sa scolarité à l'école de Bouhajla dans le gouvernorat de Kairouan, et poursuit ses études secondaires à Kairouan puis à Tunis. Il mène des études supérieures en physique-chimie à Tunis et en France, puis devient enseignant dans le secondaire, il est aujourd'hui retraité. Son militantisme politique commence alors qu'il est encore étudiant, il adhère au parti du Baath et connait la prison sous Bourguiba en 1967-68. Evoluant dans ses réflexions et prenant conscience de l'importance des libertés, il finit par quitter ce parti pour militer en tant qu'indépendant. Plus tard sous Ben ali, il rejoint pendant un moment Mustapha Ben Jaafar au Ettakatol avant de quitter le parti réalisant qu'il ne partage pas l'ensemble de ses idées. Il est aujourd'hui indépendant et n'est pas adhérent à Ennahdha. Pour la future constitution, il souhaite défendre la valeur de la famille qui est en rapport avec notre culture arabo-musulmane et qui a été délaissée selon lui en Tunisie. Il maîtrise la langue arabe et française.",,,,ولد في 11فيفري 1943.إبتدأ تعليمه في مدرسة بوحجلة بالقيروان ثم زاول تعليمه الثانوي بالقيروان و بتونس. تابع تعليمه العالي في الفيزياء و الكيمياء بتونس و فرنسا. إشتغل كأستاذ للتعليم الثانوي إلى حد سن التقاعد. نشاطه السياسي إبتدأ و هو لا يزال طالبا عند إنضمامه لحزب البعث مما كلفه السجن في عهد بورقيبة بين 1967-1968 . بعد تطور أفكاره وإقتناعه بأهمية الحريات غادر الحزب ليواصل نضاله مستقلا. في عهد بن علي إنضم لفترة معينة لحزب التكتل لمصطفى بن جعفر قبل أن يدرك أنه لا يشارك الحزب كل مبادئه و يغادره. ترشح للمجلس التأسيسي كمستقل و هو ليس منخرط في حزب النهضة. يدافع عن القيم العائلية في علاقة بثقافتنا العربية الإسلامية، قيم أهملت في تونس حسب رأيه.,,2011-11-22,1
TNP-00372,أحمد إبراهيم,Ahmed Brahim,,,,,احمد ابراهيم,male,,,,,,,marié,,,"Amendements sur la constitution Né le 14 juin 1946 dans la presqu'île de Zarzis, Ahmed Brahim est un homme politique, universitaire et syndicaliste tunisien. Premier secrétaire du mouvement Ettajdid, il est le candidat de son mouvement à l'élection présidentielle tunisienne de 2009, sous la bannière de l'Initiative nationale pour la démocratie et le progrès (INDP). Professeur de français à l'université de Tunis I à la retraite, spécialiste de linguistique comparée, il est brièvement ministre de l'Enseignement supérieur dans le gouvernement de transition formé par Mohamed Ghannouchi en 2011. Au milieu des années 1960, il adhère au Parti communiste tunisien (PCT), dont il est élu membre du comité central en 1981 puis membre du bureau politique en 1987. En 1993, au dixième congrès du PCT, il figure parmi les fondateurs du mouvement Ettajdid, rassemblement de militants progressistes aux orientations intellectuelles et politiques diverses. En vue de l'élection présidentielle de 2009, il est officiellement investi candidat le 22 mars 2009. Il affirme alors s'engager « dans une véritable compétition pour s'opposer fermement, d'égal à égal, au candidat du pouvoir ». Au terme du scrutin, il arrive finalement en dernière position avec 1,57 % des suffrages exprimés. Il est élu membre de l'Assemblée Nationale Constituante dans la circonscription de Tunis 2. Le 1er avril 2012, il prend la tête d'un nouveau parti, la Voie démocratique et sociale, dans lequel le mouvement Ettajdid est intégré. Ahmed Brahim se dit favorable à l'émergence d'un « État démocratique moderne et laïque », exige une réforme « radicale » du système électoral, réclame également la libération de « tous ceux qui ont été jugés pour leurs opinions ». Il est marié et père de deux filles.",,,,"أحمد إبراهيم (جرجيس، 14 جوان 1946)، هو سياسي وجامعي تونسي يتولى الأمانة الأولى لحركة التجديد منذ عام 2007. عمل كأستاذ لللسانيات المقارنة بجامعة تونس إلا أنه أحيل على التقاعد لأسباب سياسية حسب تصريحاته. انضم في أواسط الستينات للحزب الشيوعي التونسي المحظور آنذاك وعام 1981 أنتخب كعضو في لجنته المركزية. كان عام 1993 من مؤسسي حركة التجديد التسمية الجديدة للحزب وانتخب عضوا في لجنتها التنفيذية أثناء مؤتمرها التأسيسي. انتخب عام 2001 أمينا عاما مساعدا للحركة وعام 2007 أمينا أولا. في 22 مارس 2009 أعلنت ""المبادرة الوطنية من أجل الديمقراطية والتقدم"" وهي تحالف سياسي يضم حركة التجديد والحزب الاشتراكي اليساري وحزب العمل الوطني الديمقراطي، ترشيحها لإبراهيم للانتخابات الرئاسية. أكد إبراهيم نيته منافسة الرئيس زين العابدين بن علي ""الند للند"" وأعلن على بيان انتخابي جرئ تتطرق فيه للفساد ومشاكل التعليم والصحة، وقد اشتكى أثناء الحملة الانتخابية من التضييقات التي فرضتها السلطات على مشاركته. تحصل حسب النتائج المعلنة على 1.57% من الأصوات مقابل 89.62% لزين العابدين بن علي. كان لفترة وجيزة وزير التعليم العالي في الحكومة الانتقالية التي شكلها محمد الغنوشي في عام 2011. شارك في انتخابات المجلس الوطني التأسيسي في 23 أكتوبر 2011 مع القطب الديمقراطي وقد تحصل على مقعد في دائرة تونس 2. متزوج و أب لإبنتان. يتقن العربية، الفرنسية و الإنقليزية.",,2011-11-22,1
TNP-00373,أحمد نجيب الشابي,Ahmed Nejib Chebbi,,,,,احمد نجيب شابي,male,1944-07-30,day,Tunis,TN-11,,,marié,,,"Amendements sur la constitution Ahmed Nejib Chebbi, né le 30 juillet 1944 à Tunis, est un avocat et homme politique tunisien. Militant de gauche et figure de l'opposition tunisienne, il participe en 1983 à la fondation du Rassemblement socialiste progressiste, l'un des partis politiques tunisiens créés à la suite des élections législatives de 1981 puis légalisés après le 7 novembre 1987. Il dirige le parti prenant par la suite le nom de Parti démocrate progressiste. En 2006, après 23 ans passés à la tête de la formation, il cède son poste de secrétaire général à Maya Jribi. Il effectue son cycle primaire à l'école franco-arabe de l'Ariana, dans la banlieue de Tunis, puis son cycle secondaire chez les Pères blancs puis au lycée Carnot de Tunis, où il obtient son baccalauréat scientifique en 1964. Il débute des études supérieures en médecine à Paris, avant de les abandonner deux ans plus tard au profit du droit à la faculté de Tunis. Il est, à cette époque, très actif au sein du syndicat étudiant de l'Union générale des étudiants de Tunisie. Lors du congrès de Gabès, il représente la tendance « progressiste ». Arrêté en 1966 et jugé par la Cour de sûreté de l'État, il est condamné en 1970 à onze ans de prison. Gracié en mars 1970, il est placé en résidence surveillée. Le 4 février 1971, il s'exile en Algérie où il s'inscrit en faculté de droit, puis part en France l'année suivante pour se consacrer exclusivement au militantisme au sein du mouvement Perspectives - L'Ouvrier tunisien, une organisation clandestine d'extrême gauche. En 1977, il rentre définitivement en Tunisie avec un groupe d'autres militants dont Sihem Bensedrine et Naji Marzouk. Au terme de ses différents procès, il a été condamné à un total de 32 ans de prison. En septembre 1983, il fonde le Rassemblement socialiste progressiste (RSP), légalisé en 1988. Le RSP est rebaptisé Parti démocrate progressiste (PDP) en juin 2001. Le 18 octobre 2005, Chebbi entame une grève de la faim avec sept autres personnalités de la société civile tunisienne lors de la tenue du Sommet Mondial sur la Société de l'Information en Tunisie. Les grévistes réclament l'arrêt de la « politique répressive » à l'égard des avocats, des magistrats, des journalistes, des défenseurs des droits de l'homme et de tout « esprit critique » en Tunisie. Le 25 décembre 2006, il cède la direction du parti à Maya Jribi, tout en restant membre du bureau politique du parti. Il est par ailleurs directeur de publication de l'organe du PDP, l'hebdomadaire Al Mawkif, et chargé des « relations internationales et arabes » du parti. En 2009, il tente de se présenter à l'élection présidentielle malgré le fait qu'il ne remplisse pas les critères fixés à l'occasion du scrutin. Un mois avant le dépôt officiel des candidatures, il annonce renoncer, en dénonçant ce qu'il considère comme un scrutin faussé. Après la chute du régime de Zine el-Abidine Ben Ali, le 14 janvier 2011, il est brièvement nommé ministre du Développement régional et local au sein du nouveau gouvernement avant de démissionner le 1er mars. Le 23 octobre 2011, il est élu membre de l'Assemblée Nationale Constituante dans la circonscription de Tunis 2. Suite à l'annonce de la fusion du Parti démocrate progressiste, avec notamment Afek Tounes et le Parti républicain, il est élu, le 9 avril 2012, comme président de la haute instance politique de la nouvelle formation dénommée « Parti républicain ». Chebbi a été marié une première fois avec une Autrichienne avec qui il a vécu quatorze ans et a eu deux filles. Il s'est marié une deuxième fois en 1982 avec Safia Mestiri et a eu deux filles et un garçon. À cause de ses activités politiques, Chebbi n'a pu finir ses études de droit qu'en 1984 et n'a rejoint le barreau qu'à l'âge de 40 ans.",,,,"من مواليد 30 جويليا 1944، أحمد نجيب الشابي هو محامي و سياسي تونسي. كناشط يساري وأحد رموز المعارضة التونسية، شارك الشابي سنة 1983 في تأسيس التجمع الاشتراكي التقدمي وهو أحد الأحزاب السياسية التونسية التي تم إنشاؤها إثر انتخابات 1981 و أصبح قانونيا بعد 07 نوفمبر 1987. ترأس الحزب الذي اتخذ لاحقا اسم الحزب الديمقراطي التقدمي. في سنة 2006 وبعد 23 سنة من قيادة الحزب ترك منصب الأمانة العامة للسيدة مية الجريبي. زاول تعليمه الإبتدائي بالمدرسة الفرنكوـ عربية بأريانة و تعليمه الثانوي بمعهد الإمام مسلم ثم بمعهد ""كارنو"" بتونس حيث تحصل على شهادة باكالوريا علوم سنة 1964. اتجه إلى فرنسا لمواصلة تعليمه العالي في الطب قبل أن يتخلى عن هذا التوجه بعد سنتين للإلتحاق بكلية القانون بتونس. نشط في تلك الفترة داخل الاتحاد العام لطلبة تونس و مثل في مؤتمر قابس التيار التقدمي. سنة 1966 تم إيقافه و محاكمته أمام محكمة أمن الدولة و حكم عليه سنة 1970 بالسجن لمدة 11 سنة و لكن وقع العفو عنه في مارس 1970 و وضعه تحت الإقامة الجبرية. في 04 فيفري 1971، نفى نفسه في الجزائر و التحق هناك بكلية القانون ثم رحل إلى فرنسا السنة الموالية لتكريس نفسه بصفة حصرية للنضال ضمن حركة آفاق العامل التونسي و هي منظمة غير قانونية أقصى يسارية. في 1977، عاد إلى تونس نهائيا مع مجموعة من ناشطين آخرين على غرار ناجي مرزوق و سهام بن سدرين و في نهاية مختلف محاكماته حكم عليه بالسجن إجماليا بـ32 سنة. أسس سنة 1983 التجمع الاشتراكي التقدمي الذي تحصل على التأشيرة القانونية سنة 1988 و الذي تم إعادة تسميته في جوان 2001 ليصبح الحزب الديمقراطي التقدمي. في 18 أكتوبر 2005، دخل الشابي في إضراب جوع صحبة 7 شخصيات أخرى من المجتمع المدني التونسي على هامش القمة العالمية لمجتمع المعلومات بتونس. طالب حينها المضربون وقف ""القمع السياسي"" ضد المحامين والقضاة والصحفيين و مدافعين عن حقوق الإنسان و أي فكر ناقد بتونس. تخلى سنة 2006 على قيادة الحزب لمية الجريبي مع بقائه عضوا للمكتب السياسي. هو أيضا مدير النشر للصحيفة الأسبوعية ""الموقف"" و مكلف بالعلاقات الدولية و العربية للحزب. حاول سنة 2009 التقدم للإنتخابات الرئاسية رغم أنه لا يستوفي الشروط المضبوطة بمناسبة تلك الإنتخابات. قبل شهر من التقديم الرسمي للترشحات، أعلن تخليه منددا بما اعتبره انتخابات مزورة. بعد سقوط نظام بن علي في 14 جانفي 2011، تم تسميته في فترة وجيزة وزيرا للتنمية الجهوية و المحلية داخل الحكومة المؤقتة الأولى إلى أن استقال منها في مارس. في 23 أكتوبر 2011، تم انتخابه كنائب بالمجلس الوطني التأسيسي بدائرة تونس 2. بعد الإعلان على التحالف بين الحزب الديمقراطي التقدمي و حزب آفاق تونس و الحزب الجمهوري، تم انتخابه يوم 09 أفريل 2012 كرئيس للهيئة السياسية العليا للتركيبة الجديدة التي اطلق عليها اسم ""الحزب الجمهوري"". كان الشابي متزوجا أولا بنمساوية لمدة 14 سنة و انجب منها طفلتان. تزوج مرة ثانية سنة 1982 بصفية المستيري التي انجب منها بنتان و ولد. بسبب نشاطه السياسي، لم يتمكن أحمد نجيب الشابي من إنهاء دراسته للقانون إلا في سنة 1984 و التحق بعمادة المحامين في سن الـ40.",,2011-11-22,1
TNP-00374,أزاد بادي,Azed Badi,,,,,ازاد بادي,male,1971-03-29,day,Tozeur,TN-72,,,,2,ar,"Amendements sur la constitution Né le 29 Mars 1971 à Tozeur, il entame sa scolarité à Tunis, avant de regagner Tozeur pour ses études secondaires jusqu’à l’obtention de son baccalauréat. Il intégre par la suite la faculté des sciences juridiques de Sousse où il se spécialise dans le droit privé jusqu’en 1997. Son militantisme politique commence dès l’âge de 15 ans dans le mouvement de tendance islamiste, ce qui lui vaut d’être emprisonné durant 1 an en 1991 sous Ben Ali. Il intégre le CPR après le 14 Janvier 2011 trouvant que c’est le parti le plus sincère dans son discours et qui est en adéquation avec son parcours dans le milieu associatif pour la défense des droits de l’Homme. Pour la future constitution, il souhaite défendre le principe de la démocratie participative. Père de deux enfants, il maitrise la langue arabe, française et anglaise.",,,,ولد في 29 مارس 1971 بتوزر. إبتدأ تعليمه بتونس قبل أن يعود لتوزر لمزاولة تعليمه الثانوي و التحصل على شهادة الباكالوريا. إلتحق بكلية العلوم القانونية بسوسة حيث تخصص في القانون الخاص إلى سنة 1997. نضالاته السياسية إبتدأت منذ سن الخامسة عشر حين إلتحق بحركة ذات ميولات إسلامية، مما جعله يسجن في عهد بن علي سنة 1991 لمدة سنة. إلتحق بالمؤتمر من أجل الجمهورية بعد 14 جانفي 2011 بعد أن وجد فيه صراحة في الخطاب و توافقا مع مسيرته في الأوساط الجمعياتية في الدفاع عن حقوق الإنسان. يرجو ترسيخ مبدأ الديموقراطية الإسهامية. أب لإبنان. يتقن العربية، الفرنسية و الإنقليزية.,,2011-11-22,1
TNP-00375,أسامة الصغير,Oussama Al Saghir,,,,,اسامه صغير,male,,,,,,,,,,"Amendements sur la constitution Né Oussama Ben Amor Al Saghir, le 20 juillet 1983 à Tunis. Son père ainsi que toute sa famille ont été obligés de quitter le pays suite à la montée au pouvoir de Ben Ali. Après 17 ans passées en Italie en tant que réfugié politique, il retourne en Tunisie en 2011, suite à la révolution du 14 janvier. Il a obtenu une maitrise en sciences politiques et relations diplomatiques internationales à l'université ""La Sapienza"" de Rome. Il a fondé, en compagnie d'un groupe de jeunes, la fédération de la jeunesse musulmane en Italie, dont il a été élu président. Il a notamment été membre du conseil de jeunesse pour le pluralisme religieux et culturel au minstère de l'intérieur italien et au ministère de la jeunesse. Il a donc participé, en tant que représentant de ce conseil et dans le cadre du dialogue des cultures et des religions , dans la commission relative aux écoles et aux questions juridiques au sein du minstère de l'éducation italien. Oussama Al Saghir a organisé et participé à plusieurs manifestations et conférences dans le cadre du renforcement des dialogues des religions autour de l'Islam et de la discrimination raciale. Il a notamment participé à plusieurs projets européens et internationaux ayant pour but de former et préparer les jeunes leaders politiques.",,ممثل جمعياتي,,"ولد أسامة بن عمر الصغير بمدينة تونس. عندما استولى بن علي على الحكم أجبر والد أسامة ثم عائلته على مغادرة البلاد. بعد 17 سنة في إيطاليا قضاها كلاجئ سياسي، عاد إلى موطنه الأم سنة 2011، مباشرة بعد الثورة التي أطاحت بالنظام. تحصل خلال إقامته بإيطاليا على الإجازة في العلوم السياسية و العلاقات الدولية الدبلوماسية من جامعة ""لا سابيينسا"" بروما. و قد قام بتاسيس، مع مجموعة من الشبا ب، اتحاد الشباب المسلم بإيطاليا، التي انتخب رئيسا لها. و قد كان أسامة بن عمر الصغير عضوا في المجلس الشبابي للتعددية الدينية و الثقافية لدى وزارة الداخلية الإيطالية و وزارة الشباب. كما شارك، كممثل عن نفس المجلس ، في لجنة المدارس و القضايا القانونية لدى وزارة التربية الإيطالية دعما لحوار الثقافات و الديانات. نظم أسامة بن عمر الصغير و شارك في العديد من التظاهرات و الندوات لتكريس حوار الديانات حول الإسلام و حول التمييز العنصري. كما ساهم في مختلف المشاريع الأوروبية و الدولية التي تهدف لتكوين و إعداد الشباب كقادة سياسيين.",,2011-11-22,2
TNP-00376,اسكندر بوعلاقي,Iskander Bouallagui,,,,,اسكندر بوعلاقي,male,1982-06-20,day,Sousse,TN-51,,,,,,"Amendements sur la constitution Né le 20 Juin 1982 à Sousse, il a effectué ses études primaires à l'école de Cité Erriadh de Sousse et ses études secondaires dans la même zone en intégrant le lycée de Cité Erriadh mais il a quitté Sousse dès qu'il a fini le cycle du lycée pour intégrer la Faculté des Sciences de Sfax où il a obtenu sa maitrise en Sciences de la Vie et de la Terre. Il est ensuite parti à la Faculté des Sciences de Tunis pour y obtenir son diplôme de master en géologie. Il a adhéré au début de ses activités politiques au parti communiste des ouvriers entre 2003 et 2005. Après la révolution, il avait décidé de rejoindre les listes de la pétition populaire pour les élections de l'Assemblée Nationale Constituante.",,,,ولد اسكندر بوعلاقي في20 جوان 1982 بسوسة. درس بالمدرسة الإبتدائية حي الرياض بسوسة و تابع تعليمه الثانوي بنفس المنطقة حيث إلتحق بالمعهد الثانوي بالرياض بسوسة ولكنه حال ما انهى المرحلة الثانوية غادر سوسة إلى مدينة صفاقس ليلتحق بكلية العلوم حيث تحصل على الأستاذية في علوم الحياة والأرض ثم التحق بكلية العلوم بتونس وتحصل عندها على الماجستير في الجيولوجية. انخرط اسكندر في بداية نشاطه السياسي بحزب العمال الشيوعي وذلك من سنة 2003 إلى 2005 ولكنه بعد الثورة انضم إلى العريضة الشعبية وترشح من خلالها إلى عضوية المجلس التأسيسي.,,2011-11-22,1
TNP-00377,آسيا النفاتي,Essia Naffati,,,,,اسيا نفاتي,female,1984-08-01,day,Bizerte,TN-23,,,,,,"Amendements sur la constitution Née le 01 aout 1984 à Bizerte, a obtenu son baccalauréat sciences expérimentales en 2004, et a rejoint la faculté des sciences de Bizerte, où elle a obtenu son diplôme de 1 cycle en mathématiques informatiques en 2008, avant d’obtenir sa licence fondamentale en sciences informatiques en 2010. Elle a par la suite travaillé comme webdesigner et développeur au sein de la société LIA informatique de décembre 2010 à avril 2011, puis elle a été jusqu’à octobre 2011 développeur au sein de l’agence de presse Binaanews. Elle se présenta par la suite aux élections de l’assemblée nationale constituante et a été élue. Elle est secrétaire générale de l’association tunisienne de développement de l’environnement, et elle a beaucoup travaillé sur les questions de développement durable au sein de la société civile. Elle appartient à une famille militante et ce depuis le régime Bourguiba et jusqu’au régime Ben Ali, elle est aussi fille d’un ancien prisonnier politique et défenseur des droits de l’Homme.",,,,من مواليد 01 أوت 1984 ببنزرت، تحصّلت على باكالوريا علوم تجريبيّة سنة 2004، وزاولت دراستها في كليّة العلوم ببنزرت، أين تحصّلت على شهادة ختم المرحلة الأولى في رياضيّات الإعلاميّة في 2008، قبل أن تتحصّل على الإجازة الأساسيّة في علوم الإعلاميّة سنة 2010. عملت بعد ذلك كمصمّمة و مطوّرة ويب في شركة LIA للإعلاميّة من ديسمبر 2010 إلى أفريل 2011، ثمّ علمت إلى حدود أكتوبر 2011 كمطوّرة ويب عند وكالة بناء نيوز. تقدّمت إثر ذلك لإنتخابات المجلس الوطني التّأسيسي. تشغل خطّة كاتب عام للجمعيّة التّونسيّة لتنمية البيئة، وعملت كثيرا على مسائل التّنمية المستديمة في المجتمع المدني. تنتمي لعائلة مناضلة، ناضلت ضدّ نظام بورقيبة ونظام بن على، وهي إبنة سجين سياسي سابق.,,2011-11-22,1
TNP-00378,إقبال المصدع,Ikbel Msadaa,,,,,اقبال مصدع,female,,,,,,,mariée,,,"Amendements sur la constitution Ikbel Msadaa, 30 ans, Doctorante en informatique et réseaux et habite à Dubai. Née à Bizerte, elle est en ce moment mariée et mère de deux filles. Elle a obtenu son baccalauréat et a intégré l’institut préparatoire aux études d’ingénieurs de Tunis « IPEIT » en 2000. Elle a rejoint l’école nationale des sciences de l’informatique « ENSI » en 2003. Elle a obtenu le diplôme d’ingénieur en informatique en 2005 et le master en informatique en 2006. En 2007 ; elle a décroché une bourse de l’Agence Nationale de Recherches (France) pour préparer sa thèse de doctorat en informatique et réseaux en France. Elle a travaillé en tant qu’enseignante et assistante-chercheuse au centre des recherches « EURECOM » en France de 2007 jusqu’à 2010. Elle a participé à plusieurs congrès internationaux où elle a présenté un résumé de ses recherches. Elle a aussi publié des articles scientifiques et a contribué à l’élaboration de deux livres dans le domaine de l’informatique et les réseaux. Elle a obtenu un doctorat de l’université Télécom ParisTech en Octobre 2010. Elle a déménagé à Dubai en 2011.",,,,"إقبال المصدع، 30 سنة، دكتورة في الإعلامية والشبكات وتقطن بدبي ـ الإمارات. مولودة ببنزرت، متزوجة وأم لطفلتان. تحصلت على شهادة البكالوريا ثم التحقت بالمعهد التحضيري للدراسات الهندسية بتونس ""IPEIT"" سنة 2000. التحقت بالمدرسة الوطنية لعلوم الإعلامية ""ENSI"" سنة 2003. تحصلت على شهادة مهندس في الإعلامية سنة 2005. تحصلت على شهادة الماجستير في الإعلامية سنة 2006. اسندت لها سنة 2007 منحة من الوكالة الوطنية الفرنسية للبحوث للإعداد لرسالة الدكتوراه في الإعلامية والشبكات بفرنسا. عملت كمدرسة وباحثة مساعدة بمركز البحوث ""EURECOM"" بفرنسا من 2007 إلى 2010. شاركت في العديد من المؤتمرات الدولية حيث قدمت خلاصة ابحاثها كما نشرت مقالات علمية وساهمت في تأليف كتابين في ميدان الإعلامية والشبكات. حازت على شهادة الدكتوراه من جامعة ""Télécom ParisTech"" في اكتوبر 2010. انتقلت إلى دبي، الإمارات العربية المتحدة سنة 2011.",,2011-11-22,1
TNP-00379,الأزهر الشملي,Lazhar Chamli,,,,,ازهر شملي,male,,,,,,,,,,"Amendements sur la constitution Lazhar Chamli est né le 1/02/1951 à Ksar Hellal où il a effectué son enseignement primaire, et obtient son baccalauréat (section Maths-Technique) en juin 1971 du lycée technique de Sousse. Il obtient son doctorat en médecine en Avril 1981 de la faculté de médecine de Tunis, puis son diplôme de chirurgien ORL de la faculté Claude Bernard de Lyon en 1987. Il a travaillé à l’hôpital régional de Ksar Hellal entre 1981 et 1985 et à l’hôpital universitaire Fattouma Bourguiba à Monastir entre 1988 et 1992. Il est, depuis 1992, dans la fonction privée. Dans les années soixante, ses orientations politiques étaient nationalistes arabes, mais il a milité au sein du mouvement de la tendance islamique puis Ennahdha depuis 1972. Il a d’ailleurs été privé de voyager pendant plusieurs années et a été arrêté en 1981 alors qu’il revenait de France. Lazhar Chamli a participé aux élections législatives de 1989 dans une liste indépendante après sa démission du mouvement Ennahdha sur fond de désaccords idéologiques et politiques. Il a par ailleurs rejoint le Congrès Pour la République au mois d’Août 2011. Il était trésorier du bureau régional du syndicat des médecins du secteur privé en 1994 et il est membre du bureau exécutif national de l’UMSL.",,,,"لزهر الشملي من مواليد 1 فيفري1951 بمدينة قصرهلال. أنهي التعليم الابتدائي بمدرسة الحاج علي صوة بقصرهلال والتعليم الثانوي بالمعهد الفني بسوسة شعبة رياضيات-تقنبة في جوان 1971. متحصل على شهادة الدكتوراه في الطب من كلية الطب بتونس أفريل 1981 و كذلك متحصل على شهادة طب الاختصاص في أمراض و جراحة الأنف و الحنجرة و الأذنين من جامعة كلود برنارد بمدينة ليون بفرنسا 1987. عمل بالمستشفى الجهوي بمدينة قصرهلال من 1981 الى 1985 وكما عمل أيضا بقسم أمراض و جراحة الأنف و الحنجرة و الأذنين بالمستشفى الجامعي فطومة بورقيبة بمدينة المنستير من 1988 الى 1992. لكن منذ سنة 1992 الى يومنا الحاضر يعمل لزهر الشملي بالقطاع الخاص. وإذ كانت توجهاته قومية عربية في مرحلة الدراسة الثانوية في الستينات ,انتمى و ناضل ضمن حركة الاتجاه الاسلامي ثم حركة النهضة منذ 1972. تم ايقافه سنة 1981 لمدة 15 يوما عند عودته من فرنسا بعد أن كان ممنوعا من السفر لسنوات عديدة. شارك لزهر الشملي في الانتخابات التشريعية سنة 1989 ضمن قائمة مستقلة بعد أن قدم استقالته من حركة النهضة و ذلك لخلافات فكرية و سياسية. انتمى للمؤتمر من أجل الجمهورية في شهر أوت 2011 نظرا لتطابق مبادئه مع قناعاته -عضو و أمين مال المكتب الجهوي لنقابة أطباء القطاع الخاص سنة 1994 STML وعضو المكتب التنفيذي الوطني لنقابة أطباء الاختصاص UMSL.",,2011-11-22,1
TNP-00380,البشير شمام,Bechir Chammem,,,,,بشير شمام,male,,,,,,,,4,,"Amendements sur la constitution Bachir Chammam, membre du parti Ennahdha, a été élu durant les élections d'octobre 2011 en tant que représentant de Kébili, une ville oasis au sud de la Tunisie. Chammam est né le 19 Février 1961 dans une famille pauvre religieuse dans le Vieux-Kebili. Chammam rejoint le mouvement Ennahdha en 1977, quand il avait 16 ans. Il a été attrapé en 1987, sous le régime du président Bourguiba, et accusé d'appartenir à la mouvance islamiste d'Ennahdha. Il a ensuite été détenu en prison pendant trois mois. Son cas n'a pas été entendu par un juge. En 1991, Chammam a été contraint de fuir la Tunisie après la répression contre les membres d'Ennahdha par le régime de Ben Ali. Il s'est rendu en Libye en Décembre 1991, où il est resté pendant deux mois. Là bas, il a rencontré des immigrants soudanais qui ont suggéré qu'il aille au Soudan pour poursuivre ses études. Chammam a obtenu une mention très bien de l'Université du Saint Coran des sciences islamiques avec un Bachelor de Chariâa et de droit comparé en 1995. En 1999, il a reçu un diplôme en droit public de l'Université de Khartoum, au Soudan. Chammam a ensuite étudié à l'Université islamique d'Oum Dourman au Soudan, obtenant ainsi un master avec une mention très bien en Chariâa et sources de jurisprudence en 2000. En 2004, il a obtenu un doctorat dans la même branche de la même université. Chammam a travaillé comme professeur adjoint à l'Université mondiale africaine à Khartoum de 2001 à 2004, à la Faculté des études islamiques et de la chariâa. Il a également travaillé comme un imam à la mosquée de l'université. Ses travaux publiés comprennent la recherche sur la loi de la Chariâa, la jurisprudence et les études des savants islamiques. En Mars 2011, Chammam est retourné en Tunisie, après que les restrictions sur les dissidents politiques ont été levées à la suite du renversement de Zine El Abdine Ben Ali durant la révolution tunisienne. Il est le père de quatre enfants, trois garçons et une fille.",,,,بشير شمام هو عضو بحركة النهضة وتم انتخابه خلال انتخابات 23 أكتوبر 2011 كنائب عن دائرة ڨبلي. ولد في 19 فيفري 1961 داخل أسرة متواضعة و متدينة بڨبلي القديمة وانضم إلى حركة النهضة سنة 1977 عندما كان يبلغ 16 سنة. تم إمساكه سنة 1987 تحت نظام الرئيس الحبيب بورقيبة واتهامه بالإنتماء إلى حركة النهضة الإسلامية فقضى 3 أشهر في السجن ولم تسمع قضيته من قبل القاضي. في سنة 1991، كان مجبرا على الفرار من تونس إثر القمع الذي مارسه نظام بن علي تجاه أعضاء حركة النهضة. ذهب إلى ليبيا في ديسمبر 1991 حيث بقي هناك لمدة شهرين والتقى هناك بمجموعة من المهاجرين السودانيين الذين اقترحوا عليه أن يواصل تعليمه في السودان. تحصل على مرتبة امتياز من جامعة القرآن الكريم للعلوم الإسلامية ببكالوريوس في الشريعة و القانون المقارن و ذلك سنة 1995. في سنة 1999، تحصل على شهادة في القانون العام من جامعة الخرطوم بالسودان ثم على الماجستير بمرتبة امتياز من جامعة أم درمان الإسلامية اختصاص شريعة و مصادر فقه قضاء و ذلك سنة 2000. تحصل أخيرا سنة 2004 على شهادة الدكتوراه في نفس الإختصاص و من نفس الجامعة كما شغل مهمة أستاذ مساعد بجامعة إفريقيا العالمية بالخرطوم من 2001 إلى غاية 2004 و ذلك بكلية الدراسات الإسلامية و الشريعة. اشتغل كذلك كإمام بمسجد الجامعة. أعماله المنشورة تتضمن بحوثا على أحكام الشريعة و فقه القضاء ودراسات العلماء الإسلاميين. في مارس 2011، عاد البشير شمام إلى تونس بعدما رفعت القيود على المعارضين السياسيين إثر إسقاط نظام بن علي خلال الثورة التونسية.,,2011-11-22,1
TNP-00381,الجديدي السبوعي,Jdidi Essbouîi,,,,,جديدي سبوعي,male,1974-05-21,day,Zribet-Hammam,,,,,,,"Amendements sur la constitution Né le 21 Mai 1974 à Zribet-Hammam dans le gouvernorat de Zaghouen, il a effectué ses études primaires et secondaires à Ezzriba avant de partir à Sfax pour intégrer la Faculté de droit. Il s'est ensuite dirigé vers Tunis pour entrer à la Faculté de droit de Tunis. Il a essayé après de réaliser un projet de commerce qui consiste en un parc familial mais il a laissé tomber l'idée et a travaillé comme surveillant pendant 3 ans depuis 2007.",,,,ولد السبوعي الجديدي في 21 ماي 1974 بمنطقة زريبة الحمام بولاية زغوان ودرس المرحلتين الابتدائية والثانوية بالزريبة ثم انتقل إلى صفاقس ليلتحق بكلية الحقوق هناك وتابع دراسته بعد ذلك بتونس العاصمة وتحديدا بكلية الحقوق بتونس. حاول السبوعي الجديدي بعد ذلك القيام بمشروع تجاري تمثل في منتزه عائلي لكنه تخلى عنه وعمل كقيم لمدة ثلاث سنوات من سنة 2007.,,2011-11-22,1
TNP-00382,الحبيب اللوز,Habib Ellouz,,,,,حبيب لوز,male,,,,,,,,,,"Amendements sur la constitution Originaire de Sfax où il a poursuit ses études primaires et secondaires et ensuite la faculté des sciences économiques. Il a obtenu son diplôme en 1973 et a travaillé comme entrepreneur au début des années 70 avant de se consacrer à la prédication et l'enseignement en se déplaçant énormément dans les différentes mosquées de Sfax. C'est un membre fondateur du mouvement de la tendance islamique et d'Ennahdha. Il a été président du conseil de la Choura entre 1988 et 1991 par intermittence et ensuite président du mouvement de Juin 1991 jusqu'à la date de son arrestation en Septembre 1991. Il est connu pour ses positions de principe et s'est opposé au changement du nom du mouvement car il voyait qu'il était nécessaire d'entrer dans la scène politique en la qualité de mouvement islamique et de traduire ça dans son discours parce qu'il pense que la vraie bataille est une bataille identitaire avant d'être une bataille politique. Il appelait à former des leaders de prédication populaire et était connu pour son éloquence et son sens de la rhétorique. Il a choisi de rester en Tunisie au lieu de s’exiler malgré l’intensification de la campagne d’éradication. Il était par ailleurs membre du bureau politique du mouvement et son vice porte-parole lors de l’arrestation de Ali Laarayedh. Condamné par contumace à 10 ans de prison suite à la crise de 1981, il est parti dès lors en Algérie avec sa famille et est revenu en 1984 suite au décès de sa mère.",,,,من مواليد 1953 بمدينة صفاقس، زاول تعليمه الابتدائي والثانوي في صفاقس ثم التحق بالجامعة (علوم اقتصادية). تخرج سنة 1973 وعمل مقاولا في بداية السبعينات ثمّ تفرغ للدعوة والتدريس حيث كان كثير التنقل بين مساجد ولاية صفاقس. هو عضو مؤسس لحركة الإتجاه الإسلامي وللنهضة، وقد تولى رئاسة مجلس الشورى ما بين سنتي 1988 حتى 1991 على فترات متقطعة ثم رئاسة الحركة في شهر جوان 1991 حتى تاريخ إيقافه في سبتمبر من سنة 1991 . عرف بمواقفه المبدئية وعارض تغيير إسم الحركة وكان يرى ضرورة أن تدخل الحركة الساحة السياسية بصفتها الإسلامية وأن يتجسد ذلك في خطابها فهو يعتبر أن المعركة الحقيقية هي معركة الهوية قبل أن تكون معركة سياسية. وكان يدعو إلى تكوين قيادات دعوية شعبية. وقد عرف بفصاحته وخطابته. اختار البقاء في تونس على الهجرة إلى رغم اشتداد الحملة الاستئصالية. كان عضوا بالمكتب السياسي للحركة والناطق الرسمي بالنيابة إثر اعتقال علي العريض. حكم عليه غيابا بعشرة سنوات سجنا في محنة 1981 وقد خرج في تلك الفترة إلى الجزائر مع عائلته وعاد سنة 1984 إثر وفاة والدته.,,2011-11-22,1
TNP-00383,الحبيب خضر,Habib Khedher,,,,,حبيب خضر,male,1971-01-08,day,Hamma de Gabès,,,,marié,,,"Amendements sur la constitution Habib Khedher est un jeune politicien servant actuellement dans l'Assemblée Nationale Constituante à la tête du comité mixte de coordination et de rédaction en tant que rapporteur général de la constitution. Il est actuellement membre du bureau central des affaires juridiques au sein du parti islamiste modéré Ennahdha. Khedher est né le 8 Janvier 1971, à Hamma de Gabès. Il a fréquenté l'école primaire et secondaire dans sa ville natale et s’est installé à Sousse pour poursuivre ses études supérieures, avec une spécialisation en droit. Khedher a ensuite fréquenté la Faculté de Droit et Sciences Politiques de Tunis pour obtenir son master en droit des contrats et des investissements. Habib Khedher a travaillé comme avocat depuis 2000, et en tant que professeur à l'Université de Tunis depuis 2002. Il est l'auteur de deux livres qui ont été publiés en Egypte en 2008 et de plusieurs articles juridiques et politiques qui ont été publiés dans diverses revues tunisiennes. Khedher a commencé sa carrière politique en 1991 en représentant d'autres étudiants dans le Conseil national scientifique. Il a été également un partisan de l'idéologie islamiste en Tunisie. Pour cette raison, il a été emprisonné - à deux reprises - pour de courtes périodes durant l'ère Ben Ali. Habib Khedher est marié et a un fils.",,محامي,,الحبيب خضر هو سياسي شاب و حاليا عضو بالمجلس الوطني التأسيسي وهو يرأس الهيئة المشتركة للتنسيق والصياغة بصفته المقرر العام للدستور. هو حاليا عضو باللجنة المركزية للشؤون القانونية لحركة النهضة. ولد الحبيب خضر في 08 جانفي 1971 بالحامة بولاية قابس حيث زاول تعليمه الإبتدائي و الثانوي قبل أن يتوجه إلى سوسة لمتابعة تعليمه العالي في القانون ثم كلية القانون و العلوم السياسية بتونس حيث تحصل على شهادة الماجستير في قانون العقود والاستثمارات. اشتغل الحبيب خضر كمحامٍ منذ سنة 2000 و كأستاذ بجامعة تونس منذ سنة 2002. هو المؤلف لكتابين تم نشرهما بمصر سنة 2008 إلى الجانب العديد من المقالات القانونية و السياسية التي نشرت في العديد من المجلات التونسية. ابتدأ الحبيب خضر مسيرته السياسية سنة 1991 كممثل للطلبة في المجلس الوطني العلمي كما كان من أنصار الفكر الاسلامي بتونس. لهذا السبب، تم سجنه مرتين لمدة قصيرة خلال حكم بن علي.,,2011-11-22,2
TNP-00384,الحسني بدري,Hasni Badri,,,,,حسني بدري,male,1963-01-12,day,Makarem,,,,marié,3,ar,"Amendements sur la constitution Né le 12 Janvier 1963 à Makarem, Sidi Bouzid, il a fait ses études primaires à Makarem et secondaires au lycée de Sidi Bouzid. Il a ensuite poursuivi des études supérieures en histoire et géographie en 1983 et 1984 pour se retrouver enseignant à l’école primaire, puis directeur de l’école Okba Ibnou Nafaâ. Il habite actuellement à Sidi Bouzid. Marié et père de 3 enfants, il maitrise la langue arabe, française et anglaise.",,,,ولد في 12 جانفي 1963 بالمكارم، ولاية سيدي بوزيد. زاول تعليمه الإبتدائي بالمكارم ثم الثانوي بمعهد سيدي بوزيد. تابع تعليمه العالي في التاريخ و الجغرافيا سنة 1983 و 1984 ليجد نفسه معلم بالمدرسة الإبتدائية ثم مدير لمدرسة عقبة ابن نافع. متزوج و أب لثلاثة أبناء. يتقن اللغة العربية و الفرنسية و الإنڨليزية.,,2011-11-22,1
TNP-00385,زهرة صميدة,Zohra Smida,,,,,زهره صميده,female,1963-11-10,day,Nafta,,,,,,,"Amendements sur la constitution Zohra Smida est née le 10 Novembre 1963 à Nafta. Elle a effectué ses études à l'école primaire Hassine Bouzayen à Gafsa et ensuite au lycée secondaire Cité des Jeunes où elle a obtenu son baccalauréat en Lettres en 1982. Elle a intégré l'école de formation des maitres d'école durant la même année. Après l'obtention de son diplôme, Zohra Smida a travaillé comme institutrice à Metlaoui mais s'est stabilisée à l'école Hassine Bouzayen depuis 1988. Zohra Smida appartenait au mouvement islamique depuis 1979. En effet, elle supervisait le section régionale des femmes qui est l'une des structures du mouvement.",,,,ولدت زهرة صميدة في 10/11/1963 بمدينة نفطة. درست بمدرسة الحسين بوزيان الابتداية بقفصة ثم انتقلت الى المعهد الثانوي بحي الشباب حيث تحصلت على شهادة البكالورياآداب سنة 1982. التحقت بعد ذلك زهرة صميدة بمدرسة ترشيح المعلمين وذلك في نفس السنة. بعد تخرجها عملت زهرة صميدة كمدرسة بالمتلوي ثم استقرت في مدرسة الحسين بوزيان منذ سنة 1988. انتمت زهرة صميدة إلى الإتجاه الإسلامي منذ سنة 1979 إذ كانت مشرفة على القطاع النسائي الجهوي وهو مركب من مركبات الاتجاه الإسلامي.,,2011-11-22,1
TNP-00386,الصادق شورو,Sadok Chourou,,,,,صادق شورو,male,1952-01-01,year,,,,,,,,"Amendements sur la constitution Sadok Chourou, né en 1952, est un candidat du parti islamiste modéré Ennahdha, de la circonscription de Ben Arous et député à l'Assemblée Nationale Constituante. Chourou a obtenu un doctorat en chimie de la Faculté des Sciences de Tunis et a enseigné à la faculté de Médecine de Tunis jusqu'à ce qu'il a été arrêté en 1991 pour appartenance à Ennahdha, qui a été interdit pendant cette période. Il a été membre de la commission de la recherche scientifique dans le Cente Universitaire de Recherche Scientifique de Borj Cedria, au sud de Tunis, et un membre de l'Union générale des Travailleurs Tunisiens (UGTT). En tant qu'étudiant, Chourou est devenu connu pour son activisme politique et était présent lors de l'assemblée constitutive de l'Union générale des étudiants tunisiens. Il a rejoint le Conseil de la Shura d'Ennahdha dans les années 1980 et a été élu en 1988 président du mouvement Ennahdha, un poste qu'il a occupé jusqu'à son arrestation et l'emprisonnement en Février 1991. En prison, Chourou a été torturé dans la mesure où il a été emmené à l'hôpital en raison de sa situation critique. Il a également fait une grève de la faim pour protester contre ses conditions de détention. Chourou a été jugé par le tribunal militaire de Tunis en 1992 avec 265 membres d'Ennahdha et le procureur général a écarté la peine de mort. Cependant, sous la pression des organisations internationales des droits de l'homme, le régime de Ben Ali a émis la peine à perpétuité contre lui. Il a été emmené dans différentes prisons, où il a été contraint de dénoncer Ennahdha et de solliciter la grâce présidentielle. Chourou a passé 18 ans en prison, dont 13 en cellule d'isolement dans la prison de Mornaguia, au sud de Tunis. Il a été libéré en Octobre 2010. Moncef Marzouki l'a surnommé «le Mandela de la Tunisie."" Le 23 Janvier 2012, Chourou a suscité la controverse lors d'une intervention dans une séance plénière de l'Assemblée Constituante quand il a cité des versets du Coran incitant à réprimer les manifestants et tous ceux bloquant les routes en Tunisie.",,,,"ولد سنة 1952 و مرشح عن حزب النهضة على دائرة بن عروس ليشغل منصب نائب بالمجلس الوطني التأسيسي. تحصل على شهادة الدكتوراه في الكيمياء من كلية العلوم بتونس و درّس بكلية الطب بتونس إلى أن تم إيقافه سنة 1991 بسبب انضمامه لحركة النهضة التي كانت ممنوعة في تلك الفترة. كان عضوا بلجنة البحث العلمي بالمركز الجامعي للبحث العلمي ببرج السدرية و عضوا بالإتحاد العام التونسي للشغل. أصبح مشهورا كطالب بنضاله السياسي و كان حاضرا بالجلسة التأسيسية للإتحاد العام لطلبة تونس. التحق بمجلس الشورى لحركة النهضة في الثمانينات و تم انتخابه سنة 1988 كرئيس للحركة، منصب قد شغله إلى أن تم إيقافه و سجنه في فيفري 1991. تم تعذيبه بالسجن إلى درجة نقله للمستشفى بسبب حالته الصحية الحرجة كما دخل في إضراب جوع للإحتجاج على ظروف اعتقاله. تمت محاكمته أمام المحكمة العسكرية بتونس سنة 1992 رفقة 265 عضو لحركة النهضة واستبعد النائب العام عقوبة الإعدام. تحت ضغوطات متواصلة من قبل العديد من المنظمات الدولية للدفاع عن حقوق الإنسان، أصدر نظام بن علي عقوبة السجن مدى الحياة ضده. تم نقله إلى العديد من السجون و إجباره للتبليغ عن الحركة و التماس العفو الرئاسي. قضى الصادق شورو 18 سنة في السجن منهم 13 سنة في السجن الإنفرادي بالمرناڨية و تم إطلاق سراحه في أكتوبر 2010. سمّاه المنصف المرزوقي ""منديلا تونس"". في 23 جانفي 2012، أثار شورو جدلا بعد مداخلته بجلسة عامة للمجلس الوطني التأسيسي بتلاوته لآيات قرآنية محثا على قمع المتظاهرين و قطاع الطرق بتونس.",,2011-11-22,1
TNP-00387,الطاهر هميلة,Tahar Hmila,,,,,طاهر هميله,male,,,,,,,marié,6,ar,"Amendements sur la constitution Né le 25/07/1938 à Sousse, il entame sa scolarité à l'école franco-arabe à Msaken, et la poursuit au lycée de garçon à Sousse. Puis il intégre l'école Normale des instituteurs en se spécialisant dans la science de l'écudaction et psychopédagogie. Il devient alors instituteur pour les écoles primaires puis secondaires avant de devenir surveillant général vers 1970. Son parcours politique commence dès le début des années 50 en s'investissant dans la lutte pour l'indépendance aux côtés des destouriens. Il finit par les quitter en 1958 sentant le régime dévier vers la dictature. En 1960 il se rapproche du mouvement Ettajdid tout en continuant à être actif dans le milieu syndical. Puis en 1976, il rejoint le MDS fondé par Ahmed Mestiri et sera tête de liste à Sousse aux élections législatives de 1981. Il reste proche de tous les partis d'opposition et décide de rejoindre le CPR de Moncef Marzouki lors de sa création. Lors du soulèvement populaire de décembre 2010-Janvier 2011 il participe aux manifestations qui ont lieu à Sousse, et il est élu le 23 Octobre 2011 en tant que membre de l'assemblée constituante. Il dit vouloir défendre l'inscription des valeurs humanistes symboles de la révolution dans la future constitution : Liberté, dignité et égalité. Tahar Hmila est marié et père de 6 enfants. Il maitrise la langue arabe et française.",,,,ولد في 25 جويلية 1938 بسوسة ابتدأ تعليمه بالمدرسة الفرنكو-العربية بمساكن ثم بمعهد الذكور بسوسة..إلتحق فيما بعد بدار المعلمين العليا إختصاص علوم التربية و التعليم. إشتغل كمعلم في مدارس إبتدائية وثانوية . تم تعيينه قيم عام ثم ناظر سنة 1970. إبتدأ نشاطه السياسي في اوائل الخمسينات بإلتحاقه بالدستورين في كفاحهم من أجل الإستقلال. غادرطاهر هميلة الدستورين سنة 1958 بمجرد أن لاحظ إنحياز نظامهم نحو الدكتاتورية. إقترب سنة 1960 من حركة التجديد دون أن يتوقف عن نشاطاته النقابية. إلتحق سنة 1976 بحركة الديمقراطيين الاشتراكيين التي أسسها أحمد المستيري حيث ترأس قائمة سوسة في الإنتخابات التشريعية لسنة 1981 . بقي قريبا من أحزاب المعارضة إلى أن إنضم إلى حزب منصف المرزوقي، حزب المؤتمر من أجل الجمهورية عند إنشائه. شارك بالمظاهرات بسوسة في فترة الإنتفاضة الشعبية ديسمبر 2010- جانفي 2011. شارك في انتخابات 23 أكتوبر 2011 و تحصل على مقعد في المجلس الوطني التأسيسي. يدعو إلى ترسيخ القيم الإنسانية التي ترمز للثورة في الدستور; الحرية والكرامة والمساواة. طاهر هميلة متزوج،أب لستة أبناء. يتقن اللغة العربية والفرنسية.,,2011-11-22,1
TNP-00388,العربي عبيد,Arbi Abid,,,,,عربي عبيد,male,1953-06-30,day,Korba,,,,,,,"Amendements sur la constitution Larbi Abid est maintenant le deuxième vice-président de l’Assemblée Nationale Constituante et Secrétaire général de la section du Grand Tunis du Congrès pour la République (CPR). Il est né le 30 Juin 1953 à Korba, Nabeul. Il est titulaire d'un diplôme en droit privé et est avocat et membre de l'Ordre des Avocats de 2001 à 2004. Il a été actif contre le régime de Ben Ali pendant des décennies. Il a été membre de la Ligue tunisienne des droits de l'homme (LTDH) dans les années 1980 et membre fondateur du Conseil national pour les libertés en Tunisie (CNLT) - actuellement dirigée par Sihem Ben Sidrine. Il a été proche de Moncef Marzouki depuis la fondation du CPR en 2001. Il l'a soutenu lors de sa poursuite dans les années 2005-2006 et a rejoint les manifestations devant sa prison à El Kef pour protester contre son emprisonnement. Actuellement, il fait partie du groupe Ettakatol au sein de l’Assemblée Nationale Constituante, après un bref passage dans les rangs du groupe Wafa.",,,,العربي عبيد هو النائب الثاني لرئيس المجلس الوطني التأسيسي و الأمين العام لفرع تونس الكبرى لحزب المؤتمر من أجل الجمهورية. ولد العربي عبيد في 30 جوان 1953 بمدينة قربة (نابل) و متحصل على شهادة في القانون الخاص وهو محامي و عضو بالهيئة الوطنية للمحامين من 2001 إلى 2004. ناضل ضد نظام بن علي طيلة عقود وكان عضوا بالرابطة التونسية للدفاع عن حقوق الإنسان في الثمانينات و عضو مؤسس بالمجلس الوطني للحريات بتونس الذي تديره حاليا سهام بن سدرين. كان قريبا من المنصف المرزوقي منذ تأسيس حزب المؤتمر سنة 2001 و سانده أثناء محاكمته في 2005 و 2006 و انضم إلى الإحتجاجات أمام سجن الكاف للتنديد بحجزه. هو حاليا عضو بكتلة التكتل بالمجلس الوطني التأسيسي بعد مرور موجز بكتلة الوفاء.,,2011-11-22,1
TNP-00389,الفرجاني الدغمان,Ferjani Doghmane,,,,,فرجاني دغمان,male,1955-02-02,day,Tunis,TN-11,,,,,,"Amendements sur la constitution Né le 02 Février 1955 à Tunis, il a effectué ses études primaires et secondaires à l'Ariana et ensuite au lycée Khaznadar où il a obtenu son diplôme de baccalauréat - section Lettres en 1976. Il a intégré l'école nationale d'administration et il a été diplômé en 1979 en tant qu'inspecteur. Il est ensuite parti en France pour poursuivre la deuxième phase de son enseignement à la Sorbonne. Il a eu son diplôme de l'Institut Supérieur du Commerce International en 1985. Il a rejoint le mouvement d'Ennahdha ou ce qu'on appelait autrefois le mouvement de la tendance islamiste en 1977, a été emprisonné en 1986 et a été exilé pendant 20 ans. Il est actuellement membre de l'Assemblée Nationale Constituante et du conseil de la Shoura du parti Ennahdha.",,,,ولد فرجاني دغماني في 02 فيفري 1955 بتونس العاصمة ودرس بالمدرسة الابتدائية والمعهد الثانوي بأريانة ثم معهد خزندار وتحصل على شهادة البكالوريا في الآداب في سنة 1976. التحق بالمدرسة القومية للإدارة حيث تخرج سنة 1979 كمتفقد وانتقل إلى فرنسا بعد ذلك لمتابعة المرحلة الثانية من تعليمه في جامعة السربون حيث تخرج من المعهد العالي للتجارة الخارجية بباريس سنة 1985. انضم إلى حركة النهضة أو ما كان يعرف بالتيار الاسلامي سنة 1977 وتم سجنه سنة 1986 ونفي لمدة 20 سنة. هو الآن عضو بالمجلس الوطني التأسيسي ومجلس الشورى لحركة النهضة.,,2011-11-22,1
TNP-00390,المنصف شارني,Moncef Cherni,,,,,منصف شارني,male,,,,,,,,,,"Amendements sur la constitution Moncef Cherni, né le 24 octobre 1984 au gouvernorat de Jendouba, a étudié à l’école primaire de Jendouba et a obtenu son baccalauréat en 2001. Il a poursuivi ses études universitaires à la faculté des sciences juridiques, économiques et de gestion de Jendouba où il a obtenu sa maîtrise. Il a ensuite poursuivi un master en économie bancaire et financière. Il était adhérent de l’UGET lors de son cursus universitaire, et par la suite, il était adhérent de l’UGTT lors de sa carrière professionnelle à la STEG.",,,,ولد منصف شارني في 24 أكتوبر 1984 بولاية جندوبة ودرس بالمدرسة الإبتدائية بجندوبة تحصل على شهادة البكالوريا سنة 2001 ثم إلتحق بعدها بجامعة جندوبة وتحديدا بكلية العلوم القانونية والإقتصادية والتصرف حيث تحصل على الأستاذية تابع منصف تعليمه بالمرحلة الثالثة حيث تحصل على شهادة ختم المرحلة الثالثة في الإقتصاد البنكي والمالي خلال سنوات دراسته الجامعية، كان منصف منخرطا في الإتحاد العام لطلبة تونس، وبما أنه كان عاملا بالشركة الوطنية للكهرباء إنخرط منصف بالإتحاد العام التونسي للشغل,,2011-11-22,1
TNP-00391,المولدي الرياحي,Mouldi Riahi,,,,,مولدي رياحي,male,,,,,,,marié,2,ar,"Amendements sur la constitution Mouldi Riahi est né à Tunis le 12 Janvier 1949. Il a étudié au collège Sadiki à Tunis et a obtenu son baccalauréat section philosophie et littérature classique en 1968. Il a ensuite obtenu sa maitrise en langue et littérature arabe et le diplôme complémentaire en philosophie islamique de la faculté des lettres et des sciences humaines de Tunis en 1972. Il a enseigné de 1972 jusqu’à 1989 dans les lycées tunisiens à l’intérieur du pays et aussi au lycée pilote de l’Ariana. Après, il a rejoint l’enseignement français en Tunisie jusqu’à 2010. Il était coordinateur de l’enseignement de la langue arabe dans les écoles françaises en Tunisie. Pendant ce temps, il a préparé son diplôme d’agrégation en langue, littérature et civilisation arabo-musulmane en 1995. Pour des raisons liées à son affiliation politique, il a été radié de la fonction publique en 1996 sans comparaitre devant le conseil de discipline. Lorsqu’il était dans l’enseignement français, il a participé à la réforme de l’enseignement de la langue arabe dans les écoles françaises en Tunisie en coordination avec l’inspection générale de l'enseignement de la langue arabe en France. Comme résultat, l’enseignement de la langue et de la civilisation arabe ainsi que l’histoire arabo-musulmane a été renforcé au sein de ces institutions, tout comme la section internationale du baccalauréat et les sections internationales au niveau de l’enseignement de base. En guise de reconnaissance de ses services rendus dans le domaine de l’enseignement tout au long de cette période, il a reçu en 2002 l'insigne de Chevalier de l'Ordre des Palmes académiques du ministère de l’éducation français. Il avait une activité syndicale au niveau de l’enseignement secondaire depuis 1973, ensuite au sein de la Ligue Tunisienne pour la Défense des Droits de l’Homme lors de sa création, et il est resté jusqu’à maintenant au courant de ses activités, surtout au niveau de la section de l’Ariana. Il a rejoint le Mouvement des Démocrates Socialistes en 1982 et a occupé des responsabilités en son sein, de la section, à l’université, en arrivant au conseil national et finalement en tant que membre du bureau politique. Il a quitté le mouvement en 1992 lorsqu’il a eu la conviction qu’il n’est pas capable de réaliser les objectifs pour lesquels il a été fondé, et lorsque le RCD et l’autorité politique qui gouvernait à l’époque avaient mis la main sur les partis d’opposition et ont trouvé du soutien de l’intérieur de ces partis. En 1994, il a été l’un des fondateurs du Forum Démocratique pour le Travail et les Libertés avec Mustapha Ben Jaafar, Khalil Ezzaouia, Abdellatif Abid, Mohamed Bennour, et plusieurs autres. Au sein du MDS, il était membre du bureau politique chargé des jeunes et rapporteur de la commission politique présidée par Ahmed Mestiri à l’époque. Depuis la création du FDTL, il est chargé des structures au sein du parti et du règlement intérieur. Il a été élu à l’Assemblée Nationale Constituante sur la circonscription de l’Ariana. Il est le président du bloc d’Ettakatol au sein de l’ANC ainsi qu’un membre de la commission de la législation générale. Il est marié et père de deux enfants.",,,,"مولدي رياحي من مواليد تونس في 12 جانفي 1949. درس بالمعهد الصادقي بتونس و تحصل على البكالوريا شعبة الفلسفة و الأداب الكلاسكية سنة 1968. تحصل على الأستاذية في اللغة و الآداب العربية و الشهادة التكميلية في الفلسفة الإسلامية من كلية الآداب و العلوم الإنسانية بتونس سنة 1972. درّس من 1972 إلى 1989 بالمعاهد التونسية داخل الجمهورية و كذلك بالمعهد النموذجي بأريانة. بعد ذلك إلتحق بالتعليم الفرنسي بتونس إلى سنة 2010. كان منسق تدريس اللغة العربية بالمعاهد الفرنسية بتونس. في الأثناء أعد شهادة التبريز في اللغة و الآداب و الحضارة العربية و الإسلامية سنة 1995 بتونس. لأسباب واهية قائمة على خلفيات سياسية وقع شطبه من الوظيفة العمومية دون أن يمثل أمام مجلس تأديب سنة 1996. عندما كان في التعليم الفرنسي شارك في عملية إصلاح تدريس اللغة العربية في المعاهد الفرنسية بتونس و ذلك بالتنسيق مع التفقدية العامة لتدريس اللغة العربية بفرنسا. و نتيجة لذلك تم تدعيم تدريس اللغة و الحضارة العربية و التاريخ العربي و الإسلامي صلب هذه المؤسسات ودعم الشعبة الدولية للبكالوريا والشعب الدولية في مستوى الإعدادية. إثر ذلك وقع توسيمه بالسعفة الأكاديمية من وزارة التربية الفرنسية اعترافا بالخدمات التي قدمها في مجال التدريس طوال هذه المدة سنة 2002. انخرط في العمل النقابي في مستوى التعليم الثانوي من سنة 1973, ثم بالرابطة التونسية للدفاع عن حقوق الإنسان عند تأسيسها و بقي إلى الآن مواكبا لنشاطاتها خاصة في مستوى فرعها بأريانة. إنضم إلى حركة الديمقراطيين الإشتراكيين في سنة 1982 و تقلد مسؤوليات صلبها من الفرع إلى الجامعة إلى المجلس الوطني إلى عضوية المكتب السياسي. غادر هذه الحركة سنة 1992 عندما تيقن أنها لم تعد قادرة على تحقيق الأهداف التي تأسست من أجلها، عندما وضع التجمع الدستوري الديمقراطي و السلطة السياسية الحاكمة آنذاك يدها على جل أحزاب المعارضة و وجدت الدعم من الداخل. في سنة 1994 كان من مؤسسي التكتل الديمقراطي من أجل العمل و الحريات مع السيد مصطفى بن جعفر، السيد خليل الزاوية، السيد عبد اللطيف عبيد، السيد محمد بنور و غيرهم. في حركة الديمقراطيين الإشتراكيين كان عضو مكتب سياسي مكلف بالشباب و كان في نفس الوقت مقرر اللجنة السياسية التي كان يترأسها السيد أحمد المستيري إذاك. و منذ تأسيس التكتل هو يعتني بالهياكل صلب الحزب و النظام الداخلي. وقع إنتخابه في المجلس الوطني التأسيسي على دائرة أريانة وهو رئيس كتلة التكتل بالمجلس وعضو لجنة التشريع العام.",,2011-11-22,1
TNP-00392,الناصر إبراهمي,Naceur Brahmi,,,,,ناصر ابراهمي,male,1953-05-26,day,Sidi Bouzid et issu d'une famille modeste d'agriculteurs,,,,,,,"Amendements sur la constitution Né le 26 Mai 1953 à Sidi Bouzid et issu d'une famille modeste d'agriculteurs, il a effectué ses études primaires à l'école de Bir Amama à Sidi Bouzid et a ensuite poursuivi ses études secondaires à Gafsa. Il s'est dirigé par la suite vers Tunis pour intégrer la Faculté des Lettres de 9 Avril. Il était actif au sein de plusieurs syndicats base comme le syndicat de base de la Faculté de 9 Avril et syndicat de base de l'enseignement secondaire. Il était aussi actif dans le milieu associatif. Suite à son élection comme membre de l'Assemblée Nationale Constituante et dès la formation du mouvement Wafa, il a été choisi pour être membre de son bureau politique.",,,,ولد الناصر براهمي في 26 ماي 1953 بولاية سيدي بوزيد، من عائلة متواضعة تشتغل بالفلاحة. درس بالمدرسة الابتدائية بئر عمامة بسيدي بوزيد ثم انتقل لمتابعة تعليمه الثانوي بقفصة. اثر انهائه لمرحلة التعليم الثانوي توجه الى العاصمة ليدرس في كلية الآداب 9 أفريل. نشط الناصر براهمي في عديد النقابات الأساسية منها النقابة الأساسية لكلية 9 أفريل و النقابة الأساسية للتعليم الثانوي. كان له نشاط جمعياتي كذلك. إثر انتخابه كعضو بالمجلس الوطني التأسسي وعند تشكيل حركة وفاء تم إختياره ليكون عضو في المكتب السياسي للحركة.,,2011-11-22,1
TNP-00393,النفطي المحظي,Nafti Mahdhi,,,,,نفطي محظي,male,1980-06-04,day,Ben Guerdane,,,,marié,,ar,"Amendements sur la constitution Né le 04 Juin 1980 à Ben Guerdane, Mednine, il a fait ses études primaires à l’école Tariq Al Marsa à Ben Guerdane et ses études secondaires au lycée mixte de Ben Guerdane pour y obtenir son baccalauréat en 1999. Il a ensuite intégré la Faculté des Sciences de Sfax où il a décroché une maitrise en Sciences en 2005 et un master en Géologie en 2008. Il était le fondateur des étudiants indépendants de l’université en 2002 et membre de l’association liberté et équité en 2006. Il a rejoint le mouvement Ennahdha en 2002 et a été arrêté 4 à 5 fois en 2010 à Ben Guerdane. Jeune marié, il maitrise la langue arabe, française et anglaise.",,,,"ولد في 04 جوان 1980 ببن ڨردان، مدنين. زاول تعليمه الإبتدائي بمدرسة طريق المرسىى ببن ڨردان ثم الثانوي بالمعهد المختلط ببن ڨردان ليتحصل على شهادة البكالوريا سنة 1999. التحق بكلية العلوم بصفاقس حيث تحصل على شهادة الأستاذية في العلوم سنة 2005 ثم الماجستير في الجيولوجيا سنة 2008. أسس ""الطلاب المستقلون بالجامعة"" سنة 2002 و عضوا بجمعية حرية و إنصاف سنة 2006. إلتحق بحركة النهضة سنة 2002 و تم إيقافه 4 أو 5 مرات ببن ڨردان سنة 2010. متزوج. يتقن العربية و الفرنسية و الإنڨليزية.",,2011-11-22,1
TNP-00394,الهادي بن ابراهم,Hedi Ben Braham,,,,,هادي بن ابراهم,male,1951-04-13,day,,TN-53,,,,,,"Amendements sur la constitution Hedi Ben Braham est né le 13 Avril 1951 dans le gouvernorat de Mahdia. Il a étudié à l'école Ezzahra à Mahdia, le collège de la même région et ensuite au lycée de garçons de Sousse où il a obtenu son baccalauréat en 1969. Il a intégré par la suite la Faculté de Droit et des Sciences Economiques de Tunis où il obtenu, en premier lieu, une licence en 1974, et ensuite, un diplôme d'études supérieures en 1976, et finalement, un diplôme d'études approfondies en 1981. Suite à cela, il a rejoint l'enseignement. En effet, il a enseigné entre 1984 et 1994. Concernant ses activités politiques, Hedi Ben Braham est considéré comme l'un des fondateurs du mouvement islamique et était le premier prisonnier politique de ce mouvement. Il a été emprisonné pendant un mois en 1980 et 7 mois en 1983 et a été poursuivi depuis 1994. Hedi Ben Braham a participé dans l'élaboration du programme économique du mouvement Ennahdha.",,أستاذ جامعي,,ولد هادي بن براهم في 13/04/1951 بولاية المهدية ودرس بمدرسة الزهرة بالمهدية كذلك ثم بالمدرسة الاعدادية بنفس الولاية ليتحصل على شهادة البكالوريا سنة 1969 بالمعهد الثانوي للفتيان بسوسة. إلتحق بعد ذلك بكلية الحقوق والعلوم الإقتصادية بتونس حيث تحصل أولا على الاجازة سنة 1974 ثم شهادة الدراسات العليا في سنة 1976 و بعد ذلك على شهادة الدراسات المعمقة في سنة 1981. إلتحق بعد ذلك هادي بن براهم بسلك التعليم ودرس من سنة 1984 إلى سنة 1994 بكلية مغارم. بالنسبة للعمل السياسي فهادي بن براهم يعتبر أحد مؤسسي الإتجاه الاسلامي وهو أول سجين سياسي بالنسبة لهذا الإتجاه إذ سجن لمدة شهر سنة 1980 و 7 اشهر سنة 1983 ومنذ سنة 1994 وهو ملاحق. ساهم بن براهم في صياغة البرنامج الإقتصادي لحركة النهضة.,,2011-11-22,2
TNP-00395,الهادي الشاوش,Hedi Chaouech,,,,,هادي شاوش,male,,,,,,,,,,"Amendements sur la constitution Né le 29 Août 1956 dans la ville de Moknine (Monastir), il a effectué ses études primaires à l'école Ben Salah de Moknine et ensuite ses études secondaires au lycée de Moknine. Il est ensuite parti à Tunis pour intégrer l'école nationale d'administration. Il a occupé la position de directeur générale au ministère des finances avant son élection à l'Assemblée Nationale Constituante.",,,,ولد الهادي الشاوش في 29 أوت 1956 بمدينة المكنين من ولاية المنستير. درس بالمدرسة الابتدائية بن صالح بالمكنين ثم بالمعهد الثانوي بالمكنين. انتقل بعد ذلك إلى تونس العاصمة ليلتحق بالمدرسة الوطنية للإدارة. عمل الهادي الشاوش قبل دخوله المجلس الوطني التأسيسي في خطة مدير عام بوزارة المالية.,,2011-11-22,1
TNP-00396,الوليد بناني,Walid Bennani,,,,,وليد بناني,male,1956-11-11,day,,,,,marié,3,ar,"Amendements sur la constitution Né le 11 Novembre 1956, il est diplômé de l'Ecole Nationale d'Administration en 1976 et a ensuite travaillé en tant que directeur de service au ministère du Transport. Il a poursuivi ses études en Belgique où il a obtenu son diplôme de gestion des entreprises. Il est l'un des fondateurs du mouvement Ennahdha et son président de 1991 à 1992, et membre de son bureau exécutif. En 1981, il a été condamné à 5 ans de prison à cause de son appartenance au mouvement islamiste et ensuite de 50 ans de prison. Il s'est enfui de la Tunisie en 1990 pour aller en Belgique et n'est pas revenu qu'après la révolution. En 1992, il a été condamné par contumace à la prison à vie. Il est marié et père de 3 enfants, maitrise la langue arabe et française.",,,,"ولد يوم 11 نوفمبر 1956 تخرج من المدرسة القومية للإدارة سنة 1976 وعمل اثرها كمدير مصلحة بوزارة النقل والمواصلات ثم واصل دراسته في بلجيكا أين تحصل على شهادة إدارة مؤسسات. هو من مؤسسي حركة النهضة و رئيسها من 1991 إلى 1992, عضو المجلس التنفيذي للحركة . حكم عليه سنة 1981 بخمسة سنوات سجن بسبب إنتماه إلى ألإتجاه الإسلامي و اثرها بخمسين سنة سجن. في سنة 1990 فر من تونس والتحق ببلجيكا ولم يرجع إلا بعد الثورة. في سنة 1992 حكم عليه غيابياً بالسجن مدى الحياة.",,2011-11-22,1
TNP-00397,آمال عزوز,Amel Azzouz,,,,,امال عزوز,female,1963-02-28,day,Gabès,TN-81,,,mariée,2,ar;fr;en,"Amendements sur la constitution Née le 28 Février 1963 à Gabès, elle mène des études à Sousse en littérature anglaise. Diplômée en 2001 d’un DEA puis agrégée en littérature anglaise, elle s’inscrit par ailleurs en doctorat dans la même spécialité qu’elle met en suspens en 2011. Son activité politique débute dans le milieu universitaire au début des années 80 au sein de l’UGTE et dure jusqu’en 1991, date à laquelle son mari est emprisonné pour 14 ans. Elle reprend l’activité politique après le 14 Janvier 2011 en devenant membre du bureau régional d’Ennahdha à Gabès. Pour la future constitution, elle souhaite défendre les valeurs de la citoyenneté et du respect. Elle souhaite par ailleurs participer à l’émancipation de la femme par l’acquisition du savoir et des connaissances. Mariée et mère de 2 enfants, elle maîtrise la langue arabe, française et anglaise.",,,,ولدت في 23 فيفري 1963، درست الآداب الإنقليزية بسوسة. تحصلت على ماجستير في 2001 ثم على تأهيلها الجامعي، إبتدأت دكتوراه في نفس الإختصاص إلى سنة 2011 دون إكماله. نشاطها السياسي إبتدأ في الوسط الجامعي في بداية الثمانينات مع الإتحاد العام التونسي للطلبة إلى سنة 1991 : السنة اللتي سجن فيها زوجها لمدة 14 سنة. عادت إلى نشاطها السياسي بعد 14 جانفي 2011 بإنضمامها إلى المكتب الجهوي للنهضة بقابس. تدعو للدفاع عن قيم المواطنة و الإحترام وتود المشاركة في تدعيم المرأة عبرالعلم و المعرفة. متزوجة و لها إبنان. تتقن اللغات العربية، الفرنسية و الإنقليزية.,,2011-11-22,1
TNP-00398,آمال غويل,Amel Ghouil,,,,,امال غويل,female,,,,,,,mariée,,,"Amendements sur la constitution Amel Ghouil est née le 26/08/1966 et a décroché son baccalauréat littéraire puis une licence en droit privé. Après des études de droit et une scolarité à Tunis, elle devient enseignante de droit privé et fait une thèse sur le droit des contrats à la faculté de droit de Sousse. Depuis qu’elle est députée, elle continue d’enseigner à la Manouba (ISCAE). Elle est mariée et mère de trois garçons. Son mari est avocat. Ce symathisant Ennahdha a milité avec l’UGTE quand il était étudiant et a défendu des opposants de l’ancien régime. Son père était enseignant à la Zeitouna (professeur de théologie) et elle a grandi dans l’attachement aux valeurs de l’islam et à l’identité arabo-musulmane, qu’elle essaie de transmettre à ses enfants. Elle n’a pas eu d’engagement politique avant la révolution. C’est après qu’elle adhère au mouvement Ennahdha qui cherchait alors des cadres et surtout des femmes pour son parti.",,,,ولدت آمال غويل في 26/08/1966 وتحصلت على شهادة البكالوريا اختصاص آداب ثم تحصلت على الإجازة في القانون الخاص وبعد ذلك واصلت تعليمها لتتحصل على شهادة الدراسات المعمقة في نفس الإختصاص. اصبحت استاذة قانون خاص وقامت بأطروحة على قانون العقود بكلية القانون بسوسة. منذ أن شغلت منصب نائبة بالمجلس التأسيسي واصلت التعليم بجامعة منوبة. متزوجة وأم لثلاث أطفال. زوجها محام وينتمي لحركة النهضة وناضل في صفوف الإتحاد العام التونسي للطلبة عندما كان طالبا ودافع على عدد من المعارضين للنظام البائد. كان والدها استاذا بالزيتونة (استاذ في أصول الدين) وترعرعت داخل عائلة متمسكة بمبادئ الإسلام والهوية العربية الإسلامية التي تحاول ان تنقلها إلى أطفالها. لم تنخرط آمال في أي نشاط سياسي قبل الثورة.,,2011-11-22,1
TNP-00399,أميرة مرزوق,Amira Marzouk,,,,,اميره مرزوق,female,,,,,,,,,,"Amendements sur la constitution Amira Marzouk, née le 27 février 1981 au gouvernorat de Siliana, a fait ses études primaires à Gafsa et Korba, puis ses études secondaires à Monastir ou elle a obtenu son baccalauréat en 2000. Elle a par la suite rejoint la faculté de droit de Sousse, ou elle a obtenu une maitrise en droit, spécialité droit privé, elle a par la suite obtenu un master en droit des affaires à Sfax. Elle a travaillé comme directrice administrative d’une société privée avant de se présenter aux élections de l’assemblée nationale constituante. Elle est aussi membre du parlement africain depuis mai 2012 et rapporteur de la commission de la justice et des droits de l’Homme de ce parlement, elle a participé à des missions conjointes avec ce parlement : - La commission d’investigation relative au litige entre le nord et le sud Soudan, en tant que représentante de la région nord Afrique, en septembre 2012. - La mission spéciale d’observation des élections au Burkina Faso en décembre 2012 et le Kenya en février 2013.",,,,ولدت اميرة مرزوق بتاريخ 27 فيفري 1981 بولاية سليانة. زاولت تعليمها الابتدائي بكل من قفصة وقربة وتعليمها الثانوي بالمنستير. تحصلت على الباكالوريا سنة 2000 والتحقت بكلية الحقوق بسوسة لنيل الاستاذية في الحقوق اختصاص قانون خاص ثم الماجستير قانون الاعمال بصفاقس. عملت كمديرة ادارية لشركة خاصة قبل ترشحها لانتخابات المجلس الوطني التأسيسي. إضافة الى ذلك فهي نائبة بالبرلمان الإفريقي منذ ماي 2012 ومقررة لجنة العدل وحقوق الانسان بالبرلمان الإفريقي كما شاركت بمهمات مشتركة مع الاتحاد الافريقي : - لجنة تقصي الحقائق الخاصة بالنزاع القائم بين شمال وجنوب السودان ممثلة لإقليم شمال افريقيا سبتمبر 2012 - البعثة الخاصة بمراقبة الانتخابات في كل من بوركينافاسوا ديسمبر 2012 وكينيا فيفري 2013.,,2011-11-22,1
TNP-00400,إياد الدهماني,Iyed Dahmani,,,,,اياد دهماني,unknown,,,,,,,,,,Amendements sur la constitution Cet élu refuse de nous donner sa biographie.,,,,هذا النائب رفض مدنا بسيرته الذاتية.,,2011-11-22,1
TNP-00401,إيمان بن محمد,Imen Ben Mhamed,,,,,ايمان بن محمد,female,1984-11-13,day,Kebili,TN-73,,,,,ar,"Amendements sur la constitution Imen Ben Mhamed est née le 13 Novembre 1984 à Kebili. Elle est diplômée de l’Université de Rome dans le domaine de la coopération internationale et du développement économique et aussi de l’Institut Tunisien de Politique relatif au centre d'études méditerranéennes et internationales. A l’âge de 14 ans, elle est partie avec sa famille de la Tunisie pour rejoindre son père qui était un exilé politique en Italie et n’est retournée en Tunisie qu’une seule fois avant la révolution en raison des poursuites et des pressions que subissait sa famille. Elle était responsable de l’association des jeunes musulmans dans le Sud de l’Italie et la vice-présidente de la commission « Famille et politiques de travail » dans le forum des jeunes et de la société civile en Italie. Elle a aussi participé à plusieurs congrès en Italie et en Europe concernant le dialogue des cultures et a formé des enfants ainsi que des jeunes dans les lycées italiens dans le domaine du rapprochement des religions et des cultures. Imen Ben Mhamed est membre de l’Assemblée Nationale Constituante Tunisienne et aussi du conseil maghrébin de la choura. Elle maitrise la langue arabe, italienne, française et anglaise.",,ممثل جمعياتي,,"ولدت إيمان بن محمد في 13 نوفمبر 1984 بڨبلي وهي متخرجة من جامعة روما في مجال التعاون الدولي والتنمية الإقتصادية وكذلك من معهد تونس للسياسة التابع التابع لمركز الدراسات المتوسطية والدولية. رحلت مع العائلة من تونس في سن الرابعة عشر التحاقا بوالدها الذي كان لاجئا سياسيا بإيطاليا و لم تعد إلى تونس إلا مرة واحدة قبل الثورة نظرا لما كان يمارس ضد عائلتها من تضييق و ملاحقة. كانت مسؤولة عن جمعية الشباب المسلم بجنوب إيطاليا ونائبة رئيس لجنة ""الأسرة وسياسات العمل"" في منتدى الشباب والمجتمع المدني بإيطاليا. كما شاركت إيمان في العديد من المؤتمرات على مستوى إيطاليا وأوروبا في حوار الثقافات وقامت بتكوين الأطفال والشباب في المعاهد بإيطاليا في مجال تقارب الأديان والثقافات. إيمان عضو بالمجلس الوطني التأسيسي التونسي وكذلك عضو بمجلس الشورى المغاربي. إيمان تتقن اللغة العربية والإيطالية والفرنسية والإنجليزية.",,2011-11-22,2
TNP-00402,أيمن الزواغي,Aymen Zouaghi,,,,,ايمن زواغي,male,1983-12-18,day,Teboursouk,,,,,,,"Amendements sur la constitution Né le 18 Décembre 1983 à Teboursouk, Beja, il a fait ses études primaires et secondaires à Cité Mecenis de Teboursouk où il a obtenu son baccalauréat en 2002. Il a ensuite intégré la Faculté des Sciences Juridiques, Politiques et Sociales de Tunis 2 où il a décroché en premier lieu une maitrise en Droit en 2009 et un master en 2011. Il n’avait aucune activité politique avant la révolution de Janvier 2011.",,,,ولد في 18 ديسمبر 1983 بتبرسق، ولاية باجة. زاول تعليمه الإبتدائي ثم الثانوي بحي المسانيس بتبرسق إلى أن تحصل على شهادة البكالوريا سنة 2002. إلتحق بعد ذلك بكلية العلوم القانونية والسياسية والاجتماعية بتونس 2 حيث تحصل أولا على شهادة الأستاذية في القانون سنة 2009 و شهادة الماجستير سنة 2011. لم تكن له أي أنشطة سياسية قبل ثورة جانفي 2011.,,2011-11-22,1
TNP-00403,بدر الدين عبد الكافي,Badreddine Abdelkafi,,,,,بدر دين عبد كافي,male,,,,,,,,3,,"Amendements sur la constitution BadreddineAbdelkafi est père de trois enfants, il a obtenu un diplôme en sciences de la faculté des sciences (université de Sfax) en 1981. Il a enseigné les mathématiques dans deux institus à Gabes durant 7 ans. Il a représenté les étudiants du sud durant le sommet du mouvement islamique en avril 1981 durant lequel l’annonce d’un nouveau parti politique a été décidée (ce qui était une première dans l’histoire des mouvements islamiques dans la région). Il a été arrêté en 1981 et emprisonné plus tard en 1987, sans jugement, pour une période de 8 mois. Il a été condamné à 11 ans d’emprisonnement en 1991 (pour avoir formé une organisation illégale) et a été relâché en 2002. Il a aussi été représentant syndical des enseignants secondaires durant 3 ans. Après la révolution, il a été élu secrétaire général du parti Ennahdha dans la circonscription de Sfax sud, avant d’être élu à l’assemblée nationale constituante. Assesseur chargé des relations avec le citoyen, la société civile et les tunisiens à l'étranger.",,,,بدر الدّين عبد الكافي أب لثلاثة أبناء، تحصّل على شهادة في العلوم من كليّة العلوم بصفاقس (جامعة صفاقس) سنة 1981. ثمّ درّس في معهدين في قابس لمدّة سبع سنوات. مثّل طلبة الجنوب خلال قمّة حركة الإتّجاه الإسلامي في أفريل 1981 أين تمّ التّقرير عن إعلان حزب جديد (و هو سابقة في تاريخ الحركات الإسلاميّة في الجهة). تمّ إيقافه سنة 1981 و سجنه لاحقا سنة 1987 دون محاكمة لمدّة 8 أشهر. ثمّ حكم عليه بـ11 سنة سجنا سنة 1991 (من أجل تأسيس جمعيّة غير مرخّص لها) و تمّ إطلاق سراحه سنة 2002. شغل أيضا خطّة ممثّل نقابي لمدرّسي التّعليم الثّانوي لمدّة 3 سنوات. إثر الثّورة، تمّ انتخابه كاتبا عامّا لحزب النّهضة في دائرة صفاقس الجنوبيّة، قبل أن يتمّ انتخابه في المجلس الوطني التّأسيسي، أين يشغل خطّة مساعد الرئيس المكلّف بالعلاقات مع المواطن ومع المجتمع المدني والتونسيين بالخارج.,,2011-11-22,1
TNP-00404,بسمة الجبالي,Basma Jebali,,,,,بسمه جبالي,female,1975-12-25,day,Houmet Essouk (Djerba) où elle a effecuté ses études primaires,,,,,,,Amendements sur la constitution Basma Jebali est née le 25 Décembre 1975 à Houmet Essouk (Djerba) où elle a effecuté ses études primaires. Elle a obtenu son baccalauréat - section Lettres - en 1995 au lycée technique de Houmet Essouk et a intégré ensuite l'Institut National du Travail et des études sociales de Tunis où elle a obtenu sa maitrise en études sociales. Elle a été interdite de la fonction publique. Elle militait au sein du mouvement Ennahdha depuis qu'elle était élève.,,غير مصنف,,ولدت بسمة جبالي في 25/12/1975 بجربة حومة السوق ودرست بالمدرسة الإبتدائية حومة السوق. تحصلت في سنة 1995 على شهادة البكالوريا اختصاص آداب بالمعهد التقني بحومة السوق جربة والتحقت بعد ذلك بالمعهد الوطني للشغل والدراسات الاجتماعية بتونس حيث تخرجت كأستاذة في الدراسات الإجتماعية. تم منعها من ممارسة الوظيفة العمومية. كانت بسمة ناشطة في حركة النهضة منذ أن كانت تلميذة.,,2011-11-22,2
TNP-00405,بشير اللزام,Bechir Lazzem,,,,,بشير لزام,male,1959-12-08,day,,,,,,,,"Amendements sur la constitution Né le 08 décembre 1959, il a étudié à l’école primaire rue de la Grèce à Bizerte et a obtenu son baccalauréat en 1979 au lycée Farhat Hached. Il a étudié la médecine à la faculté de médecine de Tunis et s’est spécialisé en pédiatrie. Il est parti en France pour deux ans pour des stages de perfectionnement et a passé le concours d’assistanat. Il a enseigné à Sousse tout en pratiquant à Kairouan, puis a ouvert son propre cabinet. Il a été actif au sein du syndicat des médecins de profession libérale à Bizerte.",,,,من مواليد 08 ديسمبر 1959، درس بالمدرسة الإبتدائيّة نهج اليونان بنزرت وتحصّل على باكالوريا علوم سنة 1979 من معهد فرحات حشّاد بنزرت. درس الطّب بكليّة الطّب بتونس وإختصّ في طبّ أطفال. درس ٱيضا في فرنسا لسنتين في إطار تحسين المكتسبات واجتاز مناظرة المساعدين الاستشفائيّين الجامعيّين. درّس بسوسة وكان طبيبا إستشفائيّا بالقيروان وكان ناشطا في نقابة أطبّاء المهنة الحرّة ببنزت.,,2011-11-22,1
TNP-00406,بية جوادي,Baya Jaouadi,,,,,بيه جوادي,female,1969-04-20,day,Jendouba,TN-32,,,mariée,,ar,"Amendements sur la constitution Née le 20 Avril 1969 à Jendouba, elle entame sa scolarité dans l'école ""El Manakh"" située à 20km de Jendouba, intègre ensuite le lycée de jeunes filles à Jendouba dont elle fût exclue le 1er Novembre 1986 en raison du port du voile. Ceci l'oblige à rejoindre un lycée privé à Tunis pour y décrocher son baccaularéat en lettres. Par la suite elle s'inscrit à la faculté des sciences humaines et sociales ""9 Avril"" de Tunis où elle y étudie jusqu'en 1992 la langue et littérature arabe et milite au sein de l'UGTE (association étudiante à tendance islamique). Ce n'est qu'en 2005, elle décroche son premier emploi et devient enseignante dans le secondaire. Pour la future constitution, elle s'attachera à défendre la liberté, la démocratie et la séparation et l'équilibre des pouvoirs afin d'empêcher le retour de toute forme de dictature. Mariée et mère de famille, elle maitrise la langue arabe.",,,,"ولدت في 20 أفريل 1969 بجندوبة. إبتدأت تعليمها بمدرسة المناخ, التي تقع على بعد 20 كلم من لاية جندوبة. تم رفتها من معهد الإناث بجندوبة في 1 نوفمبر 1986 بسبب إرتداء الحجاب مما أجبرها على الإلتحاق بمعهد خاص بتونس حيث تحصلت على شهادة الباكالوريا إختصاص أداب. درست اللغة و الأداب العربية بكلية 9 أفريل للعلوم الإنسانية و الإجتماعية إلى سنة 1992. نشطت في الاتحاد العام التونسي للطلبة ,منظمة طلابية اسلامية تونسية. لم تتمكن من الحصول على عمل إلا سنة 2005 حيث أصبحت أستاذة في التعليم الثانوي. تدعو إلى ترسيخ قيم الحرية و الديموقراطية والفصل و التوازن بين السلطات في الدستور خشية العودة إلى أي مظهر من مظاهر الدكتاتورية. متزوجة و أم. تتقن اللغة العربية.",,2011-11-22,1
TNP-00407,جلال فرحات,Jalel Farhat,,,,,جلال فرحات,male,1957-11-20,day,Mahdia,TN-53,,,,,,Amendements sur la constitution Jalel Farhat est né le 20 Novembre 1957 à Mahdia. Il a effectué ses études primaires à l’école Ibn Rochd à Mahdia et ensuite ses études secondaires au lycée Taher Sfar de la même ville où il a obtenu son baccalauréat en Lettres en 1973. Il a fait un an d’études supérieures en Droit mais a arrêté ses études pour passer le concours des maitres d’écoles en 1979 pour travailler dans ce secteur jusqu’à 2010 et il est encore directeur d’une école primaire. Il n’avait aucune activité politique avant la révolution.,,,,ولد جلال فرحات في 20/11/1957 بالمهدية ودرس بالمدرسة الابتدائية إبن رشد بالمهدية ثم بالمعهد الثانوي الطاهر صفر بالمهدية حيث تحصل جلال على شهادة البكالوريا إختصاص آداب سنة 1973. درس سنة في مجال الحقوق ولكنه انقطع بعد ذلك عن الدراسة لاجتياز مناظرة المعلمين سنة 1979 وعمل في مجال التعليم إلى سنة 2010 وهو لا يزال مدير مدرسة إبتدائية. لم يكن له أي نشاط سياسي قبل الثورة.,,2011-11-22,1
TNP-00408,جلال بوزيد,Jalel Bouzid,,,,,جلال بوزيد,male,1959-07-29,day,,,,,,,ar,"Amendements sur la constitution Né le 29 Juillet 1959, il a effectué ses études secondaires au lycée de Garçons de Sousse – promotion de 1979. Il a poursuivi ses études supérieures à l’école nationale des ingénieurs de Sfax. Enseignant chercheur à l’école nationale des ingénieurs de Sfax (ENIS), il s’est présenté comme tête de liste d’Ettakatol sur la circonscription de Sfax 2. Il maitrise l’arabe, le français et l’anglais.",,,,ولد جلال بوزيد في 29 جويلية 1959 ودرس بالمعهد العالي للفتيان بسوسة حيث تحصل على شهادة البكالوريا في 1979 ثم إلتحق بالمدرسة الوطنية للمهندسين بصفاقس ثم عمل كأستاذ باحث في المدرسة الوطنية للمهندسين بصفاقس (ENIS). ترشح عن حزب التكتل بدائرة صفاقس 2 في انتخابات المجلس التأسيسي. يتقن اللغة العربية والفرنسية والإنجليزية.,,2011-11-22,1
TNP-00409,جمال القرقوري,Jamel Gargouri,,,,,جمال قرقوري,male,1976-01-30,day,,,,,,,,"Amendements sur la constitution Né le 30 Janvier 1976, il a effectué ses études secondaires au lycée Mohamed Ali Sfax (Bac 1994). Il a poursuivi ses études supérieures à la Faculté de Médecine de Sfax. Il est médecin spécialiste des maladies de l'appareil digestif.",,,,درس بالمعهد الثانوي محمد علي بصفاقس وتحصل على الباكلوريا سنة 1994 ثم تابع تعليمه العالي بكلية الطب بصفاقس ليصبح طبيب متخصص في أمراض الجهاز الهضمي.,,2011-11-22,1
TNP-00410,جمال طوير,Jamel Touir,,,,,جمال طوير,male,1959-02-03,day,Monastir,TN-52,,,,,,"Amendements sur la constitution Né le 03 Février 1959 à Monastir, Jamel Touir affectué ses études primaires et secondaires à Monastir jusqu'à y obtenir son baccalauréat des Sciences et Mathématiques. Il a ensuite poursuivi ses études supérieures à l'Ecole Normale Supérieure de Bizerte où il a obtenu sa maitrise, son DEA et son doctorat en Géologie. En terminant ses études, Jamel Touir a obtenu une habilitation universitaire pour diriger des recherches et devenir maitre de conférences en Géologie Pétrolière. Il est à noter que Jamel Touir n'avait aucune activité politique avant la révolution et il n'a rejoint le parti d'Ettakatol qu'après la révolution pour se présenter aux élections de l'Assemblée Nationale Constituante. Il occupe actuellement la position de président de la commission constituante des instances constitutionnelles à l'ANC.",,,,ولد جمال طوير في 03 فيفري 1959 بولاية المنستير. زاول تعليمه الابتدائي والثانوي في ولاية المنستير إلى ان تحصل على شهادة البكالوريا في العلوم و الرياضيات ثم زاول تعليمه العالي بدار المعلمين العليا ببنزرت حيث تحصل على الاستاذية في الجيولوجيا من ثم شهادة الدراسات المعمقة في الجيولوجيا و تحصل لاحقا في نفس التخصص على شهادة الدكتوراة. اثر ختمه لتعليمه حاز جمال طوير على شهادة مكنته من ان يصبح استاذ مشرف على البحث الى ان اصبح استاذ محاضر في مادة الجيولوجيا. جدير بالذكر ان جمال طوير لم يكن له اي نشاط سياسي قبل الثورة و ان انخراطه في حزب التكتل وترشحه عنه في انتخابات المجلس الوطني التاسيسي جاء بعد الثورة. يشغل جمال طوير حاليا رئاسة اللجنة التأسيسية للهيئات الدستورية بالمجلس الوطني التاسيسي.,,2011-11-22,1
TNP-00411,جوهرة التيس,Jawhara Tiss,,,,,جوهره تيس,female,1985-07-08,day,,,,,,,en,"Amendements sur la constitution Née le 08 Juillet 1985, Jawhara est originaire de la ville de Ghomrassen du gouvernorat de Tataouine. Il a effectué ses études primaires à l'école ""Oued ElKhil"" et ses études préparatoires au Collège de la Cité Nouvelle à Ghomrassen pour ensuite poursuivre ses études secondaires au Lycée 02 Mars de Ghomrassen aussi. Elle a obtenu son baccalauréat en 2004 de la section Lettres pour se diriger ensuite à l'Institut Supérieur aux Etudes Littéraires et Sciences Humaines de Tunis où elle a obtenu un diplôme universitaire d'études littéraires en 2007 et d'une maitrise en langue anglaise en 2010 après avoir étudié pendant 3 ans à l'Ecole Normale Supérieure de Tunis. Jawhara Tiss a exercé le métier d'enseignante à l'Institut Supérieur des Langues de Tunis jusqu'à 2011. Après avoir rejoint le mouvement d'Ennahdha, elle s'est présentée aux élections de l'Assemblée Nationale Constituante dans la circonscription de Tataouine et y siège en tant que députée.",,,,ولدت جوهرة تيس في08 جويليا 1985 بغمراسن ولاية تطاوين. زاولت تعليمها الابتدائي بالمدرسة الإبتدائية وادي الخيل أما التعليم الاعدادي بالمدرسة الاعدادية الحي الجديد بغمراسن من ثم تابعت تعليمها الثانوي بمعهد 2 مارس بغمراسن ايضا. تحصلت جوهرة في سنة 2004 على شهادة البكالوريا قسم آداب. توجهت بعد ذلك إلى المعهد التحضيري للدراسات الأدبية والعلوم الانسانية حيث تحصلت على الشهادة الجامعية في الدراسات الأدبية سنة 2007 وفي سنة 2010 تحصلت على الاستاذية في اللغة الانجليزية وذلك اثر دراستها لمدة 3 سنوات بدار المعلمين العليا بتونس. مارست جوهرة بعد ذلك مهنة التدريس في المعهد العالي للغات بتونس إلى حدود سنة 2011. بعد انضمامها إلى حزب حركة النهضة ترشحت عن دائرة تطاوين لتصبح إلى يومنا هذا عضو بالمجلس الوطني التأسيسي.,,2011-11-22,1
TNP-00412,حاتم الكلاعي,Hatem Klaii,,,,,حاتم كلاعي,male,,,,,,,marié,2,ar,"Amendements sur la constitution Né le 06 Septembre 1974 au Kef où il poursuit ses études primaires et secondaires. Il obtient une maitrise en arabe à Kairouan en 1998 et un Diplôme d’Etudes Approfondies à Sousse en 2000. Il est professeur d’arabe au Kef depuis 1999. Il n’avait aucune activité politique avant la révolution de Janvier 2011. Marié et père de 2 enfants, il maitrise la langue arabe, française et anglaise.",,,,ولد في 06 سبتمبر 1974 بالكاف حيث زاول تعليمه الإبتدائي و الثانوي. تحصل على الأستاذية في اللغة العربية بالقيروان سنة 1998 و على شهادة الدراسات المعمقة بسوسة سنة 2000 ليشغل وظيفة أستاذ لغة عربية بالكاف منذ سنة 1999. لم يكن له أي نشاط سياسي قبل ثورة جانفي 2011. يتقن اللغة العربية و الفرنسية و الإنجليزية.,,2011-11-22,1
TNP-00413,حافظ إبراهيم الأسود,Hafedh Ibrahim Lassoued,,,,,حافظ ابراهيم اسود,male,1951-08-18,day,Tozeur,TN-72,,,,,,"Amendements sur la constitution Né le 18 Août 1951 à Tozeur, il a fait ses études primaires à l’école primaire rue Chebbi à Tozeur, puis ses études secondaires au lycée mixte de Gafsa où il a obtenu son baccalauréat Lettres en 1969. Il a par la suite intégré la faculté des sciences humaines et sociales de Tunis où il a obtenu la maîtrise en géographie en 1973. Il était actif au sein du mouvement islamique depuis la faculté. En 1981, il a été arrête pour une courte durée. Il a été condamné en 1987 à dix ans d’emprisonnement, mais il n’en a passé qu’un an et a été relâché en vertu de l’amnistie de 1987, mais il a été arrêté à nouveau en 1997 et a passé 5 ans d’emprisonnement.",,,,ولد حافظ ابراهيم لسود في 18 أوت 1951 بتوزر ودرس بالمدرسة الابتدائية نهج الشابي بتوزر ثم بالمعهد المختلط بقفصة حيث تحصل على شهادة البكالوريا في سنة 1969 في إختصاص الآداب. إلتحق بعد ذلك بكلية العلوم الانسانية والاجتماعية بتونس حيث تحصل على الاستاذية في الجغرافيا سنة 1973. إنخرط حافظ لسود في حركة الاتجاه الاسلامي منذ أن كان في الجامعة، وفي سنة 1981، تم اعتقاله لفترة وجيزة. في 1987، تم الحكم عليه بعشر سنوات سجن قضى منها سنة واحدة واطلق سراحه بمناسبة العفو التشريعي العام في 1987 ثم تم اعتقاله مجددا في 1997 وقضى 5 سنوات في السجن.,,2011-11-22,1
TNP-00414,حبيبة التريكي,Habiba Triki,,,,,حبيبه تريكي,female,1975-01-20,day,Aguereb,,,,mariée,,,"Amendements sur la constitution Habiba Triki, née le 20 janvier 1975 à Aguereb, gouvernorat de Sfax, a fait ses études primaires et secondaires à Aguereb et a obtenu son baccalauréat en 1994. Elle a étudié par la suite à la faculté des lettres de Sfax où elle a obtenu une maitrise en histoire. Après sa maitrise, elle travailla (et travaille encore) dans le secteur privé comme directrice d’un jardin d’enfants. Mariée et mère de famille, elle était chargée de la section femmes d’Ennahdha à Aguereb et aussi membre de l’association « tawassol » tuniso-libyenne et l’association de la femme libre.",,,,ولدت حبيبة تركي في 20 جانفي 1975 في عقارب ولاية صفاقس. زاولت حبيبة تركي المرحلة الإبتدائية والثانوية في عقارب وتحصلت على البكالوريا سنة 1997 ثم إنتقلت إلى كلية الآداب بصفاقس حيث درست التاريخ. اثر تخرجها فتحت روضة أطفال تعمل فيها إلى اليوم. بعد الثورة، تولت حبيبية التركي الإشراف على العمل النسائي لحركة النهضة بعقارب وهي أيضا عضو في جمعية تواصل التونسية الليبية وجمعية المرأة الحرة.,,2011-11-22,1
TNP-00415,حسن رضواني,Hassan Radhouani,,,,,حسن رضواني,male,,,,,,,marié,4,,"Amendements sur la constitution Hassan Radhouani est né à Gafsa en 1958, il effectue ses études primaires à la cité El Nour à Gafsa, son collège et son lycée à la cité des jeunes. Après avoir obtenu son baccalauréat en sciences et économie en 1977, il étudie à l’école supérieure des postes et des communications à Tunis et reçoit le diplôme d’attaché d’inspection en 1980. Il est ensuite nommé au bureau de poste de Gafsa où il travaillera 12 ans, puis à Metlaoui et à Feriana. En 1999, il devient directeur du bureau de poste de Kasserine et en 2007, après plusieurs promotions, il est nommé chef d’arrondissement de l’inspection des postes de Gafsa et c’est ce poste qu’il occupe quand il se présente et est élu à l’ANC. Avant la révolution, Hassan Radhouani n’avait jamais appartenu à un parti politique. En mars 2011, il contacte Mohammed Hechmi Hamdi et fonde avec lui el-Aridha. Hassan Radhouani est marié et père de quatre enfants.",,,,"من مواليد 1958 بقفصة، زاول تعليمه الإبتدائي بحي النّور بقفصة، ثمّ تعليمه الإعدادي و الثّانوي في حي الشّباب. تحصّل على باكالوريا علوم اقتصاديّة سنة 1977. درس بعد ذلك بالمدرسة العليا للبريد و الإتّصالات بتونس، أين تحصّل على شهادة متفقّد في 1980, عيّن بعد ذلك في مكتب بريد قفصة أين عمل لمدّة 12 سنة، ثمّ بالمتلوّي ثم فريانة. في 1999، أصبح مدير مكتب بريد القصرين قبل أن يصبح سنة 2007 بعد عدّة ترقيات مدير دائرة تفقّديّات مكاتب بريد قفصة، و هو المنصب الذّي تولاّه إلى حين تقدّمه للإنتخابات. قبل الثّورة، لم يكن حسن رضواني عضوا في أيّ حزب، لكن في مارس 2011، إتّصل بمحمّد الهاشمي الحامدي و أنشأ معه العريضة. حسن رضواني متزوّج و أب لأربعة أطفال.",,2011-11-22,1
TNP-00416,حسناء مرسيط,Hasna Mersit,,,,,حسناء مرسيط,female,,,,,,,,,,"Amendements sur la constitution Hasna Mersit est née le 28/12/1949 à Kébili. Elle a suivi ses études primaires à l’école Habib Bourguiba et ensuite au lycée de Gabès. Elle a ensuite poursuivi ses études supérieures à la Faculté Libre de Tunis où elle a étudié le droit pendant une année pour ensuite s’arrêter afin de devenir institutrice, et cela depuis 1975. Active politiquement, elle faisait partie de l’opposition et était active au sein de la Ligue Tunisienne des droits de l’Homme. En 1994, elle a été candidate aux élections législatives. Après la révolution, elle a rejoint le parti du Congrès Pour la République.",,,,ولدت حسناء مرسيط في 28/12/1949 بولاية قبلي. درست بالمدرسة الابتدائية بشارع بورقيبة ثم بالمعهد الثانوي بقابس. التحقت اثر ذلك بجامعة حرة بتونس العاصمة حيث درست القانون لمدة سنة واحدة ثم عملت بالتعليم الابتدائي إنطلاقا من سنة 1975. مارست السياسة من قبل الثورة وكانت جزء من المعارضة إذ ترشحت للإنتخابات التشريعية سنة 1994 ضمن قائمة حزب التجديد ثم انضمت بعد الثورة الى حزب المؤتمر من أجل الجمهورية كما كانت منذ أوائل الثمانينات ناشطة برابطة حقوق الانسان.,,2011-11-22,1
TNP-00417,حطاب بركاتي,Hattab Barakati,,,,,حطاب بركاتي,male,1966-11-25,day,,,,,marié,,ar;fr,"Amendements sur la constitution Né le 25 Novembre 1966, il entame sa scolarité à Gaafour puis poursuit ses études au centre de formation professionnelle de Thibar dans le gouvernorat de Béja. Diplômé en 1989, il connait le chômage, ce qui l'incite à participer à la constitution d'une commission des chômeurs revendiquant une caisse d'allocations chômage. Cinq ans plus tard et après avoir été appelé au service militaire, il obtient un travail auprès du ministère de l'agriculture dans le sud tunisien au gouvernorat de Tozeur jusqu'en 1997. Son parcours politique commence en 1987 en rejoignant le PCOT, mais par la suite sous Ben Ali, il militera essentiellement dans le milieu syndical au sein de l'UGTT. Pour la future constitution, il souhaite défendre les principes de citoyenneté, l'égalité, le droit au travail et les libertés dont la liberté de conscience, ainsi que la neutralité de l'administration. Marié et père de famille, il maîtrise la langue arabe et française.",,,,"ولد في 25 نوفمبر 1966 درس بالمدرسة الإبتدائية والثانوية بقعفور , ثم إنتقل إلى المعهد الفلاحي بتيبار في ولاية باجة. تخرج بشهادة مساعد مهندس فلاحي سنة 1989 ولكنه ظل عاطلا عن العمل مما دفعه للمشاركة في تأسيس لجنة للعاطلين عن العمل بقعفورهدفها إحداث صندوق منح بطالة.تم تجنيده و لم يتحصل على عمل إلا بعد خمس سنوات حيث إشتغل في وزارة الفلاحة بتوزر إلى سنة 1997. مسيرته السياسية إبتدأت سنة 1987 عندما إنضم إلى حزب العمال الشيوعي التونسي و أيضا من خلال نشاطاته النقابية في الإتحاد العام التونسي للشغل في عهد بن علي. يدعو إلى دستور يضمن قيم المواطنة، المساواة، حق الشغل، الحريات بما فيها حرية المعتقد و يدافع عن إدارة تونسية محايدة. متزوج، رب عائلة. يتقن اللغتين العربية و الفرنسية",,2011-11-22,1
TNP-00418,حليمة القني,Halima Guenni,,,,,حليمه قني,female,1964-03-14,day,Grombalia,,,,,,,"Amendements sur la constitution Née le 14 mars 1964 à Grombalia, elle a effectué ses études primaires et secondaires à Grombalia où elle a obtenu son baccalauréat scientifique en 1983. Elle a par la suite étudié la médecine à la faculté de médecine de Tunis, a fait ses études d’internat en France, puis a eu son doctorat au sein du service des maladies génétiques et héréditaires de l’hôpital Charles Nicolle. Elle faisait partie du mouvement islamique au sein de la section jeunes et la section universitaire.",,,,ولدت في 14 مارس 1964 بقرمبالية حيث درست الابتدائي والثّانوي وأين تحصّلت على باكالوريا علوم سنة 1983. درست بعد ذلك الطّب بكليّة الطبّ بتونس وواصلت دراستها بفرنسا، ثمّ أعدّت رسالة الدّكتوراه في قسم الأمراض الجينيّة و الوراثيّة بمستشفى شارل نيكول. كانت في حركة الإتّجاه الإسلامي منذ العمل التّلمذي وبعده في العمل الطلاّبي.,,2011-11-22,1
TNP-00419,حنان ساسي,Hanène Sassi,,,,,حنان ساسي,female,1980-01-04,day,Sfax où elle a étudié et obtenu son baccalauréat lettres en,,,,,,,"Amendements sur la constitution Née le 04 janvier 1980 à Sfax où elle a étudié et obtenu son baccalauréat lettres en 1999, elle a rejoint par la suite la faculté de droit de Sfax où elle a obtenu la maitrise en 2003. Elle a intégré le master droit des affaires en 2004, avant de s’inscrire en 2010 à l’ordre national des avocats, section de Sfax. Elle a aussi obtenu un diplôme de l’école de Tunis de politique pour sa participation aux formations et aux dialogues politiques. Elle a travaillé depuis 2005 et jusqu’à 2010 comme responsable administrative dans des sociétés de services informatiques. Elle a aussi enseigné à l’institut supérieur des études juridiques à Gabes, puis a exercé comme avocate depuis 2011. Quant à son travail politique, elle était un des leaders du courant d’Al Aridha, et est présentement membre du comité de coordination du parti de l’union patriote libre. Elle est aussi membre représentant de la société régionale de transport du gouvernorat de Sfax.",,,,ولدت حنان ساسي في 4 جانفي 1980 بصفاقس أين تحصلت على شهادة البكالوريا شعبة آداب سنة 1999 وإلتحقت على اثر ذلك بكلية الحقوق بصفاقس التي تحصلت منها على الأستاذية سنة 2003. درست سنة 2004 الماجستير شعبة قانون الأعمال ثم ترسمت منذ 2010 بالهيئة الوطنية للمحامين بصفاقس كما تحصلت على شهادة من معهد تونس للسياسة لمشاركتها بالدورات التكوينية و الحوارات السياسية. عملت منذ 2005 وإلى حدود 2010 كمسؤولة إدارية بشركات خدمات إعلامية ودرست كأساتذة تعليم عالي بالمعهد العالي للدراسات القانونية بقابس ثم باشرت مهنة المحاماة منذ سنة 2011. بالنسبة لنشاطها السياسي، كانت قيادية بتيار العريضة الشعبية للحرية والعدالة والتنمية وهي اليوم عضو بالهيئة التنسيقية لحزب الإتحاد الوطني الحر. هي كذلك عضو ممثل للشركة الجهوية للنقل بولاية صفاقس.,,2011-11-22,1
TNP-00420,خميس قسيلة,Khmais Ksila,,,,,خميس قسيله,male,1956-05-01,day,,,,,marié,3,,"Amendements sur la constitution Khemaïs Ksila, né le 1er mai 19561, est un homme politique tunisien. Il est emprisonné pour ses opinions politiques par les régimes des présidents Habib Bourguiba et Zine el-Abidine Ben Ali. Employé de la Société nationale des chemins de fer tunisiens durant quinze ans, il est licencié le 6 février 1996 puis se voit confisqué son passeport le 18 août 19962. Objet d'une surveillance policière, il est arrêté le 29 septembre 1997 et condamné le 22 février 1998 à trois ans de prison pour « diffamation contre l'ordre public et les autorités, diffusion de fausses nouvelles de nature à troubler l'ordre public et incitation des citoyens à transgresser les lois du pays ». Il est finalement libéré le 29 septembre 1999 et obtient la restitution de son passeport en mai 20002. En 2002, il s'exile en France et obtient le statut de réfugié politique. Il devient alors marchand de journaux. Rentré en Tunisie après la révolution de 2011, il représente son parti, Ettakatol, pour l'élection de l'assemblée constituante au sein de laquelle il est élu membre le 23 octobre 2011. Il démissionne de son parti le 8 février 2012, dénonçant l'alliance avec Ennahda et l'alignement de son parti, ainsi que l'absence de dialogue et de débat contradictoire avec les militants et adhérents ; il continue dès lors de siéger comme indépendant. Il entend, avec d'autres démissionnaires, fonder un nouveau mouvement politique avant de rejoindre finalement l'Appel de la Tunisie et d'entrer au sein de son comité élargi. Khemaïs Ksila est marié et père de trois enfants.",,,,"خميس كسيلة سياسي تونسي، من مواليد 1 ماي، 1956، سجن بسبب آرائه السياسية المناهضة لانظمة الحبيب بورقيبة وزين العابدين بن علي. عمل كموظف في الشركة الوطنية للسكك الحديدية التونسية خمسة عشر عاما، وتم اعفاه من العمل في 6 فيفري 1996 ومن ثم التحفظ على جواز سفره في 18 أوت 1996. اعتقل في 29 سبتمبر 1997 و22 فيفري 1998 حكم عليه بالسجن لثلاث سنوات بتهمة ""التشهير ضد النظام العام والسلطات ونشر معلومات كاذبة من شأنها تكدير السلم العام و تحريض المواطنين على مخالفة قوانين البلاد "". أطلق سراحه أخيرا في 29 سبتمبر 1999 وحصل على جواز سفره في ماي 2002. في عام 2002، ذهب إلى المنفى في فرنسا وحصل على اللجوء السياسي وأصبح بائع جرائد. عاد إلى تونس بعد ثورة 2011، وترشح عن حزب التكتل لانتخابات المجلس الوطني التأسيسي لكنه استقال من حزبه في فيفري 2012",,2011-11-22,1
TNP-00421,خيرة صغيري,Khira Sghairi,,,,,خيره صغيري,female,1955-02-18,day,,,,,,,,"Amendements sur la constitution Née le 18 Février 1955, Khira Sghairi a été enseignante puis assistante pédagogique.",,,,من مواليد 18 فيفري 1955 بتالة، القصرين.,,2011-11-22,1
TNP-00422,دليلة الببة,Dalila Babba,,,,,دليله ببه,female,1966-04-29,day,,,,,mariée,3,ar;fr,"Amendements sur la constitution Née le 29 Avril 1966, elle mène des études de droit à la faculté de Sousse jusqu’à la licence puis part en France rejoindre son mari, et poursuit ses études en droit privé à l’Université de Grenoble. Son militantisme politique auprès d’Ennahdha, qui a débuté à l’âge de 15 ans, lui vaut d’être fichée avec son mari par la police sous Ben Ali ce qui la tient éloignée en France. En 2000, sa mère mourante l’oblige à se rendre en Tunisie, et subit des harcèlements et reste bloquée là-bas pendant 3 semaines. En France, on lui refuse la nationalité du fait de son appartenance à Ennahdha. Pour la future constitution, elle s’attachera à défendre la consolidation des acquis de la femme tunisienne, renforcer sa liberté ainsi que militer pour la justice sociale. Mariée et mère de 3 enfants, elle maîtrise la langue arabe et française.",,غير مصنف,,"مولودة في 29 افريل 1966, زاولت تعليمها العالي بكلية الحقوق بسوسة قبل الإلتحاق بزوجها في فرنسا حيث واصلت تعليمها في القانون الخاص بكلية ""غرنوبل"". بدأت كفاحها مع حركة النهضة في سن 15 سنة مما تسبب في إدراج اسمها واسم زوجها في قوائم بن علي، الشيء الذي أبقاهما في فرنسا حتى اجبرتها حالة امها وهي على فراش الموت على العودة إلى تونس سنة 2000. عانت حينئذ من المضايقات وتم منعها من السفر مدة 3 اسابيع. في فرنسا، رفضوا منحها الجنسية الفرنسية بسبب انتمائها إلى حركة النهضة. في الدستور الجديد، ستعمل على تكريس حقوق المرأة التونسية ودعم حرياتها، كما ستناضل من أجل العدالة الاجتماعية. متزوجة وأم لثلاثة أبناء، تقن اللغتين العربية والفرنسية.",,2011-11-22,2
TNP-00423,دليلة بوعين,Dalila Bouain,,,,,دليله بوعين,female,1967-07-22,day,Tunis,TN-11,,,,,,"Amendements sur la constitution Née le 22 Juillet 1967 à Tunis, elle a effectué ses études primaires et secondaires à Metouia où elle a obtenu un baccalauréat littéraire en 1987. Ensuite, elle a préféré ne pas poursuivre des études universitaires et a travaillé en tant qu’enseignante à l’école primaire de 1987 jusqu’à 2011. Elle a rejoint le mouvement de la tendance islamique depuis 1980 et a continué son parcours politique plus tard avec le mouvement lorsqu’il est devenu le mouvement d’Ennahdha.",,,,ولدت دليلة بوعين في 22/07/1967 بتونس العاصمة. درست في مرحلة أولى بالمدرسة الإبتدائية بالمطوية ثم بالمدرسة الإعدادية بنفس المنطقة ثم بالمعهد المختلط بنفس المنطقة حيث تحصلت على شهادة البكالوريا اختصاص آداب وذلك سنة 1987 لكنها فضلت أن لا تتابع دراستها الجامعية وتقدمت بطلب ترشح لتصبح معلمة بالتعليم الابتدائي وكانت هذه هي المهنة التي زاولتها من سنة 1987 إلى سنة 2011. كانت دليلة بوعين ناشطة في حركة الاتجاه الاسلامي منذ سنوات الدراسة الثانوية تحديدا سنة 1980 وتواصل نشاطها في الحركة إلى أن أصبحت تعرف بحركة النهضة سنة 1989.,,2011-11-22,1
TNP-00424,رابح الخرايفي,Rabeh Khraifi,,,,,رابح خرايفي,male,1969-05-22,day,,,,,marié,3,,"Amendements sur la constitution Né le 22 mai 1969, marié et père de 3 enfants, il est membre de l’ANC depuis le 23 octobre 2011 et membre de la commission de la justice judiciaire, administrative, financière et constitutionnelle. Titulaire d’un doctorat en droit public, il est avocat près la cour de cassation et chargé de cours à la faculté des sciences juridiques, économiques et de gestion de Jendouba. Il a commencé son activité politique dès sa jeunesse, au lycée Mustapha Khraief, où il a rejoint une cellule de jeunes panarabe Nasserite. Il a rejoint par la suite une cellule d’organisation des discussions au lycée, au club de cinéma et au quartier où il vivait. Il a continué avec eux jusqu’à sa deuxième année à la faculté, en 1989-1990, où il a décidé de quitter la cellule pour divergences au niveau de la méthode de travail, et ce après la première guerre du Golfe. Il a rejoint la jeunesse du mouvement des démocrates socialistes et s’est imposé pour devenir par la suite membre du bureau exécutif de la jeunesse démocratique, chargé des relations extérieures. En 1995, il a quitté le mouvement et est resté adhérent à Amnesty International Tunisie et la LTDH Jendouba, jusqu’à ce qu’il rejoigne le parti démocrate progressiste en 2003. Il en a créé l’université en mai 2004 à Jendouba, et lors du congrès du parti, il est devenu membre du bureau politique. Depuis 2009, il préside la commission des défenseurs des droits de l’Homme au sein de la section tunisienne d’Amnesty International, et est membre du congrès panarabe.",,,,عضو المجلس الوطني التأسيسي المنتخب يوم 23 اكتوبر 2011 ، وعضو لجنة القضاء العدلي والإداري والمالي والدستوري، ولد رابح الخرايفي في 22 ماي 1969 وهو متزوج وأب لثلاث اطفال. متحصل على دكتوراه في القانون العام وهو محام لدى محكمة التعقيب وكذلك مكلف بالعديد من الدروس بكلية العلوم القانونية والاقتصادية والتصرف بجندوبة. بداية العمل السياسي يعود للفترة التلمذية بمعهد مصطفى خريف بجندوبة منذ السنة الثالثة به حيث انضم الى خلية تلمذية قومية ناصرية. كان في تلك الفترة مقتصرا على قراءة كتب مثل الميثاق وخطب عبد الناصر. في المرحلة الثانوية الثانية من الرابعة الى السابعة ثانوي اصبح يطلع على كتابات عصمت سيف الدولة نظرية الثورة العربية وانتمى الى وحدة صغيرة تنظم حلقات نقاش في المعهد ونادي السينما والحي الذي يقطنه واستمر هذا الى السنة الثانية جامعة 8919-1990 الى ان اختلف معهم حول طريقة العمل واعلن انه لم يعد ينضبط الى هذه الطريقة بعد حرب الخليج الأولى ، عندها انتمى الى شباب حركة الديمقراطيين الأشتراكيين وفرض نفسه فأصبح عضو المكتب التنفيذي للشبيبة الديمقراطية مكلف بالعلاقات الخارجية. في سنة 1995 خرج من الحركة لمواقفها المؤيدة لزين العابدين بن علي وبقي منخرط في منظمة العفو الدولية الفرع التونسي وكذلك فرع الرابطة التونسية لحقوق الإنسان بجندوبة الى أن انخرط في الحزب الديمقراطي التقدمي سنة 2003 فأسس جامعته بجندوبة في ماي 2004 وفي مؤتمره 2006 صعد الى المكتب السياسي. منذ سنة 2009 هو رئيس لجنة الحقوقيين بالفرع التونسي لمنظمة العفو الدولية وعضو المؤتمر القومي العربي.,,2011-11-22,1
TNP-00425,ربيع العابدي,Rabiî Abdi,,,,,ربيع عابدي,male,1976-10-20,day,Béja où il y entame sa scolarité dans les écoles “Hay Essokour” et “Errached” avant de poursuivre ses études secondaires au lycée “Ibn Haythem”,,,,marié,,ar,"Amendements sur la constitution Né le 20 Octobre 1976 à Béja où il y entame sa scolarité dans les écoles “Hay Essokour” et “Errached” avant de poursuivre ses études secondaires au lycée “Ibn Haythem”. Il intégre par la suite la faculté des sciences économiques et de gestion à Tunis où il y décroche une maitrise en marketing. Il revient par la suite à Béja pour mener un DESS en informatique et multimédia à l’institut supérieur des langues appliquées et de l’informatique. Son parcours politique commence après le 14 Janvier 2011, en intégrant le CPR car il adhérait aux idées de Moncef Marzouki. Pour la future constitution, il souhaite inscrire le droit au peuple de combattre tout système dictatorial. Marié, il maitrise la langue arabe et française.",,,,"ولد في 20 أكتوبر 1976 بباجة حيث إبتدأ تعليمه بمدرستي ""حي السكر"" و ""الراشد"" ثم زاول تعليمه الثانوي بمعهد ""إبن هيثم"" . تحول إلى كلية العلوم الإقتصادية و التصرف بتونس حيث تحصل على شهادة في التسويق. عاد إلى باجة و تحصل على شهادة في الإعلامية و الوسائل الإعلاماتية بالمعهد العالي لللغات التطبيقية و الإعلامية. مسيرته السياسية إبتدأت بعد 14 جانفي 2011 عند إلتحاقه بالمؤتمر من أجل الجمهورية نظرا لتوافقه مع أفكار منصف المرزوقي. يدعو لضمان حق الشعب في مقاومة أي نظام ديكتاتوري. متزوج، يتقن العربية و الفرنسية.",,2011-11-22,1
TNP-00426,ربيعة نجلاوي,Rabiaa Najlaoui,,,,,ربيعه نجلاوي,female,1988-05-15,day,Tunis,TN-11,,,,,,"Amendements sur la constitution Née le 15 mai 1988 à Tunis, elle a effectué ses études à Hay Ezzouhour où elle a obtenu son baccalauréat – section Lettres en 2007. Elle a étudié l’anglais à Sousse où elle a obtenu une licence et un master et a entamé un master à Tunis par la suite, en littérature anglaise, qu’elle a obtenu cette année.",,,,ولدت في 15 ماي 1988 ودرست في الإبتدائي والثّانوي بحيّ الزّهور أين تحصّلت على باكالوريا آداب سنة 2007. درست الإنقليزيّة في سوسة، أين تحصّلت على إجازة و ماجستير، ثمّ تحصّلت هذه السّنة على ماجستير في تونس في الأدب الإنقليزي.,,2011-11-22,1
TNP-00427,رفيق التليلي,Rafik Tlili,,,,,رفيق تليلي,male,1986-01-01,year,,,,,,,,"Amendements sur la constitution Né le 14 Novembre 1961 dans la ville d'El Chebba à Mahdia, il a effectué ses études primaires à l'école intermédiaire d'El Chebba et ses études secondaires au lycée Abou Kacem Chebbi. Il a ensuité intégré la Faculté de Chariaa et Théologie à la Zitouna où il a obtenu sa maitrise en Sciences Islamiques, spécialité Coran. Avant la révolution du 14 Janvier, Rafik Tlili a été très actif politiquement. Il avait fondé le courant nationaliste progressiste à Chebba en 1984. Il a été emprisonné en 1986 à cause de ses activités syndicales suite à l'attaque de Bourguiba contre l'UGET et il a été connu pour son militantisme syndical au sein des syndicats de base régionaux. Rafik Tlili a participé à la création du Congrès Pour la République en 2001, mais après les élections durant lesquelles il a gagné un siège au sein de l'Assemblée Nationale Constituante, il a fait défection au parti et a participé à la création du mouvement Wafa dont il est actuellement membre.",,,,ولد رفيق التليلي في 14 نوفمبر 1961 في مدينة الشابة بالمهدية وزوال تعليمه الابتدائي بالمدرسة الوسطى بالشابة وتعليمه الثانوي بمعهد أبو القاسم الشابي بالشابة ثم انخرط بالكلية الزيتونية للشريعة وأصول الدين حيث تحصل على الاستاذية في العلوم الإسلامية إختصاص قرآن. من قبل ثورة 14 جانفي كان رفيق التليلي شديد الحراك على المستوى السياسي فقام بتأسيس التيار القومي التقدمي بالشابة سنة 1984 وفي سنة 1986 تم سجنه بسبب نشاطه النقابي على اثر هجمة بورقيبة على الاتحاد انذاك وقد عرف رفيق التليلي بنشاطه النقابي ضمن النقابات الأساسية الجهوية. ساهم رفيق التليلي في تأسيس المؤتمر من أجل الجمهورية سنة 2001 ولكنه بعد الانتخابات التي ضمن من خلالها مقعد في المجلس الوطني التأسيسي، انشق عن الحزب وساهم في تأسيس حركة وفاء وأصبح عضوا فيها.,,2011-11-22,1
TNP-00428,رمضان دغماني,Romdhane Doghmani,,,,,رمضان دغماني,male,1952-08-10,day,Kairouan,TN-41,,,,,,"Amendements sur la constitution Né le 10 Août 1952 à Kairouan, il a fait ses études primaires à Bouhajla et secondaires au lycée de Kairouan. Il a ensuite intégré la Faculté de Tunis pour des études de Sciences Economiques. Il a travaillé comme directeur d’une école primaire et a été le secrétaire général du syndicat de l’enseignement primaire pendant la période de 1980 et 1981. De 1978 jusqu’à 1994, il était membre actif du Mouvement des Démocrates Socialistes.",,,,ولد في 10 أوت 1952. زاول تعليمه الإبتدائي ببوحجلة و الثانوي بمعهد القيروان. التحق بعد ذلك بكلية تونس لدراسة العلوم الإقتصادية. اشتغل كمدير مدرسة ابتدائية و كان الأمين العام لنقابة التعليم الإبتدائي خلال فترة 1980 و 1981. من 1978 إلى حدود سنة 1994، كان عضوا نشيطا بحركة الديمقراطيون الإشتراكيون.,,2011-11-22,1
TNP-00429,ريم ثايري,Rim Thairi,,,,,ريم ثايري,female,1981-04-06,day,Kairouan,TN-41,,,,,en,"Amendements sur la constitution Née le 06 Avril 1981 à Kairouan, elle a effectué la première phase de son enseignement dans le gouvernorat de Kairouan. En effet, elle a étudié à l'école primaire Cité Nasr, ensuite au collège Al-Hasri et finalement au lycée Ibn-Jazzar où elle a obtenu son diplôme de baccalauréat en 2002. Elle a poursuivi ses études supérieures à Tunis en intégrant la Faculté des Lettres et des Sciences Humaines où elle a obtenu sa maitrise en langue anglaise. Rim n'avait aucune activité politique avant la révolution.",,طالب,,ولدت ريم الثايري في 06 أفريل 1981 بالقيروان وزاولت مرحلة تعليمها الأولى بولاية القيروان فدرست بالمدرسة الابتدائية حي النصر ثم تابعت المرحلة الاعدادية بالمدرسة الاعدادية الحصري ثم انتقلت إلى المعهد الثانوي إبن الجزار حيث تحصلت على شهادة البكالوريا سنة 2002. بعد ذلك انتقلت إلى تونس العاصمة لمزاولة تعليمها العالي حيث التحقت بكلية الآداب والعلوم الإنسانية لتتحصل على الأستاذية في الإنجليزية. لم يكن لريم أي نشاط سياسي قبل الثورة.,,2011-11-22,2
TNP-00430,ريم محجوب,Rim Mahjoub,,,,,ريم محجوب,female,1966-03-16,day,Tunis,TN-11,,,,,,"Amendements sur la constitution Née le 16 Mars 1966 à Tunis, elle fait ses études primaires à Sfax et secondaires à Metlaoui pour ensuite obtenir son baccalauréat en 1984 à Sfax. Elle intègre la faculté de médecine de 1984 jusqu’à 1996. Elle devient Médecin de profession jusqu’aux élections de l’Assemblée Nationale Constituante.",,,,ولدت في 16 مارس 1966 بتونس و لكن زاولت تعليمها الإبتدائي بصفاقس و الثانوي بالمتلوي لتتحصل أخيرا على شهادة الباكالوريا سنة 1984 بصفاقس. التحقت بكلية الطب من سنة 1984 إلى غاية سنة 1996 لتصبح مهنتها طبيبة إلى أن ترشحت لانتخابات المجلس الوطني التأسيسي.,,2011-11-22,2
TNP-00431,زياد الدولاتي,Zied Doulatli,,,,,زياد دولاتي,male,,,,,,,marié,,,"Amendements sur la constitution Membre dirigeant du parti Ennahdha. Titulaire d'un doctorat en pharmacie en 1984 de l'université de Reims. Actif au sein de la communauté musulmane de France durant ses études au débuts des années 80. Il a notament présidé l'union des etudiants musulmans de France ainsi que le centre islamique de Reims, a été membre du bureau exécutif de l'union des organisations islamique de France et chef de rédaction du journal ""Al Fajr"". En tant que haut responsable du mouvement Ennahdha, il a été jugé en 1991 par le tribunal militaire et a écopé de 15 ans de prisons dont il a fait 14. Aprés sa libération il a été maintenu sous résidence surveillée jusqu'à 2010. Marié et parle l'Arabe et le Français.",,,,"من بين قيادات ""حركة النهضة"" ، حصل على دكتوراه في الصيدلة سنة 1984 من جامعة رانس بفرنسا، وخلال وجوده بفرنسا أثناء دراسته الجامعية أوائل الثمانينات إضطلع بمهام متعددة ضمن نشاط الجالية المسلمة حيث شغل منصب رئيس إتحاد الطلبة المسلمين بفرنسا، ورئيس المركز الإسلامي برانس، وعضو المكتب التنفيذي لإتحاد المنظمات الإسلامية بفرنسا ورئيس التحرير السابق لجريدة الفجر. في سنة 1987 حكم عليه بعشرين سنة سجناً إلى أن وقع الافراج عليه بعد 11 شهراً عند وصول الرئيس بن علي للحكم. بصفته عضواً للمجلس التنفيذي لحركة النهضة، تمت محاكمته في سنة 1991 من قبل المحكمة العسكرية لخمسة عشرة عام سجن قضى منها أربعة عشرة. بعد الافراج عليه بقي تحت الاقامة الجبرية إلى سنة 2010 زياد الدولاتلي متزوج ويتكلم العربية والفرنسية.",,2011-11-22,1
TNP-00432,سامية الفرشيشي,Samia Ferchichi,,,,,ساميه فرشيشي,female,1964-07-28,day,Gaafour (Siliana) où elle a effectué ses études primaires et secondaires et a obtenu son baccalauréat en,,,,,,,"Amendements sur la constitution Samia Ferchichi est née le 28 Juillet 1964 à Gaafour (Siliana) où elle a effectué ses études primaires et secondaires et a obtenu son baccalauréat en 1982. Elle a ensuite étudié la Chariaa et a eu sa maitrise en 1986. Elle est actuellement en train de préparer son mastère dans la même spécialité. Concernant son engagement politique, Samia a rejoint le mouvement de la tendance islamique depuis sa jeunesse. Elle est l’épouse de Monji Bouzaiene, un prisonnier politique et membre d’Ennahdha.",,,,ولدت سامية فرشيشي في 28/07/1964 بمدينة ڨعفور بسليانة. درست بالمدرسة الإبتدائية بڨعفور ثم بالمعهد الثانوي بڨعفور وتحصلت على شهادة البكالوريا سنة 1982. التحقت بكلية علوم الشريعة وتحصلت على الاستاذية في الشريعة الإسلامية سنة 1986 وهي الآن في طور تحضير رسالة الماجستير. في ما يخص العمل السياسي كانت سامية فرشيشي ناشطة بحركة الاتجاه الاسلامي منذ سنوات التعليم الثانوي والجامعي وهي زوجة المنجي بوزيان، أحد السجناء السياسين لحركة النهضة.,,2011-11-22,1
TNP-00433,سعاد عبد الرحيم,Souad Abderrahim,,,,,سعاد عبد رحيم,female,1964-12-16,day,Sfax,TN-61,,,mariée,,,"Amendements sur la constitution Née le 16 décembre 1964 à Sfax. A obtenu son bac au lycée Khaznadar en 1983. Elle a poursuivie ses études universitaires à l'université de médecine au Monastir et y a obtenue son diplôme en nutrition en 1988. Elle a été exclue de l'université du centre mais a rejoint l'université du nord ou elle a obtenue un diplôme en pharmacie en 1992. Elle a rejoint les mouvements étudiants en tant qu'indépendante dés ses premières années d'études. Elle a notamment été élue au conseil scientifique de son université et membre du cabinet exécutif de l'UGTE. Une des fondatrices de la ligue des anciens de UGTE et membre chargée des secours dans l'association ""atta3awon"", division Tunis/Mannouba. Mariée et mère d'un fils et d'une fille.",,,,"زاولت تعليمها الثانوي بمعهد خزندار وتحصلت هناك على شهادة البكالوريا في جوان 1983 التحقت بكلية الصيدلة بالمنستيرتحصلت على شهادة في العلوم الغذائية في جوان 1988 طردت من جامعة الوسط واصلت دراستها بجامعة الشمال حيث تحصلت على شهادة الصيدلة في جوان 1992 شاركت منذ السنة الأولى صيدلة في النضالات الطلابية كطالبة مستقلة وانتخبت نائبة للطلبة بالمجلس العلمي شاركت في مؤتمر الحسم في أفريل 1985 انتخبت عضوا في المكتب التنفيذي في دورتين داخل المنظمة النقابية ""الإتحاد العام التونسي لطلبة"" من مؤسسي رابطة قدماء الإتحاد العام التونسي للطلبة و عضو مكلف بالإغاثة في جمعية التعاون الخيرية فرع تونس منوبة",,2011-11-22,1
TNP-00434,سعد بوعيش,Saâd Bouaïche,,,,,سعد بوعيش,male,1971-02-21,day,Tataouine,TN-83,,,,,,"Amendements sur la constitution Né le 21 février 1971 à Tataouine, il a effectué ses études primaires à l’école primaire Farhat Hached, puis secondaires au lycée mixte de Tataouine d’où il obtient son baccalauréat en 1991. Il obtient son duel de droit et de sciences politiques de la faculté de droit et de sciences politiques de Tunis. Il a par ailleurs travaillé pendant 15 ans dans le secteur privé. Après la révolution, il se présente aux élections de l’ANC au sein des listes indépendantes d’Al Aridha. Il est actuellement au sein du parti Al Aridha, le courant de la réforme nationale.",,,,من مواليد 21 فيفري 1971 بتطاوين، زاول تعليمه الإبتدائي بمدرسة فرحات حشّاد تطاوين ثمّ تعليمه الثّانوي بالمعهد المختلط بتطاوين أين تحصّل على البكالوريا في 1991. درس بكليّة الحقوق والعلوم السّياسيّة وتحصّل على شهادة ختم المرحلة الأولى. إشتغل 15 سنة في القطاع الخاصّ و ترشّح على قوائم العريضة. هوالآن في حزب العريضة الشّعبيّة، تيّار الإصلاح الوطني.,,2011-11-22,1
TNP-00435,سعيد خرشوفي,Said Kharchoufi,,,,,سعيد خرشوفي,male,1977-04-26,day,Beni Khadech,TN-82,,,,,ar,"Amendements sur la constitution Né le 26 Avril 1977 à Beni Khadech dans le gouvernorat de Médenine, il a effectué ses études primaires à l'école primaire de Wed-Hil et ses études secondaires au lycée de Beni Khadech. En obtenant son diplôme de baccalauréat, il se dirige vers Tunis pour poursuivre ses études supérieures à la Faculté des Lettres de la Manouba où il a obtenu sa maitrise en langue arabe. Sa participation aux élections de l'Assemblée Nationale Constituante en tant que candidat de la liste de la pétition populaire sur la circonscription de Médenine qui lui a valu un siège à l'Assemblée est sa première expérience dans la vie politique.",,,,ولد سعيد الخرشوفي في 26 أفريل 1977 ببني خداش بولاية المدنين وزاول تعليمه الابتدائي في المدرسة الابتدائية وادي الحيل ومن ثم المعهد الثانوي بني خداش. اثر تحصله على شهادة البكالوريا تحول الى تونس العاصمة ليتابع تعليمه العالي حيث تحصل على شهادة الاستاذية في اللغة العربية من كلية الأداب بمنوبة. كانت أول تجارب سعيد خرشوفي في الحياة السياسية عندما خاض الانتخابات كمرشح لحزب العريضة الشعبية عن ولاية مدنين و فاز بمقعد بالمجلس الوطني التأسيسي.,,2011-11-22,1
TNP-00436,سلمى بكار,Salma Baccar,,,,,سلمي بكار,female,1945-12-15,day,Tunis,TN-11,,,,,,"Amendements sur la constitution Née le 15 Décembre 1945 à Tunis, Salma Baccar est une réalisatrice tunisienne. Elle étudie le cinéma à l'Institut français du cinéma puis travaille pour la télévision tunisienne et comme assistante-réalisatrice sur le tournage de plusieurs longs-métrages. Durant sa carrière professionnelle, elle réalise des courts-métrages, longs-métrages, documentaires et séries télévisées. En 1990, elle devient la première productrice en Tunisie. En 2006, elle obtient le Prix du cinéma à l'occasion de la Journée nationale de la culture. Salma Baccar participe, en 1989, à la production d'El niño de la luna et participe à des festivals à réputation internationale comme celui de Cannes.",,,,"ولدت في 15 ديسمبر 1945 بتونس، سلمى بكار عي مخرجة سينمائية تونسية. درست السينما بالمعهد الفرنسي للسينما ثم اشتغلت للتلفزة التونسية و كمساعدة ـ مخرجة في تصوير العديد من الأفلام. قامت بإخراج عدد من الأشرطة القصيرة و الطويلة و الأفلام الوثائقية و المسلسلات التلفزية خلال مسيرتها المهنية. في سنة 1990، أصبحت سلمى بكار أول منتجة في تونس و في 2006 تحصلت على جائزة السينما بمناسبة اليوم الوطني للثقافة. شاركت في 1989 في إنتاج ""El niño de la Luna"" كما شاركت في العديد من المهرجانات الدولية كمهرجان ""Cannes"".",,2011-11-22,1
TNP-00437,سلمى صرصوط,Salma Sarsout,,,,,سلمي صرصوط,female,1964-02-09,day,Redeyef,,,,,,,"Amendements sur la constitution Née le 09 février 1964 à Redeyef, gouvernorat de Gafsa, elle a fait ses études primaires entre Gabes et Nefta, puis ses études secondaires entre Tozeur, Nefta et Ezzahra où elle a obtenu le baccalauréat en 1981. Elle a par la suite intégré la faculté des lettres et des sciences humaines de la Mannouba où elle a étudié durant deux ans, avant d’intégrer la faculté des lettres et des sciences humaines de Rabat au Maroc, où elle a obtenu la maitrise en 1985. Elle était active au sein du mouvement islamique depuis la faculté, mais depuis 1989, elle s’est orientée vers le travail associatif.",,,,ولدت سلمى صرصوت في 09 فيفري 1964 بمنطقة الرديف بولاية قفصة. زاولت تعليمها الإبتدائي بمدينتي قابس ونفطة وتعليمها الثانوي بتوزر ونفطة والزهراء إلى أن تحصلت على شهادة البكالوريا سنة 1981 وبعد ذلك التحقت بكلية الآداب والعلوم الإنسانية بمنوبة حيث قضت سنتين من الدراسة ثم التحقت بكلية الآداب والعلوم الإنسانية بالرباط، المغرب حيث تحصلت على الإجازة سنة 1985. كانت سلمى صرصوت ناشطة في حركة الاتجاه الإسلامي منذ أن كانت طالبة ولكن هذا النشاط تجمد بعد سنة 1989 وتحول إلى نشاط جمعياتي.,,2011-11-22,1
TNP-00438,سلمى هادية مبروك,Salma Hedia Mabrouk,,,,,سلمي هاديه مبروك,female,1964-10-11,day,Tunis,TN-11,,,mariée,2,ar;fr;en,"Amendements sur la constitution Née le 11 Octobre 1964 à Tunis, elle entame sa scolarité à l’école Sadiki puis ses études secondaires dans trois lycées à Tunis. Elle s’inscrit par la suite à la faculté de médecine de Tunis et effectue les études de spécialité en ophtalmologie en France. Revenue en Tunisie elle travaille d’abord dans l’hôpital public puis dans le privé. N’ayant pas connu de parcours politique avant le 14 Janvier, elle intègre en 2011 le parti Ettakatol. Pour la future constitution, elle souhaite défendre la liberté d’expression et d’association, l’indépendance de la justice, la dignité et le droit au travail. Mariée et mère de 2 enfants, elle maîtrise la langue arabe, française et anglaise.",,,,ولدت في 11 أكتوبر 1964 في تونس، إبتدأت تعليمها بمدرسة الصادقية ثم بثلاث معاهد مختلفة بتونس. إلتحقت بعدها بكلية الطب بتونس تخرجت و واصلت إختصاصها في طب العيون بفرنسا. عند عودتها إلى تونس إشتغلت في المستشفيات العمومية ثم في الطب الخاص. لم تمارس نشاطا سياسيا قبل 14 جانفي حيث إنضمت فى 2011 لحزب التكتل. تدافع عن حرية التعبيرو الجمعيات، إستقلال القضاء، الكرامة و حق الشغل. متزوجة، لها إبنان. تتقن اللغات العربية، الفرنسية و الإنقليزية.,,2011-11-22,1
TNP-00439,سليم بن حميدان,Slim Ben Hmidane,,,,,سليم بن حميدان,male,1969-05-12,day,El Mey (Djerba),,,,,,,"Amendements sur la constitution Salim Ben Hamidane, né le 12 mai 1969 à El Mey (Djerba), est un avocat et homme politique tunisien. Il est ministre des Domaines de l'État et des Affaires foncières depuis le 24 décembre 2011 au sein du gouvernement Hamadi Jebali. Issu d'une famille yousséfiste qui a souffert de brimades sous le régime du président Habib Bourguiba, il se lance dans le militantisme syndical et politique dès qu'il rejoint l'université en 1987 et assume des responsabilités au sein de l'Union générale des étudiants de Tunisie (UGET) à la faculté de droit et des sciences économiques et politiques de l'Université de Sousse. Suite à la dissolution de l'UGET, Salim Ben Hamidane est pourchassé par le régime policier de Zine el-Abidine Ben Ali et quitte clandestinement le pays en septembre 1991 pour le Soudan, en passant par la Libye. Il reste six mois au Soudan avant de se rendre au Liban, où il poursuit des études universitaires à la faculté de droit de Beyrouth. En 1993, suite à de fausses accusations, un tribunal lui inflige par contumace une peine de quinze ans de prison. Il est pourchassé par les services de renseignement syriens. Dénoncé, arrêté, torturé par la police libanaise qui peut le livrer aux autorités tunisiennes, il quitte le Liban à l'été 1994 pour obtenir l'asile politique en Europe1. Après avoir réussi à éviter l'extradition, suite à des interrogatoires aux aéroports d'Istanbul et Vienne, il entre en Suisse et y dépose une demande d'asile politique. La Confédération suisse ne répond pas à sa requête et n'accepte que sa mise sous résidence surveillée, ce qui l'empêche de poursuivre ses études universitaires. En 1995, il passe en France, où l'on ne reconnaît son droit à l'asile politique qu'après trois ans de résidence, en 19981. Il poursuit ses études à l'Université René Descartes (Paris V), où il obtient un DEA en droit international du développement ; il obtient également un doctorat en droit public de la même université avec une thèse intitulée L'Islam et l'état de droit. En 2001, il participe à la fondation du Congrès pour la République. À l'occasion de la révolution qui chasse Ben Ali du pouvoir, il rentre en Tunisie le 23 janvier 2011 après vingt ans d'exil et est nommé ministre des Domaines de l'État et des Affaires foncières le 24 décembre 2011 au sein du gouvernement Hamadi Jebali. La cour d'appel de Tunis lui refuse sa demande d'inscription au barreau en janvier 2013, confirmant ainsi la décision du conseil de l'Ordre des avocats, car son diplôme étranger ne lui permet pas l'exercice de la profession.",,,,سليم بن حميدان، من مواليد 12 ماي 1969 بمدينة الماي بجزيرة جربة التونسية محام وسياسي. شغل منصب وزير أملاك الدولة والشؤون العقارية منذ 24 ديسمبر 2011 في حكومة حمادي الجبالي و ذلك بعد أن تم انتخابه كعضو في المجلس الوطني التأسيسي . ينحدر سليم بن حميدان من عائلة اليوسفين التي عانت من الظلم في عهد الرئيس الحبيب بورقيبة. بدأ سليم بن حميدان النشاط السياسي و النقابي عندما إلتحق بالجامعة في عام 1987 وتولى عندها مسؤوليات في الاتحاد العام لطلبة تونس في كلية الحقوق والعلوم السياسية والاقتصادية بجامعة سوسة. بعد حل الاتحاد العام للطلبة ، طاردت شرطة نظام زين العابدين بن علي سليم بن حميدان ما اضطره لمغادرة البلاد بطريقة غير مشروعة في سبتمبر 1991 للسودان، عبر ليبيا. قضى ستة أشهر في السودان قبل السفر إلى لبنان، حيث واصل دراسته الجامعية في كلية الحقوق ببيروت. في عام 1993، بعد اتهامات كاذبة، أصدرت المحكمة في شأنه حكما غيابيا بالسجن لمدة خمس عشرة سنة. و تواصلت مطاردته من قبل أجهزة المخابرات السورية وتم اعتقاله من قبل الشرطة اللبنانية وعذب قبل أن يسلم إلى السلطات التونسية، وغادر لبنان في صيف 1994 للحصول على اللجوء السياسي في أوروبا. بعد أن نجح في تفادي تسليمه، إثراستجوابات في مطارات اسطنبول وفيينا، تمكن من الدخول إلى سويسرا حيث تقدم بطلب للحصول على اللجوء السياسي، لكن الاتحاد السويسري لم يستجب لطلبه و قبل به فقط تحت الإقامة الجبرية، ما منعه من مواصلة دراسته. في عام 1995، ذهب إلى فرنسا التي لم تعترف بحقه في اللجوء السياسي إلا بعد ثلاث سنوات من الإقامة. واصل دراسته في جامعة رينيه ديكارت (باريس V) حيث حصل على درجة الماجستير في القانون الدولي للتنمية، كما حصل على شهادة الدكتوراه في القانون العام من نفس الجامعة مع أطروحة بعنوان الإسلام ودولة القانون. في عام 2001، ساهم في تأسيس المؤتمر من أجل الجمهورية. عاد إلى تونس يوم 23 جانفي 2011 بعد عشرين عاما من المنفى. قضت محكمة الاستئناف بتاريخ 8 جانفي 2013 برفض الطعن الذي تقدم به سليم بن حميدان ضد قرار الهيئة الوطنية للمحامين والقاضي برفض ترسيمه في جدول المحامين.,,2011-11-22,1
TNP-00440,سليم بن عبد السلام,Selim Ben Abdessalam,,,,,سليم بن عبد سلام,unknown,,,,,,,,,fr,"Amendements sur la constitution Successivement aux lycées Aboulkacem Ecchebbi (El Omran, 82/85), Imam Moslem (El Menzah, 85/86), Pierre Mendès-France (Mutuelleville, 86/89). 1989 : Baccalauréat économique et social. Etudes de droit dans les Universités Paris XII-Val de Marne, Paris X-Nanterre et Paris I-Panthéon-Sorbonne. 1995 : Maîtrise en droit (Université Paris XII) 1997 : Diplôme d'études approfondies en droit public mention droits de l'Homme et libertés publique (Université Paris X) 2007 : Lauréat à l'examen d'entrée au CRFPA (Centre régional de formation à la profession d'avocat) 2008 : Certificat d'aptitude à la profession d'avocat (CAPA, Ecole de formation des barreaux de la cour d'appel de Paris, EFB) 2009 : Master II Professionnel de juriste en droit du travail (Université Paris I). 1997/99 : Assistant juridique et intervenant social au sein de l'association France Terre D'Asile, ONG de soutien aux demandeurs d'asile et réfugiés (Paris). 1999/2009 : Assistant parlementaire de députées à l'Assemblée nationale française (Paris). Juin/oct 2011 : Directeur de centre d'accueil pour mineurs isolés demandeurs d'asile (CAOMIDA, banlieue parisienne) avec l'ONG France Terre d'Asile (après la Révolution : décision d'interrompre la profession d'avocat pour se consacrer à la vie politique tunisienne et envisager un retour en Tunisie). Principales activités associatives, syndicales et politiques en France avant la Révolution tunisienne : Responsable syndical étudiant au syndicat UNEF-ID Actif au sein de l'association France Terre d'Asile Membre de la Ligue des droits de l'Homme Responsable du syndicat USCP-UNSA des assistants parlementaires Membre du Parti socialiste (avec responsabilités locales puis nationales jusqu'en 2007) Parcours politique en Tunisie : Mars 2011 : Adhésion à Ettakatol, membre fondateur d'Ettakatol France Août 2011 : Désignation comme tête de liste sur la circonscription France Nord 23 oct. 2011 : Election comme député Nov.2011/Jan.2012 : membre de la commission du règlement intérieur de l'ANC Fév.2012 : vice-président du groupe Ettakatol 9 oct. 2012 : démission du groupe et du parti Ettakatol (avec Selma Mabrouk, Fatma Gharbi et Ali Bechrifa) 18 déc. 2012 : adhésion au groupe Démocrate (Al Kotla ed'dimocratia, avec les 3 démissionnaires d'Ettakatol).",,,,"قضى المرحلة الثانوية بمعهد ابو قاسم الشابي (العمران، 82/85) ومعهد الإمام مسلم (المنزه 85/86) والمعهد الفرنسي بيار منداس (ميتيال فيل 86/89) حيث تحصل على شهادة باكالوريا اقتصاد واجتماع سنة 1989. ـ دراسات قانون بجامعة باريس 7 فال دو مارن وجامعة باريس 10 ننتار وجامعة باريس 1 بونتيون سربون. ـ 1995: استاذية في القانون (جامعة باريس 7). ـ 1997: شهادة دراسات معمقة في القانون العام، اختصاص حقوق الإنسان والحريات العامة (جامعة باريس 10). ـ 2007: حائز على المرتبة الاولى في امتحان الدخول إلى مركز التدريب الإقليمي لمهنة المحاماة. ـ 2008: شهادة تأهيل لمهنة المحاماة (مدرسة التدريب لمحكمة الاستئناف في باريس). ـ 2009: شهادة ماجستير مهني اختصاص قانون الشغل (باريس 1). ـ 1997/1999: مساعد قانوني ومتدخل اجتماعي داخل جمعية فرنسا ارض المنفى وهي منظمة تساند طالبي المنفى واللجوء بباريس. ـ 1999/2009: مساعد برلماني لعدد من النواب بالمجلس الوطني الفرنسي (باريس). ـ جوان/اكتوبر 2011: مدير مركز استقبال للقاصرين غير المصحوبين طالبي اللجوء مع المنظمة فرنسا ارض المنفى. قرر بعد الثورة ان يعلق مهنة المحاماة للتفرغ للحياة السياسية التونسية والعودة إلى تونس. ابرز انشطته الجمعياتية والنقابية والسياسية بفرنسا قبل الثورة: ـ مسؤول نقابي ضمن اتحاد الطلاب ""UNEF-ID"" ـ ناشط ضمن جمعية فرنسا ارض المنفى ـ عضو برابطة الدفاع عن حقوق الإنسان ـ مسؤول عن نقابة ""USCP-UNSA"" للمساعدين البرلمانيين ـ عضو بالحزب الإشتراكي مع مسؤوليات جهوية ثم وطنية إلى حدود 2007 ـ مارس 2011: الإنضمام إلى التكتل من اجل العمل والحريات وعضو مؤسس لمكتب التكتل فرنسا ـ اوت 2011: تعيينه كرأس قائمة بدائرة فرنسا الشمالية ـ 23 اكتوبر 2011: انتخابه كنائب بالمجلس الوطني التاسيسي ـ فيفري 2012: تعيينه نائب رئيس عن كتلة التكتل ـ 09 اكتوبر 2012: الإستقالة من كتلة التكتل والحزب رفقة النائبة سلمى مبروك وفاطمة الغربي وعلي بالشريفة ـ 18 ديسمبر 2012: الإنضمام إلى الكتلة الديمقراطية داخل المجلس الوطني التاسيسي.",,2011-11-22,1
TNP-00441,سليمان هلال,Slimane Hlal,,,,,سليمان هلال,male,1957-12-31,day,Oum Laarayes à Gafsa,,,,divorcé,3,,"Amendements sur la constitution Né le 31 décembre 1957 à Oum Laarayes à Gafsa, il a effectué ses études primaires à Oum Laarayes et a poursuivi ses études secondaires à Kairouan où il a obtenu son baccalauréat Lettres en 1979. Il a par la suite étudié à l’université de la Chariaa jusqu’en 1983. Il était actif au sein du mouvement de la tendance islamique et l’UGET et il a été emprisonné en avril 1987 pour un période de 8 mois, puis emprisonné une seconde fois pendant 3 ans. Il n’a pas travaillé depuis sa sortie de prison, divorcé puis remarié et père de trois enfants. Il était tête de liste d’Ennahdha à Gafsa.",,,,من مواليد 31 أكتوبر 1957 بأمّ العرايس قفصة، درس في الإبتدائي بأمّ العرايس ثمّ الثّانوي بالقيروان أين تحصّل على الباكالوريا سنة 1979. درس بعدها بكليّة الشّريعة بتونس إلى حدود سنة 1983. كان ناشطا في الإتّجاه الإسلامي والإتّحاد العام لطلبة تونس. تم إيقافه سنة 1987 في أفريل لمدّة 8 أشهر ثمّ بعدها قضّى 3 سنوات أخرى في السّجن. لم يعمل منذ السّجن وهو مطلّق فمتزّوج وأب لثلاثة أطفال.,,2011-11-22,1
TNP-00442,سمير بن عمر,Samir Ben Amor,,,,,سمير بن عمر,male,1968-05-18,day,Tunis,TN-11,,,,,,"Amendements sur la constitution Né le 18 Mai 1968 à Tunis, il a effectué ses études primaires à l'école de Beb Alouia et ses études secondaires au lycée de la Rue du Maroc et aussi le lycée d'Al-Wardeya. Il a poursuivi ses études supérieures à la Faculté des Sciences Juridiques et Politiques de Tunis où il a obtenu sa licence en Sciences Juridiques et ensuite son Diplôme d'Etudes Approfondies (DEA) en Sciences Juridiques. Durant ses années d'études à l'université, il était actif au sein de l'UGET, ce qui lui a valu une arrestation en 1992 et son emprisonnement jusqu'à 1993. Il a rejoint suite à cela la profession d'avocat qu'il exerce jusqu'au jour d'aujourd'hui. Il était connu pour son militantisme en tant qu'avocat en occupant la position de secrétaire général de l'organisation internationale de soutien aux prisonniers politiques en 2002 ainsi que membre fondateur et membre du comité directeur du Centre Tunisien pour l'Indépendance de la Justice et des Avocats, et ce, depuis 2003. Il est aussi considéré comme l'un des fondateurs du Congrès Pour la République en 2001 et s'est présenté aux élections de l'Assemblée Nationale Constituante sur sa liste de Tunis 1. Il a été par ailleurs choisi pour occuper la position de premier conseiller de la présidence.",,,,ولد سمير بن عمر في 18 ماي 1968 بتونس العاصمة و درس في أولى مراحل تعليمه بالمدرسة الابتدائية بباب عليوة ثم بالمعهد الثانوي بنهج المغرب و كذلك المعهد الثانوي بالوردية. التحق سمير بن عمر بعد ذلك بكلية العلوم القانونية والسياسية بتونس حيث تحصل على الإجازة في العلوم القانونية ثم شهادة الدراسات المعمقة في العلوم القانونية. خلال سنوات دراسته الجامعية كان سمير بن عمر ناشط بإتحاد الطلبة مما أدى إلى اعتقاله سنة 1992 واحتجازه إلى حدود سنة 1993. انخرط سمير بن عمر عقب ذلك بمهنة المحاماة التي لا يزال يزاولها إلى يومنا هذا. عرف سمير بن عمر بنضاله كمحامي إذ شغل منصب كاتب عام الجمعية الدولية لمساندة المساجين السياسيين سنة 2002 وهو كذلك عضو مؤسس وعضو بالهيئة المديرة لمركز تونس لإستقلال القضاء والمحاماة وذلك منذ سنة 2003. يعتبر سمير بن عمر كذلك من مؤسسي حزب المؤتمر من أجل الجمهورية سنة 2001 وترشح من خلاله لعضوية المجلس الوطني التأسيسي وتم كذلك إختياره كمستشار أول لدى رئيس الجمهورية.,,2011-11-22,1
TNP-00443,سمير بالطيب,Samir Bettaieb,,,,,سمير بالطيب,male,1957-05-26,day,,,,,,,,"Amendements sur la constitution Né le 26 Mai 1957, Samir Bettaieb est un homme politique et universitaire tunisien. Il enseigne à la faculté de droit de l'Université de Sfax entre 1989 et 1995 et à la faculté de droit et de sciences politiques de l'Université de Tunis depuis 1995. Il devient aussi membre de son laboratoire de droit constitutionnel où il enseigne depuis 1996. Diplômé de la « Fulbright Institute » délivré par la « Southern Illinois University at Carbondale » en juillet 2001. Il est membre de l'American Political Science Association entre 2001 et 2003 et vice-président du Laboratoire de la transition démocratique depuis sa création en janvier 2011. Il est aussi membre du Conseil scientifique de la Faculté de Droit et des sciences politiques de Tunis, 2002 – 2005, 2005- 2008 et 2008- 2011. Membre du mouvement Ettajdid, rattaché au Pôle démocratique moderniste, il est élu le 23 octobre 2011 à l'assemblée constituante en tant que représentant de la circonscription de Tunis 1. Auteur d’un nombre important de travaux et d’ouvrages sur la réforme de l’Impôt sur les revenus, la fiscalité et la cohésion sociale, la révision de la constitution et le système de parti hégémonique.",,,,"من مواليد 26 ماي 1957 بتونس ، سمير بالطيب هو جامعي و سياسي تونسي. عضو أمانة حركة التجديد و أستاذ قانون عام و علوم سياسية بكلية الحقوق و العلوم السياسية بتونس منذ 1995 و قبل ذلك بكلية القانون بصفاقس بين 1989 و 1995. هو عضو بمختبره للقانون الدستوري حيث يدرس منذ 1996 و عضو في الجمعية الأمريكية للعلوم السياسية ""APSA"" بين 2001 و 2003 و كذلك نائب رئيس في مرصد الإنتقال الديمقراطي منذ نشأته في جانفي 2011. عضو بحركة التجديد المنصهر داخل القطب الديمقراطي الحداثي و تم ترشيحه إثر انتخابات 23 أكتوبر 2011 كنائب بالمجلس الوطني التأسيسي على دائرة تونس 1.",,2011-11-22,1
TNP-00444,سميرة مرعي,Samira Merai,,,,,سميره مرعي,female,1963-01-10,day,Zarzis,,,,mariée,3,,"Amendements sur la constitution Samira Merai ou Samira Merai Friaa, née le 10 janvier 1963 à Zarzis, est une femme politique, membre de l'assemblée constituante, et médecin tunisienne. Elle étudie à l'école primaire de la route de Gabès, à Médenine, puis au lycée technique de Médenine. Elle obtient un baccalauréat en mathématiques et sciences en 1981 puis étudie à la faculté de médecine de Tunis entre 1982 et 1986. Elle devient ensuite docteur en médecine en 1992 et se spécialise en pneumologie. En 2008, elle obtient un diplôme inter-universitaire de physiologie et de pathologie du sommeil à la faculté de médecine et de pharmacie de Lyon. Professeur agrégée en pneumologie à la faculté de médecine de Tunis en 2003, elle travaille à l'hôpital Abderrahmen-Mami de l'Ariana depuis 1993. Elle fait partie de différentes sociétés savantes, telles que la Société tunisienne des maladies respiratoires, la European Respiratory Society (en), l'American Thoracic Society (en) et la Société de pneumologie de langue française. Merai est aussi une membre active du conseil scientifique de l'Association des myopathes de Tunisie depuis 2005 et la deuxième vice-présidente de l'Association Amena de développement depuis mars 2011. Elle devient un membre actif du parti Afek Tounes et accède à son comité central en mai 2011. Elle se présente comme tête de liste dans la circonscription de Médenine, à l'occasion de l'élection de l'assemblée constituante tenue le 23 octobre 2011. À la suite de son élection, elle est élue, le 1er février 2012, en tant que vice-présidente de l'assemblée chargée de la législation, des relations avec le gouvernement et la présidence de la République. Elle est mariée et mère de trois enfants.",,,,سميرة مرعي فريعة، من مواليد 10 جانفي 1963 في جرجيس، هي سياسية وعضو في المجلس الوطني التأسيسي ، وطبيبة تونسية . درست سميرة في المدرسة الابتدائية في الطريق الرئيسي لقابس بولاية مدنين، ثم في المعهد التقني بمدنين . تحصلت على شهادة البكالوريا في الرياضيات والعلوم في عام 1981 ودرست في كلية الطب بتونس بين 1982 و 1986 ثم أصبحت طبيبة في عام 1992 ومتخصصة في أمراض الرئة. في عام 2008 تحصلت على شهادة بين الجامعات في علم وظائف الأعضاء وعلم أمراض النوم في كلية الطب والصيدلة في ليون. أستاذة مشاركة في قسم أمراض الرئة في كلية الطب بتونس في عام 2003 و عملت في مستشفى عبد الرحمان مامي بأريانة منذ عام 1993. هي ناشطة في عديد من الجمعيات العلمية المختلفة مثل الجمعية التونسية للأمراض الصدرية وجمعية التنفس الاوروبية والجمعية الأمريكية لأمراض الصدر (EN) و الجمعية الفرنسية للجهاز التنفسي. أصبحت عضوا ناشطا في حزب أفاق تونس وترشحت على رأس قائمة في دائرة مدنين في انتخابات المجلس الوطني التأسيسي وهي متزوجة ولديها ثلاثة أولاد.,,2011-11-22,1
TNP-00445,سناء مرسني,Sana Mersni,,,,,سناء مرسني,female,1984-12-01,day,Jendouba,TN-32,,,,,,"Amendements sur la constitution Née le 1er décembre 1984 à Jendouba, elle a fait des études de lettres et a obtenu son baccalauréat en 2003. Après des études en droit privé à la Faculté des Sciences Juridiques et de Gestion de Jendouba, elle fait un master en Sciences Criminelles à la Faculté de Droit d'El Manar et vient de commencer sa thèse sur la transition démocratique en Tunisie. Elle exerce sa fonction d’avocate jusqu'à son élection à l'Assemblée Nationale Constituante.",,محامي,,ولدت في غرة ديسمبر 1984 بجندوبة و قد تحصلت على شهادة الباكالوريا سنة 2003 اختصاص آداب. بعد اتباعها لدروس في القانون الخاص بكلية العلوم القانونية و التصرف بجندوبة، تحصلت على الماجستير في العلوم الجزائية بكلية القانون بالمنار و شرعت مؤخرا في أطروحة الدكتوراه حول الإنتقال الديمقراطي بتونس. مارست مهنة المحامة إلى غاية التحاقها بالمجلس الوطني التأسيسي.,,2011-11-22,2
TNP-00446,سناء الحداد,Sana Haddad,,,,,سناء حداد,female,1976-10-20,day,Korba,,,,mariée,,ar;fr,"Amendements sur la constitution Née le 20 Octobre 1976 à Korba, elle débute sa scolarité à l'école Abou El Kacem El Chebbi de la même ville avant de passer à l'école des filles puis intègre le lycée secondaire de Korba. Inscrite à la faculé des sciences juridiques, politiques et sociales de Tunis, elle y obtient sa maitrise puis effectue un DEA en Droit communautaire et de relation Euro-Maghreb. En 2002 elle devient avocate et a son propre cabinet. Elle prépare actuellement un doctorat en droit privé sur l'héritage de la femme dans le code du statut personnel. Elle n'a pas eu de parcours politiques avant le 14 Janvier 2011, ce n'est qu'après qu'elle a rejoint Ennahdha et a décidé de se présenter candidate pour participer à la rédaction de la constitution mais n'ambitionne pas de poursuivre une carrière politique. Pour la future constitution, elle défendra l'inscription de la Charîaa comme source principale de législation, et ce pour garantir que les lois du pays ne contrediront jamais les principes islamiques. Elle défendra également le respect des droits de l'Homme mais toujours d'un point de vue islamique. Mariée et mère d'un enfant, elle maîtrise la langue arabe et française.",,,,"ولدت في 20 أكتوبر 1976 بقربة أين زاولت تعليمها الإبتدائي أولا بمدرسة أبو القاسم الشابي ثم بمدرسة الإناث الإبتدائية. زاولت تعليمها الثانوي بقربة ثم إلتحقت بكلية العلوم القانونية والسياسية والاجتماعية بتونس. تحصلت على إجازة ثم ماجستير في قانون المجتمعات و العلاقات الأورومغاربية. إعتنقت المحاماة و دشنت مكتبها الخاص سنة 2002. تعد حاليا رسالة دكتواه حول ميراث المرأة في مجلة الأحوال الشخصية. لم تمارس نشاطا سياسيا قبل 14 جانفي 2011. إنضمت فيما بعد لحزب النهضة و قررت الترشح للمجلس التأسيسي بهدف المشاركة في صياغة الدستور دون الطموح للتفرغ الى حياة سياسية. تدعو الى إعتماد الشريعة مصدرا أساسيا للتشريع وذلك لضمان قوانين لا تتنافى مع المبادئ الإسلامية, تدافع عن حقوق الإنسان دائما في إطار هذه المبادئ. متزوجة أم لطفل. تتقن العربية و الفرنسية.",,2011-11-22,1
TNP-00447,سنية تومية,Sonia Toumia,,,,,سنيه توميه,female,1976-06-02,day,,,,,,,,"Amendements sur la constitution Née le 02 Juin 1976, ayant obtenu un baccalauréat littéraire et diplomée de l'Institut de Presse et des Sciences de l'Information, Sonia Toumia détient un diplôme d'études supérieures spécialisée dans les nouvelles technologies de l'information et de la communication et un master des Sciences de la Chariaa de l'Institut Supérieur de Théologie. Elle est membre fondateur de l'association de la femme moderne ainsi que l'association ""Awlayaa wa Morabbin"". Elle est issue d'une famille militante nahdhaouie et membre de l'Assemblée Nationale Constituante. Elle fait partie de la commission législative des droits et libertés et des relations étrangères et de la commission spéciale des martyrs et blessés de la révolution et de l'amnistie générale.",,,,"من مواليد 2 جوان 1976 باكلوريا آداب خريجة معهد الصحافة و علوم الأخبار. متحصلة على شهادة الدراسات العليا المتخصصة في التكنولوجيات الجديدة للإعلام و الاتصال وعلى شهادة الماجستير في علوم الشريعة من المعهد العالي لأصول الدين. عضو مؤسس لجمعية المرأة المعاصرة وعضو مؤسس في جمعية الأولياء والمربين. تنحدر من عائلة مناضلة نهضاوية وعضو بالمجلس الوطني التأسيسي, عضو في لجنة الحقوق و الحريات و العلاقات الخارجية التشريعية, عضو في لجنة الشهداء و الجرحى و تفعيل العفو التشريعي العام.",,2011-11-22,1
TNP-00448,شكري يعيش,Chokri Yaich,,,,,شكري يعيش,unknown,,,,,,,,,,Amendements sur la constitution Docteur d’Etat en Géosciences & Environnement Professeur D’enseignement Supérieur à L’Université de Sfax Député Constituant : Membre élu de l'Assemblée Nationale Constituante (ANC entre 2011 et 2014) / Membre du Parlement du Climat / Membre du Parlement maghrébin (2011 à 2014). Géoressources - Dynamique côtière - Environnement - Sédimentologie de faciès - Stratigraphie séquentielle et Génétique - Energie - Eau - Environnement - Changements climatiques. Décentralisation et Gouvernance locale - Développement durable. Large expérience dans la recherche scientifique ; Large expérience dans l’Enseignement Supérieur ; 10 ans de Direction d’une structure de recherche officielle (DSE) ; Plus de 120 articles scientifiques dans des revues internationales. Vie associative & parlementaire Président de l’Association Décentralisation et Gouvernance Locale Administrateur et Rédacteur au portail www.sfaxonline.com depuis 2007 Vice Président de l’Association Tunisienne de Géologie Appliquée Membre de l’International Association of Sedimentology Cofondateur de l’Association du Développement Durable Cofondateur de l’Association du Développement Régional de Sfax Cofondateur de l’Association Majida Boulila pour le Modernisme Membre de l’ANC (Assemblée Nationale Constituante entre 2011 et 2014) Membre de la commission constitutionnelle Collectivités locales et Décentralisation à l’ANC Membre de la commission Infrastructure et Environnement à l’ANC entre 2011 et 2014 Membre du parlement maghrébin entre 2011 et 2014 Sport - Géologie planétaire - Voyages et Découvertes,,,,لا نملك السيرة الذاتية لهذا النائب,,2011-11-22,1
TNP-00449,شكري القسطلّي,Chokri Kastalli,,,,,شكري قسطلي,male,,,,,,,,,,"Amendements sur la constitution Né le 09 Janvier 1962 d’une famille andalouse exerçant le commerce et l’agriculture, il a fait ses études primaires à l’école Victor Hugo à Beja, puis au lycée mixte de Bejà, où il a obtenu son baccalauréat lettres en 1982, et il a intégré la faculté pour étudier le droit. Après sa première année, la fréquence des grèves l’a obligé à quitter la faculté et à rejoindre l’institut supérieur de tourisme et d’hôtellerie de Sidi Dhrif, où il a obtenu le diplôme de technicien supérieur en réception et administration, mais il n’a pas exercé en raison de besoins familiaux et est retourné à Beja pour aider sa famille dans le domaine de l’agriculture. Après s’être installé à Beja, il est devenu enseignant durant dix ans après lesquelles il est devenu maître d’application. Il a rejoint par la suite le mouvement syndical, et a rejoint le parti démocrate progressiste en 2008. Suite à la révolution, il a été secrétaire général du bureau régional du PDP à Beja, mais après le congrès du PDP qui a conduit à la scission du PDP et l’alliance démocratique, il a choisi d’être l’un des fondateurs de l’alliance démocratique.",,,,ولد شكري قسطلي في 09 جانفي 1962 في عائلة أندلوسية تمارس التجارة والفلاحة. زوال تعليمه الإبتدائي بمدرسة فيكتور هوجو بمدينة باجة ثم بالمعهد المختلط بباجة كذلك. تحصل على شهادة البكالوريا في الآداب سنة 1982 وتوجه بعد ذلك ليدرس الحقوق بالجامعة. بعد انهائه للسنة الأولى حقوق حصلت عديد الإضطرابات بالجامعة فاضطر شكري لترك كلية الحقوق والتوجه إلى المدرسة العليا للسياحة والفنادق بسيدي الظريف حيث تحصل على المؤهل العالي للفني السامي في الإستقبال والإدارة ولكنه لم يعمل في مجال السياحة وذلك بسبب احتياجاته العائلية إذ عاد إلى باجة لمساعدة عائلته في مجال الفلاحة. عند استقراره في باجة، إلتحق شكري بسلك المعلمين وزاول مهنة التعليم لمدة 10 سنوات أصبح بعدها معلم تطبيق. إلتحق شكري بعد ذلك بالحركة النقابية، وفي 2008 إنضم إلى الحزب الديمقراطي التقديمي. تقلد شكري قسطلي بعد الثورة منصب الكاتب العام للمكتب الجهوي للحزب الديمقراطي التقدمي بباجة ولكن بعد المؤتمر الذي عقده الحزب الديمقراطي التقدمي و إنقسامه إلى الحزب الجمهوري والتحالف الديمقراطي إختار شكري أن يكون أحد مؤسسي التحالف الديمقراطي.,,2011-11-22,1
TNP-00450,شكري العرفاوي,Chokri Arfaoui,,,,,شكري عرفاوي,male,,,,,,,marié,,ar,"Amendements sur la constitution Né le 09/06/1963 à Bouarada dans le gouvernorat de Siliana, il effectue sa scolarité dans l'école et le lycée de la ville. Une fois ses études terminées, il devient enseignant. Il ne s'est jamais affilié à un parti politique, et décide de se présenter aux élections pour une assemblée constituante au sein de la liste indépendant d'El Aridha, qu'il quitte une fois élu. Pour la future constitution il souhaite y inscrire que la Tunisie est libre, indépendant, sa langue est l'arabe et sa religion est l'Islam. Il souhaite défendre également le droit au travail, à la gratuité des soins et aux indémnités chômage. Marié et père de famille, il maitrise la langue arabe, française et anglaise.",,,,ولد في 9 جوان 1963 ببعرادة في ولاية سليانة أين زاول تعليمه الإبتدائي و الثانوي. إشتغل كمدرس. لم ينتمي إلى أي حزب سياسي، ترشح إلى إنتخابات المجلس التأسيسي ضمن القائمة المستقلة العريضة ولكنه إستقال من القائمة عند إنتخابه. يدعو إلى دستور يضمن تونس حرة، مستقلة، لغتها العربية و دينها الإسلام. يدافع عن حق الشغل، مجانية العلاج و منحة البطالة. متزوج، رب عائلة. يتقن العربية، الفرنسية و الإنقليزية.,,2011-11-22,1
TNP-00451,صالح شعيب,Salah Chouaib,,,,,صالح شعيب,male,,,,,,,,,,"Amendements sur la constitution Salah Chouaieb est né le 21/09/1943 à Kalâa Sghira Sousse, et il est professeur universitaire d’économie politique et de comptabilité. Salah Chouaieb était membre du bureau politique du Mouvement des Démocrates Socialistes (MDS) puis membre du bureau politique du Forum Démocratique pour le Travail et les Libertés (Ettakatol). Il en a démissionné pour former son propre parti, « la 3ème voie ».",,,,ولد صالح شعيب في 21/09/1943 بمدينة القلعة الصغيرة سوسة وقد عمل كأستاذ جامعي في إختصاص الإقتصاد السياسي والمحاسبة. أما بالنسبة للحياة السياسية فقد كان ناشط في حركة الديمقراطيين الاشتراكين إذ كان عضو بالمكتب السياسي وأصبح بعد ذلك عضو بالمكتب السياسي لحزب التكتل من أجل العمل والحريات والذي انشق عنه بعد ذلك ليكوّن حزبه الخاص الطريق الثالث.,,2011-11-22,1
TNP-00452,صالحة بن عائشة,Salha Ben Aicha,,,,,صالحه بن عايشه,female,1973-10-04,day,Tunis,TN-11,,,mariée,3,,"Amendements sur la constitution Née le 4 octobre 1973 à Tunis, Salha Ben Aicha habite actuellement à Grombalia. Elle a rejoint la Faculté des Sciences Juridiques, Politiques et Sociales de Tunis pendant six ans, où elle obtient un diplôme des études approfondies (DEA) en droit des affaires (Droit boursier) en 1999. Salha Ben Aicha exerce le métier d’avocate à la Cour de cassation depuis mars 2000. Elle est mariée et mère de trois enfants.",,,,ولدت صالحة بن عايشة في 4 أكتوبر 1973 بتونس (وهي حالياً تقطن بسليمان). درست العلوم القانونية (مدة 6 سنوات) بجامعة العلوم القانونية والسياسية والإجتماعية بتونس. تحصلت على شهادة الدراسات المعمقة في قانون الأعمال، إختصاص قانون البورصة، في ديسمبر 1999. ترسمت صالحة بن عايشة في المحاماة منذ 10 مارس 2000 وهي الآن محامية لدى التعقيب و يقع مكتبها بقرمبالية.,,2011-11-22,1
TNP-00453,صلاح الدين الزحاف,Slaheddine Zahaf,,,,,صلاح دين زحاف,male,,,,,,,,,,"Amendements sur la constitution Slaheddine Zahaf est né à Sfax le 25 Juillet 1957. Il a fait ses études primaires et secondaires à Sfax et a obtenu un baccalauréat en mathématiques en 1976. Ensuite, il a rejoint l’institut des hautes études économiques de Tunis. Il est devenu expert-comptable en 1983. Zahaf n’avait pas exercé de fonctions politiques avant la révolution de 2011. Cependant, il a été actif dans le domaine associatif. C’est un homme d'affaires (2011), et à un moment, administrateur d’un club de football, le Club Sportif Sfaxien [CSS] (2006-2011).",,,,ولد صلاح الدين الزحاف في 25/07/1957 بولاية صفاقس. درس في أوائل مراحل تعليمه بالمدرسة الابتدائية أليكس دمو بصفاقس ثم بالمعهد الثانوي للفتيان بصفاقس حيث تحصل على شهادة البكالوريا في الرياضيات سنة 1976 ثم إلتحق بمعهد الدراسات الإقتصادية العليا بتونس حيث تخرج كخبير محاسب سنة 1983. وإن لم يكن لصلاح الدين الزحاف أي نشاط سياسي قبل الثورة إلا أنه كان ناشط في المجال الجمعياتي. هو رجل أعمال وكان مدير نادي كرة قدم، النادي الرياضي الصفاقسي (2006ــ2011).,,2011-11-22,1
TNP-00454,صلاح الدين لهيبة,Slaheddine Elhiba,,,,,صلاح دين لهيبه,male,1955-01-06,day,Zarzis,,,,,,,"Amendements sur la constitution Slaheddine Elhiba est née le 06 Janvier 1955 à Zarzis. Il a effectué ses études primaires à l'école Hamadi Kebli à Zarzis et ensuite ses études secondaires au lycée du korniche. Il a, par la suite, intégré l'institut de formation des maitres d'école et a commencé à enseigner depuis 1974 jusqu'à 1987 lorsqu'il a été arrêté à cause de son affiliation au mouvement de la tendance islamique de Mars 1987 jusqu'à Décembre 1987. Il est retourné à l'enseignement après sa libération jusqu'à ce qu'il soit arrêté de nouveau en 1991. Il a été emprisonné pendant 4 ans jusqu'à Octobre 1995. Il a travaillé suite à cela comme marin et agent commercial jusqu'à Avril 2011, date à laquelle il est retourné à l'enseignement.",,,,ولد صلاح الدين الهيبة في 06/01/1955 بولاية جرجيس ودرس بالمدرسة الإبتدائية حمادي قبلي بولاية جرجيس ثم إلتحق بالمعهد الثانوي الكرنيش، ثم إلتحق بمدرسة ترشيح المعلمين ومنذ سنة 1974 إلتحق بسلك التعليم إلى حدود سنة 1987 حيث تم إيقافه على خلفية انتمائه إلى حركة الإتجاه الاسلامي وذلك من مارس 1987 إلى ديسمبر 1987 . بعد ذلك عاد إلى التعليم إلى أن تم إيقافه مجددا سنة 1991 وسجنه لمدة 4 سنوات إلى أكتوبر 1995.عمل بعد ذلك صلاح الدين الهيبة كبحار وعون تجاري إلى أفريل 2011 حيث عاد إلى ممارسة التعليم .,,2011-11-22,1
TNP-00455,ضمير المناعي,Dhamir Mannai,,,,,ضمير مناعي,male,1963-01-14,day,Jendouba,TN-32,,,marié,4,ar,"Amendements sur la constitution Né le 14 Janvier 1963 à Jendouba, Dhamir Mannai entame sa scolarité à Ain Soltan et Ain Drahem et poursuit ses études secondaires à Ain Drahem et Jendouba. Il a obtenu son baccalauréat avec excellence et a donc décroché une bourse d'Etat pour poursuivre ses études aux Etats-Unis d'Amérique où il a passé 23 ans de sa vie. Il a étudié la génie électrique à Michigan en se spécialisant dans les systèmes énergétiques et a ensuite obtenu un master en génie informatique en Pennsylvanie. Il a eu un doctorat en 1990 et a commencé en tant que professeur universitaire en Pennsylvanie, et à Boston en tant qu'expert auprès des tribunaux et chercheur en génie logiciel. Il a fondé sa propre société de programmation aux Etats-Unis en 1997 mais il a été obligé de la fermer après avoir perdu un bon nombre de ses clients après la complication des lois sur les transactions aux Etats-Unis suite aux évènements du 11 Septembre. Il a participé à la mise en place du projet du pôle technologique El Ghazala, ce qui lui a permis d'obtenir la distinction nationale du mérite pour le développement technologique en Tunisie en 2001. Il a travaillé au sein de sociétés privées françaises et allemandes en tant que directeur de l'ingénierie et directeur de recherches et de programmations. En 2008, lors de son retour en Tunisie, il a rejoint Tunisie Télécom pour ensuite créer sa propre société qui offre des services en sécurité informatique. Il est également le président de l'association des experts en sécurité informatique en Tunisie. Il a rejoint le Congrès Pour le République après le 14 Janvier 2011 parce qu'il y voyait un parti civil sans background idéologique. Il défend les droits des handicapés, la justice sociale et l'instauration du système d'élections locales. Marié et père de 4 enfants, il maitrise la langue arabe, française et anglaise.",,,,"ولد في 14 جانفي 1963 بجندوبة زاول تعليمه الإبتدائي بعين سلطان و بعين دراهم و تعليمه الثانوي بعين دراهم و جندوبة حاز على شهادة الباكالوريا بإمتياز فتحصل على منحة دولة لمواصلة دراساته الجامعية بالولايات المتحدة الأمريكية أين قضى 23 سنة من حياته. درس الهندسة الكهربائية ب""ميشيغان"" متخصصا في الأنظمة الطاقية ثم تحصل على ماجستير في الهندسة المعلوماتية ببنسلفانيا. أحرز على دكتوراه في 1990 وإشتغل كأستاذ جامعي في بنسلفانيا و في بوستن، كخبير لدى المحاكم و كباحث في الهندسة البرمجاتية. أسس شركته الخاصة في البرمجيات بالولايات المتحدة سنة 1997 و لكنه اضطر لإغلاقها بعد أن فقد العديد من حرفائه الأجانب إثر تشدد قوانين المعاملات في أمريكا بعد أحداث 11 سبتمبر ساهم في مشروع إحداث القطب التكنولوجي بالغزالة مما مكنه من التحصل على وسام وطني للإستحقاق في تنمية التكنولوجيا بتونس سنة 2001. إشتغل في شركات خاصة فرنسية و ألمانية كمدير للهندسة و مدير بحوثات و برمجيات. عند رجوعه لتونس سنة 2008 إنضم أولا لإتصالات تونس ثم أسس شركة خاصة تقدم خدمات في سلامة المعلومات. يشغل أيضا منصب رئيس جمعية خبراء سلامة المعلومات بتونس. إلتحق بالمؤتمر من أجل الجمهورية بعد 14 جانفي 2011 لأنه رأى فيه حزبا مدنيا بدون مرجعية إيديولوجية. يدعو للدفاع على حقوق المعاقين و على العدالة الإجتماعية و ترسيخ نظام إنتخابات محلية متزوج، أب لأربعة أبناء يتقن العربية ، الإنقليزية والفرنسية",,2011-11-22,1
TNP-00456,طارق العبيدي,Tarek Labidi,,,,,طارق عبيدي,male,,,,,,,,,,"Amendements sur la constitution Tarak Labidi est né le 10/02/1969, et a effectué son enseignement supérieur au lycée de Tajerouine (Le Kef), à l’école El Farabi à Damas et au centre des études par correspondance à Annaba. Il a étudié le droit privé et le droit fiscal à la faculté de droit et des sciences politiques Mohamed I à Oujda (Maroc) et il a continué cette même spécialité à la faculté de droit et des sciences politiques de Tunis. Il a également le diplôme des études approfondies en lettres. Tarak Laabidi est avocat à la cour de cassation. Il était également membre du bureau politique du Congrès Pour la République (CPR), membre fondateur du Centre de Tunis Pour l'Indépendance de la Justice et membre du Conseil National pour les Libertés en Tunisie (CNLT).",,,,من مواليد 10 فيفري 1969 تابع تعليمه الثانوي بثانوية تاجروين (الكاف) ثم مدرسة الفارابي بدمشق سوريا ثم مركز الدراسات عن طريق البريد بعنابة الجزائر. متحصل على شهادة الدراسات المعمقة في الحقوق وزوال تعليمه العالي بكلية الحقوق والعلوم السياسية محمد 1 بوجدة المغرب حيث درس القانون الخاص و القانون الضريبي وعاد إلى تونس للالتحاق بكلية الحقوق والعلوم السياسية بتونس ودرس القانون الخاص و القانون الضريبي كذلك . محامي لدى التعقيب. كان عضو المكتب السياسي للمؤتمر من أجل الجمهورية وعضو مؤسس لمركز تونس لإستقلال القضاء و المحاماة و عضو المجلس الوطني للحريات بتونس.,,2011-11-22,1
TNP-00457,طارق بوعزيز,Tarek Bouaziz,,,,,طارق بوعزيز,male,1982-04-08,day,Siliana,TN-34,,,,,,"Amendements sur la constitution Né le 08 Avril 1982 à Siliana, il a effecté ses études secondaires au lycée mixte de Siliana où il a obtenu son baccalauréat - section mathématiques en 2001. Il a poursuivi ses études supérieures à l’Institut Supérieur des Etudes Technologiques de Sousse où il a obtenu son diplôme de technicien supérieur en réseaux informatiques en 2004.",,,,ولد طارق بوعزيز في 08 افريل 1982 بسليانة ودرس بالمعهد الثانوي المختلط بسليانة حيث تحصل على شهادة الباكالوريا اختصاص رياضيات سنة 2001. تابع تعليمه العالي بالمعهد الاعلى للدراسات التكنولوجية بسوسة حيث تحصل على شهادة تقني سامي في شبكات الإعلامية سنة 2004.,,2011-11-22,1
TNP-00458,عادل بن عطية,Adel Ben Attia,,,,,عادل بن عطيه,male,1970-06-11,day,,,,,,,,"Amendements sur la constitution Adel Attia est né le 11 Juin 1970 dans le gouvernorat de Siliana et ses études étaient réparties entre la Mauritanie et la Tunisie, précisément à Siliana, mais il s’est installé ensuite à Siliana pour poursuivre ses études secondaires et obtenir son baccalauréat en Lettres en 1994. Il a ensuité intégré la Faculté de Droit de Sousse et a obtenu sa maitrise en Droit Public en 2000. En 1987, il a rejoint le mouvement islamique et a été emprisonné en 1991 pendant 6 ans. A sa sortie de prison, il a gelé ses activités jusqu’à la révolution.",,,,ولد عادل بن عطية في 11/06/1970 بولاية سليانة وكانت دراسته في المراحل الأولى منقسمة بين موريتانيا و تونس تحديدا ولاية سليانة ولكنه إستقر بعد ذلك في سليانة وتابع دراسته الثانوية بسليانة حيث تحصل على شهادة البكالوريا إختصاص آداب سنة 1994. بعد ذلك إلتحق بكلية الحقوق بسوسة وتحصل على الأستاذية في القانون العام سنة 2000. في سنة 1987 إنخرط في الاتجاه الاسلامي. في سنة 1991 سجن لمدة 6 سنوات وعند خروجه تجمد نشاطه إلى ما بعد الثورة.,,2011-11-22,1
TNP-00459,عائشة الذوادي,Aicha Dhaouadi,,,,,عايشه ذوادي,female,1961-06-14,day,Bizerte,TN-23,,,mariée,,ar,"Amendements sur la constitution Née le 14 Juin 1961 à Bizerte. Elle a fait ses études primaires à l’école des sœurs de Bizerte et secondaires ay lycée des jeunes filles de Bizerte pour y obtenir son baccalauréat en 1981. Elle intègre ensuite la Faculté de Chariaa et théologie où elle obtient sa maitrise en Sciences Islamiques en 1985. Elle y obtient aussi un diplôme de recherche, spécialité Hadith en 1987 mais a été empêchée de poursuivre sa thèse de doctorat pour son appartenance idéologique. En 1985, elle postule à tous les concours mais le port du voile est toujours un obstacle. Le 04 Novembre 1993, elle a été arrêtée pour quelques mois et le juge avait ordonné sa libération. Le 19 Mai 1995, elle est de nouveau arrêtée pour quelques mois à Bizerte et avait passé le reste de l’année à la prison de Monastir. Mariée et ayant des enfants, elle maitrise la langue arabe, française et anglaise.",,,,ولدت في 14 جوان 1961 ببنزرت. زاولت تعليمها الإبتدائي بمدرسة الأخوات ببنزرت و الثانوي بمعهد الفتيات ببنزرت أيضا لتتحصل على شهادة البكالوريا سنة 1981. التحقت بعد ذلك بكلية الشريعة و أصول الدين حيث تحصلت على الأستاذية في العلوم الإسلامية سنة 1985. تحصلت فيها أيضا على شهادة بحث ـ تخصص حديث سنة 1987 و لكن تم عرقلتها عن مواصلة أطروحة الدكتوراه بسبب انتمائها الإيديولوجي. تقدمت سنة 1985 لجميع المناظرات لكن كان الحجاب عائقا في كل مرة. في 04 نوفمبر 1993 تم إيقافها لبضهة أشهر إلى أن أمر القاضي بإطلاق سراحها. في 19 ماي 1995 تم إيقافها من جديد لبضعة أشهر ببنزرت و أكملت ما تبقّى من السنة بسجن المنستير. متزوجة و لها أبناء. تتقن العربية و الفرنسية و الإنڨليزية.,,2011-11-22,1
TNP-00460,عبد الباسط بن الشيخ,Abdelbasset Becheikh,,,,,عبد باسط بن شيخ,male,1941-09-06,day,Tunis,TN-11,,,,4,,"Amendements sur la constitution Né le 06 septembre 1941 à Tunis, a fait ses études primaires à l’école Halfaouines, puis ses études secondaires à la section Zeitounienne où il a obtenu son baccalauréat et a étudié par la suite pendant deux ans à l’université Zeitounienne. Il a commencé à enseigner en 1962 à Bouarada, Mjez el Beb et Bab Lakoues, puis il a travaillé comme directeur d’école à Hmayem à El Mornaguia, puis à Cité Tayaran à Ezzahrouni, et à l’école Saniet Ben Abdallah. Père de 4 enfants, il a commencé son activité politique durant les années 70 avec le mouvement islamique, et il était actif au sein des mosquées.",,,,من مواليد 06 سبتمبر 1941 بتونس العاصمة، زاول دراسته الإبتدائيّة بمدرسة الحلفاوين، ثمّ زاول تعليمه الثّانوي بالفرع الزّيتوني أين تحصّل على شهادة الباكالوريا، ثمّ درس بجامعة الزّيتونة أين درس سنتين فقط. التحق بسلك التّعليم سنة 1962 ودرّس في بوعرادة ومجاز الباب وباب الأقواس، ثمّ عمل كمدير مدرسة بحميّم بالمرناقية وحي الطيّران بالزّهروني و مدرسة سانية بن عبد الله. هو أب لأربعة أبناء وبدأ نشاطه السّياسي في السّبعينات مع الإتّجاه الإسلامي حيث كان ينشط في الجوامع.,,2011-11-22,1
TNP-00461,عبد الحليم زواري,Abdelhalim Zouari,,,,,عبد حليم زواري,male,1963-02-01,day,El Mdhilla,,,,marié,,,"Amendements sur la constitution Né le 01 février 1963 à El Mdhilla, a fait ses études primaires à El Mdhilla, puis ses études secondaires au lycée secondaire mixte de Gafsa, et il a obtenu son baccalauréat au lycée Abben Romdhane à Alger en 1984 Il a par la suite étudié la médecine à l’institut supérieur des sciences médicales à Alger et est par la suite retourné en Tunisie en 1994, après avoir obtenu l’équivalence. Il a commencé à exercer en tant que médecin généraliste de la santé publique en 1997, a fait une année de Master de médecine de la famille à la faculté de médecine de Sousse, puis une année de master en adolescientologie à la faculté de médecine de Sfax. Il faisait partie du mouvement islamique depuis le secondaire, a été jugé en 2003 pour une affaire de financement, mais il a bénéficié d’un non lieu. Il est marié et père de deux filles.",,,,من مواليد 01 فيفري 1963 بالمظيلّة، درس في الابتدائي بالمظيلّة، ثمّ زاول تعليمه الثّانوي بالمعهد الثّانوي المختلط بقفصة، ثمّ تحصّل على الباكالوريا بمعهد عبّان رمضان بالجزائر سنة 1984. درس الطّب بالمعهد الأعلى للعلوم الطبّية وعاد إلى تونس سنة 1994 بعد أن تحصّل على المعادلة. باشر الطّب كطبيب عام للصحّة العموميّة سنة 1997. درس سنة ماجستير طب العائلة بكليّة الطّب بسوسة وسنة ماجستير علوم المراهقة في كليّة الطّب بصفاقس. كان في الإتّجاه الإسلامي منذ الثّانوي وحوكم سنة 2003 من أجل التّمويل لكن لم يصدر حكم في شأنه.,,2011-11-22,1
TNP-00462,عبد الرحمان الأدغم,Abderrahmane Ladgham,,,,,عبد رحمان ادغم,male,1977-01-01,year,,,,,marié,3,,"Amendements sur la constitution Né le 18 Octobre 1947 au Bardo, il a fait ses études primaires et secondaires à l’annexe puis au collège Sadiki pour obtenir son baccalauréat en juin 1964. Il a poursuivi ses études supérieures de médecine à Tunis, à Tours et à Paris pour devenir Docteur en médecine et Spécialiste en ORL de la faculté de médecine de Paris. Il a effectué plusieurs stages de spécialisation en cancérologie de la face et du cou en France et a aussi été assistant hospitalo-universitaire à l’Institut Salah Azaïz en 1977 Il est devenu maître de conférence agrégé à la faculté de médecine de Tunis en décembre 1983, chef de service de chirurgie ORL à l’institut Salah Azaïz de juin 1989 à octobre 2007 et a aussi dirigé le comité médical de la même institution pendant plusieurs années. Depuis Juillet 1993, il est devenu Professeur titulaire. Il a à son actif la formation de plusieurs générations de médecins spécialistes et a écrit et dirigé des dizaines de communications et publications scientifiques nationales, mémoires et thèses de médecine, de même qu'une centaine de travaux scientifiques publiés dans des revues régionales et internationales. Il a développé plusieurs techniques chirurgicales dont notamment la chirurgie laryngée au laser. Sur le plan politique, il était membre de l’UGET, puis du syndicat national hospitalo-universitaire. Au début des années 1970, il était un élément actif de l’opposition estudiantine « modérée » au régime de Bourguiba. Il a fait l’objet en 1974 d’un ordre d’arrestation avec plusieurs de ses collègues du même groupe, dès leur retour à Tunis pendant les vacances d’été et a échappé de justesse parce qu'avisé à temps par sa famille de Tunis. De retour en Tunisie, il a signé en 1977, l’appel pour la création du conseil tunisien pour les libertés, dirigé par Hassib Ben Ammar Il a participé activement à la commission de préparation des élections législatives de 1981 avec feu Hichem Gribaa et celles de 1989 au sein du MDS légitime, sous la direction d’Ahmed Mestiri. Fils de Bahi Ladgham (ancien premier ministre de Bourguiba, et un des grands leaders de la lutte nationale, connu pour son patriotisme et sa probité), il s’est toujours considéré comme un opposant à l’ancien régime et à Ben Ali depuis le jour de son arrivée au pouvoir, notamment en signant en 2002, une pétition contre l’institution du 4ème mandat à Ben Ali ( 2004). Il a rejoint officiellement les rangs d'Ettakatol dès la révolution, où il participé au sein de la commission politique comme l’un des deux rapporteurs à l’élaboration du programme politique, puis dès la fin du mois de juillet 2011 est membre de la commission nationale de pilotage des élections du parti, puis enfin désigné candidat tête de liste de la circonscription de Manouba. Le 24 décembre 2011, il devient ministre auprès du Premier ministre, chargé des Affaires de malversation, au sein du gouvernement formé par Hamadi Jebali. Il est marié et père de 3 enfants.",,,,ولد في 18 أكتوبر 1947 بباردو و زاول تعليمه الإبتدائي و الثانوي بالصادقية ليتحصل على شهادة الباكالوريا في جوان 1964. واصل تعليمه العالي في الطب بتونس و تور ثم باريس ليصبح دكتور في الطب مختص في أمراض الأذن والأنف والحنجرة من كلية الطب بباريس. قام بالعديد من تربصات تخصص في سرطان الوجه والرقبة في فرنسا و كان كذلك مساعد مستشفى جامعي بمعهد صالح عزيز سنة 1977. أصبح أستاذ محاضر مبرز بكلية الطب بتونس في ديسمبر 1983 و رئيس قسم جراحة أمراض الأذن والأنف والحنجرة بمعهد صالح عزيز من جوان 1989 إلى أكتوبر 2007 كما أشرف على اللجنة الطبية لهذا المعهد طيلة سنوات عديدة. منذ جويلية 1993، أصبح أستاذا مترسما و قام بتكوين أجيال عديدة من الأطباء المختصين كما كتب و أشرف على العشرات من البلاغات والمنشورات العلمية الوطنية والرسائل والأطروحات الجامعية في الطب إلى جانب عدد من الأشغال العلمية المنشورة في المجلات الجهوية و الدولية. وقد طور العديد من التقنيات الجراحية بما في ذلك جراحة الليزر الحنجرية. على الصعيد السياسي، كان عضوا في الإتحاد العام لطلبة تونس ثم بالنقابة الوطنية للأطباء بالمستشفيات الجامعية. في بداية السبعينات، كان عضوا ناشطا في المعارضة الطلابية المعتدلة لنظام بورڨيبة. صدرت فيه سنة 1974 مذكرة اعتقال مع عدد من زملائه في نفس المجموعة، إثر عودتهم إلى تونس خلال العطلة الصيفية، نجا بالكاد منها بفضل إعلامه من قبل عائلته في تونس في الوقت المناسب. أمضى سنة 1977، إثر عودته إلى تونس، على النداء إلى إنشاء المجلس الوطني للحريات بتونس بقيادة حسيب بن عمار. شارك بنشاط في اللجنة التحضيرية للانتخابات التشريعية لعام 1981 مع هشام قريبع و انتخابات 1989 داخل حركة الديمقراطيين الإشتراكيين الذي آنذاك أصبح شرعيا تحت إشراف أحمد المستيري. بصفته ابن الباهي لدغم (رئيس الوزراء السابق لبورقيبة و أحد القادة الكبار في النضال الوطني المعروف عن وطنيته و نزاهته) اعتبر دائما نفسه كمعارض للنظام السابق و لبن علي منذ وصوله للحكم، لا سيما عند إمضائه سنة 2002 على العريضة التي جاءت ضد إرساء المدة النيابية الرابعة لبن علي (2004). إنضم رسميا لصفوف حزب التكتل إثر الثورة التونسية فشارك داخل اللجنة السياسية كأحد المقررين في صياغة البرنامج السياسي ثم في أواخر شهر جويلية 2011 أصبح عضوا في اللجنة الوطنية التوجيهية لانتخابات الحزب ليتم ترشيحه أخيرا رأس قائمة على دائرة منوبة. في 24 ديسمبر 2011، أصبح وزيرا معتمدا لدى الوزير الأوّل مكلّف بملفات الفساد المالي ضمن حكومة حمادي الجبالي.,,2011-11-22,1
TNP-00463,عبد الرزاق خلولي,Abderrazak Khallouli,,,,,عبد رزاق خلولي,male,1970-12-15,day,Beja où il poursuit ses études primaires et secondaires,,,,marié,3,ar,"Amendements sur la constitution Né le 15 Décembre 1970 à Beja où il poursuit ses études primaires et secondaires. Il intègre ensuite la Faculté de Droit et de Sciences Politiques où il obtient une maitrise en droit privé en 1996 et un Diplôme d’Etudes Approfondies (DEA) en 1999. Il enchaine avec un troisième cycle à l’Ecole Nationale d’Administration. Il devient conseiller de service public financier en 2000 et exerce actuellement sa profession d’avocat, n’ayant aucune activité politique avant la révolution de Janvier 2011. Marié et père de 3 enfants, il maitrise la langue arabe, française et anglaise.",,,,ولد في 15 ديسمبر 1970 بباجة حيث زاول تعليمه الإبتدائي و الثانوي. التحق بعد ذلك بكلية القانون و العلوم السياسية ليتحصل سنة 1996 على الأستاذية في القانون الخاص و شهادة الدراسات المعمقة سنة 1999 و ثم واصل المرحلة الثالثة بالمدسة الوطنية للإدارة بتونس. أصبح في سنة 2000 مستشار مرفق عام مالي و يمارس حاليا مهنة المحاماة. لم يكن له أي نشاط سياسي قبل ثورة جانفي 2011. يتقن اللغة العربية و الفرنسية و الإنجليزية.,,2011-11-22,1
TNP-00464,عبد الرؤوف العيادي,Abderraouf Ayadi,,,,,عبد رووف عيادي,male,1950-02-12,day,,,,,,,,"Amendements sur la constitution Né le 12 février 1950, Abderraouf Ayadi est un homme politique et avocat tunisien. Militant des droits de l'homme et militant politique, il purge 6 ans et demi de prison dont 5 ans et demi suite au grand procès d'El Amal Ettounsi en 1974 et subit des interpellations, une surveillance continue et même un enlèvement sous le régime de Zine el-Abidine Ben Ali. Suite à la révolution de 2011, il est nommé par son parti pour le représenter au sein de la Haute instance pour la réalisation des objectifs de la révolution, de la réforme politique et de la transition démocratique. Lors des élections du 23 octobre 2011, il est élu à l'assemblée constituante comme représentant de la circonscription de La Manouba. Membre fondateur du Congrès pour la République (CPR) le 24 juillet 2001 en tant que vice-président, les médias annoncent qu'il en devient président le 13 décembre 2011, en remplacement de Moncef Marzouki qui démissionne en accédant à la présidence de la République. Cependant, le 15 décembre, il est annoncé que Tahar Hmila devient secrétaire général par intérim. Finalement, le 21 décembre, le parti confirme la nomination d'Ayadi en tant que secrétaire général par intérim. Le 19 avril, Abderraouf Ayadi est démis de ses fonctions « suite à ses prises de position contraires aux principes du parti et aux décisions prises, sans consultation du bureau politique » ; Haythem Belgacem le remplace comme secrétaire général à titre intérimaire. Le 9 mai, un groupe de dissidents dont il fait partie quitte le CPR et annonce la formation d'un nouveau parti dénommé Wafa.",,,,"من مواليد 12 فيفري 1950، عبد الرؤوف العيادي هو محامي و سياسي تونسي. مدافع عن حقوق الإنسان و مناضل سياسي إذ قضى 6 سنوات و نصف في السجن منهم 5 سنوات و نصف في المحاكمة الكبرى ""الأمل التونسي"" سنة 1974 كما عانى من الاعتقالات المتعددة و المراقبة المستمرة وحتى الاختطاف في ظل نظام زين العابدين بن علي. بعد ثورة جانفي 2011، تم تعيينه من طرف حزبه لتمثيله داخل الهيئة العليا لتحقيق أهداف الثورة والإصلاح السياسي والتحول الديمقراطي. إثر انتخابات 23 أكتوبر 2011، تم ترشيحه على دائرة المنوبة. عضو مؤسس لحزب المؤتمر من أجل الجمهورية في 24 جويليه 2001. كنائب رئيس، قام وسائل الإعلام بالإعلان في 13 ديسمبر 2011 أنه قد عوض المنصف المرزوقي كرئيس للحزب الذي استقال من منصبه إثر تسلمه لمنصب رئيس الجمهورية لكن الحزب أكد لاحقا أنه تم تعيينم ككاتب عام بالنيابة. في 19 أفريل، تم إقالة عبد الرؤوف العيادي من مهامه إثر تصريحاته المتعارضة مع مبادئ الحزب و القرارات المتخذة و ذلك دون استشارة المكتب السياسي و حل محله هيثم بلقاسم ككاتب عام بالنيابة. في 9 ماي، قام بتكوين حزب جديد ""حزب الوفاء"" صحبة مجموعة من المنشقين عن حزب المؤتمر.",,2011-11-22,1
TNP-00465,عبد الستار الضيفي,Abdessattar Dhifi,,,,,عبد ستار ضيفي,male,1981-05-04,day,Tunis,TN-11,,,,,,"Amendements sur la constitution Né le 04 mai 1981 à Tunis, il a effectué ses études primaires à l’école Fathallah à Jebel Jloud, puis a poursuivi son enseignement secondaire au lycée secondaire de Jebel Jloud où il a obtenu son baccalauréat en 1999. Il a étudié l’italien à la faculté de la Sapienza en Italie, puis a travaillé comme directeur des relations extérieures au sein de la société Fiat en Italie. Il est revenu en Tunisie après la révolution et il était actif au sein d’associations en Italie (associations d’immigrés, de tunisiens résidents et non-résidents en Italie). Il a commencé le travail politique après la révolution.",,,,من مواليد 04 ماي 1981 بتونس العاصمة، درس بالمدرسة الإبتدائيّة بفتح الله جبل الجلود ثمّ المدرسة الإعداديّة و الثّانويّة بجبل الجلود حيث تحصّل على شهادة الباكالوريا سنة 1999 ودرس بكليّة لاسبينزا بإيطاليا. إشتغل بشركة فيات في إيطاليا كمدير بالعلاقات الخارجيّة وعاد إلى تونس بعد الثّورة. خلال مدّة عيشه في إيطاليا كان ناشطا في العمل الجمعيّاتي (جمعيّات المهاجرين والتّونسيّين المقيمين وغير المقيمين بإيطاليا). بدأ العمل السّياسي بعد الثّورة.,,2011-11-22,1
TNP-00466,عبد السلام شعبان,Abdessalem Chaabane,,,,,عبد سلام شعبان,male,1966-09-24,day,Gafsa,TN-71,,,,,,"Amendements sur la constitution Né le 24 Septembre 1966 à Gafsa, il a travaillé dans le secteur de l'enseignement en commençant comme instituteur dans les écoles primaires et ensuite comme inspecteur d'enseignement secondaire, et ceci après avoir obtenu sa maitrise en histoire-géographie. Il était membre actif dans le milieu syndical. En effet, il était membre permanent dy syndicat des inspecteurs. Il a rejoint le parti du Congrès Pour la République en 2011 avec lequel il s'est présenté aux élections de l'Assemblée Nationale Constituante. Il a gagné un siège et occupe en ce moment la position de président au sein de la commission des affaires éducatives et il est aussi membre de la commission des instances constitutionnelles.",,,,ولد عبد السلام شعبان في 24/09/1966 بقفصة وعمل في مجال التعليم فبدأ كمعلم ثم أستاذ مدارس إبتدائية و بعدها كمتفقد تعليم ثانوي و كان ذلك بعد تحصله على الأستاذية في التاريخ والجغرافيا. كان عبد السلام شعبان عضو ناشط في المجال النقابي إذ كان دائم العضوية في نقابة المتفقدين. إنضم سنة 2011 لحزب المؤتمر من أجل الجمهورية والذي ترشح من خلاله لانتخابات المجلس الوطني التأسيسي. فاز عبد السلام شعبان بمقعد ويترأس الآن لجنة الشؤون التّربوية وهو كذلك عضو في لجنة الهيئات الدّستورية.,,2011-11-22,1
TNP-00467,عبد العزيز شعبان,Abdelaziz Chaabane,,,,,عبد عزيز شعبان,male,1974-07-05,day,Souassi,,,,,,,"Amendements sur la constitution Abdelaziz Chaabane est né le 05 Juillet 1974 à Souassi, Mahdia. Il a effectué ses études primaires ainsi que secondaires dans cette région où il a obtenu en 1996 son baccalauréat - section Lettres. Il a intégré la Faculté de Droit où il a obtenu sa maitrise en Droit qui lui a permis de devenir avocat.",,,,ولد عبد العزيز شعبان في 05 جويلية 1974 بالسواسي ولاية المهدية ودرس بها طيلة مرحلة تعليمه الإبتدائي والثانوي إلى سنة 1996 حيث تحصل على البكالوريا في الآداب. إنتقل إلى كلية الحقوق حيث تحصل على الأستاذية في الحقوق ليلتحق بعد ذلك بسلك المحاماة.,,2011-11-22,1
TNP-00468,عبد العزيز القطي,Abdelaziz Kotti,,,,,عبد عزيز قطي,male,1970-04-30,day,Sfax,TN-61,,,marié,2,ar,"Amendements sur la constitution Né le 30 Avril 1970 à Sfax, c’est là qu’il entame ses études primaires et secondaires jusqu’à l’obtention de son baccalauréat en 1987. Il intégre par la suite pour 4 ans l’école supérieure d’horticulture de Chott Meriem, avant de mener un troisième cycle en 1992 à l’institut supérieur de l’agriculture à Tunis. Son parcours militant débute à Chott Meriem, où il était secrétaire général dans le syndicat étudiant UGET, et sera actif dans divers milieux associatifs une fois à Tunis. Sympathisant de longue date du CPR et des mouvements de défense des droits de l’Homme, il rejoint officiellement le parti immédiatement après le 14 Janvier 2011, car il partageait les convictions de Moncef Marzouki, Mohamed Abbou et Abderraouf Ayadi. Pour la future constitution, il s’engage à défendre les libertés et les droits qui empêcheront tout retour de la dictature. Marié, père de deux enfants, il maitrise la langue arabe, française et anglaise.",,غير مصنف,,"ولد في 30 أفريل 1970 بصفاقس أين زاول تعليمه الإبتدائي والثانوي و تحصل على شهادة الباكالوريا في 1987.إلتحق فيما بعد بالمدرسة العليا للبستنة بشط مريم لمدة 4 سنوات قبل أن يتابع دراسته بالمرحلة الثالثة باللمعهد العالي للفلاحة بتونس سنة 1992. نشاطه السياسي إبتدأ في شط مريم حيث تقلد منصب كاتب عام للإتحاد العام لطلبة تونس ونشط في عدة جمعيات عند وصوله لتونس. تعاطفه مع المأتمر من أجل الجمهورية ومع حركات الدفاع عن حقوق الإنسان دفعه للإلتحاق رسميا بالحزب فورا بعد 14 جانفي 2011, خاصة و أنه يشارك قناعات منصف المرزوقي، محمد عبو و عبد الرؤوف عيادي. يدافع عن الحريات والحقوق اللتي تضمن عدم الرجوع للدكتاتورية. متزوج، أب لإبنان. تتقن اللغات العربية و الفرنسية و الإنقليزية.",,2011-11-22,2
TNP-00469,عبد القادر بن خميس,Abdelkader Ben Khmis,,,,,عبد قادر بن خميس,male,,,,,,,marié,2,ar,"Amendements sur la constitution Né le 10 Décembre 1942 au Kef, il fait ses études primaires au Kef et secondaires au lycée de Bizerte où il obtient son baccalauréat – section mathématiques en 1969. Il part poursuivre des études supérieures en mathématiques-physique à Strasbourg jusqu’à 1979 où il décroche son doctorat en chimie organique en 1980 et passe une année post-doctorat en chimie (1981). Il devient alors maitre de conférences à l’Ecole des Ingénieurs de Gabès, et ensuite professeur à Monastir. Il est membre du syndicat de l’enseignement supérieur et du conseil national pour les libertés en Tunisie. Il est aussi membre fondateur du Forum Démocratique pour le Travail et les Libertés (Ettakatol). Marié et père de 2 enfants, il maitrise la langue arabe, française et anglaise.",,,,ولد في 10 ديسمبر 1942 بالكاف حيث زاول تعليمه الإبتدائي و من ثم تابع تعليمه الثانوي بمعهد بنزرت حيث تحصل على شهادة الباكالوريا رياضيات و ذلك سنة 1969. اتجه بعد ذلك إلى ستراسبورغ لمتابعة تعليمه العالي في الرياضيات و الفيزياء إلى حدود سنة 1979 إذ تحصل على شهادة الدكتوراه في الكيمياء العضوية سنة 1980 و قضى سنة في مرحلة ما بعد الدكتواره في الكيمياء (1981). أصبح آنذاك أستاذ محاضر بمدرسة المهندسين بقابس و من ثم أستاذ بالمنستير. هو عضو بنقابة التعليم العالي و المجلس الوطني للحريات بتونس و كذلك عضو مؤسس للتكتل الديمقراطي من أجل العمل و الحريات. يتقن اللغة العربية و الفرنسية و الإنجليزية.,,2011-11-22,1
TNP-00470,عبد القادر القادري,Abdelkader Kadri,,,,,عبد قادر قادري,male,1959-08-24,day,,,,,,,,"Amendements sur la constitution Né le 24 aout 1959, il a effectué ses études primaires à l’école 27 octobre à Mareth, puis au collège de Mareth avant d’intégrer le lycée secondaire El Manara à Gabes où il a obtenu son baccalauréat. Il a intégré par la suite l’institut de la Charia et de la Théologie de Tunis où il a obtenu une maitrise en 1981. Il était actif au sein de la section jeune du mouvement de la tendance islamique et a intégré par la suite la section estudiantine dont il était le président à l’institut de la charia durant l’année universitaire 1981 – 1982. Il a eu des responsabilités organisationnelles au sein du mouvement islamique à Mareth et Gabes.",,,,من مواليد 24 أوت 1959، درس في الإبتدائي في مدرسة 27 أكتوبر بمارث ثمّ بالمعهد الإعدادي بمارث ومنه إلى معهد المنارة بقابس أين تحصّل على الباكالوريا. إنتقل بعد ذلك إلى معهد الشّريعة وأصول الدّين أين تحصّل على الإجازة سنة 1981. كان منخرطا في العمل التّلمذي لحركة الإتّجاه الإسلامي وإنخرط خلال دراسته الجامعيّة في العمل الطلاّبي حيث ترأّس العمل الطلاّبي في معهد الشّريعة وأصول الدّين خلال السّنة الجامعيّة 1981 – 1982، و كانت له مسؤوليّات تنظيميّة صلب الإتّجاه الإسلامي في مارث وقابس.,,2011-11-22,1
TNP-00471,عبد المجيد النجار,Abdelmajid Najar,,,,,عبد مجيد نجار,male,1945-05-28,day,Beni Khedach (Mednine),,,,,,,"Amendements sur la constitution Né le 28 mai 1945 à Beni Khedach (Mednine), il a rejoint l’université religieuse de Zaitouna ou il a obtenu une licence en Usul Al Din (Théologie) en 1972, puis il a quitté le pays pour rejoindre l’université d’Al Azhar en Egypte ou il a décroché un mastère dans la même spécialité en 1974. En 1981, Abdelmajid Najjar a eu son doctorat en « Akida » et « tachrii » (croyance et législation). Il a rejoint le secteur de l’enseignement primaire et secondaire. Ensuite, il est devenu enseignant à l’université Al Zeitouna de 1974 jusqu’en 1985. Il a aussi enseigné dans d’autres universités du monde arabe : au Qatar, Maroc, Emirats et en Algérie. Concernant sa vie politique, Najjar a été l’un des membres fondateurs du mouvement religieux Ennahdha. Il a été exilé en 1989. Najjar a exercé la fonction de membre du bureau exécutif de l’union internationale des savants musulmans,il a dirigé le bureau de cette union à Tunis. Il a aussi été membre du conseil Européen de la Fatwa et des recherches.",,,,ولد عبد المجيد النجار في 28/05/1945 بمدينة بني خداش بولاية مدنين. التحق بالجامعة الزيتونية ليتحصل سنة 1972 على الاجازة في أصول الدين ثم غادر تونس متجها إلى مصر حيث تحصل على الماجستر في أصول الدين من جامعة الأزهر في سنة 1974. تحصل عبد المجيد النجار على شهادة الدكتوراة في العقيدة والتشريع سنة 1981. التحق بسلك التعليم الابتدائي والثانوي و بداية من سنة 1974 و إلى حدود سنة 1985 عمل كأستاذ بالجامعة الزيتونية ثم بجامعات عديدة بالعالم العربي منها الجزائر والامارات وقطر والمغرب. في ما يخص حياته السياسية كان عبد المجيد النجار أحد الأعضاء المؤسسين لحركة النهضة و قد تعرض للنفي سنة 1989. شغل عبد المجيد النجار منصب عضو المكتب التنفيذي للاتحاد العالمي للعلماء المسلمين وترأس فرعة في تونس وكان كذلك عضو المجلس الأوروبي للإفتاء والبحوث.,,2011-11-22,1
TNP-00472,عبد الوهاب معطر,Abdelwahab Maatar,,,,,عبد وهاب معطر,male,1952-03-23,day,Sfax,TN-61,,,marié,3,,"Amendements sur la constitution Né le 23 mars 1952 à Sfax, Abdelwahab Maatar est un avocat et homme politique tunisien. Il est ministre de la Formation professionnelle et de l'Emploi depuis le 24 décembre 2011 au sein du gouvernement de Hamadi Jebali. Il est titulaire d'un diplôme de l'École Nationale d'Administration (1975) ainsi que d'une licence en droit public (1977) et d'un DEA en sciences politiques (1983), obtenus à la faculté de droit et de sciences politiques de l'université de Tunis. Entre 1977 et 1978, il travaille à la Société tunisienne d'assurances et de réassurances puis, entre 1979 et 1980, comme chef du service contentieux à la Société nationale d'exploitation et de distribution des eaux et, entre 1980 et 1984, comme directeur adjoint à l'Agence tunisienne de coopération technique. En 1984, il devient avocat et professeur à la faculté de droit et de sciences économiques de Tunis. Il est membre du Conseil national pour les libertés en Tunisie, de la Ligue tunisienne des droits de l'homme, membre fondateur du Centre de Tunis pour l'indépendance de la justice, vice-président de l'Association internationale de soutien aux prisonniers politiques et membre fondateur en 2001 du Congrès pour la République (CPR) dont il est membre du bureau politique depuis cette date. Il est marié et père de trois enfants.",,,,من مواليد 23 مارس 1952 بصفاقس، عبد الوهاب المعطر هو محامي و سياسي تونسي و وزير التكوين المهني و التشغيل منذ 24 ديسمبر 2011 ضمن حكومة حمادي الجبالي. متحصل على شهادة من المدرسة الوطنية للإدارة (1975) و إجازة في القانون العام (1977) و شهادة الدراسات المعمقة في العلوم السياسية (1983) من كلية القانون و العلوم السياسية بتونس. بين 1977 و 1978 اشتغل بالشركة التونسية للتأمين وإعادة التأمين ثم بين 1979 و 1980 كرئيس مصلحة التنازع الشركة الوطنية لاستغلال وتوزيع المياه و بين 1980 و 1984 كمدير مساعد بالوكالة التونسية للتعاون الفني. أصبح محامي و أستاذ بكلية القانون و العلوم الإقتصادية بتونس سنة 1984. عضو بالمجلس الوطني للحريات بتونس و الرابطة التونسية للدفاع عن لحقوق الإنسان و عضو مؤسس لمركز تونس لاستقلال القضاء و نائب رئيس الجمعية الدولية لمساندة المساجين السياسيين و عضو مؤسس في 2001 لحزب المؤتمر من أجل الجمهورية و انتمى إلى مكتبه السياسي منذ ذلك التاريخ.,,2011-11-22,1
TNP-00473,عصام الشابي,Issam Chebbi,,,,,عصام شابي,male,1957-12-23,day,Tunis et originaire de Tozeur,,,,,,,"Amendements sur la constitution Issam Chebbi, né le 23 décembre 1957 à Tunis et originaire de Tozeur, est un homme politique tunisien, membre de l'Assemblée Nationale Constituante élue le 23 octobre 2011. Il représente le Parti démocrate progressiste (PDP) dans la circonscription de l'Ariana. Cet huissier et notaire de profession est aussi membre du bureau exécutif (2004-2012) et secrétaire général adjoint du PDP (2012). Il est actuellement membre du bureau politique du Parti Républicain. Défenseur des droits de l'homme en Tunisie. Il a signé l'appel pour la défense de la libre expression en Tunisie en mai 2003. Il était aussi candidat tête de liste à l'Ariana aux élections législatives d'octobre 2004. Il est le frère cadet d'Ahmed Néjib Chebbi.",,,,ولد عصام الشابي في 23 ديسمبر 1957 بتونس وهو أصيل ولاية توزر. هو سياسي تونسي و عضو بالمجلس الوطني التأسيسي المنتخب في 23 أكتوبر 2011. يمثل الحزب الديمقراطي التقدمي على دائرة أريانة وهو كذلك عضو بالمكتب التنفيذي وأمين عام مساعد للحزب. كاتب وعدل منفذ وهو شقيق أحمد نجيب الشابي.,,2011-11-22,1
TNP-00474,علي بالشريفة,Ali Bechrifa,,,,,علي بالشريفه,male,1960-03-04,day,Beja où il a effectué ses études primaires et secondaires,,,,,,,"Amendements sur la constitution Né le 04 Mars 1960 à Beja où il a effectué ses études primaires et secondaires, il a poursuivi ses études supérieures à Tunis en intégrant la Faculté des Sciences où il a obtenu sa maitrise en Chimie et ensuite son Diplôme d'Etudes Approfondies (DEA) dans la même spécialité. Ali Bechrifa a continué son évolution dans le domaine de la science en obtenant un doctorat puis un doctorat d'Etat en Chimie. Il a travaillé en tant que professeur d'enseignement à la Faculté Des Sciences de Tunis avant son élection à l'Assemblée Nationale Constituante et il avait des activités syndicales.",,,,ولد علي بشريفة في 04 مارس 1960 بولاية باجة ودرس هناك طيلة المرحلة الابتدية والثانوية وبعد ذلك إنتقل إلى تونس العاصمة والتحق بكلية العلوم حيث تحصل على الاستاذية في الكيمياء ثم شهادة الدراسات المعمقة في نفس المجال. واصل علي بالشريفة تقدمه في مجال العلوم وتحصل على دكتوراه المرحلة ثم دكتوراه الدولة في الكيمياء. عمل كأستاذ تعليم عالي بكلية العلوم بتونس قبل إنتخابه بالمجلس الوطني التأسيسي كما كان له نشاط نقابي.,,2011-11-22,1
TNP-00475,علي فارس,Ali Fares,,,,,علي فارس,male,1973-01-01,year,,,,,,,,"Amendements sur la constitution Né en 1973, il a entamé son activité avec le mouvement islamique durant ses études secondaires. Il a été emprisonné durant deux ans et deux mois entre la prison civile de Harboub et la prison de 9 avril, pour appartenance à une organisation non autorisée suite à ces activités en 1992, alors qu’il préparait son baccalauréat. Après sa sortie de prison en 1994, il intégra un lycée privé à Gabes vu qu’il était interdit d’étudier à Tataouine et obtint son baccalauréat en 1995. Il a par la suite poursuivi ses études universitaires à la faculté de droit et de sciences politiques de Tunis, tout en étant sujet à la surveillance administrative à cité Ibn Khaldoun, au poste d’El Mourouj, au poste de Ben Arous et à sa ville natale à Essmar. Il a obtenu la maîtrise en 1999 puis le diplôme d’études approfondies en Janvier 2003. Son B3 ne lui étant pas accordé, il a été obligé de présenter le jugement d’appartenance rendu contre lui comme justificatif pour être inscrit à l’ordre des avocats. Il a aussi été interdit de passeport durant l’ancien régime et il ne l’a obtenu qu’après la révolution.",,,,علي فارس من مواليد سنة 1973 وقد بدأ نشاطه مع حركة النهضة أثناء مرحلة التعليم الثانوي. سجن على إثر هذا النشاط سنة 1992 وهو في فترة الإعداد للبكالوريا وقضي عليه بالسجن سنتين وشهرين بتهمة الإنتماء لمجموعة غير مرخص فيها قضاها بين السجن المدني بحربوب وسجن 9 أفريل. بعد خروجه من السجن سنة 1994، استأنف تعليمه في مدرسة خاصة بقابس بسبب منعه من مزاولة تعليمه بتطاوين وتحصل على الباكالوريا سنة 1995. واصل تعليمه الجامعي بكلية الحقوق والعلوم السياسية بتونس تحت المراقبة الإدارية بحي ابن خلدون ومركز المروج ومنطقة بن عروس وفي موطنه الأصلي بالصمار. تحصل على الأستاذية سنة 1999 ثم على شهادة الدراسات المعمقة في جانفي 2003. لم يتم تمكينه من البطاقة عدد 3 مما أجبره على تقديم حكم الإنتماء كمؤيد لترسيمه بالمحاماة. منع من الحصول على جواز سفر طيلة حكم النظام المخلوع ولم يحصل عليه إلا بعد الثورة.,,2011-11-22,1
TNP-00476,علي حويجي,Ali Houiji,,,,,علي حويجي,male,1981-08-22,day,,,,,,,,"Amendements sur la constitution Né le 22 aout 1981, il a étudié le droit à la faculté de droit et de sciences politiques à Tunis, puis a étudié le commerce international et a obtenu un diplôme de technicien supérieur. Il a travaillé au sein de plusieurs sociétés avant de connaître une période de chômage. Suite à la révolution, il s’est présenté aux élections comme tête de liste d’une liste indépendante et fait maintenant partie du comité exécutif du Mouvement Wafa.",,,,درس بكليّة الحقوق والعلوم السّياسيّة بتونس ثمّ درس تجارة دوليّة وتحصّل على شهادة تقني سامي. اشتغل في عدة مؤسّسات خاصّة ثمّ مرّ بفترة عطالة عن العمل. بعد الثّورة، ترشّح للمجلس التّأسيسي على رأس قائمة مستقلّة وهو حاليّا عضو الهيئة التّنفيذيّة لحركة وفاء.,,2011-11-22,1
TNP-00477,عماد الحمامي,Imed Hammami,,,,,عماد حمامي,male,1964-04-19,day,Beni Khalled (Nabeul),,,,,,,"Amendements sur la constitution Né le 19 Avril 1964 à Beni Khalled (Nabeul), il a effectué ses études primaires à l'école de Abou Kacem Chebbi à Beni Khiar et ses études secondaires à Tunis au lycée technique de Gronbalia. Il a ensuite poursuivi ses études supérieures à l'école nationale des ingérieurs. Il s'est intéressé à la politique depuis son jeune âge en étant un membre actif au sein de l'Union Générale Tunisienne des Etudiants et membre du mouvement de la tendance islamiste et plus tard d'Ennahdha.",,,,ولد عماد همامي في 19 أفريل 1964 ببني خلاد، ولاية نابل، ودرس في البداية في مدرسة أبو القاسم الشابي ببني خيار ثم بعد ذلك انتقل ليزاول تعليمه الثانوي بتونس العاصمة وتحديدا بالمعهد الفني بقرمبالية ليتابع من ثم تعليمه العالي بالمدرسة الوطنية للمهندسين. انخرط عماد منذ سن مبكرة في الحياة السياسة إذ كان عضو ناشط بالاتحاد العام التونسي للطلبة وعضو في التيار الاسلامي ثم حركة النهضة لاحقا.,,2011-11-22,1
TNP-00478,عمر الشتوي,Omar Chetoui,,,,,عمر شتوي,male,,,,,,,,,,"Amendements sur la constitution Date et lieu de naissance: 11/07/1957 à Douz, gouvernorat de Kébili. Enseignement primaire à l'école primaire de Douz. Enseignement secondaire au lycée mixte de Kébili et au lycée mixte de Gabès où il a obtenu son baccalauréat littéraire en Juin 1977. Il a obtenu la licence en droit privé de la Faculté de Droit et de Sciences Politiques de Tunis et le certificat d'aptitude à la profession d'avocat. Il faisait partie du Mouvement des Démocrates Socialistes en 1981 et était membre de son conseil national responsable des étudiants et s'est retiré du mouvement en 1985. Il est le fondateur de la section Kébili de la Ligue Tunisienne des Droits de l'Homme en Décembre 1981. Il était bâtonnier de l'ordre national des huissiers notaires de 1992 jusqu'à 2001. Il était le représentant permanent auprès de l'Union Internationale du notariat à Paris chargée des affaires de l'Afrique du Nord et du Moyen Orient de 1991 jusqu'à fin 2002. Auteur de trois ouvrages juridiques: 1) Commentaire sur la loi des huissiers notaires 2) Les procédures de notification et d'exécution en matière civile et commerciale 3) Notes directives du bâtonnier de l'ordre national des huissiers notaires Professeur de notariat à l'Institut Supérieur de la Magistrature de 1997 jusqu'à 2001. Il a participé dans plusieurs recherches juridiques publiées dans le code de la magistrature, la législation et la revue tunisienne de droit. Membre de la commission de préparation du projet de loi organique des huissiers notaires (1988) et la commission d'amendement du code commercial (1993) ainsi que le rapporteur de la commission de réforme des moyens d'exécution (amendement du code des procédures civiles et commerciales) au ministère de la justice en 2001. Il a rejoint le parti du Congrès Pour la République dès sa création en Août 2001 et il est membre de son bureau politique chargé des structures. Membre à l'Assemblée Nationale Constituante sur la circonscription de Kébili.",,,,تاريخ الولادة و مكانها: 11/07/1957 بدوز ولاية قبلي التعليم الابتدائي: المدرسة الابتدائية بدوز التعليم الثانوي: المعهد الثانوي المختلط بقبلي و المعهد الثانوي المختلط بقابس بكالوريا: آداب شهر جوان 1977. المعهد الثانوي المختلط بقابس *متحصل على الإجازة في الحقوق قانون خاص كلية الحقوق و العلوم السياسية بتونس *متحصل على شهادة الكفاءة لمهنة المحماة *انتمى لحركة الديمقراطيين الاشتراكيين سنة 1981 و كان عضوا بمجلسها الوطني مسؤولا عن الطلبة ثم انسحب منها سنة 1985 *أسس فرع رابطة حقوق الإنسان بقبلي ديسمبر 1981 *عميد للهيئة الوطنية للعدول المنفذين منذ سنة 1992 إلى سنة 2001 *مندوب دائم للاتحاد الدولي لمأمورية التنفيذ بباريس لشؤون شمال إفريقيا و الشرق الأوسط منذ سنة 1999 إلى 31_12_2002 1) تعليق على قانون العدول المنفذين 2) إجراءات التبليغ و التنفيذ في المادة المدنية و التجارية 3) المذكرات التوجيهية لعميد الهيئة الوطنية للعدول المنفذين *أستاذ مادة التنفيذ بالمعهد الأعلى للقضاء من 1997 إلى 2001 شارك بالعديد من البحوث القانونية المنشورة بمجلة القضاء و التشريع و المجلة التونسية للقانون عضو لجنة إعداد مشروع القانون الأساسي للعدول المنفذين (1988) و لجنة تنقيح المجلة التجارية(1993) و مقرر لجنة إصلاح طرق التنفيذ (تنقيح مجلة المرافعات المدنية و التجارية) بوزارة العدل سنة 2001 *التحق بحزب المؤتمر من أجل الجمهورية منذ تأسيسه في أوت 2001 *عضو المكتب السياسي لحزب المؤتمر من أجل الجمهورية مكلف بالهياكل *عضو بالمجلس التأسيسي عن ولاية قبلي,,2011-11-22,1
TNP-00479,فاضل الوج,Fadhel Elouej,,,,,فاضل وج,male,,,,,,,marie,,,"Amendements sur la constitution Né le 10/01/1960 à Mahdia, il a effectué ses études primaires à l’école primaire Ghdhab à Mahdia et ses études secondaires au lycée Ksour Essef. Il a poursuivi son enseignement supérieur à Pierre et Marie Curie en 1983 où il a obtenu son diplôme d’études approfondies après 3 ans d’enseignement. C’est un homme d’affaires, marié et a 3 enfants. Il s’est présenté aux élections de l’Assemblée Nationale Constituante avec le parti de l’Initiative.",,,,ولد الفاضل اللوج في 10/01/1960 بولاية المهدية ودرس في المدرسة الإبتدائية بالعطاب بالمهدية ثم تابع تعليمه الثانوي بالمعهد الثانوي قصور الساف. إنتقل فاضل اللوج بعد ذلك لمتابعة دراسته بفرنسا حيث إلتحق بالجامعة الفرنسية ماري كوري سنة 1982 وتحصل هناك على شهادة الدراسات المعمقة بعد فترة دراسة دامت 3 سنوات. هو رجل أعمال متزوج وأب لثلاث أبناء. ترشح فاضل اللوج عن حزب المبادرة وهو حاليا عضو في لجنة القطاعات الخدماتية.,,2011-11-22,1
TNP-00480,فاطمة الغربي,Fatma Gharbi,,,,,فاطمه غربي,female,,,,,,,mariée,,ar,"Amendements sur la constitution Née le 10/08/1971 à Slimane au gouvernorat de Nabeul. Elle a effectué ses études primaires à l’école des filles 2 Mars à Slimane et ses études secondaires au lycée de Slimane. Elle a poursuivi ses études supérieures à la Faculté des Sciences Juridiques, Politiques et Sociales de Tunis où elle a obtenu une maitrise en droit. Elle n’avait aucune activité politique avant la révolution et a rejoint Ettakatol en se présentant sur ses listes aux élections de l’Assemblée Nationale Constituante mais a démissionné de ce parti pour rejoindre le bloc démocrate. Elle est mariée et n’a pas d’enfants. Elle maitrise la langue arabe, française et anglaise.",,,,ولدت فاطمة غربي في 10/08/1971 بمدينة سليمان بولاية نابل وتابعت مراحل تعليمها الأولى بمدينة سليمان حيث درست بالمدرسة الابتدائية للفتيات 2 مارس ثم زاولت تعليمها الثانوي بالمعهد الثانوي بسليمان كذلك. انتقلت فاطمة بعد ذلك إلى تونس العاصمة لتزاول تعليمها الجامعي حيث درست بالكلية القانونية باريانة وتحصلت على الاستاذية في القانون. جاء انخراط فاطمة في حزب التكتل بعد الثورة وترشحت من خلاله لعضوية المجلس التأسيسي ولكنها انشقت مؤخرا عن الحزب لتنضم إلى الكتلة الديمقراطية . متزوجة وتتقن اللغة العربية و الفرنسية و الإنجليزية.,,2011-11-22,1
TNP-00481,فايزة كدوسي,Faiza Kadoussi,,,,,فايزه كدوسي,female,1988-02-15,day,Sidi Bouzid,TN-43,,,,,,"Amendements sur la constitution Née le 15 Février 1988 à Sidi Bouzid, elle a effectué ses études primaires à Sidi Bouzid et ses études secondaires à Rgueb. Elle a ensuite poursuivi ses études supérieures à la Faculté des Sciences de Gabès où elle a obtenu la licence fondamentale en biologie et est en ce moment entrain de terminer son mémoire de master. Elle s'est présentée aux élections de l'Assemblée Nationale Constituante au sein de la liste de la pétition populaire sur la circonscription de Sidi Bouzid. C'est la première expérience politique de Faiza Kadoussi. En effet, elle n'avait aucune activité politique auparavant.",,,,ولدت فايزة كدوسي في 15 فيفري 1988 بولاية سيدي بوزيد ودرست بالمدرسة الابتدائية بالمطلق ثم بالمعهد الثانوي بالرقاب ثم تابعت دراستها الجامعية بكلية العلوم بقابس حيث تحصلت على الاجازة الأساسية في علوم الأحياء وهي الآن بصدد إنهاء شهادة الماجستير. ترشحت لانتخابات المجلس الوطني التأسيسي عن حزب العريضة الشعبية عن دائرة سيدي بوزيد ويعتبر هذا أول إحتكاك لفايزة كدوسي بالوسط السياسي إذ لم يكن لها تجارب سابقة في الحياة السياسية.,,2011-11-22,1
TNP-00482,فتحي اللطيف,Fathi Eltaif,,,,,فتحي لطيف,male,1956-01-26,day,,,,,,,ar,"Amendements sur la constitution Né le 26 Janvier 1956, il effectue toute sa scolarité de l'école aux études secondaires à Kairouan, puis décroche un diplôme de technicien. Son militantisme débute dans le milieu syndical, il intègre l'UGTT et sera élu pour deux mandats en tant que secrétaire général de la section de Kairouan, avant d'être renvoyé de son travail lors de la crise 1985, il connait la prison pour une courte période sous Bourguiba puis a été réintégré dans son travail en 1988 et continue d'être actif au sein de l'UGTT. Son parcours politique débute en Janvier 1987, où il rejoint le PCOT à sa création. Pour la future constitution, il compte défendre les droits et les libertés, à l'instar du droit au travail, aux soins gratuits, à l'école obligatoire, au logement social, et les libertés d'association, de presse, de constituer des partis. Il maitrise la langue arabe et française.",,,,ولد في 26 جانفي 1956، زاول تعليمه الإبتدائي و الثانوي في القيروان ثم تحصل على شهادة تقني. نضاله إبتدأ في الأوساط النقابية. إنضم للاتحاد العام التونسي للشغل و تم إنتخابه ككاتب عام في القيروان لفترتين. طرد من عمله في أزمة 1985ثم سجن في عهد بورقببة لفترة قصيرة. إلتحق بعمله سنة 1988 وضل ناشطا في الإتحاد. مسيرته السياسية إبتدأت في جانفي 1987 بإنضمامه لحزب العمال الشيوعي التونسي عند تأسيسه. في المجلس التأسيسي سيدافع عن الحقوق و الحريات مثل حق الشغل، العلاج المجاني، التعليم الإجباري، السكن الإجتماعي و حرية تكوين الجمعيات و الأحزاب وحرية الصحافة. يتقن اللغتين العربية و الفرنسية.,,2011-11-22,1
TNP-00483,فرح النصيبي,Farah Nsibi,,,,,فرح نصيبي,male,1965-11-27,day,Sbitla où il a effectué ses études primaires et secondaires,,,,,,,Amendements sur la constitution Farah Nsibi est né le 27 Novembre 1965 à Sbitla où il a effectué ses études primaires et secondaires. Il a obtenu son baccalauréat en sciences et mathématiques en 1986 et a intégré par la suite la Faculté de Médecine de Sousse où il a obtenu son diplôme en médecine générale en 1994. Il a exercé la profession de médecin jusqu’à 2011 lorsqu’il a été élu à l’Assemblée Nationale Constituante sur les listes d’Ennahdha.,,,,ولد فرح نسيبي بسبيطلة ودرس بالمدرسة الإبتدائية بسبيطلة وبالمعهد الثانوي بنفس الجهة. تحصل على شهادة البكالوريا اختصاص علوم ورياضيات في سنة 1986 والتحق بعد ذلك بكلية الطب بسوسة حيث تحصل على شهادة في الطب العام سنة 1994. زاول بعد ذلك مهنة الطب لحدود سنة 2011 حيث أصبح نائب في المجلس الوطني التأسيسي عن حركة النهضة.,,2011-11-22,1
TNP-00484,فريدة عبيدي,Farida Labidi,,,,,فريده عبيدي,male,,,,,,,,,,"Amendements sur la constitution Né le 24 Mars 1968 au Kef, elle vit à Tunis avec son mari et ses deux enfants. Elle a passé six mois en prison parce qu’elle militait pour l’UGTE pendant ses études à la faculté de droit de Sousse. Elle a rejoint ensuite la faculté de droit de Tunis où elle a obtenu son DEA. L’année 1997 marque un grand tournant dans sa carrière : son dossier est enfin accepté au Barreau de Tunis – il avait été mis de côté pour raisons politiques – et elle peut commencer à travailler. En 2007 elle devient membre de la section régionale du Barreau de Tunis et est encore aujourd’hui membre de la section. Elle est membre fondateur de la cellule tunisienne du barreau des avocates arabes.",,,,ولدت فريدة العبيدي في 24 مارس 1968 بولاية الكاف وتقطن حاليا بتونس مع زوجها وطفليها. قضت ستة أشهر بالسجن بسبب نضالها في صفوف الاتحاد العام التونسي للطلبة خلال سنوات دراستها بكلية الحقوق بسوسة. مثلت سنة 1997 نقطة تحول في حياتها المهنية: تم قبول ملفها بعمادة المحامين بتونس الذي وضع جانبا لأسباب سياسية وشرعت في عملها. في 2007، اصبحت عضوة بالفرع الجهوي لعمادة تونس وهي عضوة إلى يومنا هذا. هي كذلك عضو مؤسس للخلية التونسية لعمادة المحاميات العرب.,,2011-11-22,1
TNP-00485,فطوم الأسود,Fattoum Lassoued,,,,,فطوم اسود,female,1976-12-25,day,Tunis,TN-11,,,mariée,2,ar,"Amendements sur la constitution Née le 25 Décembre 1976 à Tunis. Elle entame sa scolarité à Zaghouan puis fait ses études secondaires à Jebeniana jusqu’à l’obtention de son baccalauréat en lettres. Elle intégre par la suite la faculté des sciences juridiques à l’Ariana et mène un DEA en droit fondamental, et exerce aujourd’hui à Sfax la profession d’avocat. Sympathisante des idées du parti Ennahdha, elle subit des pressions dans le milieu universitaire du fait de son port du voile, mais elle n’a intégré le parti et commencé son activité politique qu’après le 14 Janvier 2011. Pour la future constitution elle souhaite garantir l’identité arabo-musulmane dans le cadre du respect des libertés de chacun et que les femmes parlementaires défendent par elles mêmes les droits et le respect de la femme. Mariée et mère de 2 enfants, elle maitrise la langue arabe, française et anglaise.",,,,ولدت في 25 ديسمبر 1976 بتونس. إبتدأت تعليمها بزغوان ثم بجبنيانة إلى أن تحصلت على شهادة باكالوريا آداب. إلتحقت بكلية العلوم القانونية بأريانة و تحصلت على ماجستير في القانون الأساسي. تمارس حاليا مهنة المحاماة بصفاقس. قريبة من مبادئ حزب النهضة، تعرضت لضغوطات في الجامعة بسبب إرتدائها الحجاب ولكنها لم تنخرط في الحزب فعليا إلا بعد 14 جانفي 2011. ترغب في ضمان الهوية العربية الإسلامية في الدستور في إطار إحترام الحريات و تدعو إلى أن تدافع النساء النائبات بنفسها عن حقوق المرأة. متزوجة، أم لإبنان، تتقن العربية، الفرنسية و الإنقليزية.,,2011-11-22,1
TNP-00486,فطومة عطية,Fattouma Attia,,,,,فطومه عطيه,female,1947-01-01,year,,,,,,,,"Amendements sur la constitution Née en 1947, détentrice d’un baccalauréat en sciences expérimentales, elle a étudié le droit puis a intégré l’école nationale d’administration. Elle a travaillé par la suite pendant 8 ans comme conseillère juridique dans une banque à l’étranger, jusqu’à son retour à Tunis où elle a intégré le domaine des affaires. Elle rejoint le mouvement Ennahdha après la révolution.",,,,من مواليد 1947 ومتحصّلة على شهادة الباكلوريا في العلوم التّجريبيّة. درست الحقوق ثمّ دخلت المدرسة الوطنيّة للإدارة ومنها عملت في بنك في الخارج كمستشار قانوني لمدّة 8 سنوات. عادت إلى تونس ودخلت مجال الأعمال وإثر الثّورة انضمّت لحركة النّهضة.,,2011-11-22,1
TNP-00487,فؤاد ثامر,Foued Thamer,,,,,فواد ثامر,male,1986-06-10,day,Gabès,TN-81,,,célibataire,,ar,"Amendements sur la constitution Né le 10 Juin 1986 à Gabès, il entame sa scolarité à l’école “Sidi Abderrahmen” à Ouedhref et poursuit ses études secondaires à Metouia. Il intégre par la suite la faculté des sciences à Gabès où il se spécialise en informatique. Il connait un début de parcours militant dans le milieu universitaire au sein de l’UGET et son activisme syndical lui vaudra d’être refusé à l’université en 2008, mais n’a jamais intégré de parti politique. Pour la future constitution il souhaite qu’elle soit à l’image de tous les tunisiens et garantisse les libertés et l’égalité entre tous les citoyens ainsi qu’une démocratie à l’échelle régionale. Célibataire, il maitrise la langue arabe et française.",,,,ولد في 10 جانفي 1986 بقابس. زاول تعليمه الإبتدائي بمدرسة سيدي عبد الرحمان بوذرف و تعليمه الثانوي بالمطوية. إلتحق بكلية العلوم بقابس حيث تخصص في الإعلامية. نشط في الوسط الجامعي مع الاتحاد العام لطلبة تونس مما جعله يمنع من التسجيل في الجامعة سنة 2008 و لكنه لم ينخرط في أي حزب سياسي. يرغب في دستور يعكس صورة كل التونسيين و يضمن الحريات و المساواة بين المواطنين و الديموقراطية على مستوى الجهات. أعزب، يتقن اللغتين العربية و الفرنسية.,,2011-11-22,1
TNP-00488,فيصل جدلاوي,Faiçal Jadlaoui,,,,,فيصل جدلاوي,male,1960-04-04,day,Metlaoui,,,,,,,"Amendements sur la constitution Né le 04 Avril 1960 à Metlaoui, gouvernorat de Gafsa, il a étudié dans plusieurs écoles primaires à Metlaoui et a entamé ses études secondaires à Rdeyef, après Gafsa. Il est ensuite allé à Damas où il a obtenu son baccalauréat en 1985. Il est revenu en Tunisie en espérant partir à l'Union Soviétique pour intégrer une université qui lui permettra de travailler en tant qu'ingénieur ou cadre au sein de la Compagnie des Phosphates de Gafsa dès son retour. Ses conditions financières ne lui ont pas permis de partir, il a alors intégré la Faculté de Droit de Tunis en 1987 pour y obtenir son diplôme en 1992. En 1994, il a obtenu son certificat d'aptitude à la profession d'avocat, spécialité droit privé, et il exerce son métier jusqu'à aujourd'hui. Il était actif au sein de l'Union Générale des Etudiants de Tunisie et des structures syndicales provisoires et a contribué à la réalisation du 18ème congrès extraordinaire. Il a plaidé pour plusieurs affaires d'opinion, la dernière en date celle du bassin minier en 2008. Il est le président de l'association nationale de défense des victimes d'injustices qu'il a fondé après la révolution. Il s'est présenté aux élections de l'Assemblée Nationale Constituante au sein de la liste de la justice indépendante, a rejoint actuellement le groupe d'Ettakatol. Il défend la consécration du principe de séparation des pouvoirs dans la constitution, l'indépendance de la justice et l'appui d'un système administratif décentralisé pour renforcer le développement régional. Il ne voit pas l'intérêt de mentionner la Chariaa dans la constitution et plaide pour garder l'article premier de la constitution de 1959.",,,,ولد في 4 أفريل 1960 بالمتلوي بولاية قفصة. درس بمدارس إبتدائية مختلفة بالمتلوي و زاول تعليمه الثانوي بالرديف ثم بقفصة. إنتقل إلى دمشق أين أحرز على شهادة الباكالوريا سنة 1985. رجع إلى تونس في أمل الهجرة للإتحاد السوفياتي قصد الإلتحاق بجامعة تمكنه من العمل كمهندس أو إطار في شركة فسفاط قفصة عند عودته. منعته الظروف المادية من ذلك فإلتحق بكلية الحقوق بتونس سنة 1987 و تخرج منها سنة 1992. تحصل سنة 1994 على شهادة الكفاءة لمهنة المحاماة إختصاص قانون خاص وهو يمارس المهنة إلى حد اليوم. نشط في الإتحاد العام لطلبة تونس و في هياكل نقابية مؤقتة و ساهم في إنجاز المؤتمر 18 الخارق للعادة. كان من مؤسسي المجموعة المستقلة داخل قطاع المحاماة بهدف مقاومة خلية التجمعين و حماية هياكل المهنة بما فيها جمعية المحامين الشبان و ضمان إستقلالها و إفتكاكها من أيدي التجمعين رافع عن عدة قضايا رأي، أخرها قضية الحوض المنجمي سنة 2008 يترأس الجمعية الوطنية لمساندة ضحايا الفساد اللتي أسسها بعد الثورة. ترشح للمجلس التأسيسي ضمن قائمة العدالة المستقلة، منضم حاليا إلى كتلة التكتل. يدافع عن تكريس مبدأ الفصل بين السلط في الدستوروعن إستقلالية القضاء و عن تكريس نظام إداري لامركزي يدعم التنمية الجهوية لا يرى مبررا لذكر الشريعة في الدستور و يدعو لعدم تغيير الفصل الأول من الدستور.,,2011-11-22,1
TNP-00489,قيس مختار,Kais Mokhtar,,,,,قيس مختار,male,1978-08-09,day,Tunis,TN-11,,,célibataire,,ar,"Amendements sur la constitution Né le 09 Août 1978 à Tunis, il a fait ses études primaires à Jeanne d’Arc et secondaires au lycée français de la Marsa. Il est ensuite parti poursuivre ses études supérieures à l’école des Hautes Etudes Commerciales de Montréal où il a obtenu son diplôme en management des grandes entreprises en 2003. Il a rejoint le Parti Démocrate Progressiste en 2011 et s’est présenté aux élections de l’Assemblée Nationale sur la circonscription de Zaghouan. Célibataire, il maitrise la langue arabe, française et anglaise.",,,,"زاول قيس المختار تعليمه الإبتدائي بمدرسة ""جان دارك"" و الثانوي بالمعهد الفرنسي بالمرسى. ذهب بعد ذلك إلى الكندا لمتابعة تعليمه العالي بمدرسة الدراسات العليا التجارية بمونريال حيث تحصل على شهادة في إدارة الشركات الكبرى و ذلك سنة 2003. التحق بالحزب الديمقراطي التقدمي في 2011 و ترشح لانتخابات المجلس الوطني التأسيسي بدائرة زغوان. هو أعزب و يتقن اللغة العربية و الفرنسية و الإنجليزية.",,2011-11-22,1
TNP-00490,كريم بوعبدلي,Karim Bouabdelli,,,,,كريم بوعبدلي,male,1975-11-12,day,Tunis,TN-11,,,marié,,fr,"Amendements sur la constitution Né le 12 Novembre 1975 à Tunis, il fait ses études primaires et secondaires à Tunis jusqu’à obtenir son baccalauréat en 1996. Il décroche une maitrise en sciences politiques en 2000 d’UTAM, Montréal et ensuite un MBA en finances de l’Institut d’Administration des Entreprises à Nice, en 2001, pour finalement avoir son doctorat en management à Vienne en 2005. Il a travaillé dans un cabinet d’expert comptable à Paris en 2001 pour ensuite occuper le post de directeur financier au sein du Groupe Bouebdelli. Marié et père d’un enfant, il maitrise la langue française, anglaise, arabe et italienne.",,,,"ولد في 12 نوفمبر 1975 بتونس حيث زاول تعليمه الإبتدائي و الثانوي إلى أن تحصل على شهادة الباكالوريا سنة 1996. متحصل على شهادة أستاذية في العلوم السياسية سنة 2000 من جامعة ""UTAM"" بمونريال ثم على ماجستير إدارة أعمال ""MBA"" في المالية من معهد إدارة الشركات بمدينة نيس (فرنسا) سنة 2001 ليتحصل أخيرا على شهادة الدكتوراه في الإدارة بفيينا سنة 2005. اشتغل بمكتب خبير محاسب بباريس في 2001 ثم شغل وظيفة مدير مالي داخل مجموعة بوعبدلي. يتقن اللغة الفرنسية و الإنجليزية و العربية و الإيطالية.",,2011-11-22,1
TNP-00491,كريمة سويد,Karima Souid,,,,,كريمه سويد,female,,,,,,,divorce,,,"Amendements sur la constitution Enfant du quartier Démocratie aux Minguettes à Venissieux en banlieue lyonnaise (69), cette Franco-tunisienne de 41 ans née à Lyon 3ème le 4 avril 1971, est toujours restée proche du pays de ses origines. Directrice de projets dans une entreprise de tourisme d’affaires et événementiel, Karima est entre autre spécialiste de la Destination Tunisie depuis plus de 17 années (titulaire d un baccalauréat Philo/Lettres, puis études supérieures dans le Tourisme). Elle navigue fréquemment entre les deux rives de la Méditerranée, en Tunisie où se trouve encore toute la famille de sa mère. Lorsque le printemps arabe éclate à Sidi Bouzid au centre du pays, c’est une page de l’histoire de son enfance qui se rouvre. Car c’est des Minguettes que sont parties en 1981 les révoltes de la jeunesse de l’immigration maghrébine et en 1983 la Marche de l'Egalité. Elle dit se reconnaître « dans cette colère légitime, la souffrance de tout un peuple ». Sur Facebook et par téléphone, elle se connecte à la révolution qui s’apprête à renverser Ben Ali. En février, elle adhère aux valeurs d Ettakatol, un parti social démocrate. Outre la personnalité du fondateur du parti, l’ancien dissident Mustapha Ben Jaâfar, ce sont les valeurs défendues par le parti qui ont motivé son choix. « Ces valeurs sont les miennes », déclare celle qui fut la tête de liste dans la circonscription France sud. « Elles ne concernent pas seulement la liberté et la démocratie, mais également le travail, la dignité, l’égalité et le partage des richesses. » Élue à l’Assemblée constituante, cette militante associative (lutte contre les discriminations) entend défendre un grand nombre de causes qui lui sont chères : les blessés et martyrs de la Révolution, les droits humains, l’égalité des chances, la séparation du champ politique et du champ religieux, l’égalité homme-femme, mais également le refus de la peine de mort, la sécurité intérieure, la lutte contre la corruption ou encore la création de contre-pouvoirs. Élue en France sur la circonscription France Sud, Karima Souid se fait naturellement la porte-parole des Tunisiens de l’étranger. L’un de ses chevaux de bataille : la bi-nationalité, qui pour elle, 2eme génération, est une richesse. Autre revendication : mettre les services consulaires aux services des Tunisiens de l’étranger. « Ils doivent fournir une assistance juridique et social à tous », réclame cette Vénissiane, qui pratique depuis 5 ans la boxe anglaise, pour son « équilibre mental ». En Février 2012, elle est désignée Assesseur du Président de l Assemblée Nationale Constituante, chargée de l’Information, de la Communication et de la Relation avec les médias. De ce fait, elle est membre du Bureau de la Présidence de l’Assemblée. Le 5 février 2013, elle démissionne du parti ETTAKATOL Elle explique sa démission en ces termes : «C'est un divorce largement consommé, largement muri et réfléchi. Le 5 février était en quelque sorte le dernier passage devant le juge. Nous étions séparés bien avant. On nous avait promis qu'en participant à la troïka, nous serions les gardiens des libertés, que nous dénoncerions Ennahdha [parti islamiste au pouvoir, ndlr] de l'intérieur. Vous imaginez bien que pesait sur une frange d'Ennahdha une présomption simple de volonté de transformation obscurantiste de la société. Présomption que l'épreuve des faits a rendue irréfutable. J’ai dénoncé l'affaire de la Mannouba, trépigné devant le silence d’Ettakatol, hurlé le 9 avril, le 14 septembre... Je me suis indignée devant le ministre de l'Intérieur lors de l'affaire du viol de cette victime rendue coupable. Je n'ai cessé de demander que les instructions parlementaires soient faites pour comprendre les nouvelles chaines de commandement au ministère de l'Intérieur. J'ai encore hurlé pour que les réunions du bureau politique d'Ettakatol soient matérialisées par des comptes rendus afin que l'on puisse garder trace des positions des uns et des autres. J'ai été ignorée. J'ai exprimé mon indignation devant la tournure odieuse que prenait la justice tunisienne. En cela, mes interventions à l'ANC étaient en rupture avec la nouvelle ligne du parti, complaisante avec Ennahdha, mais elles sont restées en phase avec les principes originels qui m'ont fait adhérer à ce parti. J'ai été cohérente avec les promesses que j'ai faites à mes électeurs durant la campagne. Ma démarche déplaisait. Après l'assassinat d'un militant d’un parti politique à Tataouine, j'ai encore demandé que le Parti révise sa participation dans cette troïka. L'articulation entre les deux petits partis (Ettakatol et CPR) d'une part et Ennahdha n'était pas fonctionnelle. Elle en devenait même dangereuse, car du rôle de garants des libertés, ils sont passés à celui de complices, au mieux dépassés, au pire calculateurs. L'irréparable est alors arrivé le lendemain de ma démission formelle. Ce n'était qu'un aboutissement logique à ce que j'avais tenté, bien seule dans le groupe parlementaire, de dénoncer, après la démission également de mon collègue élu sur France Nord, le 9 octobre 2012. Il est triste aujourd'hui de constater qu'Ettakatol a perdu ses 2 seuls députés de France et de l'étranger. "" (Extrait de l interview donnée à Lyon Capitale le 14 février 2013). Karima Souid a rejoint le parti Al Massar le 23 Mars 2013.",,,,"ولدت كريمة سويد بحيّ شعبي في ضواحي مدينة ليون الفرنسية يوم 4 أفريل 1971 في عائلة مهاجرة. درست في فرنسا و تحصلت على الباكالوريا في الفلسفة و الآداب ثم درست السياحة في الجامعة. عملت كمديرة مشاريع بمؤسسة سياحية بفرنسا و بقيت قريبة من تونس سواء في عملها أو من خلال تنقلها دائما حيث توجد عائلة والدتها. انضمّت ابان الثورة لحزب التكتل الديمقراطي من أجل العمل و الحريات. و ذلك بسبب اعجابها بشخصية مؤسس هذا الحزب المناضل مصطفى بن جعفر بالإضافة الى اعجابها بالقيم التي يدافع عليها هذا الحزب. تم ترشيحها كرئيسة قائمة لهذا الحزب في منطقة جنوب فرنسا. تم انتخابها كعضوة في المجلس الوطني التأسيسي و كانت عازمة على الدفاع عن العديد من القضايا التي تهمها مثل شهداء الثورة و حقوق الانسان و تساوي الفرص و فصل الدين عن السياسة بالإضافة الى الغاء عقوبة الاعدام و تكريس المساواة بين الرجل و المرأة و مكافحة الفساد و خلق طرق للحد من تغوّل سلطات الدولة. نظرا لانتخابها في دائرة بفرنسا حرصت كريمة على أن تكون ناطقة باسم التونسيين بالخارج و من ابرز مطالبها الحرص على جعل القنصليات في خدمة مصالح التونسيين بالخارج خاصة من خلال المساعدة القانونية و الاجتماعية. تم تعيينها في فيفري 2012 كمساعدة لرئيس المجلس الوطني التأسيسي مكلفة بالإعلام و بالتالي أصبحت عضوة في هيئة رئاسة المجلس. أعلنت يوم 5 فيفري 2013 عن استقالتها من حزب التكتل و صرحت بعدها ان هذا الطلاق حصل بعد تفكير طويل و اعتبرت ان حزبها حاد عن الاهداف التي صرح بها بعد تشكل الترويكا, فلم يقم بحماية الحريات و بانتقاد النهضة من الداخل بل ذهب أبعد من ذلك من خلال السكوت على الانتهاكات العديدة التي مارسها الحزب الحاكم على غرار أحداث 9 أفريل و أحداث السفارة الأمريكية و حادثة اغتصاب شابة من قبل اعوان الامن و حادثة الاعتداء على العلم حيث قالت انها نددت بكل هذا الانتهاكات لكنها لم تلاحظ دعما من حزبها الذي فشل في التصدي لتجاوزات النهضة و قالت أنها طالبت أن تتم اعداد محاضر جلسة لاجتماعات المكتب السياسي لحزبها كما طالبت بالتصدي للتجاوزات في الميدان العدلي. اعتبرت أن مداخلاتها و مواقفها في المجلس التأسيسي أصبحت متناقضة مع مواقف حزب التكتل الذي تمثله و الذي أصبح يساند بطريقة غير مباشرة ممارسات الحزب الحاكم. اعتبرت كريمة سويد ان مواقفها بقيت متناغمة مع المبادئ التي جعلتها تنظم لهذا الحزب بعد الثورة و مع وعودها الانتخابية للجالية التي تمثلها لكن مواقفها أصبحت في قطيعة مع حزبها و مع بقية مكونات الترويكا و بالتالي لا مناص من الاستقالة. انضمت كريمة سويد لحزب المسار الديمقراطي والإجتماعي يوم 23 مارس 2013.",,2011-11-22,1
TNP-00492,كلثوم بدر الدين,Kalthoum Badreddine,,,,,كلثوم بدر دين,female,1963-07-02,day,,,,,,,,"Amendements sur la constitution Née le 02 juillet 1963, avocate près la cour de cassation, elle a effectué ses études primaires à Sfax à l’école impasse Ben Said, puis ses études secondaires au lycée 20 mars 1956 où elle a obtenu son baccalauréat en 1982. Elle a obtenu une maitrise en droit en 1986, puis une première année master avec laquelle elle a obtenu l’équivalence pour la profession d’avocat et a été stagiaire à Tunis auprès de maître Abderrahmen El Heni, puis à Sfax. Elle a à son actif plus de 24 ans d’exercice du métier d’avocat. Elle est aussi membre chargée des relations publiques à la section de l’ordre à Sfax de 2003 à 2006, puis trésorière de la section de l’ordre à Sfax de 2006 à 2009. Faisait partie de l’association des juristes à Sfax, elle a rejoint Ennahdha après la révolution.",,محامي,,من مواليد 02 جويلية 1963، محامية لدى التّعقيب، زاولت تعليمها الإبتدائي بالمدرسة إبتدائيّة زنقة بن سعيد ثمّ الثّانوي بمعهد 20 مارس أين تحصّلت على البكالوريا سنة 1982. تحصّلت على إجازة في الحقوق سنة 1986 ثمّ السّنة أولى ماجستير التّي مكّنتها من الحصول على المعادلة في الكفاءة لمهنة المحاماة. أدّت تربّصها في تونس العاصمة عند الأستاذ عبد الرّحمان الهانين ثم في صفاقس، ولها الآن أكثر من 24 سنة ممارسة لمهنة المحاماة. كانت عضوة مكلّفة بالعلاقات العامّة بالمجلس الجهوي للهيئة الوطنيّة للمحامين فرع صفاقس من 2003 إلى 2006، ثمّ من 2006 إلى 2009، وشغلت خطّة أمين مال المجلس الجهوي للهيئة الوطنيّة للمحامين فرع صفاقس. إثر الثّورة إنضمّت للنّهضة وكانت عضوة جمعيّة الحقوقيّين بصفاقس.,,2011-11-22,2
TNP-00493,كمال السعداوي,Kamel Saadaoui,,,,,كمال سعداوي,male,1965-05-31,day,Kasserine,TN-42,,,,,,"Amendements sur la constitution Né le 31 mai 1965 à Kasserine, il a obtenu son baccalauréat en 1985, a étudié au sein de l’institut supérieur des sciences de l’éducation à Bouchoucha, puis s’est orienté vers l’Ecole Nationale d’Ingénieurs à Gabes. Parti ensuite à l’étranger, en France plus exactement pour poursuivre ses études, il est revenu en Tunisie pour des raisons financières. Il a continué ses études au sein de l’ISSEB tout en étant enseignant au primaire et a obtenu par la suite sa maitrise à l’ISSEB. Il a commencé le travail syndical au sein du syndicat de l’enseignement, et a rejoint l’MDS, s’est arrêté à un moment compte tenu de certaines positions, avant de rejoindre le mouvement à nouveau après la révolution et participer aux élections de 2011.",,,,تحصّل على شهادة الباكالوريا سنة1985 ثم التحق بالمعهد العالي لعلوم التّربية ببوشوشة، ثمّ منها بالمدرسة القوميّة للمهندسين بقابس قبل أن يرحل إلى فرنسا ليواصل دراسته، لكن نظرا للظّروف المادّية عاد إلى تونس ليدرّس (تعليم إبتدائي) و يدرس في نفس الوقت. تحصّل على الأستاذيّة في علوم التّربية. بدأ العمل النّقابي في نقابة التّعليم ثمّ حركة الدّيمقراطييّن الإشتراكيّين قبل أم يتوقّف مدّة نظرا لمواقف معيّنة ثمّ عاد إلى الحركة و شارك في الإنتخابات الأخيرة في 2011.,,2011-11-22,1
TNP-00494,كمال عمّار,Kamel Ammar,,,,,كمال عمار,male,1956-11-05,day,Sfax,TN-61,,,,,,"Amendements sur la constitution Né le 05 novembre 1956 à Sfax, il a fait ses études primaires et secondaires à Sfax, avant de rejoindre la faculté des lettres 9 avril, où il a obtenu la maitrise en philosophie. Il était activiste au sein du mouvement islamique depuis la section jeunes et durant les années de la faculté où il supervisait l’activité politique islamique à la faculté en 1981. Cette activité a perduré jusqu’à ce qu’il devienne son superviseur au niveau de l’ensemble des universités tunisienne en 1983 et 1984. Cette activité l’a conduit plus tard à devenir membre du conseil de la Choura, représentant l’université tunisienne, et il a assisté au congrès du mouvement islamique en 1984. Pour ce qui est de son activité après la révolution, il est membre de l’ANC et a participé au lancement d’une association culturelle « Forum Farabi ».",,,,ولد كمال عمار في 05 نوفمبر 1956 بمدينة صفاقس وزاول تعليمه الإبتدائي والثانوي بنفس المدينة ثم إلتحق بكلية الآداب بجامعة 9 أفريل حيث تحصل على الأستاذية في الفلسفة. كان كمال عمار ناشط سياسي إسلامي منذ أن كان تلميذ وفي مسيرته الجامعية كذلك حيث كان المشرف على النشاط السياسي الإسلامي بالجامعة سنة 1981 وتواصل نشاطه إلى ان أصبح مشرف على هذا النشاط بالجامعة التونسية ككل خلال سنتي 1983 و1984. قاده هذا النشاط إلى أن أصبح عضو بمجلس الشورى يمثل الجامعة التونسية وحضر مؤتمر حركة الإتجاه الإسلامي في سنة 1984. أما في ما يتعلق بنشاطه السياسي بعد الثورة فهو عضو بالمجلس الوطني التأسيسي وساهم في بعث جمعية فكرية تحت عنوان منتدى الفرابي.,,2011-11-22,1
TNP-00495,كمال بن عمارة,Kamel Ben Amara,,,,,كمال بن عماره,male,1959-09-05,day,Bizerte,TN-23,,,,,,"Amendements sur la constitution Né le 05 septembre 1959 à Bizerte, il a effectué ses études primaires et secondaires à Bizerte et a obtenu le baccalauréat maths/sciences en 1978. Il a par la suite étudié à l’ENIT où il a obtenu le titre d’ingénieur en chef après 6 ans d’études. Il a par la suite obtenu son doctorat en 1988 et a enseigné à cette même faculté durant 6 ans. Ensuite, il a enseigné à la faculté du Qatar où il était chef du département de génie civil durant 7 ans. Il a par la suite travaillé pendant 15 ans à Qatar Petroleum, le dernier poste qu’il a occupé étant celui d’assistant du directeur des opérations maritimes. Il faisait partie du mouvement islamique à la faculté, il fut d’ailleurs contraint de voyager à l’étranger en 1991 en raison des pressions et il est resté exilé durant 15 ans. De retour en 2004 – 2005, il a participé avec Ennahdha aux élections après la révolution en tant qu’élu sur la circonscription du monde arabe.",,,,من مواليد 05 سبتمبر 1959 في بنزرت وزاول تعليمه الإبتدائي في بنزرت. تحصّل على باكالوريا علوم/رياضيّات سنة 1978 ثم درس في المدرسة الوطنيّة للمهندسين بتونس حيث تخرّج مهندس أوّل بعد 6 سنوات، ثمّ تحصّل على الدكتوراه سنة 1988 ودرّس في المدرسة الوطنيّة للمهندسين لمدّة 6 سنوات، ثم درّس في جامعة قطر أين كان رئيس قسم الهندسة المدنيّة لمدّة 7 سنوات، ثمّ عمل في قطر للبترول لمدّة 15 سنة وآخر وظيفة له في قطر للبترول كانت مساعد مدير العمليّات البحريّة. كان في حركة الإتّجاه الإسلامي أيّام الجامعة لكن اضطرّ للسّفر إلى الخارج في 1991 نظرا للضّغوطات وبقي خارج تونس مدّة 15 سنة. عاد في 2004 – 2005، و شارك مع الحركة إثر الثّورة في الإنتخابات كمترّشح عن الدّول العربيّة.,,2011-11-22,1
TNP-00496,كوثر الأدغم,Kaouther Ladgham,,,,,كوثر ادغم,female,1968-06-10,day,Nafta,,,,,,,"Amendements sur la constitution Kaouther Ladgham est née le 10 Juin 1968 à Nafta, gouvernorat de Tozeur. Elle a effectué ses études primaires ainsi que ses études secondaires à Nafta jusqu'à ce qu'elle obtienne son baccalauréat en mathématiques en 1989. Elle a été orientée par la suite à la Faculté de Médecine Dentaire mais sa passion pour le sport l'a poussé à intégrer l'Institut Supérieur du Sport et de l'Education Physique de Sfax où elle a étudié pendant 3 ans avant de se diriger vers l'enseignement. Lorsqu'elle était étudiante, Kaouther Ladgham était active au sein du mouvement de la tendance islamique.",,,,ولدت كوثر لدغم في 10/06/1968 بمدينة نفطة، ولاية توزر. درست كوثر بالمدرسة الإبتدائية بنفطة ثم بالمعهد الثانوي بنفس المنطقة. تحصلت على شهادة البكالوريا في علوم الرياضيات سنة 1989 وتم توجيهها لدراسة طب الأسنان لكن شغفها بالرياضة جعلها تلتحق بالمعهد العالي للرياضة والتربية البدنية بصفاقس حيث درست لمدة 3 سنوات ثم اتجهت للتعليم. كانت كوثر في سنوات الجامعة ناشطة في حركة الإتجاه الإسلامي.,,2011-11-22,1
TNP-00497,لبنى الجريبي,Lobna Jeribi,,,,,لبني جريبي,female,1973-10-22,day,Tunis et est l’une des personnalités féminines les plus connues dans la scène politique tunisienne d’après révolution,,,,,2,,"Amendements sur la constitution Lobna Jeribi est née le 22 Octobre 1973 à Tunis et est l’une des personnalités féminines les plus connues dans la scène politique tunisienne d’après révolution. Elle s’est présentée aux élections de l’Assemblée Nationale Constituante avec le forum pour le travail et les libertés (Ettakatol) sur la circonscription de Tunis 2 et est devenue membre à l’ANC depuis le 23 Octobre 2012. Elle a suivi des études en génie informatique pendant 5 ans à Lyon, France, avant d’obtenir son doctorat dans le même domaine. Elle a occupé plusieurs postes en dehors de sa carrière politique. Elle était chercheuse et enseignante à l’Université Sorbonne – Paris 1 pendant 2 ans et a aussi été universitaire au sein de l'Ecole Nationale des Sciences Informatique de Tunis. Elle a fondé une société d’ingénierie et conseil Informatique depuis 2004. En 2006, elle a participé au programme d’échange MEPI et a étudié à la Business School of San Diego. Elle s'est impliquée dans le Réseau des Associations et devint présidente de l'association nord-africaine de l'Institut national des sciences appliquées (INSA) des anciens de Lyon. En outre, elle a participé et dirigé plusieurs projets nationaux liés à la gestion de la maintenance et de la consultation de la productivité tout en sensibilisant la productivité dans le secteur industriel. En addition à sa vie professionnelle, Lobna Jeribi est mère de deux enfants.",,,,ولدت لبنى جريبي في 22 أكتوبر 1973 في تونس، و هي واحدة من أكثر الشخصيات النسائية المعروفة في المشهد السياسي بتونس ما بعد الثورة. ترشحت لبنى جريبي عن قائمة التكتل من أجل العمل والحريات عن دائرة تونس (2) ومنذ 23 أكتوبر 2012 أصبحت عضو بالمجلس الوطني التأسيسي. و يجدر التذكير أن حزب التكتل فاز ب20 مقعدا في المجلس والطرف الثالث في ائتلاف الأحزاب الفائزة، وهي المجموعة التي تتألف أيضا من النهضة والمؤتمر من أجل الجمهورية (CPR). درست لبنى هندسة الكمبيوتر لمدة 5 سنوات في ليون، فرنسا قبل أن تتحصل على دكتوراه في نفس المجال. شغلت لبنى مواقع مختلفة في وخارج مسيرتها السياسية. كانت باحثة و أستاذة في جامعة السوربون، باريس 1 لمدة عامين. و كذلك عملت محاضرا في كلية الهندسة في تونس. و قد أسست كذلك شركة الخدمات المعلوماتية للهندسة والتكنولوجيا. في عام 2006 شاركت في برنامج تبادل MEPI، ودرست في كلية إدارة الأعمال في سان دييغو علاوة على مشاركتها في شبكة من الجمعيات وأصبحت بعد ذلك رئيسة جمعية شمال أفريقيا التابعة للمعهد الوطني للعلوم المطبقة (INSA) لخريجين ليون. بالإضافة إلى ذلك شاركت لبنى جريبي وقادت عدة مشاريع وطنية متعلقة بالإدارة، الصيانة و الإنتاجية كما عملت على زيادة الوعي بأهمية الإنتاجية في القطاع الصناعي. بالإضافة إلى حياتها المهنية، لبنى الجريبي هي أم لطفلين.,,2011-11-22,1
TNP-00498,مبروك الحريزي,Mabrouk Hrizi,,,,,مبروك حريزي,male,,,,,,,,,,Amendements sur la constitution Mabrouk Lahrizi est né le 30/10/1976 à Sebitla. Il a eu un baccalauréat section Lettres et a suivi ses études universitaires pour obtenir une maitrise en sciences juridiques et un master en droit public et financier et enfin un doctorat dans le domaine des droits de l’Homme.,,غير مصنف,,ولد مبروك الحريزي في 30/10/1976 بمدينة سبيطلة. تحصل على شهادة البكالوريا في إختصاص الآداب ثم التحق بالجامعة حيث تحصل على الأستاذية في العلوم القانونية ومن بعدها شهادة الدراسات المعمقة في القانون العام والمالي وأخيرا تحصل على الدكتوراة في مجال حقوق الإنسان.,,2011-11-22,2
TNP-00499,مبروكة مبارك,Mabrouka Mbarek,,,,,مبروكه مبارك,female,,,,,,,,,,"Amendements sur la constitution Née dans une famille originaire de Bir Ali Ben Khalifa dans le gouvernorat de Sfax, Mabrouka M'Barek a étudié le droit et la gestion en France. Elle a poursuivi ses études à l'Ecole de Commerce de Reims, en se concentrant sur la gestion dans le monde arabe. Après une première expérience au Yémen, elle a déménagé aux États-Unis pour commencer une carrière comme auditeur spécialisé dans le contrôle financier, la sécurité informatique, la gestion des risques et de prévention de la fraude. Mabrouka a quitté le secteur à but lucratif pour se consacrer aux ONG humanitaires et des droits de l’Homme basées au Moyen-Orient. En plus d'être responsable de la relation du parti avec les médias, la contribution de Mabrouka dans le Congrès Pour la République est un projet d'une initiative de transparence gouvernementale en Tunisie. Elle a fait du gouvernement ouvert son combat principal.",,,,"ولدت مبروكة في بئر علي بن خليفة بولاية صفاقس و درست القانون و التصرف بفرنسا. تابعت تعليمها بمدرسة التجارة بـ""Reims"" مع التركيز على التصرف بالعالم العربي. بعد تجربة أولى باليمن، انتقلت مبروكة إلى الولايات المتحدة الأمريكية لتشرع في العمل كمراجعة حسابات متخصصة في الرقابة المالية وأمن المعلومات وإدارة المخاطر ومنع الاحتيال. انصرفت مبروكة عن القطاع الهادف للربح للتركيز على المنظمات غير الحكومية الإنسانية و المعتنية بحقوق الإنسان المرتكزة بالشرق الأوسط. إلى جانب كونها المسؤولة على علاقة الحزب بالإعلام، مبادرة مبروكة في المؤتمر من أجل الجمهورية متمثلة في مبادرة للشفافية الحكومية بتونس فقد جعلت من الحوكمة المفتوحة أهم معركة لها.",,2011-11-22,1
TNP-00500,محرزية العبيدي,Meherzia Labidi,,,,,محرزيه عبيدي,female,,,,,,,,,,"Amendements sur la constitution Meherzia Maïza, née Labidi, est traductrice-interprète. Elle fait ses études secondaires au lycée mixte de Grombalia. Elle étudie à l'École normale supérieure de Sousse jusqu'en 1986 et à l'École supérieure d'interprètes et de traducteurs de la Sorbonne (spécialité traduction économique et juridique). Titulaire d'un master en traduction économique et d'un diplôme d'études approfondies enlittérature anglaise et en études théâtrales en 1992, elle enseignait la traduction à l'Institut européen des sciences humaines à Saint-Denis. Elle tient des conférences sur « l’éducation dans les sociétés multiculturellles », la femme, la religion et la société. Depuis 2006, elle est présidente du réseau « femmes croyantes pour la paix », reconnu auprès de l’ONU. En 2009, elle est membre du « Conseil européen des personnalités civiles et religieuses pour la paix ».",,مترجمة,,"خريجة دار المعلمين العليا بسوسة والمعهد الأعلى للتراجمة والمترجمين بالسربون/ باريس اختصاص ترجمة اقتصادية وقانونية. محرزة على ماجستير في الترجمة الاقتصادية وشهادة دراسات معمقة في كل من الأدب الانقليزي والدراسات المسرحية.تدرس السيدة محرزية العبيدي معيزة الترجمة في المعهد الأوروبي للعلوم الانسانية سان دوني باريس وهي كاتبة ومحاضرة في الشأن التربوي في المجتمعات متعددة الثقافات وكذلك في شأن المرأة والدين والمجتمع. ترأس السيدة العبيدي الشبكة العالمية "" نساء مؤمنات من أجل السلام "" وهي منظمة لها صفة استشارية لدى مؤسسات الأمم المتحدة المعنية بالمرأة والتنمية والسلام. كما أنها عضو بالمجلس الأوروبي للشخصيات المدنية والدينية للسلام ونائبة للتونسيين بالخارج ( دائرة فرنسا 1 ) عن حزب حركة النهضة. انتخبت نائبة أولى لرئيس المجلس الوطني التأسيسي محرزية العبيدي معيزة أم لثلاثة أطفال. تتقن العربية، الفرنسية و الأنجليزية.",,2011-11-22,2
TNP-00501,محسن الكعبي,Mohsen Kaabi,,,,,محسن كعبي,male,1971-12-08,day,Zouitina,,,,,,,"Amendements sur la constitution Né le 08 décembre 1971 à Zouitina, El Betan, gouvernorat de la Mannouba, il a effectué ses études primaires à l’école de Saniet Ben Abdallah et a étudié au lycée technique de Tunis. Ayant été emprisonné l’année de son baccalauréat, il a obtenu son diplôme après sa sortie et a obtenu par la suite en 2003 un diplôme en techniques de commercialisation de l’ISET Rades. Il a participé au sein d’Ennahdha aux élections suite à la révolution. En effet, il était secrétaire général local d’Ennahdha à Douar Hicher, puis secrétaire général régional sur le gouvernorat de La Mannouba et il a été élu à l’ANC en étant numéro 3 sur la liste électorale d’Ennahdha à Mannouba. Il préfère ne pas parler de sa période d’emprisonnement.",,,,مولود في 08 ديسمبر 1971 بالزّويتينة منطقة البطان ولاية منّوبة، زاول تعليمه الابتدائي بمدرسة سانية بن عبد اللّه ثمّ درس بالمعهد الفنّي بتونس. اعتقل سنة البكالوريا، ثمّ عند خروجه تحصّل على الباكلوريا، ثمّ تحصّل على شهادة جامعيّة من المعهد العالي للدّراسات التّكنولوجيّة برادس في اختصاص تقنيات تجاريّة سنة 2003. شارك مع النّهضة في الإنتخابات بعد الثّورة فكان الكاتب العامّ المحلّي بمعتمديّة دوّار هيشر ثمّ الكاتب العامّ الجهوي على ولاية منّوبة وكان رقم 3 في قائمة النّهضة عند الإنتخابات. لا يفضّل الحديث عن مدّة السّجن.,,2011-11-22,1
TNP-00502,محمد الحبيب هرقام,Mohamed Habib Harguem,,,,,محمد حبيب هرقام,male,1946-04-24,day,Kairouan,TN-41,,,,,,"Amendements sur la constitution Né le 24 avril 1946 à Kairouan, il a effectué ses études primaires à Kairouan. Il a ensuite poursuivi ses études secondaires au lycée de garçons de Kairouan puis à Sfax. Il a occupé le poste d’enseignant pendant 15 ans, puis celui de directeur d’école pour 3 ans. Il est ensuite devenu conseiller pédagogique pour les écoles primaires. Habib Harguem a aussi occupé le poste de coordinateur des programmes d’enseignement pour les écoles privées. Il est membre du Forum Démocratique pour le Travail et les Libertés depuis 2011.",,,,ولد محمد الحبيب هرقام في 24/04/1946 بولاية القيروان ودرس بالمدرسة الابتدائية بغرب القيروان ثم بالمعهد الثانوي للفتيان كذلك بمدينة القيروان. انتقل بعد ذلك الى صفاقس وتحديدا إلى معهد طريق العين بصفاقس ولكنه انقطع عن التعليم وانخرط في سلك التعليم وزاول هذه المهنة لمدة 15 سنة ثم عمل كمدير مدرسة لمدة 3 سنوات وكذلك كمرشد بيداغوجي بالمدارس الابتدئية وكمنسق للبرامج الرسمية التربوية في المدارس الخاصة. اصبح عضوا من حزب التكتل الديمقراطي من أجل العمل والحريات.,,2011-11-22,1
TNP-00503,محمد الصالح شعيرات,Mohamed Salah Chairat,,,,,محمد صالح شعيرات,male,,,,,,,,,,"Amendements sur la constitution Mohamed Salah Chairat est né le 01 Mars 1973 dans la Capitale Tunis. Il a effectué ses études primaires à l'école Malareb et a ensuite poursuivi ses études secondaires au lycée Omrane Supérieur mais a obtenu son baccalauréat en sciences du lycée Sadiki de Tunis en 1995. Il a intégré l'école préparatoire de Sfax en spécialisant dans l'agroalimentaire et a obtenu son diplôme d'ingénierie en 2001. Malgré sa non-adhésion à aucun parti politique, Mohamed Salah Chairat a été dérangé à plusieurs reprises lorsqu'il essayait de mettre en place son projet agricole et avait dévoilé des manipulations de l'ancien régime. Mohamed Salah Chairat était actif sur le réseau internet.",,,,ولد محمد صالح شعيرات في 01/03/1973 بالعاصمة تونس. درس بمدرسة مالرب ثم تابع تعليمه الثانوي بمعهد العمران الأعلى ولكنه تحصل على البكالوريا في العلوم من المعهد الصادقي بتونس و كان ذلك سنة 1995 ثم إلتحق بالمدرسة التحضيرية بولاية صفاقس حيث درس علوم صناعة الغذاء و تحصل على شهادة الهندسة سنة 2001. بالرغم من عدم انخراطه في أي حزب سياسي إلا إن محمد صالح شعيرات تعرض إلى عديد المضايقات عند محاولته القيام بمشروع فلاحي إذ إكتشف محاولات التلاعب التي قام بها النظام السابق. كان محمد صالح شعيرات ناشط على شبكة الانترنت.,,2011-11-22,1
TNP-00504,محمد الطاهر إيلاهي,Mohamed Tahar Ilahi,,,,,محمد طاهر ايلاهي,male,,,,,,,marié,2,,"Amendements sur la constitution Mohamed Taher, fils de Abderrahmen Ilahi, est marié et père de deux enfants (Abderrahmen et Mohamed Yacine). Né dans la ville d’El Falta à Sidi Bouzid, il vit actuellement au Menzah 1 à Tunis. Il a à son effectif plus de 22 ans d’expérience. 15 ans dans le domaine de l'ingénierie et de la technologie. 14 ans les domaines administratif et de la gestion bancaire. 8 ans dans l’enseignement supérieur et l’encadrement. Il a obtenu son diplôme de baccalauréat – section mathématiques et technique – au lycée technique de Sidi Bouzid (1984) puis le diplôme universitaire d’études scientifiques à la Faculté des Sciences et Techniques de Monastir (1986) pour obtenir ensuite un diplôme d’ingénieur principal en sciences informatiques – système et gestion – à la Faculté des Sciences de Tunis (1990). Il a poursuivi ses études supérieures pour obtenir un Diplôme d’Etudes Approfondies en Sciences Informatiques (Doctorat de 3 cycle) à la Faculté des Sciences de Tunis (2001) puis le master appliqué à la sécurité informatique et des réseaux à l’Institut Supérieur d’Informatique à l’Ariana (2004). Il a aussi obtenu un master international en formation à distance d’une Université suisse ainsi qu'un Doctorat en Sciences Informatiques de l’Université de Paris 8 en France. Il est actuellement enseignant universitaire et chercheur en Sciences Informatiques à l’Université de Carthage (Faculté des Sciences de Bizerte), consultant spécialisé dans la sécurité informatique et l’ingénierie de projets, système et gestion. Il est aussi expert national en sécurité informatique et réseaux, expert international en formation à distance et aussi expert en électronique et informatique auprès du groupe d’assurance et de banques. Il a occupé plusieurs fonctions dans le passé dont le poste d'ingénieur stagiaire auprès de la Ligue des Etats Arabes et le poste d'enseignant occasionnel en Informatique à l’Ecole Nationale d’Administration de Tunis pour ensuite devenir expert à temps partiel et consultant en systèmes et sécurité informatique au conseil des ministres arabes de l’intérieur et puis expert en nouvelles technologies à l’Université de Tunis – Al Manar, pour enfin occuper le poste de directeur à la banque de l’habitat et chef de projets (expérience de 14 ans). Mohamed Taher Ilahi a été à la tête de la liste indépendante « L’indépendant » à Sidi Bouzid et a obtenu 11 980 voix lors des élections du 23 Octobre 2011.",,,,"الإسم الكامل محمد الطاهـر بن عبد الرحمان إيلاهي. هو متزوج و أب لولدين (عبدالرحمان و محمد ياسين). ولد بمدينة الفالتة بسيدي بوزيد و يقطن حاليا بالمنزه الأول بتونس. له أكثر من 22 سنة خبرة تجمع المجال الهندسي و التكنولوجي (15 سنة) و المجال الإداري و التصرف البنكي (14 سنة) و التدريس الجامعي و التأطير (8 سنوات). تحصل في بداية الأمر على باكلوريا رياضيات و تقنية بالمعهد الفني بسيدي بوزيد (1984) ثم على الديبلوم الجامعي للدراسات العلمية بكلية العلوم و التقنيات بالمنستير (1986) ليتحصل من بعد على ديبلوم مهندس اول في علوم الإعلامية أنظمة و تصرف بكلية العلوم بتونس (1990). واصل مسيرته الجامعية ليتحصل على ديبلوم الدراسات المعمقة في علوم الإعلامية (دكتورا مرحلة ثالثة) بكلية العلوم بتونس (2001) ثم الماجيستير التطبيقي في السلامة المعلوماتية و الشبكات بالمعهد الأعلى للإعامية بأريانة (2004). متحصل أيضا على الماجيستير الدولي في التعلم عن بعد من جامعة كوربوش بسويسرا و دكتورا في علوم الإعلامية بجامعة باريس8 بفرنسا (مناقشة مبرمجة في ديسمبر 2011). هو حاليا مدرس جامعي و باحث في علوم الإعلامية بجامعة قرطاج (كلية العلوم بنزرت) و مستشار مختص في السلامة المعلوماتية و هندسة المشاريع أنظمة و تصرف. هو أيضا خبـــير وطنــي في السلامة المعلوماتية و الشبكات و خبــير دولـــي في التعلم عن بعد و كذلك خبــير في الإلكترونيك و الإعلامية لدى مجمع التأمين و البنوك. تقلد في السابق وظائف متعددة فكان مــهندس متربص في جامعة الدول العربية و أيضا مــدرس عرضي في الإعلامية بالمدرسة القومية للإدارة بتونس ليصبح خـــبير غير متفرغ و مستشار في الأنظمة و السلامة المعلوماتية لدى مجلس وزراء الداخلية العرب و من ثم خبـــير في التكنولوجيات الحديثة لدى جامعة تونس المنار و أخيرا مديــر ببــنك الإسكان و رئيس مشاريع (خبرة 14 سنة). السيد محمد الطاهر إيلاهي هو رأس القائمة المستقلة ""المستقل"" بسيدي بوزيد و قد تحصل على 11980 صوت خلال إنتخابات 23 أكتوبر 2011.",,2011-11-22,1
TNP-00505,محمد الطاهر تليلي,Mohamed Tahar Tlili,,,,,محمد طاهر تليلي,male,1959-04-22,day,Ben Aoun,,,,marié,3,ar,"Amendements sur la constitution Né le 22 Avril 1959 à Ben Aoun, Mohamed Taher Tlili a étudié au lycée secondaire de Sidi Bouzid et a ensuite obtenu la maitrise en physique à la Faculté des Sciences de Tunis. Il a poursuivi ses études supérieurs en France où il a obtenu un master et un doctorat en physique. Il a enseigné dans plusieurs facultés comme la Faculté des Sciences de Monastir, l'Institut Supérieur du Travail, la Faculté de l'éducation au Sultanat de Oman, etc.. et a fait de la recherche scientifique et de l'encadrement à la Faculté des Sciences de Monastir et de Sfax et l'Ecole Nationale d'Ingénieurs de Monastir. Marié et père de 3 enfants, il maitrise la langue arabe, française et anglaise.",,,,ولد في 22 أفريل 1959 بنعون. درس بالمعهد الثانوي بسيدي بوزيد ثم تحصل على أستاذية في الفيزياء في كلية العلوم تونس. واصل تعليمه العالي بفرنسا و تحصل على ماجستير و دكتوراه في الفيزياء. درس في عدة كليات منها كلية العلوم بالمنستير، المعهد الاعلي للشغل، كلية التربية بسلطنة عمان...و مارس البحث العلمي و التأطير بكلية العلوم بالمنستير و صفاقس و المدرسة الوطنية للمهندسين بالمنستير. يتقن العربية، الفرنسية و الانقليزية.,,2011-11-22,1
TNP-00506,محمد العربي فاضل موسى,Mohamed Elarbi Fadhel Moussa,,,,,محمد عربي فاضل موسي,male,,,,,,,,,,"Amendements sur la constitution Professeur d'enseignement supérieur et chercheur dans les universités tunisiennes. Il est aussi professeur visiteur dans des universités étrangères depuis 1992 et doyen de la Faculté des Sciences Juridiques, Politiques et Sociales de Tunis - Université de Carthage. Il a été élu en Juillet 2008 et réélu en Juillet 2011. Fadhel Moussa est aussi un expert international auprès de multiples organisations internationales et avocat inscrit au barreau de Tunis. Ancien directeur de programmes et de stages au sein de l'Organisation Internationale de Droit du Développement (Rome, Italie) de 2004 jusqu'à 2006 et dans le centre arabe régional de l'organisation (Caire, Egypte) de 2006 jusqu'à 2008. Militant des droits de l'Homme indépendant dans plusieurs associations nationales et internationales et actif au sein de multiples associations sportives et culturelles. Il a participé à différents forums et conférences internationaux dans plusieurs domaines juridiques comme le droit constitutionnel et les sciences politiques. Il compte à son actif plusieurs publications et études dans le droit public et les sciences politiques et il a aussi encadré plusieurs travaux d'études et de recherche de doctorat de différents chercheurs dans les universités tunisiennes et étrangères.",,,,أستاذ تعليم عالي وباحث في الجامعات التونسية وأستاذ زائر في الجامعات الأجنبية منذ 1992 وعميد كلية العلوم القانونية والسياسية والاجتماعية بتونس، جامعة قرطاج. انتخب في جويلية 2008 وأعيد انتخابه في جويلية 2011. خبير دولي لدى منظمات دولية ومحام مرسم في عمادة تونس. مدير سابق للبرامج والتدريب في المنظمة الدولية لقانون التنمية (روما، ايطاليا) 2004 إلى 2006 وفي المركز العربي الإقليمي للمنظمة (القاهرة /مصر) 2006 إلى 2008. ناشط حقوقي مستقل في عديد الجمعيات الوطنية والدولية وناشط في جمعيات رياضية وثقافية وشارك في عديد الملتقيات والمؤتمرات الدولية في مجالات قانونية متنوعة ومنها القانون الدستوري والعلوم السياسية. له عديد المنشورات والدراسات في الفانون العام والعلوم السياسية واشرف على عديد الدراسات وبحوث الدكتوراه لعديد من الباحثين في الجامعات التونسية والأجنبية.,,2011-11-22,1
TNP-00507,محمد الكراي الجربي,Mohamed Karray Jerbi,,,,,محمد كراي جربي,male,,,,,,,,,,"Amendements sur la constitution Né le 04/05/1946 à Sfax, il a poursuivi ses études primaires à l’école franco-arabe Moulin Ville de Sfax et ses études secondaires au lycée Mohamed Ali Hammi où il a obtenu son brevet d’enseignement moyen en 1964 pour devenir maitre d’éducation physique et a travaillé au début à Gafsa pendant 4 ans. Il a eu sa retraite en 2001. Il est le fondateur du parti démocratique en 1986 et est syndicaliste de 1974 jusqu’à 1992. Il est par ailleurs le Secrétaire Général du syndicat d’éducation physique. En 1985, il a été arrêté pendant 8 mois et 2 jours pour atteinte à l’ordre public. Il a rejoint le Congrès Pour la République avant les élections mais a démissionné du parti après.",,,,ولد محمد الجربي كراي في 04/05/1946 بصفاقس و بدأ تعليمه الإبتدائي بالمدرسة الفرنكوعربية مولان فيل ثم تابع تعليمه الثانوي بمعهد محمد علي الحامي حيث تحصل على مؤهل التعليم الاعدادي سنة 1964 ليصبح بذلك أستاذ تربية بدنية. عمل محمد الجربي كراي أولا بقفصة وذلك منذ 1965 ولمدة 4 سنوات وكانت سنة 2001 السنة التي تقاعد فيها. واصل نشاطه السياسي الذي بدأه سنة 1986 حين ساهم في تأسيس الحزب الديمقراطي . وعرف محمد الجربي كراي بنشاطه النقابي فهو نقابي منذ سنة 1972 وإلى حدود 1992 و قد تولى في هذه الفترة الكتابة العامة لنقابة اساتذة التربية البدنية. في سنة 1985 تم اعتقاله لمدة 8 أشهر بتهمة إثارة الشغب. إنضم محمد جربي كراي إلى حزب المئتمر من اجل الجمهورية قبيل الانتخبات لكنه إنشق عنه بعد ذلك.,,2011-11-22,1
TNP-00508,المنصف شيخ روحه,Moncef Cheikhrouhou,,,,,منصف شيخ روحه,male,1945-01-01,year,,,,,,,,"Amendements sur la constitution Moncef Cheikh-Rouhou est un célèbre économiste tunisien possédant une vaste expérience à l'étranger, notamment en France et aux États-Unis. Il est le fils aîné de Habib Cheikh-Rouhou. Né en 1945, avant l'indépendance, Moncef Cheikh-Rouhou a effectué la plus grande partie de ses études en France. M. Cheikh-Rouhou est diplômé en ingénierie de l’Ecole Centrale de Paris, puis a eu un MBA et un doctorat de l'Université de Californie à Berkeley, Etats-Unis. Il est actuellement membre du corps professoral de cette dernière et de la prestigieuse école HEC Paris, où il enseigne la finance internationale. En 1981, Cheikh-Rouhou a fondé et dirigé l'Institut de financement du développement (IFID) de la région du Maghreb. Il a hérité du groupe Assabeh après la mort de son père en 1994 et était à la tête du département de la publication. En 1983, il devient durant dix ans vice-président et directeur général de la banque d'investissement méditerranéenne, la BEST Bank, où il a élargi ses connaissances de l'économie et de la finance mondiale. Cheikh-Rouhou a également été membre du Conseil économique et social des Nations Unies et est maintenant vice-président du Cercle des économistes arabes. Il a également occupé le poste de vice-président de la municipalité de Carthage. Il n'était pas particulièrement politiquement actif sous le règne de Ben Ali, mais il s’est sûrement opposé aux stratégies du régime et la prééminence des Trabelsi qui ont presque ruiné l'économie tunisienne à travers leur «réseau mafieux» et la corruption généralisée. En 2000, Cheikh-Rouhou a dû vendre ses parts d’Assabeh à Sakhr El-Matri et a été forcé de quitter le pays, vivant à Paris en exil avec sa femme d'origine vietnamienne et ses deux enfants. Le 7 juin 2006, au siège de BNP Paribas, il reçoit le prix Vernimmen, distinction créée en 1998 en hommage à Pierre Vernimmen, professeur et banquier français réputé pour ses travaux sur la finance d'entreprise. Le prix récompense Cheikhrouhou pour « l'excellence de son enseignement » dans les programmes du groupe HEC Paris. En 2009, à la demande du gouvernement chinois, il fonde puis dirige le programme Executive MBA destiné au patronat à Pékin. Le 5 septembre 2011, le Parti Démocrate Progressiste annonce que Cheikh-Rouhou est sa tête de liste dans la circonscription de Tunis 1 pour l'élection de l'Assemblée Nationale Constituante.",,,,"هو خبير اقتصادي تونسي مشهور ويملك تجربة واسعة بالخارج، بما في ذلك فرنسا والولايات المتحدة الأمريكية، وهو الإبن الأكبر للحبيب شيخ روحو. من مواليد سنة 1945، أدّى المنصف الجزء الأكبر من دراسته بفرنسا. تخرج في الهندسة من المدرسة المركزية بباريس ثم ماجستير إدارة الأعمال وشهادة دكتوراه من جامعة كاليفورنا بباركلي (الولايات المتحدة). هو حاليا عضو لهيئة التدريس بهذه الجامعة وكذلك بمدرسة الدراسات التجارية العليا باريس حيث يدرس المالية الدولية. أسس وأدار سنة 1981 معهد التمويل الإنمائي بمنطقة المغرب وورث مجموعة الصباح إثر وفاة والده سنة 1994 إذ كان يترأس قسم النشر. في 1983، شغل لمدة 10 سنوات خطة نائب رئيس ومدير عام بالبنك المتوسطية للإستثمار (بنك التمويل التونسي السعودي) حيث تمكن من توسيع معارفه في الاقتصاد والمالية العالمية. كان المنصف شيخ روحو أيضا عضو بالمجلس الإقتصادي والإجتماعي للأمم المتحدة وهو حاليا نائب رئيس منتدى الاقتصاديين العرب. كما شغل أيضا منصب نائب رئيس بلدية قرطاج. لم يكن ناشطا سياسيا بصفة خاصة في عهد بن علي لكنه عارض بالتأكيد استراتيجيات النظام وسيادة عائلة الطرابلسي التي كادت أن تدمر الاقتصاد التونسي من خلال ""شبكة المافيا"" وانتشار الفساد. أُجبر المنصف شيخ روح سنة 2000 على بيع أسهمه في مجموعة الصباح إلى صخر الماطري وغادر البلاد إذ عاش بباريس مع زوجته ذات أصل فيتنامي وأبنائه الإثنين. في 07 جوان 2007، تحصل على جائزة فرنيمان بمقر بي إن بي باريبا من أجل امتياز تدريسه في إطار برامج مدرسة الدراسات التجارية العليا باريس. في 2009 وبطلب من الحكومة الصينية، أسس وأدار برنامج تنفيذي لماجستير إدارة الأعمال للأعراف في بكين. في 05 سبتمبر 2011، أعلن الحزب الديمقراطي التقدمي ترؤس المنصف شيخ روحو قائمة الحزب على دائرة تونس 1 في انتخابات المجلس الوطني التأسيسي.",,2011-11-22,1
TNP-00509,محمد الناجي غرسلي,Mohamed Neji Gharsalli,,,,,محمد ناجي غرسلي,male,1955-04-07,day,,,,,,,,"Amendements sur la constitution Né le 07 avril 1955, il a effectué ses études primaires à Kasserine, puis ses études secondaires au lycée technique de Kasserine, puis le lycée de jeunes filles de la même ville, spécialité sciences techniques, et est parti à Baghdad en 1974 où il a obtenu son baccalauréat en 1974 au lycée secondaire d’El Aadhamiya. Il a obtenu une maitrise en droit politique (en Irak), et à son retour à Tunis, il a suivi les cours d’équivalence à la profession d’avocat, a réussi le concours du barreau et a été juge auprès du tribunal de première instance du Kef, puis à la cour d’appel de Tunis, avant de subir plusieurs mutations à caractère punitif, à commencer par Sidi Bouzid, puis Kasserine et aussi Le Kef. Il était à la direction organisationnelle du parti Baath arabe socialiste en Tunisie et ensuite chargé de l’organisation secrète du même parti en Tunisie. Il a démissionné de sa profession de juge pour s’installer à Kasserine en tant qu’avocat. Il a rejoint le PDP où il a été membre pendant les 3 premières années et a organisé plusieurs manifestations à Kasserine lors de la guerre du Liban, les évènements de Gaza et durant la révolution Tunisienne.",,,,من مواليد 07 أفريل 1955، زاول تعليمه الابتدائي بالقصرين ثمّ الثّانوي بالمعهد الفنّي ومعهد الفتيات بالقصرين في إختصاص علوم تقنية. سافر إلى بغداد سنة 1974 أين تحصّل على الباكالوريا في إعداديّة الأعظميّة ثمّ منها إجازة في القانون السّياسي وعاد إلى تونس. حضر دروس الكفاءة لمهنة المحاماة وإجتاز مناظرة القضاء. كان قاضيا بالمحكمة الإبتدائيّة بالكاف ثمّ بمحكمة الإستئناف بتونس. تعرّض إلى عقوبات تأديبيّة (نقل تعسّفيّة) عقب ثورة الخبز فنقل إلى المحكمة الإبتدائيّة بسيدي بوزيد ثمّ إلى القصرين ثم تمّت نقلته إلى المحكمة العقاريّة بالكاف أين باشر لسنتين. كان بالقيادة التّنظيميّة لحزب البعث العربي الإشتراكي ثمّ كان مكلّفا بالتّنظيم السرّي للحزب في القطر التّونسي. إستقال من القضاء وامتهن المحاماة لاحقا. إنخرط في الحزب الدّيمقراطي التّقدّمي و بقي 3 سنوات كعضو قاعدي حيث نظّم عدّة مسيرات خلال حرب لبنان وأحداث غزّة ثمّ خلال الثّورة التّونسيّة.,,2011-11-22,1
TNP-00510,محمد سعيدي,Mohamed Saidi,,,,,محمد سعيدي,male,1945-09-23,day,Beja,TN-31,,,,,,"Amendements sur la constitution Mohamed Saidi est né le 23 Septembre 1945 à Beja. Il a effectué ses étudaires primaire à l'école franco-arabe de Beja et ensuite ses études secondaires au lycée de Beja où il a obtenu son baccalauréat en Lettres en 1964. Il a travaillé comme professeur d'enseignement général au bureau de réhabilitation et d'emploi de Radès entre 1967 et 1971. Il a aussi travaillé comme rédacteur du bureau de réhabilitation et d'emploi. En 1981, il a rejoint l'Union Générale Tunisienne du Travail et est devenu le Secrétaire Général de la section de Beja en 1985 mais a été arrêté lors de la grève de Août et emprisonné pendant 9 mois. Il a été libéré lors de l'amnistie lagislative des syndicalistes. Mohamed Saidi était actif au sein du mouvement de la tendance islamique à côté de son engagement syndical.",,,,ولد محمد سعيدي في 23/09/1945 بباجة. درس سعيدي بالمدرسة الإبتدائية الفرنكو-عربية بباجة ثم بالمعهد الثانوي بباجة حيث تحصل على شهادة البكالوريا في الآداب سنة 1964 ثم عمل كأستاذ تعليم عام بمكتب التأهيل و التشغيل برادس و ذلك من سنة 1967 إلى 1971. عمل محمد سعيدي كمحرر مكتب التأهيل و التشغيل. في سنة 1981 إنضم إلى الإتحاد العام التونسي للشغل وفي سنة 1985 أصبح كاتب عام الاتحاد الجهوي بباجة ولكن تم إيقافه في إضراب أوت وحبسه لمدة 9 أشهر وأفرج عنه بعد العفو التشريعي الخاص بالنقابيين. كما كان محمد سعيدي ناشط في حركة الاتجاه الاسلامي إلى جانب عمله النقابي.,,2011-11-22,1
TNP-00511,محمد بن المبروك الحامدي,Mohamed Ben Mabrouk Hamdi,,,,,محمد بن مبروك حامدي,male,1971-01-26,day,Hassi Amor,,,,,,,"Amendements sur la constitution Né le 26 janvier 1971 à Hassi Amor, dans le rif de Médenine, il entame sa scolarité à l’école du village et poursuit ses études au lycée 2-May 1966 de Médenine, où il obtient son baccalauréat section Lettres en 1989. Il intègre par la suite la Faculté des Sciences Humaines et Sociales de Tunis pour poursuivre ses études de philosophie. Muni d’une maîtrise (1993), il retourne à son lycée du 2-May, cette fois-ci en tant que professeur de philosophie (1998). Il commence son parcours militant au lycée et à l’université, où il découvre déjà l’action, à coups de grèves et de manifestations. Mais c’est au sein du mouvement syndical qu’il s’investit amplement. Il commence au syndicat de base du lycée et des autres établissements avoisinants où il sera affecté, puis celui de l’enseignement secondaire de la région de Médenine avant que ses collègues le portent au syndicat national. El Hamdi s’engage en politique en ralliant avec le Parti Démocrate Progressiste (PDP) et contribue à son implantation au Sud. Dés 2006, il est hissé au bureau politique et accède, au lendemain de la révolution, en 2011, au bureau exécutif du PDP. Désigné et élu tête de liste dans sa circonscription de Médenine, il obtient un siège à l’Assemblée Nationale Constituante et devient président du bloc démocratique. Le 8 novembre 2012, il forme avec les dissidents du PDP et un front de personnalités et de partis l’Alliance Démocratique. Au sein de l’Alliance, Mohamed El Hamdi est coordinateur général.",,,,"ولد محمد الحامدي في 26 جانفي 1971 ببلدة حاسي عمر بمدنين وزاول تعليمه الإبتدائي بنفس البلدة. درس بمعهد 2 ماي 1966 بمدنين أين تحصل على شهادة الباكالوريا شعبة آداب سنة 1989. إلتحق بكلية العلوم الانسانية والإجتماعية 9 أفريل بتونس ليتخرج كأستاذ في الفلسفة سنة 1993 غير أنه لم يتمكن من ممارسة مهنة التدريس إلا في 1998. بدأ محمد الحامدي ممارسة النشاط السياسي من أيام الحركة التلمذية و الحراك الجامعي لإلتحق فيما بعد بالعمل النقابي حيث تدرج في مساره النقابي من عضو إلى كاتب عام النقابة الأساسية للأساتذة ثم كاتب عام النقابة الجهوية بمدنين قبل أن يصبح عضواً في النقابة الوطنية للأساتذة. إنضم للحزب الديمقراطي التقدمي في 2001 مع مجموعة من المناضلين في جهة مدنين وأنشؤوا جامعة من أنشط جامعات الحزب في الجنوب الشرقي. إثر مؤتمر الحزب الديمقراطي التقدمي سنة 2006 أصبح محمد الحامدي عضوا في المكتب السياسي وبعد الثورة (2011) أصبح عضواً في الهيئة التنفيذية، أعلى طوابق القيادة في الحزب. ترشح الحامدي كرئيس قائمة عن الحزب الديمقراطي التقدمي بمدنين في إنتخابات 23 أكتوبر 2011. وترأس منذ إنتخابه عضواً بالمجلس الوطني التأسيسي الكتلة الديمقراطية. كثرة الإختلافات التنظيمية والسياسية أفضت إلى انفصاله مع مجموعة من المناضلين عن الحزب الديمقراطي التقدمي في 9 أفريل 2012 وشكلوا آنذاك التيار الإصلاحي في الحزب الديمقراطي التقدمي. في 8 نوفمبر 2012, تم تأسيس حزب التحالف الديمقراطي الذي يجمع التيار الإصلاحي الديمقراطي التقدمي وحزب الإصلاح والتنمية ومجموعة من الشخصيات الوطنية، ويشغل محمد الحامدي خطة منسق عام الحزب.",,2011-11-22,1
TNP-00512,محمود الماي,Mahmoud El May,,,,,محمود ماي,male,,,,,,,,,,"Amendements sur la constitution Né à Tunis en 1958, résidant en France, Mahmoud El May est membre de l’Assemblée Nationale Constituante, élu du PDP (Parti Démocrate Progressiste), à la tête de la liste France sud. Fils de diplomate, Mahmoud El May a vécu dans plusieurs pays d’Europe et de Moyen Orient, ce qui lui a permit d’expérimenter et d’apprécier plusieurs régimes politiques. Au lendemain du 14 Janvier, cet ingénieur de 50 ans a ressenti la nécessité de s’engager politiquement avec l’objectif de faire partie de l’Assemblée Constituante qui représente le premier pas dans l’instauration d’une vraie démocratie en Tunisie. Pour lui, les tunisiens de France devaient être représentés dans toutes les futures instances du Pays. Convaincu que les binationaux doivent avoir le droit de se présenter à la fonction suprême, droit qui ne leur est pas accordé jusqu’à ce jour, Mahmoud El May s’est fixé l’objectif de faire porter la voix des tunisiens de l’étranger. Selon lui, il ne doit pas y avoir de différences entre Tunisiens et Tunisiens et c’est ce combat qu’il envisage de livrer au sein de l’Assemblée Constituante. Depuis le démarrage des travaux de l’Assemblée en Novembre 2011, il partage son temps entre les séances parlementaires à Tunis et les rencontres avec ses administrés dans sa circonscription, reléguant ses activités professionnelles au 3",,,,ولد محمود الماي بتونس سنة 1958 وهو يقيم بفرنسا وعضو بالمجلس الوطني التأسيسي إثر ترشحه للإنتخابات على رأس قائمة الحزب الديمقراطي التقدمي بدائرة جنوب فرنسا. ابن لدبلوماسي، عاش محمود الماي في العديد من البلدان في أوروبا والشرق الأوسط، مما سمح له من تجربة العديد من الأنظمة السياسية. إثر 14 جانفي 2011، رأى هذا المهندس البالغ من العمر 50 سنة ضرورة الانخراط في العملية السياسية بهدف أن يكون جزء ا من المجلس الوطني التأسيسي والذي يمثل الخطوة الأولى في إنشاء ديمقراطية حقيقية في تونس. بالنسبة له، يجب تمثيل التونسيين المقيمين بفرنسا في جميع الهيئات المستقبلية للبلاد، واقتناعا منه من أنه لا بد أن يكون لثنائي الجنسية الحق في التقدم للوظائف العليا وهو حق لم يتم الإعتراف به إلى يومنا هذا، قرر محمود الماي اتخاذ مهمة إيصال صوت التونسيين المقيمين بالخارج. حسب رأيه، ينبغي أن لا يكون هناك اختلاف بين التونسيين وهذه هي معركته داخل المجلس الوطني التأسيسي. منذ ابتداء أشغال المجلس في نوفمبر 2011، يقسم محمود الماي وقته بين الجلسات البرلمانية بتونس واللقاء ات مع المواطنين في دائرته، تاركا أنشطته المهنية في المرتبة الثالثة.,,2011-11-22,1
TNP-00513,محمد الصغير,Mohamed Essghaier,,,,,محمد صغير,male,1947-12-19,day,Tataouine,TN-83,,,marié,3,ar,"Amendements sur la constitution Né le 19 Décembre 1947 à Tataouine, il a fait ses études primaires à Tataouine, puis secondaires à Gabès et a obtenu son baccalauréat en 1968. Il a ensuite intégré la Faculté des Sciences en 1971 avant de partir à la Faculté des Sciences de Paris VI en 1974 où il a atteint le niveau de maitrise sans l’obtention du diplôme. Il est devenu professeur de physique - chimie à Tataouine jusqu’à 1985, il était ensuite, de 1985 jusqu’à 1990, au lycée de jeunes filles de Monastir pour cause d’éloignement, pour atterrir en 1990 à Metouia et retourner enfin à Tataouine entre 1990 et 1991. Il rejoint le mouvement islamiste vers la fin des années 70. En 1987, son arrestation à Monastir a duré 2 mois, d’Octobre jusqu’à Décembre. En 1991, son arrestation cette fois-ci à Tataouine, a duré 7 ans et 3 mois avec une torture continue pour sa supervision des activités du mouvement islamiste à Tataouine. Il a été libéré le 09 Décembre 1998. Parmi ses activités politiques, il était le Secrétaire Général du syndicat de l’enseignement secondaire à Tataouine et membre du syndicat régional de Monastir. Marié et père de 3 enfants, il maitrise la langue arabe et française.",,,,ولد في 19 ديسمبر 1947 بتطاوين. زاول تعليمه الإبتدائي بتطاوين ثم الثانوي بڨابس ليتحصل على شهادة البكالوريا سنة 1968. التحق بكلية العلوم سنة 1971 قبل الإتجاه نحو كلية العلوم بباريس 6 سنة 1974 حيث وصل إلى مستوى الأستاذية دون التحصل على الشهادة. أصبح أستاذ فيزياء ـ كيمياء بتطاوين إلى حد سنة 1985 و بمعهد الفتيات بالمنستير من 1985 إلى 1990 بنية إبعاده إلى أن وصل للمطوية سنة 1990 ثم عاد إلى تطاوين بين 1990 و 1991. إلتحق بالحركة الإسلامية في أواخر السبعينات. تم إيقافه سنة 1987 بالمنستير لمدة شهرين، من أكتوبر إلى حدود ديسمبر اما سنة 1990 دام إيقافه بتطاوين مدة 7 سنوات و 3 أشهر بممارسة التعذيب المتواصل، و ذلك لإشرافه على نشاط الحركة الإسلامية بتطاوين. تم إطلاق سراحه يوم 09 ديسمبر 1998. من بين أنشطته السياسية: كاتب عام لنقابة التعليم الثانوي بتطاوين و عضو بالنقابة الجهوية بالمنستير. متزوج، أب لثلاثة أبناء. يتقن العربية و الفرنسية.,,2011-11-22,1
TNP-00514,محمد قحبيش,Mohamed Gahbich,,,,,محمد قحبيش,male,1956-07-09,day,,,,,,,,"Amendements sur la constitution Né le 09 Juillet 1956, il a effectué ses études secondaires au lycée de Garçons de Sousse. Il a poursuivi ses études supérieures à la Faculté de droit et des sciences politiques de Sousse. Il est avocat et fait partie de l’alliance démocratique à Sousse.",,,,ولد محمد قحبيش في 9 جويلية 1956. زاول تعليمه الثانوي بالمدرسة الثانوية للفتيان بسوسة والتحق بعد ذلك بكلية القانون و العلوم السياسية بسوسة. هو محام وينتمي للتحالف الديمقراطي بسوسة.,,2011-11-22,1
TNP-00515,محمد كحيلة,Mohamed Nejib Khila,,,,,محمد كحيله,male,,,,,,,,,,"Amendements sur la constitution Né à Gafsa, Mohamed Nejib Khila a obtenu sa licence en psychologie en 1984. Il a longtemps travaillé dans le domaine de la formation et la supervision dans l’enseignement primaire et a ensuite rejoint l’enseignement secondaire. Il était le candidat du Parti Démocrate Progressiste à Gafsa en tête de liste.",,,,محمّد نجيب كحيلة مولود بقفصة ومتحصّل على الإجازة في علم النّفس سنة 1984. عمل فترة طويلة في مجال التّكوين والإشراف في التّعليم الإبتدائي داخل تونس و خارجها، ثمّ التحق بالتّدريس في التّعليم الثّانوي. مرشّح عن الحزب الدّيمقراطي التّقدّمي بقفصة و رئيس القائمة.,,2011-11-22,1
TNP-00516,محمد بن يوسف الحامدي,Mohamed Ben Youssef Hamdi,,,,,محمد بن يوسف حامدي,male,1954-10-01,day,Sidi Bouzid,TN-43,,,,,,"Amendements sur la constitution Né le 1er Octobre 1954 à Sidi Bouzid, il a effectué ses études primaires à l'école d'El-Houemed et ses études secondaires à Gafsa où il a aussi rejoint l'institut supérieur de formation des maitres pour ensuite intégrer l'école nationale de l'administration. Il se retrouve finalement à Sidi Bouzid en tant que directeur d'une école primaire à El-Houemed avant de devenir membre de l'Assemblée Nationale Constituante.",,,,ولد محمد بن يوسف الحامدي في غرة أكتوبر 1954 بولاية سيدي بوزيد ودرس بالمدرسة الابتدائية بالحوامد ثم المعهد الثانوي بقفصة وفي قفصة كذلك التحق بمدرسة ترشيح المعلمين ثم المدرسة القومية للإدارة لينتهي به المطاف بسيدي بوزيد من جديد كمدير المدرسة الابتدائية بالحوامد قبل ان يصبح عضو بالمجلس الوطني التأسيسي.,,2011-11-22,1
TNP-00517,محمد شفيق زرقين,Mohamed Chafik Zorkin,,,,,محمد شفيق زرقين,male,,,,,,,,,,Amendements sur la constitution Mohamed Chafik Zorkin est né le 10/05/1974 à Tozeur. Il a suivi ses études primaires à l’école 2 Mars à Nafta et ses études secondaires au lycée de Nafta. Il a poursuivi ses études supérieures à la Faculté de Droit au campus El Manar pendant 3 ans. Il a ensuite interrompu ses études pour devenir un employé dans le service juridique de l’office de traitement des eaux. Mohamed Chafik n’avait pas d’activités politiques avant la révolution mais il était actif au sein de la société civile.,,,,ولد محمد شفيق زرقين في 10/05/1974 بتوزر. درس بالمدرسة الابتدائية 2 مارس بنفطة ثم بالمعهد الثانوي بنفطة ليلتحق بعد ذلك بكلية الحقوق بالمركب الجامعي بالمنار بتونس لمدة 3 سنوات ثم إنقطع بعد ذلك عن الدراسة و عمل كموظف بالمصلحة القانونية بديوان التطهير. لم يكن لمحمد شفيق زرقين أي نشاط سياسي ولك كان له نشاط جمعياتي. يتقن اللغتين العربية و الفرنسية . متزوج و رب عائلة.,,2011-11-22,1
TNP-00518,محمد عبد المنعم كرير,Mohamed Abdelmonem Krir,,,,,محمد عبد منعم كرير,unknown,,,,,,,,,,Amendements sur la constitution Cet élu refuse de nous donner sa biographie.,,,,هذا النائب رفض مدنا بسيرته الذاتية.,,2011-11-22,1
TNP-00519,محمد علي نصري,Mohamed Ali Nasri,,,,,محمد علي نصري,male,1964-03-16,day,Kasserine,TN-42,,,,,,"Amendements sur la constitution Né le 16 Mars 1964 à Kasserine, Mohamed Ali Nasri n'a effectué de son parcours universitaire que deux ans d'études de langue arabe. Néanmoins, il a travaillé dans le secteur de l'enseignement comme maitre d'application puis comme maitre. Il s'est présenté aux élections de l'Assemblée Nationale Constituante sur la circonscription de Kasserine à travers le Congrès Pour la République mais il a dernièrement démissionné de ce parti et a annoncé son adhésion au parti de l'Appel de la Tunisie (Nidaa Tounes).",,,,ولد محمد علي نصري في 16 مارس 1964 بولاية القصرين. بالرغم من أن محمد علي نصري لم يزاول من تعليمه الجامعي سوى سنتين في دراسة اللغة العربية إلا أنه اشتغل في مجال التعليم كمعلم تطبيق ثم كمعلم. ترشح محمد علي نصري من خلال المؤتمر من أجل الجمهورية بدائرة القصرين ولكنه مؤخرا انشق عن الحزب وأعلن انضمامه إلى حزب نداء تونس.,,2011-11-22,1
TNP-00520,محمد لطفي بن مصباح,Mohamed Lotfi Ben Mesbah,,,,,محمد لطفي بن مصباح,male,1948-10-21,day,Tunis,TN-11,,,marié,4,ar,"Amendements sur la constitution Né le 21 Octobre 1948 à Tunis, il a fait ses études à l’école française de Radès (1959 – 1960) pour ensuite intégrer Al Alawiya de 1960 jusqu’à 1966. Il se retrouve après au lycée de garçons de Sousse où il a obtenu son baccalauréat en 1968. Il poursuit des études supérieures en médecine à Toulouse de 1969 jusqu’à 1976. Il effectue son stage à l’hôpital d’El Oueslateya de 1978 jusqu’à 1981 et a travaillé à Essouassi de 1981 jusqu’à 1985, pour finalement ouvrir sa propre clinique de dialyse en 1985. Marié et père de 4 enfants, il maitrise la langue arabe, française et anglaise.",,,,ولد في 21 أكتوبر 1948 بتونس و زاول تعليمه بالمدرسة الفرنسية برادس (1959 ـ 1960) ليلتحق بعد ذلك بالعلوية من 1960 إلى حدود 1966. اتجه بعد ذلك إلى معهد الفتيان بسوسة حيث تحصل على شهادة الباكالوريا سنة 1968. تابع تعليمه العالي في الطب بمدينة تولوز الفرنسية من 1969 إلى 1976 و قام بالتدرب بمستشفى الوسلاتية من 1978 إلى 1981 ثم اشتغل بالسواسي من 1981 إلى غاية 1985 و أخيرا أنشأ مصحته الخاصة في الغسيل الكلوي سنة 1985. يتقن اللغة العربية و الفرنسية و الإنجليزية.,,2011-11-22,1
TNP-00521,محمد نجيب الحسني,Mohamed Nejib Hosni,,,,,محمد نجيب حسني,male,,,,,,,,,,"Amendements sur la constitution Né le 25 Janvier 1954 au Kef, il a fait ses études primaires et secondaires au Kef pour ensuite intégrer la Faculté de Droit à Tunis. Il a travaillé au départ comme gestionnaire public de la santé publique pour intégrer ensuite l'ordre des magistrats entre 1980 et 1983. Son adhésion et ses activités au sein de l'association des jeunes magistrats ainsi que sa participation à l'organisation du premier congrès des magistrats lui ont causé des tiraillements avec le pouvoir qui l'ont poussé à démissionner de la magistrature pour intégrer l'ordre des avocats. Il a plaidé dans plusieurs procès politiques gratuitement et a formé avec, entre autres, Moncef Marzouki, Sihem Ben Sedrine et Omar Mestiri le conseil national pour les libertés en Tunisie, ce qui lui a coûté une étroite surveillance de la sécurité politique pendant 9 ans. Il a été emprisonné pendant l'ère de Ben Ali en 1994 pendant 2 ans et demi et en 2000 pendant 6 mois. Il s'est présenté aux élections de l'Assemblée Nationale Constituante avec la liste indépendante l'espoir, dans la circonscription du Kef. Il souhaite mettre en place un État démocratique moderne qui respecte son identité et sanctifie sa religion et estime que l'adoption de la religion en tant que source de la législation n'est pas incompatible avec les valeurs humaines universelles.",,,,ولد في 25 جانفي 1954 بالكاف. زاول تعليمه الإبتدائي و الثانوي بالكاف ثم بكلية الحقوق بتونس4. بعد تخرجه سنة 1979 إشتغل أولا كمتصرف عمومي للصحة العمومية ثم إلتحق بسلك القضاة في الفترة المتراوحة بين 1980 و 1983. إنخراطه و تحركاته مع جمعية القضاة الشبان و مشاركته في تنظيم أول مؤتمر للقضاة، أدت إلى صراعات مع السلطة دفعته إلى الإستقالة من القضاء و الإلتحاق بالمحاماة. رافع في عدة محاكمات سياسية مجانيا، أسس مع كل من المنصف المرزوقي، سهام بن سدرين و عمر المستيري، المجلس الوطني للحريات مما كلفه مراقبة لصيقة من الأمن السياسي لمدة 9 سنوات. سجن في عهد بن علي سنة 1994 لمدة سنتين ونصف ثم سنة 2000 لمدة ستة أشهر. ترشح للمجلس التأسيسي بالقائمة المستقلة الأمل دائرة الكاف. يتمنى تأسيس دولة ديموقراطية حديثة تحترم هويتها و تقدس دينها و يرى أن إعتماد الدين كمصدر تشريعي لا يتنافى مع القيم الإنسانية الكونية. متزوج، أب لخمسة أبناء. يتقن العربية، الفرنسية و الإنقليزية.,,2011-11-22,1
TNP-00522,محمد نزار قاسم,Mohamed Nizar Kacem,,,,,محمد نزار قاسم,male,1953-04-08,day,Sousse,TN-51,,,,,,"Amendements sur la constitution Mohamed Nizar Kacem est né le 08 Avril 1953 à Sousse. Il a effectué ses études primaires à l'école de Megrine Supérieure et a ensuite poursuivi ses études secondaires à Radès, puis, au lycée Alaoui où il a obtenu son baccalauréat en 1971. Il a intégré par la suite l'université de droit à Alger où il a obtenu sa licence en droit en 1975. Il est parti en France pour poursuivre son troisième cycle et a étudié à la Faculté de Droit de Lille où il a obtenu son doctorat en 1977. A son retour en Tunisie, il a rejoint la profession d'avocat. Concernant ses activités politiques, Mohamed Nizar Kacem adhérait à l'Union Démocratique Unioniste jusqu'à 2010.",,,,ولد محمد نزار قاسم في 08/04/1953 بولاية سوسة. درس محمد نزار قاسم بالمدرسة الإبتدائية مقرين العليا ثم تابع دراسته بالمعهد الثانوي برادس ثم بالمعهد العلوي حيث تحصل على شهادة البكالوريا سنة 1971 ليلتحق بعد ذلك بجامعة الحقوق بالجزائر العاصمة حيث تحصل على الإجازة في الحقوق سنة 1975. تابع محمد نزار قاسم المرحلة الثالثة من دراسته بفرنسا ودرس بكلية الحقوق بليل حيث تحصل على الدكتوراة سنة 1977.عند عودته إلى تونس إلتحق بسلك المحاماة. بالنسبة لنشاطه السياسي إلتحق بالإتحاد الديمقراطي الوحدوي الى حدود سنة 2010.,,2011-11-22,1
TNP-00523,محمود قويعة,Mahmoud Gouiaa,,,,,محمود قويعه,male,,,,,,,,,,"Amendements sur la constitution Mahmoud Guia est né le 18/08/1965 à Kairouan. Il a effectué ses études secondaires au lycée de Kairouan et a eu son Baccalauréat en 1985. Il a suivi ses études universitaires en sciences islamiques et a obtenu un diplôme d’études approfondies en 1990. Il a été emprisonné de 1991 à 1996, période durant laquelle il a suspendu ses études. En 2012, il a repris ses études et a obtenu un Master en sciences islamiques la même année. Mahmoud Gouiaa a occupé le poste de Secrétaire général de l'organisation de l’Union Générale des Etudiants Tunisiens ainsi que membre du Bureau exécutif de l’Union générale des Etudiants Tunisiens.",,أستاذ تعليم ثانوي,,ولد محمود قويعة في 18/08/1965 بمدينة القيروان. تحصل على شهادة الباكلوريا في سنة 1985 بعد ذلك تابع دراسته للعلوم الاسلامية حيث تحصل على الاستاذية في العلوم الاسلامية سنة 1990. تم سجنه سنة 1991 الى حدود سنة 1996 وإنقطع خلال تلك الفترة عن الدراسة ولكنه واصل سنة 2012 وتحصل على الماجستير في العلوم الإسلامية في نفس السنة. شغل محمود قويعة منصب كاتب عام الهيئة المؤسسة للاتحاد العام القومي للطلبة وكذلك عضو المكتب التنفيذي للاتحاد العام القومي للطلبة.,,2011-11-22,2
TNP-00524,محمود البارودي,Mahmoud Baroudi,,,,,محمود بارودي,male,,,,,,,,,,"Amendements sur la constitution Né le 13/01/1981, Mahmoud Baroudi habite à Grombalia. Il est né dans une famille militante : Son père était engagé dans le mouvement Ennahda et a passé 7 ans en prison après être parti en exil. Après le Bac, Mahmoud Baroudi part en France où il obtient une licence d’éco-gestion, entreprend des études de finances et de sociologie politique – en particulier une thèse qui n’est pas encore achevée à l’EHESS. De retour en Tunisie, il travaille comme analyste financier puis est limogé - pour raisons politiques – et reste trois ans sans emploi et sans passeport. Il a commencé à militer en fréquentant l’UNEF et le PCF à Paris, puis avec le CPR auquel il appartient de 2002 à 2005 en Tunisie. Il adhère ensuite au PDP sur la liste duquel il est élu le 23 octobre 2011. Il défend les valeurs des droits de l’homme dans le cadre d’une démocratie libérale. Il s’exprime en faveur d’un Etat fort et se reconnaît dans les valeurs d’une Tunisie ouverte, libre et souveraine, articulée autour d’un islam modéré.",,,,"ولد محمود البارودي في 13 افريل 1981 ويقطن بڨرنبالية. ترعرع داخل عائلة مناضلة إذ كان والده منضما لحركة النهضة وقضى 7سنوات بالسجن بعد أن ذهب إلى المنفى. بعد تحصله على الباكالوريا، غادر إلى فرنسا حيث تحصل على إجازة في الإقتصاد والتصرف وقام بدراسات في المالية وعلم الاجتماع السياسي لاسيما أطروحة لم يقدمها بعد بمدرسة الدراسات العليا في العلوم الإجتماعية. إثر عودته إلى تونس، اشتغل كمحلل مالي ثم تمت إقالته لأسباب سياسية وظل عاطلا عن العمل وبدون جواز سفر لمدة 3 سنوات. ابتدأ في النضال أثناء احتكاكه بـ"""" و """" بباريس ثم انضم إلى المؤتمر من أجل الجمهورية من 2002 إلى 2005 بتونس. التحق فيما بعد بالحزب الديمقراطي التقدمي على القائمة التي انتخب على أساسها في 23 أكتوبر 2011. يدافع على مبادئ حقوق الإنسان في إطار ديمقراطية ليبرالية. يؤيد كذلك فكرة الدولة القوية ويمتثل لفكرة أن تونس منفتحة وحرة وذات سيادة متمحورة حول إسلام معتدل.",,2011-11-22,1
TNP-00525,مراد العمدوني,Mourad Amdouni,,,,,مراد عمدوني,male,,,,,,,,,,"Amendements sur la constitution Mourad Amdouni est né le 8 Avril 1969 Il a effectué ses études de base au collège de Cité El Habib, puis ses études secondaires au lycée Hedi Chaker. Il a, par la suite, rejoint la faculté de lettres de Kairouan, et est actuellement professeur principal de philosophie au lycée Ibn Sina à Menzel Bourguiba. Il est membre du syndicat de l’enseignement secondaire de Menzel Bourguiba, il est aussi poète et écrivain, auteur de 8 livres et de plusieurs publications dans la presse arabe. Mourad Amdouni est aussi le directeur et fondateur du forum Inana ( ) et du magazine électronique Inana. Ancien membre du comité de direction de l’union des écrivains tunisiens et ancien rédacteur en chef du magazine Al Massar, il est membre du mouvement de la poésie du Chili et de l’union des écrivains arabes. Il a fondé plusieurs clubs littéraires et a participé à différents colloques littéraires, en Tunisie et dans d’autres pays (Irak, Syrie, Libye, Algérie, Jordanie). Ses textes ont été enseignés à l’université de Bagdad et dans des universités algériennes. Il lui a été décerné le prix maghrébin de la poésie en 1999 et le titre de « poète de 2008 » par Poètes Sans Frontières, ainsi que plusieurs prix nationaux. Il a démissionné de son parti ""Mouvement du peuple"" avec feu Mohamed Brahmi et ont fondé ensemble le Courant Populaire le 07 Juillet 2013.",,,,"مراد العمدوني من مواليد 8 أفريل 1969. زاول دراسته الثانوية المدرسة الاعدادية بحي الحبيب ثم المعهد الثانوي الهادي شاكر. التحق بكلية الأدب بالقيروان متحصل على الأستاذية في الفلسفة يشتغل بالتدريس برتبة أستاذ أول بالمعهد الثانوي إبن سينا بمنزل بورقيبة. وهو كذلك عضو النقابة الأساسية للتعليم الثانوي بمنزل بورقيبة. هو شاعر وكاتب أصدر 8 كتب ونشر في اغلب الجرائد والمجلات العربية هو المدير المؤسس لمنتدى إنانا الأدبي www.inanasite.net و لمجلة انانا الالكترونية. عضو سابق في الهيئة المديرة لاتحاد الكتاب التونسيين و رئيس تحرير سابق لمجلة المسار. عضو حركة الشعر في الشيلي و عضو اتحاد الأدباء العرب. أسس العديد من النوادي الأدبية وأشرف على تسييرها. شارك في العديد من الملتقيات الأدبية في تونس وخارجها ( العراق ، سوريا ، ليبيا ، الجزائر ، الأردن...) و درّست نصوصه في جامعة بغداد وجامعات جزائرية. حاز على :الجائزة المغاربية للشعر 1999 بالجزائر و لقب شاعر 2008 عن تجمع شعراء بلا حدود و العديد من الجوائز الوطنية. أوهام الطين "" عن الأطلسية للنشر ـ تونس1998 كتاب الانفلاتات "" – تونس 2008 ( بالاشتراك) قطاف ريح مخفية – 2008 ( اصدار الكتروني / بالاشتراك) سيرة قمر يختبئ في قصيدة – 2008 ( كتاب الكتروني) رفقة الحاج محمد البراهمي إستقالا من حركة الشعب و أسسا التيار الشعبي يوم 07 جويلية 2013.",,2011-11-22,1
TNP-00526,مصطفى بن جعفر,Mustapha Ben Jaafar,,,,,مصطفي بن جعفر,male,1940-12-08,day,Tunis,TN-11,,,marié,,,"Amendements sur la constitution Né le 8 décembre 1940 à Tunis, Mustapha Ben Jaafer est un homme politique et médecin tunisien. Secrétaire général du Forum Démocratique pour le Travail et les Libertés (Ettakatol) depuis sa création en 1994, il occupe la fonction de président de l'Assemblée Nationale Constituante depuis le 22 novembre 2011. Orphelin de père à cinq ans, ce sont ses cousins, qui militent au sein du Néo-Destour, qui l'initient à la cause nationaliste. Après des études secondaires au Collège Sadiki, de 1950 à 1956, il rejoint quelques années plus tard le Néo-Destour, parti au pouvoir. Il milite également au sein de l'Union Générale des Etudiants de Tunisie alors qu'il étudie la médecine en France et ce jusqu'en 1968. En 1978, il occupe le poste de professeur à la faculté de médecine de Tunis, tout en étant chef du service de radiologie à l'Institut Salah-Azaïz puis au CHU La Rabta à Tunis dès 1981. C'est dans ce contexte qu'il fonde le syndicat des médecins hospitalo-universitaires en 1977. Pour des raisons politiques, il est muté dans un service de gynécologie où il occupe pendant cinq ans un petit bureau exigu, sans téléphone, sans secrétariat et sans aucune équipe de soutien. Choqué par le limogeage du ministre Ahmed Ben Salah en 1969 puis par l'échec du congrès du parti au pouvoir (devenu entre temps le Parti socialiste destourien) en 1970, Ben Jaafar rentré de France contacte des dissidents du parti, réunis autour d'Ahmed Mestiri, et participe à la fondation de l'hebdomadaire Erraï (L'Opinion) et du Conseil des libertés en 1976, ancêtre de la Ligue tunisienne des droits de l'homme (LTDH). Membre fondateur du Mouvement des démocrates socialistes en 1978, entré en conflit avec le patron du parti Mohamed Moada, Mustapha Ben Jaafar et d'autres membres du bureau politique sont exclus à l'occasion du congrès organisé en 1992. Vice-président de la LTDH de 1986 à 1994, il fonde son propre parti, le Forum Démocratique pour le Travail et les Libertés (Ettakatol), en 1994 et participe à la création du Conseil national pour les libertés en Tunisie quatre ans plus tard. Après la légalisation du FDTL en 2002, il parvient à organiser le congrès fondateur en 2009, quelques mois avant l'élection présidentielle du 25 octobre 2009 auquel il décide de se présenter. Sa candidature est rejetée le 27 septembre par le Conseil constitutionnel au motif qu'il ne remplit pas la condition selon laquelle un candidat doit être le chef élu de sa formation depuis au moins deux ans. Nommé en Janvier 2011 ministre de la Santé publique dans le gouvernement d'union nationale formé à la suite de la révolution tunisienne, il démissionne le lendemain en signe de protestation contre le maintien d'éléments du parti au pouvoir. Marié à une Française, Mustapha Ben Jaafar est père de trois garçons et d'une fille.",,,,مصطفى بن جعفر ولد عام 1940 بحي باب سويقة بتونس العاصمة. سياسي تونسي وأمين عام حزب التكتل، ورئيس المجلس الوطني التأسيسي منذ 22 نوفمبر 2011. عاش يتيما في عائلة تتركب من خمسة أطفال. ولم يمنعه ذلك من اللحاق بالمدرسة الصادقية فيما بين 1950 و1956. ثم واصل دراسته العليا بفرنسا في الطب، وتخصص في الأشعة، وقد انتمى خلال فترة دراسته إلى الاتحاد العام لطلبة تونس. عاد إلى تونس سنة 1975. ليدرّس بكلية الطب بتونس كما تولى خطة رئيس قسم الأشعة بمستشفى صالح عزيز (1975 - 1980). سياسيا، انتمى منذ نهاية الخمسينات إلى الحزب الحر الدستوري الجديد، ولكنه خرج عنه في السبعينات مع المجموعة التي ستعلن سنة 1978 عن حركة الديمقراطيين الاشتراكيين، والتي كان هو نفسه أحد مؤسسيها. وقد ساهم في تلك الفترة في إصدار جريدة الرأي (1977) وفي الرابطة التونسية للدفاع عن حقوق الإنسان (1978)، وقد تولى فيما بين 1986 و 1994 خطة نائب رئيس لها. كما كان من مؤسسي نقابة أطباء المستشفيات الجامعية سنة 1977. إثر المنعرج الذي سلكته حركة الديمقراطيين الاشتراكيين برئاسة محمد مواعدة سنة 1991، أعلن عن معارضته للتوجه الجديد، فرفت من الحركة سنة 1992. فأسس سنة 1994 التكتل الديمقراطي من أجل العمل والحريات، كما ساهم سنة 1996 في تأسيس المجلس الوطني للحريات بتونس. انتخب رئيساً للمجلس الوطني التأسيسي في 22 نوفمبر 2011 بأغلبية 145 صوتاً مقابل 68 صوتاً لمنافسته مايا جريبي زعيمة الحزب الديمقراطي التقدمي اليساري.,,2011-11-22,1
TNP-00527,معز كمون,Moez Kammoun,,,,,معز كمون,male,1972-05-11,day,Sfax,TN-61,,,,,,"Amendements sur la constitution Né le 11 mai 1972 à Sfax, il a effectué ses études primaires à l’école primaire Route l’Afran à Sfax, puis le lycée secondaire 15 novembre à Sfax où il a obtenu son baccalauréat mathématiques en 1991. Il a intégré par la suite l’école nationale d’ingénierie de Sfax et a obtenu le diplôme de premier ingénieur en étant 1 sur toute la Tunisie. Il a obtenu par la suite le diplôme de génie matériel et de tassement des surfaces en 1997. Il a enchainé avec le doctorat en gestion des déchets, et ce, de 2000 à 2009. Il a enseigné dans plusieurs instituts supérieurs en Tunisie et à l’étranger, dont l’institut supérieur Max Planck en Allemagne et l’école polytechnique de Belgique. Il a donné plusieurs conférences et a publié dans plusieurs revues scientifiques. Il a plusieurs brevets d’inventions, notamment dans le domaine du recyclage des déchets plastiques, et a encadré plusieurs projets de fin d’études en partenariat avec l’INSAT. Il est membre fondateur d’Horizons 20 :20, membre du parti El Amen, et n’avait pas d’activités politiques avant la révolution. Il est aussi membre du parlement euro-méditerranéen et membre fondateur du climate parliament.",,,,من مواليد 11 ماي 1972 بصفاقس، زاول تعليمه الابتدائي بمدرسة طريق الأفران بصفاقس، ثمّ تعليمه الثّانوي بمعهد 15 نوفمبر بصفاقس، أين تحصّل على باكالوريا رياضيّات سنة 1991. درس بعد ذلك بالمدرسة الوطنيّة للمهندسين بصفاقس وتحصّل على شهادة مهندس أوّل وتحصّل على الرّتبة الأولى في تونس. تحصّل بعد ذلك على شهادة مهندس في الموادّ ومعالجة المسطّحات سنة 1997، تحصّل إثر ذلك على شهادة الدّكتوراه في التصرّف في الفضلات، وذلك بألمانيا، أين مكث من 2000 إلى 2009. درّس في العديد من المعاهد العليا التّونسيّة و الأجنبيّة، منها معهد Max Planck بألمانيا و بمعهد polytechnique بلجيكيا، كما ألقى عدّة محاضرات و نشر مقالات في عدّة مجلاّت علميّة. له عدّة براءات اختراع في مجال رسكلة الفضلات البلاستيكيّة و أطّر عدّة مشاريع تخرّج بالتّعاون مع المعهد الوطني للعلوم التّطبيقيّة بتونس. هو عضو مؤسّس لـHorizons 20 :20، و عضو بحزب الأمان. لم يكن له نشاط سياسي قبل الثّورة، وهو عضو بالبرلمان الأورو-متوسّطي و عضو مؤسّس للـclimate parliament.,,2011-11-22,1
TNP-00528,مفيدة مرزوقي,Moufida Marzouki,,,,,مفيده مرزوقي,female,,,,,,,,,,"Amendements sur la constitution Née le 03 Mai 1960 dans la ville de Nasrallah au Kairouan, elle a intégré l'école primaire en 1966, et en terminant cette phase, elle a effectué 3 ans d'études secondaires mais elle a ensuite choisi de se former dans le secteur de l'enseignement. Elle a donc poursuivi ses études secondaires pendant 4 autres années à l'institut supérieur de formation des maitres et a effectué un stage d'un an avant d'être recrutée en 1980. La durée de sa mission en tant que maitresse d'école est estimée à 35 ans. Elle était politiquement active avant la révolution. En effet, elle était membre du mouvement de la tendance islamiste depuis 1981 et ensuite du mouvement Ennahdha avec lequel elle s'est présentée aux élections de l'Assemblée Nationale Constituante.",,,,ولدت مفيدة مرزوقي في 03 ماي 1960 بمدينة نصر الله بالقيروان. التحقت مفيدة في سنة 1966 بالمدرسة الابتدائية و بعد انهائها لتلك المرحلة التحقت لمدة 3 سنوات بالتعليم الثانوي و لكنها بعد ذلك اختارت أن تتكون في مجال التعليم فواصلت تعليمها الثانوي لمدة 4 سنوات أخرى بمدرسة ترشيح المعلمين لتقوم بعد ذلك بسنة تربص قبل أن يتم انتدابها سنة 1980 ودامت فترة عملها كمعلمة بالمدارس الابتدائية لمدة 35 سنة. انخرطت مفيدة مرزوقي من قبل الثورة في العمل السياسي فكانت عضوة في حركة الاتجاه الاسلامي منذ 1981 ومن ثم حركة النضهة التي ترشحت من خلالها لعضوية المجلس الوطني التأسيسي.,,2011-11-22,1
TNP-00529,منى بن نصر,Mouna Ben Nasr,,,,,مني بن نصر,female,,,,,,,mariée,,ar,"Amendements sur la constitution Née le 18/11/1977 à Sousse, elle a effectué ses études primaires à la Cité Ezzouhour à Sousse et ses études secondaires au lycée Cité Erriadh de Sousse. Elle a ensuite poursuivi ses études supérieures à l’Institut Supérieur des Etudes Technologiques de Sousse. Elle a travaillé en tant que fonctionnaire au ministère de l’éducation et n'avait aucune relation avec la politique avant de se présenter aux élections de l'Assemblée Nationale Constituante avec le parti de l'Initiative. Elle est mariée, a deux enfants et maitrise la langue arabe, française et anglaise.",,,,ولدت منى بن نصر في 18/11/1977 بسوسة ودرست بالمدرسة الابتدائية بالزهور بسوسة ثم تابعت التعليم الثانوي في المعهد الثانوي حي الرياض ووصلت بعد ذلك إلى المعهد العالي للدراسات التكنولوجية بسوسة. عملت منى سابقا كموظفة بوزارة التربية ولم يكن لها أي علاقة بالسياسة قبل ترشحها للمجلس الوطني التأسيسي. ترشحت عن حزب المبادرة و هي حاليا عضوة في لجنتي البنية الأساسية والبيئة ولجنة الإصلاح الإداري و مكافحة الفساد.,,2011-11-22,1
TNP-00530,منية إبراهيم,Monia Ibrahim,,,,,منيه ابراهيم,female,1966-01-01,year,Sousse,TN-51,,,,,,"Amendements sur la constitution Née le 23 sep 1966 à Sousse, a obtenu son Baccalauréat lettres en 1986, puis sa maitrise en psychologie en 1990. Elle a été arrêtée en 1994 et condamnée à 1 an et demi de prison mais elle n’en a passé qu’un mois et demi en prison car relâchée pour non-lieu. Néanmoins, elle a subi la surveillance administrative pendant 10 ans jusqu’en 2004. Elle est actuellement membre du bureau exécutif d’Ennahdha depuis après la révolution, elle a aussi été responsable au bureau de la femme et la famille jusqu’en Juillet 2012. Elle est également membre du conseil de la Choura Ennahdha, membre de l’assemblée générale du forum mondial de la femme et la famille, membre de la commission des droits et libertés et membre de la commission de tri.",,,,ولدت في 23 سبتمبر 1966 بسوسة. تحصّلت على الباكالوريا في الآداب سنة 1986 ثمّ تحصّلت على الإجازة في علم النّفس سنة 1990. تمّ إيقافها سنة 1994 و حكم عليها بسنة و نصف سجنا لكن أطلق سراحها بعد شهر و نصف. كانت تحت الرّقابة الإداريّة مدّة 10 سنوات إلى حدود 2004. هي حاليّا عضو المكتب التّنفيذي لحركة النّهضة منذ بعد الثّورة، و كانت مكلّفة بمكتب المرأة و العائلة في حركة النّهضة إلى حدود جويلية 2012. هي أيضا عضو مجلس الشّورى للحركة وعضو الجمعيّة العامّة لمنتدى المرأة و العائلة وعضو هيئة الحقوق و الحرّيات وعضو هيئة الفرز.,,2011-11-22,1
TNP-00531,منية القصري,Monia Gasri,,,,,منيه قصري,female,,,,,,,,,,"Amendements sur la constitution Monia El Gasri est née le 07/10/1970 à Kébili, et a fait ses études primaires entre 1976 et 1982, et a obtenu son baccalauréat en 1990. En 1995, elle devient technicienne en industrie alimentaire. Elle a travaillé dans le laboratoire Opalia puis au laboratoire Rossol en 1997. Monia était aussi assistante en encadrement politique pendant les années d’études secondaires.",,,,ولدت منية قصري 07/10/1970 بقبلي. التحقت منذ 1976 بالتعليم الابتدائي إلى سنة 1982 وفي سنة 1990 تحصلت على شهادة البكالورية. تخرجت سنة 1995 كتقني في الصناعة الغذائية. عملت في البداية بمخبر اوبليا ثم بمخبر روسول الحدود سنة 1997. نشطت منية كمساعدة تأطير سياسي خلال سنوات التعليم الثانوي.,,2011-11-22,1
TNP-00532,منير بن هنية,Mounir Ben Hnia,,,,,منير بن هنيه,male,1968-02-07,day,Moknine,,,,marié,5,,"Amendements sur la constitution Né le 07 février 1968 à Moknine, Mounir Ben Hnia est marié et père de 5 enfants. Titulaire d’un diplôme de technicien supérieur en informatique de gestion à l’institut supérieur de gestion en 1989, et de la maîtrise en informatique de gestion du même institut en 1992, il travaille depuis 1993 comme représentant d’une société. Il était membre de la jeune chambre économique, et de l’association des anciens de la maison de jeunes de Moknine, il était par ailleurs président de la section d’escrime à la jeunesse sportive de Moknine. Il est membre du conseil de direction du centre de formation professionnelle de Moknine, et membre de l’union tunisienne d’industrie, de commerce et d’artisanat.",,,,من مواليد 07 فيفري 1968 بالمكنين وهو متزوّج وأب لخمسة أبناء. متحصّل على شهادة تقني سامي في إعلاميّة التّصرّف من المعهد الأعلى للتّصرّف في 1989، و على الأستاذيّة في إعلاميّة التّصرّف من نفس المعهد سنة 1992، و هو وكيل شركة منذ 1993. كان عضوا بالغرفة الفتيّة الإقتصاديّة و بجمعيّة قدماء دار الشّباب بالمكنين، كما كان رئيس فرع المبارزة بالسّيف بالشّبيبة الرّياضيّة بالمكنين، و هو عضو مجلس إدارة مركز التّكوين المهني بالمكنين، و عضو بالإتّحاد التّونسي للصّناعة و التّجارة و الصّناعات التّقليديّة.,,2011-11-22,1
TNP-00533,منيرة عمري,Mounira Omri,,,,,منيره عمري,female,1973-06-13,day,Kalaat Senan,,,,,,,"Amendements sur la constitution Mounira Omri est née le 13 Juin 1973 à Kalaat Senan, dans le gouvernorat du Kef. Elle a effectué ses études primaires ainsi que ses études secondaires à Kalaat Senan où elle a obtenu son baccalauréat en Lettres en 1992. Elle a intégré par la suite l’Institut de Presse et des Sciences de l’Information où elle a obtenu sa licence en journalisme en 1996 mais elle n’a pas exercé la profession de journaliste et s’est tournée vers l’enseignement secondaire. En effet, elle a enseigné la langue française pendant 15 ans jusqu’à ce qu’elle soit élue à l’Assemblée Nationale Constituante.",,,,ولدت منيرة عمري في 13/06/1973 بقلعة السنان بولاية الكاف. درست بالمدرسة الإبتدائية بقلعة السنان بالكاف وكذلك درست بالمعهد الثانوي بنفس المنطقة حيث تحصلت على شهادة البكالوريا آداب في سنة 1992. التحقت بعد ذلك بمعهد الصحافة وعلوم الأخبار حيث تحصلت على الاجازة في الصحافة وعلوم الأخبار سنة 1996 ولكنها لم تمارس مهنة الصحافة بل ترشحت لتصبح مدرسة تعليم ثانوي ودرست اللغة الفرنسية لمدة 15 سنة الى أن التحقت بالمجلس الوطني التأسيسي.,,2011-11-22,1
TNP-00534,مولدي الزيدي,Mouldi Zidi,,,,,مولدي زيدي,male,1979-03-15,day,Gabès où il a effectué ses études primaires et secondaires,,,,,,,"Amendements sur la constitution Né le 15 Mars 1979 à Gabès où il a effectué ses études primaires et secondaires, il a obtenu en 2007 sa licence en fiscalité de l'Institut Supérieur des Etudes Juridiques de Gabès. Néanmoins, il a préféré travailler dans le secteur agricole. Sa présentation aux élections de l'Assemblée Nationale Constituante sur une liste de la pétitition populaire a été sa première expérience politique. Il a fait défection à son parti et a rejoint brièvement Nidaa Tounes avant de le quitter à son tour.",,,,ولد المولدي الزيدي في 15 مارس 1979 في قابس وزاول تعليمه الابتدائي والثانوي بقابس. تحصل في سنة 2007 على الإجازة الوطنية في الجباية من المعهد العالي للدراسات القانونية بقابس لكنه فضل أن يعمل في مجال الفلاحة. كان أول إحتكاك لمولدي الزيدي بالحياة السياسيية عند ترشحه لعضوية المجلس الوطني التأسيسي عن العريضة الشعبية ولكنه انشق عن الحزب مؤخرا وانضم إلى حزب نداء تونس الذي استقال منه أيضا.,,2011-11-22,1
TNP-00535,مية الجريبي,Maya Jeribi,,,,,ميه جريبي,female,1960-01-29,day,Bou Arada,,,,,,,"Amendements sur la constitution Maya Jribi, née le 29 janvier 1960 à Bou Arada, est une femme politique tunisienne. Elle est biologiste de formation. Son père est originaire de Tataouine et sa mère est Algérienne. Jribi suit ses études à Radès — où elle a habité — puis, de 1979 à 1983, à la faculté des sciences de Sfax où elle milite au sein de l'Union générale des étudiants de Tunisie. Elle adhère à la section sfaxienne de la Ligue tunisienne des droits de l'homme au début des années 1980. Elle collabore également à l'hebdomadaire indépendant Erraï (L'Opinion), puis à Al Mawkif. Au début des années 1980, elle devient membre du groupe d'études sur la condition féminine du Club culturel Tahar Haddad et participe à l'Association tunisienne de lutte contre le cancer. Elle fonde également avec d'autres l'Association de recherches sur les femmes et le développement. De retour à Tunis en 1983, elle participe à la création du Rassemblement socialiste progressiste (RSP) fondé cette même année par l'avocat Ahmed Néjib Chebbi. Le RSP est devenu en 2001 le Parti démocrate progressiste (PDP), l'un des principaux partis de l'opposition tunisienne. En 1986, elle devient l'une des rares femmes membre du bureau politique du parti. De 1986 à 1991, elle est responsable à l'UNICEF des collectes de fonds et de la communication. En 1996, elle devient chargée d'études à l'Institut Laamouri, un bureau d'études et de marketing, où elle devient directrice générale et spécialiste en études qualitatives en 2001. Elle est élue le 25 décembre 2006 à la tête du PDP, succédant ainsi à Chebbi qu'elle présente comme son « compagnon de route ». Elle devient ainsi la première femme à diriger un parti politique tunisien et la deuxième au Maghreb à la tête d'un parti composé majoritairement d'hommes, après l'Algérienne Louisa Hanoune. Jribi et Chebbi suivent du 1er octobre au 20 octobre 2007 une grève de la faim pour protester contre la décision judiciaire prise le 1er octobre d'expulser leur parti des locaux qu'il occupe au centre de Tunis. Le 23 octobre 2011, elle est élue membre de l'assemblée constituante dans la circonscription de Ben Arous. Elle présente sa candidature pour le poste de présidente de l'assemblée constituante le 22 novembre et obtient 68 voix contre 145 à Mustapha Ben Jaafar qui est élu. Suite à l'annonce de la fusion du Parti démocrate progressiste, avec notamment Afek Tounes et le Parti républicain, elle est élue, le 9 avril 2012, comme secrétaire générale de la nouvelle formation dénommée «Parti Républicain» lors du cinquième et dernier congrès du PDP.",,,,"ولدت في 29 جانفي 1960 ببوعرادة. هي سياسية تونسية و الامينة العامة للحزب الديمقراطي التقدمي. والدها أصيل ولاية تطاوين ووالدتها جزائرية. زاولت مية تعليمها برادس حيث كانت تقطن ثم توجهت إلى كلية العلوم بصفاقس (1979 ـ 1983) و ناضلت في صفوف الإتحاد العام لطلبة تونس. انضمت إلى فرع الرابطة التونسية للدفاع عن حقوق الإنسان بصفاقس في أوائل الثمانينات و شاركت أيضا في الجريدة الأسبوعية المستقلة ""الرأي"" و من ثم ""الموقف"". في أوائل الثمانينات، أصبحت عضوا في مجموعة دراسة حول وضع المرأة بالنادي الثقافي الطاهر الحداد وشاركت في الجمعية التونسية لمكافحة السرطان و اسست كذلك صحبة آخرين جمعية بحوث عن المرأة والتنمية. إثر عودتها إلى تونس سنة 1983، شاركت في تأسيس التجمع الإشتراكي التقدمي مع أحمد نجيب الشابي الذي تغير لاحقا ليصبح اسمه الحزب الديمقراطي التقدمي و انضمت إلى مكتبه السياسي سنة 1986 لتكون بذلك من النساء النادرات بمكتب الحزب. كانت مسؤولة في اليونيسف بجمع التبرعات والاتصال من سنة 1986 إلى غاية 1991. في 1996، أصبحت مكلفة بالدراسات بمعهد لعموري وهو مكتب دراسات و تسويق لتتقلد بعد ذلك في 2001 منصب المديرة العامة و المتخصصة في الدراسات النوعية. تم انتخابها سنة 2006 على رأس الحزب الديمقراطي التقدمي خلفا لأحمد نجيب الشابي و أصبحت إثر ذلك أول امرأة تقود حزبا سياسيا في تونس والثانية في المغرب العربي على رأس حزب يتكون أساسا من رجال بعد الجزائرية لويزة حنون. دخلت في إضراب جوع من غرة اكتوبر إلى 20 من نفس الشهر سنة 2007 و ذلك صحبة نجيب الشابي للاحتجاج على قرار المحكمة في 1 أكتوبر بطرد الحزب من المكاتب التي يشغلها في وسط تونس. في 23 أكتوبر 2011 تم انتخابها على دائرة بن عروس في انتخابات المجلس الوطني التأسيسي و ترشحت لرئاسة هذا المجلس في 22 نوفمبر فتحصلت على 68 صوت ضد 145 لصالح مصطفى بن جعفر.أف إثر الإعلان على التحالف بين الحزب الديمقراطي التقدمي و حزب آفاق تونس و الحزب الجمهوري، تم انتخابها في 09 أفريل 2012 كالأمينة العامة للتحالف الجديد الذي سمي ""الحزب الجمهوري"" خلال المؤتمر الخامس و الأخير للحزب الديمقراطي التقدمي.",,2011-11-22,1
TNP-00536,نادية شعبان,Nadia Chaabane,,,,,ناديه شعبان,female,1965-01-18,day,,,,,,,,"Amendements sur la constitution Née le 18 janvier 1965, Nadia Chaabane grandit à Nabeul où elle effectue ses études primaires et secondaires. Elle poursuivra ensuite par une Licence en Lettres Modernes avant de se spécialiser en Sciences du Langage par un Doctorat à Jussieu (Paris). Elle s'engage dans différentes causes dans les années 80 en participant au comité anti-apartheid et à divers mouvements syndicaux étudiants : contre le projet de lois Devaquet (1986), au sujet des droits des étudiants étrangers, etc.. A partir des années 90, elle participe à la lutte contre le racisme et les discriminations (xénophobie et sexisme). Elle milite pour les droits des immigrés en France dont le droit de vote (un-e résident-e, une voix - année 2000) et l'autonomie juridique des femmes migrantes (à partir de l'an 2000). Elle est membre du Conseil National de ""l'Association des Tunisiens de France"" (ATF) avant 2006 puis membre de son Bureau National. Elle participe aux actions bénévoles de l'association. Nadia Chaabane s'investit en outre dans la défense des droits des femmes au sein du ""Collectif National pour les Droits des Femmes"", du collectif ""20 ans Barakat"" (cause des femmes algériennes) et de l'ATF. Elle part en Afghanistan en 2002 avec l'association ""Négar - Soutien aux femmes d'Afghanistan"" et au Nord-Kivu (RDC) avec l'association ""Lysistrata"". Militante de ""l'UGET"" à Paris, elle participe au 18ème congrès extraordinaire (1988) avant d'adhérer au Rassemblement Socialiste Progressiste qu'elle quittera pour désaccord politique. En 2004, elle participe à ""l'Initiative démocratique"" et est porte-parole à Paris de Mohamed Ali Halouani durant la campagne présidentielle. En 2009, elle anime le comité de soutien à Ahmed-Brahim.",,,,"ولدت في 18 جانفي 1965 بنابل أين زاولت تعليمها الإبتدائي و الثانوي لتواصل بعد ذلك تعليمها العالي للحصول على إجازة في الأدب الحديث قبل أن تتخصص في علوم اللغة عبر أطروحة دكتوراه بجيسيو ـ باريس. انخرطت في العديد من القضايا خلال الثمانينات بالإشتراك في اللجنة المناهضة للفصل العنصري و مختلف الحركات النقابية الطلابية كما كان الأمر بالنسبة لمسألة حقوق الطلاب الأجانب. بداية من التسعينات، شاركت في الكفاح ضد العنصرية والتمييز (التفرقة الجنسية و الإكزينوفوبيا). دافعت على حقوق المهاجرين بفرنسا كحق الإنتخاب و الاستقلال القانوني للنساء المهاجرات (منذ سنة 2000). عضوة بالمجلس الوطني لجمعية التونسيين بفرنسا قبل 2006 ثم عضوة في مكتبها الوطني و شاركت في الأنشطة التطوعية للجمعية. انخرطت كذلك في الدفاع عن حقوق المرأة داخل التجمع الوطني لحقوق المرأة و تجمع ""20 سنة بركات"" للمرأة الجزائرية و جمعية التونسيين بفرنسا. ذهبت إلى أفغانستان سنة 2002 مع جمعية ""نيجار ـ دعم المرأة في أفغانستان"" و إلى شمال كيفو (كونغو) مع جمعية ""ليسستراتا"". ناضلت داخل الإتحاد العام لطلبة تونس من باريس و شاركت في مؤتمره الثامن عشر الخارق للعادة قبل الإنضمام إلى التّجمّع الاشتراكي التّقدّمي الذي غادرته بدوره بسبب اختلافات سياسية. شاركت سنة 2004 في المبادرة الديمقراطية و كانت الناطق الرسمي لمحمد علي الحلواني بباريس خلال حملته الرئاسية. سنة 2009، قامت بتنشيط اللجنة المساندة لأحمد ابراهيم.",,2011-11-22,1
TNP-00537,نبيلة العسكري السنوسي,Nabila Askri Snoussi,,,,,نبيله عسكري سنوسي,female,1967-04-07,day,Tunis,TN-11,,,,,,Amendements sur la constitution Nabila Askri est née le 07 Avril 1967 à Tunis. Elle a effectué ses études primaires ainsi que ses études secondaires à Teboursok où elle a obtenu son baccalauréat en sciences et mathématiques en 1986. Elle a ensuite intégré la Faculté des Sciences de Tunis où elle a obtenu sa maitrise en 1991. Nabila Askri n'avait pas d'activités politiques avant la révolution.,,,,ولدت نبيلة عسكري في 07/04/1967 بالعاصمة تونس. زاولت تعليمها الإبتدائي بالمدرسة الإبتدائية بتبرسق ثم التحقت بالمعهد الثانوي بنفس المنطقة حيث تحصلت على شهادة البكالوريا في العلوم و الرياضيات سنة 1986. التحقت بعد ذلك بكلية العلوم بتونس حيث تحصلت على الأستاذية في سنة 1991. ويجدر الذكر هنا أن نبيلة عسكري لم يكون لها أي نشاط سياسي سابق.,,2011-11-22,1
TNP-00538,نبيهة ترجمان,Nabiha Torjmane,,,,,نبيهه ترجمان,female,1964-12-17,day,,,,,,,,"Amendements sur la constitution Née le 17 décembre 1964, elle a fait ses études primaires et secondaires à El Fahs où elle a obtenu son baccalauréat en 1986. Elle a rejoint par la suite la faculté Zeitounienne et a étudié durant deux ans, avant d’être suspendue pour le port du voile. Elle a par la suite passé un concours d’accès à la fonction publique et a travaillé au sein de la recette des finances de Tunis. Elle a été arrêtée en 1995 et a passé deux ans et deux mois en prison et a subi la surveillance administrative. Elle a été interdite d’exercer toute activité politique, jusqu’à la révolution et par la suite les élections de l’assemblée nationale constituante où elle s’est présentée au sein du parti Ennahdha.",,,,ولدت نبيهة ترجمان في 17 ديسمبر 1964 وزاولت تعليمها الإبتدائي والثانوي بالفحص حيث تحصلت على شهادة البكالوريا سنة 1986. التحقت بعد ذلك بالجامعة الزيتونية ودرست هنالك لمدة سنتين ثم انقطعت عن الدراسة بسبب ارتدائها للحجاب. اجتازت لاحقا مناظرة للإلتحاق بالوظيفة العمومية وعملت بالقباضة المالية بتونس. تم اعتقالها سنة 1995 وقضت سنتين وشهرين في السجن إلى سنة 1997 وخضعت للمراقبة خلال الـخمس سنوات الموالية مما منعها من متابعة نشاطها السياسي، إلى أن جاءت الثورة ومن بعدها إنتخابات المجلس الوطني التأسيسي حيث ترشحت في صفوف حزب النهضة.,,2011-11-22,1
TNP-00539,نجلاء بوريال,Najla Bourial,,,,,نجلاء بوريال,female,1970-10-27,day,Tunis,TN-11,,,,,,"Amendements sur la constitution Née le 27 Octobre 1970 à Tunis, elle a effectué ses études primaires à Beb Mnara et ses études secondaires au lycée technique de Tunis. Elle a poursuivi son enseignement supérieur dans le secteur de la santé pour obtenir son diplôme de technicien supérieur en anesthésie en 1993. Elle n'avait aucune activité politique avant la révolution et son entrée dans ce monde politique s'est effectuée en rejoignant le Parti Démocratique Progressiste et en se présentant en tant que candidate de ce parti dans la circonscription de Nabeul 1. Elle est actuellement députée à l'Assemblée Nationale Constituante.",,,,ولدت نجلاء بوريال في 27/10/1970 بتونس العاصمة ودرست بالمدرسة الابتدائية بباب منارة من ثم المدرسة الاعدادية بمعقل الزعيم ثم بالمعهد الثانوي التقني بتونس. تابعت نجلاء تعليمها العالي في مجال الصحة لتتخرج سنة 1993 كتقني سامي في التبنيج. لم يكن لنجلاء أي نشاط سياسي قبل الثورة إذ كان دخولها عالم السياسة عن طريق انضمامها الى الحزب الديمقراطي التقدمي وترشحها ضمنه عن دائرة نابل 1. تزاول نجلاء الأن مهامها كنائب بالمجلس الوطني التأسيسي,,2011-11-22,1
TNP-00540,نجيب مراد,Nejib Mrad,,,,,نجيب مراد,male,1958-01-31,day,Monastir,TN-52,,,,,,"Amendements sur la constitution Né le 31 Janvier 1958 à Monastir, il a effectué ses études primaires à l'école de la rue d'Algérie à Monastir et ses études secondaires au lycée technique de Monastir. Il est parti ensuite à Tunis pour intégrer la Faculté des Sciences où il a obtenu sa maitrise en sciences appliquées. Nejib Mrad est considéré parmi les premiers adhérents du mouvement Ennahdha ou ce qu'on appelait avant le mouvement de la tendance islamiste. En effet, il était un membre actif depuis 1979. Il a été emprisonné plusieurs fois. En 1983, il a été condamné à 6 mois de prison pour appartenance à un groupe non autorisé. En 1987, il a été condamné à 10 ans de prison avec travaux forcés et 10 ans de surveillance administrative pour le même motif. En 1991, un jugement a été prononcé pour emprisonnement de 4 ans et 3 mois, toujours pour le même motif. Il a, par ailleurs, passé 10 ans à partir de 1997 à se rendre fréquemment devant les tribunaux pour des affaires où le jugement était des non-lieu. Il a travaillé en tant que journaliste depuis 1989. En effet, il était rédacteur au sein du département international du journal Al-Fajr.",,,,ولد نجيب مراد في 31 جانفي 1958 بالمنستير. درس بالمدرسة الإبتدائية نهج الجزائر بالمنستير ثم المعهد الفني بالمنستير و انتقل إلى تونس بعد ذلك ليلتحق بكلية العلوم بتونس حيث تحصل على الأستاذية في العلوم التطبيقية. يعتبر نجيب مراد من أوائل المنخرطين بحركة النهضة أو ما كان يعرف بحركة الاتجاه الاسلامي إذ كان عضو ناشط بها منذ سنة 1979. تعرض نجيب مراد الى السجن عديد المرات ففي سنة 1983 سجن لمدة 6 أشهر بتهمة الإنتماء إلى جماعة غير مرخص فيها وفي سنة 1987 حكم عليه بالسجن لمدة 10 سنوات مع الأشغال الشاقة و 10 سنوات مراقبة إدارية بنفس التهمة. وفي سنة 1991 كذلك أصدر في حقه حكم بالسجن لمدة 4 سنوات وثلاثة أشهر دائما في إطار ذات التهمة كما قضى 10 سنوات منذ سنة 1997 في تردد دائم على المحاكم بسبب قضايا كان الحكم فيها دائما عدم سماع الدعوى. عمل مراد بمهنة الصحافة بداية من سنة 1989 إذ كان كاتب بالقسم الدولي لجريدة الفجر.,,2011-11-22,1
TNP-00541,نجيبة بريول,Nejiba Beryoul,,,,,نجيبه بريول,female,1966-02-03,day,Chebba (Mahdia),,,,,,,"Amendements sur la constitution Née le 3 février 1966 à Chebba (Mahdia), elle a fait ses études primaires et secondaires à Chebba où elle a obtenu en 1986 le baccalauréat littéraire. Elle a rejoint ensuite la faculté de la Chariaa et a étudié les sciences islamiques. Elle a rejoint le mouvement de la tendance islamique depuis son jeune âge et a poursuivi son parcours politique avec le mouvement Ennahdha.",,,,ولدت نجيبة بريول في 30/02/1966 بالشابة المهدية ودرست بالمدرسة الابتدائية بالشابة وكذلك بالمعهد الثانوي بالشابة حيث تحصلت على البكالوريا اختصاص آداب في سنة 1986 ثم التحقت بكلية الشريعة حيث درست لمدة 4 سنوات العلوم الاسلامية و تخصصت في الفقه والسياسة الشرعية وقد تخرجت سنة 1990. انخرطت منذ أن كانت بالمعهد الثانوي في الإتجاه الاسلامي و تواصل نشاطها مع هذا التيار عندما أصبح يعرف بحركة النهضة.,,2011-11-22,1
TNP-00542,نزار مخلوفي,Nizar Makhloufi,,,,,نزار مخلوفي,male,1981-09-04,day,,,,,,,,"Amendements sur la constitution Né le 04 septembre 1981, il a effectué ses études primaires à l’école primaire Arbia à El Alaa, puis ses études secondaires au lycée d’El Alaa centre où il a obtenu son baccalauréat lettres en 2002. Il a étudié par la suite à la faculté des lettres et des sciences humaines de Rakkada où il a obtenu sa maitrise en 2006. Il a réussi le CAPES et enseigne depuis 2007. Il a par ailleurs obtenu un master en 2011 en langue et littérature arabe. Il n’avait pas d’activités politiques avant la révolution, mais avait une activité syndicale après le début de sa carrière professionnelle, et ce, durant deux ans.",,,,من مواليد 04 سبتمبر 1981، زاول تعليمه الإبتدائي بالمدرسة الإبتدائية عريبة بالعلا، ثمّ زاول تعليمه الثّانوي في معهد العلا المركز حيث تحصّل على الباكالوريا آداب في 2002. درس بكليّة الآداب و العلوم الإنسانيّة برقّادة القيروان أين تحصّل على الأستاذيّة سنة 2006 واجتاز مناظرة الكفاءة CAPES و درّس منذ سنة 2007. تحصّل على ماجستير سنة 2011 في اللّغة والآداب العربيّة. لم يكن له عمل سياسي قبل الثّورة لكن كان له عمل نقابي إثر دخوله سلك التّدريس لمدّة سنتين.,,2011-11-22,1
TNP-00543,نعمان الفهري,Noômane Fehri,,,,,نعمان فهري,male,,,,,,,marie,,,"Amendements sur la constitution Mr Noomane Fehri est originaire de la ville d’El Mida et réside à Korba. Il a effectué ses études secondaires au Lycée de Menzel Temime. En 1984 Mr Fehri a obtenu une bourse nationale pour continuer avec succès ses études à l’étranger. En 1992 Mr Fehri a obtenu le diplôme d’Ingénieur en Géophysique de l’Institut Français du Pétrole et en 1990 obtenu un DEA en Géophysique de L’Ecole Normale Supérieure et l’Université de Paris x, en 1989 il a obtenu une Maîtrise en Physique de l’Université Pierre et Marie Curie (Paris VI). Depuis Janvier 2010, Mr Fehri est Directeur Général et Fondateur d’un Cabinet International de Conseil en Technologie basé en Tunisie. Mr Fehri a 20 ans d’expériences dans la gestion et le développement d’entreprises dans les domaines des TICs, Bancaires et de l’Energie. Il a occupé des postes de direction dans des sociétés internationales tels que Schlumberger, KPMG Consulting, Sema Group et Atos Origin et a également géré des filiales de multinationales en France, Indonésie, Singapore, Suède, Royaume Uni, Tunisie, Lybie et Algérie, Mr Fehri a été très actif dans les Associations Citoyennes ; il est Membre du Comité de Haut niveau pour les Sciences et la Technologie tunisien en 2010, Président Fondateur d’ATUGE UK de 2008 à 2009, Membre du conseil d’Administration du « UK National Computing Center » de 2005 à 2007 , Membre du Comité Directeur du « Rank Fellowship Foundation » et en 2005 Membre Fondateur de « London Maghreb Network Society »",,مدير مؤسسة,,"ولد بالميدة، نابل، زاول تعليمه الثانوي بمعهد منزل تميم. تحصل في 1984 على بورصة لمواصلة تعليمه بالخارج. متحصل في 1989 على شهادة عليا في الفيزياء بمعهد Pierre et Marie Curie بباريس ثم على شهادة دراسات معمقة في الجيوفيزياء من مدرسة الأساتذة العليا و جامعة باريس 10 (سنة 1990) كما تحصل على شهادة مهندس في الجيوفيزياء من المعهد الفرنسي للنفط (سنة 1992). مؤسس ومدير شركة استشارية دولية حول تكنولوجيات الإتصال والبنوك والطاقة. شغل مناصب إدارية عدة بشركات دولية مثل Schlumberger و KPMG Consulting و Sema Group و Atos Origin. ناشط بعدة جمعيات مدنية. عضو بالهيئة العليا للعلوم والتكنولوجيا منذ 2010.مؤسس و مدير ATUGE UK من 2008 إلى 2009. عضو بالمجلس الإداري ل ""UK National Computing Center"" من 2005 إلى 2007. عضو بالهيئة المديرة ل « Rank Fellowship Foundation ». عضو مؤسس في 2005 ل « London Maghreb Network Society ».",,2011-11-22,2
TNP-00544,نور الدين المرابطي,Noureddine Mrabti,,,,,نور دين مرابطي,male,1974-01-05,day,Makther,,,,,,,"Amendements sur la constitution Noureddine Mrabti est né le 05 Janvier 1974 à Makther. Il a obtenu son baccalauréat - section lettres du lycée secondaire d'Al Mhamdia. Il a effectué 5 ans à la Faculté des Sciences Humaines et Sociales de Tunis où il a obtenu son diplôme en histoire avant de poursuivre son troisième cycle de l'enseignement supérieur en histoire moderne mais n'a pas pu discuter sa thèse pour des considérations personnelles. Concernant ses activités politiques, il était membre de l'UGET de 1999 jusqu'à 2007, année de sa sortie de la faculté et n'a eu aucune activité politique depuis avoir terminé ses études jusqu'aux élections de l'Assemblée Nationale Constituante lorsqu'il s'est présenté comme tête de liste avec le parti de l'Union Patriotique Libre (UPL).",,غير مصنف,,ولد نور الدين المرابطي في 05/01/1974 بمكثر. تحصل على البكالوريا في فرع الأداب بالمعهد الثانوي بالمحمدية ثم درس لمدة 5 سنوات بكلية العلوم الانسانية و الاجتماعية بتونس ليتحصل على شهادة في التاريخ ثم تابع المرحلة الثالثة من التعليم العالي في إختصاص التاريخ المعاصر ولكنه لم يتمكن من مناقشة رسالة ختم هذه المرحلة لإعتبارات خاصة. أما بالنسبة للنشاط السياسي فقد كان مرابطي منخرط في إتحاد الطلبة منذ سنة 1999 إلى سنة 2007 سنة خروجه من الجامعة ولكن منذ أن انهى تعليمه لم يكن له أي نشاط سياسي إلى أن جاءت انتخابات المجلس الوطني التأسيسي حيث ترشح كرئيس قائمة عن حزب الاتحاد الوطني الحر.,,2011-11-22,2
TNP-00545,نوفل الغريبي,Naoufel Ghribi,,,,,نوفل غريبي,male,1971-09-16,day,,,,,,,,"Amendements sur la constitution Né le 16 septembre 1971, il a fait ses études primaires à l’école Ali Jebel à Gabes, puis au lycée secondaire d’El Manara à Gabes où il a obtenu le baccalauréat, section mathématiques, en 1993. Il a par la suite étudié à la faculté des sciences de Monastir où il a obtenu la maitrise en 1997 en mathématiques appliquées. Il a enseigné en Tunisie avant d’enseigner en Arabie Saoudite dans le cadre de la coopération technique entre les deux pays. Après son retour à Tunis, il a enseigné dans un lycée privé dont il était le propriétaire et le directeur. Il a rejoint le CPR après la révolution.",,,,من مواليد 16 سبتمبر 1971، درس في الإبتدائي بمدرسة علي جبل بقابس ثمّ المعهد الثّانوي المنارة بقابس حيث تحصّل على بكالوريا رياضيّات سنة 1993. درس في كليّة العلوم بالمنستير، إختصاص رياضيّات تطبيقيّة، وحصل على الإجازة سنة 1997. إمتهن التّعليم قبل أن يدرّس في السّعوديّة في إطار التّعاون الفنّي، و عند عودته إلى تونس، إمتهن التّدريس في معهد حرّ كان هو مالكه و مديرا له. إنخرط في حزب المؤتمر من أجل الجمهوريّة إثر الثّورة.,,2011-11-22,1
TNP-00546,هاجر منيفي,Hajer Mnifi,,,,,هاجر منيفي,female,1986-09-02,day,Médenine,TN-82,,,,,,"Amendements sur la constitution Née le 02 septembre 1986 à Médenine, elle a effectué ses études primaires et secondaires à Médenine. Ayant obtenu son baccalauréat en 2006 et licenciée de droit privé, elle poursuit un master actuellement et passe le concours de magistrature. Elle n’avait pas d’activité politique avant la révolution.",,,,ولدت في 02 سبتمبر 1986 بمدنين حيث زاولت تعليمها الابتدائي والثّانوي. تحصّلت على الباكالوريا سنة 2006 ثمّ تحصّلت على الإجازة في القانون الخاصّ. تدرس حاليا بالمرحلة الثّالثة وتجتاز امتحان القضاة. لم يكن لها نشاط سياسي قبل الثّورة.,,2011-11-22,1
TNP-00547,هاجر عزيز,Hajer Azaiez,,,,,هاجر عزيز,female,,,,,,,mariée,,,"Amendements sur la constitution Hajer Azaiez est avocate et vit actuellement à Tunis, plus précisément à Montfleury. Elle a étudié le droit à la Faculté d’El Manar, et après avoir travaillé dans la fonction publique et à la banque pendant une année, elle est devenue avocate en 1993 spécialisée en droit privé. Elle est mariée à un juge et est mère d’un enfant. Elle a adhéré aux idées d’Ennahdha depuis qu’elle était étudiante à la faculté en 1984 mais elle est restée indépendante – sympathisante, et conformément à ses obligations d’avocate, elle a défendu à plusieurs reprises des islamistes (surtout dans l’affaire de Slimane). Elle a fait face à un nombre de difficultés en exerçant sa profession ainsi que son époux qui a été suivi par la police secrète. Son adhésion au mouvement d’Ennahdha est devenue officielle après la révolution et a participé aux élections de l’Assemblée Nationale Constituante comme membre du mouvement.",,,,هاجر عزيز هي محامية تعيش في تونس و تحديدا بمنطقة مونفلوري. درست القانون في كلية المنار وبعد أن عملت في الوظيفة العمومية والبنك لمدة سنة، أصبحت في عام 1993 محامية في القانون الخاص. تعاطفت مع أفكار النهضة عندما كانت طالبة بالجامعة سنة 1984 لكنها ظلت مستقلة و لكن متعاطفة وكجزء من واجباتها كمحامية دافعت عن الإسلاميين (وخاصة قضية سليمان). واجهت العديد من الصعوبات في مهنتها وكذلك زوجها الذي تم تتبعه من قبل البوليس السري. أصبح إنخراط هاجر عزيز في حركة النهضة رسمي بعد الثورة و شاركت في إنتخابات المجلس الوطني التأسيسي كعضو في حركة النهضة.,,2011-11-22,1
TNP-00548,هالة الحامي,Hela Hammi,,,,,هاله حامي,female,1964-11-25,day,Tunis,TN-11,,,,,ar,"Amendements sur la constitution Née le 25 Novembre 1964 à Tunis, Hela Hammi a obtenu son baccalauréat – section lettres en 1984 et sa licence en droit privé en 1992. Elle est cadre de banque depuis 1993 à la Banque Nationale Agricole. Elle est actuellement directeur adjoint. Concernant ses activités politiques, elle est adhérente et dirigeante au sein du parti politique islamique Ennahdha depuis 1983. Sur le plan associatif, elle a adhéré auparavant à l’association « Droits des Affaires » et a constitué un groupe pour les différents aides sociaux depuis 2008. Elle maitrise l’arabe et le français.",,إطار سامي بالقطاع البنكي,,"ولدت هالة الحامي في 25 نوفمبر 1964 بتونس. تحصلت على شهادة البكالوريا اختصاص آداب سنة 1984 ولاحقا إجازة في القانون الخاص وذلك سنة 1992. اشتغلت كإطار ببنك منذ سنة 1993 بالبنك الوطني الفلاحي. تشغل حاليا خطة مدير مساعد. بالنسبة لنشاطها السياسي، هي منخرطة وإحدى قيادي حركة النهضة الإسلامية منذ سنة 1983. على المستوى الجمعياتي، كانت منخرطة في جمعية ""قانون الأعمال"" وشكلت مجموعة من أجل مختلف الإعانات الإجتماعية منذ 2008. تتقن هالة الحامي العربية والفرنسية.",,2011-11-22,2
TNP-00549,هشام بن جامع,Hichem Ben Jemaa,,,,,هشام بن جامع,male,1976-10-22,day,Bizerte,TN-23,,,,,,"Amendements sur la constitution Né le 22 octobre 1976 à Bizerte, il a effectué ses études à bizerte où il a obtenu son baccalauréat Lettres en 1997. Il a par la suite obtenu une maitrise en droit au Maroc (Casablanca), puis un master en criminologie à Tunis en 2005 pour intégrer la profession d’avocat. Il a rejoint le CPR et a participé aux élections comme tête de liste à Bizerte. Il était secrétaire d’Etat auprès du ministère de la jeunesse et des sports jusqu’au dernier remaniement ministériel, suite auquel il est revenu à l’assemblée.",,,,ولد في 22 أكتوبر 1976، درس في بنزرت وتحصّل على الباكالوريا آداب سنة 1997. تحصّل على الأستاذيّة في القانون في الدّار البيضاء ثمّ ماجستير في علوم الإجرام سنة 2005 والتحق بسلك المحاماة. التحق بحزب المؤتمر من أجل الجمهوريّة وشارك في الإنتخابات كرأس قائمة على دائرة بنزرت. تولى خطة كاتب دولة لدى وزارة الشّباب والرّياضة إلى حد تشكيل الحكومة الجديدة ثمّ عاد إلى المجلس.,,2011-11-22,1
TNP-00550,هيثم بلقاسم,Haythem Belgacem,,,,,هيثم بلقاسم,male,1974-05-19,day,Tunis,TN-11,,,,,ar,"Amendements sur la constitution Né le 19 mai 1974 à Tunis, il est député à l’ANC issu de la circonscription de Ben Arous et membre du bureau politique du parti du congrès pour la république et aussi président du bloc du CPR au sein de l’ANC. Il est chercheur et universitaire depuis 2006, et expert international dans le domaine de l’enseignement à travers les nouvelles technologies et la mesure par ordinateur. Titulaire d’un baccalauréat en sciences expérimentales du lycée Alaouite de Tunis et d’une maitrise en électronique de la faculté des sciences de Tunis, il est aussi titulaire d’un diplôme d’études approfondies en traitement des signaux de l’Ecole Nationale d’Ingénierie de Tunis et d’un doctorat en électronique, spécialité traitement des signaux en biomédecine, à la faculté des sciences de Tunis (finalisée, en attente de la soutenance). Il est aussi titulaire d’un diplôme en sciences politiques de l’institut de politique de Tunis et bientôt titulaire d’un master en planning politique. Adhérent au CPR depuis avril 2011, il a commencé son activité politique depuis la révolution. Il a participé au premier conseil national du parti en mai 2011, puis a été élu en juin 2011 pour le premier congrès national du parti à Kairouan, où il a participé à la réalisation des règlements de l’enseignement supérieur et de la recherche scientifique. Il a été élu secrétaire général adjoint au bureau régional de Ben Arous en aout 2011. Puis, il a été choisi comme tête de liste du parti sur la circonscription de Ben Arous pour les élections de l’ANC. Il a été élu porte-parole officiel du bloc du parlementaire en novembre 2011, puis président du bloc depuis le 1 mars 2011. Il a aussi été élu président de la mission tunisienne au parlement euro-méditerranéen et a été chargé de représenter l’ANC à plusieurs évènements à l’intérieur et à l’extérieur du pays. Il est membre actif dans plusieurs initiatives pour la promotion de la transparence et la liberté d’Internet. Il est par ailleurs parrain de l’initiative « écris ta constitution » à Ben Arous, en collaboration avec la jeunesse du parti et le bureau régional du parti. Il a donné plusieurs conférences dans le cadre de séminaires de la société civile à Tunis, Ariana, Mannouba, Ben Arous, Kasserine… Il maitrise l’arabe, le français et l’anglais.",,,,"ولد هيثم بلقاسم في 19 ماي 1974 بتونس العاصمة. هو نائب بالمجلس التأسيسي عن ولاية بن عروس وعضو المكتب السياسي لحزب المؤتمر من أجل الجمهورية كما أنه رئيس كتلة الحزب. هو أستاذ وباحث جامعي دائم بالجامعة التونسية منذ 2006 وخبير دولي في مجال التدريس عبر التكنولوجيات الحديثة و القياس عبر الحاسوب. متحصل على بكالوريا علوم تجريبية من المعهد العلوي بتونس وأستاذية في إلكترونيك من كلية العلوم بتونس. متحصل كذلك على شهادة الدراسات المعمقة، اختصاص معالجة الإشارة من المدرسة الوطنية للمهندسين بتونس ودكتوراه في الإلكترونيك، اختصاص معالجة الإشارة في الطب الحيوي بكلية العلوم بتونس (منهاة في انتظار المناقشة). أخيرا، متحصل على شهادة في العلوم السياسية من معهد تونس للسياسة و قريباً ماجستير مختص في رسم السياسات. منخرط في حزب المؤتمر من أجل الجمهورية منذ أفريل 2011 وبدأ العمل السياسي الفعلي بعد ثورة 14 جانفي، فشارك في المجلس الوطني الأول في ماي 2011 ثم انتخب للمؤتمر الوطني الأول في القيروان في جوان 2011 أين شارك في إعداد لوائح التعليم العالي والبحث العلمي. انتخب كاتباً عاماً مساعداً للمكتب الجهوي بن عروس في أوت 2011 وتم ترشيحه كرئيس قائمة الحزب على ولاية بن عروس في انتخابات المجلس الوطني التأسيسي. تم إنتخابه ناطقاً رسمياً للكتلة النيابية نوفمبر 2011 ثم رئيس كتلة بدايةً من 1 مارس 2012 كما تم إنتخابه رئيساً للبعثة التونسية للبرلمان الاوروبي المتوسطي وتم تكليفه بتمثيل المجلس الوطني التأسيسي في عديد المناسبات داخل و خارج الوطن. عنصر فاعل في عديد من المبادرات لتعزيز الشفافية ودعم حرية الانترنت كما انه صاحب مبادرة "" اكتب دستورك "" في ولاية بن عروس بالتعاون مع شباب المؤتمر و المكتب الجهوي لحزب المؤتمر ببن عروس وقد ألقى العديد من المحاضرات في نطاق ندوات المجتمع المدني بتونس، اريانة، منوبة، بن عروس، القصرين... يتقن اللغة العربية والفرنسية والإنجليزية.",,2011-11-22,1
TNP-00551,وسام ياسين,Wissem Yassine,,,,,وسام ياسين,male,1974-04-12,day,Bousalem et a effectué ses études primaires ainsi que secondaires dans la région de Bousalem où il a obtenu son baccalauréat scientifique en,,,,,,,Amendements sur la constitution Wissem Yassine est né le 12 Avril 1974 à Bousalem et a effectué ses études primaires ainsi que secondaires dans la région de Bousalem où il a obtenu son baccalauréat scientifique en 1997. Il a ensuite intégré la faculté d'économie et de gestion de Jendouba où il a obtenu sa maitrise en économie et devenir par la suite enseignant au lycée secondaire.,,,,ولد ياسين وسام في 12/04/1974 في بوسالم ودرس في المدرسة الإبتدائية بنفس المنطقة ثم بالمعهد الثانوي ببوسالم كذلك حيث تحصل على البكالوريا سنة 1997 في إختصاص العلوم. إلتحق بعد ذلك بكلية جندوبة للإقتصاد والتصرف وهناك تحصل على الأستاذية في الإقتصاد ليعمل كأستاذ تعليم ثانوي.,,2011-11-22,1
TNP-00552,كمال بن رمضان,Kamel Ben Romdhane,,,,,كمال بن رمضان,male,,,,,,,,,,"Amendements sur la constitution Kamel Ben Romdhane est né le 20/09/1958 à Kalâa Kebira Sousse, et a fait ses études secondaires au lycée de garçons de Sousse où il a obtenu son baccalauréat (section économie). Il étudia à l’institut national de statistique à Rabat, d’où il sort ingénieur en statistiques et économie appliquée, puis a obtenu un diplôme en études approfondies en gestion de l’institut supérieur de gestion. Kamel Ben Romdhane a poursuivi ses études en 3ème cycle à l’institut du travail à Tunis en sciences sociales de développement. Kamel Ben Romdhane était membre actif du MTI (Mouvement de la Tendance Islamique) depuis qu’il était étudiant à Tunis, et était actif à l’union nationale des étudiants du Maroc. Il était aussi le premier responsable des activités islamiques politiques du Nord Tunis.",,,,ولد كمال بن رمضان في 20/09/1958 بمدينة القلعة الكبيرة بسوسة. زوال تعليمه الثانوي بالمعهد الثانوي للفتيان بسوسة حيث تحصل على شهادة البكالوريا في إختصاص الإقتصاد. بعد انهائه لمرحلة التعليم الثانوي، سافر إلى المغرب ليلتحق بالمعهد الوطني للإحصاء بالرباط حيث تخرج كمهندس إحصاء واقتصاد مطبق ثم تحصل على شهادة الدراسات المعمقة في التصرف من المعهد الأعلى للتصرف. تابع كمال بن رمضان المرحلة الثالثة من تعليمه بالمعهد الوطني للزراعة الاقتصادية في مجال الاقتصاد الزراعي بتونس و كذلك تابع المرحلة الثالثة في علم اجتماع التنمية بمعهد العمل بتونس. كما درس المرحلة الثالثة للتخطيط بكلية الحقوق والعلوم الإقتصادية بتونس. كان كمال بن رمضان ناشط بحركة التيار الاسلامي منذ أن كان طالب جامعي في تونس أما في المغرب فقد كان ناشط بالإتحاد الوطني للطلبة بالمغرب كما كان أول مسؤول عن الانشطة الاسلامية والسياسية بمنطقة تونس الشمالية.,,2011-11-22,1
TNP-00553,سلاف القسنطيني,Soulef Ksantini,,,,,سلاف قسنطيني,female,1969-11-01,day,Sfax,TN-61,,,,,,"Amendements sur la constitution Née le 01 Novembre 1969 à Sfax, elle a effectué ses études primaires à l'école Al Amena à Sakiet Dayer et ensuite ses études secondaires au lycée Monji Slim à Sakiet Ezzit où elle a obtenu son diplôme de baccalauréat en 1988. Elle a poursuivi ses études supérieures à l'Ecole Normale Supérieure jusqu'à 1992 lorsqu'elle a obtenu son certificat d'aptitude à l'enseignement et a rejoint le secteur de l'enseignement jusqu'à l'année 2011. Depuis qu'elle était étudiante à la faculté, elle s'est intéressée à la vie politique. En effet, elle était membre active au sein du mouvement de la tendance islamiste avant et mouvement Ennahdha actuellement. Elle militait aussi dans les rangs de l'union générale tunisienne des étudiants.",,أستاذ تعليم ثانوي,,ولدت سلاف قسنطيني في غرة نوفمبر 1969 بصفاقس ودرست بالمدرسة الإبتدائية الأمانة بساقية الدائر بولاية صفاقس ثم انتقلت إلى المعهد الثانوي منجي سليم بساقية الزيت حيث تحصلت على شهادة البكالوريا سنة 1988. واصلت سلاف تعليمها بدار المعلمين العليا إلى حدود سنة 1992 عند حصولها على شهادة الكفاءة في التدريس ودخلت سلاف بعد ذلك في مجال التدريس إلى حدود سنة 2011. انخرطت منذ كانت طالبة في الجامعة في الحياة السياسية فكانت عضوة ناشطة في الاتجاه الاسلامي سابقا ثم حركة النهضة حاليا وكانت كذلك ناشطة في الاتحاد العام التونسي للطلبة.,,2011-11-22,2
TNP-00554,سهير الدردوري,Souhir Dardouri,,,,,سهير دردوري,female,,,,,,,,,en,"Amendements sur la constitution Souhir Dardouri est née le 25 Décembre 1971 et malgré le fait qu’elle soit la fille du défunt Abdelkader Dardouri, l’un des fondateurs de la Ligue Nationale de défense des Droits de l’Homme, elle n’avait aucune activité politique. Elle a poursuivi ses études à la Faculté des Sciences Humaines et Sociales de Tunis où elle obtenu sa maitrise d’anglais en 1997. La révolution était une opportunité pour elle pour poursuivre le parcours de son père et elle a choisi de rejoindre le parti du Congrès Pour la République. Après sa démission du parti, elle est restée au sein du bloc parlementaire du CPR en raison de son engagement moral envers le parti qui l'a fait élire sur ses listes. Elle a renoncé au travail partisan d'une façon générale pour se consacrer exclusivement à sa mission parlementaire comme élue de tout le peuple, et surtout le domaine de défense des droits de l'Homme ainsi que l'humanitaire. Elle a rejoint l'Organisation Internationale des Droits de l'Homme.",,,,ولدت سهير دردوري في 25/12/1971 و رغم أنها إبنة المرحوم عبد القادر دردوري أحد مؤسسي الرابطة الوطنية لحقوق الانسان، لم يكن لسهير الدردوري أي نشاط سياسي. تابعات دراستها في كلية العلوم الانسانية و الاجتماعية بتونس حيث تخرجت كأستاذة إنجليزية سنة 1997. كانت الثورة فرصتها لمواصلة مشوار والدها واختارت الانضمام إلى حزب المؤتمر من أجل الجمهورية. بعد استقالتها من الحزب، بقيت بكتلة المؤتمر بسبب ما عبرت عنه بإلتزام أخلاقي تجاه الحزب التي انتخبت على قائمته. استقالت من العمل الحزبي بصفة عامة وستتفرغ فقط للعمل النيابي كنائبة شعب ككل، وخاصة العمل الحقوقي والإنساني. انضمت أخيرا إلى المنظمة الدولية لحقوق الإنسان.,,2011-11-22,1
TNP-00555,مختار لموشي,Mokhtar Lamouchi,,,,,مختار لموشي,male,1962-10-28,day,la délégation de Nebr du gouvernorat du Kef,,,,,,,"Amendements sur la constitution Mokhtar Lamouchi, né le 28 octobre 1962 à la délégation de Nebr du gouvernorat du Kef, a étudié à l’école primaire Ben Alaya au Kef, puis au lycée technique de la même ville. Arrêté en 1978, et emprisonné en 1981 pour 6 mois, il avait arrêté ses études mais après sa sortie, il a continué ses études dans un établissement privé. Il a assuré la continuité de l’activité du mouvement islamique durant l’emprisonnement des hauts cadres du parti et a été victime d’un tir de balle à sa main lors des évènements de janvier 1984. Il a enseigné aux écoles d’El Mdina et Zaafrane pendant deux ans avant d’être renvoyé. En 1987, il a été condamné à 37 ans de prison, mais avec le changement de régime, il est sorti de prison. Par la suite, il a été condamné à 5 ans de prison suite aux évènements de Bab Saadoun mais avant de sortir de prison, il a été mêlé à une autre affaire, ce qui le poussa à entrer en grève de la faim pour une durée de 13 jours, grève suite à laquelle Ben Ali créa une commission d’enquête. Pendant ce temps, son état de santé s’étant très détérioré, il fut remis à sa famille en piteux état, et il a vécu par la suite jusqu’à avant la révolution comme étant recherché et aujourd’hui il est membre de l’Assemblée Nationale Constituante.",,,,ولد مختار اللموشي في 28 أكتوبر 1962 في ريف معتمدية نبر ولاية الكاف ونشأ بحي شعبي. درس بالمدرسة الإبتدائية بن علية بالكاف ثم بالمعهد الفني بنفس الولاية. تم إيقافه سنة 1978 سجن سنة 1981 لمدة 6 أشهر مما أدى إلى انقطاعه عن الدراسة. بعد خروجه من السجن، تابع مختار لموشي دراسته في تونس العاصمة بمعهد خاص. درس لمدة سنتين في مدرستي المدينة و الزعفران و لكن تم التفطن لكونه محاكم سنة 81 فتم فصله و إيقافه عن التدريس خلال تواجد قيادات حركة الإتجاه الإسلامي في السجن، قام مختار وبعض من زملائه بالحفاظ على نشاط الحركة إلى أن تحررت قيادتها سنة 1984، وفي أحداث جانفي من نفس تلك السنة أصيب بطلق ناري في يده. في سنة 1987 تم الحكم عليه بـ37 سنة سجن ولكن لم يقضي منها سوى مدة بسيطة إذ أنه تم تغيير النظام من النظام البورقيبي الى نظام بن علي. على غرار عديد النشطاء الإسلاميين، تمت محاكمة مختار لموشي محاكمة عسكرية في قضية باب سعدون التي قضى فيها 5 سنوات وقبل خروجه من السجن تم تلفيق قضية أخرى له كي لا يغادر السجون مما اضطره لدخول في إضراب جوع لمدة 113 يوم شكّل على أثره بن علي لجنة للتحقيق في هذا الإضراب يترأسها رشيد دريس. خلال هذا الإضراب تدهورت حالته الصحية إلى درجة أنّه سلّم إلى عائلته على فراش الموت. عاش مختار طيلة الفترة ماقبل الثورة مبحوثا عنه أما اليوم فهو عضو في المجلس الوطني التأسيسي.,,2011-11-22,1
TNP-00556,حبيب بريبش,Habib Bribech,,,,,حبيب بريبش,male,1965-10-29,day,,,,,,,,"Amendements sur la constitution Né le 29 octobre 1965, il a étudié au primaire à El Maamrat à Ben Guerdane, puis au lycée secondaire mixte de Ben Guerdane et a obtenu son baccalauréat Sciences-Maths en 1986. Il a étudié par la suite aux Etats-Unis, la langue d’abord à Houston au Texas, puis une maitrise, un master et un doctorat à l’Oregon. Il était membre à Ennahdha depuis 1979 dans la section lycéenne. Suite à la révolution, il a été secrétaire général régional sur Tunis et il s’est présenté sur la liste électorale d’Ennahdha Tunis 1. Il est membre du bureau politique d’Ennahdha pour le gouvernorat de Tunis. Il a travaillé dans le secteur privé et pour une période auprès de l’ambassade américaine.",,,,من مواليد 29 أكتوبر 1965، درس بابتدائيّة المعمرات في بن قردان ثمّ بالمعهد الثّانوي المختلط ببن قردان أين تحصّل على بكالوريا علوم تطبيقيّة سنة 1986. درس لاحقا بالولايات المتّحدة الأمريكيّة، اللّغة في هيوستن (تكساس) أوّلا، ثمّ إجازة وماجستير ودكتوراه بأورغن. كان عضو في النّهضة منذ 1979 في إطار العمل التّلمذي وكان الكاتب العام الجهوي لحركة النّهضة على ولاية تونس بعد الثّورة حيث ترشّح على قائمة تونس 1 وهوعضو في المكتب السّياسي لحركة النّهضة لولاية تونس. عمل في القطاع الخاصّ و لمدّة لدى السّفارة الأمريكيّة.,,2011-11-22,1
TNP-00557,بشير النفزي,Bechir Nefzi,,,,,بشير نفزي,male,1981-06-26,day,,,,,,,,"Amendements sur la constitution Né le 26 juin 1981, il est depuis 2006 titulaire d’une maitrise en langue et littérature chinoise de l’institut supérieur des langues vivantes de Tunis, Il a par la suite poursuivi en 2007 une formation en relations internationales et politiques de sécurité, parallèlement, il obtient la même année le master I en études chinoises à l’institut national des langues et civilisations orientales de Paris, et en 2008, il obtient le master II en études asiatiques à l’école pratique des hautes études de Paris. Il soutient en 2011 sa thèse de doctorat, spécialité « L’Asie et ses diasporas » à l’université Jean Moulin à lyon, thèse ayant pour sujet « la réception des idées musulmanes par la communauté Hui pendant les dynasties Ming et Qing ». Il a travaillé comme assistant de langue dans deux lycées différents en France entre 2007 et 2009. En mars 2010, il est membre fondateur et porte-parole du mouvement citoyen Byrsa, il devient membre actif au sein du CPR en février 2011, avant d’être membre du bureau politique du CPR en France responsable de la structuration et de la coordination. Il est élu à l’assemblée en octobre 2011.",,,,"من مواليد 26 جوان 1981، متحصّل على الأستاذيّة في اللغّة و الآداب الصّينيّة في المعهد العالي للغات الحيّة بتونس سنة 2006. تابع سنة 2007 تكوينا حول العلاقات الدّوليّة و سياسات السّلامة، تحصّل في نفس السّنة على ماجستير في الدّراسات الصيّنيّة في المعهد الوطني للغات و الحضارات الشّرقية بباريس، ثمّ ماجستير ثان في 2008 في الدّراسات الآسيويّة في المدرسة التّطبيقيّة للدّراسات العليا بباريس. في سنة 2011، ختم رسالة الدّكتوراه سنة 2011 في اختصاص ""آسيا و مشتّتوها"" في جامعة Jean Moulin بمدينة ليون، حول موضوع ""تقبّل الأفكار الاسلاميّة في مجتمع هوي خلال حكم سلالات ""منغ"" و ""كنغ"". اشتغل كمساعد لغوي في معهدين مختلفين بفرنسا من 2007 إلى 2009. في مارس 2010، كان من الأعضاء المؤسّسين و النّاطق الرّسمي لحركة بيرصة، و أصبح عضوا فاعلا صلب المؤتمر في فيفري 2011، قبل أن يكون عضوا في المكتب السّياسي للمؤتمر في فرنسا، مكلّفا بالتّنظيم و التّنسيق. تمّ انتخابه في أكتوبر 2011.",,2011-11-22,1
TNP-00558,نورة بن حسن,Noura Ben Hassen,,,,,نوره بن حسن,female,1980-05-14,day,Sousse,TN-51,,,célibataire,,fr,"Amendements sur la constitution Née le 14 Mai 1980 à Sousse, elle poursuit ses études primaires et secondaires à Msaken jusqu’à obtenir son baccalauréat en 2000. Elle décroche une maitrise de management des grandes entreprises à Mahdia en 2003, ensuite un master en management et sciences économiques de l’Université Jean-Moulin (France) en 2004, pour finalement avoir, en 2011, un doctorat à Paris en sciences de gestion. Elle devient professeur d’enseignement supérieur. Célibataire, elle maitrise la langue française, anglaise et arabe.",,,,"ولدت في 14 ماي 1980 بسوسة و زاولت تعليمها الإبتدائي و الثانوي بمساكن إلى أن تحصلت على شهادة الباكالوريا سنة 2000. تحصلت على شهادة الأستاذية في إدارة الشركات الكبرى بالمهدية سنة 2003 و من ثم شهادة الماجستير في الإدارة و العلوم الإقتصادية من جامعة ""Jean-Moulin"" بفرنسا سنة 2004 و أخيرا شهادة الدكتوراه في علوم التصرف و ذلك سنة 2011. أصبحت بذلك أستاذة تعليم عالي. هي عزباء و تتقن اللغة الفرنسية و الإنجليزية و العربية.",,2011-11-22,1
TNP-00559,جمال بوعجاجة,Jamal Bouajaja,,,,,جمال بوعجاجه,male,1969-06-15,day,Menzel Bourguiba,,,,,,ar,"Amendements sur la constitution Jamel Bouajaja est né le 15 Juin 1969 à Menzel Bourguiba. Il a obtenu son diplôme de fin d'études primaires en 1981 à l'école Sahnoun 1 à Menzel Bourguiba. Il a obtenu un baccalauréat section lettres en 1987 du lycée 2 mars 1934. Il a ensuite rejoint la Faculté 9 Avril section littérature arabe. En 1991, il a obtenu une maitrise en littérature arabe et en 2004 un certificat d’études avancées en civilisation arabe. Il a enfin obtenu en 2008 un doctorat en littérature arabe. Jamel Bouajaja a appartenu à la section jeunes du mouvement islamique de 1981 à 1987, puis y appartenu à l'université de 1987 à 1991. Il a enseigné dans les lycées secondaires en tant que professeur d'arabe et de sa littérature de 1991 à 2000 au lycée secondaire de Tataouine, puis de 2000 à 2011 au lycée secondaire de Menzel Bourguiba. Il a par la suite rejoint l'enseignement supérieur depuis 2011. Jamel Bouajaja n’avait pas d’activités politiques avant la révolution. Néanmoins, il était actif au sein de la société civile. Il a donc rejoint le mouvement d’Ennahdha après la révolution.",,,,ولد جمال بوعجاجة في 15 جوان 1969 بمنزل بورقيبة. تحصّل على شهادة ختم التّعليم الأساسي سنة 1981 بمدرسة سحنون 1 بمنزل بورقيبة. تحصل على شهادة البكالوريا في اختصاص اداب في سنة 1987 بمعهد 2 مارس 1934. التحق جمال بعد ذلك بكلية 9 آفريل شعبة عربية حيث تحصل على الاستاذية في اللغة العربية سنة 1991 وفي سنة 2004 تحصل على شهادة الدراسات المعمقة في مجال الحضارة ثم الدكتوراة في اللغة العربية في سنة 2008. انتمى إلى الاتّجاه الاسلامي في الحركة التّلمذيّة من 1981 إلى 1987، ثمّ انتسب إلى الاتّجاه الاسلامي بالجامعة من 1987 إلى 1991. درّس بالمعاهد الثّانويّة أستاذا للغّة العربيّة و آدابها من 1991 إلى 2000 بالمعهد الثّانوي بتطاوين ثمّ من 2000 إلى 2011 بمعهد منزل بورقيبة ثمّ التحق للتّدريس بالتّعليم العالي منذ سنة 2011. لم يكن لجمال بوعجاجة أي نشاط سياسي قبل الثورة ولكن كان له نشاط جمعياتي وقد جاء انضمامه لحركة النهضة بعد الثورة.,,2011-11-22,1
TNP-00560,فرج بن عمر,Frej Ben Amor,,,,,فرج بن عمر,male,,,,,,,marié,3,,"Amendements sur la constitution Frej Ben Amor est né 20 Février 1957 à Monastir. Il a effectué ses études primaires ainsi que ses études secondaires à Khaznadar où il a obtenu son baccalauréat en sciences et mathématiques en 1979. Il a intégré par la suite l’école préparatoire mais il a été renvoyé en raison des manifestations au sein de l’université, ce qui l’a poussé à rejoindre la maison des instituteurs de Jabès durant la même année. Concernant ses activités politiques, Frej Ben Amor était actif au sein du mouvement de la tendance islamique depuis 1980 jusqu’à ce que ça devienne le mouvement Ennahdha en 1988. Il a été emprisonné entre 1991 et 1999 pour inculpation d’appartenance à un groupe non-autorisé par la loi. En 2004, il a rejoint le Parti Démocrate Progressiste et était actif au sein de ce parti jusqu’à 2010 à cause de ce qu’il a qualifié comme changement de climat en son sein et est retourné au mouvement Ennahdha de nouveau. Il est marié et père de 3 enfants.",,,,ولد فرج بن عمر في 20/02/1957 بولاية المنستير. درس في المدرسة الإبتدائية بخزندار وكذلك بالمعهد الثانوي بخزندار حيث تحصل على شهادة البكالوريا اختصاص علوم ورياضيات سنة 1979. إلتحق بعد ذلك بالمدرسة التحضيرية ولكن تم طرده بسب الاحتجاجات في الجامعة مما جعله يلتحق بدار المعلمين بجبس في نفس السنة. بالنسبة للعمل السياسي كان فرج بن عمر ناشطا في حركة الاتجاه الاسلامي من سنة 1980 إلى ان اصبحت تعرف بحركة النهضة سنة 1988. تم اعتقاله سنة 1991 الى سنة 1999 بتهمة الإنتماء الى جماعة غير مرخص فيها. في سنة 2004 إنخرط في الحزب الديمقراطي التقدمي ونشط داخله إلى سنة 2010 حيث إنسحب من الحزب بسبب ما عبر عنه بتغير المناخ داخله و عاد عندها إلى حركة النهضة.,,2011-11-22,1
TNP-00561,خليد بلحاج,Khalid Belhaj,,,,,خليد بلحاج,male,1970-11-25,day,Zaghouan,TN-22,,,,,,"Amendements sur la constitution Khalid Belhaj est né le 25 Novembre 1970 à Zaghouan. Il a obtenu son baccalauréat - section Lettres - en 1991, pour ensuite obtenir sa maitrise en philosophie en 1998. Khalid Belhaj avait rejoint le Mouvement de la Tendance Islamique en 1986 et est toujours actif au sein du mouvement jusqu'au jour d'aujourd'hui.",,,,ولد خليد بلحاج في 25 نوفمبر 1970 في زغوان. تحصل على شهادة البكالوريا في الآداب سنة 1991 ثم في سنة 1998 تحصل على الأستاذية في الفلسفة. إنضم خليد بلحاج منذ 1986 لحركة الإتجاه الإسلامي و حتى اليوم مايزال ناشطا داخلها.,,2011-11-22,1
TNP-00562,نفيسة المرزوقي,Nafissa Marzouki,,,,,نفيسه مرزوقي,female,1955-03-16,day,Jendouba,TN-32,,,mariée,2,fr,"Amendements sur la constitution Née le 16 Mars 1955 à Jendouba, Nafissa Marzouki est mariée et mère de deux enfants. Elle est diplômée de la Faculté des Lettres de 9 Avril, Tunis, où elle a obtenu sa maitrise en lettres françaises en Septembre 1979. Elle a été professeur de français d’abord au collège puis lycée secondaire de Jendouba entre 1979 et 1991. Ensuite, elle a été détachée à l’Institut Supérieur de Formation de Maitres, Bulla Regia, entre 1991 et 1999. De 1999 à 2003, elle a enseigné au lycée secondaire de Jendouba pour finalement être détachée à l’ISET de Jendouba entre 2003 et 2012. Elle a, entre autres, encadré des professeurs d’enseignement de premier cycle et professeur correcteur du baccalauréat pour différentes sessions. Elle a à son effectif un nombre de productions littéraires car elle a publié plusieurs nouvelles publiées entre 2004 et 2009 ainsi qu’un recueil de poèmes en 2011. Elle était déléguée syndicale au syndicat de l’enseignement secondaire au sein de l’Union Régionale de Jendouba entre 1980 et 1985. Elle est aussi adhérente à la ligue Tunisienne des Droits de l’Homme depuis les années 90 – section de Jendouba. Entre 1980 et 1984, elle a été membre du comité des ciné-clubs pour enfants de Jendouba et a aidé à la création d’une chorale pour enfants. Elle est aussi présidente de l’association Atfal Bledi depuis Juin 2012. Elle a adhéré au Ettakatol en Juin 2011 et est députée à l’ANC depuis Novembre 2012 en remplaçant Said Mchichi qui avait rejoint le gouvernement.",,,,ولدت يوم 16 مارس 1955 بجندوبة. هي متزوّجة و أمّ لطفلين. زاولت تعليمها العالي بكلية الآداب 9 أفريل بتونس أين تحصلت على الاستاذية في الادب الفرنسي سنة 1979. اشتغلت كأستاذة لغة فرنسية بالمعهد الثانوي بجندوبة بين سنوات 1979 و 1991 ثم انتقلت الى التدريس بالمعهد الأعلى لتكوين المعلمين ببيلاريجيا بين 1991 و 1999 ثم عادت الى المعهد الثانوي بجندوبة طيلة أربعة سنوات. بعد ذلك انتقلت الى التدريس بالمعهد الاعلى للدراسات التكنولوجية بجندوبة من 2003 الى 2012. لديها العديد من الأعمال و الاصدارات الأدبية و الشعرية التي قامت بنشرها بين سنوات 2004 و 2011. شغلت منصب مندوبة نقابية بنقابة التعليم الثانوي بجندوبة بين سنوات 1985 و 1990 كما كانت من المنخرطين في الرابطة التونسية للدفاع عن حقوق الانسان منذ أوائل التسعينات. فيما يخص النشاط الجمعياتي يذكر أن نفيسة العبيدي كانت عضوية في هيئة نوادي سينما الاطفال بجندوبة و ساهمت في تأسيس كورال للأطفال. بالإضافة الى ذلك قامت بتأسيس جمعية اطفال بلادي و هي ترأسها منذ جوان 2012. انضمت الى حزب التكتل الديمقراطي من أجل العمل و الحريات منذ جوان 2011 و هي تشغل خطة نائبة بالمجلس الوطني التأسيسي عن هذا الحزب و قد انضمت الى المجلس في نوفمبر 2012 لتعويض سعيد المشّيشي الذي انضمّ الى الحكومة.,,2011-11-22,1
TNP-00563,وردة التركي,Warda Turki,,,,,ورده تركي,female,,,,,,,,,,"Amendements sur la constitution Warda Turki a effectué ses études primaires à Hammamet, et secondaires à Nabeul. Elle a étudié la médecine en 1980 et s’est spécialisée en psychiatrie en 1985. Elle a par la suite travaillé à l’hopital Razi, est partie en retraite anticipée et a ouvert un cabinet privé mais l’a fermé suite aux élections. Elle n’avait pas d’activités politiques avant la révolution.",,,,درست الإبتدائي في الحمّامات والثّانوي في نابل. درست الطّب لتتخرّج سنة 1980 واختصّت في علم النّفس أين تخرّجت سنة 1985 وعملت بمستفى الرّازي. تحصّلت على التّقاعد المبكّر وفتحت عيادة خاصّة بعد ذلك، لكن أغلقتها اثر الإنتخابات. لم يكن لها نشاط سياسي قبل الثورة.,,2011-11-22,1
TNP-00564,محمد منذر بن رحال,Mohamed Mondher Ben Rahal,,,,,محمد منذر بن رحال,male,,,,,,,,,,"Amendements sur la constitution Mohamed Mondher Berrahal est né à la Médina de Tunis (Bab Mnara), a étudié aux lycées secondaires de Carthage Présidence et de Carthage Hannibal. Docteur en médecine dentaire diplômé de la faculté de médecine dentaire de Monastir, il est membre fondateur puis Secrétaire Général de l’amicale des médecins dentistes diplômés de la faculté de médecine dentaire de Monastir depuis 1996, membre fondateur du syndicat des médecins dentistes internes et résidents en 1984, et membre fondateur du Syndicat Tunisien des médecins dentistes de libre pratique (STMDLP) en 1988. Membre du Bureau directeur de la section de la Marsa puis de la section de la banlieue nord de la ligue Tunisienne des droits de l’Homme (L.T.D.H.) depuis 1988, il adhère en 1981 au Mouvement des Démocrates Socialistes (M.D.S.) où il est élu membre de la section de la Marsa en 1984, de la fédération de Tunis en 1988 et membre du conseil national en 1990 lors du troisième congrès du MDS. Suite à la déviation du M.D.S de sa ligne politique, il a démissionné de ce parti en décembre 1992 parmi le groupe du Dr Mustapha Ben Jaafar qui fondera par la suite le parti Ettakatol où il est élu membre du bureau politique d’Ettakatol trésorier du parti lors du congrès de mai 2009. Mohamed Mondher Berrahal remplace Khelil Ezzaouia, élu Ettakatol dans la circonscription de Tunis 2 qui avait démissionné, mettant fin au cumul de fonction entre ministre et député.",,,,ولد محمد منذر بن رحال بمدينة تونس (باب منارة) ودرس بالمعهد الثانوي قرطاج الرئاسة من ثم قرطاج حنبعل. دكتور في طب الأسنان ومتخرج من كلية طب الأسنان بالمنستير وهو عضو مؤسس ثم أمين عام لودادية أطباء الأسنان المتخرجين من كلية طب الأسنان بالمنستير منذ 1996. هو كذلك عضو مؤسس لنقابة أطباء الأسنان الداخليين والمقيمين في 1984 وعضو مؤسس للنقابة التونسية لأطباء الأسنان الممارسين بصفة حرة في 1988. عضو للمكتب المدير لفرع المرسى ثم لفرع الضاحية الشمالية للرابطة التونسية للدفاع عن حقوق الإنسان منذ 1988. في 1981، انخرط في حركة الديمقراطيين الإشتراكيين حيث تم انتخابه عضو فرع المرسى سنة 1984، ثم كنفدرالية تونس سنة 1988 وبعد ذلك عضو المجلس الوطني خلال المؤتمر الثالث للحركة سنة 1990. بعد إنحراف الحركة عن خطها السياسي، استقال من الحزب في ديسمبر 1992 مع مجموعة الدكتور مصطفى بن جعفر الذي أسس إثر ذلك حزب التكتل حيث تم إنتخابه كعضو للمكتب السياسي للحزب وأمين مال خلال مؤتمر ماي 2009. عوّض محمد منذر بن رحال خليل الزاوية، نائب حزب التكتل على دائرة تونس 2 والذي استقال ليضع نهاية لتوليه وظيفة وزير ونائب في نفس الوقت.,,2011-11-22,1
TNP-00565,منال القادري,Manel Kadri,,,,,منال قادري,female,1987-06-29,day,Kairouan,TN-41,,,,,,"Amendements sur la constitution Manel Kadri vient de Agueb, Sidi Bouzid. Elle est née le 29 Juin 1987 à Kairouan. Elle est titulaire d'un diplôme de master en sociologie et développement en Juin 2013.",,,,منال القادري من العقاب ولاية سيدي بوزيد، وهي من مواليد 29 جوان 1987 في القيروان. هي متحصلة على ماجستير في علم الإجتماع والتنمية في جوان 2013.,,2011-11-22,1
TNP-00566,فاضل الصغراوي,Fadhel Saghraoui,,,,,فاضل صغراوي,male,1982-12-01,day,Sidi Ali Ben Aoun,,,,,,,"Amendements sur la constitution Fadhel Saghraoui est né le 01 décembre 1982 à Sidi Ali Ben Aoun, il a fait ses études primaires et secondaires dans sa ville natale, puis a rejoint dans le cadre de ses études supérieures l’institut supérieur de formation des enseignants de Sbeîtla. Il est enseignant des écoles primaires. Il a été dans le mouvement des élèves nationalistes, puis a rejoint les rangs des étudiants nationalistes à l’université. Il a aussi été l’un des fondateurs du mouvement des unionistes Nassérites en 2005 et en 2009. Durant la révolution, il a été un de ses leaders et de ses prisonniers, il a fondé avec le martyr Mohamed Brahmi le premier mouvement du peuple, et le second, avant de fonder avec lui le courant populaire.",,,,ولد فاضل الصّغراوي في 01 ديسمبر 1982 بمنطقة سيدي علي بن عون، أين زاول تعليمه الابتدائي و الثّانوي، ثمّ التحق في اطار دراساته الجامعيّة بالمعهد الأعلى لتكوين المعلّمين بسبيطلة، وهو معلّم تعليم ابتدائي. كان في الحركة التّلمذيّة القوميّة، ثمّ التحق بصفوف الطّلبة القوميّين في الجامعة، و كان أيضا من مؤسّسي حركة الوحدويّين النّاصريّين سنني 2005 و 2009. خلال الثّورة، كان أحد قادتها و معتقليها، وقد أسّس رفقة الشّهيد محمّد البراهمي حركة الشّعب الأولى و الثّانية، قبل أن يؤّسس معه التّيار الشّعبي.,,2011-11-22,1
TNP-00567,منية بن نصر العيادي,Monia Ben Nasr Ayadi,,,,,منيه بن نصر عيادي,female,1960-03-11,day,,,,,mariée,3,,"Amendements sur la constitution Monia Ben Nasr Ayadi est née le 11 Mars 1960. Elle est mariée et mère de 3 enfants. Elle a travaillé en tant qu'institutrice à l'école primaire de la délégation Tinja du gouvernorat de Bizerte, et ensuite en tant que fonctionnaire à la Société Tunisienne pour des Industries de Pneumatiques. Secrétaire Générale du syndicat principal de la société (Union Générale Tunisienne du Travail) et coordinatrice de la commission de la femme et des jeunes de la région. Elle a rejoint le Forum Démocratique pour le Travail et les Libertés (Ettakatol) après la révolution. Elle était secrétaire générale de la section de Menzel Bourguiba, membre du bureau de Bizerte et membre du conseil national du parti. Elle a démissionné du parti depuis le 08 Mars 2013 et a rejoint le bloc démocrate dernièrement en tant qu'élue indépendante. Toutes ses demandes pour rejoindre une commission au sein de l'assemblée ont été refusées sans raison convaincante.",,,,منية بن نصر العيادي من مواليد 11 مارس 1960. متزوجة و ام لـ3 ابناء. المهنة معلمة بالمدرسة الابتدائية بمعتمدية تينجة من ولاية بنزرت ثم موظفة تسيير في الشركة التونسية لصناعة الاطارات المطاطية. كاتبة عامة للنقابة الاساسية للشركة (الاتحاد العام التونسي للشغل) ومنسقة للجنة المرأة و الشباب العامل في الجهة. التحقت بحزب التكتل الديمقراطي من اجل العمل والحريات بعد الثورة وكانت مسؤولياتها داخل الحزب متمثلة في كاتبة عامة لفرع منزل بورقيبة وعضوة بجامعة بنزرت وعضوة بالمجلس الوطني للحزب. استقالت من الحزب منذ 8 مارس 2013 والتحقت بالكتلة الديموقراطية اخيرا كنائبة مستقلة لكن رفضت كل مطالبها للالتحاق بأي لجنة داخل المجلس بدون سبب مقنع.,,2011-11-22,1
TNP-00568,سلمى نزيه الزنايدي,Salma Nazih Znaidi,,,,,سلمي نزيه زنايدي,female,,,,,,,,,,"Amendements sur la constitution Salma Zenaidi, femme tunisienne, originaire de la région de Kelibia assistante universitaire en informatique et traitement du signal et fille d'un universitaire. Suite à la révolution des libertés et de la dignité, à la fin février 2011, elle a adhéré au forum démocratique pour le travail et les libertés et elle a participé a l'initiation de la première section du parti a Kelibia où elle était secrétaire adjointe. Avril 2011, elle a intégré la commission centrale de déploiement et de recrutement du parti, c'est ce qui lui a permis d'être constamment au contact des citoyens et des militants de son parti. En octobre 2011, elle a été choisie comme deuxième membre sur la liste de la circonscription de Nabeul 1. Avril 2012, elle a été élue membres du conseil national transitoire du parti Ettakatol, pour travailler par la suite en tant que chargée de l'administration du parti sur la préparation du 2ème congrès qui a eu lieu le 5, 6, 7 juillet 2013 et suite auquel elle a été élue membre du bureau politique d'Ettakatol. Le 28 Avril 2014, elle rejoint l'assemblée nationale constituante suite à la démission de Abdellatif Abid qui a été récemment nommé pour le post de secrétaire général adjoint de la Ligue des Etats arabes.",,,,سلمى زنايدي امرأة تونسية أصيلة مدينة قليبية. هي مساعدة بمؤسسة جامعية في الإعلامية ومعالجة الإشارة وهي كذلك ابنة جامعي. إثر ثورة الحرية والكرامة، في آخر شهر 2011، انخرطت في حزب التكتل الديمقراطي من أجل العمل والحريات وشاركت في بعث الفرع الأول للحزب بقليبية حيث كانت أمينة عامة مساعدة. في أفريل 2011، انضمت إلى اللجنة المركزية للإنتشار والإنتداب للحزب، هذا ما مكنها من التواصل بصفة دائمة مع المواطنين ونشطاء الحزب. في أكتوبر 2011، تم اختيارها كالمترشحة عدد 2 على قائمة الحزب في دائرة نابل 1. في أفريل 2012، تم انتخابها كعضو في المجلس الوطني الإنتقالي لحزب التكتل، واهتمت فيما بعد بإدارة الحزب بخصوص إعداد المؤتمر الثاني الذي دار في 5 و6 و7 جويلية 2013 والذي انتخبت على إثره كعضو للمكتب السياسي للتكتل. يوم 28 أفريل 2014، التحقت بالمجلس الوطني التأسيسي إثر استقالة عبد اللطيف عبيد الذي تم تعيينه في منصب أمين عام مساعد لجامعة الدول العربية.,,2011-11-22,1
TNP-00569,المنجي سليم,Almnjy Slym,,,,,منجي سليم,,,,,,,,,,,,,,,,,1956-04-08,1
TNP-00570,ألبير بسيس,أlbyr Bsys,,,,,بير بسيس,,,,,,,,,,,,,,,,,1956-04-08,1
TNP-00571,أحمد المستيري,أhmd Almstyry,,,,,احمد مستيري,,,,,,,,,,,,,,,,,1956-04-08,1
TNP-00572,الطاهر بن عمار,Altahr Bn Amar,,,,,طاهر بن عمار,,,,,,,,,,,,,,,,,1956-04-08,1
TNP-00573,العزيز الجلولي,Alazyz Aljlwly,,,,,عزيز جلولي,,,,,,,,,,,,,,,,,1956-04-08,1
TNP-00574,محمود بن عز الدين,Mhmwd Bn Az Aldyn,,,,,محمود بن عز دين,,,,,,,,,,,,,,,,,1956-04-08,1
TNP-00575,الهادي نويرة,Alhady Nwyra,,,,,هادي نويره,,,,,,,,,,,,,,,,,1956-04-08,1
TNP-00576,مصطفى الوالي,Mstfa Alwaly,,,,,مصطفي والي,,,,,,,,,,,,,,,,,1956-04-08,1
TNP-00577,حمزة ستا,Hmza Sta,,,,,حمزه ستا,,,,,,,,,,,,,,,,,1956-04-08,1
TNP-00578,محمد الحبيب,Mhmd Alhbyb,,,,,محمد حبيب,,,,,,,,,,,,,,,,,1956-04-08,1
TNP-00579,حبيب تليبة,Hbyb Tlyba,,,,,حبيب تليبه,,,,,,,,,,,,,,,,,1956-04-08,1
TNP-00580,أحمد بن حميدة,أhmd Bn Hmyda,,,,,احمد بن حميده,,,,,,,,,,,,,,,,,1956-04-08,1
TNP-00581,الجلولي فارس,Jallouli Fares,,,,,جلولي فارس,,,,,,,,,,,,,,,,,1956-04-08,2
TNP-00582,عبد الرحمان مجول,Abd Alrhman Mjwl,,,,,عبد رحمان مجول,,,,,,,,,,,,,,,,,1956-04-08,1
TNP-00583,أحمد بن عبد الكريم,أhmd Bn Abd Alkrym,,,,,احمد بن عبد كريم,,,,,,,,,,,,,,,,,1956-04-08,1
TNP-00584,عبد العزيز نوري,Abd Alazyz Nwry,,,,,عبد عزيز نوري,,,,,,,,,,,,,,,,,1956-04-08,1
TNP-00585,طاهر دباية,Tahr Dbaya,,,,,طاهر دبايه,,,,,,,,,,,,,,,,,1956-04-08,1
TNP-00586,مصطفى الفيلالي,Mstfa Alfylaly,,,,,مصطفي فيلالي,,,,,,,,,,,,,,,,,1956-04-08,1
TNP-00587,محمد شكرون,Mhmd Shkrwn,,,,,محمد شكرون,,,,,,,,,,,,,,,,,1956-04-08,1
TNP-00588,صلاح كشريد,Slah Kshryd,,,,,صلاح كشريد,,,,,,,,,,,,,,,,,1956-04-08,1
TNP-00589,عبد السلام عاشور,Abd Alslam Ashwr,,,,,عبد سلام عاشور,,,,,,,,,,,,,,,,,1956-04-08,1
TNP-00590,محمد فالح جهيناوي,Mhmd Falh Jhynawy,,,,,محمد فالح جهيناوي,,,,,,,,,,,,,,,,,1956-04-08,1
TNP-00591,حسن ساسي,Hsn Sasy,,,,,حسن ساسي,,,,,,,,,,,,,,,,,1956-04-08,1
TNP-00592,عز الدين عباسي,Az Aldyn Abasy,,,,,عز دين عباسي,,,,,,,,,,,,,,,,,1956-04-08,1
TNP-00593,الشيخ علي بنعيسى بوحجر,Alshykh Aly Bnaysa Bwhjr,,,,,شيخ علي بنعيسي بوحجر,,,,,,,,,,,,,,,,,1956-04-08,1
TNP-00594,العربي عبروق,Alarby Abrwq,,,,,عربي عبروق,,,,,,,,,,,,,,,,,1956-04-08,1
TNP-00595,محمد كرمة,Mhmd Krma,,,,,محمد كرمه,,,,,,,,,,,,,,,,,1956-04-08,1
TNP-00596,صالح بالعيش,Salh Balaysh,,,,,صالح بالعيش,,,,,,,,,,,,,,,,,1956-04-08,1
TNP-00597,محمد المصمودي,Mhmd Almsmwdy,,,,,محمد مصمودي,,,,,,,,,,,,,,,,,1956-04-08,1
TNP-00598,محمد قاسم,Mhmd Qasm,,,,,محمد قاسم,,,,,,,,,,,,,,,,,1956-04-08,1
TNP-00599,محمد صفر,Mhmd Sfr,,,,,محمد صفر,,,,,,,,,,,,,,,,,1956-04-08,1
TNP-00600,فرج جمعة,Frj Jma,,,,,فرج جمعه,,,,,,,,,,,,,,,,,1956-04-08,1
TNP-00601,محمد الجدي,Mhmd Aljdy,,,,,محمد جدي,,,,,,,,,,,,,,,,,1956-04-08,1
TNP-00602,صادق بن يحمد,Sadq Bn Yhmd,,,,,صادق بن يحمد,,,,,,,,,,,,,,,,,1956-04-08,1
TNP-00603,عبد الحميد برغاوي,Abd Alhmyd Brghawy,,,,,عبد حميد برغاوي,,,,,,,,,,,,,,,,,1956-04-08,1
TNP-00604,محمد حمزة,Mhmd Hmza,,,,,محمد حمزه,,,,,,,,,,,,,,,,,1956-04-08,1
TNP-00605,محمد شنيق,Mhmd Shnyq,,,,,محمد شنيق,,,,,,,,,,,,,,,,,1956-04-08,1
TNP-00606,عبد الرحمان عبد النبي,Abd Alrhman Abd Alnby,,,,,عبد رحمان عبد نبي,,,,,,,,,,,,,,,,,1956-04-08,1
TNP-00607,أحمد الغرياني,أhmd Alghryany,,,,,احمد غرياني,,,,,,,,,,,,,,,,,1956-04-08,1
TNP-00608,سليمان الزواري,Slyman Alzwary,,,,,سليمان زواري,,,,,,,,,,,,,,,,,1956-04-08,1
TNP-00609,الحبيب بورقيبة,Alhbyb Bwrqyba,,,,,حبيب بورقيبه,,,,,,,,,,,,,,,,,1956-04-08,1
TNP-00610,الهادي بوسلامة,Alhady Bwslama,,,,,هادي بوسلامه,,,,,,,,,,,,,,,,,1956-04-08,1
TNP-00611,العجمي سليم,Alajmy Slym,,,,,عجمي سليم,,,,,,,,,,,,,,,,,1956-04-08,1
TNP-00612,الطيب المهيري,Altyb Almhyry,,,,,طيب مهيري,,,,,,,,,,,,,,,,,1956-04-08,1
TNP-00613,الهادي الغلوصي,Alhady Alghlwsy,,,,,هادي غلوصي,,,,,,,,,,,,,,,,,1956-04-08,1
TNP-00614,مختار عزيز,Mkhtar Azyz,,,,,مختار عزيز,,,,,,,,,,,,,,,,,1956-04-08,1
TNP-00615,الصادق بوصفارة,Alsadq Bwsfara,,,,,صادق بوصفاره,,,,,,,,,,,,,,,,,1956-04-08,1
TNP-00616,بشير بلاغة,Bshyr Blagha,,,,,بشير بلاغه,,,,,,,,,,,,,,,,,1956-04-08,1
TNP-00617,محمد زهوية,Mhmd Zhwya,,,,,محمد زهويه,,,,,,,,,,,,,,,,,1956-04-08,1
TNP-00618,محمد بدرة,Mhmd Bdra,,,,,محمد بدره,,,,,,,,,,,,,,,,,1956-04-08,1
TNP-00619,أحمد بن صالح,أhmd Bn Salh,,,,,احمد بن صالح,,,,,,,,,,,,,,,,,1956-04-08,1
TNP-00620,عبد الرحمان بوعجاجة,Abd Alrhman Bwajaja,,,,,عبد رحمان بوعجاجه,,,,,,,,,,,,,,,,,1956-04-08,1
TNP-00621,محمود الخياري,Mhmwd Alkhyary,,,,,محمود خياري,,,,,,,,,,,,,,,,,1956-04-08,1
TNP-00622,نصر مرزوقي,Nsr Mrzwqy,,,,,نصر مرزوقي,,,,,,,,,,,,,,,,,1956-04-08,1
TNP-00623,محمد الراي,Mhmd Alray,,,,,محمد راي,,,,,,,,,,,,,,,,,1956-04-08,1
TNP-00624,يوسف لبوز,Ywsf Lbwz,,,,,يوسف لبوز,,,,,,,,,,,,,,,,,1956-04-08,1
TNP-00625,نصر بن جعفر,Nsr Bn Jafr,,,,,نصر بن جعفر,,,,,,,,,,,,,,,,,1956-04-08,1
TNP-00626,الفرجاني بالحاج عمار,Alfrjany Balhaj Amar,,,,,فرجاني بالحاج عمار,,,,,,,,,,,,,,,,,1956-04-08,1
TNP-00627,أحمد علولو,أhmd Alwlw,,,,,احمد علولو,,,,,,,,,,,,,,,,,1956-04-08,1
TNP-00628,الحبيب عاشور,Alhbyb Ashwr,,,,,حبيب عاشور,,,,,,,,,,,,,,,,,1956-04-08,1
TNP-00629,حسن شفرود,Hsn Shfrwd,,,,,حسن شفرود,,,,,,,,,,,,,,,,,1956-04-08,1
TNP-00630,محمد مكني,Mhmd Mkny,,,,,محمد مكني,,,,,,,,,,,,,,,,,1956-04-08,1
TNP-00631,مفتاح سميري,Mftah Smyry,,,,,مفتاح سميري,,,,,,,,,,,,,,,,,1956-04-08,1
TNP-00632,أحمد دريرة,أhmd Dryra,,,,,احمد دريره,,,,,,,,,,,,,,,,,1956-04-08,1
TNP-00633,محمود الغول,Mhmwd Alghwl,,,,,محمود غول,,,,,,,,,,,,,,,,,1956-04-08,1
TNP-00634,طاهر عبد الكافي,Tahr Abd Alkafy,,,,,طاهر عبد كافي,,,,,,,,,,,,,,,,,1956-04-08,1
TNP-00635,أحمد التليلي,أhmd Altlyly,,,,,احمد تليلي,,,,,,,,,,,,,,,,,1956-04-08,1
TNP-00636,حسين بن صالح,Hsyn Bn Salh,,,,,حسين بن صالح,,,,,,,,,,,,,,,,,1956-04-08,1
TNP-00637,حسين بوزيان,Hsyn Bwzyan,,,,,حسين بوزيان,,,,,,,,,,,,,,,,,1956-04-08,1
TNP-00638,محمد الأمين الشابي,Mhmd Alأmyn Alshaby,,,,,محمد امين شابي,,,,,,,,,,,,,,,,,1956-04-08,1
TNP-00639,حسونة بن طاهر,Hswna Bn Tahr,,,,,حسونه بن طاهر,,,,,,,,,,,,,,,,,1956-04-08,1
TNP-00640,قلعي رشدي,Qlay Rshdy,,,,,قلعي رشدي,,,,,,,,,,,,,,,,,1956-04-08,1
TNP-00641,الشادلي باش تبجي,Alshadly Bash Tbjy,,,,,شادلي باش تبجي,,,,,,,,,,,,,,,,,1956-04-08,1
TNP-00642,فتحي زهير,Fthy Zhyr,,,,,فتحي زهير,,,,,,,,,,,,,,,,,1956-04-08,1
TNP-00643,محمد كباني,Mhmd Kbany,,,,,محمد كباني,,,,,,,,,,,,,,,,,1956-04-08,1
TNP-00644,طاهر بوريال,Tahr Bwryal,,,,,طاهر بوريال,,,,,,,,,,,,,,,,,1956-04-08,1
TNP-00645,صالح قلعاوي,Salh Qlawy,,,,,صالح قلعاوي,,,,,,,,,,,,,,,,,1956-04-08,1
TNP-00646,الصادق المقدم,Sadok Mokaddem,,,,,صادق مقدم,,,,,,,,,,,,,,,,,1956-04-08,5
TNP-00647,علي الزلاوي,Aly Alzlawy,,,,,علي زلاوي,,,,,,,,,,,,,,,,,1956-04-08,1
TNP-00648,شريف مراد,Shryf Mrad,,,,,شريف مراد,,,,,,,,,,,,,,,,,1956-04-08,1
TNP-00649,شادلي رحيم,Shadly Rhym,,,,,شادلي رحيم,,,,,,,,,,,,,,,,,1956-04-08,1
TNP-00650,عبد الله فرحات,Abd Alh Frhat,,,,,عبد له فرحات,,,,,,,,,,,,,,,,,1956-04-08,1
TNP-00651,جلول بن شريفة,Jlwl Bn Shryfa,,,,,جلول بن شريفه,,,,,,,,,,,,,,,,,1956-04-08,1
TNP-00652,محمد رمضان,Mhmd Rmdan,,,,,محمد رمضان,,,,,,,,,,,,,,,,,1956-04-08,1
TNP-00653,محمد بن للونة,Mhmd Bn Lwna,,,,,محمد بن للونه,,,,,,,,,,,,,,,,,1956-04-08,1
TNP-00654,علي البلهوان,Aly Alblhwan,,,,,علي بلهوان,,,,,,,,,,,,,,,,,1956-04-08,1
TNP-00655,الحبيب الشطي,Alhbyb Alshty,,,,,حبيب شطي,,,,,,,,,,,,,,,,,1956-04-08,1
TNP-00656,عمار بالحاج عثمان,Amar Balhaj Athman,,,,,عمار بالحاج عثمان,,,,,,,,,,,,,,,,,1956-04-08,1
TNP-00657,أحمد بالأمين,أhmd Balأmyn,,,,,احمد بالامين,,,,,,,,,,,,,,,,,1956-04-08,1
TNP-00658,الباهي الأدغم,Albahy Alأdghm,,,,,باهي ادغم,,,,,,,,,,,,,,,,,1956-04-08,1
TNP-00659,محمد الشاذلي النيفر,Mhmd Alshadhly Alnyfr,,,,,محمد شاذلي نيفر,,,,,,,,,,,,,,,,,1956-04-08,1
TNP-00660,محمود الماطري,Mhmwd Almatry,,,,,محمود ماطري,,,,,,,,,,,,,,,,,1956-04-08,1
TNP-00661,عمر الرياحي,Amr Alryahy,,,,,عمر رياحي,,,,,,,,,,,,,,,,,1956-04-08,1
TNP-00662,أندريه بروش,أndryh Brwsh,,,,,اندريه بروش,,,,,,,,,,,,,,,,,1956-04-08,1
TNP-00663,الطيب السحباني,Altyb Alshbany,,,,,طيب سحباني,,,,,,,,,,,,,,,,,1956-04-08,1
TNP-00664,محمد لصفر جراد,Mhmd Lsfr Jrad,,,,,محمد لصفر جراد,,,,,,,,,,,,,,,,,1956-04-08,1
TNP-00665,عزوز الرباعي,Azwz Alrbay,,,,,عزوز رباعي,,,,,,,,,,,,,,,,,1956-04-08,1
TNP-00666,محمود زرزاري,Mhmwd Zrzary,,,,,محمود زرزاري,,,,,,,,,,,,,,,,,1956-04-08,1
TNP-00667,الطيب الميلادي,Altyb Almylady,,,,,طيب ميلادي,,,,,,,,,,,,,,,,,1956-08-26,1
TNP-00668,توفيق بن براهيم,Twfyq Bn Brahym,,,,,توفيق بن براهيم,,,,,,,,,,,,,,,,,1956-08-26,1
TNP-00669,الرشيد إدريس,Alrshyd إdrys,,,,,رشيد ادريس,,,,,,,,,,,,,,,,,1956-08-26,1
TNP-00670,أحمد عمارة,أhmd Amara,,,,,احمد عماره,,,,,,,,,,,,,,,,,1956-08-26,1
TNP-00671,محمد النفطي,Mhmd Alnfty,,,,,محمد نفطي,,,,,,,,,,,,,,,,,1956-08-26,1
TNP-00672,البحري بربوش,Albhry Brbwsh,,,,,بحري بربوش,,,,,,,,,,,,,,,,,1956-08-26,1
TNP-00673,صادق غرمازي,Sadq Ghrmazy,,,,,صادق غرمازي,,,,,,,,,,,,,,,,,1956-08-26,1
TNP-00674,صادق خلف الله,Sadq Khlf Alh,,,,,صادق خلف له,,,,,,,,,,,,,,,,,1956-08-26,1
TNP-00675,أحمد السنوسي,أhmd Alsnwsy,,,,,احمد سنوسي,,,,,,,,,,,,,,,,,1956-08-26,1
TNP-00676,محمد عجيلي,Mhmd Ajyly,,,,,محمد عجيلي,,,,,,,,,,,,,,,,,1956-08-26,1
TNP-00677,عبادة الكافي,Abada Kefi,,,,,عباده كافي,male,,,,,,,,,,,,محامي,,,,2014-12-02,1
TNP-00678,عبد الفتاح مورو,Abdelfattah Mourou,,,,,عبد فتاح مورو,male,,,,,,,,,,,,محامي,,,,2014-12-02,1
TNP-00679,عبد القادر بنضيف الله,Abdelkader Ben Dhifallah,,,,,عبد قادر بنضيف له,male,,,,,,,,,,,,فلاح,,,,2014-12-02,1
TNP-00680,عبد اللطيف المكّي,Abdellatif Mekki,,,,,عبد لطيف مكي,male,,,,,,,,,,,,طبيب,,,,2014-12-02,1
TNP-00681,عبد المؤمن بلعانس,Abdelmoumen Belanes,,,,,عبد مومن بلعانس,male,,,,,,,,,,,,عامل يومي,,,,2014-12-02,1
TNP-00682,عبد الوهاب الورفلي,Abdelouahab Ouerfelli,,,,,عبد وهاب ورفلي,male,,,,,,,,,,,,,,,,2017-05-29,1
TNP-00683,عبد الناصر شويخ,Abdennaceur Chouikh,,,,,عبد ناصر شويخ,male,,,,,,,,,,,,إطار سامي بالقطاع الخاص,,,,2014-12-02,1
TNP-00684,عبد الرؤوف الشابي,Abderraouf Chebbi,,,,,عبد رووف شابي,male,,,,,,,,,,,,متقاعد,,,,2014-12-02,1
TNP-00685,عبد الرؤوف الشريف,Abderraouf Cherif,,,,,عبد رووف شريف,male,,,,,,,,,,,,طبيب,,,,2014-12-02,1
TNP-00686,عبد الرؤوف الماي,Abderraouf El May,,,,,عبد رووف ماي,male,,,,,,,,,,,,إطار سامي بالقطاع الخاص,,,,2014-12-02,1
TNP-00687,عبد الرزاق شريط,Abderrazak Chraiet,,,,,عبد رزاق شريط,male,,,,,,,,,,,,مدير مؤسسة,,,,2014-12-02,1
TNP-00688,عبير عبدلي,Abir Abdelli,,,,,عبير عبدلي,female,,,,,,,,,,,,إطار سامي بالقطاع الخاص,,,,2014-12-02,1
TNP-00689,أحمد عماري,Ahmed Ameri,,,,,احمد عماري,male,,,,,,,,,,,,متقاعد,,,,2014-12-02,1
TNP-00690,أحمد السعيدي,Ahmed Saidi,,,,,احمد سعيدي,male,,,,,,,,,,,,طبيب,,,,2014-12-02,1
TNP-00691,أحمد الصديق,Ahmed Seddik,,,,,احمد صديق,male,,,,,,,,,,,,محامي,,,,2014-12-02,1
TNP-00692,علي بالاخوة,Ali Belakhoua,,,,,علي بالاخوه,male,,,,,,,,,,,,موظف بالقطاع الخاص,,,,2014-12-02,1
TNP-00693,علي بن سالم,Ali Ben Salem,,,,,علي بن سالم,male,,,,,,,,,,,,متقاعد,,,,2014-12-02,1
TNP-00694,علي بنور,Ali Bennour,,,,,علي بنور,male,,,,,,,,,,,,فنان,,,,2014-12-02,1
TNP-00695,علي العريض,Ali Laraiedh,,,,,علي عريض,male,,,,,,,,,,,,مهندس,,,,2014-12-02,1
TNP-00696,أمل سويد,Amal Souid,,,,,امل سويد,female,,,,,,,,,,,,طالب,,,,2014-12-02,1
TNP-00697,أميرة زوكاري,Amira Zoukari,,,,,اميره زوكاري,female,,,,,,,,,,,,,,,,2017-12-30,1
TNP-00698,عمار عمروسيه,Ammar Amroussia,,,,,عمار عمروسيه,male,,,,,,,,,,,,معلّم تعليم أساسي,,,,2014-12-02,1
TNP-00699,اسماء بو الهناء,Asma Bou Hana,,,,,اسماء بو هناء,female,,,,,,,,,,,,عدل منفّذ,,,,2014-12-02,1
TNP-00700,أيمن علوي,Aymen Aloui,,,,,ايمن علوي,male,,,,,,,,,,,,موظف بالقطاع الخاص,,,,2014-12-02,1
TNP-00701,بدر الدين عبدالكافي,Badreddine Abdelkefi,,,,,بدر دين عبدالكافي,male,,,,,,,,,,,,أستاذ تعليم ثانوي,,,,2014-12-02,1
TNP-00702,البشير بن عمر,Bechir Ben Amor,,,,,بشير بن عمر,male,,,,,,,,,,,,مدير مؤسسة,,,,2014-12-02,1
TNP-00703,البشير اللزام,Bechir Ellazzem,,,,,بشير لزام,male,,,,,,,,,,,,طبيب,,,,2014-12-02,1
TNP-00704,بلقاسم دخيلي,Belgacem Dkhili,,,,,بلقاسم دخيلي,male,,,,,,,,,,,,إطار سامي بالوظيفة العمومية,,,,2014-12-02,1
TNP-00705,بشرى بلحاج حميدة,Bochra Belhaj Hamida,,,,,بشري بلحاج حميده,female,,,,,,,,,,,,محامي,,,,2014-12-02,1
TNP-00706,بثينة بن يغلان,Boutheina Ben Yaghlane,,,,,بثينه بن يغلان,female,,,,,,,,,,,,أستاذ جامعي,,,,2014-12-02,1
TNP-00707,ابراهيم ناصف,Brahim Nacef,,,,,ابراهيم ناصف,male,,,,,,,,,,,,صيدلي,,,,2014-12-02,1
TNP-00708,شفيق العيادي,Chafik Ayadi,,,,,شفيق عيادي,male,,,,,,,,,,,,أستاذ تعليم ثانوي,,,,2014-12-02,1
TNP-00709,شهيدة فرج,Chahida Fraj,,,,,شهيده فرج,female,,,,,,,,,,,,إطار سامي بالوظيفة العمومية,,,,2014-12-02,1
TNP-00710,شاكر عيادي,Chaker Ayadi,,,,,شاكر عيادي,male,,,,,,,,,,,,محامي,,,,2014-12-02,1
TNP-00711,شكيب باني,Chakib Bani,,,,,شكيب باني,male,,,,,,,,,,,,أستاذ جامعي,,,,2014-12-02,1
TNP-00712,درة يعقوبي,Dorra Yaacoubi,,,,,دره يعقوبي,female,,,,,,,,,,,,أستاذ جامعي,,,,2014-12-02,1
TNP-00713,الخنساء بن حراث,El Khansa Ben Harrath,,,,,خنساء بن حراث,female,,,,,,,,,,,,مهندس,,,,2014-12-02,1
TNP-00714,فوزية بن فضة,Faouzia Ben Fodha,,,,,فوزيه بن فضه,female,,,,,,,,,,,,معلّم تعليم أساسي,,,,2014-12-02,1
TNP-00715,فاتن  الوسلاتي,Faten Oueslati,,,,,فاتن وسلاتي,female,,,,,,,,,,,,,,,,2016-10-17,1
TNP-00716,فتحي شامخي,Fathi Chamkhi,,,,,فتحي شامخي,male,,,,,,,,,,,,أستاذ جامعي,,,,2014-12-02,1
TNP-00717,فيصل خليفة,Faycel Khelifa,,,,,فيصل خليفه,male,,,,,,,,,,,,إطار سامي بالوظيفة العمومية,,,,2014-12-02,1
TNP-00718,غازي الشواشي,Ghazi Chaouachi,,,,,غازي شواشي,male,,,,,,,,,,,,محامي,,,,2014-12-02,1
TNP-00719,هاجر تريكي,Hager Triki,,,,,هاجر تريكي,female,,,,,,,,,,,,,,,,2019-05-08,1
TNP-00720,حمدي قزقز,Hamdi Guezguez,,,,,حمدي قزقز,male,,,,,,,,,,,,إطار سامي بالوظيفة العمومية,,,,2014-12-02,1
TNP-00721,حاتم الفرجاني,Hatem Ferjani,,,,,حاتم فرجاني,male,,,,,,,,,,,,محامي,,,,2014-12-02,1
TNP-00722,حياة كبير,Hayet Kebaier,,,,,حياه كبير,female,,,,,,,,,,,,إطار سامي بالقطاع البنكي,,,,2014-12-02,1
TNP-00723,هيكل بلقاسم,Haykel Belgacem,,,,,هيكل بلقاسم,male,,,,,,,,,,,,معلّم تعليم أساسي,,,,2014-12-02,1
TNP-00724,الهادي صولة,Hedi Soula,,,,,هادي صوله,male,,,,,,,,,,,,إطار سامي بالوظيفة العمومية,,,,2014-12-02,1
TNP-00725,هاجر بالشيخ أحمد,Heger Ben Cheikh Ahmed,,,,,هاجر بالشيخ احمد,female,,,,,,,,,,,,,,,,2016-10-17,1
TNP-00726,هاجر العروسي,Heger Laaroussi,,,,,هاجر عروسي,female,,,,,,,,,,,,محامي,,,,2014-12-02,1
TNP-00727,هالة عمران,Hela Omrane,,,,,هاله عمران,female,,,,,,,,,,,,تقني سامي,,,,2014-12-02,1
TNP-00728,حمد الخصخوصي,Hmed Khaskhoussi,,,,,حمد خصخوصي,male,,,,,,,,,,,,أستاذ جامعي,,,,2014-12-02,1
TNP-00729,الحسين جزيري,Houcine Jaziri,,,,,حسين جزيري,male,,,,,,,,,,,,مدير مؤسسة,,,,2014-12-02,1
TNP-00730,هدى سليم,Houda Slim,,,,,هدي سليم,female,,,,,,,,,,,,,,,,2015-03-06,1
TNP-00731,هدى تقية,Houda Tekaya,,,,,هدي تقيه,female,,,,,,,,,,,,موظف بالقطاع الخاص,,,,2014-12-02,1
TNP-00732,حسام بونني,Houssem Bounenni,,,,,حسام بونني,male,,,,,,,,,,,,موظف بالقطاع الخاص,,,,2014-12-02,1
TNP-00733,حسن العماري,Hssan Amri,,,,,حسن عماري,male,,,,,,,,,,,,تاجر,,,,2014-12-02,1
TNP-00734,الحسين اليحياوي,Hssine Yahyaoui,,,,,حسين يحياوي,male,,,,,,,,,,,,إطار سامي بالوظيفة العمومية,,,,2014-12-02,1
TNP-00735,ابراهيم بن سعيد,Ibrahim Ben Said,,,,,ابراهيم بن سعيد,male,,,,,,,,,,,,أستاذ تعليم ثانوي,,,,2014-12-02,1
TNP-00736,ابتسام جبابلي,Ibtissem Jebabli,,,,,ابتسام جبابلي,female,,,,,,,,,,,,محامي,,,,2014-12-02,1
TNP-00737,إكرام مولاهي,Ikram Moulahi,,,,,اكرام مولاهي,female,,,,,,,,,,,,طالب,,,,2014-12-02,1
TNP-00738,عماد الدائمي,Imed Daimi,,,,,عماد دايمي,male,,,,,,,,,,,,مهندس,,,,2014-12-02,1
TNP-00739,اسماعيل بن محمود,Ismail Ben Mahmoud,,,,,اسماعيل بن محمود,male,,,,,,,,,,,,موظف بالقطاع الخاص,,,,2014-12-02,1
TNP-00740,عصام الماطوسي,Issam Matoussi,,,,,عصام ماطوسي,male,,,,,,,,,,,,أستاذ جامعي,,,,2014-12-02,1
TNP-00741,إياد الدهماني,Iyad Dahmani,,,,,اياد دهماني,male,,,,,,,,,,,,صحافي,,,,2014-12-02,1
TNP-00742,جيهان عويشي,Jihen Aouichi,,,,,جيهان عويشي,female,,,,,,,,,,,,محامي,,,,2014-12-02,1
TNP-00743,جيهان عبادي,Jihene Abadi,,,,,جيهان عبادي,female,,,,,,,,,,,,طبيب,,,,2019-05-08,1
TNP-00744,الجيلاني الهمامي,Jilani Hammami,,,,,جيلاني همامي,male,,,,,,,,,,,,موظف بالقطاع الخاص,,,,2014-12-02,1
TNP-00745,كمال ذوادي,Kamel Dhaouadi,,,,,كمال ذوادي,male,,,,,,,,,,,,محامي,,,,2014-12-02,1
TNP-00746,كمال هراغي,Kamel Harraghi,,,,,كمال هراغي,male,,,,,,,,,,,,موظف عمومي,,,,2014-12-02,1
TNP-00747,كريم الهلالي,Karim Helali,,,,,كريم هلالي,male,,,,,,,,,,,,قاضي,,,,2014-12-02,1
TNP-00748,كريمة  التقاز,Karima Taggaz,,,,,كريمه تقاز,female,,,,,,,,,,,,,,,,2016-10-17,1
TNP-00749,خالد شوكات,Khaled Chouket,,,,,خالد شوكات,male,,,,,,,,,,,,أستاذ جامعي,,,,2014-12-02,1
TNP-00750,خولة بن عائشة,Khaoula Ben Aicha,,,,,خوله بن عايشه,female,,,,,,,,,,,,باحث جامعي,,,,2014-12-02,1
TNP-00751,خميس قسيلة,Khemais Ksila,,,,,خميس قسيله,male,,,,,,,,,,,,موظف عمومي,,,,2014-12-02,1
TNP-00752,العجمي الوريمي,Lajmi Lourimi,,,,,عجمي وريمي,male,,,,,,,,,,,,أستاذ تعليم ثانوي,,,,2014-12-02,1
TNP-00753,لخضر بالهوشات,Lakhdhar Belhouchat,,,,,لخضر بالهوشات,male,,,,,,,,,,,,معلّم تعليم أساسي,,,,2014-12-02,1
TNP-00754,لمياء  الدريدي,Lamia Dridi,,,,,لمياء دريدي,female,,,,,,,,,,,,,,,,2016-10-17,1
TNP-00755,لمياء الغربي,Lamia Gharbi,,,,,لمياء غربي,female,,,,,,,,,,,,,,,,2015-03-06,1
TNP-00756,لمياء المليح,Lamia Mlayah,,,,,لمياء مليح,female,,,,,,,,,,,,باحث جامعي,,,,2014-12-02,1
TNP-00757,ليلى الشتاوي بوقطف,Leila %D9%90Chettaoui Bougatef,,,,,ليلي شتاوي بوقطف,female,,,,,,,,,,,,إطار سامي بالقطاع الخاص,,,,2017-12-30,1
TNP-00758,ليلى بوقطف,Leila Bougatef,,,,,ليلي بوقطف,female,,,,,,,,,,,,إطار سامي بالقطاع الخاص,,,,2014-12-02,1
TNP-00759,ليلى الحمروني,Leila Hamrouni,,,,,ليلي حمروني,female,,,,,,,,,,,,باحث جامعي,,,,2014-12-02,1
TNP-00760,ليلى الوسلاتي,Leila Oueslati,,,,,ليلي وسلاتي,female,,,,,,,,,,,,أستاذ تعليم ثانوي,,,,2014-12-02,1
TNP-00761,ليلى أولاد علي,Leila Ouled Ali,,,,,ليلي اولاد علي,female,,,,,,,,,,,,إطار سامي بالوظيفة العمومية,,,,2014-12-02,1
TNP-00762,ليلى الزحاف,Leila Zahaf,,,,,ليلي زحاف,female,,,,,,,,,,,,أستاذ جامعي,,,,2014-12-02,1
TNP-00763,ليليا يونس كسيبي,Lilia Younes Ksibi,,,,,ليليا يونس كسيبي,female,,,,,,,,,,,,,,,,2015-03-06,1
TNP-00764,لطفي النابلي,Lotfi Nabli,,,,,لطفي نابلي,male,,,,,,,,,,,,أستاذ جامعي,,,,2014-12-02,1
TNP-00765,محمود قاهري,Mahmoud Kahri,,,,,محمود قاهري,male,,,,,,,,,,,,موظف عمومي,,,,2014-12-02,1
TNP-00766,مروى بوعزي,Maroua Bouazzi,,,,,مروي بوعزي,female,,,,,,,,,,,,,,,,2018-10-12,1
TNP-00767,مروان فلفال,Marouan Felfel,,,,,مروان فلفال,male,,,,,,,,,,,,,,,,2016-03-10,1
TNP-00768,مباركة عوائنية,Mbarka Aouania,,,,,مباركه عواينيه,female,,,,,,,,,,,,معلّم تعليم أساسي,,,,2014-12-02,1
TNP-00769,مريم بوجبل,Meriem Boujbel,,,,,مريم بوجبل,female,,,,,,,,,,,,موظف بالقطاع الخاص,,,,2014-12-02,1
TNP-00770,محمد عبد اللاوي,Mohamed Abdellaoui,,,,,محمد عبد لاوي,male,,,,,,,,,,,,,,,,2017-04-28,1
TNP-00771,محمد علي البدوي,Mohamed Ali Bedoui,,,,,محمد علي بدوي,male,,,,,,,,,,,,متقاعد,,,,2014-12-02,1
TNP-00772,محمد الأمين كحلول,Mohamed Amine Kahloul,,,,,محمد امين كحلول,male,,,,,,,,,,,,متقاعد,,,,2014-12-02,1
TNP-00773,محمد أنور العذار,Mohamed Anouar Adhar,,,,,محمد انور عذار,male,,,,,,,,,,,,مهندس,,,,2014-12-02,1
TNP-00774,محمد بن سالم,Mohamed Ben Salem,,,,,محمد بن سالم,male,,,,,,,,,,,,مهندس,,,,2014-12-02,1
TNP-00775,محمد بنصوف,Mohamed Ben Souf,,,,,محمد بنصوف,male,,,,,,,,,,,,مساعد إجتماعي,,,,2014-12-02,1
TNP-00776,محمد حامدي,Mohamed El Hamdi,,,,,محمد حامدي,male,,,,,,,,,,,,معلّم تعليم أساسي,,,,2014-12-02,1
TNP-00777,محمد الناصر,Mohamed Ennaceur,,,,,محمد ناصر,male,,,,,,,,,,,,محامي,,,,2014-12-02,1
TNP-00778,محمد الناصر جبيرة,Mohamed Ennaceur Jbira,,,,,محمد ناصر جبيره,male,,,,,,,,,,,,محامي,,,,2014-12-02,1
TNP-00779,محمد الفاضل بن عمران,Mohamed Fadhel Ben Omrane,,,,,محمد فاضل بن عمران,male,,,,,,,,,,,,محامي,,,,2014-12-02,1
TNP-00780,محمد الفريخة,Mohamed Frikha,,,,,محمد فريخه,male,,,,,,,,,,,,إطار سامي بالقطاع الخاص,,,,2014-12-02,1
TNP-00781,محمد غنام,Mohamed Ghannem,,,,,محمد غنام,male,,,,,,,,,,,,طبيب,,,,2014-12-02,1
TNP-00782,محمد الهادي قديش,Mohamed Hedi Gueddich,,,,,محمد هادي قديش,male,,,,,,,,,,,,متقاعد,,,,2014-12-02,1
TNP-00783,محمد جلال غديرة,Mohamed Jalel Ghedira,,,,,محمد جلال غديره,male,,,,,,,,,,,,متقاعد,,,,2014-12-02,1
TNP-00784,محمد كمال بسباس,Mohamed Kamel Besbes,,,,,محمد كمال بسباس,male,,,,,,,,,,,,إطار سامي بالوظيفة العمومية,,,,2014-12-02,1
TNP-00785,محمد الأخضر العجيلي,Mohamed Lakhdhar Lajili,,,,,محمد اخضر عجيلي,male,,,,,,,,,,,,أستاذ تعليم ثانوي,,,,2014-12-02,1
TNP-00786,محمد الأزهر عكرمي,Mohamed Lazhar Akremi,,,,,محمد ازهر عكرمي,male,,,,,,,,,,,,محامي,,,,2014-12-02,1
TNP-00787,محمد المحجوب,Mohamed Mahjoub,,,,,محمد محجوب,male,,,,,,,,,,,,طبيب,,,,2014-12-02,1
TNP-00788,محمد المحسن سوداني,Mohamed Mohsen Soudani,,,,,محمد محسن سوداني,male,,,,,,,,,,,,أستاذ تعليم ثانوي,,,,2014-12-02,1
TNP-00789,محمد نجيب ترجمان,Mohamed Nejib Torjmane,,,,,محمد نجيب ترجمان,male,,,,,,,,,,,,موظف بالقطاع الخاص,,,,2014-12-02,1
TNP-00790,محمد الراشدي,Mohamed Rachdi,,,,,محمد راشدي,male,,,,,,,,,,,,متقاعد,,,,2016-11-19,1
TNP-00791,محمد الراشدي بوقرة,Mohamed Rachdi Bouguerra,,,,,محمد راشدي بوقره,male,,,,,,,,,,,,متقاعد,,,,2014-12-02,1
TNP-00792,محمد رمزي خميس,Mohamed Ramzi Khmiss,,,,,محمد رمزي خميس,male,,,,,,,,,,,,موظف عمومي,,,,2014-12-02,1
TNP-00793,محمد سعيدان,Mohamed Saidane,,,,,محمد سعيدان,male,,,,,,,,,,,,مدير مؤسسة,,,,2014-12-02,1
TNP-00794,محمد سيدهم,Mohamed Sidhom,,,,,محمد سيدهم,male,,,,,,,,,,,,متقاعد,,,,2014-12-02,1
TNP-00795,محمد الطرودي,Mohamed Troudi,,,,,محمد طرودي,male,,,,,,,,,,,,موظف بالقطاع الخاص,,,,2014-12-02,1
TNP-00796,محسن حسن,Mohsen Hssan,,,,,محسن حسن,male,,,,,,,,,,,,مدير مؤسسة,,,,2014-12-02,1
TNP-00797,المنصف السلامي,Moncef Sellami,,,,,منصف سلامي,male,,,,,,,,,,,,مدير مؤسسة,,,,2014-12-02,1
TNP-00798,المنذر بلحاج علي,Mondher Belhaj Ali,,,,,منذر بلحاج علي,male,,,,,,,,,,,,أستاذ جامعي,,,,2014-12-02,1
TNP-00799,المنجي حرباوي,Mongi Harbaoui,,,,,منجي حرباوي,male,,,,,,,,,,,,محاسب,,,,2014-12-02,1
TNP-00800,منية ابراهيم,Monia Brahim,,,,,منيه ابراهيم,female,,,,,,,,,,,,طالب,,,,2014-12-02,1
TNP-00801,منير الحمدي,Mounir Hamdi,,,,,منير حمدي,male,,,,,,,,,,,,محامي,,,,2014-12-02,1
TNP-00802,مراد حمايدي,Mourad Hamaidi,,,,,مراد حمايدي,male,,,,,,,,,,,,محامي,,,,2014-12-02,1
TNP-00803,النذير بن عمو,Nadhir Ben Ammou,,,,,نذير بن عمو,male,,,,,,,,,,,,محامي,,,,2014-12-02,1
TNP-00804,نادية زنڨر,Nadia Zangar,,,,,ناديه زنڨر,female,,,,,,,,,,,,طبيب,,,,2014-12-02,1
TNP-00805,ناجية بن عبد الحفيظ,Najia Ben Abdelhafidh,,,,,ناجيه بن عبد حفيظ,female,,,,,,,,,,,,أستاذ تعليم ثانوي,,,,2014-12-02,1
TNP-00806,نجلاء سعداوي,Najla Saadaoui,,,,,نجلاء سعداوي,female,,,,,,,,,,,,محامي,,,,2014-12-02,1
TNP-00807,نوال طياش,Nawel Tayech,,,,,نوال طياش,female,,,,,,,,,,,,موظف بالقطاع الخاص,,,,2014-12-02,1
TNP-00808,نزار عمامي,Nizar Amami,,,,,نزار عمامي,male,,,,,,,,,,,,موظف عمومي,,,,2014-12-02,1
TNP-00809,نورة العامري,Noura Amri,,,,,نوره عامري,female,,,,,,,,,,,,,,,,2015-08-01,1
TNP-00810,نور الدين بن عاشور,Noureddine Ben Achour,,,,,نور دين بن عاشور,male,,,,,,,,,,,,فلاح,,,,2014-12-02,1
TNP-00811,نزهة بياوي,Nozha Biaoui,,,,,نزهه بياوي,female,,,,,,,,,,,,,,,,2015-03-06,1
TNP-00812,ألفة الجويني,Olfa Jouini,,,,,فه جويني,female,,,,,,,,,,,,مدير مؤسسة,,,,2016-03-10,1
TNP-00813,ألفة السكري,Olfa Soukri,,,,,فه سكري,female,,,,,,,,,,,,أستاذ جامعي,,,,2014-12-02,1
TNP-00814,أنس الحطاب,Ons Hattab,,,,,انس حطاب,female,,,,,,,,,,,,أستاذ جامعي,,,,2014-12-02,1
TNP-00815,أسامة علية الصغير,Oussama Al Sghaier,,,,,اسامه عليه صغير,male,,,,,,,,,,,,ممثل جمعياتي,,,,2017-12-30,1
TNP-00816,رابحة بن حسين,Rabha Ben Hassine,,,,,رابحه بن حسين,female,,,,,,,,,,,,أستاذ تعليم ثانوي,,,,2014-12-02,1
TNP-00817,راضيه التومي,Radhia Toumi,,,,,راضيه تومي,female,,,,,,,,,,,,طبيب,,,,2014-12-02,1
TNP-00818,رمزي بن فرج,Ramzi Ben Fraj,,,,,رمزي بن فرج,male,,,,,,,,,,,,محامي,,,,2014-12-02,1
TNP-00819,رياض المؤخر,Riadh Mouakhar,,,,,رياض موخر,male,,,,,,,,,,,,طبيب,,,,2014-12-02,1
TNP-00820,رضا الزغندي,Ridha Zghondi,,,,,رضا زغندي,male,,,,,,,,,,,,محامي,,,,2014-12-02,1
TNP-00821,صبري الدخيل,Sabri Dekhil,,,,,صبري دخيل,male,,,,,,,,,,,,طبيب,,,,2014-12-02,1
TNP-00822,صبرين الغبنتني,Sabrine Goubantini,,,,,صبرين غبنتني,female,,,,,,,,,,,,خبير محاسب,,,,2014-12-02,1
TNP-00823,صافية خلفي,Safia Khalfi,,,,,صافيه خلفي,female,,,,,,,,,,,,أستاذ تعليم ثانوي,,,,2014-12-02,1
TNP-00824,الصحبي بن فرج,Sahbi Ben Fraj,,,,,صحبي بن فرج,male,,,,,,,,,,,,طبيب,,,,2014-12-02,1
TNP-00825,سعيد العايدي,Said Aidi,,,,,سعيد عايدي,male,,,,,,,,,,,,مدير مؤسسة,,,,2014-12-02,1
TNP-00826,صـلاح البرقاوي,Salah Bargaoui,,,,,صلاح برقاوي,male,,,,,,,,,,,,محامي,,,,2014-12-02,1
TNP-00827,سالم حامدي,Salem Hamdi,,,,,سالم حامدي,male,,,,,,,,,,,,أستاذ جامعي,,,,2014-12-02,1
TNP-00828,سلمى اللومي,Salma Elloumi,,,,,سلمي لومي,female,,,,,,,,,,,,مدير مؤسسة,,,,2014-12-02,1
TNP-00829,سماح بوحوال,Sameh Bouhaouel,,,,,سماح بوحوال,female,,,,,,,,,,,,محامي,,,,2014-12-02,1
TNP-00830,سامي الفطناسي,Sami Fetnassi,,,,,سامي فطناسي,male,,,,,,,,,,,,إطار سامي بالقطاع الخاص,,,,2014-12-02,1
TNP-00831,سناء الصالحي,Sana Salhi,,,,,سناء صالحي,female,,,,,,,,,,,,أستاذ تعليم ثانوي,,,,2014-12-02,1
TNP-00832,سليم بسباس,Slim Besbes,,,,,سليم بسباس,male,,,,,,,,,,,,أستاذ جامعي,,,,2014-12-02,1
TNP-00833,سعاد البيولي,Souad Bayouli,,,,,سعاد بيولي,female,,,,,,,,,,,,أستاذ تعليم ثانوي,,,,2014-12-02,1
TNP-00834,سعاد الزوالي,Souad Zaouali,,,,,سعاد زوالي,female,,,,,,,,,,,,إطار سامي بالوظيفة العمومية,,,,2014-12-02,1
TNP-00835,سهيل العلويني,Souhail Alouini,,,,,سهيل علويني,male,,,,,,,,,,,,طبيب,,,,2014-12-02,1
TNP-00836,الطاهر فضيل,Tahar Fdhil,,,,,طاهر فضيل,male,,,,,,,,,,,,محامي,,,,2014-12-02,1
TNP-00837,الطاهر بطيخ,Taher Battikh,,,,,طاهر بطيخ,male,,,,,,,,,,,,,,,,2015-03-06,1
TNP-00838,الطيب المدني,Taieb Medni,,,,,طيب مدني,male,,,,,,,,,,,,محامي,,,,2014-12-02,1
TNP-00839,توفيق الجملي,Taoufik Jemli,,,,,توفيق جملي,male,,,,,,,,,,,,معلّم تعليم أساسي,,,,2014-12-02,1
TNP-00840,توفيق والي,Taoufik Ouali,,,,,توفيق والي,male,,,,,,,,,,,,,,,,2016-01-08,1
TNP-00841,طارق براق,Tarek Barrak,,,,,طارق براق,male,,,,,,,,,,,,متقاعد,,,,2014-12-02,1
TNP-00842,تهامي عبدولي,Touhami Abdouli,,,,,تهامي عبدولي,male,,,,,,,,,,,,أستاذ جامعي,,,,2014-12-02,1
TNP-00843,وفاء مخلوف,Wafa Makhlouf,,,,,وفاء مخلوف,female,,,,,,,,,,,,مدير مؤسسة,,,,2014-12-02,1
TNP-00844,الوليد البناني,Walid Banneni,,,,,وليد بناني,male,,,,,,,,,,,,موظف بالقطاع الخاص,,,,2014-12-02,1
TNP-00845,ياسين ابراهيم,Yassine Brahim,,,,,ياسين ابراهيم,male,,,,,,,,,,,,مدير مؤسسة,,,,2014-12-02,1
TNP-00846,يوسف الجويني,Youssef Jouini,,,,,يوسف جويني,male,,,,,,,,,,,,موظف عمومي,,,,2014-12-02,1
TNP-00847,زياد الأخضر,Zied Lakhdhar,,,,,زياد اخضر,male,,,,,,,,,,,,أستاذ تعليم ثانوي,,,,2014-12-02,1
TNP-00848,الزهرة ادريس,Zohra Idriss,,,,,زهره ادريس,female,,,,,,,,,,,,مدير مؤسسة,,,,2014-12-02,1
TNP-00849,الزهير الرجبي,Zouhair Rejbi,,,,,زهير رجبي,male,,,,,,,,,,,,إطار بالوظيفة العمومية,,,,2016-11-19,1
TNP-00850,الزهير الرجبي,Zouheir Rajbi,,,,,زهير رجبي,male,,,,,,,,,,,,إطار بالوظيفة العمومية,,,,2014-12-02,1
TNP-00851,محمود المسعدي,Mahmoud Messadi,,,,,محمود مسعدي,,,,,,,,,,,,,,,,,1981-11-01,2
TNP-00852,رشيد صفر,Rachid Sfar,,,,,رشيد صفر,,,,,,,,,,,,,,,,,1986-11-02,1
TNP-00853,صلاح الدين بالي,Salah Eddine Baly,,,,,صلاح دين بالي,,,,,,,,,,,,,,,,,1986-11-02,2
TNP-00854,الباجي قائد السبسي,Beji Caid Essebsi,,,,,باجي قايد سبسي,,,,,,,,,,,,,,,,,1989-04-02,1
TNP-00855,الحبيب بولعراس,Habib Boularès,,,,,حبيب بولعراس,,,,,,,,,,,,,,,,,1989-04-02,2
TNP-00856,فؤاد المبزع,Fouad Mebazaa,,,,,فواد مبزع,,,,,,,,,,,,,,,,,1994-03-20,4
