table_name,record_id,field_name,source_id,value_hash,retrieved_at,confidence
persons,TNP-00001,name_ar,ARP_ODOO,87d6bc6aec32,2026-08-29,high
persons,TNP-00001,name_lat,ARP_ODOO,6b50514fc670,2026-08-29,high
persons,TNP-00001,given_name_ar,ARP_ODOO,3611440eb437,2026-08-29,high
persons,TNP-00001,family_name_ar,ARP_ODOO,8a79f8726a31,2026-08-29,high
persons,TNP-00001,given_name_lat,ARP_ODOO,3611440eb437,2026-08-29,high
persons,TNP-00001,family_name_lat,ARP_ODOO,8a79f8726a31,2026-08-29,high
persons,TNP-00001,gender,ARP_ODOO,030ef4a52619,2026-08-29,high
mandates,TNM-107d78f3ddfb,assembly_id,ARP_ODOO,d82703518bea,2026-08-29,high
persons,TNP-00002,name_ar,ARP_ODOO,2131235fe6a1,2026-08-29,high
persons,TNP-00002,name_lat,ARP_ODOO,df345ad32076,2026-08-29,high
persons,TNP-00002,given_name_ar,ARP_ODOO,3611440eb437,2026-08-29,high
persons,TNP-00002,family_name_ar,ARP_ODOO,3861a581cce1,2026-08-29,high
persons,TNP-00002,given_name_lat,ARP_ODOO,3611440eb437,2026-08-29,high
persons,TNP-00002,family_name_lat,ARP_ODOO,3861a581cce1,2026-08-29,high
persons,TNP-00002,gender,ARP_ODOO,030ef4a52619,2026-08-29,high
mandates,TNM-6d24dd68bd6f,assembly_id,ARP_ODOO,d82703518bea,2026-08-29,high
persons,TNP-00003,name_ar,ARP_ODOO,ae528ce3a492,2026-08-29,high
persons,TNP-00003,name_lat,ARP_ODOO,ae95089f6ff8,2026-08-29,high
persons,TNP-00003,given_name_ar,ARP_ODOO,2b65bd37e08d,2026-08-29,high
persons,TNP-00003,family_name_ar,ARP_ODOO,a31d40d115ba,2026-08-29,high
persons,TNP-00003,given_name_lat,ARP_ODOO,2b65bd37e08d,2026-08-29,high
persons,TNP-00003,family_name_lat,ARP_ODOO,a31d40d115ba,2026-08-29,high
persons,TNP-00003,gender,ARP_ODOO,030ef4a52619,2026-08-29,high
mandates,TNM-b76a429cb25e,assembly_id,ARP_ODOO,d82703518bea,2026-08-29,high
persons,TNP-00004,name_ar,ARP_ODOO,9f5081828fab,2026-08-29,high
persons,TNP-00004,name_lat,ARP_ODOO,3eb33894be8b,2026-08-29,high
persons,TNP-00004,given_name_ar,ARP_ODOO,3abeaf25c824,2026-08-29,high
persons,TNP-00004,family_name_ar,ARP_ODOO,1af831f6ef48,2026-08-29,high
persons,TNP-00004,given_name_lat,ARP_ODOO,3abeaf25c824,2026-08-29,high
persons,TNP-00004,family_name_lat,ARP_ODOO,1af831f6ef48,2026-08-29,high
persons,TNP-00004,gender,ARP_ODOO,030ef4a52619,2026-08-29,high
mandates,TNM-160b48cb1234,assembly_id,ARP_ODOO,d82703518bea,2026-08-29,high
persons,TNP-00005,name_ar,ARP_ODOO,0fc7875b6ca6,2026-08-29,high
persons,TNP-00005,name_lat,ARP_ODOO,003a35af6d52,2026-08-29,high
persons,TNP-00005,given_name_ar,ARP_ODOO,db4961d9bbac,2026-08-29,high
persons,TNP-00005,family_name_ar,ARP_ODOO,bc4c2d443eb7,2026-08-29,high
persons,TNP-00005,given_name_lat,ARP_ODOO,db4961d9bbac,2026-08-29,high
persons,TNP-00005,family_name_lat,ARP_ODOO,bc4c2d443eb7,2026-08-29,high
persons,TNP-00005,gender,ARP_ODOO,030ef4a52619,2026-08-29,high
mandates,TNM-b19c8b390a2f,assembly_id,ARP_ODOO,d82703518bea,2026-08-29,high
persons,TNP-00006,name_ar,ARP_ODOO,e0723e58fa12,2026-08-29,high
persons,TNP-00006,name_lat,ARP_ODOO,ba11faa7cda0,2026-08-29,high
persons,TNP-00006,given_name_ar,ARP_ODOO,e485a0ccd8cd,2026-08-29,high
persons,TNP-00006,family_name_ar,ARP_ODOO,0ec23e9f713d,2026-08-29,high
persons,TNP-00006,given_name_lat,ARP_ODOO,e485a0ccd8cd,2026-08-29,high
persons,TNP-00006,family_name_lat,ARP_ODOO,0ec23e9f713d,2026-08-29,high
persons,TNP-00006,gender,ARP_ODOO,030ef4a52619,2026-08-29,high
mandates,TNM-adad15a9a785,assembly_id,ARP_ODOO,d82703518bea,2026-08-29,high
persons,TNP-00007,name_ar,ARP_ODOO,e081096fd45e,2026-08-29,high
persons,TNP-00007,name_lat,ARP_ODOO,2efe646b82d2,2026-08-29,high
persons,TNP-00007,given_name_ar,ARP_ODOO,5af33e680f42,2026-08-29,high
persons,TNP-00007,family_name_ar,ARP_ODOO,2bcb4359329b,2026-08-29,high
persons,TNP-00007,given_name_lat,ARP_ODOO,5af33e680f42,2026-08-29,high
persons,TNP-00007,family_name_lat,ARP_ODOO,2bcb4359329b,2026-08-29,high
persons,TNP-00007,gender,ARP_ODOO,030ef4a52619,2026-08-29,high
mandates,TNM-006cf1e9967a,assembly_id,ARP_ODOO,d82703518bea,2026-08-29,high
persons,TNP-00008,name_ar,ARP_ODOO,12841239d624,2026-08-29,high
persons,TNP-00008,name_lat,ARP_ODOO,ab6b0384c62d,2026-08-29,high
persons,TNP-00008,given_name_ar,ARP_ODOO,857ad2905830,2026-08-29,high
persons,TNP-00008,family_name_ar,ARP_ODOO,ad54a1d2678c,2026-08-29,high
persons,TNP-00008,given_name_lat,ARP_ODOO,857ad2905830,2026-08-29,high
persons,TNP-00008,family_name_lat,ARP_ODOO,ad54a1d2678c,2026-08-29,high
persons,TNP-00008,gender,ARP_ODOO,96a1a08dcded,2026-08-29,high
mandates,TNM-d96cfdde7333,assembly_id,ARP_ODOO,d82703518bea,2026-08-29,high
persons,TNP-00009,name_ar,ARP_ODOO,26795efbc27d,2026-08-29,high
persons,TNP-00009,name_lat,ARP_ODOO,b10f1ed9c7a8,2026-08-29,high
persons,TNP-00009,given_name_ar,ARP_ODOO,877033e72c94,2026-08-29,high
persons,TNP-00009,family_name_ar,ARP_ODOO,4469d4bb7fb7,2026-08-29,high
persons,TNP-00009,given_name_lat,ARP_ODOO,877033e72c94,2026-08-29,high
persons,TNP-00009,family_name_lat,ARP_ODOO,45c289fc847a,2026-08-29,high
persons,TNP-00009,gender,ARP_ODOO,96a1a08dcded,2026-08-29,high
mandates,TNM-8df1f6c50330,assembly_id,ARP_ODOO,d82703518bea,2026-08-29,high
persons,TNP-00010,name_ar,ARP_ODOO,3ec56dfeba2d,2026-08-29,high
persons,TNP-00010,name_lat,ARP_ODOO,0d0d1e79b24e,2026-08-29,high
persons,TNP-00010,given_name_ar,ARP_ODOO,3414e79284f7,2026-08-29,high
persons,TNP-00010,family_name_ar,ARP_ODOO,7da3619960cd,2026-08-29,high
persons,TNP-00010,given_name_lat,ARP_ODOO,3414e79284f7,2026-08-29,high
persons,TNP-00010,family_name_lat,ARP_ODOO,7da3619960cd,2026-08-29,high
persons,TNP-00010,gender,ARP_ODOO,96a1a08dcded,2026-08-29,high
mandates,TNM-8e2a900ff9d6,assembly_id,ARP_ODOO,d82703518bea,2026-08-29,high
persons,TNP-00011,name_ar,ARP_ODOO,f93f61680c3b,2026-08-29,high
persons,TNP-00011,name_lat,ARP_ODOO,9d35358afd94,2026-08-29,high
persons,TNP-00011,given_name_ar,ARP_ODOO,08b3e92556dd,2026-08-29,high
persons,TNP-00011,family_name_ar,ARP_ODOO,1f707b00dbf8,2026-08-29,high
persons,TNP-00011,given_name_lat,ARP_ODOO,08b3e92556dd,2026-08-29,high
persons,TNP-00011,family_name_lat,ARP_ODOO,1f707b00dbf8,2026-08-29,high
persons,TNP-00011,gender,ARP_ODOO,030ef4a52619,2026-08-29,high
mandates,TNM-ec87e1fb39a2,assembly_id,ARP_ODOO,d82703518bea,2026-08-29,high
persons,TNP-00012,name_ar,ARP_ODOO,569fb38678b4,2026-08-29,high
persons,TNP-00012,name_lat,ARP_ODOO,32f663ac4344,2026-08-29,high
persons,TNP-00012,given_name_ar,ARP_ODOO,2c8a49b469ad,2026-08-29,high
persons,TNP-00012,family_name_ar,ARP_ODOO,08b2f43db61e,2026-08-29,high
persons,TNP-00012,given_name_lat,ARP_ODOO,2c8a49b469ad,2026-08-29,high
persons,TNP-00012,family_name_lat,ARP_ODOO,08b2f43db61e,2026-08-29,high
persons,TNP-00012,gender,ARP_ODOO,030ef4a52619,2026-08-29,high
mandates,TNM-12443373ab4c,assembly_id,ARP_ODOO,d82703518bea,2026-08-29,high
persons,TNP-00013,name_ar,ARP_ODOO,b3e823ce470b,2026-08-29,high
persons,TNP-00013,name_lat,ARP_ODOO,e8ad024c05fd,2026-08-29,high
persons,TNP-00013,given_name_ar,ARP_ODOO,0cf99dcc9176,2026-08-29,high
persons,TNP-00013,family_name_ar,ARP_ODOO,f60643e6504b,2026-08-29,high
persons,TNP-00013,given_name_lat,ARP_ODOO,0cf99dcc9176,2026-08-29,high
persons,TNP-00013,family_name_lat,ARP_ODOO,f60643e6504b,2026-08-29,high
persons,TNP-00013,gender,ARP_ODOO,96a1a08dcded,2026-08-29,high
mandates,TNM-e7961122ccdc,assembly_id,ARP_ODOO,d82703518bea,2026-08-29,high
persons,TNP-00014,name_ar,ARP_ODOO,4fd9ae69e03a,2026-08-29,high
persons,TNP-00014,name_lat,ARP_ODOO,81584614e0d5,2026-08-29,high
persons,TNP-00014,given_name_ar,ARP_ODOO,fb71ba4fdc48,2026-08-29,high
persons,TNP-00014,family_name_ar,ARP_ODOO,9e88dcd06fd0,2026-08-29,high
persons,TNP-00014,given_name_lat,ARP_ODOO,fb71ba4fdc48,2026-08-29,high
persons,TNP-00014,family_name_lat,ARP_ODOO,9e88dcd06fd0,2026-08-29,high
persons,TNP-00014,gender,ARP_ODOO,030ef4a52619,2026-08-29,high
mandates,TNM-819543c513f3,assembly_id,ARP_ODOO,d82703518bea,2026-08-29,high
persons,TNP-00015,name_ar,ARP_ODOO,bfb6bf4e38f7,2026-08-29,high
persons,TNP-00015,name_lat,ARP_ODOO,c3f5a7fdd7dd,2026-08-29,high
persons,TNP-00015,given_name_ar,ARP_ODOO,19510ab4bb0a,2026-08-29,high
persons,TNP-00015,family_name_ar,ARP_ODOO,7ef4440de175,2026-08-29,high
persons,TNP-00015,given_name_lat,ARP_ODOO,19510ab4bb0a,2026-08-29,high
persons,TNP-00015,family_name_lat,ARP_ODOO,7ef4440de175,2026-08-29,high
persons,TNP-00015,gender,ARP_ODOO,030ef4a52619,2026-08-29,high
mandates,TNM-e4840fe3aa15,assembly_id,ARP_ODOO,d82703518bea,2026-08-29,high
persons,TNP-00016,name_ar,ARP_ODOO,787043ef0bad,2026-08-29,high
persons,TNP-00016,name_lat,ARP_ODOO,8d8a358270a6,2026-08-29,high
persons,TNP-00016,given_name_ar,ARP_ODOO,5a938ed3b6e2,2026-08-29,high
persons,TNP-00016,family_name_ar,ARP_ODOO,a5120bd84548,2026-08-29,high
persons,TNP-00016,given_name_lat,ARP_ODOO,5a938ed3b6e2,2026-08-29,high
persons,TNP-00016,family_name_lat,ARP_ODOO,a5120bd84548,2026-08-29,high
persons,TNP-00016,gender,ARP_ODOO,96a1a08dcded,2026-08-29,high
mandates,TNM-59b7ac89b604,assembly_id,ARP_ODOO,d82703518bea,2026-08-29,high
persons,TNP-00017,name_ar,ARP_ODOO,5123ad0daa87,2026-08-29,high
persons,TNP-00017,name_lat,ARP_ODOO,e299d28f5a0a,2026-08-29,high
persons,TNP-00017,given_name_ar,ARP_ODOO,d313a61b4568,2026-08-29,high
persons,TNP-00017,family_name_ar,ARP_ODOO,49b40f89077a,2026-08-29,high
persons,TNP-00017,given_name_lat,ARP_ODOO,d313a61b4568,2026-08-29,high
persons,TNP-00017,family_name_lat,ARP_ODOO,49b40f89077a,2026-08-29,high
persons,TNP-00017,gender,ARP_ODOO,030ef4a52619,2026-08-29,high
mandates,TNM-1482b1a73bda,assembly_id,ARP_ODOO,d82703518bea,2026-08-29,high
persons,TNP-00018,name_ar,ARP_ODOO,65767c06ab76,2026-08-29,high
persons,TNP-00018,name_lat,ARP_ODOO,45eaa56145d7,2026-08-29,high
persons,TNP-00018,given_name_ar,ARP_ODOO,7efb079e36f1,2026-08-29,high
persons,TNP-00018,family_name_ar,ARP_ODOO,9ee89e2a3d75,2026-08-29,high
persons,TNP-00018,given_name_lat,ARP_ODOO,7efb079e36f1,2026-08-29,high
persons,TNP-00018,family_name_lat,ARP_ODOO,9ee89e2a3d75,2026-08-29,high
persons,TNP-00018,gender,ARP_ODOO,030ef4a52619,2026-08-29,high
mandates,TNM-48ee161a377b,assembly_id,ARP_ODOO,d82703518bea,2026-08-29,high
persons,TNP-00019,name_ar,ARP_ODOO,971513c1c9e6,2026-08-29,high
persons,TNP-00019,name_lat,ARP_ODOO,e2b2f3ca8b8d,2026-08-29,high
persons,TNP-00019,given_name_ar,ARP_ODOO,0d231417d288,2026-08-29,high
persons,TNP-00019,family_name_ar,ARP_ODOO,5b598bc468c5,2026-08-29,high
persons,TNP-00019,given_name_lat,ARP_ODOO,0d231417d288,2026-08-29,high
persons,TNP-00019,family_name_lat,ARP_ODOO,5b598bc468c5,2026-08-29,high
persons,TNP-00019,gender,ARP_ODOO,96a1a08dcded,2026-08-29,high
mandates,TNM-db0f0e90812c,assembly_id,ARP_ODOO,d82703518bea,2026-08-29,high
persons,TNP-00020,name_ar,ARP_ODOO,a39d24087b8b,2026-08-29,high
persons,TNP-00020,name_lat,ARP_ODOO,90830fc62c5c,2026-08-29,high
persons,TNP-00020,given_name_ar,ARP_ODOO,ec1eb14b1b91,2026-08-29,high
persons,TNP-00020,family_name_ar,ARP_ODOO,de470b8e3103,2026-08-29,high
persons,TNP-00020,given_name_lat,ARP_ODOO,ec1eb14b1b91,2026-08-29,high
persons,TNP-00020,family_name_lat,ARP_ODOO,de470b8e3103,2026-08-29,high
persons,TNP-00020,gender,ARP_ODOO,030ef4a52619,2026-08-29,high
mandates,TNM-8e0203fdcf2b,assembly_id,ARP_ODOO,d82703518bea,2026-08-29,high
persons,TNP-00021,name_ar,ARP_ODOO,64aa6ef39478,2026-08-29,high
persons,TNP-00021,name_lat,ARP_ODOO,cef19325908d,2026-08-29,high
persons,TNP-00021,given_name_ar,ARP_ODOO,b59bdcdf09bb,2026-08-29,high
persons,TNP-00021,family_name_ar,ARP_ODOO,7b8410503b32,2026-08-29,high
persons,TNP-00021,given_name_lat,ARP_ODOO,b59bdcdf09bb,2026-08-29,high
persons,TNP-00021,family_name_lat,ARP_ODOO,7b8410503b32,2026-08-29,high
persons,TNP-00021,gender,ARP_ODOO,030ef4a52619,2026-08-29,high
mandates,TNM-c154d37e1b5e,assembly_id,ARP_ODOO,d82703518bea,2026-08-29,high
persons,TNP-00022,name_ar,ARP_ODOO,16d2ab264ad8,2026-08-29,high
persons,TNP-00022,name_lat,ARP_ODOO,fd57721ef4c3,2026-08-29,high
persons,TNP-00022,given_name_ar,ARP_ODOO,b59bdcdf09bb,2026-08-29,high
persons,TNP-00022,family_name_ar,ARP_ODOO,091dc008fdfa,2026-08-29,high
persons,TNP-00022,given_name_lat,ARP_ODOO,b59bdcdf09bb,2026-08-29,high
persons,TNP-00022,family_name_lat,ARP_ODOO,091dc008fdfa,2026-08-29,high
persons,TNP-00022,gender,ARP_ODOO,030ef4a52619,2026-08-29,high
mandates,TNM-ee7e4be96026,assembly_id,ARP_ODOO,d82703518bea,2026-08-29,high
persons,TNP-00023,name_ar,ARP_ODOO,1ed04dd31c01,2026-08-29,high
persons,TNP-00023,name_lat,ARP_ODOO,0049b3caa094,2026-08-29,high
persons,TNP-00023,given_name_ar,ARP_ODOO,b59bdcdf09bb,2026-08-29,high
persons,TNP-00023,family_name_ar,ARP_ODOO,63913519250f,2026-08-29,high
persons,TNP-00023,given_name_lat,ARP_ODOO,b59bdcdf09bb,2026-08-29,high
persons,TNP-00023,family_name_lat,ARP_ODOO,63913519250f,2026-08-29,high
persons,TNP-00023,gender,ARP_ODOO,030ef4a52619,2026-08-29,high
mandates,TNM-e5ad3505781f,assembly_id,ARP_ODOO,d82703518bea,2026-08-29,high
persons,TNP-00024,name_ar,ARP_ODOO,bb3f661405c3,2026-08-29,high
persons,TNP-00024,name_lat,ARP_ODOO,903bf5946f96,2026-08-29,high
persons,TNP-00024,given_name_ar,ARP_ODOO,07274c8c4509,2026-08-29,high
persons,TNP-00024,family_name_ar,ARP_ODOO,94a275f25421,2026-08-29,high
persons,TNP-00024,given_name_lat,ARP_ODOO,07274c8c4509,2026-08-29,high
persons,TNP-00024,family_name_lat,ARP_ODOO,94a275f25421,2026-08-29,high
persons,TNP-00024,gender,ARP_ODOO,030ef4a52619,2026-08-29,high
mandates,TNM-d412e4d4a0ba,assembly_id,ARP_ODOO,d82703518bea,2026-08-29,high
persons,TNP-00025,name_ar,ARP_ODOO,db4587accb88,2026-08-29,high
persons,TNP-00025,name_lat,ARP_ODOO,4bc728989c86,2026-08-29,high
persons,TNP-00025,given_name_ar,ARP_ODOO,62c242123326,2026-08-29,high
persons,TNP-00025,family_name_ar,ARP_ODOO,ed768689dcb5,2026-08-29,high
persons,TNP-00025,given_name_lat,ARP_ODOO,62c242123326,2026-08-29,high
persons,TNP-00025,family_name_lat,ARP_ODOO,ed768689dcb5,2026-08-29,high
persons,TNP-00025,gender,ARP_ODOO,030ef4a52619,2026-08-29,high
mandates,TNM-8d983ea965ef,assembly_id,ARP_ODOO,d82703518bea,2026-08-29,high
persons,TNP-00026,name_ar,ARP_ODOO,0e24a3ea53d7,2026-08-29,high
persons,TNP-00026,name_lat,ARP_ODOO,69c25c1e1b76,2026-08-29,high
persons,TNP-00026,given_name_ar,ARP_ODOO,7bc385404fb3,2026-08-29,high
persons,TNP-00026,family_name_ar,ARP_ODOO,9c26da3b54df,2026-08-29,high
persons,TNP-00026,given_name_lat,ARP_ODOO,7bc385404fb3,2026-08-29,high
persons,TNP-00026,family_name_lat,ARP_ODOO,9c26da3b54df,2026-08-29,high
persons,TNP-00026,gender,ARP_ODOO,96a1a08dcded,2026-08-29,high
mandates,TNM-3923e74ec10f,assembly_id,ARP_ODOO,d82703518bea,2026-08-29,high
persons,TNP-00027,name_ar,ARP_ODOO,46eaabdaf3ee,2026-08-29,high
persons,TNP-00027,name_lat,ARP_ODOO,e2986b3a44cb,2026-08-29,high
persons,TNP-00027,given_name_ar,ARP_ODOO,8757ce4a088e,2026-08-29,high
persons,TNP-00027,family_name_ar,ARP_ODOO,87b44bd227ed,2026-08-29,high
persons,TNP-00027,given_name_lat,ARP_ODOO,b4d5454b447d,2026-08-29,high
persons,TNP-00027,family_name_lat,ARP_ODOO,9214ac42268d,2026-08-29,high
persons,TNP-00027,gender,ARP_ODOO,030ef4a52619,2026-08-29,high
mandates,TNM-17622c7c88fd,assembly_id,ARP_ODOO,d82703518bea,2026-08-29,high
persons,TNP-00028,name_ar,ARP_ODOO,f591b5841ca8,2026-08-29,high
persons,TNP-00028,name_lat,ARP_ODOO,84baaf62bb9f,2026-08-29,high
persons,TNP-00028,given_name_ar,ARP_ODOO,9b09bcb053b8,2026-08-29,high
persons,TNP-00028,family_name_ar,ARP_ODOO,e34e906db684,2026-08-29,high
persons,TNP-00028,given_name_lat,ARP_ODOO,9b09bcb053b8,2026-08-29,high
persons,TNP-00028,family_name_lat,ARP_ODOO,e34e906db684,2026-08-29,high
persons,TNP-00028,gender,ARP_ODOO,030ef4a52619,2026-08-29,high
mandates,TNM-7408f11e46a2,assembly_id,ARP_ODOO,d82703518bea,2026-08-29,high
persons,TNP-00029,name_ar,ARP_ODOO,e20e04377416,2026-08-29,high
persons,TNP-00029,name_lat,ARP_ODOO,85394c960e6d,2026-08-29,high
persons,TNP-00029,given_name_ar,ARP_ODOO,0f3e066ca11a,2026-08-29,high
persons,TNP-00029,family_name_ar,ARP_ODOO,3e7c3d2f9ab1,2026-08-29,high
persons,TNP-00029,given_name_lat,ARP_ODOO,0f3e066ca11a,2026-08-29,high
persons,TNP-00029,family_name_lat,ARP_ODOO,3e7c3d2f9ab1,2026-08-29,high
persons,TNP-00029,gender,ARP_ODOO,030ef4a52619,2026-08-29,high
mandates,TNM-8d0d57591d83,assembly_id,ARP_ODOO,d82703518bea,2026-08-29,high
persons,TNP-00030,name_ar,ARP_ODOO,301c0c21c97c,2026-08-29,high
persons,TNP-00030,name_lat,ARP_ODOO,88db75019b4d,2026-08-29,high
persons,TNP-00030,given_name_ar,ARP_ODOO,0f3e066ca11a,2026-08-29,high
persons,TNP-00030,family_name_ar,ARP_ODOO,5697945c48ff,2026-08-29,high
persons,TNP-00030,given_name_lat,ARP_ODOO,0f3e066ca11a,2026-08-29,high
persons,TNP-00030,family_name_lat,ARP_ODOO,5697945c48ff,2026-08-29,high
persons,TNP-00030,gender,ARP_ODOO,030ef4a52619,2026-08-29,high
mandates,TNM-a599d6fcfcde,assembly_id,ARP_ODOO,d82703518bea,2026-08-29,high
persons,TNP-00031,name_ar,ARP_ODOO,9e4391fb98c8,2026-08-29,high
persons,TNP-00031,name_lat,ARP_ODOO,e08acacd90bb,2026-08-29,high
persons,TNP-00031,given_name_ar,ARP_ODOO,d1943bb3e102,2026-08-29,high
persons,TNP-00031,family_name_ar,ARP_ODOO,6e7b272a769f,2026-08-29,high
persons,TNP-00031,given_name_lat,ARP_ODOO,d1943bb3e102,2026-08-29,high
persons,TNP-00031,family_name_lat,ARP_ODOO,6e7b272a769f,2026-08-29,high
persons,TNP-00031,gender,ARP_ODOO,030ef4a52619,2026-08-29,high
mandates,TNM-2ac75a6dd096,assembly_id,ARP_ODOO,d82703518bea,2026-08-29,high
persons,TNP-00032,name_ar,ARP_ODOO,51136a847659,2026-08-29,high
persons,TNP-00032,name_lat,ARP_ODOO,04983e751a0c,2026-08-29,high
persons,TNP-00032,given_name_ar,ARP_ODOO,cd34baecd669,2026-08-29,high
persons,TNP-00032,family_name_ar,ARP_ODOO,12072ab667a8,2026-08-29,high
persons,TNP-00032,given_name_lat,ARP_ODOO,cd34baecd669,2026-08-29,high
persons,TNP-00032,family_name_lat,ARP_ODOO,12072ab667a8,2026-08-29,high
persons,TNP-00032,gender,ARP_ODOO,030ef4a52619,2026-08-29,high
mandates,TNM-4c8440ea51b2,assembly_id,ARP_ODOO,d82703518bea,2026-08-29,high
persons,TNP-00033,name_ar,ARP_ODOO,3b83ec6599b4,2026-08-29,high
persons,TNP-00033,name_lat,ARP_ODOO,cd34baecd669,2026-08-29,high
persons,TNP-00033,given_name_ar,ARP_ODOO,d1943bb3e102,2026-08-29,high
persons,TNP-00033,family_name_ar,ARP_ODOO,93f0a0d81e4b,2026-08-29,high
persons,TNP-00033,given_name_lat,ARP_ODOO,d1943bb3e102,2026-08-29,high
persons,TNP-00033,family_name_lat,ARP_ODOO,93f0a0d81e4b,2026-08-29,high
persons,TNP-00033,gender,ARP_ODOO,030ef4a52619,2026-08-29,high
mandates,TNM-837d27550c2e,assembly_id,ARP_ODOO,d82703518bea,2026-08-29,high
persons,TNP-00034,name_ar,ARP_ODOO,d0145a58c82b,2026-08-29,high
persons,TNP-00034,name_lat,ARP_ODOO,465442deedfb,2026-08-29,high
persons,TNP-00034,given_name_ar,ARP_ODOO,d1943bb3e102,2026-08-29,high
persons,TNP-00034,family_name_ar,ARP_ODOO,d307dc6b4c1f,2026-08-29,high
persons,TNP-00034,given_name_lat,ARP_ODOO,d1943bb3e102,2026-08-29,high
persons,TNP-00034,family_name_lat,ARP_ODOO,d307dc6b4c1f,2026-08-29,high
persons,TNP-00034,gender,ARP_ODOO,030ef4a52619,2026-08-29,high
mandates,TNM-9ae5f462b971,assembly_id,ARP_ODOO,d82703518bea,2026-08-29,high
persons,TNP-00035,name_ar,ARP_ODOO,f4eb9b16fbf5,2026-08-29,high
persons,TNP-00035,name_lat,ARP_ODOO,9f8a9c009282,2026-08-29,high
persons,TNP-00035,given_name_ar,ARP_ODOO,d1943bb3e102,2026-08-29,high
persons,TNP-00035,family_name_ar,ARP_ODOO,60dba85ac1b1,2026-08-29,high
persons,TNP-00035,given_name_lat,ARP_ODOO,d1943bb3e102,2026-08-29,high
persons,TNP-00035,family_name_lat,ARP_ODOO,60dba85ac1b1,2026-08-29,high
persons,TNP-00035,gender,ARP_ODOO,030ef4a52619,2026-08-29,high
mandates,TNM-31155ec943a5,assembly_id,ARP_ODOO,d82703518bea,2026-08-29,high
persons,TNP-00036,name_ar,ARP_ODOO,6228df60781b,2026-08-29,high
persons,TNP-00036,name_lat,ARP_ODOO,2893faf0bee3,2026-08-29,high
persons,TNP-00036,given_name_ar,ARP_ODOO,a41011f61d5a,2026-08-29,high
persons,TNP-00036,family_name_ar,ARP_ODOO,d8e508344cf7,2026-08-29,high
persons,TNP-00036,given_name_lat,ARP_ODOO,a41011f61d5a,2026-08-29,high
persons,TNP-00036,family_name_lat,ARP_ODOO,d8e508344cf7,2026-08-29,high
persons,TNP-00036,gender,ARP_ODOO,030ef4a52619,2026-08-29,high
mandates,TNM-34d691d129ad,assembly_id,ARP_ODOO,d82703518bea,2026-08-29,high
persons,TNP-00037,name_ar,ARP_ODOO,c8941c695db2,2026-08-29,high
persons,TNP-00037,name_lat,ARP_ODOO,f9742268279d,2026-08-29,high
persons,TNP-00037,given_name_ar,ARP_ODOO,d1943bb3e102,2026-08-29,high
persons,TNP-00037,family_name_ar,ARP_ODOO,5cc1377d24b0,2026-08-29,high
persons,TNP-00037,given_name_lat,ARP_ODOO,d1943bb3e102,2026-08-29,high
persons,TNP-00037,family_name_lat,ARP_ODOO,5cc1377d24b0,2026-08-29,high
persons,TNP-00037,gender,ARP_ODOO,030ef4a52619,2026-08-29,high
mandates,TNM-85d138e8f830,assembly_id,ARP_ODOO,d82703518bea,2026-08-29,high
persons,TNP-00038,name_ar,ARP_ODOO,83cae03c006a,2026-08-29,high
persons,TNP-00038,name_lat,ARP_ODOO,87a407e360d3,2026-08-29,high
persons,TNP-00038,given_name_ar,ARP_ODOO,d1943bb3e102,2026-08-29,high
persons,TNP-00038,family_name_ar,ARP_ODOO,78ea1ce8c7cb,2026-08-29,high
persons,TNP-00038,given_name_lat,ARP_ODOO,d1943bb3e102,2026-08-29,high
persons,TNP-00038,family_name_lat,ARP_ODOO,78ea1ce8c7cb,2026-08-29,high
persons,TNP-00038,gender,ARP_ODOO,030ef4a52619,2026-08-29,high
mandates,TNM-ec7f4498a14c,assembly_id,ARP_ODOO,d82703518bea,2026-08-29,high
persons,TNP-00039,name_ar,ARP_ODOO,61ca90550f2c,2026-08-29,high
persons,TNP-00039,name_lat,ARP_ODOO,9ec8f3c692af,2026-08-29,high
persons,TNP-00039,given_name_ar,ARP_ODOO,604088d71672,2026-08-29,high
persons,TNP-00039,family_name_ar,ARP_ODOO,ad326db3b641,2026-08-29,high
persons,TNP-00039,given_name_lat,ARP_ODOO,604088d71672,2026-08-29,high
persons,TNP-00039,family_name_lat,ARP_ODOO,ad326db3b641,2026-08-29,high
persons,TNP-00039,gender,ARP_ODOO,030ef4a52619,2026-08-29,high
mandates,TNM-93bc19ecba0f,assembly_id,ARP_ODOO,d82703518bea,2026-08-29,high
persons,TNP-00040,name_ar,ARP_ODOO,5a8ac2428d8f,2026-08-29,high
persons,TNP-00040,name_lat,ARP_ODOO,b366fde8b1f3,2026-08-29,high
persons,TNP-00040,given_name_ar,ARP_ODOO,604088d71672,2026-08-29,high
persons,TNP-00040,family_name_ar,ARP_ODOO,e3e27484e046,2026-08-29,high
persons,TNP-00040,given_name_lat,ARP_ODOO,604088d71672,2026-08-29,high
persons,TNP-00040,family_name_lat,ARP_ODOO,e3e27484e046,2026-08-29,high
persons,TNP-00040,gender,ARP_ODOO,030ef4a52619,2026-08-29,high
mandates,TNM-6ab2269427d7,assembly_id,ARP_ODOO,d82703518bea,2026-08-29,high
persons,TNP-00041,name_ar,ARP_ODOO,b7b29ed56120,2026-08-29,high
persons,TNP-00041,name_lat,ARP_ODOO,763386ae17b8,2026-08-29,high
persons,TNP-00041,given_name_ar,ARP_ODOO,d1943bb3e102,2026-08-29,high
persons,TNP-00041,family_name_ar,ARP_ODOO,823015a29d3a,2026-08-29,high
persons,TNP-00041,given_name_lat,ARP_ODOO,d1943bb3e102,2026-08-29,high
persons,TNP-00041,family_name_lat,ARP_ODOO,823015a29d3a,2026-08-29,high
persons,TNP-00041,gender,ARP_ODOO,030ef4a52619,2026-08-29,high
mandates,TNM-7dbc7c42ee2d,assembly_id,ARP_ODOO,d82703518bea,2026-08-29,high
persons,TNP-00042,name_ar,ARP_ODOO,47fc710c0172,2026-08-29,high
persons,TNP-00042,name_lat,ARP_ODOO,d9cbdfbc3be1,2026-08-29,high
persons,TNP-00042,given_name_ar,ARP_ODOO,aaa3818b0ecb,2026-08-29,high
persons,TNP-00042,family_name_ar,ARP_ODOO,3c0b23d7b541,2026-08-29,high
persons,TNP-00042,given_name_lat,ARP_ODOO,aaa3818b0ecb,2026-08-29,high
persons,TNP-00042,family_name_lat,ARP_ODOO,3c0b23d7b541,2026-08-29,high
persons,TNP-00042,gender,ARP_ODOO,030ef4a52619,2026-08-29,high
mandates,TNM-65808a1b36af,assembly_id,ARP_ODOO,d82703518bea,2026-08-29,high
persons,TNP-00043,name_ar,ARP_ODOO,352642e38041,2026-08-29,high
persons,TNP-00043,name_lat,ARP_ODOO,d869087fd5e4,2026-08-29,high
persons,TNP-00043,given_name_ar,ARP_ODOO,f22e7873cd4d,2026-08-29,high
persons,TNP-00043,family_name_ar,ARP_ODOO,d1943bb3e102,2026-08-29,high
persons,TNP-00043,given_name_lat,ARP_ODOO,292959f6c7ab,2026-08-29,high
persons,TNP-00043,family_name_lat,ARP_ODOO,bf85cd6726e5,2026-08-29,high
persons,TNP-00043,gender,ARP_ODOO,030ef4a52619,2026-08-29,high
mandates,TNM-57edd49ae249,assembly_id,ARP_ODOO,d82703518bea,2026-08-29,high
persons,TNP-00044,name_ar,ARP_ODOO,b0aee207e7bd,2026-08-29,high
persons,TNP-00044,name_lat,ARP_ODOO,5a4971a2a5f4,2026-08-29,high
persons,TNP-00044,given_name_ar,ARP_ODOO,e1b28ebb8535,2026-08-29,high
persons,TNP-00044,family_name_ar,ARP_ODOO,e48f8c50d057,2026-08-29,high
persons,TNP-00044,given_name_lat,ARP_ODOO,e1b28ebb8535,2026-08-29,high
persons,TNP-00044,family_name_lat,ARP_ODOO,e48f8c50d057,2026-08-29,high
persons,TNP-00044,gender,ARP_ODOO,030ef4a52619,2026-08-29,high
mandates,TNM-8fd0cf19ab0d,assembly_id,ARP_ODOO,d82703518bea,2026-08-29,high
persons,TNP-00045,name_ar,ARP_ODOO,8d6794f24cd9,2026-08-29,high
persons,TNP-00045,name_lat,ARP_ODOO,c2f95f38e367,2026-08-29,high
persons,TNP-00045,given_name_ar,ARP_ODOO,876a8678832b,2026-08-29,high
persons,TNP-00045,family_name_ar,ARP_ODOO,1ffc091f33a8,2026-08-29,high
persons,TNP-00045,given_name_lat,ARP_ODOO,876a8678832b,2026-08-29,high
persons,TNP-00045,family_name_lat,ARP_ODOO,1ffc091f33a8,2026-08-29,high
persons,TNP-00045,gender,ARP_ODOO,030ef4a52619,2026-08-29,high
mandates,TNM-f1fbdf7b20c4,assembly_id,ARP_ODOO,d82703518bea,2026-08-29,high
persons,TNP-00046,name_ar,ARP_ODOO,045d450a871d,2026-08-29,high
persons,TNP-00046,name_lat,ARP_ODOO,1d8755063904,2026-08-29,high
persons,TNP-00046,given_name_ar,ARP_ODOO,876a8678832b,2026-08-29,high
persons,TNP-00046,family_name_ar,ARP_ODOO,ce42717fcb5b,2026-08-29,high
persons,TNP-00046,given_name_lat,ARP_ODOO,876a8678832b,2026-08-29,high
persons,TNP-00046,family_name_lat,ARP_ODOO,ce42717fcb5b,2026-08-29,high
persons,TNP-00046,gender,ARP_ODOO,030ef4a52619,2026-08-29,high
mandates,TNM-996ab91b15a7,assembly_id,ARP_ODOO,d82703518bea,2026-08-29,high
persons,TNP-00047,name_ar,ARP_ODOO,8fd689bdaf1c,2026-08-29,high
persons,TNP-00047,name_lat,ARP_ODOO,b3ed9973558d,2026-08-29,high
persons,TNP-00047,given_name_ar,ARP_ODOO,f41af908ced6,2026-08-29,high
persons,TNP-00047,family_name_ar,ARP_ODOO,e3e27484e046,2026-08-29,high
persons,TNP-00047,given_name_lat,ARP_ODOO,f41af908ced6,2026-08-29,high
persons,TNP-00047,family_name_lat,ARP_ODOO,e3e27484e046,2026-08-29,high
persons,TNP-00047,gender,ARP_ODOO,96a1a08dcded,2026-08-29,high
mandates,TNM-37793cb9d654,assembly_id,ARP_ODOO,d82703518bea,2026-08-29,high
persons,TNP-00048,name_ar,ARP_ODOO,5b098bc18bb1,2026-08-29,high
persons,TNP-00048,name_lat,ARP_ODOO,aca161514089,2026-08-29,high
persons,TNP-00048,given_name_ar,ARP_ODOO,71b485b89252,2026-08-29,high
persons,TNP-00048,family_name_ar,ARP_ODOO,0fa1d7d6946c,2026-08-29,high
persons,TNP-00048,given_name_lat,ARP_ODOO,1e4fecee6fa0,2026-08-29,high
persons,TNP-00048,family_name_lat,ARP_ODOO,61f602ea1757,2026-08-29,high
persons,TNP-00048,gender,ARP_ODOO,030ef4a52619,2026-08-29,high
mandates,TNM-973e3426f688,assembly_id,ARP_ODOO,d82703518bea,2026-08-29,high
persons,TNP-00049,name_ar,ARP_ODOO,5e81b2fd4278,2026-08-29,high
persons,TNP-00049,name_lat,ARP_ODOO,5552f84fc9b6,2026-08-29,high
persons,TNP-00049,given_name_ar,ARP_ODOO,1e4fecee6fa0,2026-08-29,high
persons,TNP-00049,family_name_ar,ARP_ODOO,29ea40a6daee,2026-08-29,high
persons,TNP-00049,given_name_lat,ARP_ODOO,1e4fecee6fa0,2026-08-29,high
persons,TNP-00049,family_name_lat,ARP_ODOO,29ea40a6daee,2026-08-29,high
persons,TNP-00049,gender,ARP_ODOO,030ef4a52619,2026-08-29,high
mandates,TNM-6c7941a5d73b,assembly_id,ARP_ODOO,d82703518bea,2026-08-29,high
persons,TNP-00050,name_ar,ARP_ODOO,e9754544f3e4,2026-08-29,high
persons,TNP-00050,name_lat,ARP_ODOO,69491a5251ec,2026-08-29,high
persons,TNP-00050,given_name_ar,ARP_ODOO,09512edaf634,2026-08-29,high
persons,TNP-00050,family_name_ar,ARP_ODOO,9d51376c4334,2026-08-29,high
persons,TNP-00050,given_name_lat,ARP_ODOO,09512edaf634,2026-08-29,high
persons,TNP-00050,family_name_lat,ARP_ODOO,9d51376c4334,2026-08-29,high
persons,TNP-00050,gender,ARP_ODOO,030ef4a52619,2026-08-29,high
mandates,TNM-fbf250bb2696,assembly_id,ARP_ODOO,d82703518bea,2026-08-29,high
persons,TNP-00051,name_ar,ARP_ODOO,1c9017be1783,2026-08-29,high
persons,TNP-00051,name_lat,ARP_ODOO,2d1257f0d9d4,2026-08-29,high
persons,TNP-00051,given_name_ar,ARP_ODOO,c374eeae34eb,2026-08-29,high
persons,TNP-00051,family_name_ar,ARP_ODOO,3a8920bddff2,2026-08-29,high
persons,TNP-00051,given_name_lat,ARP_ODOO,09512edaf634,2026-08-29,high
persons,TNP-00051,family_name_lat,ARP_ODOO,b75b18fd57c3,2026-08-29,high
persons,TNP-00051,gender,ARP_ODOO,030ef4a52619,2026-08-29,high
mandates,TNM-ffdf5d755f76,assembly_id,ARP_ODOO,d82703518bea,2026-08-29,high
persons,TNP-00052,name_ar,ARP_ODOO,d6653b69147e,2026-08-29,high
persons,TNP-00052,name_lat,ARP_ODOO,f8f566ca93e9,2026-08-29,high
persons,TNP-00052,given_name_ar,ARP_ODOO,2bfaa9833126,2026-08-29,high
persons,TNP-00052,family_name_ar,ARP_ODOO,b0d801a186a3,2026-08-29,high
persons,TNP-00052,given_name_lat,ARP_ODOO,2bfaa9833126,2026-08-29,high
persons,TNP-00052,family_name_lat,ARP_ODOO,b0d801a186a3,2026-08-29,high
persons,TNP-00052,gender,ARP_ODOO,030ef4a52619,2026-08-29,high
mandates,TNM-415ebf17bcc1,assembly_id,ARP_ODOO,d82703518bea,2026-08-29,high
persons,TNP-00053,name_ar,ARP_ODOO,dde4ee12db2b,2026-08-29,high
persons,TNP-00053,name_lat,ARP_ODOO,d14d442ad079,2026-08-29,high
persons,TNP-00053,given_name_ar,ARP_ODOO,fb0b087dc6b3,2026-08-29,high
persons,TNP-00053,family_name_ar,ARP_ODOO,5a7d671afe1c,2026-08-29,high
persons,TNP-00053,given_name_lat,ARP_ODOO,fb0b087dc6b3,2026-08-29,high
persons,TNP-00053,family_name_lat,ARP_ODOO,5a7d671afe1c,2026-08-29,high
persons,TNP-00053,gender,ARP_ODOO,030ef4a52619,2026-08-29,high
mandates,TNM-392a0fce19b2,assembly_id,ARP_ODOO,d82703518bea,2026-08-29,high
persons,TNP-00054,name_ar,ARP_ODOO,8de854cca499,2026-08-29,high
persons,TNP-00054,name_lat,ARP_ODOO,702f4050dc76,2026-08-29,high
persons,TNP-00054,given_name_ar,ARP_ODOO,2ad33fed97e7,2026-08-29,high
persons,TNP-00054,family_name_ar,ARP_ODOO,e6be8ac049e3,2026-08-29,high
persons,TNP-00054,given_name_lat,ARP_ODOO,2ad33fed97e7,2026-08-29,high
persons,TNP-00054,family_name_lat,ARP_ODOO,e6be8ac049e3,2026-08-29,high
persons,TNP-00054,gender,ARP_ODOO,030ef4a52619,2026-08-29,high
mandates,TNM-5793add504c8,assembly_id,ARP_ODOO,d82703518bea,2026-08-29,high
persons,TNP-00055,name_ar,ARP_ODOO,a6e529d7364e,2026-08-29,high
persons,TNP-00055,name_lat,ARP_ODOO,554842dd5864,2026-08-29,high
persons,TNP-00055,given_name_ar,ARP_ODOO,0e13b2b95521,2026-08-29,high
persons,TNP-00055,family_name_ar,ARP_ODOO,379e473e6521,2026-08-29,high
persons,TNP-00055,given_name_lat,ARP_ODOO,0e13b2b95521,2026-08-29,high
persons,TNP-00055,family_name_lat,ARP_ODOO,379e473e6521,2026-08-29,high
persons,TNP-00055,gender,ARP_ODOO,030ef4a52619,2026-08-29,high
mandates,TNM-f2655f17b98a,assembly_id,ARP_ODOO,d82703518bea,2026-08-29,high
persons,TNP-00056,name_ar,ARP_ODOO,0df7c72ff787,2026-08-29,high
persons,TNP-00056,name_lat,ARP_ODOO,1e21291de540,2026-08-29,high
persons,TNP-00056,given_name_ar,ARP_ODOO,5a3346dddf0f,2026-08-29,high
persons,TNP-00056,family_name_ar,ARP_ODOO,4a2c59b643d0,2026-08-29,high
persons,TNP-00056,given_name_lat,ARP_ODOO,5a3346dddf0f,2026-08-29,high
persons,TNP-00056,family_name_lat,ARP_ODOO,4a2c59b643d0,2026-08-29,high
persons,TNP-00056,gender,ARP_ODOO,030ef4a52619,2026-08-29,high
mandates,TNM-67817656f140,assembly_id,ARP_ODOO,d82703518bea,2026-08-29,high
persons,TNP-00057,name_ar,ARP_ODOO,7e057333b411,2026-08-29,high
persons,TNP-00057,name_lat,ARP_ODOO,64cd4ae9265f,2026-08-29,high
persons,TNP-00057,given_name_ar,ARP_ODOO,5a3346dddf0f,2026-08-29,high
persons,TNP-00057,family_name_ar,ARP_ODOO,a6adfb7d5e16,2026-08-29,high
persons,TNP-00057,given_name_lat,ARP_ODOO,5a3346dddf0f,2026-08-29,high
persons,TNP-00057,family_name_lat,ARP_ODOO,a6adfb7d5e16,2026-08-29,high
persons,TNP-00057,gender,ARP_ODOO,030ef4a52619,2026-08-29,high
mandates,TNM-d125c23eeea8,assembly_id,ARP_ODOO,d82703518bea,2026-08-29,high
persons,TNP-00058,name_ar,ARP_ODOO,65ee3a9a0233,2026-08-29,high
persons,TNP-00058,name_lat,ARP_ODOO,81c9ea5ebd58,2026-08-29,high
persons,TNP-00058,given_name_ar,ARP_ODOO,3482745dacd0,2026-08-29,high
persons,TNP-00058,family_name_ar,ARP_ODOO,8234ebf7aacf,2026-08-29,high
persons,TNP-00058,given_name_lat,ARP_ODOO,3482745dacd0,2026-08-29,high
persons,TNP-00058,family_name_lat,ARP_ODOO,8234ebf7aacf,2026-08-29,high
persons,TNP-00058,gender,ARP_ODOO,96a1a08dcded,2026-08-29,high
mandates,TNM-cc67a5204520,assembly_id,ARP_ODOO,d82703518bea,2026-08-29,high
persons,TNP-00059,name_ar,ARP_ODOO,9a36ea2081ad,2026-08-29,high
persons,TNP-00059,name_lat,ARP_ODOO,03dc0b43c7cc,2026-08-29,high
persons,TNP-00059,given_name_ar,ARP_ODOO,622d7f5f20fc,2026-08-29,high
persons,TNP-00059,family_name_ar,ARP_ODOO,2bdb77ae1ec7,2026-08-29,high
persons,TNP-00059,given_name_lat,ARP_ODOO,622d7f5f20fc,2026-08-29,high
persons,TNP-00059,family_name_lat,ARP_ODOO,2bdb77ae1ec7,2026-08-29,high
persons,TNP-00059,gender,ARP_ODOO,96a1a08dcded,2026-08-29,high
mandates,TNM-5209ae3b7b51,assembly_id,ARP_ODOO,d82703518bea,2026-08-29,high
persons,TNP-00060,name_ar,ARP_ODOO,5cf2af15d823,2026-08-29,high
persons,TNP-00060,name_lat,ARP_ODOO,3883f2afc5ff,2026-08-29,high
persons,TNP-00060,given_name_ar,ARP_ODOO,f31d0c3f82e3,2026-08-29,high
persons,TNP-00060,family_name_ar,ARP_ODOO,5caa3941117b,2026-08-29,high
persons,TNP-00060,given_name_lat,ARP_ODOO,f31d0c3f82e3,2026-08-29,high
persons,TNP-00060,family_name_lat,ARP_ODOO,5caa3941117b,2026-08-29,high
persons,TNP-00060,gender,ARP_ODOO,030ef4a52619,2026-08-29,high
mandates,TNM-833d11c247b2,assembly_id,ARP_ODOO,d82703518bea,2026-08-29,high
persons,TNP-00061,name_ar,ARP_ODOO,2a5f7e76020b,2026-08-29,high
persons,TNP-00061,name_lat,ARP_ODOO,3bddab4454b7,2026-08-29,high
persons,TNP-00061,given_name_ar,ARP_ODOO,7a026e581de7,2026-08-29,high
persons,TNP-00061,family_name_ar,ARP_ODOO,9546b95bfd77,2026-08-29,high
persons,TNP-00061,given_name_lat,ARP_ODOO,7a026e581de7,2026-08-29,high
persons,TNP-00061,family_name_lat,ARP_ODOO,9546b95bfd77,2026-08-29,high
persons,TNP-00061,gender,ARP_ODOO,96a1a08dcded,2026-08-29,high
mandates,TNM-32e625e44d24,assembly_id,ARP_ODOO,d82703518bea,2026-08-29,high
persons,TNP-00062,name_ar,ARP_ODOO,41e819564108,2026-08-29,high
persons,TNP-00062,name_lat,ARP_ODOO,78839553cdc7,2026-08-29,high
persons,TNP-00062,given_name_ar,ARP_ODOO,854c0abd4141,2026-08-29,high
persons,TNP-00062,family_name_ar,ARP_ODOO,652ff8152b57,2026-08-29,high
persons,TNP-00062,given_name_lat,ARP_ODOO,854c0abd4141,2026-08-29,high
persons,TNP-00062,family_name_lat,ARP_ODOO,652ff8152b57,2026-08-29,high
persons,TNP-00062,gender,ARP_ODOO,030ef4a52619,2026-08-29,high
mandates,TNM-96ddcef9aabf,assembly_id,ARP_ODOO,d82703518bea,2026-08-29,high
persons,TNP-00063,name_ar,ARP_ODOO,36c96a322f0a,2026-08-29,high
persons,TNP-00063,name_lat,ARP_ODOO,014abe61ec92,2026-08-29,high
persons,TNP-00063,given_name_ar,ARP_ODOO,854c0abd4141,2026-08-29,high
persons,TNP-00063,family_name_ar,ARP_ODOO,88f06b2ebbbd,2026-08-29,high
persons,TNP-00063,given_name_lat,ARP_ODOO,854c0abd4141,2026-08-29,high
persons,TNP-00063,family_name_lat,ARP_ODOO,88f06b2ebbbd,2026-08-29,high
persons,TNP-00063,gender,ARP_ODOO,030ef4a52619,2026-08-29,high
mandates,TNM-319f6a660088,assembly_id,ARP_ODOO,d82703518bea,2026-08-29,high
persons,TNP-00064,name_ar,ARP_ODOO,a5c851594558,2026-08-29,high
persons,TNP-00064,name_lat,ARP_ODOO,725906ee37d0,2026-08-29,high
persons,TNP-00064,given_name_ar,ARP_ODOO,00896d472c77,2026-08-29,high
persons,TNP-00064,family_name_ar,ARP_ODOO,266a8762bce4,2026-08-29,high
persons,TNP-00064,given_name_lat,ARP_ODOO,00896d472c77,2026-08-29,high
persons,TNP-00064,family_name_lat,ARP_ODOO,266a8762bce4,2026-08-29,high
persons,TNP-00064,gender,ARP_ODOO,030ef4a52619,2026-08-29,high
mandates,TNM-5f47f1c82816,assembly_id,ARP_ODOO,d82703518bea,2026-08-29,high
persons,TNP-00065,name_ar,ARP_ODOO,db969184590b,2026-08-29,high
persons,TNP-00065,name_lat,ARP_ODOO,783823baeb6e,2026-08-29,high
persons,TNP-00065,given_name_ar,ARP_ODOO,70aac6f05789,2026-08-29,high
persons,TNP-00065,family_name_ar,ARP_ODOO,d61e8151f9dc,2026-08-29,high
persons,TNP-00065,given_name_lat,ARP_ODOO,70aac6f05789,2026-08-29,high
persons,TNP-00065,family_name_lat,ARP_ODOO,d61e8151f9dc,2026-08-29,high
persons,TNP-00065,gender,ARP_ODOO,030ef4a52619,2026-08-29,high
mandates,TNM-7582b2b4b0a7,assembly_id,ARP_ODOO,d82703518bea,2026-08-29,high
persons,TNP-00066,name_ar,ARP_ODOO,e71191a03e51,2026-08-29,high
persons,TNP-00066,name_lat,ARP_ODOO,3af839a7da2f,2026-08-29,high
persons,TNP-00066,given_name_ar,ARP_ODOO,53742d065633,2026-08-29,high
persons,TNP-00066,family_name_ar,ARP_ODOO,7dec5ecea2e3,2026-08-29,high
persons,TNP-00066,given_name_lat,ARP_ODOO,53742d065633,2026-08-29,high
persons,TNP-00066,family_name_lat,ARP_ODOO,7dec5ecea2e3,2026-08-29,high
persons,TNP-00066,gender,ARP_ODOO,030ef4a52619,2026-08-29,high
mandates,TNM-8d1b503379d8,assembly_id,ARP_ODOO,d82703518bea,2026-08-29,high
persons,TNP-00067,name_ar,ARP_ODOO,531409810df3,2026-08-29,high
persons,TNP-00067,name_lat,ARP_ODOO,97b5631aea2e,2026-08-29,high
persons,TNP-00067,given_name_ar,ARP_ODOO,93f0a0d81e4b,2026-08-29,high
persons,TNP-00067,family_name_ar,ARP_ODOO,8cb8fd2832f4,2026-08-29,high
persons,TNP-00067,given_name_lat,ARP_ODOO,93f0a0d81e4b,2026-08-29,high
persons,TNP-00067,family_name_lat,ARP_ODOO,8cb8fd2832f4,2026-08-29,high
persons,TNP-00067,gender,ARP_ODOO,030ef4a52619,2026-08-29,high
mandates,TNM-7df74ee7a962,assembly_id,ARP_ODOO,d82703518bea,2026-08-29,high
persons,TNP-00068,name_ar,ARP_ODOO,4d14795480aa,2026-08-29,high
persons,TNP-00068,name_lat,ARP_ODOO,e76eed994ec9,2026-08-29,high
persons,TNP-00068,given_name_ar,ARP_ODOO,93f0a0d81e4b,2026-08-29,high
persons,TNP-00068,family_name_ar,ARP_ODOO,365301a7b75e,2026-08-29,high
persons,TNP-00068,given_name_lat,ARP_ODOO,93f0a0d81e4b,2026-08-29,high
persons,TNP-00068,family_name_lat,ARP_ODOO,365301a7b75e,2026-08-29,high
persons,TNP-00068,gender,ARP_ODOO,030ef4a52619,2026-08-29,high
mandates,TNM-0d5f2588296e,assembly_id,ARP_ODOO,d82703518bea,2026-08-29,high
persons,TNP-00069,name_ar,ARP_ODOO,f61ccccb33a5,2026-08-29,high
persons,TNP-00069,name_lat,ARP_ODOO,c5e9f4b7ce74,2026-08-29,high
persons,TNP-00069,given_name_ar,ARP_ODOO,bde86eeb6d0a,2026-08-29,high
persons,TNP-00069,family_name_ar,ARP_ODOO,b5754e610e3d,2026-08-29,high
persons,TNP-00069,given_name_lat,ARP_ODOO,bde86eeb6d0a,2026-08-29,high
persons,TNP-00069,family_name_lat,ARP_ODOO,b5754e610e3d,2026-08-29,high
persons,TNP-00069,gender,ARP_ODOO,030ef4a52619,2026-08-29,high
mandates,TNM-1807cdfd19ea,assembly_id,ARP_ODOO,d82703518bea,2026-08-29,high
persons,TNP-00070,name_ar,ARP_ODOO,9e716671fe73,2026-08-29,high
persons,TNP-00070,name_lat,ARP_ODOO,13a977e608dd,2026-08-29,high
persons,TNP-00070,given_name_ar,ARP_ODOO,bde86eeb6d0a,2026-08-29,high
persons,TNP-00070,family_name_ar,ARP_ODOO,0c23a28b993a,2026-08-29,high
persons,TNP-00070,given_name_lat,ARP_ODOO,bde86eeb6d0a,2026-08-29,high
persons,TNP-00070,family_name_lat,ARP_ODOO,0c23a28b993a,2026-08-29,high
persons,TNP-00070,gender,ARP_ODOO,030ef4a52619,2026-08-29,high
mandates,TNM-08b8514b11af,assembly_id,ARP_ODOO,d82703518bea,2026-08-29,high
persons,TNP-00071,name_ar,ARP_ODOO,4fbf003fb0ab,2026-08-29,high
persons,TNP-00071,name_lat,ARP_ODOO,9b1623d4603e,2026-08-29,high
persons,TNP-00071,given_name_ar,ARP_ODOO,e79a2a3ace15,2026-08-29,high
persons,TNP-00071,family_name_ar,ARP_ODOO,c3e9d9cf18f5,2026-08-29,high
persons,TNP-00071,given_name_lat,ARP_ODOO,e79a2a3ace15,2026-08-29,high
persons,TNP-00071,family_name_lat,ARP_ODOO,c3e9d9cf18f5,2026-08-29,high
persons,TNP-00071,gender,ARP_ODOO,030ef4a52619,2026-08-29,high
mandates,TNM-40afec8de4c2,assembly_id,ARP_ODOO,d82703518bea,2026-08-29,high
persons,TNP-00072,name_ar,ARP_ODOO,07342d78f5c8,2026-08-29,high
persons,TNP-00072,name_lat,ARP_ODOO,08cdadb0cb3f,2026-08-29,high
persons,TNP-00072,given_name_ar,ARP_ODOO,bb10857a3c49,2026-08-29,high
persons,TNP-00072,family_name_ar,ARP_ODOO,5d70bfb381fd,2026-08-29,high
persons,TNP-00072,given_name_lat,ARP_ODOO,ac4eff8d32de,2026-08-29,high
persons,TNP-00072,family_name_lat,ARP_ODOO,ba1ca30fae1f,2026-08-29,high
persons,TNP-00072,gender,ARP_ODOO,030ef4a52619,2026-08-29,high
mandates,TNM-8d1efc98d8f9,assembly_id,ARP_ODOO,d82703518bea,2026-08-29,high
persons,TNP-00073,name_ar,ARP_ODOO,5304570da5e3,2026-08-29,high
persons,TNP-00073,name_lat,ARP_ODOO,c0245a05c4b3,2026-08-29,high
persons,TNP-00073,given_name_ar,ARP_ODOO,5ea93393c91a,2026-08-29,high
persons,TNP-00073,family_name_ar,ARP_ODOO,241ddd449bc1,2026-08-29,high
persons,TNP-00073,given_name_lat,ARP_ODOO,675e8d0d5a81,2026-08-29,high
persons,TNP-00073,family_name_lat,ARP_ODOO,e825e56fa2d2,2026-08-29,high
persons,TNP-00073,gender,ARP_ODOO,030ef4a52619,2026-08-29,high
mandates,TNM-6f10f6926ecc,assembly_id,ARP_ODOO,d82703518bea,2026-08-29,high
persons,TNP-00074,name_ar,ARP_ODOO,c8c6aee7fb8e,2026-08-29,high
persons,TNP-00074,name_lat,ARP_ODOO,c2fa5059d021,2026-08-29,high
persons,TNP-00074,given_name_ar,ARP_ODOO,00e3f3b73387,2026-08-29,high
persons,TNP-00074,family_name_ar,ARP_ODOO,00896d472c77,2026-08-29,high
persons,TNP-00074,given_name_lat,ARP_ODOO,00e3f3b73387,2026-08-29,high
persons,TNP-00074,family_name_lat,ARP_ODOO,00896d472c77,2026-08-29,high
persons,TNP-00074,gender,ARP_ODOO,030ef4a52619,2026-08-29,high
mandates,TNM-aa0a3f76bf2c,assembly_id,ARP_ODOO,d82703518bea,2026-08-29,high
persons,TNP-00075,name_ar,ARP_ODOO,7ad436406d94,2026-08-29,high
persons,TNP-00075,name_lat,ARP_ODOO,a194ed9a20f4,2026-08-29,high
persons,TNP-00075,given_name_ar,ARP_ODOO,00e3f3b73387,2026-08-29,high
persons,TNP-00075,family_name_ar,ARP_ODOO,870795859f49,2026-08-29,high
persons,TNP-00075,given_name_lat,ARP_ODOO,00e3f3b73387,2026-08-29,high
persons,TNP-00075,family_name_lat,ARP_ODOO,870795859f49,2026-08-29,high
persons,TNP-00075,gender,ARP_ODOO,030ef4a52619,2026-08-29,high
mandates,TNM-99056af4406a,assembly_id,ARP_ODOO,d82703518bea,2026-08-29,high
persons,TNP-00076,name_ar,ARP_ODOO,c4c49483cd9c,2026-08-29,high
persons,TNP-00076,name_lat,ARP_ODOO,203d530aba06,2026-08-29,high
persons,TNP-00076,given_name_ar,ARP_ODOO,488e55f86b36,2026-08-29,high
persons,TNP-00076,family_name_ar,ARP_ODOO,c4053abbc4fc,2026-08-29,high
persons,TNP-00076,given_name_lat,ARP_ODOO,488e55f86b36,2026-08-29,high
persons,TNP-00076,family_name_lat,ARP_ODOO,60dba85ac1b1,2026-08-29,high
persons,TNP-00076,gender,ARP_ODOO,030ef4a52619,2026-08-29,high
mandates,TNM-4a817c605e32,assembly_id,ARP_ODOO,d82703518bea,2026-08-29,high
persons,TNP-00077,name_ar,ARP_ODOO,c01d18e98f9b,2026-08-29,high
persons,TNP-00077,name_lat,ARP_ODOO,be17c0ef0fbd,2026-08-29,high
persons,TNP-00077,given_name_ar,ARP_ODOO,8f357f587f13,2026-08-29,high
persons,TNP-00077,family_name_ar,ARP_ODOO,2b1d018f2520,2026-08-29,high
persons,TNP-00077,given_name_lat,ARP_ODOO,8f357f587f13,2026-08-29,high
persons,TNP-00077,family_name_lat,ARP_ODOO,2b1d018f2520,2026-08-29,high
persons,TNP-00077,gender,ARP_ODOO,030ef4a52619,2026-08-29,high
mandates,TNM-1268c9dfa9b5,assembly_id,ARP_ODOO,d82703518bea,2026-08-29,high
persons,TNP-00078,name_ar,ARP_ODOO,6869a5a59b0c,2026-08-29,high
persons,TNP-00078,name_lat,ARP_ODOO,71a4bb005d78,2026-08-29,high
persons,TNP-00078,given_name_ar,ARP_ODOO,8f357f587f13,2026-08-29,high
persons,TNP-00078,family_name_ar,ARP_ODOO,79661762747c,2026-08-29,high
persons,TNP-00078,given_name_lat,ARP_ODOO,8f357f587f13,2026-08-29,high
persons,TNP-00078,family_name_lat,ARP_ODOO,79661762747c,2026-08-29,high
persons,TNP-00078,gender,ARP_ODOO,030ef4a52619,2026-08-29,high
mandates,TNM-4bfcd7776b63,assembly_id,ARP_ODOO,d82703518bea,2026-08-29,high
persons,TNP-00079,name_ar,ARP_ODOO,e0ec078d8661,2026-08-29,high
persons,TNP-00079,name_lat,ARP_ODOO,a8e1a1a44517,2026-08-29,high
persons,TNP-00079,given_name_ar,ARP_ODOO,0dfb6c1b4213,2026-08-29,high
persons,TNP-00079,family_name_ar,ARP_ODOO,d624cfd454ba,2026-08-29,high
persons,TNP-00079,given_name_lat,ARP_ODOO,0dfb6c1b4213,2026-08-29,high
persons,TNP-00079,family_name_lat,ARP_ODOO,d624cfd454ba,2026-08-29,high
persons,TNP-00079,gender,ARP_ODOO,030ef4a52619,2026-08-29,high
mandates,TNM-a4e985ad2f5e,assembly_id,ARP_ODOO,d82703518bea,2026-08-29,high
persons,TNP-00080,name_ar,ARP_ODOO,493de3412779,2026-08-29,high
persons,TNP-00080,name_lat,ARP_ODOO,6b78416b47f1,2026-08-29,high
persons,TNP-00080,given_name_ar,ARP_ODOO,f408a6ced304,2026-08-29,high
persons,TNP-00080,family_name_ar,ARP_ODOO,67fa0c2da18b,2026-08-29,high
persons,TNP-00080,given_name_lat,ARP_ODOO,c72120ecfbb4,2026-08-29,high
persons,TNP-00080,family_name_lat,ARP_ODOO,2c4469e0e486,2026-08-29,high
persons,TNP-00080,gender,ARP_ODOO,030ef4a52619,2026-08-29,high
mandates,TNM-9b11666304b2,assembly_id,ARP_ODOO,d82703518bea,2026-08-29,high
persons,TNP-00081,name_ar,ARP_ODOO,91ee75f25b00,2026-08-29,high
persons,TNP-00081,name_lat,ARP_ODOO,0b38b54683de,2026-08-29,high
persons,TNP-00081,given_name_ar,ARP_ODOO,200deca90811,2026-08-29,high
persons,TNP-00081,family_name_ar,ARP_ODOO,6f0f7df64459,2026-08-29,high
persons,TNP-00081,given_name_lat,ARP_ODOO,200deca90811,2026-08-29,high
persons,TNP-00081,family_name_lat,ARP_ODOO,6f0f7df64459,2026-08-29,high
persons,TNP-00081,gender,ARP_ODOO,030ef4a52619,2026-08-29,high
mandates,TNM-a0c5bff9f314,assembly_id,ARP_ODOO,d82703518bea,2026-08-29,high
persons,TNP-00082,name_ar,ARP_ODOO,985e28072fb9,2026-08-29,high
persons,TNP-00082,name_lat,ARP_ODOO,bae856001e28,2026-08-29,high
persons,TNP-00082,given_name_ar,ARP_ODOO,73cda4d7ed18,2026-08-29,high
persons,TNP-00082,family_name_ar,ARP_ODOO,72cd2e4a6442,2026-08-29,high
persons,TNP-00082,given_name_lat,ARP_ODOO,73cda4d7ed18,2026-08-29,high
persons,TNP-00082,family_name_lat,ARP_ODOO,72cd2e4a6442,2026-08-29,high
persons,TNP-00082,gender,ARP_ODOO,030ef4a52619,2026-08-29,high
mandates,TNM-61a3469f0416,assembly_id,ARP_ODOO,d82703518bea,2026-08-29,high
persons,TNP-00083,name_ar,ARP_ODOO,42b3c7685db2,2026-08-29,high
persons,TNP-00083,name_lat,ARP_ODOO,d0458f490f41,2026-08-29,high
persons,TNP-00083,given_name_ar,ARP_ODOO,3e23a88c111c,2026-08-29,high
persons,TNP-00083,family_name_ar,ARP_ODOO,3097370d08ef,2026-08-29,high
persons,TNP-00083,given_name_lat,ARP_ODOO,3e23a88c111c,2026-08-29,high
persons,TNP-00083,family_name_lat,ARP_ODOO,3097370d08ef,2026-08-29,high
persons,TNP-00083,gender,ARP_ODOO,030ef4a52619,2026-08-29,high
mandates,TNM-85195747b588,assembly_id,ARP_ODOO,d82703518bea,2026-08-29,high
persons,TNP-00084,name_ar,ARP_ODOO,0111b807293c,2026-08-29,high
persons,TNP-00084,name_lat,ARP_ODOO,9ae0375af0da,2026-08-29,high
persons,TNP-00084,given_name_ar,ARP_ODOO,edd1e3f113de,2026-08-29,high
persons,TNP-00084,family_name_ar,ARP_ODOO,1b7ce023b723,2026-08-29,high
persons,TNP-00084,given_name_lat,ARP_ODOO,edd1e3f113de,2026-08-29,high
persons,TNP-00084,family_name_lat,ARP_ODOO,1b7ce023b723,2026-08-29,high
persons,TNP-00084,gender,ARP_ODOO,030ef4a52619,2026-08-29,high
mandates,TNM-ca8597e14038,assembly_id,ARP_ODOO,d82703518bea,2026-08-29,high
persons,TNP-00085,name_ar,ARP_ODOO,76c64511ca0d,2026-08-29,high
persons,TNP-00085,name_lat,ARP_ODOO,f6a9a6e3e9e8,2026-08-29,high
persons,TNP-00085,given_name_ar,ARP_ODOO,f6a9a6e3e9e8,2026-08-29,high
persons,TNP-00085,family_name_ar,ARP_ODOO,7617ea06ade4,2026-08-29,high
persons,TNP-00085,given_name_lat,ARP_ODOO,edd1e3f113de,2026-08-29,high
persons,TNP-00085,family_name_lat,ARP_ODOO,8dc8ea475b6a,2026-08-29,high
persons,TNP-00085,gender,ARP_ODOO,030ef4a52619,2026-08-29,high
mandates,TNM-1ea0f1395819,assembly_id,ARP_ODOO,d82703518bea,2026-08-29,high
persons,TNP-00086,name_ar,ARP_ODOO,f31aab1b0874,2026-08-29,high
persons,TNP-00086,name_lat,ARP_ODOO,42f5924231bd,2026-08-29,high
persons,TNP-00086,given_name_ar,ARP_ODOO,528d01d34af3,2026-08-29,high
persons,TNP-00086,family_name_ar,ARP_ODOO,a6dfd0b3dcfa,2026-08-29,high
persons,TNP-00086,given_name_lat,ARP_ODOO,eeb09cdb4c4c,2026-08-29,high
persons,TNP-00086,family_name_lat,ARP_ODOO,40280f2e4315,2026-08-29,high
persons,TNP-00086,gender,ARP_ODOO,030ef4a52619,2026-08-29,high
mandates,TNM-14d4564e3244,assembly_id,ARP_ODOO,d82703518bea,2026-08-29,high
persons,TNP-00087,name_ar,ARP_ODOO,ed203bbc9303,2026-08-29,high
persons,TNP-00087,name_lat,ARP_ODOO,cd64bfd5a000,2026-08-29,high
persons,TNP-00087,given_name_ar,ARP_ODOO,e7e09d9b97da,2026-08-29,high
persons,TNP-00087,family_name_ar,ARP_ODOO,2feb35c439ea,2026-08-29,high
persons,TNP-00087,given_name_lat,ARP_ODOO,e7e09d9b97da,2026-08-29,high
persons,TNP-00087,family_name_lat,ARP_ODOO,2feb35c439ea,2026-08-29,high
persons,TNP-00087,gender,ARP_ODOO,030ef4a52619,2026-08-29,high
mandates,TNM-eee294903267,assembly_id,ARP_ODOO,d82703518bea,2026-08-29,high
persons,TNP-00088,name_ar,ARP_ODOO,237f08942d0b,2026-08-29,high
persons,TNP-00088,name_lat,ARP_ODOO,67b19cd98ddd,2026-08-29,high
persons,TNP-00088,given_name_ar,ARP_ODOO,e7e09d9b97da,2026-08-29,high
persons,TNP-00088,family_name_ar,ARP_ODOO,ee0b084ac951,2026-08-29,high
persons,TNP-00088,given_name_lat,ARP_ODOO,e7e09d9b97da,2026-08-29,high
persons,TNP-00088,family_name_lat,ARP_ODOO,f9a193f9868e,2026-08-29,high
persons,TNP-00088,gender,ARP_ODOO,030ef4a52619,2026-08-29,high
mandates,TNM-52e7954f2242,assembly_id,ARP_ODOO,d82703518bea,2026-08-29,high
persons,TNP-00089,name_ar,ARP_ODOO,234d39d78c1b,2026-08-29,high
persons,TNP-00089,name_lat,ARP_ODOO,0e6f812bfd38,2026-08-29,high
persons,TNP-00089,given_name_ar,ARP_ODOO,570ec4ca34fd,2026-08-29,high
persons,TNP-00089,family_name_ar,ARP_ODOO,f3182cac97a5,2026-08-29,high
persons,TNP-00089,given_name_lat,ARP_ODOO,570ec4ca34fd,2026-08-29,high
persons,TNP-00089,family_name_lat,ARP_ODOO,f3182cac97a5,2026-08-29,high
persons,TNP-00089,gender,ARP_ODOO,96a1a08dcded,2026-08-29,high
mandates,TNM-107573d2ebc2,assembly_id,ARP_ODOO,d82703518bea,2026-08-29,high
persons,TNP-00090,name_ar,ARP_ODOO,67a32f11baff,2026-08-29,high
persons,TNP-00090,name_lat,ARP_ODOO,ac501f06cb50,2026-08-29,high
persons,TNP-00090,given_name_ar,ARP_ODOO,375106fce55e,2026-08-29,high
persons,TNP-00090,family_name_ar,ARP_ODOO,58b0d390ac45,2026-08-29,high
persons,TNP-00090,given_name_lat,ARP_ODOO,375106fce55e,2026-08-29,high
persons,TNP-00090,family_name_lat,ARP_ODOO,58b0d390ac45,2026-08-29,high
persons,TNP-00090,gender,ARP_ODOO,030ef4a52619,2026-08-29,high
mandates,TNM-29493cd22e4a,assembly_id,ARP_ODOO,d82703518bea,2026-08-29,high
persons,TNP-00091,name_ar,ARP_ODOO,83705e31293e,2026-08-29,high
persons,TNP-00091,name_lat,ARP_ODOO,9c00283aea11,2026-08-29,high
persons,TNP-00091,given_name_ar,ARP_ODOO,7fcb90695d04,2026-08-29,high
persons,TNP-00091,family_name_ar,ARP_ODOO,ad326db3b641,2026-08-29,high
persons,TNP-00091,given_name_lat,ARP_ODOO,7fcb90695d04,2026-08-29,high
persons,TNP-00091,family_name_lat,ARP_ODOO,ad326db3b641,2026-08-29,high
persons,TNP-00091,gender,ARP_ODOO,030ef4a52619,2026-08-29,high
mandates,TNM-320a5a3b4861,assembly_id,ARP_ODOO,d82703518bea,2026-08-29,high
persons,TNP-00092,name_ar,ARP_ODOO,dc7ca77c21d5,2026-08-29,high
persons,TNP-00092,name_lat,ARP_ODOO,36945fad35b4,2026-08-29,high
persons,TNP-00092,given_name_ar,ARP_ODOO,7fcb90695d04,2026-08-29,high
persons,TNP-00092,family_name_ar,ARP_ODOO,a307c742c2e5,2026-08-29,high
persons,TNP-00092,given_name_lat,ARP_ODOO,7fcb90695d04,2026-08-29,high
persons,TNP-00092,family_name_lat,ARP_ODOO,a307c742c2e5,2026-08-29,high
persons,TNP-00092,gender,ARP_ODOO,030ef4a52619,2026-08-29,high
mandates,TNM-223ceef54dcc,assembly_id,ARP_ODOO,d82703518bea,2026-08-29,high
persons,TNP-00093,name_ar,ARP_ODOO,2c50d558157d,2026-08-29,high
persons,TNP-00093,name_lat,ARP_ODOO,12d8be18a5e4,2026-08-29,high
persons,TNP-00093,given_name_ar,ARP_ODOO,7fcb90695d04,2026-08-29,high
persons,TNP-00093,family_name_ar,ARP_ODOO,f3182cac97a5,2026-08-29,high
persons,TNP-00093,given_name_lat,ARP_ODOO,7fcb90695d04,2026-08-29,high
persons,TNP-00093,family_name_lat,ARP_ODOO,f3182cac97a5,2026-08-29,high
persons,TNP-00093,gender,ARP_ODOO,030ef4a52619,2026-08-29,high
mandates,TNM-648071246912,assembly_id,ARP_ODOO,d82703518bea,2026-08-29,high
persons,TNP-00094,name_ar,ARP_ODOO,0ec55d189916,2026-08-29,high
persons,TNP-00094,name_lat,ARP_ODOO,cd35b1ecea7d,2026-08-29,high
persons,TNP-00094,given_name_ar,ARP_ODOO,bebbba52b6a3,2026-08-29,high
persons,TNP-00094,family_name_ar,ARP_ODOO,ce8d9448ba59,2026-08-29,high
persons,TNP-00094,given_name_lat,ARP_ODOO,bebbba52b6a3,2026-08-29,high
persons,TNP-00094,family_name_lat,ARP_ODOO,ce8d9448ba59,2026-08-29,high
persons,TNP-00094,gender,ARP_ODOO,030ef4a52619,2026-08-29,high
mandates,TNM-35d352586a9a,assembly_id,ARP_ODOO,d82703518bea,2026-08-29,high
persons,TNP-00095,name_ar,ARP_ODOO,81566b6eb399,2026-08-29,high
persons,TNP-00095,name_lat,ARP_ODOO,dbc6733d7f3e,2026-08-29,high
persons,TNP-00095,given_name_ar,ARP_ODOO,bebbba52b6a3,2026-08-29,high
persons,TNP-00095,family_name_ar,ARP_ODOO,76a52202d4b1,2026-08-29,high
persons,TNP-00095,given_name_lat,ARP_ODOO,bebbba52b6a3,2026-08-29,high
persons,TNP-00095,family_name_lat,ARP_ODOO,76a52202d4b1,2026-08-29,high
persons,TNP-00095,gender,ARP_ODOO,030ef4a52619,2026-08-29,high
mandates,TNM-b82ceeefd585,assembly_id,ARP_ODOO,d82703518bea,2026-08-29,high
persons,TNP-00096,name_ar,ARP_ODOO,24f91edb91ff,2026-08-29,high
persons,TNP-00096,name_lat,ARP_ODOO,21deba7200a7,2026-08-29,high
persons,TNP-00096,given_name_ar,ARP_ODOO,351b5d0ca172,2026-08-29,high
persons,TNP-00096,family_name_ar,ARP_ODOO,0ff799d9b14f,2026-08-29,high
persons,TNP-00096,given_name_lat,ARP_ODOO,351b5d0ca172,2026-08-29,high
persons,TNP-00096,family_name_lat,ARP_ODOO,0ff799d9b14f,2026-08-29,high
persons,TNP-00096,gender,ARP_ODOO,030ef4a52619,2026-08-29,high
mandates,TNM-678516308ab1,assembly_id,ARP_ODOO,d82703518bea,2026-08-29,high
persons,TNP-00097,name_ar,ARP_ODOO,a141fc81d3bf,2026-08-29,high
persons,TNP-00097,name_lat,ARP_ODOO,f530c2dd8135,2026-08-29,high
persons,TNP-00097,given_name_ar,ARP_ODOO,c1586cc4fef0,2026-08-29,high
persons,TNP-00097,family_name_ar,ARP_ODOO,ab9d4c6703be,2026-08-29,high
persons,TNP-00097,given_name_lat,ARP_ODOO,b755975f706f,2026-08-29,high
persons,TNP-00097,family_name_lat,ARP_ODOO,f530c2dd8135,2026-08-29,high
persons,TNP-00097,gender,ARP_ODOO,030ef4a52619,2026-08-29,high
mandates,TNM-5e484a12c728,assembly_id,ARP_ODOO,d82703518bea,2026-08-29,high
persons,TNP-00098,name_ar,ARP_ODOO,4b96cbe97f7a,2026-08-29,high
persons,TNP-00098,name_lat,ARP_ODOO,426f755f46c4,2026-08-29,high
persons,TNP-00098,given_name_ar,ARP_ODOO,a692df4b795a,2026-08-29,high
persons,TNP-00098,family_name_ar,ARP_ODOO,4715f0328882,2026-08-29,high
persons,TNP-00098,given_name_lat,ARP_ODOO,a692df4b795a,2026-08-29,high
persons,TNP-00098,family_name_lat,ARP_ODOO,4715f0328882,2026-08-29,high
persons,TNP-00098,gender,ARP_ODOO,96a1a08dcded,2026-08-29,high
mandates,TNM-bd7b6895dc45,assembly_id,ARP_ODOO,d82703518bea,2026-08-29,high
persons,TNP-00099,name_ar,ARP_ODOO,d71feb4dfa10,2026-08-29,high
persons,TNP-00099,name_lat,ARP_ODOO,e408c220d308,2026-08-29,high
persons,TNP-00099,given_name_ar,ARP_ODOO,d34d0d5f4050,2026-08-29,high
persons,TNP-00099,given_name_lat,ARP_ODOO,20aaae0242cc,2026-08-29,high
persons,TNP-00099,family_name_lat,ARP_ODOO,c677122cc4bc,2026-08-29,high
persons,TNP-00099,gender,ARP_ODOO,96a1a08dcded,2026-08-29,high
mandates,TNM-785ef24b6917,assembly_id,ARP_ODOO,d82703518bea,2026-08-29,high
persons,TNP-00100,name_ar,ARP_ODOO,1a5565eeece2,2026-08-29,high
persons,TNP-00100,name_lat,ARP_ODOO,24243d6307cb,2026-08-29,high
persons,TNP-00100,given_name_ar,ARP_ODOO,88da7af4267c,2026-08-29,high
persons,TNP-00100,family_name_ar,ARP_ODOO,30aa7e258b41,2026-08-29,high
persons,TNP-00100,given_name_lat,ARP_ODOO,88da7af4267c,2026-08-29,high
persons,TNP-00100,family_name_lat,ARP_ODOO,30aa7e258b41,2026-08-29,high
persons,TNP-00100,gender,ARP_ODOO,96a1a08dcded,2026-08-29,high
mandates,TNM-2a622a71c1fc,assembly_id,ARP_ODOO,d82703518bea,2026-08-29,high
persons,TNP-00101,name_ar,ARP_ODOO,2db56f538525,2026-08-29,high
persons,TNP-00101,name_lat,ARP_ODOO,0bec1d13e404,2026-08-29,high
persons,TNP-00101,given_name_ar,ARP_ODOO,d8db49023fb4,2026-08-29,high
persons,TNP-00101,family_name_ar,ARP_ODOO,365e7e47237e,2026-08-29,high
persons,TNP-00101,given_name_lat,ARP_ODOO,d8db49023fb4,2026-08-29,high
persons,TNP-00101,family_name_lat,ARP_ODOO,365e7e47237e,2026-08-29,high
persons,TNP-00101,gender,ARP_ODOO,96a1a08dcded,2026-08-29,high
mandates,TNM-33702c4405c1,assembly_id,ARP_ODOO,d82703518bea,2026-08-29,high
persons,TNP-00102,name_ar,ARP_ODOO,c02b1fba177b,2026-08-29,high
persons,TNP-00102,name_lat,ARP_ODOO,a9d9e7de695c,2026-08-29,high
persons,TNP-00102,given_name_ar,ARP_ODOO,33b58afabda1,2026-08-29,high
persons,TNP-00102,family_name_ar,ARP_ODOO,db9847fa670a,2026-08-29,high
persons,TNP-00102,given_name_lat,ARP_ODOO,33b58afabda1,2026-08-29,high
persons,TNP-00102,family_name_lat,ARP_ODOO,db9847fa670a,2026-08-29,high
persons,TNP-00102,gender,ARP_ODOO,030ef4a52619,2026-08-29,high
mandates,TNM-793502d9d484,assembly_id,ARP_ODOO,d82703518bea,2026-08-29,high
persons,TNP-00103,name_ar,ARP_ODOO,13c320084312,2026-08-29,high
persons,TNP-00103,name_lat,ARP_ODOO,42c002ff9802,2026-08-29,high
persons,TNP-00103,given_name_ar,ARP_ODOO,793f38dae1b7,2026-08-29,high
persons,TNP-00103,family_name_ar,ARP_ODOO,ea73523b0508,2026-08-29,high
persons,TNP-00103,given_name_lat,ARP_ODOO,793f38dae1b7,2026-08-29,high
persons,TNP-00103,family_name_lat,ARP_ODOO,ea73523b0508,2026-08-29,high
persons,TNP-00103,gender,ARP_ODOO,030ef4a52619,2026-08-29,high
mandates,TNM-659fd88c08b0,assembly_id,ARP_ODOO,d82703518bea,2026-08-29,high
persons,TNP-00104,name_ar,ARP_ODOO,c7e62c242f84,2026-08-29,high
persons,TNP-00104,name_lat,ARP_ODOO,3d05140c4d89,2026-08-29,high
persons,TNP-00104,given_name_ar,ARP_ODOO,793f38dae1b7,2026-08-29,high
persons,TNP-00104,family_name_ar,ARP_ODOO,4967f51b28d3,2026-08-29,high
persons,TNP-00104,given_name_lat,ARP_ODOO,793f38dae1b7,2026-08-29,high
persons,TNP-00104,family_name_lat,ARP_ODOO,4967f51b28d3,2026-08-29,high
persons,TNP-00104,gender,ARP_ODOO,030ef4a52619,2026-08-29,high
mandates,TNM-c36711dbd969,assembly_id,ARP_ODOO,d82703518bea,2026-08-29,high
persons,TNP-00105,name_ar,ARP_ODOO,2c352469d3d4,2026-08-29,high
persons,TNP-00105,name_lat,ARP_ODOO,cbdfc51e9a2c,2026-08-29,high
persons,TNP-00105,given_name_ar,ARP_ODOO,793f38dae1b7,2026-08-29,high
persons,TNP-00105,family_name_ar,ARP_ODOO,8069934c2cc7,2026-08-29,high
persons,TNP-00105,given_name_lat,ARP_ODOO,793f38dae1b7,2026-08-29,high
persons,TNP-00105,family_name_lat,ARP_ODOO,8069934c2cc7,2026-08-29,high
persons,TNP-00105,gender,ARP_ODOO,030ef4a52619,2026-08-29,high
mandates,TNM-e4e803dd3d35,assembly_id,ARP_ODOO,d82703518bea,2026-08-29,high
persons,TNP-00106,name_ar,ARP_ODOO,a3998b7515b3,2026-08-29,high
persons,TNP-00106,name_lat,ARP_ODOO,874e8d2d1d0e,2026-08-29,high
persons,TNP-00106,given_name_ar,ARP_ODOO,793f38dae1b7,2026-08-29,high
persons,TNP-00106,family_name_ar,ARP_ODOO,476e8616ed0a,2026-08-29,high
persons,TNP-00106,given_name_lat,ARP_ODOO,793f38dae1b7,2026-08-29,high
persons,TNP-00106,family_name_lat,ARP_ODOO,476e8616ed0a,2026-08-29,high
persons,TNP-00106,gender,ARP_ODOO,030ef4a52619,2026-08-29,high
mandates,TNM-07d0b6f17182,assembly_id,ARP_ODOO,d82703518bea,2026-08-29,high
persons,TNP-00107,name_ar,ARP_ODOO,05f03714dec6,2026-08-29,high
persons,TNP-00107,name_lat,ARP_ODOO,0e9044da8e20,2026-08-29,high
persons,TNP-00107,given_name_ar,ARP_ODOO,793f38dae1b7,2026-08-29,high
persons,TNP-00107,family_name_ar,ARP_ODOO,52601b4b2c10,2026-08-29,high
persons,TNP-00107,given_name_lat,ARP_ODOO,793f38dae1b7,2026-08-29,high
persons,TNP-00107,family_name_lat,ARP_ODOO,52601b4b2c10,2026-08-29,high
persons,TNP-00107,gender,ARP_ODOO,030ef4a52619,2026-08-29,high
mandates,TNM-223bdb3a0949,assembly_id,ARP_ODOO,d82703518bea,2026-08-29,high
persons,TNP-00108,name_ar,ARP_ODOO,b9d476cda1ae,2026-08-29,high
persons,TNP-00108,name_lat,ARP_ODOO,5261d8ba9445,2026-08-29,high
persons,TNP-00108,given_name_ar,ARP_ODOO,76d0c0024448,2026-08-29,high
persons,TNP-00108,family_name_ar,ARP_ODOO,91eda27b8c29,2026-08-29,high
persons,TNP-00108,given_name_lat,ARP_ODOO,76d0c0024448,2026-08-29,high
persons,TNP-00108,family_name_lat,ARP_ODOO,91eda27b8c29,2026-08-29,high
persons,TNP-00108,gender,ARP_ODOO,96a1a08dcded,2026-08-29,high
mandates,TNM-f9d4730e378d,assembly_id,ARP_ODOO,d82703518bea,2026-08-29,high
persons,TNP-00109,name_ar,ARP_ODOO,20ce4ca5e183,2026-08-29,high
persons,TNP-00109,name_lat,ARP_ODOO,6e385b4a868d,2026-08-29,high
persons,TNP-00109,given_name_ar,ARP_ODOO,8851b975365f,2026-08-29,high
persons,TNP-00109,family_name_ar,ARP_ODOO,ea4b23229858,2026-08-29,high
persons,TNP-00109,given_name_lat,ARP_ODOO,8851b975365f,2026-08-29,high
persons,TNP-00109,family_name_lat,ARP_ODOO,ea4b23229858,2026-08-29,high
persons,TNP-00109,gender,ARP_ODOO,96a1a08dcded,2026-08-29,high
mandates,TNM-4413064003dd,assembly_id,ARP_ODOO,d82703518bea,2026-08-29,high
persons,TNP-00110,name_ar,ARP_ODOO,842bde7ca0c7,2026-08-29,high
persons,TNP-00110,name_lat,ARP_ODOO,9404cffefff8,2026-08-29,high
persons,TNP-00110,given_name_ar,ARP_ODOO,13cf4e4cd89f,2026-08-29,high
persons,TNP-00110,family_name_ar,ARP_ODOO,b0d801a186a3,2026-08-29,high
persons,TNP-00110,given_name_lat,ARP_ODOO,13cf4e4cd89f,2026-08-29,high
persons,TNP-00110,family_name_lat,ARP_ODOO,b0d801a186a3,2026-08-29,high
persons,TNP-00110,gender,ARP_ODOO,96a1a08dcded,2026-08-29,high
mandates,TNM-824a32b77410,assembly_id,ARP_ODOO,d82703518bea,2026-08-29,high
persons,TNP-00111,name_ar,ARP_ODOO,a25f3f97d552,2026-08-29,high
persons,TNP-00111,name_lat,ARP_ODOO,ecdce74e3b5e,2026-08-29,high
persons,TNP-00111,given_name_ar,ARP_ODOO,86967303a893,2026-08-29,high
persons,TNP-00111,family_name_ar,ARP_ODOO,6042e0de2045,2026-08-29,high
persons,TNP-00111,given_name_lat,ARP_ODOO,86967303a893,2026-08-29,high
persons,TNP-00111,family_name_lat,ARP_ODOO,6042e0de2045,2026-08-29,high
persons,TNP-00111,gender,ARP_ODOO,030ef4a52619,2026-08-29,high
mandates,TNM-c90c3caa268d,assembly_id,ARP_ODOO,d82703518bea,2026-08-29,high
persons,TNP-00112,name_ar,ARP_ODOO,2c819489b74c,2026-08-29,high
persons,TNP-00112,name_lat,ARP_ODOO,ebb85d76d8a2,2026-08-29,high
persons,TNP-00112,given_name_ar,ARP_ODOO,86967303a893,2026-08-29,high
persons,TNP-00112,family_name_ar,ARP_ODOO,e74f677a09f2,2026-08-29,high
persons,TNP-00112,given_name_lat,ARP_ODOO,86967303a893,2026-08-29,high
persons,TNP-00112,family_name_lat,ARP_ODOO,e74f677a09f2,2026-08-29,high
persons,TNP-00112,gender,ARP_ODOO,030ef4a52619,2026-08-29,high
mandates,TNM-653f7c7086a3,assembly_id,ARP_ODOO,d82703518bea,2026-08-29,high
persons,TNP-00113,name_ar,ARP_ODOO,60f5e2adf996,2026-08-29,high
persons,TNP-00113,name_lat,ARP_ODOO,8a0e996c5a89,2026-08-29,high
persons,TNP-00113,given_name_ar,ARP_ODOO,09514d738ebe,2026-08-29,high
persons,TNP-00113,family_name_ar,ARP_ODOO,593110307df5,2026-08-29,high
persons,TNP-00113,given_name_lat,ARP_ODOO,09514d738ebe,2026-08-29,high
persons,TNP-00113,family_name_lat,ARP_ODOO,593110307df5,2026-08-29,high
persons,TNP-00113,gender,ARP_ODOO,030ef4a52619,2026-08-29,high
mandates,TNM-967f743772b5,assembly_id,ARP_ODOO,d82703518bea,2026-08-29,high
persons,TNP-00114,name_ar,ARP_ODOO,62633140c712,2026-08-29,high
persons,TNP-00114,name_lat,ARP_ODOO,d26101c61687,2026-08-29,high
persons,TNP-00114,given_name_ar,ARP_ODOO,465000ebde81,2026-08-29,high
persons,TNP-00114,family_name_ar,ARP_ODOO,5e82d1bbe90a,2026-08-29,high
persons,TNP-00114,given_name_lat,ARP_ODOO,465000ebde81,2026-08-29,high
persons,TNP-00114,family_name_lat,ARP_ODOO,5e82d1bbe90a,2026-08-29,high
persons,TNP-00114,gender,ARP_ODOO,030ef4a52619,2026-08-29,high
mandates,TNM-36e4baa7f3db,assembly_id,ARP_ODOO,d82703518bea,2026-08-29,high
persons,TNP-00115,name_ar,ARP_ODOO,71a83c5305eb,2026-08-29,high
persons,TNP-00115,name_lat,ARP_ODOO,c1345dbde529,2026-08-29,high
persons,TNP-00115,given_name_ar,ARP_ODOO,b0ff5fe4cf67,2026-08-29,high
persons,TNP-00115,family_name_ar,ARP_ODOO,1d7744aabf75,2026-08-29,high
persons,TNP-00115,given_name_lat,ARP_ODOO,b0ff5fe4cf67,2026-08-29,high
persons,TNP-00115,family_name_lat,ARP_ODOO,1d7744aabf75,2026-08-29,high
persons,TNP-00115,gender,ARP_ODOO,030ef4a52619,2026-08-29,high
mandates,TNM-c95ebb6b260b,assembly_id,ARP_ODOO,d82703518bea,2026-08-29,high
persons,TNP-00116,name_ar,ARP_ODOO,570046c9f9fb,2026-08-29,high
persons,TNP-00116,name_lat,ARP_ODOO,b379c619dafe,2026-08-29,high
persons,TNP-00116,given_name_ar,ARP_ODOO,cfed2e4611b3,2026-08-29,high
persons,TNP-00116,family_name_ar,ARP_ODOO,31ba5bff3a08,2026-08-29,high
persons,TNP-00116,given_name_lat,ARP_ODOO,cfed2e4611b3,2026-08-29,high
persons,TNP-00116,family_name_lat,ARP_ODOO,31ba5bff3a08,2026-08-29,high
persons,TNP-00116,gender,ARP_ODOO,030ef4a52619,2026-08-29,high
mandates,TNM-b9cbe706edfd,assembly_id,ARP_ODOO,d82703518bea,2026-08-29,high
persons,TNP-00117,name_ar,ARP_ODOO,fd412d34bbe1,2026-08-29,high
persons,TNP-00117,name_lat,ARP_ODOO,b1ecd5e2fd28,2026-08-29,high
persons,TNP-00117,given_name_ar,ARP_ODOO,82ed9fa48fa2,2026-08-29,high
persons,TNP-00117,family_name_ar,ARP_ODOO,135ed8c1cd21,2026-08-29,high
persons,TNP-00117,given_name_lat,ARP_ODOO,82ed9fa48fa2,2026-08-29,high
persons,TNP-00117,family_name_lat,ARP_ODOO,135ed8c1cd21,2026-08-29,high
persons,TNP-00117,gender,ARP_ODOO,030ef4a52619,2026-08-29,high
mandates,TNM-4d55755eeb0b,assembly_id,ARP_ODOO,d82703518bea,2026-08-29,high
persons,TNP-00118,name_ar,ARP_ODOO,d58f6a60545b,2026-08-29,high
persons,TNP-00118,name_lat,ARP_ODOO,266dd9c8f2f9,2026-08-29,high
persons,TNP-00118,given_name_ar,ARP_ODOO,d28b682d6b39,2026-08-29,high
persons,TNP-00118,family_name_ar,ARP_ODOO,7007a9316b0f,2026-08-29,high
persons,TNP-00118,given_name_lat,ARP_ODOO,35b7c7b7a2f0,2026-08-29,high
persons,TNP-00118,family_name_lat,ARP_ODOO,d159a55a885f,2026-08-29,high
persons,TNP-00118,gender,ARP_ODOO,030ef4a52619,2026-08-29,high
mandates,TNM-0f92af684dd1,assembly_id,ARP_ODOO,d82703518bea,2026-08-29,high
persons,TNP-00119,name_ar,ARP_ODOO,09a9db86e7ea,2026-08-29,high
persons,TNP-00119,name_lat,ARP_ODOO,b49a8a6b4c47,2026-08-29,high
persons,TNP-00119,given_name_ar,ARP_ODOO,7ef4440de175,2026-08-29,high
persons,TNP-00119,family_name_ar,ARP_ODOO,37ed22f9ae9a,2026-08-29,high
persons,TNP-00119,given_name_lat,ARP_ODOO,7ef4440de175,2026-08-29,high
persons,TNP-00119,family_name_lat,ARP_ODOO,37ed22f9ae9a,2026-08-29,high
persons,TNP-00119,gender,ARP_ODOO,030ef4a52619,2026-08-29,high
mandates,TNM-8215c5b2e898,assembly_id,ARP_ODOO,d82703518bea,2026-08-29,high
persons,TNP-00120,name_ar,ARP_ODOO,9cbd70fdd23a,2026-08-29,high
persons,TNP-00120,name_lat,ARP_ODOO,4dafad64b956,2026-08-29,high
persons,TNP-00120,given_name_ar,ARP_ODOO,7ef4440de175,2026-08-29,high
persons,TNP-00120,family_name_ar,ARP_ODOO,c3183a47286e,2026-08-29,high
persons,TNP-00120,given_name_lat,ARP_ODOO,7ef4440de175,2026-08-29,high
persons,TNP-00120,family_name_lat,ARP_ODOO,c3183a47286e,2026-08-29,high
persons,TNP-00120,gender,ARP_ODOO,030ef4a52619,2026-08-29,high
mandates,TNM-e34a92f2ff2a,assembly_id,ARP_ODOO,d82703518bea,2026-08-29,high
persons,TNP-00121,name_ar,ARP_ODOO,8fe5e2d02960,2026-08-29,high
persons,TNP-00121,name_lat,ARP_ODOO,2228fadaac25,2026-08-29,high
persons,TNP-00121,given_name_ar,ARP_ODOO,c4788b972706,2026-08-29,high
persons,TNP-00121,family_name_ar,ARP_ODOO,0e4cb2ff8858,2026-08-29,high
persons,TNP-00121,given_name_lat,ARP_ODOO,c4788b972706,2026-08-29,high
persons,TNP-00121,family_name_lat,ARP_ODOO,0e4cb2ff8858,2026-08-29,high
persons,TNP-00121,gender,ARP_ODOO,030ef4a52619,2026-08-29,high
mandates,TNM-db23d01ebcac,assembly_id,ARP_ODOO,d82703518bea,2026-08-29,high
persons,TNP-00122,name_ar,ARP_ODOO,2b8e6dde70f2,2026-08-29,high
persons,TNP-00122,name_lat,ARP_ODOO,bf2dac3a52fb,2026-08-29,high
persons,TNP-00122,given_name_ar,ARP_ODOO,37d9270f4988,2026-08-29,high
persons,TNP-00122,family_name_ar,ARP_ODOO,2b327d1732b9,2026-08-29,high
persons,TNP-00122,given_name_lat,ARP_ODOO,37d9270f4988,2026-08-29,high
persons,TNP-00122,family_name_lat,ARP_ODOO,2b327d1732b9,2026-08-29,high
persons,TNP-00122,gender,ARP_ODOO,030ef4a52619,2026-08-29,high
mandates,TNM-a7bc03b31079,assembly_id,ARP_ODOO,d82703518bea,2026-08-29,high
persons,TNP-00123,name_ar,ARP_ODOO,18887ea952e6,2026-08-29,high
persons,TNP-00123,name_lat,ARP_ODOO,5fc500c088f3,2026-08-29,high
persons,TNP-00123,given_name_ar,ARP_ODOO,37d9270f4988,2026-08-29,high
persons,TNP-00123,family_name_ar,ARP_ODOO,e578928c5067,2026-08-29,high
persons,TNP-00123,given_name_lat,ARP_ODOO,37d9270f4988,2026-08-29,high
persons,TNP-00123,family_name_lat,ARP_ODOO,e578928c5067,2026-08-29,high
persons,TNP-00123,gender,ARP_ODOO,030ef4a52619,2026-08-29,high
mandates,TNM-df10c85e4dec,assembly_id,ARP_ODOO,d82703518bea,2026-08-29,high
persons,TNP-00124,name_ar,ARP_ODOO,97724e0d91db,2026-08-29,high
persons,TNP-00124,name_lat,ARP_ODOO,d6181cbc8e5e,2026-08-29,high
persons,TNP-00124,given_name_ar,ARP_ODOO,37d9270f4988,2026-08-29,high
persons,TNP-00124,family_name_ar,ARP_ODOO,4cf1cce312bd,2026-08-29,high
persons,TNP-00124,given_name_lat,ARP_ODOO,37d9270f4988,2026-08-29,high
persons,TNP-00124,family_name_lat,ARP_ODOO,4cf1cce312bd,2026-08-29,high
persons,TNP-00124,gender,ARP_ODOO,030ef4a52619,2026-08-29,high
mandates,TNM-44d00791a27e,assembly_id,ARP_ODOO,d82703518bea,2026-08-29,high
persons,TNP-00125,name_ar,ARP_ODOO,109007cc6cdc,2026-08-29,high
persons,TNP-00125,name_lat,ARP_ODOO,350d73fdb1de,2026-08-29,high
persons,TNP-00125,given_name_ar,ARP_ODOO,e3a8c45db8ef,2026-08-29,high
persons,TNP-00125,family_name_ar,ARP_ODOO,7b6ef39eeec4,2026-08-29,high
persons,TNP-00125,given_name_lat,ARP_ODOO,e3a8c45db8ef,2026-08-29,high
persons,TNP-00125,family_name_lat,ARP_ODOO,7b6ef39eeec4,2026-08-29,high
persons,TNP-00125,gender,ARP_ODOO,030ef4a52619,2026-08-29,high
mandates,TNM-8b92a0435fd9,assembly_id,ARP_ODOO,d82703518bea,2026-08-29,high
persons,TNP-00126,name_ar,ARP_ODOO,d782809c3d64,2026-08-29,high
persons,TNP-00126,name_lat,ARP_ODOO,095e8f77620f,2026-08-29,high
persons,TNP-00126,given_name_ar,ARP_ODOO,7fdd8859ef62,2026-08-29,high
persons,TNP-00126,family_name_ar,ARP_ODOO,bb666af9112b,2026-08-29,high
persons,TNP-00126,given_name_lat,ARP_ODOO,7fdd8859ef62,2026-08-29,high
persons,TNP-00126,family_name_lat,ARP_ODOO,bb666af9112b,2026-08-29,high
persons,TNP-00126,gender,ARP_ODOO,030ef4a52619,2026-08-29,high
mandates,TNM-a7f97a409f16,assembly_id,ARP_ODOO,d82703518bea,2026-08-29,high
persons,TNP-00127,name_ar,ARP_ODOO,1350ef936c7f,2026-08-29,high
persons,TNP-00127,name_lat,ARP_ODOO,bc40c02434ab,2026-08-29,high
persons,TNP-00127,given_name_ar,ARP_ODOO,7fdd8859ef62,2026-08-29,high
persons,TNP-00127,family_name_ar,ARP_ODOO,581d49163f9b,2026-08-29,high
persons,TNP-00127,given_name_lat,ARP_ODOO,7fdd8859ef62,2026-08-29,high
persons,TNP-00127,family_name_lat,ARP_ODOO,581d49163f9b,2026-08-29,high
persons,TNP-00127,gender,ARP_ODOO,030ef4a52619,2026-08-29,high
mandates,TNM-45d224ed2a6e,assembly_id,ARP_ODOO,d82703518bea,2026-08-29,high
persons,TNP-00128,name_ar,ARP_ODOO,14716cdf9e5e,2026-08-29,high
persons,TNP-00128,name_lat,ARP_ODOO,6520fb170330,2026-08-29,high
persons,TNP-00128,given_name_ar,ARP_ODOO,c38868497d3b,2026-08-29,high
persons,TNP-00128,family_name_ar,ARP_ODOO,0a36a7293b88,2026-08-29,high
persons,TNP-00128,given_name_lat,ARP_ODOO,c38868497d3b,2026-08-29,high
persons,TNP-00128,family_name_lat,ARP_ODOO,0a36a7293b88,2026-08-29,high
persons,TNP-00128,gender,ARP_ODOO,030ef4a52619,2026-08-29,high
mandates,TNM-ab8c443187de,assembly_id,ARP_ODOO,d82703518bea,2026-08-29,high
persons,TNP-00129,name_ar,ARP_ODOO,3fefe86d16d5,2026-08-29,high
persons,TNP-00129,name_lat,ARP_ODOO,fe96af58ec63,2026-08-29,high
persons,TNP-00129,given_name_ar,ARP_ODOO,2b7af8129554,2026-08-29,high
persons,TNP-00129,family_name_ar,ARP_ODOO,484473118d77,2026-08-29,high
persons,TNP-00129,given_name_lat,ARP_ODOO,2b7af8129554,2026-08-29,high
persons,TNP-00129,family_name_lat,ARP_ODOO,484473118d77,2026-08-29,high
persons,TNP-00129,gender,ARP_ODOO,030ef4a52619,2026-08-29,high
mandates,TNM-a0543a252cc0,assembly_id,ARP_ODOO,d82703518bea,2026-08-29,high
persons,TNP-00130,name_ar,ARP_ODOO,34cd0d810873,2026-08-29,high
persons,TNP-00130,name_lat,ARP_ODOO,6322f7dddc6f,2026-08-29,high
persons,TNP-00130,given_name_ar,ARP_ODOO,9e88dcd06fd0,2026-08-29,high
persons,TNP-00130,family_name_ar,ARP_ODOO,22e76a89009e,2026-08-29,high
persons,TNP-00130,given_name_lat,ARP_ODOO,9e88dcd06fd0,2026-08-29,high
persons,TNP-00130,family_name_lat,ARP_ODOO,22e76a89009e,2026-08-29,high
persons,TNP-00130,gender,ARP_ODOO,030ef4a52619,2026-08-29,high
mandates,TNM-74b809bcef2e,assembly_id,ARP_ODOO,d82703518bea,2026-08-29,high
persons,TNP-00131,name_ar,ARP_ODOO,8b870e844d77,2026-08-29,high
persons,TNP-00131,name_lat,ARP_ODOO,368235ea5296,2026-08-29,high
persons,TNP-00131,given_name_ar,ARP_ODOO,d75dec528083,2026-08-29,high
persons,TNP-00131,family_name_ar,ARP_ODOO,d16e8376735e,2026-08-29,high
persons,TNP-00131,given_name_lat,ARP_ODOO,d75dec528083,2026-08-29,high
persons,TNP-00131,family_name_lat,ARP_ODOO,d16e8376735e,2026-08-29,high
persons,TNP-00131,gender,ARP_ODOO,030ef4a52619,2026-08-29,high
mandates,TNM-25f57fcb2a7f,assembly_id,ARP_ODOO,d82703518bea,2026-08-29,high
persons,TNP-00132,name_ar,ARP_ODOO,2a8af0894ea6,2026-08-29,high
persons,TNP-00132,name_lat,ARP_ODOO,8c237308fee6,2026-08-29,high
persons,TNP-00132,given_name_ar,ARP_ODOO,8b925934d36f,2026-08-29,high
persons,TNP-00132,family_name_ar,ARP_ODOO,8972017fe481,2026-08-29,high
persons,TNP-00132,given_name_lat,ARP_ODOO,5ea8a6244735,2026-08-29,high
persons,TNP-00132,family_name_lat,ARP_ODOO,8c237308fee6,2026-08-29,high
persons,TNP-00132,gender,ARP_ODOO,030ef4a52619,2026-08-29,high
mandates,TNM-20998baa0784,assembly_id,ARP_ODOO,d82703518bea,2026-08-29,high
persons,TNP-00133,name_ar,ARP_ODOO,00686350e64c,2026-08-29,high
persons,TNP-00133,name_lat,ARP_ODOO,1990ad6cace3,2026-08-29,high
persons,TNP-00133,given_name_ar,ARP_ODOO,e063845df366,2026-08-29,high
persons,TNP-00133,family_name_ar,ARP_ODOO,61f602ea1757,2026-08-29,high
persons,TNP-00133,given_name_lat,ARP_ODOO,e063845df366,2026-08-29,high
persons,TNP-00133,family_name_lat,ARP_ODOO,61f602ea1757,2026-08-29,high
persons,TNP-00133,gender,ARP_ODOO,96a1a08dcded,2026-08-29,high
mandates,TNM-e65b69f35242,assembly_id,ARP_ODOO,d82703518bea,2026-08-29,high
persons,TNP-00134,name_ar,ARP_ODOO,d4ac818682a8,2026-08-29,high
persons,TNP-00134,name_lat,ARP_ODOO,2a0242cf8246,2026-08-29,high
persons,TNP-00134,given_name_ar,ARP_ODOO,9caae1c81ed2,2026-08-29,high
persons,TNP-00134,family_name_ar,ARP_ODOO,a69f09487216,2026-08-29,high
persons,TNP-00134,given_name_lat,ARP_ODOO,fa5dde806949,2026-08-29,high
persons,TNP-00134,family_name_lat,ARP_ODOO,36ef4b3ed7f7,2026-08-29,high
persons,TNP-00134,gender,ARP_ODOO,030ef4a52619,2026-08-29,high
mandates,TNM-4df97f50a782,assembly_id,ARP_ODOO,d82703518bea,2026-08-29,high
persons,TNP-00135,name_ar,ARP_ODOO,867277270462,2026-08-29,high
persons,TNP-00135,name_lat,ARP_ODOO,0beff63949e1,2026-08-29,high
persons,TNP-00135,given_name_ar,ARP_ODOO,79405ad84e5f,2026-08-29,high
persons,TNP-00135,family_name_ar,ARP_ODOO,6742b4033ff6,2026-08-29,high
persons,TNP-00135,given_name_lat,ARP_ODOO,79405ad84e5f,2026-08-29,high
persons,TNP-00135,family_name_lat,ARP_ODOO,6742b4033ff6,2026-08-29,high
persons,TNP-00135,gender,ARP_ODOO,96a1a08dcded,2026-08-29,high
mandates,TNM-aab3f1621454,assembly_id,ARP_ODOO,d82703518bea,2026-08-29,high
persons,TNP-00136,name_ar,ARP_ODOO,faaab7fa00f3,2026-08-29,high
persons,TNP-00136,name_lat,ARP_ODOO,ef286bc19055,2026-08-29,high
persons,TNP-00136,given_name_ar,ARP_ODOO,5ee68cb1131e,2026-08-29,high
persons,TNP-00136,family_name_ar,ARP_ODOO,3300b9f3377f,2026-08-29,high
persons,TNP-00136,given_name_lat,ARP_ODOO,5ee68cb1131e,2026-08-29,high
persons,TNP-00136,family_name_lat,ARP_ODOO,3300b9f3377f,2026-08-29,high
persons,TNP-00136,gender,ARP_ODOO,030ef4a52619,2026-08-29,high
mandates,TNM-9d07d3ff608c,assembly_id,ARP_ODOO,d82703518bea,2026-08-29,high
persons,TNP-00137,name_ar,ARP_ODOO,5aff2d1efe05,2026-08-29,high
persons,TNP-00137,name_lat,ARP_ODOO,f50f1840b262,2026-08-29,high
persons,TNP-00137,given_name_ar,ARP_ODOO,6e63192d68bc,2026-08-29,high
persons,TNP-00137,family_name_ar,ARP_ODOO,3da484401a17,2026-08-29,high
persons,TNP-00137,given_name_lat,ARP_ODOO,6e63192d68bc,2026-08-29,high
persons,TNP-00137,family_name_lat,ARP_ODOO,3da484401a17,2026-08-29,high
persons,TNP-00137,gender,ARP_ODOO,030ef4a52619,2026-08-29,high
mandates,TNM-43cf7c02c77e,assembly_id,ARP_ODOO,d82703518bea,2026-08-29,high
persons,TNP-00138,name_ar,ARP_ODOO,08e79f05ba65,2026-08-29,high
persons,TNP-00138,name_lat,ARP_ODOO,44df53319402,2026-08-29,high
persons,TNP-00138,given_name_ar,ARP_ODOO,6e63192d68bc,2026-08-29,high
persons,TNP-00138,family_name_ar,ARP_ODOO,c3183a47286e,2026-08-29,high
persons,TNP-00138,given_name_lat,ARP_ODOO,6e63192d68bc,2026-08-29,high
persons,TNP-00138,family_name_lat,ARP_ODOO,c3183a47286e,2026-08-29,high
persons,TNP-00138,gender,ARP_ODOO,030ef4a52619,2026-08-29,high
mandates,TNM-199950776303,assembly_id,ARP_ODOO,d82703518bea,2026-08-29,high
persons,TNP-00139,name_ar,ARP_ODOO,4be96fd75cce,2026-08-29,high
persons,TNP-00139,name_lat,ARP_ODOO,8fade4ab6ac1,2026-08-29,high
persons,TNP-00139,given_name_ar,ARP_ODOO,6e63192d68bc,2026-08-29,high
persons,TNP-00139,family_name_ar,ARP_ODOO,1b8d2c6612a9,2026-08-29,high
persons,TNP-00139,given_name_lat,ARP_ODOO,6e63192d68bc,2026-08-29,high
persons,TNP-00139,family_name_lat,ARP_ODOO,1b8d2c6612a9,2026-08-29,high
persons,TNP-00139,gender,ARP_ODOO,030ef4a52619,2026-08-29,high
mandates,TNM-279ff07661fc,assembly_id,ARP_ODOO,d82703518bea,2026-08-29,high
persons,TNP-00140,name_ar,ARP_ODOO,d4b4f560a99d,2026-08-29,high
persons,TNP-00140,name_lat,ARP_ODOO,23ac71855ef2,2026-08-29,high
persons,TNP-00140,given_name_ar,ARP_ODOO,6e63192d68bc,2026-08-29,high
persons,TNP-00140,family_name_ar,ARP_ODOO,81d242f90c83,2026-08-29,high
persons,TNP-00140,given_name_lat,ARP_ODOO,6e63192d68bc,2026-08-29,high
persons,TNP-00140,family_name_lat,ARP_ODOO,81d242f90c83,2026-08-29,high
persons,TNP-00140,gender,ARP_ODOO,030ef4a52619,2026-08-29,high
mandates,TNM-855376554688,assembly_id,ARP_ODOO,d82703518bea,2026-08-29,high
persons,TNP-00141,name_ar,ARP_ODOO,1db2e416cbfa,2026-08-29,high
persons,TNP-00141,name_lat,ARP_ODOO,456bd6846c58,2026-08-29,high
persons,TNP-00141,given_name_ar,ARP_ODOO,51ea89ffd7f8,2026-08-29,high
persons,TNP-00141,family_name_ar,ARP_ODOO,9cfd2f19a4ea,2026-08-29,high
persons,TNP-00141,given_name_lat,ARP_ODOO,51ea89ffd7f8,2026-08-29,high
persons,TNP-00141,family_name_lat,ARP_ODOO,9cfd2f19a4ea,2026-08-29,high
persons,TNP-00141,gender,ARP_ODOO,030ef4a52619,2026-08-29,high
mandates,TNM-40b96b824577,assembly_id,ARP_ODOO,d82703518bea,2026-08-29,high
persons,TNP-00142,name_ar,ARP_ODOO,4f831543cbf9,2026-08-29,high
persons,TNP-00142,name_lat,ARP_ODOO,2957cf8f4102,2026-08-29,high
persons,TNP-00142,given_name_ar,ARP_ODOO,bd81c3cd2b5b,2026-08-29,high
persons,TNP-00142,family_name_ar,ARP_ODOO,4a4c09b42ea3,2026-08-29,high
persons,TNP-00142,given_name_lat,ARP_ODOO,bd81c3cd2b5b,2026-08-29,high
persons,TNP-00142,family_name_lat,ARP_ODOO,4a4c09b42ea3,2026-08-29,high
persons,TNP-00142,gender,ARP_ODOO,96a1a08dcded,2026-08-29,high
mandates,TNM-54917b83c351,assembly_id,ARP_ODOO,d82703518bea,2026-08-29,high
persons,TNP-00143,name_ar,ARP_ODOO,a0e8c2d4e158,2026-08-29,high
persons,TNP-00143,name_lat,ARP_ODOO,f602891dd673,2026-08-29,high
persons,TNP-00143,given_name_ar,ARP_ODOO,9b6200e987a5,2026-08-29,high
persons,TNP-00143,family_name_ar,ARP_ODOO,c6a23121beae,2026-08-29,high
persons,TNP-00143,given_name_lat,ARP_ODOO,9b6200e987a5,2026-08-29,high
persons,TNP-00143,family_name_lat,ARP_ODOO,c6a23121beae,2026-08-29,high
persons,TNP-00143,gender,ARP_ODOO,030ef4a52619,2026-08-29,high
mandates,TNM-00c1587bac62,assembly_id,ARP_ODOO,d82703518bea,2026-08-29,high
persons,TNP-00144,name_ar,ARP_ODOO,36001ae6d0c8,2026-08-29,high
persons,TNP-00144,name_lat,ARP_ODOO,59f5cfc66566,2026-08-29,high
persons,TNP-00144,given_name_ar,ARP_ODOO,717e98fe61b4,2026-08-29,high
persons,TNP-00144,family_name_ar,ARP_ODOO,56f16d5ffcad,2026-08-29,high
persons,TNP-00144,given_name_lat,ARP_ODOO,717e98fe61b4,2026-08-29,high
persons,TNP-00144,family_name_lat,ARP_ODOO,56f16d5ffcad,2026-08-29,high
persons,TNP-00144,gender,ARP_ODOO,030ef4a52619,2026-08-29,high
mandates,TNM-c63f1d916c5d,assembly_id,ARP_ODOO,d82703518bea,2026-08-29,high
persons,TNP-00145,name_ar,ARP_ODOO,8f9adce26959,2026-08-29,high
persons,TNP-00145,name_lat,ARP_ODOO,38f5045aa302,2026-08-29,high
persons,TNP-00145,given_name_ar,ARP_ODOO,7ca43ec362af,2026-08-29,high
persons,TNP-00145,family_name_ar,ARP_ODOO,40e9e5ffe962,2026-08-29,high
persons,TNP-00145,given_name_lat,ARP_ODOO,95e67fc0c66d,2026-08-29,high
persons,TNP-00145,family_name_lat,ARP_ODOO,4c70624683bf,2026-08-29,high
persons,TNP-00145,gender,ARP_ODOO,030ef4a52619,2026-08-29,high
mandates,TNM-e8b5dec3ab3c,assembly_id,ARP_ODOO,d82703518bea,2026-08-29,high
persons,TNP-00146,name_ar,ARP_ODOO,d365cc43896a,2026-08-29,high
persons,TNP-00146,name_lat,ARP_ODOO,4a477c0b2b4e,2026-08-29,high
persons,TNP-00146,given_name_ar,ARP_ODOO,9b09bcb053b8,2026-08-29,high
persons,TNP-00146,family_name_ar,ARP_ODOO,19fedbe7fc7b,2026-08-29,high
persons,TNP-00146,given_name_lat,ARP_ODOO,9b09bcb053b8,2026-08-29,high
persons,TNP-00146,family_name_lat,ARP_ODOO,19fedbe7fc7b,2026-08-29,high
persons,TNP-00146,gender,ARP_ODOO,030ef4a52619,2026-08-29,high
mandates,TNM-78997b37c892,assembly_id,ARP_ODOO,d82703518bea,2026-08-29,high
persons,TNP-00147,name_ar,ARP_ODOO,5c6cd7a0119d,2026-08-29,high
persons,TNP-00147,name_lat,ARP_ODOO,2a26cf395032,2026-08-29,high
persons,TNP-00147,given_name_ar,ARP_ODOO,7adeeda40c1a,2026-08-29,high
persons,TNP-00147,family_name_ar,ARP_ODOO,558924381092,2026-08-29,high
persons,TNP-00147,given_name_lat,ARP_ODOO,7adeeda40c1a,2026-08-29,high
persons,TNP-00147,family_name_lat,ARP_ODOO,558924381092,2026-08-29,high
persons,TNP-00147,gender,ARP_ODOO,96a1a08dcded,2026-08-29,high
mandates,TNM-c6aeb90e7af3,assembly_id,ARP_ODOO,d82703518bea,2026-08-29,high
persons,TNP-00148,name_ar,ARP_ODOO,c964633d3721,2026-08-29,high
persons,TNP-00148,name_lat,ARP_ODOO,4b3a96cc1c35,2026-08-29,high
persons,TNP-00148,given_name_ar,ARP_ODOO,1d10103c14b9,2026-08-29,high
persons,TNP-00148,family_name_ar,ARP_ODOO,8b90c3be7e87,2026-08-29,high
persons,TNP-00148,given_name_lat,ARP_ODOO,1d10103c14b9,2026-08-29,high
persons,TNP-00148,family_name_lat,ARP_ODOO,8b90c3be7e87,2026-08-29,high
persons,TNP-00148,gender,ARP_ODOO,030ef4a52619,2026-08-29,high
mandates,TNM-3fac663eda5f,assembly_id,ARP_ODOO,d82703518bea,2026-08-29,high
persons,TNP-00149,name_ar,ARP_ODOO,c7ed97220abe,2026-08-29,high
persons,TNP-00149,name_lat,ARP_ODOO,ab17de367eab,2026-08-29,high
persons,TNP-00149,given_name_ar,ARP_ODOO,c0e0460cf795,2026-08-29,high
persons,TNP-00149,family_name_ar,ARP_ODOO,ece01d70f974,2026-08-29,high
persons,TNP-00149,given_name_lat,ARP_ODOO,c0e0460cf795,2026-08-29,high
persons,TNP-00149,family_name_lat,ARP_ODOO,ece01d70f974,2026-08-29,high
persons,TNP-00149,gender,ARP_ODOO,030ef4a52619,2026-08-29,high
mandates,TNM-ba818b3202cf,assembly_id,ARP_ODOO,d82703518bea,2026-08-29,high
persons,TNP-00150,name_ar,ARP_ODOO,477205231176,2026-08-29,high
persons,TNP-00150,name_lat,ARP_ODOO,a63362624a1d,2026-08-29,high
persons,TNP-00150,given_name_ar,ARP_ODOO,71bce38c3f69,2026-08-29,high
persons,TNP-00150,family_name_ar,ARP_ODOO,4f5591b34098,2026-08-29,high
persons,TNP-00150,given_name_lat,ARP_ODOO,71bce38c3f69,2026-08-29,high
persons,TNP-00150,family_name_lat,ARP_ODOO,4f5591b34098,2026-08-29,high
persons,TNP-00150,gender,ARP_ODOO,030ef4a52619,2026-08-29,high
mandates,TNM-f3e9cc45bf00,assembly_id,ARP_ODOO,d82703518bea,2026-08-29,high
persons,TNP-00151,name_ar,ARP_ODOO,ef57338eaf5e,2026-08-29,high
persons,TNP-00151,name_lat,ARP_ODOO,7ab75ac8ad96,2026-08-29,high
persons,TNP-00151,given_name_ar,ARP_ODOO,165596d0729d,2026-08-29,high
persons,TNP-00151,family_name_ar,ARP_ODOO,e285253a2cf4,2026-08-29,high
persons,TNP-00151,given_name_lat,ARP_ODOO,165596d0729d,2026-08-29,high
persons,TNP-00151,family_name_lat,ARP_ODOO,e285253a2cf4,2026-08-29,high
persons,TNP-00151,gender,ARP_ODOO,96a1a08dcded,2026-08-29,high
mandates,TNM-4384dec63e6a,assembly_id,ARP_ODOO,d82703518bea,2026-08-29,high
persons,TNP-00152,name_ar,ARP_ODOO,5d1c174e74e9,2026-08-29,high
persons,TNP-00152,name_lat,ARP_ODOO,d84b39a0a9c9,2026-08-29,high
persons,TNP-00152,given_name_ar,ARP_ODOO,bf85cd6726e5,2026-08-29,high
persons,TNP-00152,family_name_ar,ARP_ODOO,828376aba977,2026-08-29,high
persons,TNP-00152,given_name_lat,ARP_ODOO,bf85cd6726e5,2026-08-29,high
persons,TNP-00152,family_name_lat,ARP_ODOO,828376aba977,2026-08-29,high
persons,TNP-00152,gender,ARP_ODOO,030ef4a52619,2026-08-29,high
mandates,TNM-f4cbd0e16311,assembly_id,ARP_ODOO,d82703518bea,2026-08-29,high
persons,TNP-00153,name_ar,ARP_ODOO,e24912e34ea5,2026-08-29,high
persons,TNP-00153,name_lat,ARP_ODOO,f7e5dd9d6df7,2026-08-29,high
persons,TNP-00153,given_name_ar,ARP_ODOO,bf85cd6726e5,2026-08-29,high
persons,TNP-00153,family_name_ar,ARP_ODOO,c485d77bb06e,2026-08-29,high
persons,TNP-00153,given_name_lat,ARP_ODOO,bf85cd6726e5,2026-08-29,high
persons,TNP-00153,family_name_lat,ARP_ODOO,c485d77bb06e,2026-08-29,high
persons,TNP-00153,gender,ARP_ODOO,030ef4a52619,2026-08-29,high
mandates,TNM-e83fd0f9b663,assembly_id,ARP_ODOO,d82703518bea,2026-08-29,high
persons,TNP-00154,name_ar,ARP_ODOO,3d5707d60bc0,2026-08-29,high
persons,TNP-00154,name_lat,ARP_ODOO,5aa95b12e643,2026-08-29,high
persons,TNP-00154,given_name_ar,ARP_ODOO,972f6a998970,2026-08-29,high
persons,TNP-00154,family_name_ar,ARP_ODOO,252674626e34,2026-08-29,high
persons,TNP-00154,given_name_lat,ARP_ODOO,972f6a998970,2026-08-29,high
persons,TNP-00154,family_name_lat,ARP_ODOO,78ea1ce8c7cb,2026-08-29,high
persons,TNP-00154,gender,ARP_ODOO,030ef4a52619,2026-08-29,high
mandates,TNM-dcdb983377c2,assembly_id,ARP_ODOO,d82703518bea,2026-08-29,high
persons,TNP-00155,name_ar,ARP_ODOO,c5b41c3e050a,2026-08-29,high
persons,TNP-00155,name_lat,ARP_ODOO,d0fb63527b74,2026-08-29,high
persons,TNP-00155,given_name_ar,ARP_ODOO,00151e7c0339,2026-08-29,high
persons,TNP-00155,family_name_ar,ARP_ODOO,ff1591bafd6a,2026-08-29,high
persons,TNP-00155,given_name_lat,ARP_ODOO,972f6a998970,2026-08-29,high
persons,TNP-00155,family_name_lat,ARP_ODOO,12a866bcc5a1,2026-08-29,high
persons,TNP-00155,gender,ARP_ODOO,030ef4a52619,2026-08-29,high
mandates,TNM-7b57894a9002,assembly_id,ARP_ODOO,d82703518bea,2026-08-29,high
persons,TNP-00156,name_ar,MARSAD_MAJLES,cd2ca0d7864f,2026-08-29,medium
persons,TNP-00156,name_lat,MARSAD_MAJLES,4e744c40eb8c,2026-08-29,medium
persons,TNP-00156,gender,MARSAD_MAJLES,030ef4a52619,2026-08-29,medium
mandates,TNM-59df358ca27e,assembly_id,MARSAD_MAJLES,0977626744de,2026-08-29,medium
persons,TNP-00157,name_ar,MARSAD_MAJLES,b970048ef5f7,2026-08-29,medium
persons,TNP-00157,name_lat,MARSAD_MAJLES,572a37d90dbd,2026-08-29,medium
persons,TNP-00157,gender,MARSAD_MAJLES,030ef4a52619,2026-08-29,medium
mandates,TNM-ac565ad02011,assembly_id,MARSAD_MAJLES,0977626744de,2026-08-29,medium
persons,TNP-00158,name_ar,MARSAD_MAJLES,103fef4efa23,2026-08-29,medium
persons,TNP-00158,name_lat,MARSAD_MAJLES,16f2c0a4b5ab,2026-08-29,medium
persons,TNP-00158,gender,MARSAD_MAJLES,030ef4a52619,2026-08-29,medium
persons,TNP-00158,occupation_raw,MARSAD_MAJLES,a41214a26360,2026-08-29,medium
mandates,TNM-132ad3dd2600,assembly_id,MARSAD_MAJLES,0977626744de,2026-08-29,medium
persons,TNP-00159,name_ar,MARSAD_MAJLES,082db0b0c808,2026-08-29,medium
persons,TNP-00159,name_lat,MARSAD_MAJLES,8d8b01394a74,2026-08-29,medium
persons,TNP-00159,gender,MARSAD_MAJLES,030ef4a52619,2026-08-29,medium
mandates,TNM-332cfc28525f,assembly_id,MARSAD_MAJLES,0977626744de,2026-08-29,medium
persons,TNP-00080,name_ar,MARSAD_MAJLES,493de3412779,2026-08-29,medium
persons,TNP-00080,name_lat,MARSAD_MAJLES,6b78416b47f1,2026-08-29,medium
persons,TNP-00080,gender,MARSAD_MAJLES,030ef4a52619,2026-08-29,medium
mandates,TNM-2c4a7d871554,assembly_id,MARSAD_MAJLES,0977626744de,2026-08-29,medium
persons,TNP-00160,name_ar,MARSAD_MAJLES,52af16d9bb05,2026-08-29,medium
persons,TNP-00160,name_lat,MARSAD_MAJLES,dcef2bd3a289,2026-08-29,medium
persons,TNP-00160,gender,MARSAD_MAJLES,030ef4a52619,2026-08-29,medium
mandates,TNM-b227f82a92e1,assembly_id,MARSAD_MAJLES,0977626744de,2026-08-29,medium
persons,TNP-00161,name_ar,MARSAD_MAJLES,01ce6b795c48,2026-08-29,medium
persons,TNP-00161,name_lat,MARSAD_MAJLES,714fa11d3a88,2026-08-29,medium
persons,TNP-00161,gender,MARSAD_MAJLES,030ef4a52619,2026-08-29,medium
mandates,TNM-b1fb32bf8393,assembly_id,MARSAD_MAJLES,0977626744de,2026-08-29,medium
persons,TNP-00162,name_ar,MARSAD_MAJLES,0ccf52de335a,2026-08-29,medium
persons,TNP-00162,name_lat,MARSAD_MAJLES,e1a28de284bf,2026-08-29,medium
persons,TNP-00162,gender,MARSAD_MAJLES,96a1a08dcded,2026-08-29,medium
mandates,TNM-1fef3b1965bb,assembly_id,MARSAD_MAJLES,0977626744de,2026-08-29,medium
persons,TNP-00163,name_ar,MARSAD_MAJLES,9a296af1860c,2026-08-29,medium
persons,TNP-00163,name_lat,MARSAD_MAJLES,d4a10483b53a,2026-08-29,medium
persons,TNP-00163,gender,MARSAD_MAJLES,030ef4a52619,2026-08-29,medium
persons,TNP-00163,occupation_raw,MARSAD_MAJLES,a41214a26360,2026-08-29,medium
mandates,TNM-a2fcd736d057,assembly_id,MARSAD_MAJLES,0977626744de,2026-08-29,medium
persons,TNP-00164,name_ar,MARSAD_MAJLES,96ddac79cb2b,2026-08-29,medium
persons,TNP-00164,name_lat,MARSAD_MAJLES,20a55ec9dcef,2026-08-29,medium
persons,TNP-00164,gender,MARSAD_MAJLES,030ef4a52619,2026-08-29,medium
mandates,TNM-d3550eee2395,assembly_id,MARSAD_MAJLES,0977626744de,2026-08-29,medium
persons,TNP-00165,name_ar,MARSAD_MAJLES,ac87d8a8763d,2026-08-29,medium
persons,TNP-00165,name_lat,MARSAD_MAJLES,5dfbc299edac,2026-08-29,medium
persons,TNP-00165,gender,MARSAD_MAJLES,030ef4a52619,2026-08-29,medium
mandates,TNM-2d6d6ba810e5,assembly_id,MARSAD_MAJLES,0977626744de,2026-08-29,medium
persons,TNP-00166,name_ar,MARSAD_MAJLES,6522aea227bd,2026-08-29,medium
persons,TNP-00166,name_lat,MARSAD_MAJLES,c8bf273c51d5,2026-08-29,medium
persons,TNP-00166,gender,MARSAD_MAJLES,030ef4a52619,2026-08-29,medium
mandates,TNM-f37246567e1a,assembly_id,MARSAD_MAJLES,0977626744de,2026-08-29,medium
persons,TNP-00167,name_ar,MARSAD_MAJLES,1832cfea53c3,2026-08-29,medium
persons,TNP-00167,name_lat,MARSAD_MAJLES,5743e7ad25fa,2026-08-29,medium
persons,TNP-00167,gender,MARSAD_MAJLES,030ef4a52619,2026-08-29,medium
mandates,TNM-5a9e22e54c41,assembly_id,MARSAD_MAJLES,0977626744de,2026-08-29,medium
persons,TNP-00168,name_ar,MARSAD_MAJLES,14d76ec1712a,2026-08-29,medium
persons,TNP-00168,name_lat,MARSAD_MAJLES,87775de30c58,2026-08-29,medium
persons,TNP-00168,gender,MARSAD_MAJLES,030ef4a52619,2026-08-29,medium
mandates,TNM-48e91cdfcb1c,assembly_id,MARSAD_MAJLES,0977626744de,2026-08-29,medium
persons,TNP-00169,name_ar,MARSAD_MAJLES,eebce52e1ba9,2026-08-29,medium
persons,TNP-00169,name_lat,MARSAD_MAJLES,ab0b8e4538c3,2026-08-29,medium
persons,TNP-00169,gender,MARSAD_MAJLES,030ef4a52619,2026-08-29,medium
mandates,TNM-0006a6b532c8,assembly_id,MARSAD_MAJLES,0977626744de,2026-08-29,medium
persons,TNP-00170,name_ar,MARSAD_MAJLES,2d0788fb5cb4,2026-08-29,medium
persons,TNP-00170,name_lat,MARSAD_MAJLES,a92ce0c61c57,2026-08-29,medium
persons,TNP-00170,gender,MARSAD_MAJLES,030ef4a52619,2026-08-29,medium
mandates,TNM-3a0bd652357b,assembly_id,MARSAD_MAJLES,0977626744de,2026-08-29,medium
persons,TNP-00171,name_ar,MARSAD_MAJLES,5d753854a5af,2026-08-29,medium
persons,TNP-00171,name_lat,MARSAD_MAJLES,ef5b2e636096,2026-08-29,medium
persons,TNP-00171,gender,MARSAD_MAJLES,030ef4a52619,2026-08-29,medium
mandates,TNM-7bbb6bc19b98,assembly_id,MARSAD_MAJLES,0977626744de,2026-08-29,medium
persons,TNP-00172,name_ar,MARSAD_MAJLES,51687d3dc5e7,2026-08-29,medium
persons,TNP-00172,name_lat,MARSAD_MAJLES,e06ffa762f22,2026-08-29,medium
persons,TNP-00172,gender,MARSAD_MAJLES,96a1a08dcded,2026-08-29,medium
mandates,TNM-a95a98701fe8,assembly_id,MARSAD_MAJLES,0977626744de,2026-08-29,medium
persons,TNP-00173,name_ar,MARSAD_MAJLES,f18b0b0ab922,2026-08-29,medium
persons,TNP-00173,name_lat,MARSAD_MAJLES,c553432f0a7c,2026-08-29,medium
persons,TNP-00173,gender,MARSAD_MAJLES,96a1a08dcded,2026-08-29,medium
mandates,TNM-752a06eb89f1,assembly_id,MARSAD_MAJLES,0977626744de,2026-08-29,medium
persons,TNP-00174,name_ar,MARSAD_MAJLES,1bf50741da52,2026-08-29,medium
persons,TNP-00174,name_lat,MARSAD_MAJLES,ab5d9899a2a6,2026-08-29,medium
persons,TNP-00174,gender,MARSAD_MAJLES,030ef4a52619,2026-08-29,medium
persons,TNP-00174,occupation_raw,MARSAD_MAJLES,f4ceb5a464c8,2026-08-29,medium
mandates,TNM-8642a2e428ae,assembly_id,MARSAD_MAJLES,0977626744de,2026-08-29,medium
persons,TNP-00175,name_ar,MARSAD_MAJLES,3283c9c83460,2026-08-29,medium
persons,TNP-00175,name_lat,MARSAD_MAJLES,9058e94fb811,2026-08-29,medium
persons,TNP-00175,gender,MARSAD_MAJLES,030ef4a52619,2026-08-29,medium
mandates,TNM-cbb18f640cc4,assembly_id,MARSAD_MAJLES,0977626744de,2026-08-29,medium
persons,TNP-00176,name_ar,MARSAD_MAJLES,212f1d4e1d93,2026-08-29,medium
persons,TNP-00176,name_lat,MARSAD_MAJLES,4e00a2a60ca4,2026-08-29,medium
persons,TNP-00176,gender,MARSAD_MAJLES,96a1a08dcded,2026-08-29,medium
mandates,TNM-00fcd6179975,assembly_id,MARSAD_MAJLES,0977626744de,2026-08-29,medium
persons,TNP-00177,name_ar,MARSAD_MAJLES,109281591e39,2026-08-29,medium
persons,TNP-00177,name_lat,MARSAD_MAJLES,fd0a0f644506,2026-08-29,medium
persons,TNP-00177,gender,MARSAD_MAJLES,030ef4a52619,2026-08-29,medium
mandates,TNM-cc67d9e674bb,assembly_id,MARSAD_MAJLES,0977626744de,2026-08-29,medium
persons,TNP-00178,name_ar,MARSAD_MAJLES,2825ddce11ce,2026-08-29,medium
persons,TNP-00178,name_lat,MARSAD_MAJLES,b94c4b21d550,2026-08-29,medium
persons,TNP-00178,gender,MARSAD_MAJLES,96a1a08dcded,2026-08-29,medium
persons,TNP-00178,occupation_raw,MARSAD_MAJLES,8ffd7625db55,2026-08-29,medium
mandates,TNM-32827b26df5c,assembly_id,MARSAD_MAJLES,0977626744de,2026-08-29,medium
persons,TNP-00179,name_ar,MARSAD_MAJLES,f0a466f12c46,2026-08-29,medium
persons,TNP-00179,name_lat,MARSAD_MAJLES,7a615c6d0ed6,2026-08-29,medium
persons,TNP-00179,gender,MARSAD_MAJLES,96a1a08dcded,2026-08-29,medium
mandates,TNM-70403882f865,assembly_id,MARSAD_MAJLES,0977626744de,2026-08-29,medium
persons,TNP-00180,name_ar,MARSAD_MAJLES,49057179dce2,2026-08-29,medium
persons,TNP-00180,name_lat,MARSAD_MAJLES,0d4afa31f63b,2026-08-29,medium
persons,TNP-00180,gender,MARSAD_MAJLES,96a1a08dcded,2026-08-29,medium
mandates,TNM-69bab895d902,assembly_id,MARSAD_MAJLES,0977626744de,2026-08-29,medium
persons,TNP-00181,name_ar,MARSAD_MAJLES,03bcc9b9929a,2026-08-29,medium
persons,TNP-00181,name_lat,MARSAD_MAJLES,d2001c5582e3,2026-08-29,medium
persons,TNP-00181,gender,MARSAD_MAJLES,030ef4a52619,2026-08-29,medium
mandates,TNM-806c46249130,assembly_id,MARSAD_MAJLES,0977626744de,2026-08-29,medium
persons,TNP-00182,name_ar,MARSAD_MAJLES,6066b23c7264,2026-08-29,medium
persons,TNP-00182,name_lat,MARSAD_MAJLES,59dde2b549c8,2026-08-29,medium
persons,TNP-00182,gender,MARSAD_MAJLES,030ef4a52619,2026-08-29,medium
mandates,TNM-df54090be20f,assembly_id,MARSAD_MAJLES,0977626744de,2026-08-29,medium
persons,TNP-00134,name_ar,MARSAD_MAJLES,bec911a9c7e9,2026-08-29,medium
persons,TNP-00134,name_lat,MARSAD_MAJLES,99a437244179,2026-08-29,medium
persons,TNP-00134,gender,MARSAD_MAJLES,030ef4a52619,2026-08-29,medium
mandates,TNM-9ca86ec32f6a,assembly_id,MARSAD_MAJLES,0977626744de,2026-08-29,medium
persons,TNP-00183,name_ar,MARSAD_MAJLES,1b8dc2aeb844,2026-08-29,medium
persons,TNP-00183,name_lat,MARSAD_MAJLES,e1c86b0c4076,2026-08-29,medium
persons,TNP-00183,gender,MARSAD_MAJLES,030ef4a52619,2026-08-29,medium
persons,TNP-00183,occupation_raw,MARSAD_MAJLES,5d326e24a685,2026-08-29,medium
mandates,TNM-a0a61b4a43bb,assembly_id,MARSAD_MAJLES,0977626744de,2026-08-29,medium
persons,TNP-00184,name_ar,MARSAD_MAJLES,f4f7df88bb75,2026-08-29,medium
persons,TNP-00184,name_lat,MARSAD_MAJLES,8feb0781dcf0,2026-08-29,medium
persons,TNP-00184,gender,MARSAD_MAJLES,030ef4a52619,2026-08-29,medium
mandates,TNM-53deffb17fb7,assembly_id,MARSAD_MAJLES,0977626744de,2026-08-29,medium
persons,TNP-00185,name_ar,MARSAD_MAJLES,4e3ab51c4969,2026-08-29,medium
persons,TNP-00185,name_lat,MARSAD_MAJLES,3169afd092bb,2026-08-29,medium
persons,TNP-00185,gender,MARSAD_MAJLES,030ef4a52619,2026-08-29,medium
mandates,TNM-85eb0ec361fe,assembly_id,MARSAD_MAJLES,0977626744de,2026-08-29,medium
persons,TNP-00186,name_ar,MARSAD_MAJLES,b5252785a687,2026-08-29,medium
persons,TNP-00186,name_lat,MARSAD_MAJLES,b1fbc0a7af59,2026-08-29,medium
persons,TNP-00186,gender,MARSAD_MAJLES,030ef4a52619,2026-08-29,medium
mandates,TNM-d3827169e9fe,assembly_id,MARSAD_MAJLES,0977626744de,2026-08-29,medium
persons,TNP-00187,name_ar,MARSAD_MAJLES,2ab7d153fa35,2026-08-29,medium
persons,TNP-00187,name_lat,MARSAD_MAJLES,f53d22147645,2026-08-29,medium
persons,TNP-00187,gender,MARSAD_MAJLES,96a1a08dcded,2026-08-29,medium
mandates,TNM-2d1e57494191,assembly_id,MARSAD_MAJLES,0977626744de,2026-08-29,medium
persons,TNP-00188,name_ar,MARSAD_MAJLES,0924433fb943,2026-08-29,medium
persons,TNP-00188,name_lat,MARSAD_MAJLES,554693cfb1d4,2026-08-29,medium
persons,TNP-00188,gender,MARSAD_MAJLES,96a1a08dcded,2026-08-29,medium
mandates,TNM-65627c480f63,assembly_id,MARSAD_MAJLES,0977626744de,2026-08-29,medium
persons,TNP-00189,name_ar,MARSAD_MAJLES,064ae12a99e6,2026-08-29,medium
persons,TNP-00189,name_lat,MARSAD_MAJLES,fb2b1642090e,2026-08-29,medium
persons,TNP-00189,gender,MARSAD_MAJLES,030ef4a52619,2026-08-29,medium
mandates,TNM-54b83758f324,assembly_id,MARSAD_MAJLES,0977626744de,2026-08-29,medium
persons,TNP-00190,name_ar,MARSAD_MAJLES,f6a6b82a8ce9,2026-08-29,medium
persons,TNP-00190,name_lat,MARSAD_MAJLES,d5dd63ff2cd3,2026-08-29,medium
persons,TNP-00190,gender,MARSAD_MAJLES,030ef4a52619,2026-08-29,medium
mandates,TNM-2247e3df277c,assembly_id,MARSAD_MAJLES,0977626744de,2026-08-29,medium
persons,TNP-00191,name_ar,MARSAD_MAJLES,9ed50eb65e1e,2026-08-29,medium
persons,TNP-00191,name_lat,MARSAD_MAJLES,fa3b9a4573fb,2026-08-29,medium
persons,TNP-00191,gender,MARSAD_MAJLES,96a1a08dcded,2026-08-29,medium
persons,TNP-00191,occupation_raw,MARSAD_MAJLES,eb9f9a84809c,2026-08-29,medium
mandates,TNM-214b770514cf,assembly_id,MARSAD_MAJLES,0977626744de,2026-08-29,medium
persons,TNP-00192,name_ar,MARSAD_MAJLES,aa86a7894904,2026-08-29,medium
persons,TNP-00192,name_lat,MARSAD_MAJLES,4fe3a3377c57,2026-08-29,medium
persons,TNP-00192,gender,MARSAD_MAJLES,030ef4a52619,2026-08-29,medium
mandates,TNM-93ef7463fe49,assembly_id,MARSAD_MAJLES,0977626744de,2026-08-29,medium
persons,TNP-00193,name_ar,MARSAD_MAJLES,3bd266ed4103,2026-08-29,medium
persons,TNP-00193,name_lat,MARSAD_MAJLES,1d0645017b4a,2026-08-29,medium
persons,TNP-00193,gender,MARSAD_MAJLES,030ef4a52619,2026-08-29,medium
mandates,TNM-a5271b400a00,assembly_id,MARSAD_MAJLES,0977626744de,2026-08-29,medium
persons,TNP-00194,name_ar,MARSAD_MAJLES,d6bfb28107c7,2026-08-29,medium
persons,TNP-00194,name_lat,MARSAD_MAJLES,c56e1cbb1992,2026-08-29,medium
persons,TNP-00194,gender,MARSAD_MAJLES,96a1a08dcded,2026-08-29,medium
mandates,TNM-8d01cdfc63fe,assembly_id,MARSAD_MAJLES,0977626744de,2026-08-29,medium
persons,TNP-00195,name_ar,MARSAD_MAJLES,4de25034aafd,2026-08-29,medium
persons,TNP-00195,name_lat,MARSAD_MAJLES,7cf01869734d,2026-08-29,medium
persons,TNP-00195,gender,MARSAD_MAJLES,030ef4a52619,2026-08-29,medium
mandates,TNM-a2a313d883e7,assembly_id,MARSAD_MAJLES,0977626744de,2026-08-29,medium
persons,TNP-00196,name_ar,MARSAD_MAJLES,b045a345a240,2026-08-29,medium
persons,TNP-00196,name_lat,MARSAD_MAJLES,86e889f55b59,2026-08-29,medium
persons,TNP-00196,gender,MARSAD_MAJLES,030ef4a52619,2026-08-29,medium
mandates,TNM-a28e4958990a,assembly_id,MARSAD_MAJLES,0977626744de,2026-08-29,medium
persons,TNP-00197,name_ar,MARSAD_MAJLES,7c2ba47533bc,2026-08-29,medium
persons,TNP-00197,name_lat,MARSAD_MAJLES,282412b1a8b0,2026-08-29,medium
persons,TNP-00197,gender,MARSAD_MAJLES,030ef4a52619,2026-08-29,medium
mandates,TNM-a472ae43fa36,assembly_id,MARSAD_MAJLES,0977626744de,2026-08-29,medium
persons,TNP-00198,name_ar,MARSAD_MAJLES,c369df70fa89,2026-08-29,medium
persons,TNP-00198,name_lat,MARSAD_MAJLES,315cc5c39919,2026-08-29,medium
persons,TNP-00198,gender,MARSAD_MAJLES,030ef4a52619,2026-08-29,medium
mandates,TNM-8e8978ace272,assembly_id,MARSAD_MAJLES,0977626744de,2026-08-29,medium
persons,TNP-00199,name_ar,MARSAD_MAJLES,2f72d51ec711,2026-08-29,medium
persons,TNP-00199,name_lat,MARSAD_MAJLES,7d52699e002c,2026-08-29,medium
persons,TNP-00199,gender,MARSAD_MAJLES,030ef4a52619,2026-08-29,medium
persons,TNP-00199,occupation_raw,MARSAD_MAJLES,eb9f9a84809c,2026-08-29,medium
mandates,TNM-a396b5b8da2b,assembly_id,MARSAD_MAJLES,0977626744de,2026-08-29,medium
persons,TNP-00200,name_ar,MARSAD_MAJLES,3571d25f9cb8,2026-08-29,medium
persons,TNP-00200,name_lat,MARSAD_MAJLES,573a81ad2b58,2026-08-29,medium
persons,TNP-00200,gender,MARSAD_MAJLES,030ef4a52619,2026-08-29,medium
mandates,TNM-256b26325b9f,assembly_id,MARSAD_MAJLES,0977626744de,2026-08-29,medium
persons,TNP-00201,name_ar,MARSAD_MAJLES,58dfbd6ae6c1,2026-08-29,medium
persons,TNP-00201,name_lat,MARSAD_MAJLES,48219f27f55e,2026-08-29,medium
persons,TNP-00201,gender,MARSAD_MAJLES,030ef4a52619,2026-08-29,medium
mandates,TNM-bc93e1a37b62,assembly_id,MARSAD_MAJLES,0977626744de,2026-08-29,medium
persons,TNP-00202,name_ar,MARSAD_MAJLES,55b253750994,2026-08-29,medium
persons,TNP-00202,name_lat,MARSAD_MAJLES,2888ca3ed75e,2026-08-29,medium
persons,TNP-00202,gender,MARSAD_MAJLES,030ef4a52619,2026-08-29,medium
mandates,TNM-a8d4ce5d7723,assembly_id,MARSAD_MAJLES,0977626744de,2026-08-29,medium
persons,TNP-00203,name_ar,MARSAD_MAJLES,e6145f708ad4,2026-08-29,medium
persons,TNP-00203,name_lat,MARSAD_MAJLES,1522a6ffd42f,2026-08-29,medium
persons,TNP-00203,gender,MARSAD_MAJLES,030ef4a52619,2026-08-29,medium
persons,TNP-00203,occupation_raw,MARSAD_MAJLES,595b35052213,2026-08-29,medium
mandates,TNM-8ab9609ba520,assembly_id,MARSAD_MAJLES,0977626744de,2026-08-29,medium
persons,TNP-00204,name_ar,MARSAD_MAJLES,6f96ec6ffb5a,2026-08-29,medium
persons,TNP-00204,name_lat,MARSAD_MAJLES,7ae46d0ca148,2026-08-29,medium
persons,TNP-00204,gender,MARSAD_MAJLES,96a1a08dcded,2026-08-29,medium
persons,TNP-00204,occupation_raw,MARSAD_MAJLES,5d326e24a685,2026-08-29,medium
mandates,TNM-06cc8ac66353,assembly_id,MARSAD_MAJLES,0977626744de,2026-08-29,medium
persons,TNP-00205,name_ar,MARSAD_MAJLES,4ddfef1e6c78,2026-08-29,medium
persons,TNP-00205,name_lat,MARSAD_MAJLES,ffc4f9d69d68,2026-08-29,medium
persons,TNP-00205,gender,MARSAD_MAJLES,030ef4a52619,2026-08-29,medium
mandates,TNM-c51321759af3,assembly_id,MARSAD_MAJLES,0977626744de,2026-08-29,medium
persons,TNP-00206,name_ar,MARSAD_MAJLES,3fa5225c31cc,2026-08-29,medium
persons,TNP-00206,name_lat,MARSAD_MAJLES,91e6a3ff6948,2026-08-29,medium
persons,TNP-00206,gender,MARSAD_MAJLES,030ef4a52619,2026-08-29,medium
mandates,TNM-2bff075c26dd,assembly_id,MARSAD_MAJLES,0977626744de,2026-08-29,medium
persons,TNP-00207,name_ar,MARSAD_MAJLES,5a87b5e775de,2026-08-29,medium
persons,TNP-00207,name_lat,MARSAD_MAJLES,f2cabf4fff14,2026-08-29,medium
persons,TNP-00207,gender,MARSAD_MAJLES,030ef4a52619,2026-08-29,medium
mandates,TNM-789a4f1e9d37,assembly_id,MARSAD_MAJLES,0977626744de,2026-08-29,medium
persons,TNP-00208,name_ar,MARSAD_MAJLES,c97196a5426f,2026-08-29,medium
persons,TNP-00208,name_lat,MARSAD_MAJLES,2b6082238916,2026-08-29,medium
persons,TNP-00208,gender,MARSAD_MAJLES,030ef4a52619,2026-08-29,medium
persons,TNP-00208,occupation_raw,MARSAD_MAJLES,83628ae27ee9,2026-08-29,medium
mandates,TNM-afc9fa362b2b,assembly_id,MARSAD_MAJLES,0977626744de,2026-08-29,medium
persons,TNP-00209,name_ar,MARSAD_MAJLES,6b6f1b04a980,2026-08-29,medium
persons,TNP-00209,name_lat,MARSAD_MAJLES,d66e7552bb00,2026-08-29,medium
persons,TNP-00209,gender,MARSAD_MAJLES,96a1a08dcded,2026-08-29,medium
mandates,TNM-0c527a2d728e,assembly_id,MARSAD_MAJLES,0977626744de,2026-08-29,medium
persons,TNP-00210,name_ar,MARSAD_MAJLES,7f0039529e4e,2026-08-29,medium
persons,TNP-00210,name_lat,MARSAD_MAJLES,d6b863396566,2026-08-29,medium
persons,TNP-00210,gender,MARSAD_MAJLES,96a1a08dcded,2026-08-29,medium
mandates,TNM-4ba2841abf47,assembly_id,MARSAD_MAJLES,0977626744de,2026-08-29,medium
persons,TNP-00211,name_ar,MARSAD_MAJLES,37e280e58d69,2026-08-29,medium
persons,TNP-00211,name_lat,MARSAD_MAJLES,d24848408fe1,2026-08-29,medium
persons,TNP-00211,gender,MARSAD_MAJLES,030ef4a52619,2026-08-29,medium
mandates,TNM-cb4a420b356d,assembly_id,MARSAD_MAJLES,0977626744de,2026-08-29,medium
persons,TNP-00212,name_ar,MARSAD_MAJLES,8013a8d9ae65,2026-08-29,medium
persons,TNP-00212,name_lat,MARSAD_MAJLES,d7443d40853e,2026-08-29,medium
persons,TNP-00212,gender,MARSAD_MAJLES,030ef4a52619,2026-08-29,medium
persons,TNP-00212,occupation_raw,MARSAD_MAJLES,13ac031f7f09,2026-08-29,medium
mandates,TNM-172b9d170bdd,assembly_id,MARSAD_MAJLES,0977626744de,2026-08-29,medium
persons,TNP-00213,name_ar,MARSAD_MAJLES,040babb92d03,2026-08-29,medium
persons,TNP-00213,name_lat,MARSAD_MAJLES,0a4c9c694d04,2026-08-29,medium
persons,TNP-00213,gender,MARSAD_MAJLES,030ef4a52619,2026-08-29,medium
mandates,TNM-2031321a7897,assembly_id,MARSAD_MAJLES,0977626744de,2026-08-29,medium
persons,TNP-00214,name_ar,MARSAD_MAJLES,e9b8826973eb,2026-08-29,medium
persons,TNP-00214,name_lat,MARSAD_MAJLES,bf333eb95edd,2026-08-29,medium
persons,TNP-00214,gender,MARSAD_MAJLES,030ef4a52619,2026-08-29,medium
mandates,TNM-b65e0b2a004f,assembly_id,MARSAD_MAJLES,0977626744de,2026-08-29,medium
persons,TNP-00215,name_ar,MARSAD_MAJLES,c55d3cc97b1e,2026-08-29,medium
persons,TNP-00215,name_lat,MARSAD_MAJLES,886a4faa434b,2026-08-29,medium
persons,TNP-00215,gender,MARSAD_MAJLES,030ef4a52619,2026-08-29,medium
mandates,TNM-92f61cf52e51,assembly_id,MARSAD_MAJLES,0977626744de,2026-08-29,medium
persons,TNP-00216,name_ar,MARSAD_MAJLES,b72a6d418bb5,2026-08-29,medium
persons,TNP-00216,name_lat,MARSAD_MAJLES,6d2d8175f29f,2026-08-29,medium
persons,TNP-00216,gender,MARSAD_MAJLES,030ef4a52619,2026-08-29,medium
mandates,TNM-3e2561dedd96,assembly_id,MARSAD_MAJLES,0977626744de,2026-08-29,medium
persons,TNP-00217,name_ar,MARSAD_MAJLES,9deb069aebc5,2026-08-29,medium
persons,TNP-00217,name_lat,MARSAD_MAJLES,9dba91926913,2026-08-29,medium
persons,TNP-00217,gender,MARSAD_MAJLES,96a1a08dcded,2026-08-29,medium
persons,TNP-00217,occupation_raw,MARSAD_MAJLES,d6a20112eeae,2026-08-29,medium
mandates,TNM-9f5e18866d99,assembly_id,MARSAD_MAJLES,0977626744de,2026-08-29,medium
persons,TNP-00218,name_ar,MARSAD_MAJLES,08b694bcf8a0,2026-08-29,medium
persons,TNP-00218,name_lat,MARSAD_MAJLES,81930007008c,2026-08-29,medium
persons,TNP-00218,gender,MARSAD_MAJLES,030ef4a52619,2026-08-29,medium
mandates,TNM-43dce7bb2c13,assembly_id,MARSAD_MAJLES,0977626744de,2026-08-29,medium
persons,TNP-00219,name_ar,MARSAD_MAJLES,62e44e4ad06f,2026-08-29,medium
persons,TNP-00219,name_lat,MARSAD_MAJLES,b8e710ecf49c,2026-08-29,medium
persons,TNP-00219,gender,MARSAD_MAJLES,030ef4a52619,2026-08-29,medium
mandates,TNM-6ef3d6291500,assembly_id,MARSAD_MAJLES,0977626744de,2026-08-29,medium
persons,TNP-00220,name_ar,MARSAD_MAJLES,9bdff50803f2,2026-08-29,medium
persons,TNP-00220,name_lat,MARSAD_MAJLES,a6477f983859,2026-08-29,medium
persons,TNP-00220,gender,MARSAD_MAJLES,030ef4a52619,2026-08-29,medium
mandates,TNM-dbcb15077041,assembly_id,MARSAD_MAJLES,0977626744de,2026-08-29,medium
persons,TNP-00221,name_ar,MARSAD_MAJLES,709d47eccbe4,2026-08-29,medium
persons,TNP-00221,name_lat,MARSAD_MAJLES,8a9a3f7bba9c,2026-08-29,medium
persons,TNP-00221,gender,MARSAD_MAJLES,96a1a08dcded,2026-08-29,medium
persons,TNP-00221,occupation_raw,MARSAD_MAJLES,9ac0bbb8ad65,2026-08-29,medium
mandates,TNM-c1381739daf4,assembly_id,MARSAD_MAJLES,0977626744de,2026-08-29,medium
persons,TNP-00222,name_ar,MARSAD_MAJLES,fe51d701443e,2026-08-29,medium
persons,TNP-00222,name_lat,MARSAD_MAJLES,9a4122932295,2026-08-29,medium
persons,TNP-00222,gender,MARSAD_MAJLES,96a1a08dcded,2026-08-29,medium
mandates,TNM-996444861a5f,assembly_id,MARSAD_MAJLES,0977626744de,2026-08-29,medium
persons,TNP-00223,name_ar,MARSAD_MAJLES,9252bc0a8ad5,2026-08-29,medium
persons,TNP-00223,name_lat,MARSAD_MAJLES,263ce437e59e,2026-08-29,medium
persons,TNP-00223,gender,MARSAD_MAJLES,030ef4a52619,2026-08-29,medium
mandates,TNM-2cd68c88501d,assembly_id,MARSAD_MAJLES,0977626744de,2026-08-29,medium
persons,TNP-00224,name_ar,MARSAD_MAJLES,ae74a1137de8,2026-08-29,medium
persons,TNP-00224,name_lat,MARSAD_MAJLES,f7d602cfc18a,2026-08-29,medium
persons,TNP-00224,gender,MARSAD_MAJLES,030ef4a52619,2026-08-29,medium
mandates,TNM-54f2974245c1,assembly_id,MARSAD_MAJLES,0977626744de,2026-08-29,medium
persons,TNP-00225,name_ar,MARSAD_MAJLES,8416344ff1e3,2026-08-29,medium
persons,TNP-00225,name_lat,MARSAD_MAJLES,8108fdff7bab,2026-08-29,medium
persons,TNP-00225,gender,MARSAD_MAJLES,030ef4a52619,2026-08-29,medium
mandates,TNM-116e520d5259,assembly_id,MARSAD_MAJLES,0977626744de,2026-08-29,medium
persons,TNP-00226,name_ar,MARSAD_MAJLES,b8b63cda34ad,2026-08-29,medium
persons,TNP-00226,name_lat,MARSAD_MAJLES,e4c39acfb1ac,2026-08-29,medium
persons,TNP-00226,gender,MARSAD_MAJLES,030ef4a52619,2026-08-29,medium
mandates,TNM-fa2fae454243,assembly_id,MARSAD_MAJLES,0977626744de,2026-08-29,medium
persons,TNP-00227,name_ar,MARSAD_MAJLES,a0d3f3d60c43,2026-08-29,medium
persons,TNP-00227,name_lat,MARSAD_MAJLES,2f67a833fbc6,2026-08-29,medium
persons,TNP-00227,gender,MARSAD_MAJLES,96a1a08dcded,2026-08-29,medium
persons,TNP-00227,occupation_raw,MARSAD_MAJLES,1d80a168d285,2026-08-29,medium
mandates,TNM-dfa21480d9aa,assembly_id,MARSAD_MAJLES,0977626744de,2026-08-29,medium
persons,TNP-00228,name_ar,MARSAD_MAJLES,c5bdc01db691,2026-08-29,medium
persons,TNP-00228,name_lat,MARSAD_MAJLES,6738a75b02d9,2026-08-29,medium
persons,TNP-00228,gender,MARSAD_MAJLES,030ef4a52619,2026-08-29,medium
persons,TNP-00228,occupation_raw,MARSAD_MAJLES,6e142d69fff1,2026-08-29,medium
mandates,TNM-b4877df8daf4,assembly_id,MARSAD_MAJLES,0977626744de,2026-08-29,medium
persons,TNP-00065,name_ar,MARSAD_MAJLES,db969184590b,2026-08-29,medium
persons,TNP-00065,name_lat,MARSAD_MAJLES,6e6ccc662668,2026-08-29,medium
persons,TNP-00065,gender,MARSAD_MAJLES,030ef4a52619,2026-08-29,medium
persons,TNP-00065,occupation_raw,MARSAD_MAJLES,eb9f9a84809c,2026-08-29,medium
mandates,TNM-fad30a100e48,assembly_id,MARSAD_MAJLES,0977626744de,2026-08-29,medium
persons,TNP-00229,name_ar,MARSAD_MAJLES,c5fe62a845f7,2026-08-29,medium
persons,TNP-00229,name_lat,MARSAD_MAJLES,5e12c59cbdb8,2026-08-29,medium
persons,TNP-00229,gender,MARSAD_MAJLES,96a1a08dcded,2026-08-29,medium
mandates,TNM-1c340ea3c75e,assembly_id,MARSAD_MAJLES,0977626744de,2026-08-29,medium
persons,TNP-00230,name_ar,MARSAD_MAJLES,2a9e735ab7f7,2026-08-29,medium
persons,TNP-00230,name_lat,MARSAD_MAJLES,de64b7fa1dc4,2026-08-29,medium
persons,TNP-00230,gender,MARSAD_MAJLES,030ef4a52619,2026-08-29,medium
mandates,TNM-b279a39370c8,assembly_id,MARSAD_MAJLES,0977626744de,2026-08-29,medium
persons,TNP-00231,name_ar,MARSAD_MAJLES,6053e566c511,2026-08-29,medium
persons,TNP-00231,name_lat,MARSAD_MAJLES,cbdd5529c59a,2026-08-29,medium
persons,TNP-00231,gender,MARSAD_MAJLES,030ef4a52619,2026-08-29,medium
mandates,TNM-04a7277935b2,assembly_id,MARSAD_MAJLES,0977626744de,2026-08-29,medium
persons,TNP-00232,name_ar,MARSAD_MAJLES,6fd8124702fe,2026-08-29,medium
persons,TNP-00232,name_lat,MARSAD_MAJLES,9bf6a638bbbc,2026-08-29,medium
persons,TNP-00232,gender,MARSAD_MAJLES,030ef4a52619,2026-08-29,medium
mandates,TNM-731901a01dec,assembly_id,MARSAD_MAJLES,0977626744de,2026-08-29,medium
persons,TNP-00233,name_ar,MARSAD_MAJLES,a03023bd0319,2026-08-29,medium
persons,TNP-00233,name_lat,MARSAD_MAJLES,05bdb845106b,2026-08-29,medium
persons,TNP-00233,gender,MARSAD_MAJLES,030ef4a52619,2026-08-29,medium
mandates,TNM-52a48ea38e7c,assembly_id,MARSAD_MAJLES,0977626744de,2026-08-29,medium
persons,TNP-00234,name_ar,MARSAD_MAJLES,78a8e684af46,2026-08-29,medium
persons,TNP-00234,name_lat,MARSAD_MAJLES,0964519bb8d4,2026-08-29,medium
persons,TNP-00234,gender,MARSAD_MAJLES,030ef4a52619,2026-08-29,medium
mandates,TNM-12b0c5105834,assembly_id,MARSAD_MAJLES,0977626744de,2026-08-29,medium
persons,TNP-00235,name_ar,MARSAD_MAJLES,91981daeb0b6,2026-08-29,medium
persons,TNP-00235,name_lat,MARSAD_MAJLES,4a7c2ddeaf5e,2026-08-29,medium
persons,TNP-00235,gender,MARSAD_MAJLES,96a1a08dcded,2026-08-29,medium
persons,TNP-00235,occupation_raw,MARSAD_MAJLES,e9f4f798cf9f,2026-08-29,medium
mandates,TNM-9d57c9a0987f,assembly_id,MARSAD_MAJLES,0977626744de,2026-08-29,medium
persons,TNP-00236,name_ar,MARSAD_MAJLES,c7cc47d1b41b,2026-08-29,medium
persons,TNP-00236,name_lat,MARSAD_MAJLES,7c4ddfd07179,2026-08-29,medium
persons,TNP-00236,gender,MARSAD_MAJLES,96a1a08dcded,2026-08-29,medium
persons,TNP-00236,occupation_raw,MARSAD_MAJLES,eb9f9a84809c,2026-08-29,medium
mandates,TNM-4c157a8bd3f3,assembly_id,MARSAD_MAJLES,0977626744de,2026-08-29,medium
persons,TNP-00237,name_ar,MARSAD_MAJLES,84c971e53982,2026-08-29,medium
persons,TNP-00237,name_lat,MARSAD_MAJLES,cc5d77d107e5,2026-08-29,medium
persons,TNP-00237,gender,MARSAD_MAJLES,030ef4a52619,2026-08-29,medium
mandates,TNM-363eececf935,assembly_id,MARSAD_MAJLES,0977626744de,2026-08-29,medium
persons,TNP-00238,name_ar,MARSAD_MAJLES,ccc72f631784,2026-08-29,medium
persons,TNP-00238,name_lat,MARSAD_MAJLES,885e72fb4947,2026-08-29,medium
persons,TNP-00238,gender,MARSAD_MAJLES,030ef4a52619,2026-08-29,medium
mandates,TNM-66437ce49eb2,assembly_id,MARSAD_MAJLES,0977626744de,2026-08-29,medium
persons,TNP-00239,name_ar,MARSAD_MAJLES,365aab0a8cfd,2026-08-29,medium
persons,TNP-00239,name_lat,MARSAD_MAJLES,da45ba0910ca,2026-08-29,medium
persons,TNP-00239,gender,MARSAD_MAJLES,030ef4a52619,2026-08-29,medium
mandates,TNM-f9138da3c323,assembly_id,MARSAD_MAJLES,0977626744de,2026-08-29,medium
persons,TNP-00240,name_ar,MARSAD_MAJLES,14a14f0de8e1,2026-08-29,medium
persons,TNP-00240,name_lat,MARSAD_MAJLES,3258a72fb1d2,2026-08-29,medium
persons,TNP-00240,gender,MARSAD_MAJLES,030ef4a52619,2026-08-29,medium
mandates,TNM-3a2809905e7b,assembly_id,MARSAD_MAJLES,0977626744de,2026-08-29,medium
persons,TNP-00241,name_ar,MARSAD_MAJLES,28ca8381db4f,2026-08-29,medium
persons,TNP-00241,name_lat,MARSAD_MAJLES,ec2b2957ff13,2026-08-29,medium
persons,TNP-00241,gender,MARSAD_MAJLES,96a1a08dcded,2026-08-29,medium
mandates,TNM-3299a4543c0e,assembly_id,MARSAD_MAJLES,0977626744de,2026-08-29,medium
persons,TNP-00242,name_ar,MARSAD_MAJLES,4b9ca87febea,2026-08-29,medium
persons,TNP-00242,name_lat,MARSAD_MAJLES,a062987adcb3,2026-08-29,medium
persons,TNP-00242,gender,MARSAD_MAJLES,030ef4a52619,2026-08-29,medium
mandates,TNM-022ffcae449e,assembly_id,MARSAD_MAJLES,0977626744de,2026-08-29,medium
persons,TNP-00243,name_ar,MARSAD_MAJLES,ef8cc224d484,2026-08-29,medium
persons,TNP-00243,name_lat,MARSAD_MAJLES,6b3e36e022c7,2026-08-29,medium
persons,TNP-00243,gender,MARSAD_MAJLES,030ef4a52619,2026-08-29,medium
mandates,TNM-736e38f0c75e,assembly_id,MARSAD_MAJLES,0977626744de,2026-08-29,medium
persons,TNP-00244,name_ar,MARSAD_MAJLES,741005b882a0,2026-08-29,medium
persons,TNP-00244,name_lat,MARSAD_MAJLES,33ce73b3a378,2026-08-29,medium
persons,TNP-00244,gender,MARSAD_MAJLES,030ef4a52619,2026-08-29,medium
mandates,TNM-b67c879c0016,assembly_id,MARSAD_MAJLES,0977626744de,2026-08-29,medium
persons,TNP-00245,name_ar,MARSAD_MAJLES,e87f61135bd5,2026-08-29,medium
persons,TNP-00245,name_lat,MARSAD_MAJLES,33941cbcb078,2026-08-29,medium
persons,TNP-00245,gender,MARSAD_MAJLES,96a1a08dcded,2026-08-29,medium
mandates,TNM-c6eae7df704a,assembly_id,MARSAD_MAJLES,0977626744de,2026-08-29,medium
persons,TNP-00246,name_ar,MARSAD_MAJLES,d1a5cab4500e,2026-08-29,medium
persons,TNP-00246,name_lat,MARSAD_MAJLES,88b65b686138,2026-08-29,medium
persons,TNP-00246,gender,MARSAD_MAJLES,030ef4a52619,2026-08-29,medium
mandates,TNM-3fcdbf4e1017,assembly_id,MARSAD_MAJLES,0977626744de,2026-08-29,medium
persons,TNP-00247,name_ar,MARSAD_MAJLES,768646b7217c,2026-08-29,medium
persons,TNP-00247,name_lat,MARSAD_MAJLES,19437cb70307,2026-08-29,medium
persons,TNP-00247,gender,MARSAD_MAJLES,96a1a08dcded,2026-08-29,medium
persons,TNP-00247,occupation_raw,MARSAD_MAJLES,5d326e24a685,2026-08-29,medium
mandates,TNM-981151435d63,assembly_id,MARSAD_MAJLES,0977626744de,2026-08-29,medium
persons,TNP-00248,name_ar,MARSAD_MAJLES,9fffaf107064,2026-08-29,medium
persons,TNP-00248,name_lat,MARSAD_MAJLES,371562376e7f,2026-08-29,medium
persons,TNP-00248,gender,MARSAD_MAJLES,030ef4a52619,2026-08-29,medium
mandates,TNM-95950345c588,assembly_id,MARSAD_MAJLES,0977626744de,2026-08-29,medium
persons,TNP-00249,name_ar,MARSAD_MAJLES,b0b12342af34,2026-08-29,medium
persons,TNP-00249,name_lat,MARSAD_MAJLES,bf3d0b0ae73b,2026-08-29,medium
persons,TNP-00249,gender,MARSAD_MAJLES,96a1a08dcded,2026-08-29,medium
mandates,TNM-e3dcc515bab9,assembly_id,MARSAD_MAJLES,0977626744de,2026-08-29,medium
persons,TNP-00250,name_ar,MARSAD_MAJLES,b91d8888092f,2026-08-29,medium
persons,TNP-00250,name_lat,MARSAD_MAJLES,2857fe48c094,2026-08-29,medium
persons,TNP-00250,gender,MARSAD_MAJLES,96a1a08dcded,2026-08-29,medium
mandates,TNM-7811e1d86e0a,assembly_id,MARSAD_MAJLES,0977626744de,2026-08-29,medium
persons,TNP-00251,name_ar,MARSAD_MAJLES,cb224fc89a3a,2026-08-29,medium
persons,TNP-00251,name_lat,MARSAD_MAJLES,a40d6f0315c5,2026-08-29,medium
persons,TNP-00251,gender,MARSAD_MAJLES,030ef4a52619,2026-08-29,medium
persons,TNP-00251,occupation_raw,MARSAD_MAJLES,83628ae27ee9,2026-08-29,medium
mandates,TNM-72bb81b6cf4e,assembly_id,MARSAD_MAJLES,0977626744de,2026-08-29,medium
persons,TNP-00252,name_ar,MARSAD_MAJLES,48a3529478c2,2026-08-29,medium
persons,TNP-00252,name_lat,MARSAD_MAJLES,fe24200911bd,2026-08-29,medium
persons,TNP-00252,gender,MARSAD_MAJLES,030ef4a52619,2026-08-29,medium
mandates,TNM-32e5e2093960,assembly_id,MARSAD_MAJLES,0977626744de,2026-08-29,medium
persons,TNP-00253,name_ar,MARSAD_MAJLES,80837a9d204e,2026-08-29,medium
persons,TNP-00253,name_lat,MARSAD_MAJLES,f53e8b6ae0ea,2026-08-29,medium
persons,TNP-00253,gender,MARSAD_MAJLES,030ef4a52619,2026-08-29,medium
mandates,TNM-295aa462d78e,assembly_id,MARSAD_MAJLES,0977626744de,2026-08-29,medium
persons,TNP-00254,name_ar,MARSAD_MAJLES,ec4f9a9bd146,2026-08-29,medium
persons,TNP-00254,name_lat,MARSAD_MAJLES,9fe0fe40ffbd,2026-08-29,medium
persons,TNP-00254,gender,MARSAD_MAJLES,96a1a08dcded,2026-08-29,medium
persons,TNP-00254,occupation_raw,MARSAD_MAJLES,13ac031f7f09,2026-08-29,medium
mandates,TNM-22925efab71b,assembly_id,MARSAD_MAJLES,0977626744de,2026-08-29,medium
persons,TNP-00255,name_ar,MARSAD_MAJLES,69f50d7a7309,2026-08-29,medium
persons,TNP-00255,name_lat,MARSAD_MAJLES,2648253b8a7b,2026-08-29,medium
persons,TNP-00255,gender,MARSAD_MAJLES,030ef4a52619,2026-08-29,medium
persons,TNP-00255,occupation_raw,MARSAD_MAJLES,c04732109481,2026-08-29,medium
mandates,TNM-97974f9e7e05,assembly_id,MARSAD_MAJLES,0977626744de,2026-08-29,medium
persons,TNP-00256,name_ar,MARSAD_MAJLES,14bb111fdeec,2026-08-29,medium
persons,TNP-00256,name_lat,MARSAD_MAJLES,7f353834d197,2026-08-29,medium
persons,TNP-00256,gender,MARSAD_MAJLES,030ef4a52619,2026-08-29,medium
mandates,TNM-9dd7501b14f6,assembly_id,MARSAD_MAJLES,0977626744de,2026-08-29,medium
persons,TNP-00257,name_ar,MARSAD_MAJLES,ddfac47a7279,2026-08-29,medium
persons,TNP-00257,name_lat,MARSAD_MAJLES,40627736f812,2026-08-29,medium
persons,TNP-00257,gender,MARSAD_MAJLES,030ef4a52619,2026-08-29,medium
mandates,TNM-53fd11fb475b,assembly_id,MARSAD_MAJLES,0977626744de,2026-08-29,medium
persons,TNP-00258,name_ar,MARSAD_MAJLES,21f860a3f8cc,2026-08-29,medium
persons,TNP-00258,name_lat,MARSAD_MAJLES,2ba54e221cc6,2026-08-29,medium
persons,TNP-00258,gender,MARSAD_MAJLES,030ef4a52619,2026-08-29,medium
mandates,TNM-67f15ee979e4,assembly_id,MARSAD_MAJLES,0977626744de,2026-08-29,medium
persons,TNP-00259,name_ar,MARSAD_MAJLES,887906dbaf3f,2026-08-29,medium
persons,TNP-00259,name_lat,MARSAD_MAJLES,d97525917b86,2026-08-29,medium
persons,TNP-00259,gender,MARSAD_MAJLES,96a1a08dcded,2026-08-29,medium
mandates,TNM-ad1dbddec326,assembly_id,MARSAD_MAJLES,0977626744de,2026-08-29,medium
persons,TNP-00260,name_ar,MARSAD_MAJLES,0c24eda6209d,2026-08-29,medium
persons,TNP-00260,name_lat,MARSAD_MAJLES,f34eeadb67d3,2026-08-29,medium
persons,TNP-00260,gender,MARSAD_MAJLES,96a1a08dcded,2026-08-29,medium
mandates,TNM-0b8c160f026e,assembly_id,MARSAD_MAJLES,0977626744de,2026-08-29,medium
persons,TNP-00261,name_ar,MARSAD_MAJLES,5719228b7985,2026-08-29,medium
persons,TNP-00261,name_lat,MARSAD_MAJLES,5cf3d06a53ab,2026-08-29,medium
persons,TNP-00261,gender,MARSAD_MAJLES,96a1a08dcded,2026-08-29,medium
mandates,TNM-d535fc880369,assembly_id,MARSAD_MAJLES,0977626744de,2026-08-29,medium
persons,TNP-00262,name_ar,MARSAD_MAJLES,a80254e69875,2026-08-29,medium
persons,TNP-00262,name_lat,MARSAD_MAJLES,e585c327ff75,2026-08-29,medium
persons,TNP-00262,gender,MARSAD_MAJLES,030ef4a52619,2026-08-29,medium
mandates,TNM-9e0a314c865f,assembly_id,MARSAD_MAJLES,0977626744de,2026-08-29,medium
persons,TNP-00263,name_ar,MARSAD_MAJLES,0f7137f2e3ea,2026-08-29,medium
persons,TNP-00263,name_lat,MARSAD_MAJLES,c430db605f2a,2026-08-29,medium
persons,TNP-00263,gender,MARSAD_MAJLES,96a1a08dcded,2026-08-29,medium
mandates,TNM-47d56564b89b,assembly_id,MARSAD_MAJLES,0977626744de,2026-08-29,medium
persons,TNP-00264,name_ar,MARSAD_MAJLES,5de8b476e233,2026-08-29,medium
persons,TNP-00264,name_lat,MARSAD_MAJLES,3ad7731d14f5,2026-08-29,medium
persons,TNP-00264,gender,MARSAD_MAJLES,030ef4a52619,2026-08-29,medium
persons,TNP-00264,occupation_raw,MARSAD_MAJLES,83628ae27ee9,2026-08-29,medium
mandates,TNM-378a72c91418,assembly_id,MARSAD_MAJLES,0977626744de,2026-08-29,medium
persons,TNP-00265,name_ar,MARSAD_MAJLES,32ce4d7a9cc9,2026-08-29,medium
persons,TNP-00265,name_lat,MARSAD_MAJLES,79f6c7f83999,2026-08-29,medium
persons,TNP-00265,gender,MARSAD_MAJLES,030ef4a52619,2026-08-29,medium
mandates,TNM-7b1e2914e662,assembly_id,MARSAD_MAJLES,0977626744de,2026-08-29,medium
persons,TNP-00266,name_ar,MARSAD_MAJLES,4bfdd11ff09c,2026-08-29,medium
persons,TNP-00266,name_lat,MARSAD_MAJLES,acfc3517ae51,2026-08-29,medium
persons,TNP-00266,gender,MARSAD_MAJLES,030ef4a52619,2026-08-29,medium
mandates,TNM-8a2a035edc89,assembly_id,MARSAD_MAJLES,0977626744de,2026-08-29,medium
persons,TNP-00267,name_ar,MARSAD_MAJLES,ec8b97481a85,2026-08-29,medium
persons,TNP-00267,name_lat,MARSAD_MAJLES,7081a190fb3b,2026-08-29,medium
persons,TNP-00267,gender,MARSAD_MAJLES,030ef4a52619,2026-08-29,medium
mandates,TNM-16de0888af9b,assembly_id,MARSAD_MAJLES,0977626744de,2026-08-29,medium
persons,TNP-00268,name_ar,MARSAD_MAJLES,4c686d561dc9,2026-08-29,medium
persons,TNP-00268,name_lat,MARSAD_MAJLES,cece467a9af6,2026-08-29,medium
persons,TNP-00268,gender,MARSAD_MAJLES,030ef4a52619,2026-08-29,medium
mandates,TNM-6968d5b13df4,assembly_id,MARSAD_MAJLES,0977626744de,2026-08-29,medium
persons,TNP-00269,name_ar,MARSAD_MAJLES,2f6f01a6e55b,2026-08-29,medium
persons,TNP-00269,name_lat,MARSAD_MAJLES,ae5a47f637aa,2026-08-29,medium
persons,TNP-00269,gender,MARSAD_MAJLES,030ef4a52619,2026-08-29,medium
mandates,TNM-749ce90614d4,assembly_id,MARSAD_MAJLES,0977626744de,2026-08-29,medium
persons,TNP-00270,name_ar,MARSAD_MAJLES,e1a68ee36e3b,2026-08-29,medium
persons,TNP-00270,name_lat,MARSAD_MAJLES,872d6a24ae93,2026-08-29,medium
persons,TNP-00270,gender,MARSAD_MAJLES,030ef4a52619,2026-08-29,medium
mandates,TNM-c37cda700e4d,assembly_id,MARSAD_MAJLES,0977626744de,2026-08-29,medium
persons,TNP-00271,name_ar,MARSAD_MAJLES,ccc09372c472,2026-08-29,medium
persons,TNP-00271,name_lat,MARSAD_MAJLES,20b442bbe78b,2026-08-29,medium
persons,TNP-00271,gender,MARSAD_MAJLES,030ef4a52619,2026-08-29,medium
mandates,TNM-41e63a282d91,assembly_id,MARSAD_MAJLES,0977626744de,2026-08-29,medium
persons,TNP-00272,name_ar,MARSAD_MAJLES,f2a60ccaa995,2026-08-29,medium
persons,TNP-00272,name_lat,MARSAD_MAJLES,868456c9ee84,2026-08-29,medium
persons,TNP-00272,gender,MARSAD_MAJLES,030ef4a52619,2026-08-29,medium
mandates,TNM-850deab74927,assembly_id,MARSAD_MAJLES,0977626744de,2026-08-29,medium
persons,TNP-00273,name_ar,MARSAD_MAJLES,cc1d78c8bcba,2026-08-29,medium
persons,TNP-00273,name_lat,MARSAD_MAJLES,ed14d6d6aed8,2026-08-29,medium
persons,TNP-00273,gender,MARSAD_MAJLES,030ef4a52619,2026-08-29,medium
mandates,TNM-6eeadbb09767,assembly_id,MARSAD_MAJLES,0977626744de,2026-08-29,medium
persons,TNP-00274,name_ar,MARSAD_MAJLES,b79d99f09306,2026-08-29,medium
persons,TNP-00274,name_lat,MARSAD_MAJLES,07ec23095254,2026-08-29,medium
persons,TNP-00274,gender,MARSAD_MAJLES,030ef4a52619,2026-08-29,medium
mandates,TNM-8ba71802856b,assembly_id,MARSAD_MAJLES,0977626744de,2026-08-29,medium
persons,TNP-00275,name_ar,MARSAD_MAJLES,cf3ca8afc979,2026-08-29,medium
persons,TNP-00275,name_lat,MARSAD_MAJLES,b68c9b885158,2026-08-29,medium
persons,TNP-00275,gender,MARSAD_MAJLES,030ef4a52619,2026-08-29,medium
mandates,TNM-df074656a3b5,assembly_id,MARSAD_MAJLES,0977626744de,2026-08-29,medium
persons,TNP-00276,name_ar,MARSAD_MAJLES,5b82526a9b33,2026-08-29,medium
persons,TNP-00276,name_lat,MARSAD_MAJLES,ee5cf5e52ff3,2026-08-29,medium
persons,TNP-00276,gender,MARSAD_MAJLES,030ef4a52619,2026-08-29,medium
persons,TNP-00276,occupation_raw,MARSAD_MAJLES,83628ae27ee9,2026-08-29,medium
mandates,TNM-f68f663b1941,assembly_id,MARSAD_MAJLES,0977626744de,2026-08-29,medium
persons,TNP-00277,name_ar,MARSAD_MAJLES,e14fd50c71e6,2026-08-29,medium
persons,TNP-00277,name_lat,MARSAD_MAJLES,0ef95e6fbac9,2026-08-29,medium
persons,TNP-00277,gender,MARSAD_MAJLES,030ef4a52619,2026-08-29,medium
mandates,TNM-e27cea0e0c3c,assembly_id,MARSAD_MAJLES,0977626744de,2026-08-29,medium
persons,TNP-00278,name_ar,MARSAD_MAJLES,2ef5fdba2e47,2026-08-29,medium
persons,TNP-00278,name_lat,MARSAD_MAJLES,3040f71d6022,2026-08-29,medium
persons,TNP-00278,gender,MARSAD_MAJLES,030ef4a52619,2026-08-29,medium
mandates,TNM-4ffe6698ea10,assembly_id,MARSAD_MAJLES,0977626744de,2026-08-29,medium
persons,TNP-00279,name_ar,MARSAD_MAJLES,d98f8a3d6d72,2026-08-29,medium
persons,TNP-00279,name_lat,MARSAD_MAJLES,d002464d8a18,2026-08-29,medium
persons,TNP-00279,gender,MARSAD_MAJLES,030ef4a52619,2026-08-29,medium
mandates,TNM-aa78180a33c0,assembly_id,MARSAD_MAJLES,0977626744de,2026-08-29,medium
persons,TNP-00280,name_ar,MARSAD_MAJLES,8e7a270a6d12,2026-08-29,medium
persons,TNP-00280,name_lat,MARSAD_MAJLES,9fc15d3fdf3b,2026-08-29,medium
persons,TNP-00280,gender,MARSAD_MAJLES,030ef4a52619,2026-08-29,medium
mandates,TNM-6021819cb9f1,assembly_id,MARSAD_MAJLES,0977626744de,2026-08-29,medium
persons,TNP-00281,name_ar,MARSAD_MAJLES,854bbb165755,2026-08-29,medium
persons,TNP-00281,name_lat,MARSAD_MAJLES,ac1174db7b12,2026-08-29,medium
persons,TNP-00281,gender,MARSAD_MAJLES,030ef4a52619,2026-08-29,medium
mandates,TNM-a7a684ef4632,assembly_id,MARSAD_MAJLES,0977626744de,2026-08-29,medium
persons,TNP-00282,name_ar,MARSAD_MAJLES,cf27e6e04f05,2026-08-29,medium
persons,TNP-00282,name_lat,MARSAD_MAJLES,d1dc9fbefc45,2026-08-29,medium
persons,TNP-00282,gender,MARSAD_MAJLES,030ef4a52619,2026-08-29,medium
mandates,TNM-6c6ec99047e6,assembly_id,MARSAD_MAJLES,0977626744de,2026-08-29,medium
persons,TNP-00283,name_ar,MARSAD_MAJLES,dd30fd3da97e,2026-08-29,medium
persons,TNP-00283,name_lat,MARSAD_MAJLES,c1221822eed6,2026-08-29,medium
persons,TNP-00283,gender,MARSAD_MAJLES,030ef4a52619,2026-08-29,medium
mandates,TNM-52d9cb5ff45b,assembly_id,MARSAD_MAJLES,0977626744de,2026-08-29,medium
persons,TNP-00284,name_ar,MARSAD_MAJLES,4e483bec9706,2026-08-29,medium
persons,TNP-00284,name_lat,MARSAD_MAJLES,c29fe3f0300d,2026-08-29,medium
persons,TNP-00284,gender,MARSAD_MAJLES,030ef4a52619,2026-08-29,medium
mandates,TNM-9990387ec358,assembly_id,MARSAD_MAJLES,0977626744de,2026-08-29,medium
persons,TNP-00285,name_ar,MARSAD_MAJLES,6d61f238e653,2026-08-29,medium
persons,TNP-00285,name_lat,MARSAD_MAJLES,2ca56fcb8f84,2026-08-29,medium
persons,TNP-00285,gender,MARSAD_MAJLES,030ef4a52619,2026-08-29,medium
persons,TNP-00285,occupation_raw,MARSAD_MAJLES,51d02d98c53c,2026-08-29,medium
mandates,TNM-ec6e9df11475,assembly_id,MARSAD_MAJLES,0977626744de,2026-08-29,medium
persons,TNP-00286,name_ar,MARSAD_MAJLES,772abb4a2bc8,2026-08-29,medium
persons,TNP-00286,name_lat,MARSAD_MAJLES,c84bc2fa22d3,2026-08-29,medium
persons,TNP-00286,gender,MARSAD_MAJLES,030ef4a52619,2026-08-29,medium
mandates,TNM-e0987040afe3,assembly_id,MARSAD_MAJLES,0977626744de,2026-08-29,medium
persons,TNP-00287,name_ar,MARSAD_MAJLES,264b102ddb4e,2026-08-29,medium
persons,TNP-00287,name_lat,MARSAD_MAJLES,ec713d3d7c29,2026-08-29,medium
persons,TNP-00287,gender,MARSAD_MAJLES,030ef4a52619,2026-08-29,medium
mandates,TNM-e922c93ac3d1,assembly_id,MARSAD_MAJLES,0977626744de,2026-08-29,medium
persons,TNP-00288,name_ar,MARSAD_MAJLES,049130a9c604,2026-08-29,medium
persons,TNP-00288,name_lat,MARSAD_MAJLES,d3f93f302f30,2026-08-29,medium
persons,TNP-00288,gender,MARSAD_MAJLES,030ef4a52619,2026-08-29,medium
mandates,TNM-bf32eba89297,assembly_id,MARSAD_MAJLES,0977626744de,2026-08-29,medium
persons,TNP-00289,name_ar,MARSAD_MAJLES,4c92d9968f15,2026-08-29,medium
persons,TNP-00289,name_lat,MARSAD_MAJLES,c4e0882f1750,2026-08-29,medium
persons,TNP-00289,gender,MARSAD_MAJLES,030ef4a52619,2026-08-29,medium
persons,TNP-00289,occupation_raw,MARSAD_MAJLES,8daf3738eeb3,2026-08-29,medium
mandates,TNM-c4f61cada46f,assembly_id,MARSAD_MAJLES,0977626744de,2026-08-29,medium
persons,TNP-00290,name_ar,MARSAD_MAJLES,02bfed404986,2026-08-29,medium
persons,TNP-00290,name_lat,MARSAD_MAJLES,2e5161077fbe,2026-08-29,medium
persons,TNP-00290,gender,MARSAD_MAJLES,96a1a08dcded,2026-08-29,medium
mandates,TNM-1d8c43dbdfb9,assembly_id,MARSAD_MAJLES,0977626744de,2026-08-29,medium
persons,TNP-00291,name_ar,MARSAD_MAJLES,ea481c62be45,2026-08-29,medium
persons,TNP-00291,name_lat,MARSAD_MAJLES,adc4c409a49c,2026-08-29,medium
persons,TNP-00291,gender,MARSAD_MAJLES,030ef4a52619,2026-08-29,medium
mandates,TNM-ce3758eab384,assembly_id,MARSAD_MAJLES,0977626744de,2026-08-29,medium
persons,TNP-00292,name_ar,MARSAD_MAJLES,f0fb15c29d98,2026-08-29,medium
persons,TNP-00292,name_lat,MARSAD_MAJLES,cb7ca5db14c9,2026-08-29,medium
persons,TNP-00292,gender,MARSAD_MAJLES,030ef4a52619,2026-08-29,medium
mandates,TNM-c2c4b7648d7b,assembly_id,MARSAD_MAJLES,0977626744de,2026-08-29,medium
persons,TNP-00293,name_ar,MARSAD_MAJLES,6f4593ca2c1c,2026-08-29,medium
persons,TNP-00293,name_lat,MARSAD_MAJLES,831e0376eb14,2026-08-29,medium
persons,TNP-00293,gender,MARSAD_MAJLES,96a1a08dcded,2026-08-29,medium
mandates,TNM-1b7e1a1b0513,assembly_id,MARSAD_MAJLES,0977626744de,2026-08-29,medium
persons,TNP-00294,name_ar,MARSAD_MAJLES,3d099debbe8a,2026-08-29,medium
persons,TNP-00294,name_lat,MARSAD_MAJLES,0e55753955fd,2026-08-29,medium
persons,TNP-00294,gender,MARSAD_MAJLES,030ef4a52619,2026-08-29,medium
mandates,TNM-809b653e443e,assembly_id,MARSAD_MAJLES,0977626744de,2026-08-29,medium
persons,TNP-00295,name_ar,MARSAD_MAJLES,d3aa079a0cf2,2026-08-29,medium
persons,TNP-00295,name_lat,MARSAD_MAJLES,cadb5600022d,2026-08-29,medium
persons,TNP-00295,gender,MARSAD_MAJLES,030ef4a52619,2026-08-29,medium
persons,TNP-00295,occupation_raw,MARSAD_MAJLES,1d80a168d285,2026-08-29,medium
mandates,TNM-315801437bb7,assembly_id,MARSAD_MAJLES,0977626744de,2026-08-29,medium
persons,TNP-00296,name_ar,MARSAD_MAJLES,5daf8635ffef,2026-08-29,medium
persons,TNP-00296,name_lat,MARSAD_MAJLES,a23b7c1e7fd2,2026-08-29,medium
persons,TNP-00296,gender,MARSAD_MAJLES,030ef4a52619,2026-08-29,medium
mandates,TNM-cc1fd1b74088,assembly_id,MARSAD_MAJLES,0977626744de,2026-08-29,medium
persons,TNP-00297,name_ar,MARSAD_MAJLES,e09f2a7aa262,2026-08-29,medium
persons,TNP-00297,name_lat,MARSAD_MAJLES,7858fef9a7e5,2026-08-29,medium
persons,TNP-00297,gender,MARSAD_MAJLES,030ef4a52619,2026-08-29,medium
persons,TNP-00297,occupation_raw,MARSAD_MAJLES,7aa976a648e5,2026-08-29,medium
mandates,TNM-454f5fab6a00,assembly_id,MARSAD_MAJLES,0977626744de,2026-08-29,medium
persons,TNP-00298,name_ar,MARSAD_MAJLES,ef4228238c58,2026-08-29,medium
persons,TNP-00298,name_lat,MARSAD_MAJLES,7a1b364206aa,2026-08-29,medium
persons,TNP-00298,gender,MARSAD_MAJLES,96a1a08dcded,2026-08-29,medium
mandates,TNM-a5e5c8414568,assembly_id,MARSAD_MAJLES,0977626744de,2026-08-29,medium
persons,TNP-00299,name_ar,MARSAD_MAJLES,ee5e2fa70b2f,2026-08-29,medium
persons,TNP-00299,name_lat,MARSAD_MAJLES,c2d4e6b0f182,2026-08-29,medium
persons,TNP-00299,gender,MARSAD_MAJLES,030ef4a52619,2026-08-29,medium
persons,TNP-00299,occupation_raw,MARSAD_MAJLES,f4ceb5a464c8,2026-08-29,medium
mandates,TNM-2f6901f4aa63,assembly_id,MARSAD_MAJLES,0977626744de,2026-08-29,medium
persons,TNP-00300,name_ar,MARSAD_MAJLES,b79d071b6ab7,2026-08-29,medium
persons,TNP-00300,name_lat,MARSAD_MAJLES,a3b03d446dcd,2026-08-29,medium
persons,TNP-00300,gender,MARSAD_MAJLES,030ef4a52619,2026-08-29,medium
mandates,TNM-569d9db8048c,assembly_id,MARSAD_MAJLES,0977626744de,2026-08-29,medium
persons,TNP-00301,name_ar,MARSAD_MAJLES,4519642a4721,2026-08-29,medium
persons,TNP-00301,name_lat,MARSAD_MAJLES,a18865eb2dbf,2026-08-29,medium
persons,TNP-00301,gender,MARSAD_MAJLES,030ef4a52619,2026-08-29,medium
persons,TNP-00301,occupation_raw,MARSAD_MAJLES,595b35052213,2026-08-29,medium
mandates,TNM-2060931773a0,assembly_id,MARSAD_MAJLES,0977626744de,2026-08-29,medium
persons,TNP-00302,name_ar,MARSAD_MAJLES,a9f366c8f4f1,2026-08-29,medium
persons,TNP-00302,name_lat,MARSAD_MAJLES,9be86e95c37d,2026-08-29,medium
persons,TNP-00302,gender,MARSAD_MAJLES,030ef4a52619,2026-08-29,medium
mandates,TNM-590cca1b2636,assembly_id,MARSAD_MAJLES,0977626744de,2026-08-29,medium
persons,TNP-00303,name_ar,MARSAD_MAJLES,a82289b49448,2026-08-29,medium
persons,TNP-00303,name_lat,MARSAD_MAJLES,44db12389aea,2026-08-29,medium
persons,TNP-00303,gender,MARSAD_MAJLES,96a1a08dcded,2026-08-29,medium
mandates,TNM-e500a89cb584,assembly_id,MARSAD_MAJLES,0977626744de,2026-08-29,medium
persons,TNP-00304,name_ar,MARSAD_MAJLES,2b862ba64088,2026-08-29,medium
persons,TNP-00304,name_lat,MARSAD_MAJLES,7d40a30648f0,2026-08-29,medium
persons,TNP-00304,gender,MARSAD_MAJLES,030ef4a52619,2026-08-29,medium
mandates,TNM-f8c6f6147247,assembly_id,MARSAD_MAJLES,0977626744de,2026-08-29,medium
persons,TNP-00305,name_ar,MARSAD_MAJLES,5e952a40616f,2026-08-29,medium
persons,TNP-00305,name_lat,MARSAD_MAJLES,11634817355a,2026-08-29,medium
persons,TNP-00305,gender,MARSAD_MAJLES,030ef4a52619,2026-08-29,medium
persons,TNP-00305,occupation_raw,MARSAD_MAJLES,83628ae27ee9,2026-08-29,medium
mandates,TNM-d99671469a57,assembly_id,MARSAD_MAJLES,0977626744de,2026-08-29,medium
persons,TNP-00306,name_ar,MARSAD_MAJLES,5e1291ac1c19,2026-08-29,medium
persons,TNP-00306,name_lat,MARSAD_MAJLES,6434002e3caa,2026-08-29,medium
persons,TNP-00306,gender,MARSAD_MAJLES,96a1a08dcded,2026-08-29,medium
mandates,TNM-19770110d56b,assembly_id,MARSAD_MAJLES,0977626744de,2026-08-29,medium
persons,TNP-00307,name_ar,MARSAD_MAJLES,c4a329957bb1,2026-08-29,medium
persons,TNP-00307,name_lat,MARSAD_MAJLES,e75a42078e5e,2026-08-29,medium
persons,TNP-00307,gender,MARSAD_MAJLES,96a1a08dcded,2026-08-29,medium
mandates,TNM-4765ce76d736,assembly_id,MARSAD_MAJLES,0977626744de,2026-08-29,medium
persons,TNP-00308,name_ar,MARSAD_MAJLES,2cd912e73d05,2026-08-29,medium
persons,TNP-00308,name_lat,MARSAD_MAJLES,1b114c306880,2026-08-29,medium
persons,TNP-00308,gender,MARSAD_MAJLES,030ef4a52619,2026-08-29,medium
mandates,TNM-6cd080e2cbb0,assembly_id,MARSAD_MAJLES,0977626744de,2026-08-29,medium
persons,TNP-00309,name_ar,MARSAD_MAJLES,c485c40f72f3,2026-08-29,medium
persons,TNP-00309,name_lat,MARSAD_MAJLES,abce7af803a1,2026-08-29,medium
persons,TNP-00309,gender,MARSAD_MAJLES,030ef4a52619,2026-08-29,medium
persons,TNP-00309,occupation_raw,MARSAD_MAJLES,5d326e24a685,2026-08-29,medium
mandates,TNM-3d30f729e1b1,assembly_id,MARSAD_MAJLES,0977626744de,2026-08-29,medium
persons,TNP-00310,name_ar,MARSAD_MAJLES,6562e329cda0,2026-08-29,medium
persons,TNP-00310,name_lat,MARSAD_MAJLES,d5c5cb7b26b5,2026-08-29,medium
persons,TNP-00310,gender,MARSAD_MAJLES,96a1a08dcded,2026-08-29,medium
mandates,TNM-89479f00f4ae,assembly_id,MARSAD_MAJLES,0977626744de,2026-08-29,medium
persons,TNP-00311,name_ar,MARSAD_MAJLES,65e6b708a2a1,2026-08-29,medium
persons,TNP-00311,name_lat,MARSAD_MAJLES,f20bb3bfd29e,2026-08-29,medium
persons,TNP-00311,gender,MARSAD_MAJLES,96a1a08dcded,2026-08-29,medium
mandates,TNM-0612fd3f1505,assembly_id,MARSAD_MAJLES,0977626744de,2026-08-29,medium
persons,TNP-00312,name_ar,MARSAD_MAJLES,f14f8f1e4265,2026-08-29,medium
persons,TNP-00312,name_lat,MARSAD_MAJLES,46f03f39bb87,2026-08-29,medium
persons,TNP-00312,gender,MARSAD_MAJLES,030ef4a52619,2026-08-29,medium
mandates,TNM-5ed31f9990f0,assembly_id,MARSAD_MAJLES,0977626744de,2026-08-29,medium
persons,TNP-00313,name_ar,MARSAD_MAJLES,462850105332,2026-08-29,medium
persons,TNP-00313,name_lat,MARSAD_MAJLES,eda09b3ee238,2026-08-29,medium
persons,TNP-00313,gender,MARSAD_MAJLES,030ef4a52619,2026-08-29,medium
mandates,TNM-7f65350c9edc,assembly_id,MARSAD_MAJLES,0977626744de,2026-08-29,medium
persons,TNP-00314,name_ar,MARSAD_MAJLES,040c8e0642cf,2026-08-29,medium
persons,TNP-00314,name_lat,MARSAD_MAJLES,eaf492372a5d,2026-08-29,medium
persons,TNP-00314,gender,MARSAD_MAJLES,030ef4a52619,2026-08-29,medium
persons,TNP-00314,occupation_raw,MARSAD_MAJLES,1b70d0de998d,2026-08-29,medium
mandates,TNM-33a4d16639f0,assembly_id,MARSAD_MAJLES,0977626744de,2026-08-29,medium
persons,TNP-00315,name_ar,MARSAD_MAJLES,8de2d61838be,2026-08-29,medium
persons,TNP-00315,name_lat,MARSAD_MAJLES,bc9f2bdbdff0,2026-08-29,medium
persons,TNP-00315,gender,MARSAD_MAJLES,96a1a08dcded,2026-08-29,medium
mandates,TNM-ff2a508fac3d,assembly_id,MARSAD_MAJLES,0977626744de,2026-08-29,medium
persons,TNP-00316,name_ar,MARSAD_MAJLES,a32153aa82a4,2026-08-29,medium
persons,TNP-00316,name_lat,MARSAD_MAJLES,ddb90d3824be,2026-08-29,medium
persons,TNP-00316,gender,MARSAD_MAJLES,030ef4a52619,2026-08-29,medium
mandates,TNM-764ab959afd9,assembly_id,MARSAD_MAJLES,0977626744de,2026-08-29,medium
persons,TNP-00317,name_ar,MARSAD_MAJLES,1ece189356eb,2026-08-29,medium
persons,TNP-00317,name_lat,MARSAD_MAJLES,938e5b4152eb,2026-08-29,medium
persons,TNP-00317,gender,MARSAD_MAJLES,030ef4a52619,2026-08-29,medium
mandates,TNM-6728d1efbb52,assembly_id,MARSAD_MAJLES,0977626744de,2026-08-29,medium
persons,TNP-00318,name_ar,MARSAD_MAJLES,95417b1c2bce,2026-08-29,medium
persons,TNP-00318,name_lat,MARSAD_MAJLES,7b8ac9472387,2026-08-29,medium
persons,TNP-00318,gender,MARSAD_MAJLES,030ef4a52619,2026-08-29,medium
mandates,TNM-b1727cd2ef18,assembly_id,MARSAD_MAJLES,0977626744de,2026-08-29,medium
persons,TNP-00319,name_ar,MARSAD_MAJLES,5cdf2d179556,2026-08-29,medium
persons,TNP-00319,name_lat,MARSAD_MAJLES,c172ca42eb9f,2026-08-29,medium
persons,TNP-00319,gender,MARSAD_MAJLES,030ef4a52619,2026-08-29,medium
persons,TNP-00319,occupation_raw,MARSAD_MAJLES,83628ae27ee9,2026-08-29,medium
mandates,TNM-5a85400daf15,assembly_id,MARSAD_MAJLES,0977626744de,2026-08-29,medium
persons,TNP-00115,name_ar,MARSAD_MAJLES,fb6260598949,2026-08-29,medium
persons,TNP-00115,name_lat,MARSAD_MAJLES,09cb6f223156,2026-08-29,medium
persons,TNP-00115,gender,MARSAD_MAJLES,030ef4a52619,2026-08-29,medium
persons,TNP-00115,occupation_raw,MARSAD_MAJLES,eb9f9a84809c,2026-08-29,medium
mandates,TNM-eff2a06525e6,assembly_id,MARSAD_MAJLES,0977626744de,2026-08-29,medium
persons,TNP-00320,name_ar,MARSAD_MAJLES,72ac6ed256ef,2026-08-29,medium
persons,TNP-00320,name_lat,MARSAD_MAJLES,47007b298a4c,2026-08-29,medium
persons,TNP-00320,gender,MARSAD_MAJLES,030ef4a52619,2026-08-29,medium
mandates,TNM-ce523595b315,assembly_id,MARSAD_MAJLES,0977626744de,2026-08-29,medium
persons,TNP-00321,name_ar,MARSAD_MAJLES,9e0d7b97e045,2026-08-29,medium
persons,TNP-00321,name_lat,MARSAD_MAJLES,edd1d3d89e4f,2026-08-29,medium
persons,TNP-00321,gender,MARSAD_MAJLES,030ef4a52619,2026-08-29,medium
mandates,TNM-80cb6c0280f4,assembly_id,MARSAD_MAJLES,0977626744de,2026-08-29,medium
persons,TNP-00322,name_ar,MARSAD_MAJLES,27ba3e873edd,2026-08-29,medium
persons,TNP-00322,name_lat,MARSAD_MAJLES,d086997374f5,2026-08-29,medium
persons,TNP-00322,gender,MARSAD_MAJLES,96a1a08dcded,2026-08-29,medium
mandates,TNM-d591fa64dc13,assembly_id,MARSAD_MAJLES,0977626744de,2026-08-29,medium
persons,TNP-00323,name_ar,MARSAD_MAJLES,ecb613f8b71d,2026-08-29,medium
persons,TNP-00323,name_lat,MARSAD_MAJLES,58d3f9db06b0,2026-08-29,medium
persons,TNP-00323,gender,MARSAD_MAJLES,030ef4a52619,2026-08-29,medium
mandates,TNM-2a7aa0c0fde5,assembly_id,MARSAD_MAJLES,0977626744de,2026-08-29,medium
persons,TNP-00324,name_ar,MARSAD_MAJLES,e50977e6fe16,2026-08-29,medium
persons,TNP-00324,name_lat,MARSAD_MAJLES,59b2ed2bb97e,2026-08-29,medium
persons,TNP-00324,gender,MARSAD_MAJLES,030ef4a52619,2026-08-29,medium
persons,TNP-00324,occupation_raw,MARSAD_MAJLES,d6a20112eeae,2026-08-29,medium
mandates,TNM-00c76f1c39c3,assembly_id,MARSAD_MAJLES,0977626744de,2026-08-29,medium
persons,TNP-00325,name_ar,MARSAD_MAJLES,b0bf0a6147c1,2026-08-29,medium
persons,TNP-00325,name_lat,MARSAD_MAJLES,ac06b4ff4808,2026-08-29,medium
persons,TNP-00325,gender,MARSAD_MAJLES,030ef4a52619,2026-08-29,medium
mandates,TNM-9995c86609ed,assembly_id,MARSAD_MAJLES,0977626744de,2026-08-29,medium
persons,TNP-00326,name_ar,MARSAD_MAJLES,f4ad4c930447,2026-08-29,medium
persons,TNP-00326,name_lat,MARSAD_MAJLES,f58a0ee5cb8c,2026-08-29,medium
persons,TNP-00326,gender,MARSAD_MAJLES,030ef4a52619,2026-08-29,medium
mandates,TNM-7faca4b2cd7c,assembly_id,MARSAD_MAJLES,0977626744de,2026-08-29,medium
persons,TNP-00327,name_ar,MARSAD_MAJLES,2f4ec616ecd9,2026-08-29,medium
persons,TNP-00327,name_lat,MARSAD_MAJLES,0a92f3d2def1,2026-08-29,medium
persons,TNP-00327,gender,MARSAD_MAJLES,030ef4a52619,2026-08-29,medium
mandates,TNM-21eb9a12ff5c,assembly_id,MARSAD_MAJLES,0977626744de,2026-08-29,medium
persons,TNP-00328,name_ar,MARSAD_MAJLES,5802e496c941,2026-08-29,medium
persons,TNP-00328,name_lat,MARSAD_MAJLES,fbebc7a836de,2026-08-29,medium
persons,TNP-00328,gender,MARSAD_MAJLES,030ef4a52619,2026-08-29,medium
persons,TNP-00328,occupation_raw,MARSAD_MAJLES,f4ceb5a464c8,2026-08-29,medium
mandates,TNM-67dd911a9ea3,assembly_id,MARSAD_MAJLES,0977626744de,2026-08-29,medium
persons,TNP-00329,name_ar,MARSAD_MAJLES,c8e45324484e,2026-08-29,medium
persons,TNP-00329,name_lat,MARSAD_MAJLES,8ce063af44ad,2026-08-29,medium
persons,TNP-00329,gender,MARSAD_MAJLES,96a1a08dcded,2026-08-29,medium
mandates,TNM-20a92d2a8480,assembly_id,MARSAD_MAJLES,0977626744de,2026-08-29,medium
persons,TNP-00330,name_ar,MARSAD_MAJLES,1a153733ddb4,2026-08-29,medium
persons,TNP-00330,name_lat,MARSAD_MAJLES,affd1b1c0af9,2026-08-29,medium
persons,TNP-00330,gender,MARSAD_MAJLES,96a1a08dcded,2026-08-29,medium
mandates,TNM-fd637ab0fab0,assembly_id,MARSAD_MAJLES,0977626744de,2026-08-29,medium
persons,TNP-00331,name_ar,MARSAD_MAJLES,205b3884583c,2026-08-29,medium
persons,TNP-00331,name_lat,MARSAD_MAJLES,a6ec47196f46,2026-08-29,medium
persons,TNP-00331,gender,MARSAD_MAJLES,96a1a08dcded,2026-08-29,medium
persons,TNP-00331,occupation_raw,MARSAD_MAJLES,83628ae27ee9,2026-08-29,medium
mandates,TNM-dabb1f311af9,assembly_id,MARSAD_MAJLES,0977626744de,2026-08-29,medium
persons,TNP-00105,name_ar,MARSAD_MAJLES,2c352469d3d4,2026-08-29,medium
persons,TNP-00105,name_lat,MARSAD_MAJLES,9a7368262397,2026-08-29,medium
persons,TNP-00105,gender,MARSAD_MAJLES,030ef4a52619,2026-08-29,medium
mandates,TNM-e11691a2ceeb,assembly_id,MARSAD_MAJLES,0977626744de,2026-08-29,medium
persons,TNP-00332,name_ar,MARSAD_MAJLES,fca6726c78e1,2026-08-29,medium
persons,TNP-00332,name_lat,MARSAD_MAJLES,990dd72489da,2026-08-29,medium
persons,TNP-00332,gender,MARSAD_MAJLES,96a1a08dcded,2026-08-29,medium
persons,TNP-00332,occupation_raw,MARSAD_MAJLES,5d326e24a685,2026-08-29,medium
mandates,TNM-b0f8437bed17,assembly_id,MARSAD_MAJLES,0977626744de,2026-08-29,medium
persons,TNP-00333,name_ar,MARSAD_MAJLES,bca236c347cf,2026-08-29,medium
persons,TNP-00333,name_lat,MARSAD_MAJLES,307845508a67,2026-08-29,medium
persons,TNP-00333,gender,MARSAD_MAJLES,030ef4a52619,2026-08-29,medium
persons,TNP-00333,occupation_raw,MARSAD_MAJLES,5d326e24a685,2026-08-29,medium
mandates,TNM-9d7a1c702d7b,assembly_id,MARSAD_MAJLES,0977626744de,2026-08-29,medium
persons,TNP-00334,name_ar,MARSAD_MAJLES,78fd5981fc3e,2026-08-29,medium
persons,TNP-00334,name_lat,MARSAD_MAJLES,17f315ac309a,2026-08-29,medium
persons,TNP-00334,gender,MARSAD_MAJLES,96a1a08dcded,2026-08-29,medium
mandates,TNM-33095fc6475e,assembly_id,MARSAD_MAJLES,0977626744de,2026-08-29,medium
persons,TNP-00335,name_ar,MARSAD_MAJLES,511a5583fb78,2026-08-29,medium
persons,TNP-00335,name_lat,MARSAD_MAJLES,4b5d0b197b63,2026-08-29,medium
persons,TNP-00335,gender,MARSAD_MAJLES,96a1a08dcded,2026-08-29,medium
mandates,TNM-0da5c9a9c4d9,assembly_id,MARSAD_MAJLES,0977626744de,2026-08-29,medium
persons,TNP-00336,name_ar,MARSAD_MAJLES,1a60bacfbfdf,2026-08-29,medium
persons,TNP-00336,name_lat,MARSAD_MAJLES,8307f578e450,2026-08-29,medium
persons,TNP-00336,gender,MARSAD_MAJLES,96a1a08dcded,2026-08-29,medium
mandates,TNM-56e1f86d04e7,assembly_id,MARSAD_MAJLES,0977626744de,2026-08-29,medium
persons,TNP-00337,name_ar,MARSAD_MAJLES,51d6b3615854,2026-08-29,medium
persons,TNP-00337,name_lat,MARSAD_MAJLES,2966e3380c9d,2026-08-29,medium
persons,TNP-00337,gender,MARSAD_MAJLES,96a1a08dcded,2026-08-29,medium
mandates,TNM-00db6edf3d63,assembly_id,MARSAD_MAJLES,0977626744de,2026-08-29,medium
persons,TNP-00338,name_ar,MARSAD_MAJLES,f1f0bae73b40,2026-08-29,medium
persons,TNP-00338,name_lat,MARSAD_MAJLES,f3a35e7c61b9,2026-08-29,medium
persons,TNP-00338,gender,MARSAD_MAJLES,96a1a08dcded,2026-08-29,medium
mandates,TNM-90636b4da4dd,assembly_id,MARSAD_MAJLES,0977626744de,2026-08-29,medium
persons,TNP-00339,name_ar,MARSAD_MAJLES,97a2bc78e1ac,2026-08-29,medium
persons,TNP-00339,name_lat,MARSAD_MAJLES,c7fa57a6b309,2026-08-29,medium
persons,TNP-00339,gender,MARSAD_MAJLES,030ef4a52619,2026-08-29,medium
mandates,TNM-efcbd80df7c6,assembly_id,MARSAD_MAJLES,0977626744de,2026-08-29,medium
persons,TNP-00340,name_ar,MARSAD_MAJLES,22b4e283e98d,2026-08-29,medium
persons,TNP-00340,name_lat,MARSAD_MAJLES,ffb27f516f41,2026-08-29,medium
persons,TNP-00340,gender,MARSAD_MAJLES,96a1a08dcded,2026-08-29,medium
persons,TNP-00340,occupation_raw,MARSAD_MAJLES,d6a20112eeae,2026-08-29,medium
mandates,TNM-e5ef274b620f,assembly_id,MARSAD_MAJLES,0977626744de,2026-08-29,medium
persons,TNP-00341,name_ar,MARSAD_MAJLES,67cacd2a34d0,2026-08-29,medium
persons,TNP-00341,name_lat,MARSAD_MAJLES,1dc29eac3d34,2026-08-29,medium
persons,TNP-00341,gender,MARSAD_MAJLES,030ef4a52619,2026-08-29,medium
mandates,TNM-fe13689e6237,assembly_id,MARSAD_MAJLES,0977626744de,2026-08-29,medium
persons,TNP-00342,name_ar,MARSAD_MAJLES,7be33f995c08,2026-08-29,medium
persons,TNP-00342,name_lat,MARSAD_MAJLES,d45a2bf3acd1,2026-08-29,medium
persons,TNP-00342,gender,MARSAD_MAJLES,030ef4a52619,2026-08-29,medium
persons,TNP-00342,occupation_raw,MARSAD_MAJLES,5d326e24a685,2026-08-29,medium
mandates,TNM-9718f22dd1da,assembly_id,MARSAD_MAJLES,0977626744de,2026-08-29,medium
persons,TNP-00343,name_ar,MARSAD_MAJLES,edab72fdb0a6,2026-08-29,medium
persons,TNP-00343,name_lat,MARSAD_MAJLES,a8461bc396f6,2026-08-29,medium
persons,TNP-00343,gender,MARSAD_MAJLES,96a1a08dcded,2026-08-29,medium
mandates,TNM-9e4a38a7da8f,assembly_id,MARSAD_MAJLES,0977626744de,2026-08-29,medium
persons,TNP-00344,name_ar,MARSAD_MAJLES,686f13b786ef,2026-08-29,medium
persons,TNP-00344,name_lat,MARSAD_MAJLES,46ac131b349c,2026-08-29,medium
persons,TNP-00344,gender,MARSAD_MAJLES,030ef4a52619,2026-08-29,medium
mandates,TNM-1ab47299046f,assembly_id,MARSAD_MAJLES,0977626744de,2026-08-29,medium
persons,TNP-00345,name_ar,MARSAD_MAJLES,124c31c3f0bb,2026-08-29,medium
persons,TNP-00345,name_lat,MARSAD_MAJLES,b30152e09c21,2026-08-29,medium
persons,TNP-00345,gender,MARSAD_MAJLES,030ef4a52619,2026-08-29,medium
persons,TNP-00345,occupation_raw,MARSAD_MAJLES,eb9f9a84809c,2026-08-29,medium
mandates,TNM-5f4672a0d3c2,assembly_id,MARSAD_MAJLES,0977626744de,2026-08-29,medium
persons,TNP-00346,name_ar,MARSAD_MAJLES,fcd18b23ca7c,2026-08-29,medium
persons,TNP-00346,name_lat,MARSAD_MAJLES,ae1b7ae837b2,2026-08-29,medium
persons,TNP-00346,gender,MARSAD_MAJLES,96a1a08dcded,2026-08-29,medium
mandates,TNM-6d81ca161a5b,assembly_id,MARSAD_MAJLES,0977626744de,2026-08-29,medium
persons,TNP-00347,name_ar,MARSAD_MAJLES,8bf09995b780,2026-08-29,medium
persons,TNP-00347,name_lat,MARSAD_MAJLES,19ca7d40d3ab,2026-08-29,medium
persons,TNP-00347,gender,MARSAD_MAJLES,030ef4a52619,2026-08-29,medium
mandates,TNM-d987a4e0faf6,assembly_id,MARSAD_MAJLES,0977626744de,2026-08-29,medium
persons,TNP-00348,name_ar,MARSAD_MAJLES,f739e2fdf715,2026-08-29,medium
persons,TNP-00348,name_lat,MARSAD_MAJLES,7b17d2d13d16,2026-08-29,medium
persons,TNP-00348,gender,MARSAD_MAJLES,96a1a08dcded,2026-08-29,medium
mandates,TNM-26884a4538e1,assembly_id,MARSAD_MAJLES,0977626744de,2026-08-29,medium
persons,TNP-00349,name_ar,MARSAD_MAJLES,1b0e4a1c10f0,2026-08-29,medium
persons,TNP-00349,name_lat,MARSAD_MAJLES,cf9298e04473,2026-08-29,medium
persons,TNP-00349,gender,MARSAD_MAJLES,030ef4a52619,2026-08-29,medium
mandates,TNM-9f33e0bcb6f2,assembly_id,MARSAD_MAJLES,0977626744de,2026-08-29,medium
persons,TNP-00350,name_ar,MARSAD_MAJLES,793717df58fa,2026-08-29,medium
persons,TNP-00350,name_lat,MARSAD_MAJLES,62c9b4ff542d,2026-08-29,medium
persons,TNP-00350,gender,MARSAD_MAJLES,030ef4a52619,2026-08-29,medium
persons,TNP-00350,occupation_raw,MARSAD_MAJLES,13ac031f7f09,2026-08-29,medium
mandates,TNM-e227748a253e,assembly_id,MARSAD_MAJLES,0977626744de,2026-08-29,medium
persons,TNP-00351,name_ar,MARSAD_MAJLES,4cc3bac2ccb4,2026-08-29,medium
persons,TNP-00351,name_lat,MARSAD_MAJLES,2d55fe8436e2,2026-08-29,medium
persons,TNP-00351,gender,MARSAD_MAJLES,030ef4a52619,2026-08-29,medium
mandates,TNM-275f9964ec74,assembly_id,MARSAD_MAJLES,0977626744de,2026-08-29,medium
persons,TNP-00352,name_ar,MARSAD_MAJLES,b6148d95b5e4,2026-08-29,medium
persons,TNP-00352,name_lat,MARSAD_MAJLES,de7761dff24c,2026-08-29,medium
persons,TNP-00352,gender,MARSAD_MAJLES,030ef4a52619,2026-08-29,medium
mandates,TNM-5028a8065315,assembly_id,MARSAD_MAJLES,0977626744de,2026-08-29,medium
persons,TNP-00353,name_ar,MARSAD_MAJLES,4a700f89a99a,2026-08-29,medium
persons,TNP-00353,name_lat,MARSAD_MAJLES,f55a6a024e94,2026-08-29,medium
persons,TNP-00353,gender,MARSAD_MAJLES,030ef4a52619,2026-08-29,medium
mandates,TNM-282383ad7d05,assembly_id,MARSAD_MAJLES,0977626744de,2026-08-29,medium
persons,TNP-00354,name_ar,MARSAD_MAJLES,54360fe62fac,2026-08-29,medium
persons,TNP-00354,name_lat,MARSAD_MAJLES,939b89b123db,2026-08-29,medium
persons,TNP-00354,gender,MARSAD_MAJLES,96a1a08dcded,2026-08-29,medium
mandates,TNM-6561035969ff,assembly_id,MARSAD_MAJLES,0977626744de,2026-08-29,medium
persons,TNP-00355,name_ar,MARSAD_MAJLES,ab95d8777fee,2026-08-29,medium
persons,TNP-00355,name_lat,MARSAD_MAJLES,8a276d9eeea3,2026-08-29,medium
persons,TNP-00355,gender,MARSAD_MAJLES,030ef4a52619,2026-08-29,medium
persons,TNP-00355,occupation_raw,MARSAD_MAJLES,595b35052213,2026-08-29,medium
mandates,TNM-df512599f65c,assembly_id,MARSAD_MAJLES,0977626744de,2026-08-29,medium
persons,TNP-00356,name_ar,MARSAD_MAJLES,02f9642b6cca,2026-08-29,medium
persons,TNP-00356,name_lat,MARSAD_MAJLES,28e227c182d0,2026-08-29,medium
persons,TNP-00356,gender,MARSAD_MAJLES,030ef4a52619,2026-08-29,medium
mandates,TNM-46e503ccc5c2,assembly_id,MARSAD_MAJLES,0977626744de,2026-08-29,medium
persons,TNP-00357,name_ar,MARSAD_MAJLES,b67deaec011c,2026-08-29,medium
persons,TNP-00357,name_lat,MARSAD_MAJLES,4b855b5b993d,2026-08-29,medium
persons,TNP-00357,gender,MARSAD_MAJLES,96a1a08dcded,2026-08-29,medium
persons,TNP-00357,occupation_raw,MARSAD_MAJLES,eb9f9a84809c,2026-08-29,medium
mandates,TNM-f3345f712787,assembly_id,MARSAD_MAJLES,0977626744de,2026-08-29,medium
persons,TNP-00358,name_ar,MARSAD_MAJLES,29a37ace5c4e,2026-08-29,medium
persons,TNP-00358,name_lat,MARSAD_MAJLES,a1dafb147497,2026-08-29,medium
persons,TNP-00358,gender,MARSAD_MAJLES,030ef4a52619,2026-08-29,medium
mandates,TNM-d2292ae86859,assembly_id,MARSAD_MAJLES,0977626744de,2026-08-29,medium
persons,TNP-00359,name_ar,MARSAD_MAJLES,cb454b045f83,2026-08-29,medium
persons,TNP-00359,name_lat,MARSAD_MAJLES,d11d62b4c462,2026-08-29,medium
persons,TNP-00359,gender,MARSAD_MAJLES,030ef4a52619,2026-08-29,medium
mandates,TNM-a0ca860ef4a2,assembly_id,MARSAD_MAJLES,0977626744de,2026-08-29,medium
persons,TNP-00360,name_ar,MARSAD_MAJLES,7d868ede9417,2026-08-29,medium
persons,TNP-00360,name_lat,MARSAD_MAJLES,173eeff10260,2026-08-29,medium
persons,TNP-00360,gender,MARSAD_MAJLES,96a1a08dcded,2026-08-29,medium
mandates,TNM-17b006ad83c6,assembly_id,MARSAD_MAJLES,0977626744de,2026-08-29,medium
persons,TNP-00361,name_ar,MARSAD_MAJLES,55e2d4422be0,2026-08-29,medium
persons,TNP-00361,name_lat,MARSAD_MAJLES,75f27fcb8f9a,2026-08-29,medium
persons,TNP-00361,gender,MARSAD_MAJLES,96a1a08dcded,2026-08-29,medium
persons,TNP-00361,occupation_raw,MARSAD_MAJLES,5d326e24a685,2026-08-29,medium
mandates,TNM-6b5cb15cb65e,assembly_id,MARSAD_MAJLES,0977626744de,2026-08-29,medium
persons,TNP-00362,name_ar,MARSAD_MAJLES,52131623dc35,2026-08-29,medium
persons,TNP-00362,name_lat,MARSAD_MAJLES,42e7c23420a3,2026-08-29,medium
persons,TNP-00362,gender,MARSAD_MAJLES,030ef4a52619,2026-08-29,medium
mandates,TNM-9ae92a5bc00c,assembly_id,MARSAD_MAJLES,0977626744de,2026-08-29,medium
persons,TNP-00363,name_ar,MARSAD_MAJLES,5a665eec6b2e,2026-08-29,medium
persons,TNP-00363,name_lat,MARSAD_MAJLES,c382f3deac5f,2026-08-29,medium
persons,TNP-00363,gender,MARSAD_MAJLES,030ef4a52619,2026-08-29,medium
mandates,TNM-7daab07fd70d,assembly_id,MARSAD_MAJLES,0977626744de,2026-08-29,medium
persons,TNP-00364,name_ar,MARSAD_MAJLES,74fc5340424b,2026-08-29,medium
persons,TNP-00364,name_lat,MARSAD_MAJLES,9284e0c5fe39,2026-08-29,medium
persons,TNP-00364,gender,MARSAD_MAJLES,030ef4a52619,2026-08-29,medium
persons,TNP-00364,occupation_raw,MARSAD_MAJLES,5d326e24a685,2026-08-29,medium
mandates,TNM-def9fc98ab3b,assembly_id,MARSAD_MAJLES,0977626744de,2026-08-29,medium
persons,TNP-00365,name_ar,MARSAD_MAJLES,d15ff2d012b8,2026-08-29,medium
persons,TNP-00365,name_lat,MARSAD_MAJLES,3a606c31eaa9,2026-08-29,medium
persons,TNP-00365,gender,MARSAD_MAJLES,030ef4a52619,2026-08-29,medium
persons,TNP-00365,occupation_raw,MARSAD_MAJLES,eb9f9a84809c,2026-08-29,medium
mandates,TNM-e15dd8591ff2,assembly_id,MARSAD_MAJLES,0977626744de,2026-08-29,medium
persons,TNP-00366,name_ar,MARSAD_MAJLES,efde7a24c5b9,2026-08-29,medium
persons,TNP-00366,name_lat,MARSAD_MAJLES,f672979ad009,2026-08-29,medium
persons,TNP-00366,gender,MARSAD_MAJLES,030ef4a52619,2026-08-29,medium
mandates,TNM-abaa7294de02,assembly_id,MARSAD_MAJLES,0977626744de,2026-08-29,medium
persons,TNP-00367,name_ar,MARSAD_ANC,3646d464863c,2026-08-28,medium
persons,TNP-00367,name_lat,MARSAD_ANC,4a3454231536,2026-08-28,medium
persons,TNP-00367,gender,MARSAD_ANC,030ef4a52619,2026-08-28,medium
persons,TNP-00367,birth_date,MARSAD_ANC,3917eb4a735a,2026-08-28,medium
persons,TNP-00367,birth_place_ar,MARSAD_ANC,1b66ba9ddc84,2026-08-28,medium
persons,TNP-00367,marital_status,MARSAD_ANC,dc43569e31b1,2026-08-28,medium
persons,TNP-00367,languages,MARSAD_ANC,8fb60af4582f,2026-08-28,medium
persons,TNP-00367,biography_ar,MARSAD_ANC,36dce1e9feca,2026-08-28,medium
mandates,TNM-61b7bc8e1c93,assembly_id,MARSAD_ANC,025762754065,2026-08-28,medium
persons,TNP-00368,name_ar,MARSAD_ANC,743c246a24b5,2026-08-28,medium
persons,TNP-00368,name_lat,MARSAD_ANC,b45c2f732bed,2026-08-28,medium
persons,TNP-00368,gender,MARSAD_ANC,030ef4a52619,2026-08-28,medium
persons,TNP-00368,birth_date,MARSAD_ANC,a044d6e001f3,2026-08-28,medium
persons,TNP-00368,biography_ar,MARSAD_ANC,c397abe8db81,2026-08-28,medium
mandates,TNM-50c0a8efba50,assembly_id,MARSAD_ANC,025762754065,2026-08-28,medium
persons,TNP-00369,name_ar,MARSAD_ANC,8170da49666f,2026-08-28,medium
persons,TNP-00369,name_lat,MARSAD_ANC,3ea6986a50d2,2026-08-28,medium
persons,TNP-00369,gender,MARSAD_ANC,030ef4a52619,2026-08-28,medium
persons,TNP-00369,birth_date,MARSAD_ANC,830ea117fd4c,2026-08-28,medium
persons,TNP-00369,biography_ar,MARSAD_ANC,bdec1d725ff8,2026-08-28,medium
mandates,TNM-6e9b4e5e420b,assembly_id,MARSAD_ANC,025762754065,2026-08-28,medium
persons,TNP-00370,name_ar,MARSAD_ANC,59015cf39ca4,2026-08-28,medium
persons,TNP-00370,name_lat,MARSAD_ANC,85944ee8e6c8,2026-08-28,medium
persons,TNP-00370,gender,MARSAD_ANC,030ef4a52619,2026-08-28,medium
persons,TNP-00370,birth_date,MARSAD_ANC,a0c81ee5d992,2026-08-28,medium
persons,TNP-00370,biography_ar,MARSAD_ANC,3427abf8728a,2026-08-28,medium
mandates,TNM-78261655a977,assembly_id,MARSAD_ANC,025762754065,2026-08-28,medium
persons,TNP-00371,name_ar,MARSAD_ANC,d8b459e3bf30,2026-08-28,medium
persons,TNP-00371,name_lat,MARSAD_ANC,b9469694ed38,2026-08-28,medium
persons,TNP-00371,gender,MARSAD_ANC,030ef4a52619,2026-08-28,medium
persons,TNP-00371,birth_date,MARSAD_ANC,8b47165b71ca,2026-08-28,medium
persons,TNP-00371,languages,MARSAD_ANC,8fb60af4582f,2026-08-28,medium
persons,TNP-00371,biography_ar,MARSAD_ANC,e3db46bb45c5,2026-08-28,medium
mandates,TNM-27c6a0deb7b3,assembly_id,MARSAD_ANC,025762754065,2026-08-28,medium
persons,TNP-00372,name_ar,MARSAD_ANC,f061878d89a6,2026-08-28,medium
persons,TNP-00372,name_lat,MARSAD_ANC,5b8007e8d9d5,2026-08-28,medium
persons,TNP-00372,gender,MARSAD_ANC,030ef4a52619,2026-08-28,medium
persons,TNP-00372,marital_status,MARSAD_ANC,dc43569e31b1,2026-08-28,medium
persons,TNP-00372,biography_ar,MARSAD_ANC,df8c9eac9170,2026-08-28,medium
mandates,TNM-1c3c592d8f3b,assembly_id,MARSAD_ANC,025762754065,2026-08-28,medium
persons,TNP-00373,name_ar,MARSAD_ANC,30c18bf7a417,2026-08-28,medium
persons,TNP-00373,name_lat,MARSAD_ANC,af32b9c756b5,2026-08-28,medium
persons,TNP-00373,gender,MARSAD_ANC,030ef4a52619,2026-08-28,medium
persons,TNP-00373,birth_date,MARSAD_ANC,b5bea45366ed,2026-08-28,medium
persons,TNP-00373,birth_place_ar,MARSAD_ANC,e58b2d54f674,2026-08-28,medium
persons,TNP-00373,marital_status,MARSAD_ANC,dc43569e31b1,2026-08-28,medium
persons,TNP-00373,biography_ar,MARSAD_ANC,035dd71e458f,2026-08-28,medium
mandates,TNM-77735c134051,assembly_id,MARSAD_ANC,025762754065,2026-08-28,medium
persons,TNP-00374,name_ar,MARSAD_ANC,6d29e3845b69,2026-08-28,medium
persons,TNP-00374,name_lat,MARSAD_ANC,89399cbea7a8,2026-08-28,medium
persons,TNP-00374,gender,MARSAD_ANC,030ef4a52619,2026-08-28,medium
persons,TNP-00374,birth_date,MARSAD_ANC,a986cacef868,2026-08-28,medium
persons,TNP-00374,birth_place_ar,MARSAD_ANC,0c75542526e7,2026-08-28,medium
persons,TNP-00374,languages,MARSAD_ANC,23d8e0156062,2026-08-28,medium
persons,TNP-00374,biography_ar,MARSAD_ANC,83877c94412f,2026-08-28,medium
mandates,TNM-8715e74dbcd2,assembly_id,MARSAD_ANC,025762754065,2026-08-28,medium
persons,TNP-00375,name_ar,MARSAD_ANC,89cf05fb5ba8,2026-08-28,medium
persons,TNP-00375,name_lat,MARSAD_ANC,e70045b5877e,2026-08-28,medium
persons,TNP-00375,gender,MARSAD_ANC,030ef4a52619,2026-08-28,medium
persons,TNP-00375,biography_ar,MARSAD_ANC,56d586dd9f25,2026-08-28,medium
mandates,TNM-d4ba694ab964,assembly_id,MARSAD_ANC,025762754065,2026-08-28,medium
persons,TNP-00376,name_ar,MARSAD_ANC,8796f4fb0f98,2026-08-28,medium
persons,TNP-00376,name_lat,MARSAD_ANC,3423bf8cb135,2026-08-28,medium
persons,TNP-00376,gender,MARSAD_ANC,030ef4a52619,2026-08-28,medium
persons,TNP-00376,birth_date,MARSAD_ANC,ea7e556ddf05,2026-08-28,medium
persons,TNP-00376,birth_place_ar,MARSAD_ANC,e45910ebc205,2026-08-28,medium
persons,TNP-00376,biography_ar,MARSAD_ANC,7d86c9736d5b,2026-08-28,medium
mandates,TNM-79ccc900fa83,assembly_id,MARSAD_ANC,025762754065,2026-08-28,medium
persons,TNP-00377,name_ar,MARSAD_ANC,a98f125659e4,2026-08-28,medium
persons,TNP-00377,name_lat,MARSAD_ANC,4364746d7f0c,2026-08-28,medium
persons,TNP-00377,gender,MARSAD_ANC,96a1a08dcded,2026-08-28,medium
persons,TNP-00377,birth_date,MARSAD_ANC,8a88e2a16548,2026-08-28,medium
persons,TNP-00377,birth_place_ar,MARSAD_ANC,2e83a96980b4,2026-08-28,medium
persons,TNP-00377,biography_ar,MARSAD_ANC,9d602cd84d16,2026-08-28,medium
mandates,TNM-a7d34be7cb05,assembly_id,MARSAD_ANC,025762754065,2026-08-28,medium
persons,TNP-00378,name_ar,MARSAD_ANC,4bc808d18e94,2026-08-28,medium
persons,TNP-00378,name_lat,MARSAD_ANC,1350c8a49612,2026-08-28,medium
persons,TNP-00378,gender,MARSAD_ANC,96a1a08dcded,2026-08-28,medium
persons,TNP-00378,marital_status,MARSAD_ANC,91bb0737da8e,2026-08-28,medium
persons,TNP-00378,biography_ar,MARSAD_ANC,25ae63207c89,2026-08-28,medium
mandates,TNM-9dbb4b4b49df,assembly_id,MARSAD_ANC,025762754065,2026-08-28,medium
persons,TNP-00379,name_ar,MARSAD_ANC,29f80debbe72,2026-08-28,medium
persons,TNP-00379,name_lat,MARSAD_ANC,cf87009510ec,2026-08-28,medium
persons,TNP-00379,gender,MARSAD_ANC,030ef4a52619,2026-08-28,medium
persons,TNP-00379,biography_ar,MARSAD_ANC,c61c539d9540,2026-08-28,medium
mandates,TNM-3e4f48fc184f,assembly_id,MARSAD_ANC,025762754065,2026-08-28,medium
persons,TNP-00380,name_ar,MARSAD_ANC,350f27909a22,2026-08-28,medium
persons,TNP-00380,name_lat,MARSAD_ANC,98c9eb38b714,2026-08-28,medium
persons,TNP-00380,gender,MARSAD_ANC,030ef4a52619,2026-08-28,medium
persons,TNP-00380,biography_ar,MARSAD_ANC,5698cf8970ed,2026-08-28,medium
mandates,TNM-c30c0b064f80,assembly_id,MARSAD_ANC,025762754065,2026-08-28,medium
persons,TNP-00381,name_ar,MARSAD_ANC,ccc72f631784,2026-08-28,medium
persons,TNP-00381,name_lat,MARSAD_ANC,f29a112aea86,2026-08-28,medium
persons,TNP-00381,gender,MARSAD_ANC,030ef4a52619,2026-08-28,medium
persons,TNP-00381,birth_date,MARSAD_ANC,d115c402d480,2026-08-28,medium
persons,TNP-00381,birth_place_ar,MARSAD_ANC,271299381fd4,2026-08-28,medium
persons,TNP-00381,biography_ar,MARSAD_ANC,3606a22a2128,2026-08-28,medium
mandates,TNM-63134c54aadc,assembly_id,MARSAD_ANC,025762754065,2026-08-28,medium
persons,TNP-00382,name_ar,MARSAD_ANC,e84241cc49d1,2026-08-28,medium
persons,TNP-00382,name_lat,MARSAD_ANC,d0961d81f0ec,2026-08-28,medium
persons,TNP-00382,gender,MARSAD_ANC,030ef4a52619,2026-08-28,medium
persons,TNP-00382,biography_ar,MARSAD_ANC,76419ccd5f98,2026-08-28,medium
mandates,TNM-f53f21d136ca,assembly_id,MARSAD_ANC,025762754065,2026-08-28,medium
persons,TNP-00383,name_ar,MARSAD_ANC,d6b34a781cb4,2026-08-28,medium
persons,TNP-00383,name_lat,MARSAD_ANC,762ef99e74ef,2026-08-28,medium
persons,TNP-00383,gender,MARSAD_ANC,030ef4a52619,2026-08-28,medium
persons,TNP-00383,birth_date,MARSAD_ANC,0590d90a773c,2026-08-28,medium
persons,TNP-00383,birth_place_ar,MARSAD_ANC,d65da293777a,2026-08-28,medium
persons,TNP-00383,marital_status,MARSAD_ANC,dc43569e31b1,2026-08-28,medium
persons,TNP-00383,biography_ar,MARSAD_ANC,831bf32c5ce5,2026-08-28,medium
mandates,TNM-9ef21f932c1d,assembly_id,MARSAD_ANC,025762754065,2026-08-28,medium
persons,TNP-00384,name_ar,MARSAD_ANC,eb9e47c95831,2026-08-28,medium
persons,TNP-00384,name_lat,MARSAD_ANC,636da8ee38a1,2026-08-28,medium
persons,TNP-00384,gender,MARSAD_ANC,030ef4a52619,2026-08-28,medium
persons,TNP-00384,birth_date,MARSAD_ANC,0f39e2c18ee7,2026-08-28,medium
persons,TNP-00384,birth_place_ar,MARSAD_ANC,4b41da97017b,2026-08-28,medium
persons,TNP-00384,marital_status,MARSAD_ANC,dc43569e31b1,2026-08-28,medium
persons,TNP-00384,languages,MARSAD_ANC,23d8e0156062,2026-08-28,medium
persons,TNP-00384,biography_ar,MARSAD_ANC,6cdec7c7e0d6,2026-08-28,medium
mandates,TNM-15745d3587f1,assembly_id,MARSAD_ANC,025762754065,2026-08-28,medium
persons,TNP-00385,name_ar,MARSAD_ANC,b2f0be7aa83a,2026-08-28,medium
persons,TNP-00385,name_lat,MARSAD_ANC,dcb731c0e5b4,2026-08-28,medium
persons,TNP-00385,gender,MARSAD_ANC,96a1a08dcded,2026-08-28,medium
persons,TNP-00385,birth_date,MARSAD_ANC,d21b890c8be3,2026-08-28,medium
persons,TNP-00385,birth_place_ar,MARSAD_ANC,c1f77daea7f7,2026-08-28,medium
persons,TNP-00385,biography_ar,MARSAD_ANC,652db3ca7d42,2026-08-28,medium
mandates,TNM-6fd30e9795d4,assembly_id,MARSAD_ANC,025762754065,2026-08-28,medium
persons,TNP-00386,name_ar,MARSAD_ANC,d94293785ffc,2026-08-28,medium
persons,TNP-00386,name_lat,MARSAD_ANC,3c1e4985ca7a,2026-08-28,medium
persons,TNP-00386,gender,MARSAD_ANC,030ef4a52619,2026-08-28,medium
persons,TNP-00386,birth_date,MARSAD_ANC,0179120c754b,2026-08-28,medium
persons,TNP-00386,biography_ar,MARSAD_ANC,7f7315c7fb66,2026-08-28,medium
mandates,TNM-c48b9e10ba47,assembly_id,MARSAD_ANC,025762754065,2026-08-28,medium
persons,TNP-00324,name_ar,MARSAD_ANC,e50977e6fe16,2026-08-28,medium
persons,TNP-00324,name_lat,MARSAD_ANC,59b2ed2bb97e,2026-08-28,medium
persons,TNP-00324,gender,MARSAD_ANC,030ef4a52619,2026-08-28,medium
persons,TNP-00324,marital_status,MARSAD_ANC,dc43569e31b1,2026-08-28,medium
persons,TNP-00324,biography_ar,MARSAD_ANC,85e63fcb2158,2026-08-28,medium
mandates,TNM-dabc636d9d08,assembly_id,MARSAD_ANC,025762754065,2026-08-28,medium
persons,TNP-00387,name_ar,MARSAD_ANC,2bb0c1521f7e,2026-08-28,medium
persons,TNP-00387,name_lat,MARSAD_ANC,bc103658a14b,2026-08-28,medium
persons,TNP-00387,gender,MARSAD_ANC,030ef4a52619,2026-08-28,medium
persons,TNP-00387,marital_status,MARSAD_ANC,dc43569e31b1,2026-08-28,medium
persons,TNP-00387,languages,MARSAD_ANC,23d8e0156062,2026-08-28,medium
persons,TNP-00387,biography_ar,MARSAD_ANC,923f6aeeeea2,2026-08-28,medium
mandates,TNM-2a521a0890c2,assembly_id,MARSAD_ANC,025762754065,2026-08-28,medium
persons,TNP-00388,name_ar,MARSAD_ANC,ddc406010aa4,2026-08-28,medium
persons,TNP-00388,name_lat,MARSAD_ANC,23d3ae2e1cec,2026-08-28,medium
persons,TNP-00388,gender,MARSAD_ANC,030ef4a52619,2026-08-28,medium
persons,TNP-00388,birth_date,MARSAD_ANC,54422d6d5e8e,2026-08-28,medium
persons,TNP-00388,birth_place_ar,MARSAD_ANC,15845d159705,2026-08-28,medium
persons,TNP-00388,biography_ar,MARSAD_ANC,89e348e55f14,2026-08-28,medium
mandates,TNM-9ca793789f9a,assembly_id,MARSAD_ANC,025762754065,2026-08-28,medium
persons,TNP-00389,name_ar,MARSAD_ANC,4916079b27e2,2026-08-28,medium
persons,TNP-00389,name_lat,MARSAD_ANC,9f2dd4d2f4fb,2026-08-28,medium
persons,TNP-00389,gender,MARSAD_ANC,030ef4a52619,2026-08-28,medium
persons,TNP-00389,birth_date,MARSAD_ANC,99d4eb8a7ade,2026-08-28,medium
persons,TNP-00389,birth_place_ar,MARSAD_ANC,e58b2d54f674,2026-08-28,medium
persons,TNP-00389,biography_ar,MARSAD_ANC,7542828f24ea,2026-08-28,medium
mandates,TNM-3cd6ec8d6a45,assembly_id,MARSAD_ANC,025762754065,2026-08-28,medium
persons,TNP-00267,name_ar,MARSAD_ANC,f8921057d75f,2026-08-28,medium
persons,TNP-00267,name_lat,MARSAD_ANC,7081a190fb3b,2026-08-28,medium
persons,TNP-00267,gender,MARSAD_ANC,030ef4a52619,2026-08-28,medium
persons,TNP-00267,birth_date,MARSAD_ANC,89f24b74f99a,2026-08-28,medium
persons,TNP-00267,birth_place_ar,MARSAD_ANC,9c454cee74e3,2026-08-28,medium
persons,TNP-00267,biography_ar,MARSAD_ANC,9475fb8b10b9,2026-08-28,medium
mandates,TNM-979f520a0113,assembly_id,MARSAD_ANC,025762754065,2026-08-28,medium
persons,TNP-00390,name_ar,MARSAD_ANC,bbe31e17c62c,2026-08-28,medium
persons,TNP-00390,name_lat,MARSAD_ANC,8d55b4bdc941,2026-08-28,medium
persons,TNP-00390,gender,MARSAD_ANC,030ef4a52619,2026-08-28,medium
persons,TNP-00390,biography_ar,MARSAD_ANC,664f8ded095a,2026-08-28,medium
mandates,TNM-effbcf16c7c6,assembly_id,MARSAD_ANC,025762754065,2026-08-28,medium
persons,TNP-00264,name_ar,MARSAD_ANC,5de8b476e233,2026-08-28,medium
persons,TNP-00264,name_lat,MARSAD_ANC,3ad7731d14f5,2026-08-28,medium
persons,TNP-00264,gender,MARSAD_ANC,030ef4a52619,2026-08-28,medium
persons,TNP-00264,birth_date,MARSAD_ANC,d80ad4293917,2026-08-28,medium
persons,TNP-00264,birth_place_ar,MARSAD_ANC,cef9864d15fc,2026-08-28,medium
persons,TNP-00264,biography_ar,MARSAD_ANC,053b5db33ad9,2026-08-28,medium
mandates,TNM-c00220e9e06f,assembly_id,MARSAD_ANC,025762754065,2026-08-28,medium
persons,TNP-00391,name_ar,MARSAD_ANC,85e4069ed1f6,2026-08-28,medium
persons,TNP-00391,name_lat,MARSAD_ANC,73ba02a1875f,2026-08-28,medium
persons,TNP-00391,gender,MARSAD_ANC,030ef4a52619,2026-08-28,medium
persons,TNP-00391,marital_status,MARSAD_ANC,dc43569e31b1,2026-08-28,medium
persons,TNP-00391,languages,MARSAD_ANC,23d8e0156062,2026-08-28,medium
persons,TNP-00391,biography_ar,MARSAD_ANC,60905f060f8c,2026-08-28,medium
mandates,TNM-d5b3f7b51f3d,assembly_id,MARSAD_ANC,025762754065,2026-08-28,medium
persons,TNP-00392,name_ar,MARSAD_ANC,f86ccfeedc89,2026-08-28,medium
persons,TNP-00392,name_lat,MARSAD_ANC,726c0df72503,2026-08-28,medium
persons,TNP-00392,gender,MARSAD_ANC,030ef4a52619,2026-08-28,medium
persons,TNP-00392,birth_date,MARSAD_ANC,722bd9505167,2026-08-28,medium
persons,TNP-00392,birth_place_ar,MARSAD_ANC,7cef80512fa8,2026-08-28,medium
persons,TNP-00392,biography_ar,MARSAD_ANC,166fbfe4fcc2,2026-08-28,medium
mandates,TNM-a690ce143ed2,assembly_id,MARSAD_ANC,025762754065,2026-08-28,medium
persons,TNP-00393,name_ar,MARSAD_ANC,2b735e5a6bf3,2026-08-28,medium
persons,TNP-00393,name_lat,MARSAD_ANC,4e80e5c5854f,2026-08-28,medium
persons,TNP-00393,gender,MARSAD_ANC,030ef4a52619,2026-08-28,medium
persons,TNP-00393,birth_date,MARSAD_ANC,7a1136e34db8,2026-08-28,medium
persons,TNP-00393,birth_place_ar,MARSAD_ANC,5d54ef7510cf,2026-08-28,medium
persons,TNP-00393,marital_status,MARSAD_ANC,dc43569e31b1,2026-08-28,medium
persons,TNP-00393,languages,MARSAD_ANC,23d8e0156062,2026-08-28,medium
persons,TNP-00393,biography_ar,MARSAD_ANC,f1900ea631e0,2026-08-28,medium
mandates,TNM-fa03e9a51964,assembly_id,MARSAD_ANC,025762754065,2026-08-28,medium
persons,TNP-00394,name_ar,MARSAD_ANC,e28c9f4c0d84,2026-08-28,medium
persons,TNP-00394,name_lat,MARSAD_ANC,85e06066262b,2026-08-28,medium
persons,TNP-00394,gender,MARSAD_ANC,030ef4a52619,2026-08-28,medium
persons,TNP-00394,birth_date,MARSAD_ANC,b10fa5c59a20,2026-08-28,medium
persons,TNP-00394,biography_ar,MARSAD_ANC,485e50df8ee7,2026-08-28,medium
mandates,TNM-1a844658157e,assembly_id,MARSAD_ANC,025762754065,2026-08-28,medium
persons,TNP-00395,name_ar,MARSAD_ANC,7d3722c20794,2026-08-28,medium
persons,TNP-00395,name_lat,MARSAD_ANC,4778556dd62b,2026-08-28,medium
persons,TNP-00395,gender,MARSAD_ANC,030ef4a52619,2026-08-28,medium
persons,TNP-00395,biography_ar,MARSAD_ANC,d76563e0f9f4,2026-08-28,medium
mandates,TNM-2c645d548bb8,assembly_id,MARSAD_ANC,025762754065,2026-08-28,medium
persons,TNP-00396,name_ar,MARSAD_ANC,383ff8674b00,2026-08-28,medium
persons,TNP-00396,name_lat,MARSAD_ANC,8105a3cd8a38,2026-08-28,medium
persons,TNP-00396,gender,MARSAD_ANC,030ef4a52619,2026-08-28,medium
persons,TNP-00396,birth_date,MARSAD_ANC,7646f5252f23,2026-08-28,medium
persons,TNP-00396,marital_status,MARSAD_ANC,dc43569e31b1,2026-08-28,medium
persons,TNP-00396,languages,MARSAD_ANC,23d8e0156062,2026-08-28,medium
persons,TNP-00396,biography_ar,MARSAD_ANC,f79da7ebcd29,2026-08-28,medium
mandates,TNM-2a86213f3987,assembly_id,MARSAD_ANC,025762754065,2026-08-28,medium
persons,TNP-00397,name_ar,MARSAD_ANC,744b1577633e,2026-08-28,medium
persons,TNP-00397,name_lat,MARSAD_ANC,74c8ac7a959f,2026-08-28,medium
persons,TNP-00397,gender,MARSAD_ANC,96a1a08dcded,2026-08-28,medium
persons,TNP-00397,birth_date,MARSAD_ANC,db6c9bd11625,2026-08-28,medium
persons,TNP-00397,birth_place_ar,MARSAD_ANC,e4b74f5de8fd,2026-08-28,medium
persons,TNP-00397,marital_status,MARSAD_ANC,91bb0737da8e,2026-08-28,medium
persons,TNP-00397,languages,MARSAD_ANC,93a24f2eb16e,2026-08-28,medium
persons,TNP-00397,biography_ar,MARSAD_ANC,ce4a15e7534e,2026-08-28,medium
mandates,TNM-ad1bba09b581,assembly_id,MARSAD_ANC,025762754065,2026-08-28,medium
persons,TNP-00398,name_ar,MARSAD_ANC,3081770944df,2026-08-28,medium
persons,TNP-00398,name_lat,MARSAD_ANC,eb926a8c5e3f,2026-08-28,medium
persons,TNP-00398,gender,MARSAD_ANC,96a1a08dcded,2026-08-28,medium
persons,TNP-00398,marital_status,MARSAD_ANC,91bb0737da8e,2026-08-28,medium
persons,TNP-00398,biography_ar,MARSAD_ANC,c2d4b86bfce6,2026-08-28,medium
mandates,TNM-01aa422e9b81,assembly_id,MARSAD_ANC,025762754065,2026-08-28,medium
persons,TNP-00399,name_ar,MARSAD_ANC,344fab580f21,2026-08-28,medium
persons,TNP-00399,name_lat,MARSAD_ANC,5908ec836def,2026-08-28,medium
persons,TNP-00399,gender,MARSAD_ANC,96a1a08dcded,2026-08-28,medium
persons,TNP-00399,biography_ar,MARSAD_ANC,fc2acf3575a5,2026-08-28,medium
mandates,TNM-4545e5007160,assembly_id,MARSAD_ANC,025762754065,2026-08-28,medium
persons,TNP-00141,name_ar,MARSAD_ANC,d79562c84308,2026-08-28,medium
persons,TNP-00141,name_lat,MARSAD_ANC,456bd6846c58,2026-08-28,medium
persons,TNP-00141,gender,MARSAD_ANC,030ef4a52619,2026-08-28,medium
persons,TNP-00141,biography_ar,MARSAD_ANC,457d53411447,2026-08-28,medium
mandates,TNM-eadde92f3b43,assembly_id,MARSAD_ANC,025762754065,2026-08-28,medium
persons,TNP-00400,name_ar,MARSAD_ANC,52ce201b6c56,2026-08-28,medium
persons,TNP-00400,name_lat,MARSAD_ANC,166dbe348ee5,2026-08-28,medium
persons,TNP-00400,gender,MARSAD_ANC,50d8b4a941c2,2026-08-28,medium
persons,TNP-00400,biography_ar,MARSAD_ANC,f346dee09368,2026-08-28,medium
mandates,TNM-cc03dee32eee,assembly_id,MARSAD_ANC,025762754065,2026-08-28,medium
persons,TNP-00401,name_ar,MARSAD_ANC,24907219c8c5,2026-08-28,medium
persons,TNP-00401,name_lat,MARSAD_ANC,b76d6301afcd,2026-08-28,medium
persons,TNP-00401,gender,MARSAD_ANC,96a1a08dcded,2026-08-28,medium
persons,TNP-00401,birth_date,MARSAD_ANC,ca2cc3b9317a,2026-08-28,medium
persons,TNP-00401,birth_place_ar,MARSAD_ANC,03250bd7145a,2026-08-28,medium
persons,TNP-00401,languages,MARSAD_ANC,23d8e0156062,2026-08-28,medium
persons,TNP-00401,biography_ar,MARSAD_ANC,0e6f00e499a1,2026-08-28,medium
mandates,TNM-0f06520bff77,assembly_id,MARSAD_ANC,025762754065,2026-08-28,medium
persons,TNP-00402,name_ar,MARSAD_ANC,b195ea231daa,2026-08-28,medium
persons,TNP-00402,name_lat,MARSAD_ANC,9fd440dc7368,2026-08-28,medium
persons,TNP-00402,gender,MARSAD_ANC,030ef4a52619,2026-08-28,medium
persons,TNP-00402,birth_date,MARSAD_ANC,f99440fa527a,2026-08-28,medium
persons,TNP-00402,birth_place_ar,MARSAD_ANC,8164e2d81594,2026-08-28,medium
persons,TNP-00402,biography_ar,MARSAD_ANC,a6b45bde2308,2026-08-28,medium
mandates,TNM-c144d2da162b,assembly_id,MARSAD_ANC,025762754065,2026-08-28,medium
persons,TNP-00403,name_ar,MARSAD_ANC,c4257842a272,2026-08-28,medium
persons,TNP-00403,name_lat,MARSAD_ANC,c0e88b179df8,2026-08-28,medium
persons,TNP-00403,gender,MARSAD_ANC,030ef4a52619,2026-08-28,medium
persons,TNP-00403,biography_ar,MARSAD_ANC,6cd78cf5f9e5,2026-08-28,medium
mandates,TNM-e97c0cfc50c4,assembly_id,MARSAD_ANC,025762754065,2026-08-28,medium
persons,TNP-00404,name_ar,MARSAD_ANC,8378b8f17992,2026-08-28,medium
persons,TNP-00404,name_lat,MARSAD_ANC,17d82e5df1f9,2026-08-28,medium
persons,TNP-00404,gender,MARSAD_ANC,96a1a08dcded,2026-08-28,medium
persons,TNP-00404,birth_date,MARSAD_ANC,e77e7df44b40,2026-08-28,medium
persons,TNP-00404,birth_place_ar,MARSAD_ANC,db19da7b6262,2026-08-28,medium
persons,TNP-00404,biography_ar,MARSAD_ANC,95a6d192ded0,2026-08-28,medium
mandates,TNM-3acecb591b59,assembly_id,MARSAD_ANC,025762754065,2026-08-28,medium
persons,TNP-00405,name_ar,MARSAD_ANC,d2212a9fa3c7,2026-08-28,medium
persons,TNP-00405,name_lat,MARSAD_ANC,b466f96b2a35,2026-08-28,medium
persons,TNP-00405,gender,MARSAD_ANC,030ef4a52619,2026-08-28,medium
persons,TNP-00405,birth_date,MARSAD_ANC,03c1bac6a6fa,2026-08-28,medium
persons,TNP-00405,biography_ar,MARSAD_ANC,56020fcf7655,2026-08-28,medium
mandates,TNM-34933e9c9394,assembly_id,MARSAD_ANC,025762754065,2026-08-28,medium
persons,TNP-00406,name_ar,MARSAD_ANC,ec66d6998ab6,2026-08-28,medium
persons,TNP-00406,name_lat,MARSAD_ANC,dd8f1f7e45df,2026-08-28,medium
persons,TNP-00406,gender,MARSAD_ANC,96a1a08dcded,2026-08-28,medium
persons,TNP-00406,birth_date,MARSAD_ANC,4a18dc1fc67a,2026-08-28,medium
persons,TNP-00406,birth_place_ar,MARSAD_ANC,c6f3906772d8,2026-08-28,medium
persons,TNP-00406,marital_status,MARSAD_ANC,91bb0737da8e,2026-08-28,medium
persons,TNP-00406,languages,MARSAD_ANC,23d8e0156062,2026-08-28,medium
persons,TNP-00406,biography_ar,MARSAD_ANC,bc3d188ebb29,2026-08-28,medium
mandates,TNM-f67e3f3759af,assembly_id,MARSAD_ANC,025762754065,2026-08-28,medium
persons,TNP-00407,name_ar,MARSAD_ANC,34ba6cdc0762,2026-08-28,medium
persons,TNP-00407,name_lat,MARSAD_ANC,5293a192cba1,2026-08-28,medium
persons,TNP-00407,gender,MARSAD_ANC,030ef4a52619,2026-08-28,medium
persons,TNP-00407,birth_date,MARSAD_ANC,11e43d15b5a0,2026-08-28,medium
persons,TNP-00407,birth_place_ar,MARSAD_ANC,00f1b39b7b72,2026-08-28,medium
persons,TNP-00407,biography_ar,MARSAD_ANC,c977a253ed2a,2026-08-28,medium
mandates,TNM-0612c64f8c3a,assembly_id,MARSAD_ANC,025762754065,2026-08-28,medium
persons,TNP-00408,name_ar,MARSAD_ANC,4938b6c574d1,2026-08-28,medium
persons,TNP-00408,name_lat,MARSAD_ANC,66b627bf2b45,2026-08-28,medium
persons,TNP-00408,gender,MARSAD_ANC,030ef4a52619,2026-08-28,medium
persons,TNP-00408,birth_date,MARSAD_ANC,ca33308141d0,2026-08-28,medium
persons,TNP-00408,languages,MARSAD_ANC,23d8e0156062,2026-08-28,medium
persons,TNP-00408,biography_ar,MARSAD_ANC,e12ffa13090e,2026-08-28,medium
mandates,TNM-cfb81394cf6d,assembly_id,MARSAD_ANC,025762754065,2026-08-28,medium
persons,TNP-00409,name_ar,MARSAD_ANC,2a99db51de22,2026-08-28,medium
persons,TNP-00409,name_lat,MARSAD_ANC,6664910133de,2026-08-28,medium
persons,TNP-00409,gender,MARSAD_ANC,030ef4a52619,2026-08-28,medium
persons,TNP-00409,birth_date,MARSAD_ANC,0631dad2a6c6,2026-08-28,medium
persons,TNP-00409,biography_ar,MARSAD_ANC,7f4dc9b06555,2026-08-28,medium
mandates,TNM-4f69cb79ca23,assembly_id,MARSAD_ANC,025762754065,2026-08-28,medium
persons,TNP-00410,name_ar,MARSAD_ANC,6439b6c45d16,2026-08-28,medium
persons,TNP-00410,name_lat,MARSAD_ANC,d50715b140f2,2026-08-28,medium
persons,TNP-00410,gender,MARSAD_ANC,030ef4a52619,2026-08-28,medium
persons,TNP-00410,birth_date,MARSAD_ANC,1636f3bbd5d8,2026-08-28,medium
persons,TNP-00410,birth_place_ar,MARSAD_ANC,aef3b69f83a7,2026-08-28,medium
persons,TNP-00410,biography_ar,MARSAD_ANC,3f38b437728d,2026-08-28,medium
mandates,TNM-ec0c480452cc,assembly_id,MARSAD_ANC,025762754065,2026-08-28,medium
persons,TNP-00411,name_ar,MARSAD_ANC,ba291abed6cf,2026-08-28,medium
persons,TNP-00411,name_lat,MARSAD_ANC,ce9440f31c21,2026-08-28,medium
persons,TNP-00411,gender,MARSAD_ANC,96a1a08dcded,2026-08-28,medium
persons,TNP-00411,birth_date,MARSAD_ANC,8dccd5ed3725,2026-08-28,medium
persons,TNP-00411,languages,MARSAD_ANC,094b0fe0e302,2026-08-28,medium
persons,TNP-00411,biography_ar,MARSAD_ANC,389dfac8a327,2026-08-28,medium
mandates,TNM-9c83cb47b6e7,assembly_id,MARSAD_ANC,025762754065,2026-08-28,medium
persons,TNP-00412,name_ar,MARSAD_ANC,a265983e10aa,2026-08-28,medium
persons,TNP-00412,name_lat,MARSAD_ANC,a77e30e971b7,2026-08-28,medium
persons,TNP-00412,gender,MARSAD_ANC,030ef4a52619,2026-08-28,medium
persons,TNP-00412,marital_status,MARSAD_ANC,dc43569e31b1,2026-08-28,medium
persons,TNP-00412,languages,MARSAD_ANC,23d8e0156062,2026-08-28,medium
persons,TNP-00412,biography_ar,MARSAD_ANC,a9cac9172862,2026-08-28,medium
mandates,TNM-ad351b74feaf,assembly_id,MARSAD_ANC,025762754065,2026-08-28,medium
persons,TNP-00413,name_ar,MARSAD_ANC,a1407fc7763f,2026-08-28,medium
persons,TNP-00413,name_lat,MARSAD_ANC,b212c8b96692,2026-08-28,medium
persons,TNP-00413,gender,MARSAD_ANC,030ef4a52619,2026-08-28,medium
persons,TNP-00413,birth_date,MARSAD_ANC,adc2cb2fb510,2026-08-28,medium
persons,TNP-00413,birth_place_ar,MARSAD_ANC,0c75542526e7,2026-08-28,medium
persons,TNP-00413,biography_ar,MARSAD_ANC,89001fee56e1,2026-08-28,medium
mandates,TNM-e8b88922cc47,assembly_id,MARSAD_ANC,025762754065,2026-08-28,medium
persons,TNP-00414,name_ar,MARSAD_ANC,2e3ffc75a113,2026-08-28,medium
persons,TNP-00414,name_lat,MARSAD_ANC,2313710cba38,2026-08-28,medium
persons,TNP-00414,gender,MARSAD_ANC,96a1a08dcded,2026-08-28,medium
persons,TNP-00414,birth_date,MARSAD_ANC,840a2be38145,2026-08-28,medium
persons,TNP-00414,birth_place_ar,MARSAD_ANC,a9ff8160dee7,2026-08-28,medium
persons,TNP-00414,marital_status,MARSAD_ANC,91bb0737da8e,2026-08-28,medium
persons,TNP-00414,biography_ar,MARSAD_ANC,9e88ada98965,2026-08-28,medium
mandates,TNM-a53081438199,assembly_id,MARSAD_ANC,025762754065,2026-08-28,medium
persons,TNP-00415,name_ar,MARSAD_ANC,f4e2d374daf1,2026-08-28,medium
persons,TNP-00415,name_lat,MARSAD_ANC,6e6092adfbc7,2026-08-28,medium
persons,TNP-00415,gender,MARSAD_ANC,030ef4a52619,2026-08-28,medium
persons,TNP-00415,marital_status,MARSAD_ANC,dc43569e31b1,2026-08-28,medium
persons,TNP-00415,biography_ar,MARSAD_ANC,76c91f6975b6,2026-08-28,medium
mandates,TNM-63a815537312,assembly_id,MARSAD_ANC,025762754065,2026-08-28,medium
persons,TNP-00416,name_ar,MARSAD_ANC,eeb618e7fb76,2026-08-28,medium
persons,TNP-00416,name_lat,MARSAD_ANC,59da4b195cb6,2026-08-28,medium
persons,TNP-00416,gender,MARSAD_ANC,96a1a08dcded,2026-08-28,medium
persons,TNP-00416,biography_ar,MARSAD_ANC,a89f5d90ee6a,2026-08-28,medium
mandates,TNM-dbad3bceda7a,assembly_id,MARSAD_ANC,025762754065,2026-08-28,medium
persons,TNP-00417,name_ar,MARSAD_ANC,0fb0fda4edc5,2026-08-28,medium
persons,TNP-00417,name_lat,MARSAD_ANC,2fd7a9eee6dd,2026-08-28,medium
persons,TNP-00417,gender,MARSAD_ANC,030ef4a52619,2026-08-28,medium
persons,TNP-00417,birth_date,MARSAD_ANC,d37272969986,2026-08-28,medium
persons,TNP-00417,marital_status,MARSAD_ANC,dc43569e31b1,2026-08-28,medium
persons,TNP-00417,languages,MARSAD_ANC,8fb60af4582f,2026-08-28,medium
persons,TNP-00417,biography_ar,MARSAD_ANC,da3931c4fe8c,2026-08-28,medium
mandates,TNM-e6999d472906,assembly_id,MARSAD_ANC,025762754065,2026-08-28,medium
persons,TNP-00418,name_ar,MARSAD_ANC,aa29638c04d9,2026-08-28,medium
persons,TNP-00418,name_lat,MARSAD_ANC,3bf2e1768120,2026-08-28,medium
persons,TNP-00418,gender,MARSAD_ANC,96a1a08dcded,2026-08-28,medium
persons,TNP-00418,birth_date,MARSAD_ANC,1fee1f2f28cd,2026-08-28,medium
persons,TNP-00418,birth_place_ar,MARSAD_ANC,b7b9bccd4f47,2026-08-28,medium
persons,TNP-00418,biography_ar,MARSAD_ANC,1cfe34b569ee,2026-08-28,medium
mandates,TNM-44378e428497,assembly_id,MARSAD_ANC,025762754065,2026-08-28,medium
persons,TNP-00419,name_ar,MARSAD_ANC,9053736cfab2,2026-08-28,medium
persons,TNP-00419,name_lat,MARSAD_ANC,42f9ab834184,2026-08-28,medium
persons,TNP-00419,gender,MARSAD_ANC,96a1a08dcded,2026-08-28,medium
persons,TNP-00419,birth_date,MARSAD_ANC,224f0e076f90,2026-08-28,medium
persons,TNP-00419,birth_place_ar,MARSAD_ANC,3706f48e892b,2026-08-28,medium
persons,TNP-00419,biography_ar,MARSAD_ANC,8214e8cfda3b,2026-08-28,medium
mandates,TNM-b3012ba2e221,assembly_id,MARSAD_ANC,025762754065,2026-08-28,medium
persons,TNP-00420,name_ar,MARSAD_ANC,ba59383e406f,2026-08-28,medium
persons,TNP-00420,name_lat,MARSAD_ANC,3831bfe26c65,2026-08-28,medium
persons,TNP-00420,gender,MARSAD_ANC,030ef4a52619,2026-08-28,medium
persons,TNP-00420,birth_date,MARSAD_ANC,a148c941687c,2026-08-28,medium
persons,TNP-00420,marital_status,MARSAD_ANC,dc43569e31b1,2026-08-28,medium
persons,TNP-00420,biography_ar,MARSAD_ANC,6922e9b59a1b,2026-08-28,medium
mandates,TNM-d8c984dfe435,assembly_id,MARSAD_ANC,025762754065,2026-08-28,medium
persons,TNP-00421,name_ar,MARSAD_ANC,12032bac427e,2026-08-28,medium
persons,TNP-00421,name_lat,MARSAD_ANC,8c0707d10acb,2026-08-28,medium
persons,TNP-00421,gender,MARSAD_ANC,96a1a08dcded,2026-08-28,medium
persons,TNP-00421,birth_date,MARSAD_ANC,82bc70caf722,2026-08-28,medium
persons,TNP-00421,biography_ar,MARSAD_ANC,fb759cd261fb,2026-08-28,medium
mandates,TNM-16c9db134354,assembly_id,MARSAD_ANC,025762754065,2026-08-28,medium
persons,TNP-00422,name_ar,MARSAD_ANC,ba619d3a5bec,2026-08-28,medium
persons,TNP-00422,name_lat,MARSAD_ANC,971e641ff17d,2026-08-28,medium
persons,TNP-00422,gender,MARSAD_ANC,96a1a08dcded,2026-08-28,medium
persons,TNP-00422,birth_date,MARSAD_ANC,068d06b5b61a,2026-08-28,medium
persons,TNP-00422,marital_status,MARSAD_ANC,91bb0737da8e,2026-08-28,medium
persons,TNP-00422,languages,MARSAD_ANC,8fb60af4582f,2026-08-28,medium
persons,TNP-00422,biography_ar,MARSAD_ANC,93b746989176,2026-08-28,medium
mandates,TNM-c83071dacc12,assembly_id,MARSAD_ANC,025762754065,2026-08-28,medium
persons,TNP-00423,name_ar,MARSAD_ANC,556f43eaa9aa,2026-08-28,medium
persons,TNP-00423,name_lat,MARSAD_ANC,f528bf5f37e9,2026-08-28,medium
persons,TNP-00423,gender,MARSAD_ANC,96a1a08dcded,2026-08-28,medium
persons,TNP-00423,birth_date,MARSAD_ANC,1fe9b2e47ef9,2026-08-28,medium
persons,TNP-00423,birth_place_ar,MARSAD_ANC,e58b2d54f674,2026-08-28,medium
persons,TNP-00423,biography_ar,MARSAD_ANC,8d0dc535b500,2026-08-28,medium
mandates,TNM-db51960b6585,assembly_id,MARSAD_ANC,025762754065,2026-08-28,medium
persons,TNP-00424,name_ar,MARSAD_ANC,f89a9accbf32,2026-08-28,medium
persons,TNP-00424,name_lat,MARSAD_ANC,cbe5dcc02a7e,2026-08-28,medium
persons,TNP-00424,gender,MARSAD_ANC,030ef4a52619,2026-08-28,medium
persons,TNP-00424,birth_date,MARSAD_ANC,8f457827767d,2026-08-28,medium
persons,TNP-00424,marital_status,MARSAD_ANC,dc43569e31b1,2026-08-28,medium
persons,TNP-00424,biography_ar,MARSAD_ANC,45e912aa8416,2026-08-28,medium
mandates,TNM-5da3c57eb619,assembly_id,MARSAD_ANC,025762754065,2026-08-28,medium
persons,TNP-00425,name_ar,MARSAD_ANC,ccd16864071d,2026-08-28,medium
persons,TNP-00425,name_lat,MARSAD_ANC,dab973e299d8,2026-08-28,medium
persons,TNP-00425,gender,MARSAD_ANC,030ef4a52619,2026-08-28,medium
persons,TNP-00425,birth_date,MARSAD_ANC,f04edc183694,2026-08-28,medium
persons,TNP-00425,birth_place_ar,MARSAD_ANC,b1440c5adc6c,2026-08-28,medium
persons,TNP-00425,marital_status,MARSAD_ANC,dc43569e31b1,2026-08-28,medium
persons,TNP-00425,languages,MARSAD_ANC,23d8e0156062,2026-08-28,medium
persons,TNP-00425,biography_ar,MARSAD_ANC,46271ab7dffe,2026-08-28,medium
mandates,TNM-b7b7ceb056d9,assembly_id,MARSAD_ANC,025762754065,2026-08-28,medium
persons,TNP-00426,name_ar,MARSAD_ANC,f8d2d6c4e67b,2026-08-28,medium
persons,TNP-00426,name_lat,MARSAD_ANC,21ba251b6ca7,2026-08-28,medium
persons,TNP-00426,gender,MARSAD_ANC,96a1a08dcded,2026-08-28,medium
persons,TNP-00426,birth_date,MARSAD_ANC,e770e9b5ecf8,2026-08-28,medium
persons,TNP-00426,birth_place_ar,MARSAD_ANC,e58b2d54f674,2026-08-28,medium
persons,TNP-00426,biography_ar,MARSAD_ANC,ff56b0f47c5f,2026-08-28,medium
mandates,TNM-7969001d550d,assembly_id,MARSAD_ANC,025762754065,2026-08-28,medium
persons,TNP-00427,name_ar,MARSAD_ANC,8fee4f23be05,2026-08-28,medium
persons,TNP-00427,name_lat,MARSAD_ANC,197ff7776470,2026-08-28,medium
persons,TNP-00427,gender,MARSAD_ANC,030ef4a52619,2026-08-28,medium
persons,TNP-00427,birth_date,MARSAD_ANC,4cd89f2ebc14,2026-08-28,medium
persons,TNP-00427,biography_ar,MARSAD_ANC,c6fe55ed9556,2026-08-28,medium
mandates,TNM-3279a41b3a35,assembly_id,MARSAD_ANC,025762754065,2026-08-28,medium
persons,TNP-00428,name_ar,MARSAD_ANC,f6681c2367d2,2026-08-28,medium
persons,TNP-00428,name_lat,MARSAD_ANC,9c43cf30a24d,2026-08-28,medium
persons,TNP-00428,gender,MARSAD_ANC,030ef4a52619,2026-08-28,medium
persons,TNP-00428,birth_date,MARSAD_ANC,d91ba5e065a5,2026-08-28,medium
persons,TNP-00428,birth_place_ar,MARSAD_ANC,62201cff3f52,2026-08-28,medium
persons,TNP-00428,biography_ar,MARSAD_ANC,55bf679a57fb,2026-08-28,medium
mandates,TNM-978123f2d122,assembly_id,MARSAD_ANC,025762754065,2026-08-28,medium
persons,TNP-00429,name_ar,MARSAD_ANC,b3449cfe61f6,2026-08-28,medium
persons,TNP-00429,name_lat,MARSAD_ANC,9940107f883d,2026-08-28,medium
persons,TNP-00429,gender,MARSAD_ANC,96a1a08dcded,2026-08-28,medium
persons,TNP-00429,birth_date,MARSAD_ANC,4e25c87c9775,2026-08-28,medium
persons,TNP-00429,birth_place_ar,MARSAD_ANC,62201cff3f52,2026-08-28,medium
persons,TNP-00429,languages,MARSAD_ANC,094b0fe0e302,2026-08-28,medium
persons,TNP-00429,biography_ar,MARSAD_ANC,5e37217f09cf,2026-08-28,medium
mandates,TNM-e86437f1fbe5,assembly_id,MARSAD_ANC,025762754065,2026-08-28,medium
persons,TNP-00430,name_ar,MARSAD_ANC,7700cc80ae2e,2026-08-28,medium
persons,TNP-00430,name_lat,MARSAD_ANC,51af55ce195e,2026-08-28,medium
persons,TNP-00430,gender,MARSAD_ANC,96a1a08dcded,2026-08-28,medium
persons,TNP-00430,birth_date,MARSAD_ANC,ceab18eac5cb,2026-08-28,medium
persons,TNP-00430,birth_place_ar,MARSAD_ANC,e58b2d54f674,2026-08-28,medium
persons,TNP-00430,biography_ar,MARSAD_ANC,1a64ae83fcc1,2026-08-28,medium
mandates,TNM-2c4469af5871,assembly_id,MARSAD_ANC,025762754065,2026-08-28,medium
persons,TNP-00364,name_ar,MARSAD_ANC,74fc5340424b,2026-08-28,medium
persons,TNP-00364,name_lat,MARSAD_ANC,f739033980c1,2026-08-28,medium
persons,TNP-00364,gender,MARSAD_ANC,030ef4a52619,2026-08-28,medium
persons,TNP-00364,birth_date,MARSAD_ANC,44d5bf6c0b8c,2026-08-28,medium
persons,TNP-00364,birth_place_ar,MARSAD_ANC,e45910ebc205,2026-08-28,medium
persons,TNP-00364,marital_status,MARSAD_ANC,dc43569e31b1,2026-08-28,medium
persons,TNP-00364,languages,MARSAD_ANC,bad6a6c562e6,2026-08-28,medium
persons,TNP-00364,biography_ar,MARSAD_ANC,84114a25a276,2026-08-28,medium
mandates,TNM-7d9ae0e73a42,assembly_id,MARSAD_ANC,025762754065,2026-08-28,medium
persons,TNP-00431,name_ar,MARSAD_ANC,70733b839677,2026-08-28,medium
persons,TNP-00431,name_lat,MARSAD_ANC,0de72da02070,2026-08-28,medium
persons,TNP-00431,gender,MARSAD_ANC,030ef4a52619,2026-08-28,medium
persons,TNP-00431,marital_status,MARSAD_ANC,dc43569e31b1,2026-08-28,medium
persons,TNP-00431,biography_ar,MARSAD_ANC,ef6dbf578e87,2026-08-28,medium
mandates,TNM-47f3f62cd990,assembly_id,MARSAD_ANC,025762754065,2026-08-28,medium
persons,TNP-00432,name_ar,MARSAD_ANC,ca21d8f76d35,2026-08-28,medium
persons,TNP-00432,name_lat,MARSAD_ANC,33db70cb5e78,2026-08-28,medium
persons,TNP-00432,gender,MARSAD_ANC,96a1a08dcded,2026-08-28,medium
persons,TNP-00432,birth_date,MARSAD_ANC,725595facb72,2026-08-28,medium
persons,TNP-00432,birth_place_ar,MARSAD_ANC,c1a0d69b693b,2026-08-28,medium
persons,TNP-00432,biography_ar,MARSAD_ANC,3a5904fa41ec,2026-08-28,medium
mandates,TNM-9401b0ae2ade,assembly_id,MARSAD_ANC,025762754065,2026-08-28,medium
persons,TNP-00433,name_ar,MARSAD_ANC,af7f517c17ad,2026-08-28,medium
persons,TNP-00433,name_lat,MARSAD_ANC,eb9445e141fb,2026-08-28,medium
persons,TNP-00433,gender,MARSAD_ANC,96a1a08dcded,2026-08-28,medium
persons,TNP-00433,birth_date,MARSAD_ANC,49367e118f05,2026-08-28,medium
persons,TNP-00433,birth_place_ar,MARSAD_ANC,7f5b35def619,2026-08-28,medium
persons,TNP-00433,marital_status,MARSAD_ANC,91bb0737da8e,2026-08-28,medium
persons,TNP-00433,biography_ar,MARSAD_ANC,701f924acce9,2026-08-28,medium
mandates,TNM-84afbe061728,assembly_id,MARSAD_ANC,025762754065,2026-08-28,medium
persons,TNP-00434,name_ar,MARSAD_ANC,e49051c19c36,2026-08-28,medium
persons,TNP-00434,name_lat,MARSAD_ANC,701689c2d800,2026-08-28,medium
persons,TNP-00434,gender,MARSAD_ANC,030ef4a52619,2026-08-28,medium
persons,TNP-00434,birth_date,MARSAD_ANC,717d7a36871c,2026-08-28,medium
persons,TNP-00434,birth_place_ar,MARSAD_ANC,d3f11bd99dbe,2026-08-28,medium
persons,TNP-00434,biography_ar,MARSAD_ANC,5b6f09d7d533,2026-08-28,medium
mandates,TNM-76fe1475d7b2,assembly_id,MARSAD_ANC,025762754065,2026-08-28,medium
persons,TNP-00435,name_ar,MARSAD_ANC,4c2874ff554e,2026-08-28,medium
persons,TNP-00435,name_lat,MARSAD_ANC,96a3821428ea,2026-08-28,medium
persons,TNP-00435,gender,MARSAD_ANC,030ef4a52619,2026-08-28,medium
persons,TNP-00435,birth_date,MARSAD_ANC,148d9899842d,2026-08-28,medium
persons,TNP-00435,birth_place_ar,MARSAD_ANC,a6ae91a9758f,2026-08-28,medium
persons,TNP-00435,languages,MARSAD_ANC,23d8e0156062,2026-08-28,medium
persons,TNP-00435,biography_ar,MARSAD_ANC,271e384586cb,2026-08-28,medium
mandates,TNM-395120a83625,assembly_id,MARSAD_ANC,025762754065,2026-08-28,medium
persons,TNP-00436,name_ar,MARSAD_ANC,8ae39e705b06,2026-08-28,medium
persons,TNP-00436,name_lat,MARSAD_ANC,d7f215dc3669,2026-08-28,medium
persons,TNP-00436,gender,MARSAD_ANC,96a1a08dcded,2026-08-28,medium
persons,TNP-00436,birth_date,MARSAD_ANC,bea91f39ea68,2026-08-28,medium
persons,TNP-00436,birth_place_ar,MARSAD_ANC,e58b2d54f674,2026-08-28,medium
persons,TNP-00436,biography_ar,MARSAD_ANC,f6b39be2a509,2026-08-28,medium
mandates,TNM-393f8f4f1401,assembly_id,MARSAD_ANC,025762754065,2026-08-28,medium
persons,TNP-00437,name_ar,MARSAD_ANC,830041da9ed9,2026-08-28,medium
persons,TNP-00437,name_lat,MARSAD_ANC,182fa1422be8,2026-08-28,medium
persons,TNP-00437,gender,MARSAD_ANC,96a1a08dcded,2026-08-28,medium
persons,TNP-00437,birth_date,MARSAD_ANC,5988cfc2e7b1,2026-08-28,medium
persons,TNP-00437,birth_place_ar,MARSAD_ANC,0caa6698f01e,2026-08-28,medium
persons,TNP-00437,biography_ar,MARSAD_ANC,8c22311a4102,2026-08-28,medium
mandates,TNM-3fa54b9de05b,assembly_id,MARSAD_ANC,025762754065,2026-08-28,medium
persons,TNP-00438,name_ar,MARSAD_ANC,6600a4c9a01a,2026-08-28,medium
persons,TNP-00438,name_lat,MARSAD_ANC,2cfcbe3561e0,2026-08-28,medium
persons,TNP-00438,gender,MARSAD_ANC,96a1a08dcded,2026-08-28,medium
persons,TNP-00438,birth_date,MARSAD_ANC,b6cf74fa8224,2026-08-28,medium
persons,TNP-00438,birth_place_ar,MARSAD_ANC,e58b2d54f674,2026-08-28,medium
persons,TNP-00438,marital_status,MARSAD_ANC,91bb0737da8e,2026-08-28,medium
persons,TNP-00438,languages,MARSAD_ANC,93a24f2eb16e,2026-08-28,medium
persons,TNP-00438,biography_ar,MARSAD_ANC,3e675611297b,2026-08-28,medium
mandates,TNM-78d1ed812f54,assembly_id,MARSAD_ANC,025762754065,2026-08-28,medium
persons,TNP-00439,name_ar,MARSAD_ANC,769384f90474,2026-08-28,medium
persons,TNP-00439,name_lat,MARSAD_ANC,ad40193cd3a0,2026-08-28,medium
persons,TNP-00439,gender,MARSAD_ANC,030ef4a52619,2026-08-28,medium
persons,TNP-00439,birth_date,MARSAD_ANC,4cc8807f7eac,2026-08-28,medium
persons,TNP-00439,birth_place_ar,MARSAD_ANC,eebc71a485d4,2026-08-28,medium
persons,TNP-00439,biography_ar,MARSAD_ANC,7a71a3f9a0df,2026-08-28,medium
mandates,TNM-31f47d0dcf25,assembly_id,MARSAD_ANC,025762754065,2026-08-28,medium
persons,TNP-00440,name_ar,MARSAD_ANC,19fef31d9050,2026-08-28,medium
persons,TNP-00440,name_lat,MARSAD_ANC,e34e7576b4c1,2026-08-28,medium
persons,TNP-00440,gender,MARSAD_ANC,50d8b4a941c2,2026-08-28,medium
persons,TNP-00440,languages,MARSAD_ANC,b858a87c07b0,2026-08-28,medium
persons,TNP-00440,biography_ar,MARSAD_ANC,af46038b1e24,2026-08-28,medium
mandates,TNM-cf6f8901010f,assembly_id,MARSAD_ANC,025762754065,2026-08-28,medium
persons,TNP-00441,name_ar,MARSAD_ANC,5de9b8171310,2026-08-28,medium
persons,TNP-00441,name_lat,MARSAD_ANC,2365385cfa1f,2026-08-28,medium
persons,TNP-00441,gender,MARSAD_ANC,030ef4a52619,2026-08-28,medium
persons,TNP-00441,birth_date,MARSAD_ANC,e14036d2c9f7,2026-08-28,medium
persons,TNP-00441,birth_place_ar,MARSAD_ANC,a853a51c4349,2026-08-28,medium
persons,TNP-00441,marital_status,MARSAD_ANC,a0c4d52f4223,2026-08-28,medium
persons,TNP-00441,biography_ar,MARSAD_ANC,4c61e5e9230d,2026-08-28,medium
mandates,TNM-7f5db27ec88e,assembly_id,MARSAD_ANC,025762754065,2026-08-28,medium
persons,TNP-00442,name_ar,MARSAD_ANC,869f04ec81a6,2026-08-28,medium
persons,TNP-00442,name_lat,MARSAD_ANC,6fc258a31022,2026-08-28,medium
persons,TNP-00442,gender,MARSAD_ANC,030ef4a52619,2026-08-28,medium
persons,TNP-00442,birth_date,MARSAD_ANC,489162204365,2026-08-28,medium
persons,TNP-00442,birth_place_ar,MARSAD_ANC,e58b2d54f674,2026-08-28,medium
persons,TNP-00442,biography_ar,MARSAD_ANC,a86ebae2a010,2026-08-28,medium
mandates,TNM-9475f9fe56e7,assembly_id,MARSAD_ANC,025762754065,2026-08-28,medium
persons,TNP-00443,name_ar,MARSAD_ANC,e053ee8146cb,2026-08-28,medium
persons,TNP-00443,name_lat,MARSAD_ANC,bbce9188a773,2026-08-28,medium
persons,TNP-00443,gender,MARSAD_ANC,030ef4a52619,2026-08-28,medium
persons,TNP-00443,birth_date,MARSAD_ANC,9f82c10a0fbf,2026-08-28,medium
persons,TNP-00443,biography_ar,MARSAD_ANC,19b1e6afc5c9,2026-08-28,medium
mandates,TNM-149850b8eb86,assembly_id,MARSAD_ANC,025762754065,2026-08-28,medium
persons,TNP-00444,name_ar,MARSAD_ANC,f142a4eaf626,2026-08-28,medium
persons,TNP-00444,name_lat,MARSAD_ANC,7a93eb6e0b60,2026-08-28,medium
persons,TNP-00444,gender,MARSAD_ANC,96a1a08dcded,2026-08-28,medium
persons,TNP-00444,birth_date,MARSAD_ANC,a8b21b854905,2026-08-28,medium
persons,TNP-00444,birth_place_ar,MARSAD_ANC,a1f7248edb34,2026-08-28,medium
persons,TNP-00444,marital_status,MARSAD_ANC,91bb0737da8e,2026-08-28,medium
persons,TNP-00444,biography_ar,MARSAD_ANC,5b30a1ae77e1,2026-08-28,medium
mandates,TNM-1cb2d3f0c688,assembly_id,MARSAD_ANC,025762754065,2026-08-28,medium
persons,TNP-00445,name_ar,MARSAD_ANC,9bd9269a54de,2026-08-28,medium
persons,TNP-00445,name_lat,MARSAD_ANC,c9771867b28d,2026-08-28,medium
persons,TNP-00445,gender,MARSAD_ANC,96a1a08dcded,2026-08-28,medium
persons,TNP-00445,birth_date,MARSAD_ANC,2969b1de8dd2,2026-08-28,medium
persons,TNP-00445,birth_place_ar,MARSAD_ANC,c6f3906772d8,2026-08-28,medium
persons,TNP-00445,biography_ar,MARSAD_ANC,bc2d8597c090,2026-08-28,medium
mandates,TNM-5303da2b09e6,assembly_id,MARSAD_ANC,025762754065,2026-08-28,medium
persons,TNP-00446,name_ar,MARSAD_ANC,e9b844de0ed1,2026-08-28,medium
persons,TNP-00446,name_lat,MARSAD_ANC,0524b84c8ea3,2026-08-28,medium
persons,TNP-00446,gender,MARSAD_ANC,96a1a08dcded,2026-08-28,medium
persons,TNP-00446,birth_date,MARSAD_ANC,f04edc183694,2026-08-28,medium
persons,TNP-00446,birth_place_ar,MARSAD_ANC,15845d159705,2026-08-28,medium
persons,TNP-00446,marital_status,MARSAD_ANC,91bb0737da8e,2026-08-28,medium
persons,TNP-00446,languages,MARSAD_ANC,8fb60af4582f,2026-08-28,medium
persons,TNP-00446,biography_ar,MARSAD_ANC,b94fe3ed31d3,2026-08-28,medium
mandates,TNM-04b27ca6fd66,assembly_id,MARSAD_ANC,025762754065,2026-08-28,medium
persons,TNP-00447,name_ar,MARSAD_ANC,18b87c3357be,2026-08-28,medium
persons,TNP-00447,name_lat,MARSAD_ANC,64a656b83ca0,2026-08-28,medium
persons,TNP-00447,gender,MARSAD_ANC,96a1a08dcded,2026-08-28,medium
persons,TNP-00447,birth_date,MARSAD_ANC,a7a6567934e4,2026-08-28,medium
persons,TNP-00447,biography_ar,MARSAD_ANC,e4319b6fc968,2026-08-28,medium
mandates,TNM-1829dbae9076,assembly_id,MARSAD_ANC,025762754065,2026-08-28,medium
persons,TNP-00448,name_ar,MARSAD_ANC,1a2f62274e04,2026-08-28,medium
persons,TNP-00448,name_lat,MARSAD_ANC,646b09d4d655,2026-08-28,medium
persons,TNP-00448,gender,MARSAD_ANC,50d8b4a941c2,2026-08-28,medium
persons,TNP-00448,biography_ar,MARSAD_ANC,e9e9e36affe7,2026-08-28,medium
mandates,TNM-4c69bd0aa8f5,assembly_id,MARSAD_ANC,025762754065,2026-08-28,medium
persons,TNP-00449,name_ar,MARSAD_ANC,9add501ab815,2026-08-28,medium
persons,TNP-00449,name_lat,MARSAD_ANC,3a354c58984b,2026-08-28,medium
persons,TNP-00449,gender,MARSAD_ANC,030ef4a52619,2026-08-28,medium
persons,TNP-00449,biography_ar,MARSAD_ANC,eadba35a9f40,2026-08-28,medium
mandates,TNM-f80402216964,assembly_id,MARSAD_ANC,025762754065,2026-08-28,medium
persons,TNP-00450,name_ar,MARSAD_ANC,0ee80a3e3c59,2026-08-28,medium
persons,TNP-00450,name_lat,MARSAD_ANC,a8f8e0d1f304,2026-08-28,medium
persons,TNP-00450,gender,MARSAD_ANC,030ef4a52619,2026-08-28,medium
persons,TNP-00450,marital_status,MARSAD_ANC,dc43569e31b1,2026-08-28,medium
persons,TNP-00450,languages,MARSAD_ANC,23d8e0156062,2026-08-28,medium
persons,TNP-00450,biography_ar,MARSAD_ANC,f65be36199d2,2026-08-28,medium
mandates,TNM-fc427a46d5a0,assembly_id,MARSAD_ANC,025762754065,2026-08-28,medium
persons,TNP-00451,name_ar,MARSAD_ANC,f9ba71d9d86e,2026-08-28,medium
persons,TNP-00451,name_lat,MARSAD_ANC,2c9baea9b572,2026-08-28,medium
persons,TNP-00451,gender,MARSAD_ANC,030ef4a52619,2026-08-28,medium
persons,TNP-00451,biography_ar,MARSAD_ANC,ba70017cf129,2026-08-28,medium
mandates,TNM-316fd5b4cc08,assembly_id,MARSAD_ANC,025762754065,2026-08-28,medium
persons,TNP-00452,name_ar,MARSAD_ANC,dff730622aab,2026-08-28,medium
persons,TNP-00452,name_lat,MARSAD_ANC,68cf7fd6411d,2026-08-28,medium
persons,TNP-00452,gender,MARSAD_ANC,96a1a08dcded,2026-08-28,medium
persons,TNP-00452,birth_date,MARSAD_ANC,cda1a75b1c49,2026-08-28,medium
persons,TNP-00452,birth_place_ar,MARSAD_ANC,e58b2d54f674,2026-08-28,medium
persons,TNP-00452,marital_status,MARSAD_ANC,91bb0737da8e,2026-08-28,medium
persons,TNP-00452,biography_ar,MARSAD_ANC,154ae419786d,2026-08-28,medium
mandates,TNM-0b46762f687c,assembly_id,MARSAD_ANC,025762754065,2026-08-28,medium
persons,TNP-00453,name_ar,MARSAD_ANC,a0ad18283d05,2026-08-28,medium
persons,TNP-00453,name_lat,MARSAD_ANC,ed0325188227,2026-08-28,medium
persons,TNP-00453,gender,MARSAD_ANC,030ef4a52619,2026-08-28,medium
persons,TNP-00453,biography_ar,MARSAD_ANC,0e614257a42b,2026-08-28,medium
mandates,TNM-26e132f79535,assembly_id,MARSAD_ANC,025762754065,2026-08-28,medium
persons,TNP-00454,name_ar,MARSAD_ANC,243d2f435126,2026-08-28,medium
persons,TNP-00454,name_lat,MARSAD_ANC,9488e9d28c68,2026-08-28,medium
persons,TNP-00454,gender,MARSAD_ANC,030ef4a52619,2026-08-28,medium
persons,TNP-00454,birth_date,MARSAD_ANC,86501cba7959,2026-08-28,medium
persons,TNP-00454,birth_place_ar,MARSAD_ANC,a1f7248edb34,2026-08-28,medium
persons,TNP-00454,biography_ar,MARSAD_ANC,4d016b3c72c4,2026-08-28,medium
mandates,TNM-ee7d74e6edc4,assembly_id,MARSAD_ANC,025762754065,2026-08-28,medium
persons,TNP-00455,name_ar,MARSAD_ANC,dc19308d026d,2026-08-28,medium
persons,TNP-00455,name_lat,MARSAD_ANC,99532938f855,2026-08-28,medium
persons,TNP-00455,gender,MARSAD_ANC,030ef4a52619,2026-08-28,medium
persons,TNP-00455,birth_date,MARSAD_ANC,e80b9a6e7233,2026-08-28,medium
persons,TNP-00455,birth_place_ar,MARSAD_ANC,c6f3906772d8,2026-08-28,medium
persons,TNP-00455,marital_status,MARSAD_ANC,dc43569e31b1,2026-08-28,medium
persons,TNP-00455,languages,MARSAD_ANC,23d8e0156062,2026-08-28,medium
persons,TNP-00455,biography_ar,MARSAD_ANC,1125c857f39c,2026-08-28,medium
mandates,TNM-ba753620c291,assembly_id,MARSAD_ANC,025762754065,2026-08-28,medium
persons,TNP-00456,name_ar,MARSAD_ANC,300dbb824ad7,2026-08-28,medium
persons,TNP-00456,name_lat,MARSAD_ANC,9e5f1cb1af8f,2026-08-28,medium
persons,TNP-00456,gender,MARSAD_ANC,030ef4a52619,2026-08-28,medium
persons,TNP-00456,biography_ar,MARSAD_ANC,fae34dfbaf6d,2026-08-28,medium
mandates,TNM-ffbeb4ed3265,assembly_id,MARSAD_ANC,025762754065,2026-08-28,medium
persons,TNP-00457,name_ar,MARSAD_ANC,e26286bbf84b,2026-08-28,medium
persons,TNP-00457,name_lat,MARSAD_ANC,fbdcb4713d24,2026-08-28,medium
persons,TNP-00457,gender,MARSAD_ANC,030ef4a52619,2026-08-28,medium
persons,TNP-00457,birth_date,MARSAD_ANC,c059b5972ad4,2026-08-28,medium
persons,TNP-00457,birth_place_ar,MARSAD_ANC,279c3c640b57,2026-08-28,medium
persons,TNP-00457,biography_ar,MARSAD_ANC,19aaca8b03af,2026-08-28,medium
mandates,TNM-c355a91fabac,assembly_id,MARSAD_ANC,025762754065,2026-08-28,medium
persons,TNP-00458,name_ar,MARSAD_ANC,e5fcbf00535e,2026-08-28,medium
persons,TNP-00458,name_lat,MARSAD_ANC,184890f45901,2026-08-28,medium
persons,TNP-00458,gender,MARSAD_ANC,030ef4a52619,2026-08-28,medium
persons,TNP-00458,birth_date,MARSAD_ANC,51bd17464254,2026-08-28,medium
persons,TNP-00458,biography_ar,MARSAD_ANC,82927b9e9389,2026-08-28,medium
mandates,TNM-fe8811890a1d,assembly_id,MARSAD_ANC,025762754065,2026-08-28,medium
persons,TNP-00174,name_ar,MARSAD_ANC,1bf50741da52,2026-08-28,medium
persons,TNP-00174,name_lat,MARSAD_ANC,ab5d9899a2a6,2026-08-28,medium
persons,TNP-00174,gender,MARSAD_ANC,030ef4a52619,2026-08-28,medium
persons,TNP-00174,birth_date,MARSAD_ANC,02bbcd530825,2026-08-28,medium
persons,TNP-00174,biography_ar,MARSAD_ANC,0295e4cb092a,2026-08-28,medium
mandates,TNM-85405e2c18e2,assembly_id,MARSAD_ANC,025762754065,2026-08-28,medium
persons,TNP-00459,name_ar,MARSAD_ANC,fa1f680b5dc9,2026-08-28,medium
persons,TNP-00459,name_lat,MARSAD_ANC,e11643df6857,2026-08-28,medium
persons,TNP-00459,gender,MARSAD_ANC,96a1a08dcded,2026-08-28,medium
persons,TNP-00459,birth_date,MARSAD_ANC,ae8f36ec18b3,2026-08-28,medium
persons,TNP-00459,birth_place_ar,MARSAD_ANC,2e83a96980b4,2026-08-28,medium
persons,TNP-00459,marital_status,MARSAD_ANC,91bb0737da8e,2026-08-28,medium
persons,TNP-00459,languages,MARSAD_ANC,23d8e0156062,2026-08-28,medium
persons,TNP-00459,biography_ar,MARSAD_ANC,627164c29a23,2026-08-28,medium
mandates,TNM-5aac745e7d6f,assembly_id,MARSAD_ANC,025762754065,2026-08-28,medium
persons,TNP-00460,name_ar,MARSAD_ANC,018849b03210,2026-08-28,medium
persons,TNP-00460,name_lat,MARSAD_ANC,f933a66efea2,2026-08-28,medium
persons,TNP-00460,gender,MARSAD_ANC,030ef4a52619,2026-08-28,medium
persons,TNP-00460,birth_date,MARSAD_ANC,6b95ce353c51,2026-08-28,medium
persons,TNP-00460,birth_place_ar,MARSAD_ANC,e58b2d54f674,2026-08-28,medium
persons,TNP-00460,biography_ar,MARSAD_ANC,6605ac569662,2026-08-28,medium
mandates,TNM-8f585beb9023,assembly_id,MARSAD_ANC,025762754065,2026-08-28,medium
persons,TNP-00461,name_ar,MARSAD_ANC,350d6b2d0ca6,2026-08-28,medium
persons,TNP-00461,name_lat,MARSAD_ANC,db6fb5f9747c,2026-08-28,medium
persons,TNP-00461,gender,MARSAD_ANC,030ef4a52619,2026-08-28,medium
persons,TNP-00461,birth_date,MARSAD_ANC,a98715a0a97e,2026-08-28,medium
persons,TNP-00461,birth_place_ar,MARSAD_ANC,6f6efd541585,2026-08-28,medium
persons,TNP-00461,marital_status,MARSAD_ANC,dc43569e31b1,2026-08-28,medium
persons,TNP-00461,biography_ar,MARSAD_ANC,7d6efd8b2d98,2026-08-28,medium
mandates,TNM-a3a2f6e518e5,assembly_id,MARSAD_ANC,025762754065,2026-08-28,medium
persons,TNP-00462,name_ar,MARSAD_ANC,24192c78bc32,2026-08-28,medium
persons,TNP-00462,name_lat,MARSAD_ANC,53dec2844eec,2026-08-28,medium
persons,TNP-00462,gender,MARSAD_ANC,030ef4a52619,2026-08-28,medium
persons,TNP-00462,birth_date,MARSAD_ANC,ef51c375e5d7,2026-08-28,medium
persons,TNP-00462,marital_status,MARSAD_ANC,dc43569e31b1,2026-08-28,medium
persons,TNP-00462,biography_ar,MARSAD_ANC,2693f97b8b78,2026-08-28,medium
mandates,TNM-c2728580a9a9,assembly_id,MARSAD_ANC,025762754065,2026-08-28,medium
persons,TNP-00463,name_ar,MARSAD_ANC,bb82120fb315,2026-08-28,medium
persons,TNP-00463,name_lat,MARSAD_ANC,07db0df2091d,2026-08-28,medium
persons,TNP-00463,gender,MARSAD_ANC,030ef4a52619,2026-08-28,medium
persons,TNP-00463,birth_date,MARSAD_ANC,e8dea0896623,2026-08-28,medium
persons,TNP-00463,birth_place_ar,MARSAD_ANC,e117a1baf22b,2026-08-28,medium
persons,TNP-00463,marital_status,MARSAD_ANC,dc43569e31b1,2026-08-28,medium
persons,TNP-00463,languages,MARSAD_ANC,23d8e0156062,2026-08-28,medium
persons,TNP-00463,biography_ar,MARSAD_ANC,57c5d533b339,2026-08-28,medium
mandates,TNM-f1182a7c040b,assembly_id,MARSAD_ANC,025762754065,2026-08-28,medium
persons,TNP-00464,name_ar,MARSAD_ANC,3a315333f362,2026-08-28,medium
persons,TNP-00464,name_lat,MARSAD_ANC,0d0f862543c9,2026-08-28,medium
persons,TNP-00464,gender,MARSAD_ANC,030ef4a52619,2026-08-28,medium
persons,TNP-00464,birth_date,MARSAD_ANC,f35cd4345c38,2026-08-28,medium
persons,TNP-00464,biography_ar,MARSAD_ANC,12776f0fe79a,2026-08-28,medium
mandates,TNM-062fd6aedff3,assembly_id,MARSAD_ANC,025762754065,2026-08-28,medium
persons,TNP-00465,name_ar,MARSAD_ANC,b899576b2d6d,2026-08-28,medium
persons,TNP-00465,name_lat,MARSAD_ANC,c694932e85ed,2026-08-28,medium
persons,TNP-00465,gender,MARSAD_ANC,030ef4a52619,2026-08-28,medium
persons,TNP-00465,birth_date,MARSAD_ANC,ced227556170,2026-08-28,medium
persons,TNP-00465,birth_place_ar,MARSAD_ANC,e58b2d54f674,2026-08-28,medium
persons,TNP-00465,biography_ar,MARSAD_ANC,43d3243f7110,2026-08-28,medium
mandates,TNM-bdc962695daf,assembly_id,MARSAD_ANC,025762754065,2026-08-28,medium
persons,TNP-00466,name_ar,MARSAD_ANC,adb9518ccd19,2026-08-28,medium
persons,TNP-00466,name_lat,MARSAD_ANC,6455e225ad15,2026-08-28,medium
persons,TNP-00466,gender,MARSAD_ANC,030ef4a52619,2026-08-28,medium
persons,TNP-00466,birth_date,MARSAD_ANC,5a49ab3540c5,2026-08-28,medium
persons,TNP-00466,birth_place_ar,MARSAD_ANC,eae1e5d1276f,2026-08-28,medium
persons,TNP-00466,biography_ar,MARSAD_ANC,43f3e4d39f4b,2026-08-28,medium
mandates,TNM-c4ea04524b4c,assembly_id,MARSAD_ANC,025762754065,2026-08-28,medium
persons,TNP-00467,name_ar,MARSAD_ANC,13cfa7b63326,2026-08-28,medium
persons,TNP-00467,name_lat,MARSAD_ANC,d128ab24c2c3,2026-08-28,medium
persons,TNP-00467,gender,MARSAD_ANC,030ef4a52619,2026-08-28,medium
persons,TNP-00467,birth_date,MARSAD_ANC,fb7f626e8da9,2026-08-28,medium
persons,TNP-00467,birth_place_ar,MARSAD_ANC,d8aca3ebc5bf,2026-08-28,medium
persons,TNP-00467,biography_ar,MARSAD_ANC,15a4755bc640,2026-08-28,medium
mandates,TNM-ef2bb40761f7,assembly_id,MARSAD_ANC,025762754065,2026-08-28,medium
persons,TNP-00468,name_ar,MARSAD_ANC,373308b2b12b,2026-08-28,medium
persons,TNP-00468,name_lat,MARSAD_ANC,0a60e26b0475,2026-08-28,medium
persons,TNP-00468,gender,MARSAD_ANC,030ef4a52619,2026-08-28,medium
persons,TNP-00468,birth_date,MARSAD_ANC,516fc4256a4c,2026-08-28,medium
persons,TNP-00468,birth_place_ar,MARSAD_ANC,7f5b35def619,2026-08-28,medium
persons,TNP-00468,marital_status,MARSAD_ANC,dc43569e31b1,2026-08-28,medium
persons,TNP-00468,languages,MARSAD_ANC,23d8e0156062,2026-08-28,medium
persons,TNP-00468,biography_ar,MARSAD_ANC,6cda5d0b17e7,2026-08-28,medium
mandates,TNM-37824e3cadcc,assembly_id,MARSAD_ANC,025762754065,2026-08-28,medium
persons,TNP-00469,name_ar,MARSAD_ANC,140aacf8158d,2026-08-28,medium
persons,TNP-00469,name_lat,MARSAD_ANC,bb20f4af4f0d,2026-08-28,medium
persons,TNP-00469,gender,MARSAD_ANC,030ef4a52619,2026-08-28,medium
persons,TNP-00469,marital_status,MARSAD_ANC,dc43569e31b1,2026-08-28,medium
persons,TNP-00469,languages,MARSAD_ANC,23d8e0156062,2026-08-28,medium
persons,TNP-00469,biography_ar,MARSAD_ANC,1cf1960e7a62,2026-08-28,medium
mandates,TNM-f9e1e823c030,assembly_id,MARSAD_ANC,025762754065,2026-08-28,medium
persons,TNP-00470,name_ar,MARSAD_ANC,a21e9b7521a6,2026-08-28,medium
persons,TNP-00470,name_lat,MARSAD_ANC,6f22bebb46bc,2026-08-28,medium
persons,TNP-00470,gender,MARSAD_ANC,030ef4a52619,2026-08-28,medium
persons,TNP-00470,birth_date,MARSAD_ANC,4315a4f4df34,2026-08-28,medium
persons,TNP-00470,biography_ar,MARSAD_ANC,a72d80d71655,2026-08-28,medium
mandates,TNM-351d4cb196de,assembly_id,MARSAD_ANC,025762754065,2026-08-28,medium
persons,TNP-00471,name_ar,MARSAD_ANC,44e4d75d7758,2026-08-28,medium
persons,TNP-00471,name_lat,MARSAD_ANC,79bcb781179a,2026-08-28,medium
persons,TNP-00471,gender,MARSAD_ANC,030ef4a52619,2026-08-28,medium
persons,TNP-00471,birth_date,MARSAD_ANC,4595ab6490f5,2026-08-28,medium
persons,TNP-00471,birth_place_ar,MARSAD_ANC,e7418afa4761,2026-08-28,medium
persons,TNP-00471,biography_ar,MARSAD_ANC,9a16037ff2d0,2026-08-28,medium
mandates,TNM-83e1d2910a00,assembly_id,MARSAD_ANC,025762754065,2026-08-28,medium
persons,TNP-00472,name_ar,MARSAD_ANC,1034532d82a2,2026-08-28,medium
persons,TNP-00472,name_lat,MARSAD_ANC,f64c6f1408b7,2026-08-28,medium
persons,TNP-00472,gender,MARSAD_ANC,030ef4a52619,2026-08-28,medium
persons,TNP-00472,birth_date,MARSAD_ANC,43c57f9f6a86,2026-08-28,medium
persons,TNP-00472,birth_place_ar,MARSAD_ANC,7f5b35def619,2026-08-28,medium
persons,TNP-00472,marital_status,MARSAD_ANC,dc43569e31b1,2026-08-28,medium
persons,TNP-00472,biography_ar,MARSAD_ANC,94e9f38798e5,2026-08-28,medium
mandates,TNM-3ccdf2827083,assembly_id,MARSAD_ANC,025762754065,2026-08-28,medium
persons,TNP-00473,name_ar,MARSAD_ANC,4a8aa7395bf7,2026-08-28,medium
persons,TNP-00473,name_lat,MARSAD_ANC,6477a84106d8,2026-08-28,medium
persons,TNP-00473,gender,MARSAD_ANC,030ef4a52619,2026-08-28,medium
persons,TNP-00473,birth_date,MARSAD_ANC,5b75c561f478,2026-08-28,medium
persons,TNP-00473,birth_place_ar,MARSAD_ANC,bf7a58f3eb19,2026-08-28,medium
persons,TNP-00473,biography_ar,MARSAD_ANC,d02e207f1ec3,2026-08-28,medium
mandates,TNM-47eccc598869,assembly_id,MARSAD_ANC,025762754065,2026-08-28,medium
persons,TNP-00474,name_ar,MARSAD_ANC,54f885f445d7,2026-08-28,medium
persons,TNP-00474,name_lat,MARSAD_ANC,54727c3dcfb7,2026-08-28,medium
persons,TNP-00474,gender,MARSAD_ANC,030ef4a52619,2026-08-28,medium
persons,TNP-00474,birth_date,MARSAD_ANC,86fbc3a4da0a,2026-08-28,medium
persons,TNP-00474,birth_place_ar,MARSAD_ANC,44c996bd5bdd,2026-08-28,medium
persons,TNP-00474,biography_ar,MARSAD_ANC,0abc3361938c,2026-08-28,medium
mandates,TNM-0ab7152127e8,assembly_id,MARSAD_ANC,025762754065,2026-08-28,medium
persons,TNP-00475,name_ar,MARSAD_ANC,74329c5cf00c,2026-08-28,medium
persons,TNP-00475,name_lat,MARSAD_ANC,c4515fb5a703,2026-08-28,medium
persons,TNP-00475,gender,MARSAD_ANC,030ef4a52619,2026-08-28,medium
persons,TNP-00475,birth_date,MARSAD_ANC,3a94f98aba09,2026-08-28,medium
persons,TNP-00475,biography_ar,MARSAD_ANC,35e37f181c8d,2026-08-28,medium
mandates,TNM-4ab7233fcfbc,assembly_id,MARSAD_ANC,025762754065,2026-08-28,medium
persons,TNP-00476,name_ar,MARSAD_ANC,fe2e52baae85,2026-08-28,medium
persons,TNP-00476,name_lat,MARSAD_ANC,1596ae6b7338,2026-08-28,medium
persons,TNP-00476,gender,MARSAD_ANC,030ef4a52619,2026-08-28,medium
persons,TNP-00476,birth_date,MARSAD_ANC,9ffd37a041d8,2026-08-28,medium
persons,TNP-00476,biography_ar,MARSAD_ANC,7518008b7529,2026-08-28,medium
mandates,TNM-49c941ad8ccb,assembly_id,MARSAD_ANC,025762754065,2026-08-28,medium
persons,TNP-00477,name_ar,MARSAD_ANC,be4ac5f90369,2026-08-28,medium
persons,TNP-00477,name_lat,MARSAD_ANC,7e834c61ef53,2026-08-28,medium
persons,TNP-00477,gender,MARSAD_ANC,030ef4a52619,2026-08-28,medium
persons,TNP-00477,birth_date,MARSAD_ANC,530e64b96db9,2026-08-28,medium
persons,TNP-00477,birth_place_ar,MARSAD_ANC,963561bac65e,2026-08-28,medium
persons,TNP-00477,biography_ar,MARSAD_ANC,c9ed5cf8e68b,2026-08-28,medium
mandates,TNM-a103c6c4e705,assembly_id,MARSAD_ANC,025762754065,2026-08-28,medium
persons,TNP-00478,name_ar,MARSAD_ANC,c4c281ad4991,2026-08-28,medium
persons,TNP-00478,name_lat,MARSAD_ANC,8274c23fee05,2026-08-28,medium
persons,TNP-00478,gender,MARSAD_ANC,030ef4a52619,2026-08-28,medium
persons,TNP-00478,biography_ar,MARSAD_ANC,765905ecde7a,2026-08-28,medium
mandates,TNM-807048a41767,assembly_id,MARSAD_ANC,025762754065,2026-08-28,medium
persons,TNP-00479,name_ar,MARSAD_ANC,cd1c8bb0bb16,2026-08-28,medium
persons,TNP-00479,name_lat,MARSAD_ANC,e524a58ad5a8,2026-08-28,medium
persons,TNP-00479,gender,MARSAD_ANC,030ef4a52619,2026-08-28,medium
persons,TNP-00479,marital_status,MARSAD_ANC,f0fd596f396d,2026-08-28,medium
persons,TNP-00479,biography_ar,MARSAD_ANC,1b6fa20ce8d8,2026-08-28,medium
mandates,TNM-05c4e0348ce4,assembly_id,MARSAD_ANC,025762754065,2026-08-28,medium
persons,TNP-00480,name_ar,MARSAD_ANC,1e8d18b4769a,2026-08-28,medium
persons,TNP-00480,name_lat,MARSAD_ANC,f6c7e1f35694,2026-08-28,medium
persons,TNP-00480,gender,MARSAD_ANC,96a1a08dcded,2026-08-28,medium
persons,TNP-00480,marital_status,MARSAD_ANC,91bb0737da8e,2026-08-28,medium
persons,TNP-00480,languages,MARSAD_ANC,23d8e0156062,2026-08-28,medium
persons,TNP-00480,biography_ar,MARSAD_ANC,edb802a72276,2026-08-28,medium
mandates,TNM-beb904d32f29,assembly_id,MARSAD_ANC,025762754065,2026-08-28,medium
persons,TNP-00481,name_ar,MARSAD_ANC,59e68b3791b0,2026-08-28,medium
persons,TNP-00481,name_lat,MARSAD_ANC,fda543f2caaf,2026-08-28,medium
persons,TNP-00481,gender,MARSAD_ANC,96a1a08dcded,2026-08-28,medium
persons,TNP-00481,birth_date,MARSAD_ANC,69b2cb7a856c,2026-08-28,medium
persons,TNP-00481,birth_place_ar,MARSAD_ANC,923cd3361bad,2026-08-28,medium
persons,TNP-00481,biography_ar,MARSAD_ANC,1d62afb074ea,2026-08-28,medium
mandates,TNM-f7ee22485de1,assembly_id,MARSAD_ANC,025762754065,2026-08-28,medium
persons,TNP-00482,name_ar,MARSAD_ANC,1a814f0e0f6f,2026-08-28,medium
persons,TNP-00482,name_lat,MARSAD_ANC,ce1fb0bee84b,2026-08-28,medium
persons,TNP-00482,gender,MARSAD_ANC,030ef4a52619,2026-08-28,medium
persons,TNP-00482,birth_date,MARSAD_ANC,75736581736f,2026-08-28,medium
persons,TNP-00482,languages,MARSAD_ANC,23d8e0156062,2026-08-28,medium
persons,TNP-00482,biography_ar,MARSAD_ANC,2cdb5d72ce2c,2026-08-28,medium
mandates,TNM-df1a00a407d1,assembly_id,MARSAD_ANC,025762754065,2026-08-28,medium
persons,TNP-00199,name_ar,MARSAD_ANC,2f72d51ec711,2026-08-28,medium
persons,TNP-00199,name_lat,MARSAD_ANC,7d52699e002c,2026-08-28,medium
persons,TNP-00199,gender,MARSAD_ANC,030ef4a52619,2026-08-28,medium
persons,TNP-00199,birth_date,MARSAD_ANC,7a3fe3b9c3c9,2026-08-28,medium
persons,TNP-00199,biography_ar,MARSAD_ANC,1e223dd18d75,2026-08-28,medium
mandates,TNM-66f93c226c15,assembly_id,MARSAD_ANC,025762754065,2026-08-28,medium
persons,TNP-00483,name_ar,MARSAD_ANC,45f09920847f,2026-08-28,medium
persons,TNP-00483,name_lat,MARSAD_ANC,834c2a5e049e,2026-08-28,medium
persons,TNP-00483,gender,MARSAD_ANC,030ef4a52619,2026-08-28,medium
persons,TNP-00483,birth_date,MARSAD_ANC,a1c474894355,2026-08-28,medium
persons,TNP-00483,birth_place_ar,MARSAD_ANC,8b70d703963f,2026-08-28,medium
persons,TNP-00483,biography_ar,MARSAD_ANC,3fa33f7bf1c0,2026-08-28,medium
mandates,TNM-ff664e43af9b,assembly_id,MARSAD_ANC,025762754065,2026-08-28,medium
persons,TNP-00484,name_ar,MARSAD_ANC,6f96ec6ffb5a,2026-08-28,medium
persons,TNP-00484,name_lat,MARSAD_ANC,0ca765c2f82e,2026-08-28,medium
persons,TNP-00484,gender,MARSAD_ANC,030ef4a52619,2026-08-28,medium
persons,TNP-00484,biography_ar,MARSAD_ANC,4efc33a7f45d,2026-08-28,medium
mandates,TNM-c1b07f927f9e,assembly_id,MARSAD_ANC,025762754065,2026-08-28,medium
persons,TNP-00485,name_ar,MARSAD_ANC,ff4377ffaabb,2026-08-28,medium
persons,TNP-00485,name_lat,MARSAD_ANC,8dc0e11dedce,2026-08-28,medium
persons,TNP-00485,gender,MARSAD_ANC,96a1a08dcded,2026-08-28,medium
persons,TNP-00485,birth_date,MARSAD_ANC,6e28e32835dc,2026-08-28,medium
persons,TNP-00485,birth_place_ar,MARSAD_ANC,e58b2d54f674,2026-08-28,medium
persons,TNP-00485,marital_status,MARSAD_ANC,91bb0737da8e,2026-08-28,medium
persons,TNP-00485,languages,MARSAD_ANC,23d8e0156062,2026-08-28,medium
persons,TNP-00485,biography_ar,MARSAD_ANC,087748a0e8c1,2026-08-28,medium
mandates,TNM-b79100a4b0d5,assembly_id,MARSAD_ANC,025762754065,2026-08-28,medium
persons,TNP-00486,name_ar,MARSAD_ANC,5e508e73059a,2026-08-28,medium
persons,TNP-00486,name_lat,MARSAD_ANC,97a797b0a398,2026-08-28,medium
persons,TNP-00486,gender,MARSAD_ANC,96a1a08dcded,2026-08-28,medium
persons,TNP-00486,birth_date,MARSAD_ANC,a92a41f81600,2026-08-28,medium
persons,TNP-00486,biography_ar,MARSAD_ANC,8f1b67f729c3,2026-08-28,medium
mandates,TNM-1d2cd389e888,assembly_id,MARSAD_ANC,025762754065,2026-08-28,medium
persons,TNP-00487,name_ar,MARSAD_ANC,4ddfef1e6c78,2026-08-28,medium
persons,TNP-00487,name_lat,MARSAD_ANC,e3fcd882609b,2026-08-28,medium
persons,TNP-00487,gender,MARSAD_ANC,030ef4a52619,2026-08-28,medium
persons,TNP-00487,birth_date,MARSAD_ANC,eae43263b8b5,2026-08-28,medium
persons,TNP-00487,birth_place_ar,MARSAD_ANC,e4b74f5de8fd,2026-08-28,medium
persons,TNP-00487,marital_status,MARSAD_ANC,8a0943b26031,2026-08-28,medium
persons,TNP-00487,languages,MARSAD_ANC,23d8e0156062,2026-08-28,medium
persons,TNP-00487,biography_ar,MARSAD_ANC,df467a3e578b,2026-08-28,medium
mandates,TNM-00491c9539af,assembly_id,MARSAD_ANC,025762754065,2026-08-28,medium
persons,TNP-00488,name_ar,MARSAD_ANC,46bc1ed0897d,2026-08-28,medium
persons,TNP-00488,name_lat,MARSAD_ANC,cc14eaba204e,2026-08-28,medium
persons,TNP-00488,gender,MARSAD_ANC,030ef4a52619,2026-08-28,medium
persons,TNP-00488,birth_date,MARSAD_ANC,5651002b9412,2026-08-28,medium
persons,TNP-00488,birth_place_ar,MARSAD_ANC,6f30ffc65b5e,2026-08-28,medium
persons,TNP-00488,biography_ar,MARSAD_ANC,15ef5742465c,2026-08-28,medium
mandates,TNM-f904a6af3552,assembly_id,MARSAD_ANC,025762754065,2026-08-28,medium
persons,TNP-00489,name_ar,MARSAD_ANC,b201c83617ce,2026-08-28,medium
persons,TNP-00489,name_lat,MARSAD_ANC,1f3cb8bd2e28,2026-08-28,medium
persons,TNP-00489,gender,MARSAD_ANC,030ef4a52619,2026-08-28,medium
persons,TNP-00489,birth_date,MARSAD_ANC,44868d7950e4,2026-08-28,medium
persons,TNP-00489,birth_place_ar,MARSAD_ANC,e58b2d54f674,2026-08-28,medium
persons,TNP-00489,marital_status,MARSAD_ANC,8a0943b26031,2026-08-28,medium
persons,TNP-00489,languages,MARSAD_ANC,23d8e0156062,2026-08-28,medium
persons,TNP-00489,biography_ar,MARSAD_ANC,ca59aab9b8cb,2026-08-28,medium
mandates,TNM-ce733f3bbe59,assembly_id,MARSAD_ANC,025762754065,2026-08-28,medium
persons,TNP-00490,name_ar,MARSAD_ANC,68326c29a261,2026-08-28,medium
persons,TNP-00490,name_lat,MARSAD_ANC,cdf702ab4ab7,2026-08-28,medium
persons,TNP-00490,gender,MARSAD_ANC,030ef4a52619,2026-08-28,medium
persons,TNP-00490,birth_date,MARSAD_ANC,a7ec5492b015,2026-08-28,medium
persons,TNP-00490,birth_place_ar,MARSAD_ANC,e58b2d54f674,2026-08-28,medium
persons,TNP-00490,marital_status,MARSAD_ANC,dc43569e31b1,2026-08-28,medium
persons,TNP-00490,languages,MARSAD_ANC,b858a87c07b0,2026-08-28,medium
persons,TNP-00490,biography_ar,MARSAD_ANC,62c74f8d6896,2026-08-28,medium
mandates,TNM-f9432f8228a9,assembly_id,MARSAD_ANC,025762754065,2026-08-28,medium
persons,TNP-00491,name_ar,MARSAD_ANC,3d2553d739c5,2026-08-28,medium
persons,TNP-00491,name_lat,MARSAD_ANC,4ad634c58503,2026-08-28,medium
persons,TNP-00491,gender,MARSAD_ANC,96a1a08dcded,2026-08-28,medium
persons,TNP-00491,marital_status,MARSAD_ANC,7c5c57a4dcae,2026-08-28,medium
persons,TNP-00491,biography_ar,MARSAD_ANC,542afefb3dfe,2026-08-28,medium
mandates,TNM-a61f8d9df783,assembly_id,MARSAD_ANC,025762754065,2026-08-28,medium
persons,TNP-00492,name_ar,MARSAD_ANC,4f8e04c5612c,2026-08-28,medium
persons,TNP-00492,name_lat,MARSAD_ANC,d2729e103b4e,2026-08-28,medium
persons,TNP-00492,gender,MARSAD_ANC,96a1a08dcded,2026-08-28,medium
persons,TNP-00492,birth_date,MARSAD_ANC,da94016e588d,2026-08-28,medium
persons,TNP-00492,biography_ar,MARSAD_ANC,83638a133ff4,2026-08-28,medium
mandates,TNM-15dc7cd90763,assembly_id,MARSAD_ANC,025762754065,2026-08-28,medium
persons,TNP-00493,name_ar,MARSAD_ANC,d5280088ae08,2026-08-28,medium
persons,TNP-00493,name_lat,MARSAD_ANC,c7018f682132,2026-08-28,medium
persons,TNP-00493,gender,MARSAD_ANC,030ef4a52619,2026-08-28,medium
persons,TNP-00493,birth_date,MARSAD_ANC,8720e5328b98,2026-08-28,medium
persons,TNP-00493,birth_place_ar,MARSAD_ANC,2ac4b4c3c096,2026-08-28,medium
persons,TNP-00493,biography_ar,MARSAD_ANC,ade94322a8a9,2026-08-28,medium
mandates,TNM-dbc9123630d7,assembly_id,MARSAD_ANC,025762754065,2026-08-28,medium
persons,TNP-00494,name_ar,MARSAD_ANC,b3389cdcb990,2026-08-28,medium
persons,TNP-00494,name_lat,MARSAD_ANC,0981dcb4f7ef,2026-08-28,medium
persons,TNP-00494,gender,MARSAD_ANC,030ef4a52619,2026-08-28,medium
persons,TNP-00494,birth_date,MARSAD_ANC,c5ab14061db8,2026-08-28,medium
persons,TNP-00494,birth_place_ar,MARSAD_ANC,7f5b35def619,2026-08-28,medium
persons,TNP-00494,biography_ar,MARSAD_ANC,71d651211114,2026-08-28,medium
mandates,TNM-e3d0e49f048b,assembly_id,MARSAD_ANC,025762754065,2026-08-28,medium
persons,TNP-00495,name_ar,MARSAD_ANC,1ce3cd1dc674,2026-08-28,medium
persons,TNP-00495,name_lat,MARSAD_ANC,ed277b820ab9,2026-08-28,medium
persons,TNP-00495,gender,MARSAD_ANC,030ef4a52619,2026-08-28,medium
persons,TNP-00495,birth_date,MARSAD_ANC,52ab2db6add4,2026-08-28,medium
persons,TNP-00495,birth_place_ar,MARSAD_ANC,2e83a96980b4,2026-08-28,medium
persons,TNP-00495,biography_ar,MARSAD_ANC,15b6388d2667,2026-08-28,medium
mandates,TNM-d5dce87d0c8e,assembly_id,MARSAD_ANC,025762754065,2026-08-28,medium
persons,TNP-00496,name_ar,MARSAD_ANC,c0f5199c0e7f,2026-08-28,medium
persons,TNP-00496,name_lat,MARSAD_ANC,a21b04278dd9,2026-08-28,medium
persons,TNP-00496,gender,MARSAD_ANC,96a1a08dcded,2026-08-28,medium
persons,TNP-00496,birth_date,MARSAD_ANC,21fa0146b0da,2026-08-28,medium
persons,TNP-00496,birth_place_ar,MARSAD_ANC,c1f77daea7f7,2026-08-28,medium
persons,TNP-00496,biography_ar,MARSAD_ANC,5e748c694da2,2026-08-28,medium
mandates,TNM-45503ed960dd,assembly_id,MARSAD_ANC,025762754065,2026-08-28,medium
persons,TNP-00497,name_ar,MARSAD_ANC,1fa1f2ec8cfc,2026-08-28,medium
persons,TNP-00497,name_lat,MARSAD_ANC,6f4f9998c8bd,2026-08-28,medium
persons,TNP-00497,gender,MARSAD_ANC,96a1a08dcded,2026-08-28,medium
persons,TNP-00497,birth_date,MARSAD_ANC,3a34a556cfd8,2026-08-28,medium
persons,TNP-00497,birth_place_ar,MARSAD_ANC,f107d2c13fc4,2026-08-28,medium
persons,TNP-00497,biography_ar,MARSAD_ANC,15e19ace1231,2026-08-28,medium
mandates,TNM-ae4138f6c4b7,assembly_id,MARSAD_ANC,025762754065,2026-08-28,medium
persons,TNP-00247,name_ar,MARSAD_ANC,084bb0bbd678,2026-08-28,medium
persons,TNP-00247,name_lat,MARSAD_ANC,19437cb70307,2026-08-28,medium
persons,TNP-00247,gender,MARSAD_ANC,96a1a08dcded,2026-08-28,medium
persons,TNP-00247,birth_date,MARSAD_ANC,cb67af2f0a2f,2026-08-28,medium
persons,TNP-00247,birth_place_ar,MARSAD_ANC,e58b2d54f674,2026-08-28,medium
persons,TNP-00247,biography_ar,MARSAD_ANC,4021222a5026,2026-08-28,medium
mandates,TNM-0dc85788473c,assembly_id,MARSAD_ANC,025762754065,2026-08-28,medium
persons,TNP-00498,name_ar,MARSAD_ANC,ee4aa7471f87,2026-08-28,medium
persons,TNP-00498,name_lat,MARSAD_ANC,edd2750eeb53,2026-08-28,medium
persons,TNP-00498,gender,MARSAD_ANC,030ef4a52619,2026-08-28,medium
persons,TNP-00498,biography_ar,MARSAD_ANC,a97539876dd9,2026-08-28,medium
mandates,TNM-a726246580e0,assembly_id,MARSAD_ANC,025762754065,2026-08-28,medium
persons,TNP-00499,name_ar,MARSAD_ANC,c2c32e91ca47,2026-08-28,medium
persons,TNP-00499,name_lat,MARSAD_ANC,47aee6039747,2026-08-28,medium
persons,TNP-00499,gender,MARSAD_ANC,96a1a08dcded,2026-08-28,medium
persons,TNP-00499,biography_ar,MARSAD_ANC,4a23e16237cc,2026-08-28,medium
mandates,TNM-da4b646c51f2,assembly_id,MARSAD_ANC,025762754065,2026-08-28,medium
persons,TNP-00500,name_ar,MARSAD_ANC,9f8f55715230,2026-08-28,medium
persons,TNP-00500,name_lat,MARSAD_ANC,010214a8a4da,2026-08-28,medium
persons,TNP-00500,gender,MARSAD_ANC,96a1a08dcded,2026-08-28,medium
persons,TNP-00500,biography_ar,MARSAD_ANC,a34e1ae15afe,2026-08-28,medium
mandates,TNM-42be69b66130,assembly_id,MARSAD_ANC,025762754065,2026-08-28,medium
persons,TNP-00501,name_ar,MARSAD_ANC,b49335db5396,2026-08-28,medium
persons,TNP-00501,name_lat,MARSAD_ANC,ece37b4d0501,2026-08-28,medium
persons,TNP-00501,gender,MARSAD_ANC,030ef4a52619,2026-08-28,medium
persons,TNP-00501,birth_date,MARSAD_ANC,3743aa00f212,2026-08-28,medium
persons,TNP-00501,birth_place_ar,MARSAD_ANC,051372f65138,2026-08-28,medium
persons,TNP-00501,biography_ar,MARSAD_ANC,055dbdbf827c,2026-08-28,medium
mandates,TNM-3b6db582d7fc,assembly_id,MARSAD_ANC,025762754065,2026-08-28,medium
persons,TNP-00502,name_ar,MARSAD_ANC,fe97299f5fe0,2026-08-28,medium
persons,TNP-00502,name_lat,MARSAD_ANC,ada71064e82b,2026-08-28,medium
persons,TNP-00502,gender,MARSAD_ANC,030ef4a52619,2026-08-28,medium
persons,TNP-00502,birth_date,MARSAD_ANC,32abfd8f25c8,2026-08-28,medium
persons,TNP-00502,birth_place_ar,MARSAD_ANC,62201cff3f52,2026-08-28,medium
persons,TNP-00502,biography_ar,MARSAD_ANC,1052e4cd1ac1,2026-08-28,medium
mandates,TNM-da9b194ebb6a,assembly_id,MARSAD_ANC,025762754065,2026-08-28,medium
persons,TNP-00503,name_ar,MARSAD_ANC,a2f48256c441,2026-08-28,medium
persons,TNP-00503,name_lat,MARSAD_ANC,c7b93d639d48,2026-08-28,medium
persons,TNP-00503,gender,MARSAD_ANC,030ef4a52619,2026-08-28,medium
persons,TNP-00503,biography_ar,MARSAD_ANC,f03073da8a29,2026-08-28,medium
mandates,TNM-f1b772f0d937,assembly_id,MARSAD_ANC,025762754065,2026-08-28,medium
persons,TNP-00504,name_ar,MARSAD_ANC,5661991b78a4,2026-08-28,medium
persons,TNP-00504,name_lat,MARSAD_ANC,3e53f714ffaf,2026-08-28,medium
persons,TNP-00504,gender,MARSAD_ANC,030ef4a52619,2026-08-28,medium
persons,TNP-00504,marital_status,MARSAD_ANC,dc43569e31b1,2026-08-28,medium
persons,TNP-00504,biography_ar,MARSAD_ANC,78de493e8151,2026-08-28,medium
mandates,TNM-1d18b3270ab4,assembly_id,MARSAD_ANC,025762754065,2026-08-28,medium
persons,TNP-00505,name_ar,MARSAD_ANC,d5ab07854c1a,2026-08-28,medium
persons,TNP-00505,name_lat,MARSAD_ANC,3c209dd8e5e4,2026-08-28,medium
persons,TNP-00505,gender,MARSAD_ANC,030ef4a52619,2026-08-28,medium
persons,TNP-00505,birth_date,MARSAD_ANC,1cdda9982165,2026-08-28,medium
persons,TNP-00505,birth_place_ar,MARSAD_ANC,14b3e6e3a13e,2026-08-28,medium
persons,TNP-00505,marital_status,MARSAD_ANC,dc43569e31b1,2026-08-28,medium
persons,TNP-00505,languages,MARSAD_ANC,23d8e0156062,2026-08-28,medium
persons,TNP-00505,biography_ar,MARSAD_ANC,e632efbdcc79,2026-08-28,medium
mandates,TNM-dde99046381c,assembly_id,MARSAD_ANC,025762754065,2026-08-28,medium
persons,TNP-00506,name_ar,MARSAD_ANC,5cb53df554aa,2026-08-28,medium
persons,TNP-00506,name_lat,MARSAD_ANC,71be474d96af,2026-08-28,medium
persons,TNP-00506,gender,MARSAD_ANC,030ef4a52619,2026-08-28,medium
persons,TNP-00506,biography_ar,MARSAD_ANC,ae8f3c1bdc0f,2026-08-28,medium
mandates,TNM-101e50562f31,assembly_id,MARSAD_ANC,025762754065,2026-08-28,medium
persons,TNP-00507,name_ar,MARSAD_ANC,af1f807d70b0,2026-08-28,medium
persons,TNP-00507,name_lat,MARSAD_ANC,45b836b7db1b,2026-08-28,medium
persons,TNP-00507,gender,MARSAD_ANC,030ef4a52619,2026-08-28,medium
persons,TNP-00507,biography_ar,MARSAD_ANC,6a0ddd3ca739,2026-08-28,medium
mandates,TNM-f2eb8c5a6798,assembly_id,MARSAD_ANC,025762754065,2026-08-28,medium
persons,TNP-00508,name_ar,MARSAD_ANC,b76dcfa7ab61,2026-08-28,medium
persons,TNP-00508,name_lat,MARSAD_ANC,c62ee745999f,2026-08-28,medium
persons,TNP-00508,gender,MARSAD_ANC,030ef4a52619,2026-08-28,medium
persons,TNP-00508,birth_date,MARSAD_ANC,9041828c0460,2026-08-28,medium
persons,TNP-00508,biography_ar,MARSAD_ANC,e24d782a2879,2026-08-28,medium
mandates,TNM-956f25cf71f0,assembly_id,MARSAD_ANC,025762754065,2026-08-28,medium
persons,TNP-00509,name_ar,MARSAD_ANC,3cc5ea341973,2026-08-28,medium
persons,TNP-00509,name_lat,MARSAD_ANC,c09f85cf3302,2026-08-28,medium
persons,TNP-00509,gender,MARSAD_ANC,030ef4a52619,2026-08-28,medium
persons,TNP-00509,birth_date,MARSAD_ANC,ae8f1d44d9a0,2026-08-28,medium
persons,TNP-00509,biography_ar,MARSAD_ANC,83cb4242a3fb,2026-08-28,medium
mandates,TNM-feace3ff63a4,assembly_id,MARSAD_ANC,025762754065,2026-08-28,medium
persons,TNP-00510,name_ar,MARSAD_ANC,27949e367ec4,2026-08-28,medium
persons,TNP-00510,name_lat,MARSAD_ANC,c7aad84c7171,2026-08-28,medium
persons,TNP-00510,gender,MARSAD_ANC,030ef4a52619,2026-08-28,medium
persons,TNP-00510,birth_date,MARSAD_ANC,ee0eae530f56,2026-08-28,medium
persons,TNP-00510,birth_place_ar,MARSAD_ANC,bd4a752045e2,2026-08-28,medium
persons,TNP-00510,biography_ar,MARSAD_ANC,d76f7fb04856,2026-08-28,medium
mandates,TNM-2fe878fadcf0,assembly_id,MARSAD_ANC,025762754065,2026-08-28,medium
persons,TNP-00511,name_ar,MARSAD_ANC,1571d1a4368b,2026-08-28,medium
persons,TNP-00511,name_lat,MARSAD_ANC,7993e1987102,2026-08-28,medium
persons,TNP-00511,gender,MARSAD_ANC,030ef4a52619,2026-08-28,medium
persons,TNP-00511,birth_date,MARSAD_ANC,c1aef91fc381,2026-08-28,medium
persons,TNP-00511,birth_place_ar,MARSAD_ANC,8e632fbb714a,2026-08-28,medium
persons,TNP-00511,biography_ar,MARSAD_ANC,5173ffc7e4d8,2026-08-28,medium
mandates,TNM-35480c6842f8,assembly_id,MARSAD_ANC,025762754065,2026-08-28,medium
persons,TNP-00512,name_ar,MARSAD_ANC,496bac81f9fc,2026-08-28,medium
persons,TNP-00512,name_lat,MARSAD_ANC,08371402a909,2026-08-28,medium
persons,TNP-00512,gender,MARSAD_ANC,030ef4a52619,2026-08-28,medium
persons,TNP-00512,biography_ar,MARSAD_ANC,ad5d7986f61c,2026-08-28,medium
mandates,TNM-7b517b4a0318,assembly_id,MARSAD_ANC,025762754065,2026-08-28,medium
persons,TNP-00513,name_ar,MARSAD_ANC,5bed2074bbd7,2026-08-28,medium
persons,TNP-00513,name_lat,MARSAD_ANC,b60ddfcd7759,2026-08-28,medium
persons,TNP-00513,gender,MARSAD_ANC,030ef4a52619,2026-08-28,medium
persons,TNP-00513,birth_date,MARSAD_ANC,f38ac3b49c12,2026-08-28,medium
persons,TNP-00513,birth_place_ar,MARSAD_ANC,d3f11bd99dbe,2026-08-28,medium
persons,TNP-00513,marital_status,MARSAD_ANC,dc43569e31b1,2026-08-28,medium
persons,TNP-00513,languages,MARSAD_ANC,23d8e0156062,2026-08-28,medium
persons,TNP-00513,biography_ar,MARSAD_ANC,010ce9bee593,2026-08-28,medium
mandates,TNM-9e33e22ae7b4,assembly_id,MARSAD_ANC,025762754065,2026-08-28,medium
persons,TNP-00514,name_ar,MARSAD_ANC,a318dce88a57,2026-08-28,medium
persons,TNP-00514,name_lat,MARSAD_ANC,4260a0f0213e,2026-08-28,medium
persons,TNP-00514,gender,MARSAD_ANC,030ef4a52619,2026-08-28,medium
persons,TNP-00514,birth_date,MARSAD_ANC,10137679bc58,2026-08-28,medium
persons,TNP-00514,biography_ar,MARSAD_ANC,0758f923ea73,2026-08-28,medium
mandates,TNM-714b6d73aee5,assembly_id,MARSAD_ANC,025762754065,2026-08-28,medium
persons,TNP-00515,name_ar,MARSAD_ANC,e74b36e8189c,2026-08-28,medium
persons,TNP-00515,name_lat,MARSAD_ANC,c89158ea490b,2026-08-28,medium
persons,TNP-00515,gender,MARSAD_ANC,030ef4a52619,2026-08-28,medium
persons,TNP-00515,biography_ar,MARSAD_ANC,cb353fcb5211,2026-08-28,medium
mandates,TNM-dc3574778ed1,assembly_id,MARSAD_ANC,025762754065,2026-08-28,medium
persons,TNP-00516,name_ar,MARSAD_ANC,5a6f76397478,2026-08-28,medium
persons,TNP-00516,name_lat,MARSAD_ANC,128d5618c119,2026-08-28,medium
persons,TNP-00516,gender,MARSAD_ANC,030ef4a52619,2026-08-28,medium
persons,TNP-00516,birth_date,MARSAD_ANC,40c66bdc0c49,2026-08-28,medium
persons,TNP-00516,birth_place_ar,MARSAD_ANC,923cd3361bad,2026-08-28,medium
persons,TNP-00516,biography_ar,MARSAD_ANC,7b3a0ec2faa1,2026-08-28,medium
mandates,TNM-b5da33d54bde,assembly_id,MARSAD_ANC,025762754065,2026-08-28,medium
persons,TNP-00517,name_ar,MARSAD_ANC,36c3c5db4497,2026-08-28,medium
persons,TNP-00517,name_lat,MARSAD_ANC,f1779ebce3f2,2026-08-28,medium
persons,TNP-00517,gender,MARSAD_ANC,030ef4a52619,2026-08-28,medium
persons,TNP-00517,biography_ar,MARSAD_ANC,9df823a21e69,2026-08-28,medium
mandates,TNM-7b042cdc55fe,assembly_id,MARSAD_ANC,025762754065,2026-08-28,medium
persons,TNP-00518,name_ar,MARSAD_ANC,1da286deb55a,2026-08-28,medium
persons,TNP-00518,name_lat,MARSAD_ANC,306f8adf4929,2026-08-28,medium
persons,TNP-00518,gender,MARSAD_ANC,50d8b4a941c2,2026-08-28,medium
persons,TNP-00518,biography_ar,MARSAD_ANC,f346dee09368,2026-08-28,medium
mandates,TNM-47f8544025cc,assembly_id,MARSAD_ANC,025762754065,2026-08-28,medium
persons,TNP-00519,name_ar,MARSAD_ANC,93af8c576c6d,2026-08-28,medium
persons,TNP-00519,name_lat,MARSAD_ANC,dafa05344f75,2026-08-28,medium
persons,TNP-00519,gender,MARSAD_ANC,030ef4a52619,2026-08-28,medium
persons,TNP-00519,birth_date,MARSAD_ANC,3575788e5d37,2026-08-28,medium
persons,TNP-00519,birth_place_ar,MARSAD_ANC,2ac4b4c3c096,2026-08-28,medium
persons,TNP-00519,biography_ar,MARSAD_ANC,253b6b795ab6,2026-08-28,medium
mandates,TNM-b41d13cda2d3,assembly_id,MARSAD_ANC,025762754065,2026-08-28,medium
persons,TNP-00277,name_ar,MARSAD_ANC,e14fd50c71e6,2026-08-28,medium
persons,TNP-00277,name_lat,MARSAD_ANC,0ef95e6fbac9,2026-08-28,medium
persons,TNP-00277,gender,MARSAD_ANC,030ef4a52619,2026-08-28,medium
persons,TNP-00277,birth_date,MARSAD_ANC,35a4c8f6a89e,2026-08-28,medium
persons,TNP-00277,marital_status,MARSAD_ANC,dc43569e31b1,2026-08-28,medium
persons,TNP-00277,biography_ar,MARSAD_ANC,29ec6dd8b432,2026-08-28,medium
mandates,TNM-e253d49f9890,assembly_id,MARSAD_ANC,025762754065,2026-08-28,medium
persons,TNP-00520,name_ar,MARSAD_ANC,dc284031bc66,2026-08-28,medium
persons,TNP-00520,name_lat,MARSAD_ANC,73ae495ec109,2026-08-28,medium
persons,TNP-00520,gender,MARSAD_ANC,030ef4a52619,2026-08-28,medium
persons,TNP-00520,birth_date,MARSAD_ANC,120354a79c07,2026-08-28,medium
persons,TNP-00520,birth_place_ar,MARSAD_ANC,e58b2d54f674,2026-08-28,medium
persons,TNP-00520,marital_status,MARSAD_ANC,dc43569e31b1,2026-08-28,medium
persons,TNP-00520,languages,MARSAD_ANC,23d8e0156062,2026-08-28,medium
persons,TNP-00520,biography_ar,MARSAD_ANC,4fa2687b43bc,2026-08-28,medium
mandates,TNM-fb2dcd0566b9,assembly_id,MARSAD_ANC,025762754065,2026-08-28,medium
persons,TNP-00521,name_ar,MARSAD_ANC,90384ecfa85b,2026-08-28,medium
persons,TNP-00521,name_lat,MARSAD_ANC,e4a584342c9d,2026-08-28,medium
persons,TNP-00521,gender,MARSAD_ANC,030ef4a52619,2026-08-28,medium
persons,TNP-00521,biography_ar,MARSAD_ANC,25dec4a50ac4,2026-08-28,medium
mandates,TNM-e983b1909519,assembly_id,MARSAD_ANC,025762754065,2026-08-28,medium
persons,TNP-00522,name_ar,MARSAD_ANC,9243b237312c,2026-08-28,medium
persons,TNP-00522,name_lat,MARSAD_ANC,91679d798c3b,2026-08-28,medium
persons,TNP-00522,gender,MARSAD_ANC,030ef4a52619,2026-08-28,medium
persons,TNP-00522,birth_date,MARSAD_ANC,6e03221f1a4b,2026-08-28,medium
persons,TNP-00522,birth_place_ar,MARSAD_ANC,e45910ebc205,2026-08-28,medium
persons,TNP-00522,biography_ar,MARSAD_ANC,7b1a4edeefd4,2026-08-28,medium
mandates,TNM-6fa9f6c209f5,assembly_id,MARSAD_ANC,025762754065,2026-08-28,medium
persons,TNP-00523,name_ar,MARSAD_ANC,e1c9255aec6c,2026-08-28,medium
persons,TNP-00523,name_lat,MARSAD_ANC,2bc4bfeac583,2026-08-28,medium
persons,TNP-00523,gender,MARSAD_ANC,030ef4a52619,2026-08-28,medium
persons,TNP-00523,biography_ar,MARSAD_ANC,9b6536ee9bde,2026-08-28,medium
mandates,TNM-0f821e6f4cf0,assembly_id,MARSAD_ANC,025762754065,2026-08-28,medium
persons,TNP-00524,name_ar,MARSAD_ANC,5e697eabbf8e,2026-08-28,medium
persons,TNP-00524,name_lat,MARSAD_ANC,4e9c4616b6cb,2026-08-28,medium
persons,TNP-00524,gender,MARSAD_ANC,030ef4a52619,2026-08-28,medium
persons,TNP-00524,biography_ar,MARSAD_ANC,81bf3b6e8b82,2026-08-28,medium
mandates,TNM-b9012fb64885,assembly_id,MARSAD_ANC,025762754065,2026-08-28,medium
persons,TNP-00525,name_ar,MARSAD_ANC,012178d08266,2026-08-28,medium
persons,TNP-00525,name_lat,MARSAD_ANC,2b630c87c647,2026-08-28,medium
persons,TNP-00525,gender,MARSAD_ANC,030ef4a52619,2026-08-28,medium
persons,TNP-00525,biography_ar,MARSAD_ANC,fe10f623a1d4,2026-08-28,medium
mandates,TNM-4edf88386401,assembly_id,MARSAD_ANC,025762754065,2026-08-28,medium
persons,TNP-00526,name_ar,MARSAD_ANC,66fdcc3da61d,2026-08-28,medium
persons,TNP-00526,name_lat,MARSAD_ANC,919e6f7c404c,2026-08-28,medium
persons,TNP-00526,gender,MARSAD_ANC,030ef4a52619,2026-08-28,medium
persons,TNP-00526,birth_date,MARSAD_ANC,1c1e4c0350a8,2026-08-28,medium
persons,TNP-00526,birth_place_ar,MARSAD_ANC,e58b2d54f674,2026-08-28,medium
persons,TNP-00526,marital_status,MARSAD_ANC,dc43569e31b1,2026-08-28,medium
persons,TNP-00526,biography_ar,MARSAD_ANC,b26c9d278790,2026-08-28,medium
mandates,TNM-de3e7d424f1d,assembly_id,MARSAD_ANC,025762754065,2026-08-28,medium
persons,TNP-00527,name_ar,MARSAD_ANC,cd65704e7419,2026-08-28,medium
persons,TNP-00527,name_lat,MARSAD_ANC,79e72ac0e6fd,2026-08-28,medium
persons,TNP-00527,gender,MARSAD_ANC,030ef4a52619,2026-08-28,medium
persons,TNP-00527,birth_date,MARSAD_ANC,2e55ba30824b,2026-08-28,medium
persons,TNP-00527,birth_place_ar,MARSAD_ANC,7f5b35def619,2026-08-28,medium
persons,TNP-00527,biography_ar,MARSAD_ANC,2603e3c8a980,2026-08-28,medium
mandates,TNM-3d3f35995760,assembly_id,MARSAD_ANC,025762754065,2026-08-28,medium
persons,TNP-00528,name_ar,MARSAD_ANC,88324d843aba,2026-08-28,medium
persons,TNP-00528,name_lat,MARSAD_ANC,9a8cefe39a98,2026-08-28,medium
persons,TNP-00528,gender,MARSAD_ANC,96a1a08dcded,2026-08-28,medium
persons,TNP-00528,biography_ar,MARSAD_ANC,21f340c9ea8b,2026-08-28,medium
mandates,TNM-2cea1fc6959a,assembly_id,MARSAD_ANC,025762754065,2026-08-28,medium
persons,TNP-00289,name_ar,MARSAD_ANC,4c92d9968f15,2026-08-28,medium
persons,TNP-00289,name_lat,MARSAD_ANC,c4e0882f1750,2026-08-28,medium
persons,TNP-00289,gender,MARSAD_ANC,030ef4a52619,2026-08-28,medium
persons,TNP-00289,birth_date,MARSAD_ANC,513b17209dca,2026-08-28,medium
persons,TNP-00289,biography_ar,MARSAD_ANC,6396afb1ecb7,2026-08-28,medium
mandates,TNM-89f062f15c9f,assembly_id,MARSAD_ANC,025762754065,2026-08-28,medium
persons,TNP-00529,name_ar,MARSAD_ANC,b7890220c862,2026-08-28,medium
persons,TNP-00529,name_lat,MARSAD_ANC,e775f5732a28,2026-08-28,medium
persons,TNP-00529,gender,MARSAD_ANC,96a1a08dcded,2026-08-28,medium
persons,TNP-00529,marital_status,MARSAD_ANC,91bb0737da8e,2026-08-28,medium
persons,TNP-00529,languages,MARSAD_ANC,23d8e0156062,2026-08-28,medium
persons,TNP-00529,biography_ar,MARSAD_ANC,c573df2916d6,2026-08-28,medium
mandates,TNM-d24b45194d97,assembly_id,MARSAD_ANC,025762754065,2026-08-28,medium
persons,TNP-00530,name_ar,MARSAD_ANC,0725e8bf975d,2026-08-28,medium
persons,TNP-00530,name_lat,MARSAD_ANC,2430ef27e3ab,2026-08-28,medium
persons,TNP-00530,gender,MARSAD_ANC,96a1a08dcded,2026-08-28,medium
persons,TNP-00530,birth_date,MARSAD_ANC,2110524ea905,2026-08-28,medium
persons,TNP-00530,birth_place_ar,MARSAD_ANC,e45910ebc205,2026-08-28,medium
persons,TNP-00530,biography_ar,MARSAD_ANC,c013e88fddc5,2026-08-28,medium
mandates,TNM-6ab947f4c8a9,assembly_id,MARSAD_ANC,025762754065,2026-08-28,medium
persons,TNP-00531,name_ar,MARSAD_ANC,7afa9f208cc5,2026-08-28,medium
persons,TNP-00531,name_lat,MARSAD_ANC,df25ea3b9a6c,2026-08-28,medium
persons,TNP-00531,gender,MARSAD_ANC,96a1a08dcded,2026-08-28,medium
persons,TNP-00531,biography_ar,MARSAD_ANC,49861cedc9da,2026-08-28,medium
mandates,TNM-a62c33d4cc61,assembly_id,MARSAD_ANC,025762754065,2026-08-28,medium
persons,TNP-00532,name_ar,MARSAD_ANC,4f622ab8303a,2026-08-28,medium
persons,TNP-00532,name_lat,MARSAD_ANC,b6231e9259fb,2026-08-28,medium
persons,TNP-00532,gender,MARSAD_ANC,030ef4a52619,2026-08-28,medium
persons,TNP-00532,birth_date,MARSAD_ANC,29a56add006d,2026-08-28,medium
persons,TNP-00532,birth_place_ar,MARSAD_ANC,7223c4060ba5,2026-08-28,medium
persons,TNP-00532,marital_status,MARSAD_ANC,dc43569e31b1,2026-08-28,medium
persons,TNP-00532,biography_ar,MARSAD_ANC,13c1a5dc0a27,2026-08-28,medium
mandates,TNM-c16facc292e2,assembly_id,MARSAD_ANC,025762754065,2026-08-28,medium
persons,TNP-00533,name_ar,MARSAD_ANC,314b221ddd81,2026-08-28,medium
persons,TNP-00533,name_lat,MARSAD_ANC,107642ff187b,2026-08-28,medium
persons,TNP-00533,gender,MARSAD_ANC,96a1a08dcded,2026-08-28,medium
persons,TNP-00533,birth_date,MARSAD_ANC,d2936a58b15c,2026-08-28,medium
persons,TNP-00533,birth_place_ar,MARSAD_ANC,3f2bb8b11f10,2026-08-28,medium
persons,TNP-00533,biography_ar,MARSAD_ANC,129e4f395dcb,2026-08-28,medium
mandates,TNM-f36e678633ec,assembly_id,MARSAD_ANC,025762754065,2026-08-28,medium
persons,TNP-00534,name_ar,MARSAD_ANC,81b7a094c6dc,2026-08-28,medium
persons,TNP-00534,name_lat,MARSAD_ANC,c2191937863c,2026-08-28,medium
persons,TNP-00534,gender,MARSAD_ANC,030ef4a52619,2026-08-28,medium
persons,TNP-00534,birth_date,MARSAD_ANC,8e538d3c52e7,2026-08-28,medium
persons,TNP-00534,birth_place_ar,MARSAD_ANC,041f97560aae,2026-08-28,medium
persons,TNP-00534,biography_ar,MARSAD_ANC,2ce8732db502,2026-08-28,medium
mandates,TNM-0e7c0a0cee25,assembly_id,MARSAD_ANC,025762754065,2026-08-28,medium
persons,TNP-00535,name_ar,MARSAD_ANC,536ab7213267,2026-08-28,medium
persons,TNP-00535,name_lat,MARSAD_ANC,889d9812c034,2026-08-28,medium
persons,TNP-00535,gender,MARSAD_ANC,96a1a08dcded,2026-08-28,medium
persons,TNP-00535,birth_date,MARSAD_ANC,bf3a5ef48710,2026-08-28,medium
persons,TNP-00535,birth_place_ar,MARSAD_ANC,5992387c1419,2026-08-28,medium
persons,TNP-00535,biography_ar,MARSAD_ANC,f61b95374155,2026-08-28,medium
mandates,TNM-6792b27b9083,assembly_id,MARSAD_ANC,025762754065,2026-08-28,medium
persons,TNP-00301,name_ar,MARSAD_ANC,4519642a4721,2026-08-28,medium
persons,TNP-00301,name_lat,MARSAD_ANC,a18865eb2dbf,2026-08-28,medium
persons,TNP-00301,gender,MARSAD_ANC,030ef4a52619,2026-08-28,medium
persons,TNP-00301,birth_date,MARSAD_ANC,a7a26b624316,2026-08-28,medium
persons,TNP-00301,birth_place_ar,MARSAD_ANC,bb4b82560040,2026-08-28,medium
persons,TNP-00301,biography_ar,MARSAD_ANC,4d76854632b9,2026-08-28,medium
mandates,TNM-eec3e92d929a,assembly_id,MARSAD_ANC,025762754065,2026-08-28,medium
persons,TNP-00536,name_ar,MARSAD_ANC,7b41460521ea,2026-08-28,medium
persons,TNP-00536,name_lat,MARSAD_ANC,32b7d3bcb21e,2026-08-28,medium
persons,TNP-00536,gender,MARSAD_ANC,96a1a08dcded,2026-08-28,medium
persons,TNP-00536,birth_date,MARSAD_ANC,4d3d99e7b36f,2026-08-28,medium
persons,TNP-00536,biography_ar,MARSAD_ANC,cfa45ea79956,2026-08-28,medium
mandates,TNM-bd2018d8053a,assembly_id,MARSAD_ANC,025762754065,2026-08-28,medium
persons,TNP-00537,name_ar,MARSAD_ANC,9dca7ce58693,2026-08-28,medium
persons,TNP-00537,name_lat,MARSAD_ANC,985c3a2ab10a,2026-08-28,medium
persons,TNP-00537,gender,MARSAD_ANC,96a1a08dcded,2026-08-28,medium
persons,TNP-00537,birth_date,MARSAD_ANC,3a362ce47b23,2026-08-28,medium
persons,TNP-00537,birth_place_ar,MARSAD_ANC,e58b2d54f674,2026-08-28,medium
persons,TNP-00537,biography_ar,MARSAD_ANC,1b9122cb1e44,2026-08-28,medium
mandates,TNM-3435019c7a66,assembly_id,MARSAD_ANC,025762754065,2026-08-28,medium
persons,TNP-00538,name_ar,MARSAD_ANC,3a7bd64e627f,2026-08-28,medium
persons,TNP-00538,name_lat,MARSAD_ANC,dd7ec1883fd5,2026-08-28,medium
persons,TNP-00538,gender,MARSAD_ANC,96a1a08dcded,2026-08-28,medium
persons,TNP-00538,birth_date,MARSAD_ANC,355babec0d20,2026-08-28,medium
persons,TNP-00538,biography_ar,MARSAD_ANC,cc7691e844d2,2026-08-28,medium
mandates,TNM-d1422ba2e3ec,assembly_id,MARSAD_ANC,025762754065,2026-08-28,medium
persons,TNP-00539,name_ar,MARSAD_ANC,eeae34c783c4,2026-08-28,medium
persons,TNP-00539,name_lat,MARSAD_ANC,562a84fb2308,2026-08-28,medium
persons,TNP-00539,gender,MARSAD_ANC,96a1a08dcded,2026-08-28,medium
persons,TNP-00539,birth_date,MARSAD_ANC,cf2f290c24ce,2026-08-28,medium
persons,TNP-00539,birth_place_ar,MARSAD_ANC,e58b2d54f674,2026-08-28,medium
persons,TNP-00539,biography_ar,MARSAD_ANC,5d9216569155,2026-08-28,medium
mandates,TNM-5ae0e0d0c0b6,assembly_id,MARSAD_ANC,025762754065,2026-08-28,medium
persons,TNP-00540,name_ar,MARSAD_ANC,4ad2fce546b6,2026-08-28,medium
persons,TNP-00540,name_lat,MARSAD_ANC,28b8b1bd987f,2026-08-28,medium
persons,TNP-00540,gender,MARSAD_ANC,030ef4a52619,2026-08-28,medium
persons,TNP-00540,birth_date,MARSAD_ANC,0ba00b2eeea0,2026-08-28,medium
persons,TNP-00540,birth_place_ar,MARSAD_ANC,aef3b69f83a7,2026-08-28,medium
persons,TNP-00540,biography_ar,MARSAD_ANC,8ba79a52bbdc,2026-08-28,medium
mandates,TNM-bf52b10a2041,assembly_id,MARSAD_ANC,025762754065,2026-08-28,medium
persons,TNP-00541,name_ar,MARSAD_ANC,bc75f0632f34,2026-08-28,medium
persons,TNP-00541,name_lat,MARSAD_ANC,2b4bbc279359,2026-08-28,medium
persons,TNP-00541,gender,MARSAD_ANC,96a1a08dcded,2026-08-28,medium
persons,TNP-00541,birth_date,MARSAD_ANC,12a973f77d4b,2026-08-28,medium
persons,TNP-00541,birth_place_ar,MARSAD_ANC,6eae58c32022,2026-08-28,medium
persons,TNP-00541,biography_ar,MARSAD_ANC,6642bae9adeb,2026-08-28,medium
mandates,TNM-0fdbdcedb4d6,assembly_id,MARSAD_ANC,025762754065,2026-08-28,medium
persons,TNP-00542,name_ar,MARSAD_ANC,32453c107c25,2026-08-28,medium
persons,TNP-00542,name_lat,MARSAD_ANC,c5b8bdb225a9,2026-08-28,medium
persons,TNP-00542,gender,MARSAD_ANC,030ef4a52619,2026-08-28,medium
persons,TNP-00542,birth_date,MARSAD_ANC,30d4dbc0fb25,2026-08-28,medium
persons,TNP-00542,biography_ar,MARSAD_ANC,31a2bf03ec90,2026-08-28,medium
mandates,TNM-caedc72e994d,assembly_id,MARSAD_ANC,025762754065,2026-08-28,medium
persons,TNP-00543,name_ar,MARSAD_ANC,8cacd0d038ad,2026-08-28,medium
persons,TNP-00543,name_lat,MARSAD_ANC,0ebc43d4aae9,2026-08-28,medium
persons,TNP-00543,gender,MARSAD_ANC,030ef4a52619,2026-08-28,medium
persons,TNP-00543,marital_status,MARSAD_ANC,f0fd596f396d,2026-08-28,medium
persons,TNP-00543,biography_ar,MARSAD_ANC,93996b03a9d0,2026-08-28,medium
mandates,TNM-bbae021ac26d,assembly_id,MARSAD_ANC,025762754065,2026-08-28,medium
persons,TNP-00544,name_ar,MARSAD_ANC,888db8daff9d,2026-08-28,medium
persons,TNP-00544,name_lat,MARSAD_ANC,1e69d1a00a8c,2026-08-28,medium
persons,TNP-00544,gender,MARSAD_ANC,030ef4a52619,2026-08-28,medium
persons,TNP-00544,birth_date,MARSAD_ANC,382d0170b605,2026-08-28,medium
persons,TNP-00544,birth_place_ar,MARSAD_ANC,5cdd8f8cb802,2026-08-28,medium
persons,TNP-00544,biography_ar,MARSAD_ANC,5ea88c7178d3,2026-08-28,medium
mandates,TNM-dc6c6edc6040,assembly_id,MARSAD_ANC,025762754065,2026-08-28,medium
persons,TNP-00545,name_ar,MARSAD_ANC,a7cdb15f2697,2026-08-28,medium
persons,TNP-00545,name_lat,MARSAD_ANC,264ef878b590,2026-08-28,medium
persons,TNP-00545,gender,MARSAD_ANC,030ef4a52619,2026-08-28,medium
persons,TNP-00545,birth_date,MARSAD_ANC,fa696c283047,2026-08-28,medium
persons,TNP-00545,biography_ar,MARSAD_ANC,2c1b3496bbc3,2026-08-28,medium
mandates,TNM-a7addc7bbe68,assembly_id,MARSAD_ANC,025762754065,2026-08-28,medium
persons,TNP-00546,name_ar,MARSAD_ANC,cbcb3f20a356,2026-08-28,medium
persons,TNP-00546,name_lat,MARSAD_ANC,e758076b8677,2026-08-28,medium
persons,TNP-00546,gender,MARSAD_ANC,96a1a08dcded,2026-08-28,medium
persons,TNP-00546,birth_date,MARSAD_ANC,1f93109f87e3,2026-08-28,medium
persons,TNP-00546,birth_place_ar,MARSAD_ANC,0e0d3c6a0979,2026-08-28,medium
persons,TNP-00546,biography_ar,MARSAD_ANC,40ef5f77b578,2026-08-28,medium
mandates,TNM-f35da0842214,assembly_id,MARSAD_ANC,025762754065,2026-08-28,medium
persons,TNP-00547,name_ar,MARSAD_ANC,c501a94ab1c5,2026-08-28,medium
persons,TNP-00547,name_lat,MARSAD_ANC,df20d0ad20ef,2026-08-28,medium
persons,TNP-00547,gender,MARSAD_ANC,96a1a08dcded,2026-08-28,medium
persons,TNP-00547,marital_status,MARSAD_ANC,91bb0737da8e,2026-08-28,medium
persons,TNP-00547,biography_ar,MARSAD_ANC,a74d9b6195d8,2026-08-28,medium
mandates,TNM-68a29dcf29c9,assembly_id,MARSAD_ANC,025762754065,2026-08-28,medium
persons,TNP-00548,name_ar,MARSAD_ANC,516f9539aa51,2026-08-28,medium
persons,TNP-00548,name_lat,MARSAD_ANC,6157164541de,2026-08-28,medium
persons,TNP-00548,gender,MARSAD_ANC,96a1a08dcded,2026-08-28,medium
persons,TNP-00548,birth_date,MARSAD_ANC,f2d4deae291b,2026-08-28,medium
persons,TNP-00548,birth_place_ar,MARSAD_ANC,e58b2d54f674,2026-08-28,medium
persons,TNP-00548,languages,MARSAD_ANC,23d8e0156062,2026-08-28,medium
persons,TNP-00548,biography_ar,MARSAD_ANC,c1e6cce4928e,2026-08-28,medium
mandates,TNM-a1ac5f2abd03,assembly_id,MARSAD_ANC,025762754065,2026-08-28,medium
persons,TNP-00007,name_ar,MARSAD_ANC,e081096fd45e,2026-08-28,medium
persons,TNP-00007,name_lat,MARSAD_ANC,2efe646b82d2,2026-08-28,medium
persons,TNP-00007,gender,MARSAD_ANC,030ef4a52619,2026-08-28,medium
persons,TNP-00007,marital_status,MARSAD_ANC,a0c4d52f4223,2026-08-28,medium
persons,TNP-00007,languages,MARSAD_ANC,23d8e0156062,2026-08-28,medium
persons,TNP-00007,biography_ar,MARSAD_ANC,9c02caeea58e,2026-08-28,medium
mandates,TNM-28d3ce8f5617,assembly_id,MARSAD_ANC,025762754065,2026-08-28,medium
persons,TNP-00549,name_ar,MARSAD_ANC,3d3ecca744e4,2026-08-28,medium
persons,TNP-00549,name_lat,MARSAD_ANC,0105a4a3e9c9,2026-08-28,medium
persons,TNP-00549,gender,MARSAD_ANC,030ef4a52619,2026-08-28,medium
persons,TNP-00549,birth_date,MARSAD_ANC,5b24744a9ccd,2026-08-28,medium
persons,TNP-00549,birth_place_ar,MARSAD_ANC,2e83a96980b4,2026-08-28,medium
persons,TNP-00549,biography_ar,MARSAD_ANC,7e0cadcdfe00,2026-08-28,medium
mandates,TNM-f5bfbab00af8,assembly_id,MARSAD_ANC,025762754065,2026-08-28,medium
persons,TNP-00550,name_ar,MARSAD_ANC,ebed8fad6f3d,2026-08-28,medium
persons,TNP-00550,name_lat,MARSAD_ANC,7b11c7f03424,2026-08-28,medium
persons,TNP-00550,gender,MARSAD_ANC,030ef4a52619,2026-08-28,medium
persons,TNP-00550,birth_date,MARSAD_ANC,dc23fa8e4eee,2026-08-28,medium
persons,TNP-00550,birth_place_ar,MARSAD_ANC,e58b2d54f674,2026-08-28,medium
persons,TNP-00550,languages,MARSAD_ANC,23d8e0156062,2026-08-28,medium
persons,TNP-00550,biography_ar,MARSAD_ANC,68042e869a3c,2026-08-28,medium
mandates,TNM-fbb51e764fc9,assembly_id,MARSAD_ANC,025762754065,2026-08-28,medium
persons,TNP-00551,name_ar,MARSAD_ANC,9ea5bec522f1,2026-08-28,medium
persons,TNP-00551,name_lat,MARSAD_ANC,82aaa1647731,2026-08-28,medium
persons,TNP-00551,gender,MARSAD_ANC,030ef4a52619,2026-08-28,medium
persons,TNP-00551,birth_date,MARSAD_ANC,caa8c79af432,2026-08-28,medium
persons,TNP-00551,birth_place_ar,MARSAD_ANC,fb397284585a,2026-08-28,medium
persons,TNP-00551,biography_ar,MARSAD_ANC,0c6616c2502d,2026-08-28,medium
mandates,TNM-9d51f550c9ed,assembly_id,MARSAD_ANC,025762754065,2026-08-28,medium
persons,TNP-00357,name_ar,MARSAD_ANC,b67deaec011c,2026-08-28,medium
persons,TNP-00357,name_lat,MARSAD_ANC,4b855b5b993d,2026-08-28,medium
persons,TNP-00357,gender,MARSAD_ANC,96a1a08dcded,2026-08-28,medium
persons,TNP-00357,birth_date,MARSAD_ANC,a22794767c53,2026-08-28,medium
persons,TNP-00357,birth_place_ar,MARSAD_ANC,e58b2d54f674,2026-08-28,medium
persons,TNP-00357,biography_ar,MARSAD_ANC,e28c78d4dbb2,2026-08-28,medium
mandates,TNM-f6b970508f81,assembly_id,MARSAD_ANC,025762754065,2026-08-28,medium
persons,TNP-00332,name_ar,MARSAD_ANC,fca6726c78e1,2026-08-28,medium
persons,TNP-00332,name_lat,MARSAD_ANC,990dd72489da,2026-08-28,medium
persons,TNP-00332,gender,MARSAD_ANC,96a1a08dcded,2026-08-28,medium
persons,TNP-00332,birth_date,MARSAD_ANC,3435897a41a2,2026-08-28,medium
persons,TNP-00332,birth_place_ar,MARSAD_ANC,e114a54c6efd,2026-08-28,medium
persons,TNP-00332,languages,MARSAD_ANC,23d8e0156062,2026-08-28,medium
persons,TNP-00332,biography_ar,MARSAD_ANC,ee8aa0531e2a,2026-08-28,medium
mandates,TNM-a8a6836d09dd,assembly_id,MARSAD_ANC,025762754065,2026-08-28,medium
persons,TNP-00552,name_ar,MARSAD_ANC,5ca886736a3d,2026-08-28,medium
persons,TNP-00552,name_lat,MARSAD_ANC,92823c483491,2026-08-28,medium
persons,TNP-00552,gender,MARSAD_ANC,030ef4a52619,2026-08-28,medium
persons,TNP-00552,biography_ar,MARSAD_ANC,367f0f035d17,2026-08-28,medium
mandates,TNM-28dd8d1b29b0,assembly_id,MARSAD_ANC,025762754065,2026-08-28,medium
persons,TNP-00553,name_ar,MARSAD_ANC,e7698be64af9,2026-08-28,medium
persons,TNP-00553,name_lat,MARSAD_ANC,8c536e742859,2026-08-28,medium
persons,TNP-00553,gender,MARSAD_ANC,96a1a08dcded,2026-08-28,medium
persons,TNP-00553,birth_date,MARSAD_ANC,074e4416857a,2026-08-28,medium
persons,TNP-00553,birth_place_ar,MARSAD_ANC,7f5b35def619,2026-08-28,medium
persons,TNP-00553,biography_ar,MARSAD_ANC,b4f002486328,2026-08-28,medium
mandates,TNM-2ca3da448edf,assembly_id,MARSAD_ANC,025762754065,2026-08-28,medium
persons,TNP-00554,name_ar,MARSAD_ANC,0640d4a0fb47,2026-08-28,medium
persons,TNP-00554,name_lat,MARSAD_ANC,96eefaa3b206,2026-08-28,medium
persons,TNP-00554,gender,MARSAD_ANC,96a1a08dcded,2026-08-28,medium
persons,TNP-00554,languages,MARSAD_ANC,094b0fe0e302,2026-08-28,medium
persons,TNP-00554,biography_ar,MARSAD_ANC,93535a09d9ca,2026-08-28,medium
mandates,TNM-c4d96b367e14,assembly_id,MARSAD_ANC,025762754065,2026-08-28,medium
persons,TNP-00555,name_ar,MARSAD_ANC,b28b9fcca4d7,2026-08-28,medium
persons,TNP-00555,name_lat,MARSAD_ANC,6c610e5f5584,2026-08-28,medium
persons,TNP-00555,gender,MARSAD_ANC,030ef4a52619,2026-08-28,medium
persons,TNP-00555,birth_date,MARSAD_ANC,ee471bc600b3,2026-08-28,medium
persons,TNP-00555,birth_place_ar,MARSAD_ANC,66a7559a3916,2026-08-28,medium
persons,TNP-00555,biography_ar,MARSAD_ANC,2717832dc161,2026-08-28,medium
mandates,TNM-f074ecff1b73,assembly_id,MARSAD_ANC,025762754065,2026-08-28,medium
persons,TNP-00556,name_ar,MARSAD_ANC,1d51e798ac2f,2026-08-28,medium
persons,TNP-00556,name_lat,MARSAD_ANC,5c339fc1d9db,2026-08-28,medium
persons,TNP-00556,gender,MARSAD_ANC,030ef4a52619,2026-08-28,medium
persons,TNP-00556,birth_date,MARSAD_ANC,ce7699c8f9a2,2026-08-28,medium
persons,TNP-00556,biography_ar,MARSAD_ANC,9cab44efcc3f,2026-08-28,medium
mandates,TNM-ab36085aa191,assembly_id,MARSAD_ANC,025762754065,2026-08-28,medium
persons,TNP-00557,name_ar,MARSAD_ANC,06434ed00541,2026-08-28,medium
persons,TNP-00557,name_lat,MARSAD_ANC,692e3f8fe26a,2026-08-28,medium
persons,TNP-00557,gender,MARSAD_ANC,030ef4a52619,2026-08-28,medium
persons,TNP-00557,birth_date,MARSAD_ANC,91f445984ae3,2026-08-28,medium
persons,TNP-00557,biography_ar,MARSAD_ANC,c5874af2faef,2026-08-28,medium
mandates,TNM-9f0cca6885e0,assembly_id,MARSAD_ANC,025762754065,2026-08-28,medium
persons,TNP-00558,name_ar,MARSAD_ANC,4d1b1df9cc79,2026-08-28,medium
persons,TNP-00558,name_lat,MARSAD_ANC,37d337e31980,2026-08-28,medium
persons,TNP-00558,gender,MARSAD_ANC,96a1a08dcded,2026-08-28,medium
persons,TNP-00558,birth_date,MARSAD_ANC,641914fa2b42,2026-08-28,medium
persons,TNP-00558,birth_place_ar,MARSAD_ANC,e45910ebc205,2026-08-28,medium
persons,TNP-00558,marital_status,MARSAD_ANC,8a0943b26031,2026-08-28,medium
persons,TNP-00558,languages,MARSAD_ANC,b858a87c07b0,2026-08-28,medium
persons,TNP-00558,biography_ar,MARSAD_ANC,2bc2498e22fe,2026-08-28,medium
mandates,TNM-7920e09adea8,assembly_id,MARSAD_ANC,025762754065,2026-08-28,medium
persons,TNP-00559,name_ar,MARSAD_ANC,240ded4e0e91,2026-08-28,medium
persons,TNP-00559,name_lat,MARSAD_ANC,a47a0d6632f2,2026-08-28,medium
persons,TNP-00559,gender,MARSAD_ANC,030ef4a52619,2026-08-28,medium
persons,TNP-00559,birth_date,MARSAD_ANC,b33fae87c99b,2026-08-28,medium
persons,TNP-00559,birth_place_ar,MARSAD_ANC,7425031a526d,2026-08-28,medium
persons,TNP-00559,languages,MARSAD_ANC,23d8e0156062,2026-08-28,medium
persons,TNP-00559,biography_ar,MARSAD_ANC,49e396a0fd08,2026-08-28,medium
mandates,TNM-21c6cf6059e5,assembly_id,MARSAD_ANC,025762754065,2026-08-28,medium
persons,TNP-00560,name_ar,MARSAD_ANC,a8498dbc59e8,2026-08-28,medium
persons,TNP-00560,name_lat,MARSAD_ANC,f2726a709f7a,2026-08-28,medium
persons,TNP-00560,gender,MARSAD_ANC,030ef4a52619,2026-08-28,medium
persons,TNP-00560,marital_status,MARSAD_ANC,dc43569e31b1,2026-08-28,medium
persons,TNP-00560,biography_ar,MARSAD_ANC,191c98060ee5,2026-08-28,medium
mandates,TNM-4ff77012bc2d,assembly_id,MARSAD_ANC,025762754065,2026-08-28,medium
persons,TNP-00561,name_ar,MARSAD_ANC,0ae9248a58c7,2026-08-28,medium
persons,TNP-00561,name_lat,MARSAD_ANC,0394d1eb26f4,2026-08-28,medium
persons,TNP-00561,gender,MARSAD_ANC,030ef4a52619,2026-08-28,medium
persons,TNP-00561,birth_date,MARSAD_ANC,2f0718401e47,2026-08-28,medium
persons,TNP-00561,birth_place_ar,MARSAD_ANC,65a3dc81577f,2026-08-28,medium
persons,TNP-00561,biography_ar,MARSAD_ANC,101383270873,2026-08-28,medium
mandates,TNM-943afe5cb43f,assembly_id,MARSAD_ANC,025762754065,2026-08-28,medium
persons,TNP-00562,name_ar,MARSAD_ANC,985f823a8ff9,2026-08-28,medium
persons,TNP-00562,name_lat,MARSAD_ANC,93507fc45f69,2026-08-28,medium
persons,TNP-00562,gender,MARSAD_ANC,96a1a08dcded,2026-08-28,medium
persons,TNP-00562,birth_date,MARSAD_ANC,1f52bea8bcc1,2026-08-28,medium
persons,TNP-00562,birth_place_ar,MARSAD_ANC,c6f3906772d8,2026-08-28,medium
persons,TNP-00562,marital_status,MARSAD_ANC,91bb0737da8e,2026-08-28,medium
persons,TNP-00562,languages,MARSAD_ANC,b858a87c07b0,2026-08-28,medium
persons,TNP-00562,biography_ar,MARSAD_ANC,0803da5b95cf,2026-08-28,medium
mandates,TNM-c64179db15b6,assembly_id,MARSAD_ANC,025762754065,2026-08-28,medium
persons,TNP-00563,name_ar,MARSAD_ANC,0543fb8353f5,2026-08-28,medium
persons,TNP-00563,name_lat,MARSAD_ANC,80d6999408b4,2026-08-28,medium
persons,TNP-00563,gender,MARSAD_ANC,96a1a08dcded,2026-08-28,medium
persons,TNP-00563,biography_ar,MARSAD_ANC,9e2da1d7ecbe,2026-08-28,medium
mandates,TNM-2aa057ea3202,assembly_id,MARSAD_ANC,025762754065,2026-08-28,medium
persons,TNP-00564,name_ar,MARSAD_ANC,d0b0a77d163c,2026-08-28,medium
persons,TNP-00564,name_lat,MARSAD_ANC,1465bd242748,2026-08-28,medium
persons,TNP-00564,gender,MARSAD_ANC,030ef4a52619,2026-08-28,medium
persons,TNP-00564,biography_ar,MARSAD_ANC,da2727eb9124,2026-08-28,medium
mandates,TNM-4574ad232006,assembly_id,MARSAD_ANC,025762754065,2026-08-28,medium
persons,TNP-00565,name_ar,MARSAD_ANC,b94a4455b857,2026-08-28,medium
persons,TNP-00565,name_lat,MARSAD_ANC,a3441af13fc4,2026-08-28,medium
persons,TNP-00565,gender,MARSAD_ANC,96a1a08dcded,2026-08-28,medium
persons,TNP-00565,birth_date,MARSAD_ANC,5bb8c49fc0ce,2026-08-28,medium
persons,TNP-00565,birth_place_ar,MARSAD_ANC,62201cff3f52,2026-08-28,medium
persons,TNP-00565,biography_ar,MARSAD_ANC,2410356d71b1,2026-08-28,medium
mandates,TNM-3c35b65a17c4,assembly_id,MARSAD_ANC,025762754065,2026-08-28,medium
persons,TNP-00566,name_ar,MARSAD_ANC,f54a192b585d,2026-08-28,medium
persons,TNP-00566,name_lat,MARSAD_ANC,864dc869872d,2026-08-28,medium
persons,TNP-00566,gender,MARSAD_ANC,030ef4a52619,2026-08-28,medium
persons,TNP-00566,birth_date,MARSAD_ANC,f342c580ad3c,2026-08-28,medium
persons,TNP-00566,birth_place_ar,MARSAD_ANC,63c3555fe32d,2026-08-28,medium
persons,TNP-00566,biography_ar,MARSAD_ANC,4f7d63562ddf,2026-08-28,medium
mandates,TNM-704df2c31c89,assembly_id,MARSAD_ANC,025762754065,2026-08-28,medium
persons,TNP-00285,name_ar,MARSAD_ANC,bbcfa67bbccb,2026-08-28,medium
persons,TNP-00285,name_lat,MARSAD_ANC,2ca56fcb8f84,2026-08-28,medium
persons,TNP-00285,gender,MARSAD_ANC,030ef4a52619,2026-08-28,medium
persons,TNP-00285,marital_status,MARSAD_ANC,dc43569e31b1,2026-08-28,medium
persons,TNP-00285,biography_ar,MARSAD_ANC,cd58b1ff81f7,2026-08-28,medium
mandates,TNM-70c2a35040be,assembly_id,MARSAD_ANC,025762754065,2026-08-28,medium
persons,TNP-00567,name_ar,MARSAD_ANC,ca748fae3613,2026-08-28,medium
persons,TNP-00567,name_lat,MARSAD_ANC,14b65f38c455,2026-08-28,medium
persons,TNP-00567,gender,MARSAD_ANC,96a1a08dcded,2026-08-28,medium
persons,TNP-00567,birth_date,MARSAD_ANC,ad0f5e5a92e4,2026-08-28,medium
persons,TNP-00567,marital_status,MARSAD_ANC,91bb0737da8e,2026-08-28,medium
persons,TNP-00567,biography_ar,MARSAD_ANC,c02b4cbd8cd3,2026-08-28,medium
mandates,TNM-bff189358bad,assembly_id,MARSAD_ANC,025762754065,2026-08-28,medium
persons,TNP-00568,name_ar,MARSAD_ANC,6da5bb7f4088,2026-08-28,medium
persons,TNP-00568,name_lat,MARSAD_ANC,064126b0cbf3,2026-08-28,medium
persons,TNP-00568,gender,MARSAD_ANC,96a1a08dcded,2026-08-28,medium
persons,TNP-00568,biography_ar,MARSAD_ANC,ad5c2100d5b2,2026-08-28,medium
mandates,TNM-090617245b1e,assembly_id,MARSAD_ANC,025762754065,2026-08-28,medium
persons,TNP-00569,name_ar,WIKI_AR_ANC1956,2f388e4627e0,2026-08-27,medium
mandates,TNM-37a56ea0d859,assembly_id,WIKI_AR_ANC1956,410455e30ad5,2026-08-27,medium
persons,TNP-00570,name_ar,WIKI_AR_ANC1956,af92dfa69bc8,2026-08-27,medium
mandates,TNM-f6954b5fadd9,assembly_id,WIKI_AR_ANC1956,410455e30ad5,2026-08-27,medium
persons,TNP-00571,name_ar,WIKI_AR_ANC1956,0190bbd0e1c6,2026-08-27,medium
mandates,TNM-60b0fa475ab7,assembly_id,WIKI_AR_ANC1956,410455e30ad5,2026-08-27,medium
persons,TNP-00572,name_ar,WIKI_AR_ANC1956,c7d34b041a8e,2026-08-27,medium
mandates,TNM-b2208e70f70c,assembly_id,WIKI_AR_ANC1956,410455e30ad5,2026-08-27,medium
persons,TNP-00573,name_ar,WIKI_AR_ANC1956,b56de6611640,2026-08-27,medium
mandates,TNM-f4cc93bf25ec,assembly_id,WIKI_AR_ANC1956,410455e30ad5,2026-08-27,medium
persons,TNP-00574,name_ar,WIKI_AR_ANC1956,68c69a5f3888,2026-08-27,medium
mandates,TNM-ee8bacc85bad,assembly_id,WIKI_AR_ANC1956,410455e30ad5,2026-08-27,medium
persons,TNP-00575,name_ar,WIKI_AR_ANC1956,349102941994,2026-08-27,medium
mandates,TNM-d5878ba67949,assembly_id,WIKI_AR_ANC1956,410455e30ad5,2026-08-27,medium
persons,TNP-00576,name_ar,WIKI_AR_ANC1956,f6c6a6101a59,2026-08-27,medium
mandates,TNM-05a67a3bcb90,assembly_id,WIKI_AR_ANC1956,410455e30ad5,2026-08-27,medium
persons,TNP-00577,name_ar,WIKI_AR_ANC1956,db15f40bed9d,2026-08-27,medium
mandates,TNM-920b488fb513,assembly_id,WIKI_AR_ANC1956,410455e30ad5,2026-08-27,medium
persons,TNP-00578,name_ar,WIKI_AR_ANC1956,461e71655399,2026-08-27,medium
mandates,TNM-cd4b9818cad3,assembly_id,WIKI_AR_ANC1956,410455e30ad5,2026-08-27,medium
persons,TNP-00579,name_ar,WIKI_AR_ANC1956,a0154d1482ad,2026-08-27,medium
mandates,TNM-26a83f919d01,assembly_id,WIKI_AR_ANC1956,410455e30ad5,2026-08-27,medium
persons,TNP-00580,name_ar,WIKI_AR_ANC1956,c696d6fa1fb9,2026-08-27,medium
mandates,TNM-ad4b970333cb,assembly_id,WIKI_AR_ANC1956,410455e30ad5,2026-08-27,medium
persons,TNP-00581,name_ar,WIKI_AR_ANC1956,2bf3813ad5b7,2026-08-27,medium
mandates,TNM-f9abd3b4b403,assembly_id,WIKI_AR_ANC1956,410455e30ad5,2026-08-27,medium
persons,TNP-00582,name_ar,WIKI_AR_ANC1956,0c14963fd50f,2026-08-27,medium
mandates,TNM-32d8c11827f8,assembly_id,WIKI_AR_ANC1956,410455e30ad5,2026-08-27,medium
persons,TNP-00583,name_ar,WIKI_AR_ANC1956,44f2131e848f,2026-08-27,medium
mandates,TNM-fbddfa91e047,assembly_id,WIKI_AR_ANC1956,410455e30ad5,2026-08-27,medium
persons,TNP-00584,name_ar,WIKI_AR_ANC1956,8a7d6f0f65d0,2026-08-27,medium
mandates,TNM-8484344e2f40,assembly_id,WIKI_AR_ANC1956,410455e30ad5,2026-08-27,medium
persons,TNP-00585,name_ar,WIKI_AR_ANC1956,c2499d1e012c,2026-08-27,medium
mandates,TNM-f1dc097dc328,assembly_id,WIKI_AR_ANC1956,410455e30ad5,2026-08-27,medium
persons,TNP-00586,name_ar,WIKI_AR_ANC1956,c745558eb841,2026-08-27,medium
mandates,TNM-3cb3e6dd3a77,assembly_id,WIKI_AR_ANC1956,410455e30ad5,2026-08-27,medium
persons,TNP-00587,name_ar,WIKI_AR_ANC1956,f13128be5b47,2026-08-27,medium
mandates,TNM-fd0efde66137,assembly_id,WIKI_AR_ANC1956,410455e30ad5,2026-08-27,medium
persons,TNP-00588,name_ar,WIKI_AR_ANC1956,bf0cfe2a7b22,2026-08-27,medium
mandates,TNM-5c27b8f0b0e1,assembly_id,WIKI_AR_ANC1956,410455e30ad5,2026-08-27,medium
persons,TNP-00589,name_ar,WIKI_AR_ANC1956,78e6d584fa54,2026-08-27,medium
mandates,TNM-15eeea3de950,assembly_id,WIKI_AR_ANC1956,410455e30ad5,2026-08-27,medium
persons,TNP-00590,name_ar,WIKI_AR_ANC1956,f302adb806ec,2026-08-27,medium
mandates,TNM-0dd6c78f68e8,assembly_id,WIKI_AR_ANC1956,410455e30ad5,2026-08-27,medium
persons,TNP-00591,name_ar,WIKI_AR_ANC1956,7eb91faa7a17,2026-08-27,medium
mandates,TNM-116f31ed67aa,assembly_id,WIKI_AR_ANC1956,410455e30ad5,2026-08-27,medium
persons,TNP-00592,name_ar,WIKI_AR_ANC1956,1d01b83140d7,2026-08-27,medium
mandates,TNM-0e72ba3520c4,assembly_id,WIKI_AR_ANC1956,410455e30ad5,2026-08-27,medium
persons,TNP-00593,name_ar,WIKI_AR_ANC1956,1a4c27d7c46f,2026-08-27,medium
mandates,TNM-68974cf0e0a5,assembly_id,WIKI_AR_ANC1956,410455e30ad5,2026-08-27,medium
persons,TNP-00594,name_ar,WIKI_AR_ANC1956,6c1fd6bd3ff3,2026-08-27,medium
mandates,TNM-78b097f012b1,assembly_id,WIKI_AR_ANC1956,410455e30ad5,2026-08-27,medium
persons,TNP-00595,name_ar,WIKI_AR_ANC1956,a2ccfbba397f,2026-08-27,medium
mandates,TNM-53d44c296001,assembly_id,WIKI_AR_ANC1956,410455e30ad5,2026-08-27,medium
persons,TNP-00596,name_ar,WIKI_AR_ANC1956,aed6f4495a19,2026-08-27,medium
mandates,TNM-7e81d749cc2d,assembly_id,WIKI_AR_ANC1956,410455e30ad5,2026-08-27,medium
persons,TNP-00597,name_ar,WIKI_AR_ANC1956,b6f6838a6ec8,2026-08-27,medium
mandates,TNM-a8fbb3c60b8d,assembly_id,WIKI_AR_ANC1956,410455e30ad5,2026-08-27,medium
persons,TNP-00598,name_ar,WIKI_AR_ANC1956,ff84ccefe8a4,2026-08-27,medium
mandates,TNM-91119a200433,assembly_id,WIKI_AR_ANC1956,410455e30ad5,2026-08-27,medium
persons,TNP-00599,name_ar,WIKI_AR_ANC1956,011d79898510,2026-08-27,medium
mandates,TNM-f6a9f088a588,assembly_id,WIKI_AR_ANC1956,410455e30ad5,2026-08-27,medium
persons,TNP-00600,name_ar,WIKI_AR_ANC1956,f935be0dcec6,2026-08-27,medium
mandates,TNM-82c6d0768ba9,assembly_id,WIKI_AR_ANC1956,410455e30ad5,2026-08-27,medium
persons,TNP-00601,name_ar,WIKI_AR_ANC1956,3b9ae971dd83,2026-08-27,medium
mandates,TNM-9520d3ac1b1f,assembly_id,WIKI_AR_ANC1956,410455e30ad5,2026-08-27,medium
persons,TNP-00602,name_ar,WIKI_AR_ANC1956,3a5c6c21e1f8,2026-08-27,medium
mandates,TNM-ce7d374125e2,assembly_id,WIKI_AR_ANC1956,410455e30ad5,2026-08-27,medium
persons,TNP-00603,name_ar,WIKI_AR_ANC1956,f50aa9047714,2026-08-27,medium
mandates,TNM-019033d0cb2a,assembly_id,WIKI_AR_ANC1956,410455e30ad5,2026-08-27,medium
persons,TNP-00604,name_ar,WIKI_AR_ANC1956,544cfb317245,2026-08-27,medium
mandates,TNM-c0714d483219,assembly_id,WIKI_AR_ANC1956,410455e30ad5,2026-08-27,medium
persons,TNP-00605,name_ar,WIKI_AR_ANC1956,f7fed2370e2c,2026-08-27,medium
mandates,TNM-5ea28ae54f98,assembly_id,WIKI_AR_ANC1956,410455e30ad5,2026-08-27,medium
persons,TNP-00606,name_ar,WIKI_AR_ANC1956,c16e83d7ec73,2026-08-27,medium
mandates,TNM-13517ce5db42,assembly_id,WIKI_AR_ANC1956,410455e30ad5,2026-08-27,medium
persons,TNP-00607,name_ar,WIKI_AR_ANC1956,91bbf0eeb4df,2026-08-27,medium
mandates,TNM-0d11b702480d,assembly_id,WIKI_AR_ANC1956,410455e30ad5,2026-08-27,medium
persons,TNP-00608,name_ar,WIKI_AR_ANC1956,126643564682,2026-08-27,medium
mandates,TNM-34665c715d18,assembly_id,WIKI_AR_ANC1956,410455e30ad5,2026-08-27,medium
persons,TNP-00609,name_ar,WIKI_AR_ANC1956,4b121040a935,2026-08-27,medium
mandates,TNM-9c06806e6f1a,assembly_id,WIKI_AR_ANC1956,410455e30ad5,2026-08-27,medium
persons,TNP-00610,name_ar,WIKI_AR_ANC1956,62da88729f96,2026-08-27,medium
mandates,TNM-509bd40e7ca9,assembly_id,WIKI_AR_ANC1956,410455e30ad5,2026-08-27,medium
persons,TNP-00611,name_ar,WIKI_AR_ANC1956,579fdd710607,2026-08-27,medium
mandates,TNM-a098207d9057,assembly_id,WIKI_AR_ANC1956,410455e30ad5,2026-08-27,medium
persons,TNP-00612,name_ar,WIKI_AR_ANC1956,d42caec4a6d1,2026-08-27,medium
mandates,TNM-b2fc808e4d34,assembly_id,WIKI_AR_ANC1956,410455e30ad5,2026-08-27,medium
persons,TNP-00613,name_ar,WIKI_AR_ANC1956,b58e147c1b72,2026-08-27,medium
mandates,TNM-c98ed2387f90,assembly_id,WIKI_AR_ANC1956,410455e30ad5,2026-08-27,medium
persons,TNP-00614,name_ar,WIKI_AR_ANC1956,df085c9fd61e,2026-08-27,medium
mandates,TNM-cf0e4ab39a24,assembly_id,WIKI_AR_ANC1956,410455e30ad5,2026-08-27,medium
persons,TNP-00615,name_ar,WIKI_AR_ANC1956,64996c3e4a62,2026-08-27,medium
mandates,TNM-80c88213ef89,assembly_id,WIKI_AR_ANC1956,410455e30ad5,2026-08-27,medium
persons,TNP-00616,name_ar,WIKI_AR_ANC1956,9c61d1dda622,2026-08-27,medium
mandates,TNM-448dd20c4ae4,assembly_id,WIKI_AR_ANC1956,410455e30ad5,2026-08-27,medium
persons,TNP-00617,name_ar,WIKI_AR_ANC1956,ec6f2261f62f,2026-08-27,medium
mandates,TNM-7f4ab2488cd8,assembly_id,WIKI_AR_ANC1956,410455e30ad5,2026-08-27,medium
persons,TNP-00618,name_ar,WIKI_AR_ANC1956,bddc49a2a1d6,2026-08-27,medium
mandates,TNM-eddb5211f189,assembly_id,WIKI_AR_ANC1956,410455e30ad5,2026-08-27,medium
persons,TNP-00619,name_ar,WIKI_AR_ANC1956,6990641e8651,2026-08-27,medium
mandates,TNM-ae538bb403ff,assembly_id,WIKI_AR_ANC1956,410455e30ad5,2026-08-27,medium
persons,TNP-00620,name_ar,WIKI_AR_ANC1956,c8134fcc6d63,2026-08-27,medium
mandates,TNM-ba129243fcf1,assembly_id,WIKI_AR_ANC1956,410455e30ad5,2026-08-27,medium
persons,TNP-00621,name_ar,WIKI_AR_ANC1956,d6b1319387ce,2026-08-27,medium
mandates,TNM-e24ac88b4320,assembly_id,WIKI_AR_ANC1956,410455e30ad5,2026-08-27,medium
persons,TNP-00622,name_ar,WIKI_AR_ANC1956,725264b3c423,2026-08-27,medium
mandates,TNM-d2e957ff812a,assembly_id,WIKI_AR_ANC1956,410455e30ad5,2026-08-27,medium
persons,TNP-00623,name_ar,WIKI_AR_ANC1956,5453bc4be732,2026-08-27,medium
mandates,TNM-1514afc473b0,assembly_id,WIKI_AR_ANC1956,410455e30ad5,2026-08-27,medium
persons,TNP-00624,name_ar,WIKI_AR_ANC1956,b15b6eb33113,2026-08-27,medium
mandates,TNM-77dbcadf0086,assembly_id,WIKI_AR_ANC1956,410455e30ad5,2026-08-27,medium
persons,TNP-00625,name_ar,WIKI_AR_ANC1956,54e1de52e3f7,2026-08-27,medium
mandates,TNM-ad8ae5f76979,assembly_id,WIKI_AR_ANC1956,410455e30ad5,2026-08-27,medium
persons,TNP-00626,name_ar,WIKI_AR_ANC1956,0694fff9b271,2026-08-27,medium
mandates,TNM-0daa03c265f6,assembly_id,WIKI_AR_ANC1956,410455e30ad5,2026-08-27,medium
persons,TNP-00627,name_ar,WIKI_AR_ANC1956,c052a79e21d3,2026-08-27,medium
mandates,TNM-5abb68198d2c,assembly_id,WIKI_AR_ANC1956,410455e30ad5,2026-08-27,medium
persons,TNP-00628,name_ar,WIKI_AR_ANC1956,aaf05ac0d7ee,2026-08-27,medium
mandates,TNM-049d264e195c,assembly_id,WIKI_AR_ANC1956,410455e30ad5,2026-08-27,medium
persons,TNP-00629,name_ar,WIKI_AR_ANC1956,37f790e14ee0,2026-08-27,medium
mandates,TNM-539d31274120,assembly_id,WIKI_AR_ANC1956,410455e30ad5,2026-08-27,medium
persons,TNP-00630,name_ar,WIKI_AR_ANC1956,e7203c7c9f36,2026-08-27,medium
mandates,TNM-b2e3c906dd87,assembly_id,WIKI_AR_ANC1956,410455e30ad5,2026-08-27,medium
persons,TNP-00631,name_ar,WIKI_AR_ANC1956,8559f0cbbd6d,2026-08-27,medium
mandates,TNM-b17278871982,assembly_id,WIKI_AR_ANC1956,410455e30ad5,2026-08-27,medium
persons,TNP-00632,name_ar,WIKI_AR_ANC1956,5631b48e50f6,2026-08-27,medium
mandates,TNM-186a8b9450ae,assembly_id,WIKI_AR_ANC1956,410455e30ad5,2026-08-27,medium
persons,TNP-00633,name_ar,WIKI_AR_ANC1956,868b5745e6e6,2026-08-27,medium
mandates,TNM-33e212f7b30f,assembly_id,WIKI_AR_ANC1956,410455e30ad5,2026-08-27,medium
persons,TNP-00634,name_ar,WIKI_AR_ANC1956,a0b7aad8a2d4,2026-08-27,medium
mandates,TNM-a6798714708e,assembly_id,WIKI_AR_ANC1956,410455e30ad5,2026-08-27,medium
persons,TNP-00635,name_ar,WIKI_AR_ANC1956,fd5342284a58,2026-08-27,medium
mandates,TNM-4f351644825d,assembly_id,WIKI_AR_ANC1956,410455e30ad5,2026-08-27,medium
persons,TNP-00636,name_ar,WIKI_AR_ANC1956,d75518f321b7,2026-08-27,medium
mandates,TNM-99433b83971e,assembly_id,WIKI_AR_ANC1956,410455e30ad5,2026-08-27,medium
persons,TNP-00637,name_ar,WIKI_AR_ANC1956,728294047c98,2026-08-27,medium
mandates,TNM-2fc6dce0427f,assembly_id,WIKI_AR_ANC1956,410455e30ad5,2026-08-27,medium
persons,TNP-00638,name_ar,WIKI_AR_ANC1956,e8beffb3dd95,2026-08-27,medium
mandates,TNM-98ad2b9b4f17,assembly_id,WIKI_AR_ANC1956,410455e30ad5,2026-08-27,medium
persons,TNP-00639,name_ar,WIKI_AR_ANC1956,2c5ad065e51d,2026-08-27,medium
mandates,TNM-6c9218b1ac93,assembly_id,WIKI_AR_ANC1956,410455e30ad5,2026-08-27,medium
persons,TNP-00640,name_ar,WIKI_AR_ANC1956,e08b88db2c24,2026-08-27,medium
mandates,TNM-be9b07e45aa7,assembly_id,WIKI_AR_ANC1956,410455e30ad5,2026-08-27,medium
persons,TNP-00641,name_ar,WIKI_AR_ANC1956,2612f4be5fb0,2026-08-27,medium
mandates,TNM-f29dd65a571c,assembly_id,WIKI_AR_ANC1956,410455e30ad5,2026-08-27,medium
persons,TNP-00642,name_ar,WIKI_AR_ANC1956,d76482e2fe95,2026-08-27,medium
mandates,TNM-f53d63edde74,assembly_id,WIKI_AR_ANC1956,410455e30ad5,2026-08-27,medium
persons,TNP-00643,name_ar,WIKI_AR_ANC1956,088025042caf,2026-08-27,medium
mandates,TNM-0f1819b68608,assembly_id,WIKI_AR_ANC1956,410455e30ad5,2026-08-27,medium
persons,TNP-00644,name_ar,WIKI_AR_ANC1956,299b0f401584,2026-08-27,medium
mandates,TNM-7678224c8eeb,assembly_id,WIKI_AR_ANC1956,410455e30ad5,2026-08-27,medium
persons,TNP-00645,name_ar,WIKI_AR_ANC1956,4da44d291a0a,2026-08-27,medium
mandates,TNM-584806d0d978,assembly_id,WIKI_AR_ANC1956,410455e30ad5,2026-08-27,medium
persons,TNP-00646,name_ar,WIKI_AR_ANC1956,e308e8fd9194,2026-08-27,medium
mandates,TNM-24754d5f6f93,assembly_id,WIKI_AR_ANC1956,410455e30ad5,2026-08-27,medium
persons,TNP-00647,name_ar,WIKI_AR_ANC1956,b38f62781730,2026-08-27,medium
mandates,TNM-36d02bc27b8e,assembly_id,WIKI_AR_ANC1956,410455e30ad5,2026-08-27,medium
persons,TNP-00648,name_ar,WIKI_AR_ANC1956,9c57e371cad2,2026-08-27,medium
mandates,TNM-769e61fff60e,assembly_id,WIKI_AR_ANC1956,410455e30ad5,2026-08-27,medium
persons,TNP-00649,name_ar,WIKI_AR_ANC1956,57a5cc6aaa72,2026-08-27,medium
mandates,TNM-cd3a3558a789,assembly_id,WIKI_AR_ANC1956,410455e30ad5,2026-08-27,medium
persons,TNP-00650,name_ar,WIKI_AR_ANC1956,87245b98d942,2026-08-27,medium
mandates,TNM-414cc0a6bf47,assembly_id,WIKI_AR_ANC1956,410455e30ad5,2026-08-27,medium
persons,TNP-00651,name_ar,WIKI_AR_ANC1956,38d1722454f1,2026-08-27,medium
mandates,TNM-284e2f8f879c,assembly_id,WIKI_AR_ANC1956,410455e30ad5,2026-08-27,medium
persons,TNP-00652,name_ar,WIKI_AR_ANC1956,72f4f064f362,2026-08-27,medium
mandates,TNM-137a08d5c343,assembly_id,WIKI_AR_ANC1956,410455e30ad5,2026-08-27,medium
persons,TNP-00653,name_ar,WIKI_AR_ANC1956,2bbcc86ab232,2026-08-27,medium
mandates,TNM-2ff6c73a0813,assembly_id,WIKI_AR_ANC1956,410455e30ad5,2026-08-27,medium
persons,TNP-00654,name_ar,WIKI_AR_ANC1956,4b0017deac98,2026-08-27,medium
mandates,TNM-b3b0c7e8b087,assembly_id,WIKI_AR_ANC1956,410455e30ad5,2026-08-27,medium
persons,TNP-00655,name_ar,WIKI_AR_ANC1956,8f928f64564f,2026-08-27,medium
mandates,TNM-510c20928e7c,assembly_id,WIKI_AR_ANC1956,410455e30ad5,2026-08-27,medium
persons,TNP-00656,name_ar,WIKI_AR_ANC1956,5c09358a248e,2026-08-27,medium
mandates,TNM-c9004b7ba958,assembly_id,WIKI_AR_ANC1956,410455e30ad5,2026-08-27,medium
persons,TNP-00657,name_ar,WIKI_AR_ANC1956,f618089c866c,2026-08-27,medium
mandates,TNM-a689d4db32d5,assembly_id,WIKI_AR_ANC1956,410455e30ad5,2026-08-27,medium
persons,TNP-00658,name_ar,WIKI_AR_ANC1956,71592ea0b0a3,2026-08-27,medium
mandates,TNM-014f85246a9b,assembly_id,WIKI_AR_ANC1956,410455e30ad5,2026-08-27,medium
persons,TNP-00659,name_ar,WIKI_AR_ANC1956,2b60d339f749,2026-08-27,medium
mandates,TNM-2c5530c78433,assembly_id,WIKI_AR_ANC1956,410455e30ad5,2026-08-27,medium
persons,TNP-00660,name_ar,WIKI_AR_ANC1956,2185e2767b29,2026-08-27,medium
mandates,TNM-99e107cd85ed,assembly_id,WIKI_AR_ANC1956,410455e30ad5,2026-08-27,medium
persons,TNP-00661,name_ar,WIKI_AR_ANC1956,0494b2d9db91,2026-08-27,medium
mandates,TNM-9130b0e8678d,assembly_id,WIKI_AR_ANC1956,410455e30ad5,2026-08-27,medium
persons,TNP-00662,name_ar,WIKI_AR_ANC1956,8ddc70c28118,2026-08-27,medium
mandates,TNM-5f74dbd4c77d,assembly_id,WIKI_AR_ANC1956,410455e30ad5,2026-08-27,medium
persons,TNP-00663,name_ar,WIKI_AR_ANC1956,7d07774c759c,2026-08-27,medium
mandates,TNM-28e86db98a40,assembly_id,WIKI_AR_ANC1956,410455e30ad5,2026-08-27,medium
persons,TNP-00664,name_ar,WIKI_AR_ANC1956,490d05e5cc3b,2026-08-27,medium
mandates,TNM-4585e2f1b356,assembly_id,WIKI_AR_ANC1956,410455e30ad5,2026-08-27,medium
persons,TNP-00665,name_ar,WIKI_AR_ANC1956,cbb6d9233250,2026-08-27,medium
mandates,TNM-bfb9c90ce6c7,assembly_id,WIKI_AR_ANC1956,410455e30ad5,2026-08-27,medium
persons,TNP-00666,name_ar,WIKI_AR_ANC1956,d2c08bcc5053,2026-08-27,medium
mandates,TNM-6867e71caf85,assembly_id,WIKI_AR_ANC1956,410455e30ad5,2026-08-27,medium
persons,TNP-00667,name_ar,WIKI_AR_ANC1956,2d7f41e81b1d,2026-08-27,medium
mandates,TNM-b09074b215c7,assembly_id,WIKI_AR_ANC1956,410455e30ad5,2026-08-27,medium
persons,TNP-00668,name_ar,WIKI_AR_ANC1956,82ad1266f4e1,2026-08-27,medium
mandates,TNM-059f0f97b02c,assembly_id,WIKI_AR_ANC1956,410455e30ad5,2026-08-27,medium
persons,TNP-00669,name_ar,WIKI_AR_ANC1956,b25fa46ffb7d,2026-08-27,medium
mandates,TNM-7f2bcaa46399,assembly_id,WIKI_AR_ANC1956,410455e30ad5,2026-08-27,medium
persons,TNP-00670,name_ar,WIKI_AR_ANC1956,b3f9374dc712,2026-08-27,medium
mandates,TNM-423bb40bc764,assembly_id,WIKI_AR_ANC1956,410455e30ad5,2026-08-27,medium
persons,TNP-00671,name_ar,WIKI_AR_ANC1956,f252708d7538,2026-08-27,medium
mandates,TNM-dfa2a55db568,assembly_id,WIKI_AR_ANC1956,410455e30ad5,2026-08-27,medium
persons,TNP-00672,name_ar,WIKI_AR_ANC1956,8e566dbbe13d,2026-08-27,medium
mandates,TNM-46dd30cd9dbc,assembly_id,WIKI_AR_ANC1956,410455e30ad5,2026-08-27,medium
persons,TNP-00673,name_ar,WIKI_AR_ANC1956,3819a58e87af,2026-08-27,medium
mandates,TNM-629a64799beb,assembly_id,WIKI_AR_ANC1956,410455e30ad5,2026-08-27,medium
persons,TNP-00674,name_ar,WIKI_AR_ANC1956,0f4fe2bdf19d,2026-08-27,medium
mandates,TNM-260951c135ef,assembly_id,WIKI_AR_ANC1956,410455e30ad5,2026-08-27,medium
persons,TNP-00675,name_ar,WIKI_AR_ANC1956,bbeea71fa520,2026-08-27,medium
mandates,TNM-166521b84454,assembly_id,WIKI_AR_ANC1956,410455e30ad5,2026-08-27,medium
persons,TNP-00676,name_ar,WIKI_AR_ANC1956,616a5a077e3d,2026-08-27,medium
mandates,TNM-482ee9d2bbff,assembly_id,WIKI_AR_ANC1956,410455e30ad5,2026-08-27,medium
persons,TNP-00677,name_ar,MARSAD_ARP2014,295a20e166df,2026-08-27,medium
persons,TNP-00677,name_lat,MARSAD_ARP2014,0658a91873f5,2026-08-27,medium
persons,TNP-00677,gender,MARSAD_ARP2014,030ef4a52619,2026-08-27,medium
persons,TNP-00677,occupation_raw,MARSAD_ARP2014,5d326e24a685,2026-08-27,medium
mandates,TNM-2cc536289a3b,assembly_id,MARSAD_ARP2014,8ae3460a816d,2026-08-27,medium
persons,TNP-00468,name_ar,MARSAD_ARP2014,373308b2b12b,2026-08-27,medium
persons,TNP-00468,name_lat,MARSAD_ARP2014,0a60e26b0475,2026-08-27,medium
persons,TNP-00468,gender,MARSAD_ARP2014,030ef4a52619,2026-08-27,medium
persons,TNP-00468,occupation_raw,MARSAD_ARP2014,3c6aa52e32d3,2026-08-27,medium
mandates,TNM-c0498ddde173,assembly_id,MARSAD_ARP2014,8ae3460a816d,2026-08-27,medium
persons,TNP-00678,name_ar,MARSAD_ARP2014,c8ccc20baf9c,2026-08-27,medium
persons,TNP-00678,name_lat,MARSAD_ARP2014,cc12eca4716b,2026-08-27,medium
persons,TNP-00678,gender,MARSAD_ARP2014,030ef4a52619,2026-08-27,medium
persons,TNP-00678,occupation_raw,MARSAD_ARP2014,5d326e24a685,2026-08-27,medium
mandates,TNM-4e604ead8d03,assembly_id,MARSAD_ARP2014,8ae3460a816d,2026-08-27,medium
persons,TNP-00679,name_ar,MARSAD_ARP2014,bcc57d0b8a32,2026-08-27,medium
persons,TNP-00679,name_lat,MARSAD_ARP2014,ea891d75c057,2026-08-27,medium
persons,TNP-00679,gender,MARSAD_ARP2014,030ef4a52619,2026-08-27,medium
persons,TNP-00679,occupation_raw,MARSAD_ARP2014,ccdd22b694aa,2026-08-27,medium
mandates,TNM-2f6fb932e7ff,assembly_id,MARSAD_ARP2014,8ae3460a816d,2026-08-27,medium
persons,TNP-00680,name_ar,MARSAD_ARP2014,e5062916c549,2026-08-27,medium
persons,TNP-00680,name_lat,MARSAD_ARP2014,d3e42630b5cb,2026-08-27,medium
persons,TNP-00680,gender,MARSAD_ARP2014,030ef4a52619,2026-08-27,medium
persons,TNP-00680,occupation_raw,MARSAD_ARP2014,471e98a3311b,2026-08-27,medium
mandates,TNM-0e2a83c9f1aa,assembly_id,MARSAD_ARP2014,8ae3460a816d,2026-08-27,medium
persons,TNP-00681,name_ar,MARSAD_ARP2014,329ad9983d2d,2026-08-27,medium
persons,TNP-00681,name_lat,MARSAD_ARP2014,ba92518dc379,2026-08-27,medium
persons,TNP-00681,gender,MARSAD_ARP2014,030ef4a52619,2026-08-27,medium
persons,TNP-00681,occupation_raw,MARSAD_ARP2014,efe24c54b6a4,2026-08-27,medium
mandates,TNM-8f2b5e08de20,assembly_id,MARSAD_ARP2014,8ae3460a816d,2026-08-27,medium
persons,TNP-00682,name_ar,MARSAD_ARP2014,207969e9922e,2026-08-27,medium
persons,TNP-00682,name_lat,MARSAD_ARP2014,429f4363fac9,2026-08-27,medium
persons,TNP-00682,gender,MARSAD_ARP2014,030ef4a52619,2026-08-27,medium
mandates,TNM-3964a066e807,assembly_id,MARSAD_ARP2014,8ae3460a816d,2026-08-27,medium
persons,TNP-00683,name_ar,MARSAD_ARP2014,5f532cec10d3,2026-08-27,medium
persons,TNP-00683,name_lat,MARSAD_ARP2014,4a463634156b,2026-08-27,medium
persons,TNP-00683,gender,MARSAD_ARP2014,030ef4a52619,2026-08-27,medium
persons,TNP-00683,occupation_raw,MARSAD_ARP2014,6e142d69fff1,2026-08-27,medium
mandates,TNM-70616f33a177,assembly_id,MARSAD_ARP2014,8ae3460a816d,2026-08-27,medium
persons,TNP-00684,name_ar,MARSAD_ARP2014,4b08a70657ac,2026-08-27,medium
persons,TNP-00684,name_lat,MARSAD_ARP2014,a48d39177ca5,2026-08-27,medium
persons,TNP-00684,gender,MARSAD_ARP2014,030ef4a52619,2026-08-27,medium
persons,TNP-00684,occupation_raw,MARSAD_ARP2014,9fbd0622dae0,2026-08-27,medium
mandates,TNM-c403407d8c2e,assembly_id,MARSAD_ARP2014,8ae3460a816d,2026-08-27,medium
persons,TNP-00685,name_ar,MARSAD_ARP2014,16e40fdcc2ad,2026-08-27,medium
persons,TNP-00685,name_lat,MARSAD_ARP2014,3310e8da1643,2026-08-27,medium
persons,TNP-00685,gender,MARSAD_ARP2014,030ef4a52619,2026-08-27,medium
persons,TNP-00685,occupation_raw,MARSAD_ARP2014,471e98a3311b,2026-08-27,medium
mandates,TNM-8cfe6dba129c,assembly_id,MARSAD_ARP2014,8ae3460a816d,2026-08-27,medium
persons,TNP-00686,name_ar,MARSAD_ARP2014,958106de5678,2026-08-27,medium
persons,TNP-00686,name_lat,MARSAD_ARP2014,54b7b70a48a4,2026-08-27,medium
persons,TNP-00686,gender,MARSAD_ARP2014,030ef4a52619,2026-08-27,medium
persons,TNP-00686,occupation_raw,MARSAD_ARP2014,6e142d69fff1,2026-08-27,medium
mandates,TNM-a2be47134dfb,assembly_id,MARSAD_ARP2014,8ae3460a816d,2026-08-27,medium
persons,TNP-00687,name_ar,MARSAD_ARP2014,5ec8be70ad4f,2026-08-27,medium
persons,TNP-00687,name_lat,MARSAD_ARP2014,a3805a4524d2,2026-08-27,medium
persons,TNP-00687,gender,MARSAD_ARP2014,030ef4a52619,2026-08-27,medium
persons,TNP-00687,occupation_raw,MARSAD_ARP2014,83628ae27ee9,2026-08-27,medium
mandates,TNM-9b85e703d000,assembly_id,MARSAD_ARP2014,8ae3460a816d,2026-08-27,medium
persons,TNP-00688,name_ar,MARSAD_ARP2014,6094b16df998,2026-08-27,medium
persons,TNP-00688,name_lat,MARSAD_ARP2014,a19db583d9f5,2026-08-27,medium
persons,TNP-00688,gender,MARSAD_ARP2014,96a1a08dcded,2026-08-27,medium
persons,TNP-00688,occupation_raw,MARSAD_ARP2014,6e142d69fff1,2026-08-27,medium
mandates,TNM-a1734bc699e4,assembly_id,MARSAD_ARP2014,8ae3460a816d,2026-08-27,medium
persons,TNP-00163,name_ar,MARSAD_ARP2014,9a296af1860c,2026-08-27,medium
persons,TNP-00163,name_lat,MARSAD_ARP2014,d4a10483b53a,2026-08-27,medium
persons,TNP-00163,gender,MARSAD_ARP2014,030ef4a52619,2026-08-27,medium
persons,TNP-00163,occupation_raw,MARSAD_ARP2014,a41214a26360,2026-08-27,medium
mandates,TNM-0c41c34bcc6a,assembly_id,MARSAD_ARP2014,8ae3460a816d,2026-08-27,medium
persons,TNP-00689,name_ar,MARSAD_ARP2014,45ace21a3de1,2026-08-27,medium
persons,TNP-00689,name_lat,MARSAD_ARP2014,d3cdba0d03cc,2026-08-27,medium
persons,TNP-00689,gender,MARSAD_ARP2014,030ef4a52619,2026-08-27,medium
persons,TNP-00689,occupation_raw,MARSAD_ARP2014,9fbd0622dae0,2026-08-27,medium
mandates,TNM-5dbdb9453c75,assembly_id,MARSAD_ARP2014,8ae3460a816d,2026-08-27,medium
persons,TNP-00369,name_ar,MARSAD_ARP2014,12e48f9a6200,2026-08-27,medium
persons,TNP-00369,name_lat,MARSAD_ARP2014,3ea6986a50d2,2026-08-27,medium
persons,TNP-00369,gender,MARSAD_ARP2014,030ef4a52619,2026-08-27,medium
persons,TNP-00369,occupation_raw,MARSAD_ARP2014,eb9f9a84809c,2026-08-27,medium
mandates,TNM-d5f64f75e957,assembly_id,MARSAD_ARP2014,8ae3460a816d,2026-08-27,medium
persons,TNP-00690,name_ar,MARSAD_ARP2014,689e43946c9a,2026-08-27,medium
persons,TNP-00690,name_lat,MARSAD_ARP2014,46a8a67a912f,2026-08-27,medium
persons,TNP-00690,gender,MARSAD_ARP2014,030ef4a52619,2026-08-27,medium
persons,TNP-00690,occupation_raw,MARSAD_ARP2014,471e98a3311b,2026-08-27,medium
mandates,TNM-85701e917547,assembly_id,MARSAD_ARP2014,8ae3460a816d,2026-08-27,medium
persons,TNP-00691,name_ar,MARSAD_ARP2014,5133e34fe9e1,2026-08-27,medium
persons,TNP-00691,name_lat,MARSAD_ARP2014,a535375fa1f2,2026-08-27,medium
persons,TNP-00691,gender,MARSAD_ARP2014,030ef4a52619,2026-08-27,medium
persons,TNP-00691,occupation_raw,MARSAD_ARP2014,5d326e24a685,2026-08-27,medium
mandates,TNM-7fd9e8ba947f,assembly_id,MARSAD_ARP2014,8ae3460a816d,2026-08-27,medium
persons,TNP-00692,name_ar,MARSAD_ARP2014,c6678233e425,2026-08-27,medium
persons,TNP-00692,name_lat,MARSAD_ARP2014,9a529e8fa5b2,2026-08-27,medium
persons,TNP-00692,gender,MARSAD_ARP2014,030ef4a52619,2026-08-27,medium
persons,TNP-00692,occupation_raw,MARSAD_ARP2014,595b35052213,2026-08-27,medium
mandates,TNM-2166ea1b24c1,assembly_id,MARSAD_ARP2014,8ae3460a816d,2026-08-27,medium
persons,TNP-00693,name_ar,MARSAD_ARP2014,60a14a8632e8,2026-08-27,medium
persons,TNP-00693,name_lat,MARSAD_ARP2014,83fa54e96ebc,2026-08-27,medium
persons,TNP-00693,gender,MARSAD_ARP2014,030ef4a52619,2026-08-27,medium
persons,TNP-00693,occupation_raw,MARSAD_ARP2014,9fbd0622dae0,2026-08-27,medium
mandates,TNM-5b8606bd23df,assembly_id,MARSAD_ARP2014,8ae3460a816d,2026-08-27,medium
persons,TNP-00694,name_ar,MARSAD_ARP2014,2487bada67e1,2026-08-27,medium
persons,TNP-00694,name_lat,MARSAD_ARP2014,2efcb7b4806e,2026-08-27,medium
persons,TNP-00694,gender,MARSAD_ARP2014,030ef4a52619,2026-08-27,medium
persons,TNP-00694,occupation_raw,MARSAD_ARP2014,ea2800d6e867,2026-08-27,medium
mandates,TNM-6bbe5956acb3,assembly_id,MARSAD_ARP2014,8ae3460a816d,2026-08-27,medium
persons,TNP-00695,name_ar,MARSAD_ARP2014,0ce996c49ea3,2026-08-27,medium
persons,TNP-00695,name_lat,MARSAD_ARP2014,35f4660a83f2,2026-08-27,medium
persons,TNP-00695,gender,MARSAD_ARP2014,030ef4a52619,2026-08-27,medium
persons,TNP-00695,occupation_raw,MARSAD_ARP2014,7aa976a648e5,2026-08-27,medium
mandates,TNM-5adaa3badd9b,assembly_id,MARSAD_ARP2014,8ae3460a816d,2026-08-27,medium
persons,TNP-00696,name_ar,MARSAD_ARP2014,1cd896c1880f,2026-08-27,medium
persons,TNP-00696,name_lat,MARSAD_ARP2014,fa896175950f,2026-08-27,medium
persons,TNP-00696,gender,MARSAD_ARP2014,96a1a08dcded,2026-08-27,medium
persons,TNP-00696,occupation_raw,MARSAD_ARP2014,9ac0bbb8ad65,2026-08-27,medium
mandates,TNM-287e8876911a,assembly_id,MARSAD_ARP2014,8ae3460a816d,2026-08-27,medium
persons,TNP-00174,name_ar,MARSAD_ARP2014,1bf50741da52,2026-08-27,medium
persons,TNP-00174,name_lat,MARSAD_ARP2014,ab5d9899a2a6,2026-08-27,medium
persons,TNP-00174,gender,MARSAD_ARP2014,030ef4a52619,2026-08-27,medium
persons,TNP-00174,occupation_raw,MARSAD_ARP2014,f4ceb5a464c8,2026-08-27,medium
mandates,TNM-0f73c123b5c2,assembly_id,MARSAD_ARP2014,8ae3460a816d,2026-08-27,medium
persons,TNP-00697,name_ar,MARSAD_ARP2014,a65ecb5b85b2,2026-08-27,medium
persons,TNP-00697,name_lat,MARSAD_ARP2014,958be40d91e8,2026-08-27,medium
persons,TNP-00697,gender,MARSAD_ARP2014,96a1a08dcded,2026-08-27,medium
mandates,TNM-574b7a64ea86,assembly_id,MARSAD_ARP2014,8ae3460a816d,2026-08-27,medium
persons,TNP-00698,name_ar,MARSAD_ARP2014,1228de9fc6a2,2026-08-27,medium
persons,TNP-00698,name_lat,MARSAD_ARP2014,1f5f6883858e,2026-08-27,medium
persons,TNP-00698,gender,MARSAD_ARP2014,030ef4a52619,2026-08-27,medium
persons,TNP-00698,occupation_raw,MARSAD_ARP2014,a41214a26360,2026-08-27,medium
mandates,TNM-b55b4ad22966,assembly_id,MARSAD_ARP2014,8ae3460a816d,2026-08-27,medium
persons,TNP-00178,name_ar,MARSAD_ARP2014,2825ddce11ce,2026-08-27,medium
persons,TNP-00178,name_lat,MARSAD_ARP2014,b94c4b21d550,2026-08-27,medium
persons,TNP-00178,gender,MARSAD_ARP2014,96a1a08dcded,2026-08-27,medium
persons,TNP-00178,occupation_raw,MARSAD_ARP2014,8ffd7625db55,2026-08-27,medium
mandates,TNM-60c717faa516,assembly_id,MARSAD_ARP2014,8ae3460a816d,2026-08-27,medium
persons,TNP-00699,name_ar,MARSAD_ARP2014,f48037079266,2026-08-27,medium
persons,TNP-00699,name_lat,MARSAD_ARP2014,59d606d7f8d4,2026-08-27,medium
persons,TNP-00699,gender,MARSAD_ARP2014,96a1a08dcded,2026-08-27,medium
persons,TNP-00699,occupation_raw,MARSAD_ARP2014,02e8b3345cbb,2026-08-27,medium
mandates,TNM-8cfbd7fb178b,assembly_id,MARSAD_ARP2014,8ae3460a816d,2026-08-27,medium
persons,TNP-00700,name_ar,MARSAD_ARP2014,7634bf08d75c,2026-08-27,medium
persons,TNP-00700,name_lat,MARSAD_ARP2014,6f5e5873df12,2026-08-27,medium
persons,TNP-00700,gender,MARSAD_ARP2014,030ef4a52619,2026-08-27,medium
persons,TNP-00700,occupation_raw,MARSAD_ARP2014,595b35052213,2026-08-27,medium
mandates,TNM-bd72c6bc65e0,assembly_id,MARSAD_ARP2014,8ae3460a816d,2026-08-27,medium
persons,TNP-00701,name_ar,MARSAD_ARP2014,856b2c9a8054,2026-08-27,medium
persons,TNP-00701,name_lat,MARSAD_ARP2014,6c91b069b1f1,2026-08-27,medium
persons,TNP-00701,gender,MARSAD_ARP2014,030ef4a52619,2026-08-27,medium
persons,TNP-00701,occupation_raw,MARSAD_ARP2014,eb9f9a84809c,2026-08-27,medium
mandates,TNM-c8c1bb849cab,assembly_id,MARSAD_ARP2014,8ae3460a816d,2026-08-27,medium
persons,TNP-00404,name_ar,MARSAD_ARP2014,8378b8f17992,2026-08-27,medium
persons,TNP-00404,name_lat,MARSAD_ARP2014,17d82e5df1f9,2026-08-27,medium
persons,TNP-00404,gender,MARSAD_ARP2014,96a1a08dcded,2026-08-27,medium
persons,TNP-00404,occupation_raw,MARSAD_ARP2014,3c6aa52e32d3,2026-08-27,medium
mandates,TNM-12c8863f030d,assembly_id,MARSAD_ARP2014,8ae3460a816d,2026-08-27,medium
persons,TNP-00702,name_ar,MARSAD_ARP2014,9a02d32bed30,2026-08-27,medium
persons,TNP-00702,name_lat,MARSAD_ARP2014,f206a1299b56,2026-08-27,medium
persons,TNP-00702,gender,MARSAD_ARP2014,030ef4a52619,2026-08-27,medium
persons,TNP-00702,occupation_raw,MARSAD_ARP2014,83628ae27ee9,2026-08-27,medium
mandates,TNM-8ac1dafa0892,assembly_id,MARSAD_ARP2014,8ae3460a816d,2026-08-27,medium
persons,TNP-00703,name_ar,MARSAD_ARP2014,8d717c962837,2026-08-27,medium
persons,TNP-00703,name_lat,MARSAD_ARP2014,4abea2908ea7,2026-08-27,medium
persons,TNP-00703,gender,MARSAD_ARP2014,030ef4a52619,2026-08-27,medium
persons,TNP-00703,occupation_raw,MARSAD_ARP2014,471e98a3311b,2026-08-27,medium
mandates,TNM-aa9865eb3732,assembly_id,MARSAD_ARP2014,8ae3460a816d,2026-08-27,medium
persons,TNP-00183,name_ar,MARSAD_ARP2014,1b8dc2aeb844,2026-08-27,medium
persons,TNP-00183,name_lat,MARSAD_ARP2014,e1c86b0c4076,2026-08-27,medium
persons,TNP-00183,gender,MARSAD_ARP2014,030ef4a52619,2026-08-27,medium
persons,TNP-00183,occupation_raw,MARSAD_ARP2014,5d326e24a685,2026-08-27,medium
mandates,TNM-9a8c14ec82d9,assembly_id,MARSAD_ARP2014,8ae3460a816d,2026-08-27,medium
persons,TNP-00704,name_ar,MARSAD_ARP2014,5cfb16e0e8ed,2026-08-27,medium
persons,TNP-00704,name_lat,MARSAD_ARP2014,adda489a2fc9,2026-08-27,medium
persons,TNP-00704,gender,MARSAD_ARP2014,030ef4a52619,2026-08-27,medium
persons,TNP-00704,occupation_raw,MARSAD_ARP2014,13ac031f7f09,2026-08-27,medium
mandates,TNM-3b238740ecc4,assembly_id,MARSAD_ARP2014,8ae3460a816d,2026-08-27,medium
persons,TNP-00705,name_ar,MARSAD_ARP2014,15fa737e1368,2026-08-27,medium
persons,TNP-00705,name_lat,MARSAD_ARP2014,3e6a4be616a1,2026-08-27,medium
persons,TNP-00705,gender,MARSAD_ARP2014,96a1a08dcded,2026-08-27,medium
persons,TNP-00705,occupation_raw,MARSAD_ARP2014,5d326e24a685,2026-08-27,medium
mandates,TNM-b0db33e7ef28,assembly_id,MARSAD_ARP2014,8ae3460a816d,2026-08-27,medium
persons,TNP-00706,name_ar,MARSAD_ARP2014,7f8dd851db9a,2026-08-27,medium
persons,TNP-00706,name_lat,MARSAD_ARP2014,5b0b3bc28140,2026-08-27,medium
persons,TNP-00706,gender,MARSAD_ARP2014,96a1a08dcded,2026-08-27,medium
persons,TNP-00706,occupation_raw,MARSAD_ARP2014,f4ceb5a464c8,2026-08-27,medium
mandates,TNM-baff0ee66ab1,assembly_id,MARSAD_ARP2014,8ae3460a816d,2026-08-27,medium
persons,TNP-00707,name_ar,MARSAD_ARP2014,e1e93dd0ed39,2026-08-27,medium
persons,TNP-00707,name_lat,MARSAD_ARP2014,29f0572c9dcc,2026-08-27,medium
persons,TNP-00707,gender,MARSAD_ARP2014,030ef4a52619,2026-08-27,medium
persons,TNP-00707,occupation_raw,MARSAD_ARP2014,9e1c5d39686f,2026-08-27,medium
mandates,TNM-f643c1431068,assembly_id,MARSAD_ARP2014,8ae3460a816d,2026-08-27,medium
persons,TNP-00708,name_ar,MARSAD_ARP2014,3bd2dc2ae571,2026-08-27,medium
persons,TNP-00708,name_lat,MARSAD_ARP2014,dd4caac7a1f6,2026-08-27,medium
persons,TNP-00708,gender,MARSAD_ARP2014,030ef4a52619,2026-08-27,medium
persons,TNP-00708,occupation_raw,MARSAD_ARP2014,eb9f9a84809c,2026-08-27,medium
mandates,TNM-563e22055184,assembly_id,MARSAD_ARP2014,8ae3460a816d,2026-08-27,medium
persons,TNP-00709,name_ar,MARSAD_ARP2014,a4370c07e75d,2026-08-27,medium
persons,TNP-00709,name_lat,MARSAD_ARP2014,371bdcda8abc,2026-08-27,medium
persons,TNP-00709,gender,MARSAD_ARP2014,96a1a08dcded,2026-08-27,medium
persons,TNP-00709,occupation_raw,MARSAD_ARP2014,13ac031f7f09,2026-08-27,medium
mandates,TNM-06a8ffb93bd9,assembly_id,MARSAD_ARP2014,8ae3460a816d,2026-08-27,medium
persons,TNP-00710,name_ar,MARSAD_ARP2014,fa844611397c,2026-08-27,medium
persons,TNP-00710,name_lat,MARSAD_ARP2014,661a2099621b,2026-08-27,medium
persons,TNP-00710,gender,MARSAD_ARP2014,030ef4a52619,2026-08-27,medium
persons,TNP-00710,occupation_raw,MARSAD_ARP2014,5d326e24a685,2026-08-27,medium
mandates,TNM-211b1450c6a0,assembly_id,MARSAD_ARP2014,8ae3460a816d,2026-08-27,medium
persons,TNP-00711,name_ar,MARSAD_ARP2014,636dbea1226a,2026-08-27,medium
persons,TNP-00711,name_lat,MARSAD_ARP2014,79ea130e289b,2026-08-27,medium
persons,TNP-00711,gender,MARSAD_ARP2014,030ef4a52619,2026-08-27,medium
persons,TNP-00711,occupation_raw,MARSAD_ARP2014,f4ceb5a464c8,2026-08-27,medium
mandates,TNM-dc40efa08ec5,assembly_id,MARSAD_ARP2014,8ae3460a816d,2026-08-27,medium
persons,TNP-00422,name_ar,MARSAD_ARP2014,ba619d3a5bec,2026-08-27,medium
persons,TNP-00422,name_lat,MARSAD_ARP2014,971e641ff17d,2026-08-27,medium
persons,TNP-00422,gender,MARSAD_ARP2014,96a1a08dcded,2026-08-27,medium
persons,TNP-00422,occupation_raw,MARSAD_ARP2014,3c6aa52e32d3,2026-08-27,medium
mandates,TNM-7581d105b296,assembly_id,MARSAD_ARP2014,8ae3460a816d,2026-08-27,medium
persons,TNP-00712,name_ar,MARSAD_ARP2014,e899fbaa23c7,2026-08-27,medium
persons,TNP-00712,name_lat,MARSAD_ARP2014,e9afd773613b,2026-08-27,medium
persons,TNP-00712,gender,MARSAD_ARP2014,96a1a08dcded,2026-08-27,medium
persons,TNP-00712,occupation_raw,MARSAD_ARP2014,f4ceb5a464c8,2026-08-27,medium
mandates,TNM-2886f82c1b8c,assembly_id,MARSAD_ARP2014,8ae3460a816d,2026-08-27,medium
persons,TNP-00713,name_ar,MARSAD_ARP2014,68a926934c29,2026-08-27,medium
persons,TNP-00713,name_lat,MARSAD_ARP2014,bacc968e1bc5,2026-08-27,medium
persons,TNP-00713,gender,MARSAD_ARP2014,96a1a08dcded,2026-08-27,medium
persons,TNP-00713,occupation_raw,MARSAD_ARP2014,7aa976a648e5,2026-08-27,medium
mandates,TNM-d236b529a1f9,assembly_id,MARSAD_ARP2014,8ae3460a816d,2026-08-27,medium
persons,TNP-00191,name_ar,MARSAD_ARP2014,9ed50eb65e1e,2026-08-27,medium
persons,TNP-00191,name_lat,MARSAD_ARP2014,fa3b9a4573fb,2026-08-27,medium
persons,TNP-00191,gender,MARSAD_ARP2014,96a1a08dcded,2026-08-27,medium
persons,TNP-00191,occupation_raw,MARSAD_ARP2014,eb9f9a84809c,2026-08-27,medium
mandates,TNM-85c51ac5528c,assembly_id,MARSAD_ARP2014,8ae3460a816d,2026-08-27,medium
persons,TNP-00714,name_ar,MARSAD_ARP2014,e46e80c29acf,2026-08-27,medium
persons,TNP-00714,name_lat,MARSAD_ARP2014,6c567d9ad1b4,2026-08-27,medium
persons,TNP-00714,gender,MARSAD_ARP2014,96a1a08dcded,2026-08-27,medium
persons,TNP-00714,occupation_raw,MARSAD_ARP2014,a41214a26360,2026-08-27,medium
mandates,TNM-6a401e4c54cc,assembly_id,MARSAD_ARP2014,8ae3460a816d,2026-08-27,medium
persons,TNP-00715,name_ar,MARSAD_ARP2014,84df44822454,2026-08-27,medium
persons,TNP-00715,name_lat,MARSAD_ARP2014,a24a80cd9a18,2026-08-27,medium
persons,TNP-00715,gender,MARSAD_ARP2014,96a1a08dcded,2026-08-27,medium
mandates,TNM-e75bbc4fd274,assembly_id,MARSAD_ARP2014,8ae3460a816d,2026-08-27,medium
persons,TNP-00199,name_ar,MARSAD_ARP2014,2f72d51ec711,2026-08-27,medium
persons,TNP-00199,name_lat,MARSAD_ARP2014,7d52699e002c,2026-08-27,medium
persons,TNP-00199,gender,MARSAD_ARP2014,030ef4a52619,2026-08-27,medium
persons,TNP-00199,occupation_raw,MARSAD_ARP2014,eb9f9a84809c,2026-08-27,medium
mandates,TNM-7132c43a8150,assembly_id,MARSAD_ARP2014,8ae3460a816d,2026-08-27,medium
persons,TNP-00716,name_ar,MARSAD_ARP2014,5fefd5a22bef,2026-08-27,medium
persons,TNP-00716,name_lat,MARSAD_ARP2014,c860888715e7,2026-08-27,medium
persons,TNP-00716,gender,MARSAD_ARP2014,030ef4a52619,2026-08-27,medium
persons,TNP-00716,occupation_raw,MARSAD_ARP2014,f4ceb5a464c8,2026-08-27,medium
mandates,TNM-ebc9357067de,assembly_id,MARSAD_ARP2014,8ae3460a816d,2026-08-27,medium
persons,TNP-00058,name_ar,MARSAD_ARP2014,65ee3a9a0233,2026-08-27,medium
persons,TNP-00058,name_lat,MARSAD_ARP2014,94562f78b55f,2026-08-27,medium
persons,TNP-00058,gender,MARSAD_ARP2014,96a1a08dcded,2026-08-27,medium
persons,TNP-00058,occupation_raw,MARSAD_ARP2014,d6a20112eeae,2026-08-27,medium
mandates,TNM-c7e7e71adc7a,assembly_id,MARSAD_ARP2014,8ae3460a816d,2026-08-27,medium
persons,TNP-00717,name_ar,MARSAD_ARP2014,ac9645d98a4a,2026-08-27,medium
persons,TNP-00717,name_lat,MARSAD_ARP2014,82ce2322f139,2026-08-27,medium
persons,TNP-00717,gender,MARSAD_ARP2014,030ef4a52619,2026-08-27,medium
persons,TNP-00717,occupation_raw,MARSAD_ARP2014,13ac031f7f09,2026-08-27,medium
mandates,TNM-bba199621ae7,assembly_id,MARSAD_ARP2014,8ae3460a816d,2026-08-27,medium
persons,TNP-00203,name_ar,MARSAD_ARP2014,e6145f708ad4,2026-08-27,medium
persons,TNP-00203,name_lat,MARSAD_ARP2014,1522a6ffd42f,2026-08-27,medium
persons,TNP-00203,gender,MARSAD_ARP2014,030ef4a52619,2026-08-27,medium
persons,TNP-00203,occupation_raw,MARSAD_ARP2014,595b35052213,2026-08-27,medium
mandates,TNM-ea7a428214c3,assembly_id,MARSAD_ARP2014,8ae3460a816d,2026-08-27,medium
persons,TNP-00204,name_ar,MARSAD_ARP2014,6f96ec6ffb5a,2026-08-27,medium
persons,TNP-00204,name_lat,MARSAD_ARP2014,7ae46d0ca148,2026-08-27,medium
persons,TNP-00204,gender,MARSAD_ARP2014,96a1a08dcded,2026-08-27,medium
persons,TNP-00204,occupation_raw,MARSAD_ARP2014,5d326e24a685,2026-08-27,medium
mandates,TNM-c3e74b9c51cf,assembly_id,MARSAD_ARP2014,8ae3460a816d,2026-08-27,medium
persons,TNP-00718,name_ar,MARSAD_ARP2014,e5a2ab283ad1,2026-08-27,medium
persons,TNP-00718,name_lat,MARSAD_ARP2014,02848dfc9e87,2026-08-27,medium
persons,TNP-00718,gender,MARSAD_ARP2014,030ef4a52619,2026-08-27,medium
persons,TNP-00718,occupation_raw,MARSAD_ARP2014,5d326e24a685,2026-08-27,medium
mandates,TNM-15bf8351eea2,assembly_id,MARSAD_ARP2014,8ae3460a816d,2026-08-27,medium
persons,TNP-00383,name_ar,MARSAD_ARP2014,d6b34a781cb4,2026-08-27,medium
persons,TNP-00383,name_lat,MARSAD_ARP2014,762ef99e74ef,2026-08-27,medium
persons,TNP-00383,gender,MARSAD_ARP2014,030ef4a52619,2026-08-27,medium
persons,TNP-00383,occupation_raw,MARSAD_ARP2014,5d326e24a685,2026-08-27,medium
mandates,TNM-df6fb1a17cf5,assembly_id,MARSAD_ARP2014,8ae3460a816d,2026-08-27,medium
persons,TNP-00208,name_ar,MARSAD_ARP2014,c97196a5426f,2026-08-27,medium
persons,TNP-00208,name_lat,MARSAD_ARP2014,2b6082238916,2026-08-27,medium
persons,TNP-00208,gender,MARSAD_ARP2014,030ef4a52619,2026-08-27,medium
persons,TNP-00208,occupation_raw,MARSAD_ARP2014,83628ae27ee9,2026-08-27,medium
mandates,TNM-9cc5a12445e6,assembly_id,MARSAD_ARP2014,8ae3460a816d,2026-08-27,medium
persons,TNP-00719,name_ar,MARSAD_ARP2014,febf946bad5e,2026-08-27,medium
persons,TNP-00719,name_lat,MARSAD_ARP2014,e6dd7d3d0095,2026-08-27,medium
persons,TNP-00719,gender,MARSAD_ARP2014,96a1a08dcded,2026-08-27,medium
mandates,TNM-c6e586c779ee,assembly_id,MARSAD_ARP2014,8ae3460a816d,2026-08-27,medium
persons,TNP-00720,name_ar,MARSAD_ARP2014,ad59bb67fd52,2026-08-27,medium
persons,TNP-00720,name_lat,MARSAD_ARP2014,44a935ba2f0f,2026-08-27,medium
persons,TNP-00720,gender,MARSAD_ARP2014,030ef4a52619,2026-08-27,medium
persons,TNP-00720,occupation_raw,MARSAD_ARP2014,13ac031f7f09,2026-08-27,medium
mandates,TNM-d7de000dc770,assembly_id,MARSAD_ARP2014,8ae3460a816d,2026-08-27,medium
persons,TNP-00212,name_ar,MARSAD_ARP2014,8013a8d9ae65,2026-08-27,medium
persons,TNP-00212,name_lat,MARSAD_ARP2014,d7443d40853e,2026-08-27,medium
persons,TNP-00212,gender,MARSAD_ARP2014,030ef4a52619,2026-08-27,medium
persons,TNP-00212,occupation_raw,MARSAD_ARP2014,13ac031f7f09,2026-08-27,medium
mandates,TNM-cedfeac7f4c7,assembly_id,MARSAD_ARP2014,8ae3460a816d,2026-08-27,medium
persons,TNP-00721,name_ar,MARSAD_ARP2014,175ae7be542e,2026-08-27,medium
persons,TNP-00721,name_lat,MARSAD_ARP2014,e74889ea4ec2,2026-08-27,medium
persons,TNP-00721,gender,MARSAD_ARP2014,030ef4a52619,2026-08-27,medium
persons,TNP-00721,occupation_raw,MARSAD_ARP2014,5d326e24a685,2026-08-27,medium
mandates,TNM-7b6cf90a63f9,assembly_id,MARSAD_ARP2014,8ae3460a816d,2026-08-27,medium
persons,TNP-00722,name_ar,MARSAD_ARP2014,b2efdf4b8258,2026-08-27,medium
persons,TNP-00722,name_lat,MARSAD_ARP2014,b24e55e16fe4,2026-08-27,medium
persons,TNP-00722,gender,MARSAD_ARP2014,96a1a08dcded,2026-08-27,medium
persons,TNP-00722,occupation_raw,MARSAD_ARP2014,8daf3738eeb3,2026-08-27,medium
mandates,TNM-b81a0eaf9897,assembly_id,MARSAD_ARP2014,8ae3460a816d,2026-08-27,medium
persons,TNP-00217,name_ar,MARSAD_ARP2014,9deb069aebc5,2026-08-27,medium
persons,TNP-00217,name_lat,MARSAD_ARP2014,9dba91926913,2026-08-27,medium
persons,TNP-00217,gender,MARSAD_ARP2014,96a1a08dcded,2026-08-27,medium
persons,TNP-00217,occupation_raw,MARSAD_ARP2014,d6a20112eeae,2026-08-27,medium
mandates,TNM-a25077741d11,assembly_id,MARSAD_ARP2014,8ae3460a816d,2026-08-27,medium
persons,TNP-00723,name_ar,MARSAD_ARP2014,768f31637c07,2026-08-27,medium
persons,TNP-00723,name_lat,MARSAD_ARP2014,c65114ab58f7,2026-08-27,medium
persons,TNP-00723,gender,MARSAD_ARP2014,030ef4a52619,2026-08-27,medium
persons,TNP-00723,occupation_raw,MARSAD_ARP2014,a41214a26360,2026-08-27,medium
mandates,TNM-f0bced83b97b,assembly_id,MARSAD_ARP2014,8ae3460a816d,2026-08-27,medium
persons,TNP-00394,name_ar,MARSAD_ARP2014,e28c9f4c0d84,2026-08-27,medium
persons,TNP-00394,name_lat,MARSAD_ARP2014,85e06066262b,2026-08-27,medium
persons,TNP-00394,gender,MARSAD_ARP2014,030ef4a52619,2026-08-27,medium
persons,TNP-00394,occupation_raw,MARSAD_ARP2014,f4ceb5a464c8,2026-08-27,medium
mandates,TNM-4fa9d1615126,assembly_id,MARSAD_ARP2014,8ae3460a816d,2026-08-27,medium
persons,TNP-00724,name_ar,MARSAD_ARP2014,126b88189e16,2026-08-27,medium
persons,TNP-00724,name_lat,MARSAD_ARP2014,c261799deb63,2026-08-27,medium
persons,TNP-00724,gender,MARSAD_ARP2014,030ef4a52619,2026-08-27,medium
persons,TNP-00724,occupation_raw,MARSAD_ARP2014,13ac031f7f09,2026-08-27,medium
mandates,TNM-018a39646599,assembly_id,MARSAD_ARP2014,8ae3460a816d,2026-08-27,medium
persons,TNP-00725,name_ar,MARSAD_ARP2014,95bec2ef05ed,2026-08-27,medium
persons,TNP-00725,name_lat,MARSAD_ARP2014,a4321c29373c,2026-08-27,medium
persons,TNP-00725,gender,MARSAD_ARP2014,96a1a08dcded,2026-08-27,medium
mandates,TNM-8a7987287b76,assembly_id,MARSAD_ARP2014,8ae3460a816d,2026-08-27,medium
persons,TNP-00221,name_ar,MARSAD_ARP2014,709d47eccbe4,2026-08-27,medium
persons,TNP-00221,name_lat,MARSAD_ARP2014,8a9a3f7bba9c,2026-08-27,medium
persons,TNP-00221,gender,MARSAD_ARP2014,96a1a08dcded,2026-08-27,medium
persons,TNP-00221,occupation_raw,MARSAD_ARP2014,9ac0bbb8ad65,2026-08-27,medium
mandates,TNM-d6eb680cebdd,assembly_id,MARSAD_ARP2014,8ae3460a816d,2026-08-27,medium
persons,TNP-00726,name_ar,MARSAD_ARP2014,34d2b0e011d1,2026-08-27,medium
persons,TNP-00726,name_lat,MARSAD_ARP2014,42c99c352de1,2026-08-27,medium
persons,TNP-00726,gender,MARSAD_ARP2014,96a1a08dcded,2026-08-27,medium
persons,TNP-00726,occupation_raw,MARSAD_ARP2014,5d326e24a685,2026-08-27,medium
mandates,TNM-23996c8415e1,assembly_id,MARSAD_ARP2014,8ae3460a816d,2026-08-27,medium
persons,TNP-00548,name_ar,MARSAD_ARP2014,516f9539aa51,2026-08-27,medium
persons,TNP-00548,name_lat,MARSAD_ARP2014,6157164541de,2026-08-27,medium
persons,TNP-00548,gender,MARSAD_ARP2014,96a1a08dcded,2026-08-27,medium
persons,TNP-00548,occupation_raw,MARSAD_ARP2014,8daf3738eeb3,2026-08-27,medium
mandates,TNM-831a42ae9fea,assembly_id,MARSAD_ARP2014,8ae3460a816d,2026-08-27,medium
persons,TNP-00727,name_ar,MARSAD_ARP2014,5895d3e26ab3,2026-08-27,medium
persons,TNP-00727,name_lat,MARSAD_ARP2014,0ac5dda9d128,2026-08-27,medium
persons,TNP-00727,gender,MARSAD_ARP2014,96a1a08dcded,2026-08-27,medium
persons,TNP-00727,occupation_raw,MARSAD_ARP2014,2c0e9d4afe4a,2026-08-27,medium
mandates,TNM-3281a5577df0,assembly_id,MARSAD_ARP2014,8ae3460a816d,2026-08-27,medium
persons,TNP-00728,name_ar,MARSAD_ARP2014,3d9221c3b329,2026-08-27,medium
persons,TNP-00728,name_lat,MARSAD_ARP2014,457ac6597913,2026-08-27,medium
persons,TNP-00728,gender,MARSAD_ARP2014,030ef4a52619,2026-08-27,medium
persons,TNP-00728,occupation_raw,MARSAD_ARP2014,f4ceb5a464c8,2026-08-27,medium
mandates,TNM-988955a9169c,assembly_id,MARSAD_ARP2014,8ae3460a816d,2026-08-27,medium
persons,TNP-00729,name_ar,MARSAD_ARP2014,0b0d7ddc7574,2026-08-27,medium
persons,TNP-00729,name_lat,MARSAD_ARP2014,309f69511865,2026-08-27,medium
persons,TNP-00729,gender,MARSAD_ARP2014,030ef4a52619,2026-08-27,medium
persons,TNP-00729,occupation_raw,MARSAD_ARP2014,83628ae27ee9,2026-08-27,medium
mandates,TNM-8d24efebf4da,assembly_id,MARSAD_ARP2014,8ae3460a816d,2026-08-27,medium
persons,TNP-00730,name_ar,MARSAD_ARP2014,33091f38ee37,2026-08-27,medium
persons,TNP-00730,name_lat,MARSAD_ARP2014,055d5d88464d,2026-08-27,medium
persons,TNP-00730,gender,MARSAD_ARP2014,96a1a08dcded,2026-08-27,medium
mandates,TNM-7c5f5ef9a3ff,assembly_id,MARSAD_ARP2014,8ae3460a816d,2026-08-27,medium
persons,TNP-00731,name_ar,MARSAD_ARP2014,0fa96b08de74,2026-08-27,medium
persons,TNP-00731,name_lat,MARSAD_ARP2014,5ab02a098fd8,2026-08-27,medium
persons,TNP-00731,gender,MARSAD_ARP2014,96a1a08dcded,2026-08-27,medium
persons,TNP-00731,occupation_raw,MARSAD_ARP2014,595b35052213,2026-08-27,medium
mandates,TNM-243d2fbb0620,assembly_id,MARSAD_ARP2014,8ae3460a816d,2026-08-27,medium
persons,TNP-00732,name_ar,MARSAD_ARP2014,7a5d0b1786c4,2026-08-27,medium
persons,TNP-00732,name_lat,MARSAD_ARP2014,e615cbf92275,2026-08-27,medium
persons,TNP-00732,gender,MARSAD_ARP2014,030ef4a52619,2026-08-27,medium
persons,TNP-00732,occupation_raw,MARSAD_ARP2014,595b35052213,2026-08-27,medium
mandates,TNM-9e4612482c0b,assembly_id,MARSAD_ARP2014,8ae3460a816d,2026-08-27,medium
persons,TNP-00733,name_ar,MARSAD_ARP2014,2b0a631528a6,2026-08-27,medium
persons,TNP-00733,name_lat,MARSAD_ARP2014,eca040db9129,2026-08-27,medium
persons,TNP-00733,gender,MARSAD_ARP2014,030ef4a52619,2026-08-27,medium
persons,TNP-00733,occupation_raw,MARSAD_ARP2014,625e3fc75b99,2026-08-27,medium
mandates,TNM-b1a83dc824f8,assembly_id,MARSAD_ARP2014,8ae3460a816d,2026-08-27,medium
persons,TNP-00734,name_ar,MARSAD_ARP2014,28de7cc59b17,2026-08-27,medium
persons,TNP-00734,name_lat,MARSAD_ARP2014,efcc30e9fa27,2026-08-27,medium
persons,TNP-00734,gender,MARSAD_ARP2014,030ef4a52619,2026-08-27,medium
persons,TNP-00734,occupation_raw,MARSAD_ARP2014,13ac031f7f09,2026-08-27,medium
mandates,TNM-94c4e7f4cf9f,assembly_id,MARSAD_ARP2014,8ae3460a816d,2026-08-27,medium
persons,TNP-00735,name_ar,MARSAD_ARP2014,8e26bf5504e4,2026-08-27,medium
persons,TNP-00735,name_lat,MARSAD_ARP2014,0c869b2028a7,2026-08-27,medium
persons,TNP-00735,gender,MARSAD_ARP2014,030ef4a52619,2026-08-27,medium
persons,TNP-00735,occupation_raw,MARSAD_ARP2014,eb9f9a84809c,2026-08-27,medium
mandates,TNM-0188f4015189,assembly_id,MARSAD_ARP2014,8ae3460a816d,2026-08-27,medium
persons,TNP-00227,name_ar,MARSAD_ARP2014,a0d3f3d60c43,2026-08-27,medium
persons,TNP-00227,name_lat,MARSAD_ARP2014,2f67a833fbc6,2026-08-27,medium
persons,TNP-00227,gender,MARSAD_ARP2014,96a1a08dcded,2026-08-27,medium
persons,TNP-00227,occupation_raw,MARSAD_ARP2014,1d80a168d285,2026-08-27,medium
mandates,TNM-4a160f969f11,assembly_id,MARSAD_ARP2014,8ae3460a816d,2026-08-27,medium
persons,TNP-00736,name_ar,MARSAD_ARP2014,5792e9b4a587,2026-08-27,medium
persons,TNP-00736,name_lat,MARSAD_ARP2014,06be5910dc3e,2026-08-27,medium
persons,TNP-00736,gender,MARSAD_ARP2014,96a1a08dcded,2026-08-27,medium
persons,TNP-00736,occupation_raw,MARSAD_ARP2014,5d326e24a685,2026-08-27,medium
mandates,TNM-8ecea711e134,assembly_id,MARSAD_ARP2014,8ae3460a816d,2026-08-27,medium
persons,TNP-00737,name_ar,MARSAD_ARP2014,8d0afbab6d2b,2026-08-27,medium
persons,TNP-00737,name_lat,MARSAD_ARP2014,0223568d3735,2026-08-27,medium
persons,TNP-00737,gender,MARSAD_ARP2014,96a1a08dcded,2026-08-27,medium
persons,TNP-00737,occupation_raw,MARSAD_ARP2014,9ac0bbb8ad65,2026-08-27,medium
mandates,TNM-4e8f7be62f86,assembly_id,MARSAD_ARP2014,8ae3460a816d,2026-08-27,medium
persons,TNP-00738,name_ar,MARSAD_ARP2014,5f447f810abf,2026-08-27,medium
persons,TNP-00738,name_lat,MARSAD_ARP2014,1d988353d2f1,2026-08-27,medium
persons,TNP-00738,gender,MARSAD_ARP2014,030ef4a52619,2026-08-27,medium
persons,TNP-00738,occupation_raw,MARSAD_ARP2014,7aa976a648e5,2026-08-27,medium
mandates,TNM-84a2e311744d,assembly_id,MARSAD_ARP2014,8ae3460a816d,2026-08-27,medium
persons,TNP-00228,name_ar,MARSAD_ARP2014,c5bdc01db691,2026-08-27,medium
persons,TNP-00228,name_lat,MARSAD_ARP2014,6738a75b02d9,2026-08-27,medium
persons,TNP-00228,gender,MARSAD_ARP2014,030ef4a52619,2026-08-27,medium
persons,TNP-00228,occupation_raw,MARSAD_ARP2014,6e142d69fff1,2026-08-27,medium
mandates,TNM-0094a909a9d1,assembly_id,MARSAD_ARP2014,8ae3460a816d,2026-08-27,medium
persons,TNP-00065,name_ar,MARSAD_ARP2014,db969184590b,2026-08-27,medium
persons,TNP-00065,name_lat,MARSAD_ARP2014,6e6ccc662668,2026-08-27,medium
persons,TNP-00065,gender,MARSAD_ARP2014,030ef4a52619,2026-08-27,medium
persons,TNP-00065,occupation_raw,MARSAD_ARP2014,eb9f9a84809c,2026-08-27,medium
mandates,TNM-049e10c42336,assembly_id,MARSAD_ARP2014,8ae3460a816d,2026-08-27,medium
persons,TNP-00401,name_ar,MARSAD_ARP2014,24907219c8c5,2026-08-27,medium
persons,TNP-00401,name_lat,MARSAD_ARP2014,b76d6301afcd,2026-08-27,medium
persons,TNP-00401,gender,MARSAD_ARP2014,96a1a08dcded,2026-08-27,medium
persons,TNP-00401,occupation_raw,MARSAD_ARP2014,1b70d0de998d,2026-08-27,medium
mandates,TNM-8a8803cc1dd0,assembly_id,MARSAD_ARP2014,8ae3460a816d,2026-08-27,medium
persons,TNP-00739,name_ar,MARSAD_ARP2014,c3b210f5beb9,2026-08-27,medium
persons,TNP-00739,name_lat,MARSAD_ARP2014,5bbf20ec38c2,2026-08-27,medium
persons,TNP-00739,gender,MARSAD_ARP2014,030ef4a52619,2026-08-27,medium
persons,TNP-00739,occupation_raw,MARSAD_ARP2014,595b35052213,2026-08-27,medium
mandates,TNM-ee95a3c76883,assembly_id,MARSAD_ARP2014,8ae3460a816d,2026-08-27,medium
persons,TNP-00740,name_ar,MARSAD_ARP2014,bf3934caf19a,2026-08-27,medium
persons,TNP-00740,name_lat,MARSAD_ARP2014,3c41b181097c,2026-08-27,medium
persons,TNP-00740,gender,MARSAD_ARP2014,030ef4a52619,2026-08-27,medium
persons,TNP-00740,occupation_raw,MARSAD_ARP2014,f4ceb5a464c8,2026-08-27,medium
mandates,TNM-f8f5ac95ff5d,assembly_id,MARSAD_ARP2014,8ae3460a816d,2026-08-27,medium
persons,TNP-00741,name_ar,MARSAD_ARP2014,52ce201b6c56,2026-08-27,medium
persons,TNP-00741,name_lat,MARSAD_ARP2014,6eb38e6c4f5e,2026-08-27,medium
persons,TNP-00741,gender,MARSAD_ARP2014,030ef4a52619,2026-08-27,medium
persons,TNP-00741,occupation_raw,MARSAD_ARP2014,c04732109481,2026-08-27,medium
mandates,TNM-bee3420a70e7,assembly_id,MARSAD_ARP2014,8ae3460a816d,2026-08-27,medium
persons,TNP-00235,name_ar,MARSAD_ARP2014,91981daeb0b6,2026-08-27,medium
persons,TNP-00235,name_lat,MARSAD_ARP2014,4a7c2ddeaf5e,2026-08-27,medium
persons,TNP-00235,gender,MARSAD_ARP2014,96a1a08dcded,2026-08-27,medium
persons,TNP-00235,occupation_raw,MARSAD_ARP2014,e9f4f798cf9f,2026-08-27,medium
mandates,TNM-9f4fdb41fc7a,assembly_id,MARSAD_ARP2014,8ae3460a816d,2026-08-27,medium
persons,TNP-00236,name_ar,MARSAD_ARP2014,c7cc47d1b41b,2026-08-27,medium
persons,TNP-00236,name_lat,MARSAD_ARP2014,7c4ddfd07179,2026-08-27,medium
persons,TNP-00236,gender,MARSAD_ARP2014,96a1a08dcded,2026-08-27,medium
persons,TNP-00236,occupation_raw,MARSAD_ARP2014,eb9f9a84809c,2026-08-27,medium
mandates,TNM-a1ac8f0ace94,assembly_id,MARSAD_ARP2014,8ae3460a816d,2026-08-27,medium
persons,TNP-00742,name_ar,MARSAD_ARP2014,bf33da501c1f,2026-08-27,medium
persons,TNP-00742,name_lat,MARSAD_ARP2014,515e5f55fa65,2026-08-27,medium
persons,TNP-00742,gender,MARSAD_ARP2014,96a1a08dcded,2026-08-27,medium
persons,TNP-00742,occupation_raw,MARSAD_ARP2014,5d326e24a685,2026-08-27,medium
mandates,TNM-f07e6f840e21,assembly_id,MARSAD_ARP2014,8ae3460a816d,2026-08-27,medium
persons,TNP-00743,name_ar,MARSAD_ARP2014,a39380e60c31,2026-08-27,medium
persons,TNP-00743,name_lat,MARSAD_ARP2014,fa186b53ac77,2026-08-27,medium
persons,TNP-00743,gender,MARSAD_ARP2014,96a1a08dcded,2026-08-27,medium
persons,TNP-00743,occupation_raw,MARSAD_ARP2014,471e98a3311b,2026-08-27,medium
mandates,TNM-a49aa1c4e1e3,assembly_id,MARSAD_ARP2014,8ae3460a816d,2026-08-27,medium
persons,TNP-00744,name_ar,MARSAD_ARP2014,2f42842eb4dd,2026-08-27,medium
persons,TNP-00744,name_lat,MARSAD_ARP2014,01235b375915,2026-08-27,medium
persons,TNP-00744,gender,MARSAD_ARP2014,030ef4a52619,2026-08-27,medium
persons,TNP-00744,occupation_raw,MARSAD_ARP2014,595b35052213,2026-08-27,medium
mandates,TNM-6c33db1ff332,assembly_id,MARSAD_ARP2014,8ae3460a816d,2026-08-27,medium
persons,TNP-00492,name_ar,MARSAD_ARP2014,ea961680095a,2026-08-27,medium
persons,TNP-00492,name_lat,MARSAD_ARP2014,d2729e103b4e,2026-08-27,medium
persons,TNP-00492,gender,MARSAD_ARP2014,96a1a08dcded,2026-08-27,medium
persons,TNP-00492,occupation_raw,MARSAD_ARP2014,5d326e24a685,2026-08-27,medium
mandates,TNM-559ad2ec1b05,assembly_id,MARSAD_ARP2014,8ae3460a816d,2026-08-27,medium
persons,TNP-00745,name_ar,MARSAD_ARP2014,9217ea7b5c51,2026-08-27,medium
persons,TNP-00745,name_lat,MARSAD_ARP2014,5a6ad7b93077,2026-08-27,medium
persons,TNP-00745,gender,MARSAD_ARP2014,030ef4a52619,2026-08-27,medium
persons,TNP-00745,occupation_raw,MARSAD_ARP2014,5d326e24a685,2026-08-27,medium
mandates,TNM-5c15581e2763,assembly_id,MARSAD_ARP2014,8ae3460a816d,2026-08-27,medium
persons,TNP-00746,name_ar,MARSAD_ARP2014,b9c3458192ba,2026-08-27,medium
persons,TNP-00746,name_lat,MARSAD_ARP2014,936d9815b1aa,2026-08-27,medium
persons,TNP-00746,gender,MARSAD_ARP2014,030ef4a52619,2026-08-27,medium
persons,TNP-00746,occupation_raw,MARSAD_ARP2014,1d80a168d285,2026-08-27,medium
mandates,TNM-7f541db40fe5,assembly_id,MARSAD_ARP2014,8ae3460a816d,2026-08-27,medium
persons,TNP-00747,name_ar,MARSAD_ARP2014,3d11cb1b5a1f,2026-08-27,medium
persons,TNP-00747,name_lat,MARSAD_ARP2014,5820f6c8bde0,2026-08-27,medium
persons,TNP-00747,gender,MARSAD_ARP2014,030ef4a52619,2026-08-27,medium
persons,TNP-00747,occupation_raw,MARSAD_ARP2014,b0825e1d9a28,2026-08-27,medium
mandates,TNM-85ea7fafd040,assembly_id,MARSAD_ARP2014,8ae3460a816d,2026-08-27,medium
persons,TNP-00748,name_ar,MARSAD_ARP2014,188645e3e140,2026-08-27,medium
persons,TNP-00748,name_lat,MARSAD_ARP2014,5956506de744,2026-08-27,medium
persons,TNP-00748,gender,MARSAD_ARP2014,96a1a08dcded,2026-08-27,medium
mandates,TNM-765ead7028e4,assembly_id,MARSAD_ARP2014,8ae3460a816d,2026-08-27,medium
persons,TNP-00749,name_ar,MARSAD_ARP2014,12ddc96c5c34,2026-08-27,medium
persons,TNP-00749,name_lat,MARSAD_ARP2014,cb5e508da20c,2026-08-27,medium
persons,TNP-00749,gender,MARSAD_ARP2014,030ef4a52619,2026-08-27,medium
persons,TNP-00749,occupation_raw,MARSAD_ARP2014,f4ceb5a464c8,2026-08-27,medium
mandates,TNM-634d23df6ddf,assembly_id,MARSAD_ARP2014,8ae3460a816d,2026-08-27,medium
persons,TNP-00750,name_ar,MARSAD_ARP2014,c22dd21aed21,2026-08-27,medium
persons,TNP-00750,name_lat,MARSAD_ARP2014,9c1030bca1c3,2026-08-27,medium
persons,TNP-00750,gender,MARSAD_ARP2014,96a1a08dcded,2026-08-27,medium
persons,TNP-00750,occupation_raw,MARSAD_ARP2014,d6a20112eeae,2026-08-27,medium
mandates,TNM-a3a243efcd2e,assembly_id,MARSAD_ARP2014,8ae3460a816d,2026-08-27,medium
persons,TNP-00751,name_ar,MARSAD_ARP2014,ba59383e406f,2026-08-27,medium
persons,TNP-00751,name_lat,MARSAD_ARP2014,7216e05053a3,2026-08-27,medium
persons,TNP-00751,gender,MARSAD_ARP2014,030ef4a52619,2026-08-27,medium
persons,TNP-00751,occupation_raw,MARSAD_ARP2014,1d80a168d285,2026-08-27,medium
mandates,TNM-3d060c2b649b,assembly_id,MARSAD_ARP2014,8ae3460a816d,2026-08-27,medium
persons,TNP-00752,name_ar,MARSAD_ARP2014,f5b917b1a263,2026-08-27,medium
persons,TNP-00752,name_lat,MARSAD_ARP2014,21ede714f0d6,2026-08-27,medium
persons,TNP-00752,gender,MARSAD_ARP2014,030ef4a52619,2026-08-27,medium
persons,TNP-00752,occupation_raw,MARSAD_ARP2014,eb9f9a84809c,2026-08-27,medium
mandates,TNM-c64a5803dc0b,assembly_id,MARSAD_ARP2014,8ae3460a816d,2026-08-27,medium
persons,TNP-00753,name_ar,MARSAD_ARP2014,b543ced7568b,2026-08-27,medium
persons,TNP-00753,name_lat,MARSAD_ARP2014,c25d58d670c0,2026-08-27,medium
persons,TNP-00753,gender,MARSAD_ARP2014,030ef4a52619,2026-08-27,medium
persons,TNP-00753,occupation_raw,MARSAD_ARP2014,a41214a26360,2026-08-27,medium
mandates,TNM-1f38a3b66dd6,assembly_id,MARSAD_ARP2014,8ae3460a816d,2026-08-27,medium
persons,TNP-00754,name_ar,MARSAD_ARP2014,2a43b8ecc164,2026-08-27,medium
persons,TNP-00754,name_lat,MARSAD_ARP2014,716a4d716380,2026-08-27,medium
persons,TNP-00754,gender,MARSAD_ARP2014,96a1a08dcded,2026-08-27,medium
mandates,TNM-5ee4642438e2,assembly_id,MARSAD_ARP2014,8ae3460a816d,2026-08-27,medium
persons,TNP-00755,name_ar,MARSAD_ARP2014,9869f9f3c0fe,2026-08-27,medium
persons,TNP-00755,name_lat,MARSAD_ARP2014,03ba7db23bd2,2026-08-27,medium
persons,TNP-00755,gender,MARSAD_ARP2014,96a1a08dcded,2026-08-27,medium
mandates,TNM-8bfde8572214,assembly_id,MARSAD_ARP2014,8ae3460a816d,2026-08-27,medium
persons,TNP-00756,name_ar,MARSAD_ARP2014,471c134884ba,2026-08-27,medium
persons,TNP-00756,name_lat,MARSAD_ARP2014,1261cc02e582,2026-08-27,medium
persons,TNP-00756,gender,MARSAD_ARP2014,96a1a08dcded,2026-08-27,medium
persons,TNP-00756,occupation_raw,MARSAD_ARP2014,d6a20112eeae,2026-08-27,medium
mandates,TNM-59d9093c5ed3,assembly_id,MARSAD_ARP2014,8ae3460a816d,2026-08-27,medium
persons,TNP-00247,name_ar,MARSAD_ARP2014,768646b7217c,2026-08-27,medium
persons,TNP-00247,name_lat,MARSAD_ARP2014,19437cb70307,2026-08-27,medium
persons,TNP-00247,gender,MARSAD_ARP2014,96a1a08dcded,2026-08-27,medium
persons,TNP-00247,occupation_raw,MARSAD_ARP2014,5d326e24a685,2026-08-27,medium
mandates,TNM-097a098f0c47,assembly_id,MARSAD_ARP2014,8ae3460a816d,2026-08-27,medium
persons,TNP-00757,name_ar,MARSAD_ARP2014,d41a8f96965e,2026-08-27,medium
persons,TNP-00757,name_lat,MARSAD_ARP2014,58f0d36023f8,2026-08-27,medium
persons,TNP-00757,gender,MARSAD_ARP2014,96a1a08dcded,2026-08-27,medium
persons,TNP-00757,occupation_raw,MARSAD_ARP2014,6e142d69fff1,2026-08-27,medium
mandates,TNM-40a33b12d00f,assembly_id,MARSAD_ARP2014,8ae3460a816d,2026-08-27,medium
persons,TNP-00758,name_ar,MARSAD_ARP2014,e9add9bedcb8,2026-08-27,medium
persons,TNP-00758,name_lat,MARSAD_ARP2014,d04e3216795f,2026-08-27,medium
persons,TNP-00758,gender,MARSAD_ARP2014,96a1a08dcded,2026-08-27,medium
persons,TNP-00758,occupation_raw,MARSAD_ARP2014,6e142d69fff1,2026-08-27,medium
mandates,TNM-bb57398aca48,assembly_id,MARSAD_ARP2014,8ae3460a816d,2026-08-27,medium
persons,TNP-00759,name_ar,MARSAD_ARP2014,39f55659a658,2026-08-27,medium
persons,TNP-00759,name_lat,MARSAD_ARP2014,bc4896b00de3,2026-08-27,medium
persons,TNP-00759,gender,MARSAD_ARP2014,96a1a08dcded,2026-08-27,medium
persons,TNP-00759,occupation_raw,MARSAD_ARP2014,d6a20112eeae,2026-08-27,medium
mandates,TNM-a068a01b6e28,assembly_id,MARSAD_ARP2014,8ae3460a816d,2026-08-27,medium
persons,TNP-00760,name_ar,MARSAD_ARP2014,e236e0c5a210,2026-08-27,medium
persons,TNP-00760,name_lat,MARSAD_ARP2014,b6796de48f19,2026-08-27,medium
persons,TNP-00760,gender,MARSAD_ARP2014,96a1a08dcded,2026-08-27,medium
persons,TNP-00760,occupation_raw,MARSAD_ARP2014,eb9f9a84809c,2026-08-27,medium
mandates,TNM-0068fde685ac,assembly_id,MARSAD_ARP2014,8ae3460a816d,2026-08-27,medium
persons,TNP-00761,name_ar,MARSAD_ARP2014,f81e6fe0694c,2026-08-27,medium
persons,TNP-00761,name_lat,MARSAD_ARP2014,4818bc66a4d3,2026-08-27,medium
persons,TNP-00761,gender,MARSAD_ARP2014,96a1a08dcded,2026-08-27,medium
persons,TNP-00761,occupation_raw,MARSAD_ARP2014,13ac031f7f09,2026-08-27,medium
mandates,TNM-998e01b9b390,assembly_id,MARSAD_ARP2014,8ae3460a816d,2026-08-27,medium
persons,TNP-00762,name_ar,MARSAD_ARP2014,58b914b74db8,2026-08-27,medium
persons,TNP-00762,name_lat,MARSAD_ARP2014,d15645580951,2026-08-27,medium
persons,TNP-00762,gender,MARSAD_ARP2014,96a1a08dcded,2026-08-27,medium
persons,TNP-00762,occupation_raw,MARSAD_ARP2014,f4ceb5a464c8,2026-08-27,medium
mandates,TNM-bebcd77114fd,assembly_id,MARSAD_ARP2014,8ae3460a816d,2026-08-27,medium
persons,TNP-00763,name_ar,MARSAD_ARP2014,a9b1aa942162,2026-08-27,medium
persons,TNP-00763,name_lat,MARSAD_ARP2014,6fbaa1cb6a7f,2026-08-27,medium
persons,TNP-00763,gender,MARSAD_ARP2014,96a1a08dcded,2026-08-27,medium
mandates,TNM-895b622c7483,assembly_id,MARSAD_ARP2014,8ae3460a816d,2026-08-27,medium
persons,TNP-00251,name_ar,MARSAD_ARP2014,cb224fc89a3a,2026-08-27,medium
persons,TNP-00251,name_lat,MARSAD_ARP2014,a40d6f0315c5,2026-08-27,medium
persons,TNP-00251,gender,MARSAD_ARP2014,030ef4a52619,2026-08-27,medium
persons,TNP-00251,occupation_raw,MARSAD_ARP2014,83628ae27ee9,2026-08-27,medium
mandates,TNM-69b0fb103b3f,assembly_id,MARSAD_ARP2014,8ae3460a816d,2026-08-27,medium
persons,TNP-00764,name_ar,MARSAD_ARP2014,6eacaf97a291,2026-08-27,medium
persons,TNP-00764,name_lat,MARSAD_ARP2014,13bdc842d211,2026-08-27,medium
persons,TNP-00764,gender,MARSAD_ARP2014,030ef4a52619,2026-08-27,medium
persons,TNP-00764,occupation_raw,MARSAD_ARP2014,f4ceb5a464c8,2026-08-27,medium
mandates,TNM-d032f33f9010,assembly_id,MARSAD_ARP2014,8ae3460a816d,2026-08-27,medium
persons,TNP-00498,name_ar,MARSAD_ARP2014,ee4aa7471f87,2026-08-27,medium
persons,TNP-00498,name_lat,MARSAD_ARP2014,edd2750eeb53,2026-08-27,medium
persons,TNP-00498,gender,MARSAD_ARP2014,030ef4a52619,2026-08-27,medium
persons,TNP-00498,occupation_raw,MARSAD_ARP2014,3c6aa52e32d3,2026-08-27,medium
mandates,TNM-c0c9cedf88fa,assembly_id,MARSAD_ARP2014,8ae3460a816d,2026-08-27,medium
persons,TNP-00254,name_ar,MARSAD_ARP2014,ec4f9a9bd146,2026-08-27,medium
persons,TNP-00254,name_lat,MARSAD_ARP2014,9fe0fe40ffbd,2026-08-27,medium
persons,TNP-00254,gender,MARSAD_ARP2014,96a1a08dcded,2026-08-27,medium
persons,TNP-00254,occupation_raw,MARSAD_ARP2014,13ac031f7f09,2026-08-27,medium
mandates,TNM-85e96e69625f,assembly_id,MARSAD_ARP2014,8ae3460a816d,2026-08-27,medium
persons,TNP-00255,name_ar,MARSAD_ARP2014,69f50d7a7309,2026-08-27,medium
persons,TNP-00255,name_lat,MARSAD_ARP2014,2648253b8a7b,2026-08-27,medium
persons,TNP-00255,gender,MARSAD_ARP2014,030ef4a52619,2026-08-27,medium
persons,TNP-00255,occupation_raw,MARSAD_ARP2014,c04732109481,2026-08-27,medium
mandates,TNM-5eb6aeacf5a5,assembly_id,MARSAD_ARP2014,8ae3460a816d,2026-08-27,medium
persons,TNP-00523,name_ar,MARSAD_ARP2014,37188b9fe3d3,2026-08-27,medium
persons,TNP-00523,name_lat,MARSAD_ARP2014,2bc4bfeac583,2026-08-27,medium
persons,TNP-00523,gender,MARSAD_ARP2014,030ef4a52619,2026-08-27,medium
persons,TNP-00523,occupation_raw,MARSAD_ARP2014,eb9f9a84809c,2026-08-27,medium
mandates,TNM-4a15fe6df0db,assembly_id,MARSAD_ARP2014,8ae3460a816d,2026-08-27,medium
persons,TNP-00765,name_ar,MARSAD_ARP2014,0112744cb6da,2026-08-27,medium
persons,TNP-00765,name_lat,MARSAD_ARP2014,583e04944c25,2026-08-27,medium
persons,TNP-00765,gender,MARSAD_ARP2014,030ef4a52619,2026-08-27,medium
persons,TNP-00765,occupation_raw,MARSAD_ARP2014,1d80a168d285,2026-08-27,medium
mandates,TNM-8ead396b3b3a,assembly_id,MARSAD_ARP2014,8ae3460a816d,2026-08-27,medium
persons,TNP-00766,name_ar,MARSAD_ARP2014,a3599e6821c3,2026-08-27,medium
persons,TNP-00766,name_lat,MARSAD_ARP2014,4e296ee3495e,2026-08-27,medium
persons,TNP-00766,gender,MARSAD_ARP2014,96a1a08dcded,2026-08-27,medium
mandates,TNM-7b8ec65ae44d,assembly_id,MARSAD_ARP2014,8ae3460a816d,2026-08-27,medium
persons,TNP-00262,name_ar,MARSAD_ARP2014,a80254e69875,2026-08-27,medium
persons,TNP-00262,name_lat,MARSAD_ARP2014,e585c327ff75,2026-08-27,medium
persons,TNP-00262,gender,MARSAD_ARP2014,030ef4a52619,2026-08-27,medium
mandates,TNM-02437347d18a,assembly_id,MARSAD_ARP2014,8ae3460a816d,2026-08-27,medium
persons,TNP-00767,name_ar,MARSAD_ARP2014,a80254e69875,2026-08-27,medium
persons,TNP-00767,name_lat,MARSAD_ARP2014,b590e66d2549,2026-08-27,medium
persons,TNP-00767,gender,MARSAD_ARP2014,030ef4a52619,2026-08-27,medium
mandates,TNM-f4cc26fb6771,assembly_id,MARSAD_ARP2014,8ae3460a816d,2026-08-27,medium
persons,TNP-00768,name_ar,MARSAD_ARP2014,908d94eedbca,2026-08-27,medium
persons,TNP-00768,name_lat,MARSAD_ARP2014,18ae86ffdd43,2026-08-27,medium
persons,TNP-00768,gender,MARSAD_ARP2014,96a1a08dcded,2026-08-27,medium
persons,TNP-00768,occupation_raw,MARSAD_ARP2014,a41214a26360,2026-08-27,medium
mandates,TNM-a2e0f4d65f15,assembly_id,MARSAD_ARP2014,8ae3460a816d,2026-08-27,medium
persons,TNP-00264,name_ar,MARSAD_ARP2014,d780ca264ccd,2026-08-27,medium
persons,TNP-00264,name_lat,MARSAD_ARP2014,3ad7731d14f5,2026-08-27,medium
persons,TNP-00264,gender,MARSAD_ARP2014,030ef4a52619,2026-08-27,medium
persons,TNP-00264,occupation_raw,MARSAD_ARP2014,83628ae27ee9,2026-08-27,medium
mandates,TNM-852c7f965ed1,assembly_id,MARSAD_ARP2014,8ae3460a816d,2026-08-27,medium
persons,TNP-00500,name_ar,MARSAD_ARP2014,9f8f55715230,2026-08-27,medium
persons,TNP-00500,name_lat,MARSAD_ARP2014,e5ebdab1fb3b,2026-08-27,medium
persons,TNP-00500,gender,MARSAD_ARP2014,96a1a08dcded,2026-08-27,medium
persons,TNP-00500,occupation_raw,MARSAD_ARP2014,2a5fc658267a,2026-08-27,medium
mandates,TNM-9ae49d470b25,assembly_id,MARSAD_ARP2014,8ae3460a816d,2026-08-27,medium
persons,TNP-00769,name_ar,MARSAD_ARP2014,5833d4700817,2026-08-27,medium
persons,TNP-00769,name_lat,MARSAD_ARP2014,f8dbf17d1113,2026-08-27,medium
persons,TNP-00769,gender,MARSAD_ARP2014,96a1a08dcded,2026-08-27,medium
persons,TNP-00769,occupation_raw,MARSAD_ARP2014,595b35052213,2026-08-27,medium
mandates,TNM-a821103ac1e5,assembly_id,MARSAD_ARP2014,8ae3460a816d,2026-08-27,medium
persons,TNP-00267,name_ar,MARSAD_ARP2014,ec8b97481a85,2026-08-27,medium
persons,TNP-00267,name_lat,MARSAD_ARP2014,7081a190fb3b,2026-08-27,medium
persons,TNP-00267,gender,MARSAD_ARP2014,030ef4a52619,2026-08-27,medium
mandates,TNM-e2fcd8642a8a,assembly_id,MARSAD_ARP2014,8ae3460a816d,2026-08-27,medium
persons,TNP-00770,name_ar,MARSAD_ARP2014,4307e350bac3,2026-08-27,medium
persons,TNP-00770,name_lat,MARSAD_ARP2014,c6a73cbca4f6,2026-08-27,medium
persons,TNP-00770,gender,MARSAD_ARP2014,030ef4a52619,2026-08-27,medium
mandates,TNM-abb222d9a919,assembly_id,MARSAD_ARP2014,8ae3460a816d,2026-08-27,medium
persons,TNP-00771,name_ar,MARSAD_ARP2014,5f3ab78facbb,2026-08-27,medium
persons,TNP-00771,name_lat,MARSAD_ARP2014,56693ef0faa0,2026-08-27,medium
persons,TNP-00771,gender,MARSAD_ARP2014,030ef4a52619,2026-08-27,medium
persons,TNP-00771,occupation_raw,MARSAD_ARP2014,9fbd0622dae0,2026-08-27,medium
mandates,TNM-4d3144f333e4,assembly_id,MARSAD_ARP2014,8ae3460a816d,2026-08-27,medium
persons,TNP-00772,name_ar,MARSAD_ARP2014,7057004979c1,2026-08-27,medium
persons,TNP-00772,name_lat,MARSAD_ARP2014,f4ae8c5b6915,2026-08-27,medium
persons,TNP-00772,gender,MARSAD_ARP2014,030ef4a52619,2026-08-27,medium
persons,TNP-00772,occupation_raw,MARSAD_ARP2014,9fbd0622dae0,2026-08-27,medium
mandates,TNM-02f6e8f68d33,assembly_id,MARSAD_ARP2014,8ae3460a816d,2026-08-27,medium
persons,TNP-00773,name_ar,MARSAD_ARP2014,3e43fc3e7a80,2026-08-27,medium
persons,TNP-00773,name_lat,MARSAD_ARP2014,cb801cbdbc20,2026-08-27,medium
persons,TNP-00773,gender,MARSAD_ARP2014,030ef4a52619,2026-08-27,medium
persons,TNP-00773,occupation_raw,MARSAD_ARP2014,7aa976a648e5,2026-08-27,medium
mandates,TNM-0dc998192c4e,assembly_id,MARSAD_ARP2014,8ae3460a816d,2026-08-27,medium
persons,TNP-00774,name_ar,MARSAD_ARP2014,06dedbdffee1,2026-08-27,medium
persons,TNP-00774,name_lat,MARSAD_ARP2014,abecede43ac5,2026-08-27,medium
persons,TNP-00774,gender,MARSAD_ARP2014,030ef4a52619,2026-08-27,medium
persons,TNP-00774,occupation_raw,MARSAD_ARP2014,7aa976a648e5,2026-08-27,medium
mandates,TNM-54facea5ff0e,assembly_id,MARSAD_ARP2014,8ae3460a816d,2026-08-27,medium
persons,TNP-00775,name_ar,MARSAD_ARP2014,f0f67d82142a,2026-08-27,medium
persons,TNP-00775,name_lat,MARSAD_ARP2014,b7e1e5453254,2026-08-27,medium
persons,TNP-00775,gender,MARSAD_ARP2014,030ef4a52619,2026-08-27,medium
persons,TNP-00775,occupation_raw,MARSAD_ARP2014,b28d8b60d6be,2026-08-27,medium
mandates,TNM-ff5a04183a98,assembly_id,MARSAD_ARP2014,8ae3460a816d,2026-08-27,medium
persons,TNP-00776,name_ar,MARSAD_ARP2014,8f077b68f531,2026-08-27,medium
persons,TNP-00776,name_lat,MARSAD_ARP2014,b01cf2a5714e,2026-08-27,medium
persons,TNP-00776,gender,MARSAD_ARP2014,030ef4a52619,2026-08-27,medium
persons,TNP-00776,occupation_raw,MARSAD_ARP2014,a41214a26360,2026-08-27,medium
mandates,TNM-a332bc3c776a,assembly_id,MARSAD_ARP2014,8ae3460a816d,2026-08-27,medium
persons,TNP-00777,name_ar,MARSAD_ARP2014,c647b773fd9c,2026-08-27,medium
persons,TNP-00777,name_lat,MARSAD_ARP2014,a3d2c5638da7,2026-08-27,medium
persons,TNP-00777,gender,MARSAD_ARP2014,030ef4a52619,2026-08-27,medium
persons,TNP-00777,occupation_raw,MARSAD_ARP2014,5d326e24a685,2026-08-27,medium
mandates,TNM-e79a279c6306,assembly_id,MARSAD_ARP2014,8ae3460a816d,2026-08-27,medium
persons,TNP-00778,name_ar,MARSAD_ARP2014,89002ba8b20a,2026-08-27,medium
persons,TNP-00778,name_lat,MARSAD_ARP2014,9ad39a40d1ce,2026-08-27,medium
persons,TNP-00778,gender,MARSAD_ARP2014,030ef4a52619,2026-08-27,medium
persons,TNP-00778,occupation_raw,MARSAD_ARP2014,5d326e24a685,2026-08-27,medium
mandates,TNM-7aca3740779a,assembly_id,MARSAD_ARP2014,8ae3460a816d,2026-08-27,medium
persons,TNP-00779,name_ar,MARSAD_ARP2014,46b06f563f41,2026-08-27,medium
persons,TNP-00779,name_lat,MARSAD_ARP2014,a50b2dde443f,2026-08-27,medium
persons,TNP-00779,gender,MARSAD_ARP2014,030ef4a52619,2026-08-27,medium
persons,TNP-00779,occupation_raw,MARSAD_ARP2014,5d326e24a685,2026-08-27,medium
mandates,TNM-27d5eeed2987,assembly_id,MARSAD_ARP2014,8ae3460a816d,2026-08-27,medium
persons,TNP-00780,name_ar,MARSAD_ARP2014,2f006d3fbb22,2026-08-27,medium
persons,TNP-00780,name_lat,MARSAD_ARP2014,fe197ad6c6a5,2026-08-27,medium
persons,TNP-00780,gender,MARSAD_ARP2014,030ef4a52619,2026-08-27,medium
persons,TNP-00780,occupation_raw,MARSAD_ARP2014,6e142d69fff1,2026-08-27,medium
mandates,TNM-26f17c3c6025,assembly_id,MARSAD_ARP2014,8ae3460a816d,2026-08-27,medium
persons,TNP-00781,name_ar,MARSAD_ARP2014,5de89339f3ae,2026-08-27,medium
persons,TNP-00781,name_lat,MARSAD_ARP2014,9fc20b8056d1,2026-08-27,medium
persons,TNP-00781,gender,MARSAD_ARP2014,030ef4a52619,2026-08-27,medium
persons,TNP-00781,occupation_raw,MARSAD_ARP2014,471e98a3311b,2026-08-27,medium
mandates,TNM-85ccae44e99a,assembly_id,MARSAD_ARP2014,8ae3460a816d,2026-08-27,medium
persons,TNP-00782,name_ar,MARSAD_ARP2014,d26bbb052432,2026-08-27,medium
persons,TNP-00782,name_lat,MARSAD_ARP2014,c84e76f5ff72,2026-08-27,medium
persons,TNP-00782,gender,MARSAD_ARP2014,030ef4a52619,2026-08-27,medium
persons,TNP-00782,occupation_raw,MARSAD_ARP2014,9fbd0622dae0,2026-08-27,medium
mandates,TNM-4e9b420dc6d0,assembly_id,MARSAD_ARP2014,8ae3460a816d,2026-08-27,medium
persons,TNP-00783,name_ar,MARSAD_ARP2014,33e6728b0e0a,2026-08-27,medium
persons,TNP-00783,name_lat,MARSAD_ARP2014,7dc1e3e71c92,2026-08-27,medium
persons,TNP-00783,gender,MARSAD_ARP2014,030ef4a52619,2026-08-27,medium
persons,TNP-00783,occupation_raw,MARSAD_ARP2014,9fbd0622dae0,2026-08-27,medium
mandates,TNM-d6eb3194fd6e,assembly_id,MARSAD_ARP2014,8ae3460a816d,2026-08-27,medium
persons,TNP-00784,name_ar,MARSAD_ARP2014,7e79e759828e,2026-08-27,medium
persons,TNP-00784,name_lat,MARSAD_ARP2014,d9c879610ef1,2026-08-27,medium
persons,TNP-00784,gender,MARSAD_ARP2014,030ef4a52619,2026-08-27,medium
persons,TNP-00784,occupation_raw,MARSAD_ARP2014,13ac031f7f09,2026-08-27,medium
mandates,TNM-50961144182b,assembly_id,MARSAD_ARP2014,8ae3460a816d,2026-08-27,medium
persons,TNP-00276,name_ar,MARSAD_ARP2014,5b82526a9b33,2026-08-27,medium
persons,TNP-00276,name_lat,MARSAD_ARP2014,ee5cf5e52ff3,2026-08-27,medium
persons,TNP-00276,gender,MARSAD_ARP2014,030ef4a52619,2026-08-27,medium
persons,TNP-00276,occupation_raw,MARSAD_ARP2014,83628ae27ee9,2026-08-27,medium
mandates,TNM-7305834a0284,assembly_id,MARSAD_ARP2014,8ae3460a816d,2026-08-27,medium
persons,TNP-00785,name_ar,MARSAD_ARP2014,74793942954a,2026-08-27,medium
persons,TNP-00785,name_lat,MARSAD_ARP2014,9f3860d9fb2b,2026-08-27,medium
persons,TNP-00785,gender,MARSAD_ARP2014,030ef4a52619,2026-08-27,medium
persons,TNP-00785,occupation_raw,MARSAD_ARP2014,eb9f9a84809c,2026-08-27,medium
mandates,TNM-46e37f4a8087,assembly_id,MARSAD_ARP2014,8ae3460a816d,2026-08-27,medium
persons,TNP-00786,name_ar,MARSAD_ARP2014,0a392a41980a,2026-08-27,medium
persons,TNP-00786,name_lat,MARSAD_ARP2014,aeb52e74568d,2026-08-27,medium
persons,TNP-00786,gender,MARSAD_ARP2014,030ef4a52619,2026-08-27,medium
persons,TNP-00786,occupation_raw,MARSAD_ARP2014,5d326e24a685,2026-08-27,medium
mandates,TNM-8cc3fed794ea,assembly_id,MARSAD_ARP2014,8ae3460a816d,2026-08-27,medium
persons,TNP-00787,name_ar,MARSAD_ARP2014,fb1d87d19e20,2026-08-27,medium
persons,TNP-00787,name_lat,MARSAD_ARP2014,bc6745d02b59,2026-08-27,medium
persons,TNP-00787,gender,MARSAD_ARP2014,030ef4a52619,2026-08-27,medium
persons,TNP-00787,occupation_raw,MARSAD_ARP2014,471e98a3311b,2026-08-27,medium
mandates,TNM-9c7830ca9f7d,assembly_id,MARSAD_ARP2014,8ae3460a816d,2026-08-27,medium
persons,TNP-00788,name_ar,MARSAD_ARP2014,3065caaf58ee,2026-08-27,medium
persons,TNP-00788,name_lat,MARSAD_ARP2014,85aef9fe7f79,2026-08-27,medium
persons,TNP-00788,gender,MARSAD_ARP2014,030ef4a52619,2026-08-27,medium
persons,TNP-00788,occupation_raw,MARSAD_ARP2014,eb9f9a84809c,2026-08-27,medium
mandates,TNM-8497c8bfd9f8,assembly_id,MARSAD_ARP2014,8ae3460a816d,2026-08-27,medium
persons,TNP-00789,name_ar,MARSAD_ARP2014,6f125dee6866,2026-08-27,medium
persons,TNP-00789,name_lat,MARSAD_ARP2014,2799aa0c80ca,2026-08-27,medium
persons,TNP-00789,gender,MARSAD_ARP2014,030ef4a52619,2026-08-27,medium
persons,TNP-00789,occupation_raw,MARSAD_ARP2014,595b35052213,2026-08-27,medium
mandates,TNM-276bed1d23f5,assembly_id,MARSAD_ARP2014,8ae3460a816d,2026-08-27,medium
persons,TNP-00790,name_ar,MARSAD_ARP2014,28d927fd69e6,2026-08-27,medium
persons,TNP-00790,name_lat,MARSAD_ARP2014,ef11d291ef15,2026-08-27,medium
persons,TNP-00790,gender,MARSAD_ARP2014,030ef4a52619,2026-08-27,medium
persons,TNP-00790,occupation_raw,MARSAD_ARP2014,9fbd0622dae0,2026-08-27,medium
mandates,TNM-484d04095abf,assembly_id,MARSAD_ARP2014,8ae3460a816d,2026-08-27,medium
persons,TNP-00791,name_ar,MARSAD_ARP2014,0674a1e987a9,2026-08-27,medium
persons,TNP-00791,name_lat,MARSAD_ARP2014,6d729c71f62b,2026-08-27,medium
persons,TNP-00791,gender,MARSAD_ARP2014,030ef4a52619,2026-08-27,medium
persons,TNP-00791,occupation_raw,MARSAD_ARP2014,9fbd0622dae0,2026-08-27,medium
mandates,TNM-60517fcd8e8e,assembly_id,MARSAD_ARP2014,8ae3460a816d,2026-08-27,medium
persons,TNP-00792,name_ar,MARSAD_ARP2014,bae08ab2bfe8,2026-08-27,medium
persons,TNP-00792,name_lat,MARSAD_ARP2014,2ea6da54615d,2026-08-27,medium
persons,TNP-00792,gender,MARSAD_ARP2014,030ef4a52619,2026-08-27,medium
persons,TNP-00792,occupation_raw,MARSAD_ARP2014,1d80a168d285,2026-08-27,medium
mandates,TNM-8d03deedcf5c,assembly_id,MARSAD_ARP2014,8ae3460a816d,2026-08-27,medium
persons,TNP-00793,name_ar,MARSAD_ARP2014,961ae330d03e,2026-08-27,medium
persons,TNP-00793,name_lat,MARSAD_ARP2014,979074672427,2026-08-27,medium
persons,TNP-00793,gender,MARSAD_ARP2014,030ef4a52619,2026-08-27,medium
persons,TNP-00793,occupation_raw,MARSAD_ARP2014,83628ae27ee9,2026-08-27,medium
mandates,TNM-4ffc1003ff9b,assembly_id,MARSAD_ARP2014,8ae3460a816d,2026-08-27,medium
persons,TNP-00794,name_ar,MARSAD_ARP2014,90127ace317b,2026-08-27,medium
persons,TNP-00794,name_lat,MARSAD_ARP2014,89fae88a1b14,2026-08-27,medium
persons,TNP-00794,gender,MARSAD_ARP2014,030ef4a52619,2026-08-27,medium
persons,TNP-00794,occupation_raw,MARSAD_ARP2014,9fbd0622dae0,2026-08-27,medium
mandates,TNM-c4bc0abc1de4,assembly_id,MARSAD_ARP2014,8ae3460a816d,2026-08-27,medium
persons,TNP-00795,name_ar,MARSAD_ARP2014,9facffd1d52c,2026-08-27,medium
persons,TNP-00795,name_lat,MARSAD_ARP2014,11536b88245b,2026-08-27,medium
persons,TNP-00795,gender,MARSAD_ARP2014,030ef4a52619,2026-08-27,medium
persons,TNP-00795,occupation_raw,MARSAD_ARP2014,595b35052213,2026-08-27,medium
mandates,TNM-e26327b4da72,assembly_id,MARSAD_ARP2014,8ae3460a816d,2026-08-27,medium
persons,TNP-00285,name_ar,MARSAD_ARP2014,6d61f238e653,2026-08-27,medium
persons,TNP-00285,name_lat,MARSAD_ARP2014,2ca56fcb8f84,2026-08-27,medium
persons,TNP-00285,gender,MARSAD_ARP2014,030ef4a52619,2026-08-27,medium
persons,TNP-00285,occupation_raw,MARSAD_ARP2014,51d02d98c53c,2026-08-27,medium
mandates,TNM-01be8f83423a,assembly_id,MARSAD_ARP2014,8ae3460a816d,2026-08-27,medium
persons,TNP-00796,name_ar,MARSAD_ARP2014,5e20917bf96b,2026-08-27,medium
persons,TNP-00796,name_lat,MARSAD_ARP2014,09fcd68e68ac,2026-08-27,medium
persons,TNP-00796,gender,MARSAD_ARP2014,030ef4a52619,2026-08-27,medium
persons,TNP-00796,occupation_raw,MARSAD_ARP2014,83628ae27ee9,2026-08-27,medium
mandates,TNM-c2632239b005,assembly_id,MARSAD_ARP2014,8ae3460a816d,2026-08-27,medium
persons,TNP-00797,name_ar,MARSAD_ARP2014,402a532253e1,2026-08-27,medium
persons,TNP-00797,name_lat,MARSAD_ARP2014,922374b39df5,2026-08-27,medium
persons,TNP-00797,gender,MARSAD_ARP2014,030ef4a52619,2026-08-27,medium
persons,TNP-00797,occupation_raw,MARSAD_ARP2014,83628ae27ee9,2026-08-27,medium
mandates,TNM-5ddda07e8f88,assembly_id,MARSAD_ARP2014,8ae3460a816d,2026-08-27,medium
persons,TNP-00798,name_ar,MARSAD_ARP2014,628036fb5382,2026-08-27,medium
persons,TNP-00798,name_lat,MARSAD_ARP2014,3eedb4770450,2026-08-27,medium
persons,TNP-00798,gender,MARSAD_ARP2014,030ef4a52619,2026-08-27,medium
persons,TNP-00798,occupation_raw,MARSAD_ARP2014,f4ceb5a464c8,2026-08-27,medium
mandates,TNM-7c1a55d14021,assembly_id,MARSAD_ARP2014,8ae3460a816d,2026-08-27,medium
persons,TNP-00799,name_ar,MARSAD_ARP2014,a3fe02f56678,2026-08-27,medium
persons,TNP-00799,name_lat,MARSAD_ARP2014,0bc8442b6fc1,2026-08-27,medium
persons,TNP-00799,gender,MARSAD_ARP2014,030ef4a52619,2026-08-27,medium
persons,TNP-00799,occupation_raw,MARSAD_ARP2014,05a7132c5db3,2026-08-27,medium
mandates,TNM-02d3cf1ab88f,assembly_id,MARSAD_ARP2014,8ae3460a816d,2026-08-27,medium
persons,TNP-00289,name_ar,MARSAD_ARP2014,4c92d9968f15,2026-08-27,medium
persons,TNP-00289,name_lat,MARSAD_ARP2014,c4e0882f1750,2026-08-27,medium
persons,TNP-00289,gender,MARSAD_ARP2014,030ef4a52619,2026-08-27,medium
persons,TNP-00289,occupation_raw,MARSAD_ARP2014,8daf3738eeb3,2026-08-27,medium
mandates,TNM-cf6f9d785619,assembly_id,MARSAD_ARP2014,8ae3460a816d,2026-08-27,medium
persons,TNP-00800,name_ar,MARSAD_ARP2014,4489ee2e7bdc,2026-08-27,medium
persons,TNP-00800,name_lat,MARSAD_ARP2014,8b69f1530c4e,2026-08-27,medium
persons,TNP-00800,gender,MARSAD_ARP2014,96a1a08dcded,2026-08-27,medium
persons,TNP-00800,occupation_raw,MARSAD_ARP2014,9ac0bbb8ad65,2026-08-27,medium
mandates,TNM-c5335d8d8ae8,assembly_id,MARSAD_ARP2014,8ae3460a816d,2026-08-27,medium
persons,TNP-00801,name_ar,MARSAD_ARP2014,99668a51c206,2026-08-27,medium
persons,TNP-00801,name_lat,MARSAD_ARP2014,716495d7b708,2026-08-27,medium
persons,TNP-00801,gender,MARSAD_ARP2014,030ef4a52619,2026-08-27,medium
persons,TNP-00801,occupation_raw,MARSAD_ARP2014,5d326e24a685,2026-08-27,medium
mandates,TNM-75332eebe4c8,assembly_id,MARSAD_ARP2014,8ae3460a816d,2026-08-27,medium
persons,TNP-00802,name_ar,MARSAD_ARP2014,a53823e755cf,2026-08-27,medium
persons,TNP-00802,name_lat,MARSAD_ARP2014,1b67d474c910,2026-08-27,medium
persons,TNP-00802,gender,MARSAD_ARP2014,030ef4a52619,2026-08-27,medium
persons,TNP-00802,occupation_raw,MARSAD_ARP2014,5d326e24a685,2026-08-27,medium
mandates,TNM-3885bc835ec6,assembly_id,MARSAD_ARP2014,8ae3460a816d,2026-08-27,medium
persons,TNP-00295,name_ar,MARSAD_ARP2014,d3aa079a0cf2,2026-08-27,medium
persons,TNP-00295,name_lat,MARSAD_ARP2014,cadb5600022d,2026-08-27,medium
persons,TNP-00295,gender,MARSAD_ARP2014,030ef4a52619,2026-08-27,medium
persons,TNP-00295,occupation_raw,MARSAD_ARP2014,1d80a168d285,2026-08-27,medium
mandates,TNM-5b40a963aade,assembly_id,MARSAD_ARP2014,8ae3460a816d,2026-08-27,medium
persons,TNP-00145,name_ar,MARSAD_ARP2014,8f9adce26959,2026-08-27,medium
persons,TNP-00145,name_lat,MARSAD_ARP2014,e889dcd8756e,2026-08-27,medium
persons,TNP-00145,gender,MARSAD_ARP2014,030ef4a52619,2026-08-27,medium
persons,TNP-00145,occupation_raw,MARSAD_ARP2014,a41214a26360,2026-08-27,medium
mandates,TNM-bafa3827d4a6,assembly_id,MARSAD_ARP2014,8ae3460a816d,2026-08-27,medium
persons,TNP-00803,name_ar,MARSAD_ARP2014,1ba05522b975,2026-08-27,medium
persons,TNP-00803,name_lat,MARSAD_ARP2014,631b4b7b6dff,2026-08-27,medium
persons,TNP-00803,gender,MARSAD_ARP2014,030ef4a52619,2026-08-27,medium
persons,TNP-00803,occupation_raw,MARSAD_ARP2014,5d326e24a685,2026-08-27,medium
mandates,TNM-99be17e5601b,assembly_id,MARSAD_ARP2014,8ae3460a816d,2026-08-27,medium
persons,TNP-00804,name_ar,MARSAD_ARP2014,8204d535d928,2026-08-27,medium
persons,TNP-00804,name_lat,MARSAD_ARP2014,035b84ba6744,2026-08-27,medium
persons,TNP-00804,gender,MARSAD_ARP2014,96a1a08dcded,2026-08-27,medium
persons,TNP-00804,occupation_raw,MARSAD_ARP2014,471e98a3311b,2026-08-27,medium
mandates,TNM-b529afa820c3,assembly_id,MARSAD_ARP2014,8ae3460a816d,2026-08-27,medium
persons,TNP-00805,name_ar,MARSAD_ARP2014,627365fc2e01,2026-08-27,medium
persons,TNP-00805,name_lat,MARSAD_ARP2014,a12c3c324c8c,2026-08-27,medium
persons,TNP-00805,gender,MARSAD_ARP2014,96a1a08dcded,2026-08-27,medium
persons,TNP-00805,occupation_raw,MARSAD_ARP2014,eb9f9a84809c,2026-08-27,medium
mandates,TNM-0d10aa0fa85b,assembly_id,MARSAD_ARP2014,8ae3460a816d,2026-08-27,medium
persons,TNP-00806,name_ar,MARSAD_ARP2014,3a89868ce181,2026-08-27,medium
persons,TNP-00806,name_lat,MARSAD_ARP2014,ba0b914ef51e,2026-08-27,medium
persons,TNP-00806,gender,MARSAD_ARP2014,96a1a08dcded,2026-08-27,medium
persons,TNP-00806,occupation_raw,MARSAD_ARP2014,5d326e24a685,2026-08-27,medium
mandates,TNM-6e12ee010cb7,assembly_id,MARSAD_ARP2014,8ae3460a816d,2026-08-27,medium
persons,TNP-00299,name_ar,MARSAD_ARP2014,ee5e2fa70b2f,2026-08-27,medium
persons,TNP-00299,name_lat,MARSAD_ARP2014,c2d4e6b0f182,2026-08-27,medium
persons,TNP-00299,gender,MARSAD_ARP2014,030ef4a52619,2026-08-27,medium
persons,TNP-00299,occupation_raw,MARSAD_ARP2014,f4ceb5a464c8,2026-08-27,medium
mandates,TNM-9f2d468f21d6,assembly_id,MARSAD_ARP2014,8ae3460a816d,2026-08-27,medium
persons,TNP-00807,name_ar,MARSAD_ARP2014,e02f678f50b5,2026-08-27,medium
persons,TNP-00807,name_lat,MARSAD_ARP2014,da89a426a273,2026-08-27,medium
persons,TNP-00807,gender,MARSAD_ARP2014,96a1a08dcded,2026-08-27,medium
persons,TNP-00807,occupation_raw,MARSAD_ARP2014,595b35052213,2026-08-27,medium
mandates,TNM-865ac867ccce,assembly_id,MARSAD_ARP2014,8ae3460a816d,2026-08-27,medium
persons,TNP-00301,name_ar,MARSAD_ARP2014,4519642a4721,2026-08-27,medium
persons,TNP-00301,name_lat,MARSAD_ARP2014,a18865eb2dbf,2026-08-27,medium
persons,TNP-00301,gender,MARSAD_ARP2014,030ef4a52619,2026-08-27,medium
persons,TNP-00301,occupation_raw,MARSAD_ARP2014,595b35052213,2026-08-27,medium
mandates,TNM-fa611dd3492a,assembly_id,MARSAD_ARP2014,8ae3460a816d,2026-08-27,medium
persons,TNP-00303,name_ar,MARSAD_ARP2014,a82289b49448,2026-08-27,medium
persons,TNP-00303,name_lat,MARSAD_ARP2014,44db12389aea,2026-08-27,medium
persons,TNP-00303,gender,MARSAD_ARP2014,96a1a08dcded,2026-08-27,medium
mandates,TNM-b83173cca74f,assembly_id,MARSAD_ARP2014,8ae3460a816d,2026-08-27,medium
persons,TNP-00808,name_ar,MARSAD_ARP2014,95dcedd126fe,2026-08-27,medium
persons,TNP-00808,name_lat,MARSAD_ARP2014,5e46fdfdddff,2026-08-27,medium
persons,TNP-00808,gender,MARSAD_ARP2014,030ef4a52619,2026-08-27,medium
persons,TNP-00808,occupation_raw,MARSAD_ARP2014,1d80a168d285,2026-08-27,medium
mandates,TNM-9bd6f976bc58,assembly_id,MARSAD_ARP2014,8ae3460a816d,2026-08-27,medium
persons,TNP-00305,name_ar,MARSAD_ARP2014,5e952a40616f,2026-08-27,medium
persons,TNP-00305,name_lat,MARSAD_ARP2014,11634817355a,2026-08-27,medium
persons,TNP-00305,gender,MARSAD_ARP2014,030ef4a52619,2026-08-27,medium
persons,TNP-00305,occupation_raw,MARSAD_ARP2014,83628ae27ee9,2026-08-27,medium
mandates,TNM-9e47b054b128,assembly_id,MARSAD_ARP2014,8ae3460a816d,2026-08-27,medium
persons,TNP-00543,name_ar,MARSAD_ARP2014,8cacd0d038ad,2026-08-27,medium
persons,TNP-00543,name_lat,MARSAD_ARP2014,4991af250596,2026-08-27,medium
persons,TNP-00543,gender,MARSAD_ARP2014,030ef4a52619,2026-08-27,medium
persons,TNP-00543,occupation_raw,MARSAD_ARP2014,83628ae27ee9,2026-08-27,medium
mandates,TNM-55840d03951d,assembly_id,MARSAD_ARP2014,8ae3460a816d,2026-08-27,medium
persons,TNP-00809,name_ar,MARSAD_ARP2014,4f0e99b22264,2026-08-27,medium
persons,TNP-00809,name_lat,MARSAD_ARP2014,f649f6e07943,2026-08-27,medium
persons,TNP-00809,gender,MARSAD_ARP2014,96a1a08dcded,2026-08-27,medium
mandates,TNM-c27df04774ba,assembly_id,MARSAD_ARP2014,8ae3460a816d,2026-08-27,medium
persons,TNP-00810,name_ar,MARSAD_ARP2014,e39a98651d5e,2026-08-27,medium
persons,TNP-00810,name_lat,MARSAD_ARP2014,7355184331af,2026-08-27,medium
persons,TNP-00810,gender,MARSAD_ARP2014,030ef4a52619,2026-08-27,medium
persons,TNP-00810,occupation_raw,MARSAD_ARP2014,ccdd22b694aa,2026-08-27,medium
mandates,TNM-a8e765ed4663,assembly_id,MARSAD_ARP2014,8ae3460a816d,2026-08-27,medium
persons,TNP-00309,name_ar,MARSAD_ARP2014,c485c40f72f3,2026-08-27,medium
persons,TNP-00309,name_lat,MARSAD_ARP2014,abce7af803a1,2026-08-27,medium
persons,TNP-00309,gender,MARSAD_ARP2014,030ef4a52619,2026-08-27,medium
persons,TNP-00309,occupation_raw,MARSAD_ARP2014,5d326e24a685,2026-08-27,medium
mandates,TNM-c2bf72330eef,assembly_id,MARSAD_ARP2014,8ae3460a816d,2026-08-27,medium
persons,TNP-00544,name_ar,MARSAD_ARP2014,7ff6ad8614c7,2026-08-27,medium
persons,TNP-00544,name_lat,MARSAD_ARP2014,1e69d1a00a8c,2026-08-27,medium
persons,TNP-00544,gender,MARSAD_ARP2014,030ef4a52619,2026-08-27,medium
persons,TNP-00544,occupation_raw,MARSAD_ARP2014,3c6aa52e32d3,2026-08-27,medium
mandates,TNM-8e7306159e16,assembly_id,MARSAD_ARP2014,8ae3460a816d,2026-08-27,medium
persons,TNP-00811,name_ar,MARSAD_ARP2014,2cf35c7adbf2,2026-08-27,medium
persons,TNP-00811,name_lat,MARSAD_ARP2014,00c8029cfe39,2026-08-27,medium
persons,TNP-00811,gender,MARSAD_ARP2014,96a1a08dcded,2026-08-27,medium
mandates,TNM-0c4d544cc443,assembly_id,MARSAD_ARP2014,8ae3460a816d,2026-08-27,medium
persons,TNP-00812,name_ar,MARSAD_ARP2014,f82a85e9ffd8,2026-08-27,medium
persons,TNP-00812,name_lat,MARSAD_ARP2014,9b44e2128340,2026-08-27,medium
persons,TNP-00812,gender,MARSAD_ARP2014,96a1a08dcded,2026-08-27,medium
persons,TNP-00812,occupation_raw,MARSAD_ARP2014,83628ae27ee9,2026-08-27,medium
mandates,TNM-e85a1792a30b,assembly_id,MARSAD_ARP2014,8ae3460a816d,2026-08-27,medium
persons,TNP-00813,name_ar,MARSAD_ARP2014,39fdfecb3306,2026-08-27,medium
persons,TNP-00813,name_lat,MARSAD_ARP2014,4985896bfdb5,2026-08-27,medium
persons,TNP-00813,gender,MARSAD_ARP2014,96a1a08dcded,2026-08-27,medium
persons,TNP-00813,occupation_raw,MARSAD_ARP2014,f4ceb5a464c8,2026-08-27,medium
mandates,TNM-8ae7db96ecc0,assembly_id,MARSAD_ARP2014,8ae3460a816d,2026-08-27,medium
persons,TNP-00814,name_ar,MARSAD_ARP2014,daab8f93407f,2026-08-27,medium
persons,TNP-00814,name_lat,MARSAD_ARP2014,78baf5cc0d45,2026-08-27,medium
persons,TNP-00814,gender,MARSAD_ARP2014,96a1a08dcded,2026-08-27,medium
persons,TNP-00814,occupation_raw,MARSAD_ARP2014,f4ceb5a464c8,2026-08-27,medium
mandates,TNM-b895c76cbd03,assembly_id,MARSAD_ARP2014,8ae3460a816d,2026-08-27,medium
persons,TNP-00375,name_ar,MARSAD_ARP2014,89cf05fb5ba8,2026-08-27,medium
persons,TNP-00375,name_lat,MARSAD_ARP2014,e70045b5877e,2026-08-27,medium
persons,TNP-00375,gender,MARSAD_ARP2014,030ef4a52619,2026-08-27,medium
persons,TNP-00375,occupation_raw,MARSAD_ARP2014,1b70d0de998d,2026-08-27,medium
mandates,TNM-ef124ff9b73d,assembly_id,MARSAD_ARP2014,8ae3460a816d,2026-08-27,medium
persons,TNP-00815,name_ar,MARSAD_ARP2014,040c8e0642cf,2026-08-27,medium
persons,TNP-00815,name_lat,MARSAD_ARP2014,5be3821f0c09,2026-08-27,medium
persons,TNP-00815,gender,MARSAD_ARP2014,030ef4a52619,2026-08-27,medium
persons,TNP-00815,occupation_raw,MARSAD_ARP2014,1b70d0de998d,2026-08-27,medium
mandates,TNM-ba146f19eb89,assembly_id,MARSAD_ARP2014,8ae3460a816d,2026-08-27,medium
persons,TNP-00816,name_ar,MARSAD_ARP2014,edb34847b7af,2026-08-27,medium
persons,TNP-00816,name_lat,MARSAD_ARP2014,71f19aacb8c0,2026-08-27,medium
persons,TNP-00816,gender,MARSAD_ARP2014,96a1a08dcded,2026-08-27,medium
persons,TNP-00816,occupation_raw,MARSAD_ARP2014,eb9f9a84809c,2026-08-27,medium
mandates,TNM-c7b8b1b2ed64,assembly_id,MARSAD_ARP2014,8ae3460a816d,2026-08-27,medium
persons,TNP-00817,name_ar,MARSAD_ARP2014,4e65ea22e72f,2026-08-27,medium
persons,TNP-00817,name_lat,MARSAD_ARP2014,5b13ecc711b6,2026-08-27,medium
persons,TNP-00817,gender,MARSAD_ARP2014,96a1a08dcded,2026-08-27,medium
persons,TNP-00817,occupation_raw,MARSAD_ARP2014,471e98a3311b,2026-08-27,medium
mandates,TNM-e9dff5613915,assembly_id,MARSAD_ARP2014,8ae3460a816d,2026-08-27,medium
persons,TNP-00818,name_ar,MARSAD_ARP2014,0d8d8d8c5f89,2026-08-27,medium
persons,TNP-00818,name_lat,MARSAD_ARP2014,9a5467745b1c,2026-08-27,medium
persons,TNP-00818,gender,MARSAD_ARP2014,030ef4a52619,2026-08-27,medium
persons,TNP-00818,occupation_raw,MARSAD_ARP2014,5d326e24a685,2026-08-27,medium
mandates,TNM-54b51c6beb64,assembly_id,MARSAD_ARP2014,8ae3460a816d,2026-08-27,medium
persons,TNP-00111,name_ar,MARSAD_ARP2014,a25f3f97d552,2026-08-27,medium
persons,TNP-00111,name_lat,MARSAD_ARP2014,fde30285dd15,2026-08-27,medium
persons,TNP-00111,gender,MARSAD_ARP2014,030ef4a52619,2026-08-27,medium
persons,TNP-00111,occupation_raw,MARSAD_ARP2014,5d326e24a685,2026-08-27,medium
mandates,TNM-ea17b3b7dd34,assembly_id,MARSAD_ARP2014,8ae3460a816d,2026-08-27,medium
persons,TNP-00819,name_ar,MARSAD_ARP2014,135aa1f0d7af,2026-08-27,medium
persons,TNP-00819,name_lat,MARSAD_ARP2014,3203be579191,2026-08-27,medium
persons,TNP-00819,gender,MARSAD_ARP2014,030ef4a52619,2026-08-27,medium
persons,TNP-00819,occupation_raw,MARSAD_ARP2014,471e98a3311b,2026-08-27,medium
mandates,TNM-b09529cdfd2d,assembly_id,MARSAD_ARP2014,8ae3460a816d,2026-08-27,medium
persons,TNP-00319,name_ar,MARSAD_ARP2014,5cdf2d179556,2026-08-27,medium
persons,TNP-00319,name_lat,MARSAD_ARP2014,c172ca42eb9f,2026-08-27,medium
persons,TNP-00319,gender,MARSAD_ARP2014,030ef4a52619,2026-08-27,medium
persons,TNP-00319,occupation_raw,MARSAD_ARP2014,83628ae27ee9,2026-08-27,medium
mandates,TNM-664e724384c2,assembly_id,MARSAD_ARP2014,8ae3460a816d,2026-08-27,medium
persons,TNP-00115,name_ar,MARSAD_ARP2014,fb6260598949,2026-08-27,medium
persons,TNP-00115,name_lat,MARSAD_ARP2014,09cb6f223156,2026-08-27,medium
persons,TNP-00115,gender,MARSAD_ARP2014,030ef4a52619,2026-08-27,medium
persons,TNP-00115,occupation_raw,MARSAD_ARP2014,eb9f9a84809c,2026-08-27,medium
mandates,TNM-bf0cb21e1494,assembly_id,MARSAD_ARP2014,8ae3460a816d,2026-08-27,medium
persons,TNP-00820,name_ar,MARSAD_ARP2014,412cdc5cdcd5,2026-08-27,medium
persons,TNP-00820,name_lat,MARSAD_ARP2014,a3013d9d778f,2026-08-27,medium
persons,TNP-00820,gender,MARSAD_ARP2014,030ef4a52619,2026-08-27,medium
persons,TNP-00820,occupation_raw,MARSAD_ARP2014,5d326e24a685,2026-08-27,medium
mandates,TNM-65d3df899307,assembly_id,MARSAD_ARP2014,8ae3460a816d,2026-08-27,medium
persons,TNP-00430,name_ar,MARSAD_ARP2014,7700cc80ae2e,2026-08-27,medium
persons,TNP-00430,name_lat,MARSAD_ARP2014,51af55ce195e,2026-08-27,medium
persons,TNP-00430,gender,MARSAD_ARP2014,96a1a08dcded,2026-08-27,medium
mandates,TNM-ee294ea85f5b,assembly_id,MARSAD_ARP2014,8ae3460a816d,2026-08-27,medium
persons,TNP-00429,name_ar,MARSAD_ARP2014,71d1f58a1649,2026-08-27,medium
persons,TNP-00429,name_lat,MARSAD_ARP2014,9940107f883d,2026-08-27,medium
persons,TNP-00429,gender,MARSAD_ARP2014,96a1a08dcded,2026-08-27,medium
persons,TNP-00429,occupation_raw,MARSAD_ARP2014,9ac0bbb8ad65,2026-08-27,medium
mandates,TNM-68fe5bdfab1d,assembly_id,MARSAD_ARP2014,8ae3460a816d,2026-08-27,medium
persons,TNP-00821,name_ar,MARSAD_ARP2014,7eeb01785156,2026-08-27,medium
persons,TNP-00821,name_lat,MARSAD_ARP2014,f5fe271e55cb,2026-08-27,medium
persons,TNP-00821,gender,MARSAD_ARP2014,030ef4a52619,2026-08-27,medium
persons,TNP-00821,occupation_raw,MARSAD_ARP2014,471e98a3311b,2026-08-27,medium
mandates,TNM-0e674168e10f,assembly_id,MARSAD_ARP2014,8ae3460a816d,2026-08-27,medium
persons,TNP-00822,name_ar,MARSAD_ARP2014,0057cadff320,2026-08-27,medium
persons,TNP-00822,name_lat,MARSAD_ARP2014,95cfb44011b8,2026-08-27,medium
persons,TNP-00822,gender,MARSAD_ARP2014,96a1a08dcded,2026-08-27,medium
persons,TNP-00822,occupation_raw,MARSAD_ARP2014,ce45c1fb57e5,2026-08-27,medium
mandates,TNM-9b5837779d59,assembly_id,MARSAD_ARP2014,8ae3460a816d,2026-08-27,medium
persons,TNP-00823,name_ar,MARSAD_ARP2014,15518ea00ef0,2026-08-27,medium
persons,TNP-00823,name_lat,MARSAD_ARP2014,fa70a55dd43e,2026-08-27,medium
persons,TNP-00823,gender,MARSAD_ARP2014,96a1a08dcded,2026-08-27,medium
persons,TNP-00823,occupation_raw,MARSAD_ARP2014,eb9f9a84809c,2026-08-27,medium
mandates,TNM-da1dc856995d,assembly_id,MARSAD_ARP2014,8ae3460a816d,2026-08-27,medium
persons,TNP-00324,name_ar,MARSAD_ARP2014,e50977e6fe16,2026-08-27,medium
persons,TNP-00324,name_lat,MARSAD_ARP2014,59b2ed2bb97e,2026-08-27,medium
persons,TNP-00324,gender,MARSAD_ARP2014,030ef4a52619,2026-08-27,medium
persons,TNP-00324,occupation_raw,MARSAD_ARP2014,d6a20112eeae,2026-08-27,medium
mandates,TNM-1e8070ace3a0,assembly_id,MARSAD_ARP2014,8ae3460a816d,2026-08-27,medium
persons,TNP-00824,name_ar,MARSAD_ARP2014,b08873fec81e,2026-08-27,medium
persons,TNP-00824,name_lat,MARSAD_ARP2014,57542f7b6a70,2026-08-27,medium
persons,TNP-00824,gender,MARSAD_ARP2014,030ef4a52619,2026-08-27,medium
persons,TNP-00824,occupation_raw,MARSAD_ARP2014,471e98a3311b,2026-08-27,medium
mandates,TNM-d230677111a4,assembly_id,MARSAD_ARP2014,8ae3460a816d,2026-08-27,medium
persons,TNP-00825,name_ar,MARSAD_ARP2014,0be294adc39f,2026-08-27,medium
persons,TNP-00825,name_lat,MARSAD_ARP2014,3171a8ffd358,2026-08-27,medium
persons,TNP-00825,gender,MARSAD_ARP2014,030ef4a52619,2026-08-27,medium
persons,TNP-00825,occupation_raw,MARSAD_ARP2014,83628ae27ee9,2026-08-27,medium
mandates,TNM-39554f6b6e49,assembly_id,MARSAD_ARP2014,8ae3460a816d,2026-08-27,medium
persons,TNP-00826,name_ar,MARSAD_ARP2014,6fe7413c59ec,2026-08-27,medium
persons,TNP-00826,name_lat,MARSAD_ARP2014,379cd3d67580,2026-08-27,medium
persons,TNP-00826,gender,MARSAD_ARP2014,030ef4a52619,2026-08-27,medium
persons,TNP-00826,occupation_raw,MARSAD_ARP2014,5d326e24a685,2026-08-27,medium
mandates,TNM-26fb1e3f1ec2,assembly_id,MARSAD_ARP2014,8ae3460a816d,2026-08-27,medium
persons,TNP-00827,name_ar,MARSAD_ARP2014,837adafa83ce,2026-08-27,medium
persons,TNP-00827,name_lat,MARSAD_ARP2014,b7d6ba3ba19a,2026-08-27,medium
persons,TNP-00827,gender,MARSAD_ARP2014,030ef4a52619,2026-08-27,medium
persons,TNP-00827,occupation_raw,MARSAD_ARP2014,f4ceb5a464c8,2026-08-27,medium
mandates,TNM-790c661887f4,assembly_id,MARSAD_ARP2014,8ae3460a816d,2026-08-27,medium
persons,TNP-00328,name_ar,MARSAD_ARP2014,5802e496c941,2026-08-27,medium
persons,TNP-00328,name_lat,MARSAD_ARP2014,fbebc7a836de,2026-08-27,medium
persons,TNP-00328,gender,MARSAD_ARP2014,030ef4a52619,2026-08-27,medium
persons,TNP-00328,occupation_raw,MARSAD_ARP2014,f4ceb5a464c8,2026-08-27,medium
mandates,TNM-d82aae551529,assembly_id,MARSAD_ARP2014,8ae3460a816d,2026-08-27,medium
persons,TNP-00828,name_ar,MARSAD_ARP2014,df9f52d91018,2026-08-27,medium
persons,TNP-00828,name_lat,MARSAD_ARP2014,6887394e05ae,2026-08-27,medium
persons,TNP-00828,gender,MARSAD_ARP2014,96a1a08dcded,2026-08-27,medium
persons,TNP-00828,occupation_raw,MARSAD_ARP2014,83628ae27ee9,2026-08-27,medium
mandates,TNM-777b7da1ada9,assembly_id,MARSAD_ARP2014,8ae3460a816d,2026-08-27,medium
persons,TNP-00829,name_ar,MARSAD_ARP2014,47e3f96db932,2026-08-27,medium
persons,TNP-00829,name_lat,MARSAD_ARP2014,34ec43d3ac77,2026-08-27,medium
persons,TNP-00829,gender,MARSAD_ARP2014,96a1a08dcded,2026-08-27,medium
persons,TNP-00829,occupation_raw,MARSAD_ARP2014,5d326e24a685,2026-08-27,medium
mandates,TNM-5bca363a88da,assembly_id,MARSAD_ARP2014,8ae3460a816d,2026-08-27,medium
persons,TNP-00331,name_ar,MARSAD_ARP2014,205b3884583c,2026-08-27,medium
persons,TNP-00331,name_lat,MARSAD_ARP2014,a6ec47196f46,2026-08-27,medium
persons,TNP-00331,gender,MARSAD_ARP2014,96a1a08dcded,2026-08-27,medium
persons,TNP-00331,occupation_raw,MARSAD_ARP2014,83628ae27ee9,2026-08-27,medium
mandates,TNM-e178235d2eda,assembly_id,MARSAD_ARP2014,8ae3460a816d,2026-08-27,medium
persons,TNP-00830,name_ar,MARSAD_ARP2014,1e2f97a51e4a,2026-08-27,medium
persons,TNP-00830,name_lat,MARSAD_ARP2014,2703b87c7145,2026-08-27,medium
persons,TNP-00830,gender,MARSAD_ARP2014,030ef4a52619,2026-08-27,medium
persons,TNP-00830,occupation_raw,MARSAD_ARP2014,6e142d69fff1,2026-08-27,medium
mandates,TNM-dbbfc7db3716,assembly_id,MARSAD_ARP2014,8ae3460a816d,2026-08-27,medium
persons,TNP-00332,name_ar,MARSAD_ARP2014,fca6726c78e1,2026-08-27,medium
persons,TNP-00332,name_lat,MARSAD_ARP2014,990dd72489da,2026-08-27,medium
persons,TNP-00332,gender,MARSAD_ARP2014,96a1a08dcded,2026-08-27,medium
persons,TNP-00332,occupation_raw,MARSAD_ARP2014,5d326e24a685,2026-08-27,medium
mandates,TNM-bc89069a1263,assembly_id,MARSAD_ARP2014,8ae3460a816d,2026-08-27,medium
persons,TNP-00333,name_ar,MARSAD_ARP2014,bca236c347cf,2026-08-27,medium
persons,TNP-00333,name_lat,MARSAD_ARP2014,307845508a67,2026-08-27,medium
persons,TNP-00333,gender,MARSAD_ARP2014,030ef4a52619,2026-08-27,medium
persons,TNP-00333,occupation_raw,MARSAD_ARP2014,5d326e24a685,2026-08-27,medium
mandates,TNM-9c3660ab9548,assembly_id,MARSAD_ARP2014,8ae3460a816d,2026-08-27,medium
persons,TNP-00445,name_ar,MARSAD_ARP2014,9bd9269a54de,2026-08-27,medium
persons,TNP-00445,name_lat,MARSAD_ARP2014,c9771867b28d,2026-08-27,medium
persons,TNP-00445,gender,MARSAD_ARP2014,96a1a08dcded,2026-08-27,medium
persons,TNP-00445,occupation_raw,MARSAD_ARP2014,5d326e24a685,2026-08-27,medium
mandates,TNM-a3e253c7fa0b,assembly_id,MARSAD_ARP2014,8ae3460a816d,2026-08-27,medium
persons,TNP-00831,name_ar,MARSAD_ARP2014,ae70caac002d,2026-08-27,medium
persons,TNP-00831,name_lat,MARSAD_ARP2014,5c6f7a339ebd,2026-08-27,medium
persons,TNP-00831,gender,MARSAD_ARP2014,96a1a08dcded,2026-08-27,medium
persons,TNP-00831,occupation_raw,MARSAD_ARP2014,eb9f9a84809c,2026-08-27,medium
mandates,TNM-1aa72134d1f0,assembly_id,MARSAD_ARP2014,8ae3460a816d,2026-08-27,medium
persons,TNP-00340,name_ar,MARSAD_ARP2014,22b4e283e98d,2026-08-27,medium
persons,TNP-00340,name_lat,MARSAD_ARP2014,ffb27f516f41,2026-08-27,medium
persons,TNP-00340,gender,MARSAD_ARP2014,96a1a08dcded,2026-08-27,medium
persons,TNP-00340,occupation_raw,MARSAD_ARP2014,d6a20112eeae,2026-08-27,medium
mandates,TNM-9b70eca4754a,assembly_id,MARSAD_ARP2014,8ae3460a816d,2026-08-27,medium
persons,TNP-00832,name_ar,MARSAD_ARP2014,9d2cffda1c5d,2026-08-27,medium
persons,TNP-00832,name_lat,MARSAD_ARP2014,ca11e4bf377d,2026-08-27,medium
persons,TNP-00832,gender,MARSAD_ARP2014,030ef4a52619,2026-08-27,medium
persons,TNP-00832,occupation_raw,MARSAD_ARP2014,f4ceb5a464c8,2026-08-27,medium
mandates,TNM-dadf1b6f9080,assembly_id,MARSAD_ARP2014,8ae3460a816d,2026-08-27,medium
persons,TNP-00345,name_ar,MARSAD_ARP2014,124c31c3f0bb,2026-08-27,medium
persons,TNP-00345,name_lat,MARSAD_ARP2014,b30152e09c21,2026-08-27,medium
persons,TNP-00345,gender,MARSAD_ARP2014,030ef4a52619,2026-08-27,medium
persons,TNP-00345,occupation_raw,MARSAD_ARP2014,eb9f9a84809c,2026-08-27,medium
mandates,TNM-0754c9705fa1,assembly_id,MARSAD_ARP2014,8ae3460a816d,2026-08-27,medium
persons,TNP-00833,name_ar,MARSAD_ARP2014,a492eef92d28,2026-08-27,medium
persons,TNP-00833,name_lat,MARSAD_ARP2014,453ca2729cf0,2026-08-27,medium
persons,TNP-00833,gender,MARSAD_ARP2014,96a1a08dcded,2026-08-27,medium
persons,TNP-00833,occupation_raw,MARSAD_ARP2014,eb9f9a84809c,2026-08-27,medium
mandates,TNM-6014ed9f89e9,assembly_id,MARSAD_ARP2014,8ae3460a816d,2026-08-27,medium
persons,TNP-00834,name_ar,MARSAD_ARP2014,be5249d7be88,2026-08-27,medium
persons,TNP-00834,name_lat,MARSAD_ARP2014,32001dcc0093,2026-08-27,medium
persons,TNP-00834,gender,MARSAD_ARP2014,96a1a08dcded,2026-08-27,medium
persons,TNP-00834,occupation_raw,MARSAD_ARP2014,13ac031f7f09,2026-08-27,medium
mandates,TNM-a9c12a4a1024,assembly_id,MARSAD_ARP2014,8ae3460a816d,2026-08-27,medium
persons,TNP-00835,name_ar,MARSAD_ARP2014,5c008b54077f,2026-08-27,medium
persons,TNP-00835,name_lat,MARSAD_ARP2014,075c966bcba6,2026-08-27,medium
persons,TNP-00835,gender,MARSAD_ARP2014,030ef4a52619,2026-08-27,medium
persons,TNP-00835,occupation_raw,MARSAD_ARP2014,471e98a3311b,2026-08-27,medium
mandates,TNM-3431ef6e4bd4,assembly_id,MARSAD_ARP2014,8ae3460a816d,2026-08-27,medium
persons,TNP-00553,name_ar,MARSAD_ARP2014,e7698be64af9,2026-08-27,medium
persons,TNP-00553,name_lat,MARSAD_ARP2014,8c536e742859,2026-08-27,medium
persons,TNP-00553,gender,MARSAD_ARP2014,96a1a08dcded,2026-08-27,medium
persons,TNP-00553,occupation_raw,MARSAD_ARP2014,eb9f9a84809c,2026-08-27,medium
mandates,TNM-b4d6420a5352,assembly_id,MARSAD_ARP2014,8ae3460a816d,2026-08-27,medium
persons,TNP-00836,name_ar,MARSAD_ARP2014,b8719895a166,2026-08-27,medium
persons,TNP-00836,name_lat,MARSAD_ARP2014,ba4c9ead65eb,2026-08-27,medium
persons,TNP-00836,gender,MARSAD_ARP2014,030ef4a52619,2026-08-27,medium
persons,TNP-00836,occupation_raw,MARSAD_ARP2014,5d326e24a685,2026-08-27,medium
mandates,TNM-4e01af03e445,assembly_id,MARSAD_ARP2014,8ae3460a816d,2026-08-27,medium
persons,TNP-00837,name_ar,MARSAD_ARP2014,e3f790c1c72c,2026-08-27,medium
persons,TNP-00837,name_lat,MARSAD_ARP2014,5f0459638868,2026-08-27,medium
persons,TNP-00837,gender,MARSAD_ARP2014,030ef4a52619,2026-08-27,medium
mandates,TNM-aecd95ae7332,assembly_id,MARSAD_ARP2014,8ae3460a816d,2026-08-27,medium
persons,TNP-00838,name_ar,MARSAD_ARP2014,59bab4ece170,2026-08-27,medium
persons,TNP-00838,name_lat,MARSAD_ARP2014,24e48fa6bbcc,2026-08-27,medium
persons,TNP-00838,gender,MARSAD_ARP2014,030ef4a52619,2026-08-27,medium
persons,TNP-00838,occupation_raw,MARSAD_ARP2014,5d326e24a685,2026-08-27,medium
mandates,TNM-26c046e799fc,assembly_id,MARSAD_ARP2014,8ae3460a816d,2026-08-27,medium
persons,TNP-00839,name_ar,MARSAD_ARP2014,727dbe2a8a43,2026-08-27,medium
persons,TNP-00839,name_lat,MARSAD_ARP2014,7012bde8f715,2026-08-27,medium
persons,TNP-00839,gender,MARSAD_ARP2014,030ef4a52619,2026-08-27,medium
persons,TNP-00839,occupation_raw,MARSAD_ARP2014,a41214a26360,2026-08-27,medium
mandates,TNM-20128df46371,assembly_id,MARSAD_ARP2014,8ae3460a816d,2026-08-27,medium
persons,TNP-00840,name_ar,MARSAD_ARP2014,2a026e07f2a7,2026-08-27,medium
persons,TNP-00840,name_lat,MARSAD_ARP2014,e52bbdb80c3a,2026-08-27,medium
persons,TNP-00840,gender,MARSAD_ARP2014,030ef4a52619,2026-08-27,medium
mandates,TNM-067bcff53328,assembly_id,MARSAD_ARP2014,8ae3460a816d,2026-08-27,medium
persons,TNP-00841,name_ar,MARSAD_ARP2014,ddf22798e83d,2026-08-27,medium
persons,TNP-00841,name_lat,MARSAD_ARP2014,40587ae56666,2026-08-27,medium
persons,TNP-00841,gender,MARSAD_ARP2014,030ef4a52619,2026-08-27,medium
persons,TNP-00841,occupation_raw,MARSAD_ARP2014,9fbd0622dae0,2026-08-27,medium
mandates,TNM-7b3cbbee97a3,assembly_id,MARSAD_ARP2014,8ae3460a816d,2026-08-27,medium
persons,TNP-00350,name_ar,MARSAD_ARP2014,793717df58fa,2026-08-27,medium
persons,TNP-00350,name_lat,MARSAD_ARP2014,62c9b4ff542d,2026-08-27,medium
persons,TNP-00350,gender,MARSAD_ARP2014,030ef4a52619,2026-08-27,medium
persons,TNP-00350,occupation_raw,MARSAD_ARP2014,13ac031f7f09,2026-08-27,medium
mandates,TNM-f2929b0253c1,assembly_id,MARSAD_ARP2014,8ae3460a816d,2026-08-27,medium
persons,TNP-00842,name_ar,MARSAD_ARP2014,5a449abea9b8,2026-08-27,medium
persons,TNP-00842,name_lat,MARSAD_ARP2014,fbf978259196,2026-08-27,medium
persons,TNP-00842,gender,MARSAD_ARP2014,030ef4a52619,2026-08-27,medium
persons,TNP-00842,occupation_raw,MARSAD_ARP2014,f4ceb5a464c8,2026-08-27,medium
mandates,TNM-1d27dabf24dc,assembly_id,MARSAD_ARP2014,8ae3460a816d,2026-08-27,medium
persons,TNP-00354,name_ar,MARSAD_ARP2014,54360fe62fac,2026-08-27,medium
persons,TNP-00354,name_lat,MARSAD_ARP2014,939b89b123db,2026-08-27,medium
persons,TNP-00354,gender,MARSAD_ARP2014,96a1a08dcded,2026-08-27,medium
mandates,TNM-ee3a97e90d88,assembly_id,MARSAD_ARP2014,8ae3460a816d,2026-08-27,medium
persons,TNP-00843,name_ar,MARSAD_ARP2014,0360e1d95d10,2026-08-27,medium
persons,TNP-00843,name_lat,MARSAD_ARP2014,a815a7e6a1ea,2026-08-27,medium
persons,TNP-00843,gender,MARSAD_ARP2014,96a1a08dcded,2026-08-27,medium
persons,TNP-00843,occupation_raw,MARSAD_ARP2014,83628ae27ee9,2026-08-27,medium
mandates,TNM-098ad2e31906,assembly_id,MARSAD_ARP2014,8ae3460a816d,2026-08-27,medium
persons,TNP-00844,name_ar,MARSAD_ARP2014,d757805fb122,2026-08-27,medium
persons,TNP-00844,name_lat,MARSAD_ARP2014,a6fa526f1946,2026-08-27,medium
persons,TNP-00844,gender,MARSAD_ARP2014,030ef4a52619,2026-08-27,medium
persons,TNP-00844,occupation_raw,MARSAD_ARP2014,595b35052213,2026-08-27,medium
mandates,TNM-0f7698896902,assembly_id,MARSAD_ARP2014,8ae3460a816d,2026-08-27,medium
persons,TNP-00355,name_ar,MARSAD_ARP2014,ab95d8777fee,2026-08-27,medium
persons,TNP-00355,name_lat,MARSAD_ARP2014,8a276d9eeea3,2026-08-27,medium
persons,TNP-00355,gender,MARSAD_ARP2014,030ef4a52619,2026-08-27,medium
persons,TNP-00355,occupation_raw,MARSAD_ARP2014,595b35052213,2026-08-27,medium
mandates,TNM-6cc0d76000df,assembly_id,MARSAD_ARP2014,8ae3460a816d,2026-08-27,medium
persons,TNP-00357,name_ar,MARSAD_ARP2014,b67deaec011c,2026-08-27,medium
persons,TNP-00357,name_lat,MARSAD_ARP2014,4b855b5b993d,2026-08-27,medium
persons,TNP-00357,gender,MARSAD_ARP2014,96a1a08dcded,2026-08-27,medium
persons,TNP-00357,occupation_raw,MARSAD_ARP2014,eb9f9a84809c,2026-08-27,medium
mandates,TNM-73822a7fdd07,assembly_id,MARSAD_ARP2014,8ae3460a816d,2026-08-27,medium
persons,TNP-00358,name_ar,MARSAD_ARP2014,29a37ace5c4e,2026-08-27,medium
persons,TNP-00358,name_lat,MARSAD_ARP2014,a1dafb147497,2026-08-27,medium
persons,TNP-00358,gender,MARSAD_ARP2014,030ef4a52619,2026-08-27,medium
mandates,TNM-34a5ef4194d7,assembly_id,MARSAD_ARP2014,8ae3460a816d,2026-08-27,medium
persons,TNP-00845,name_ar,MARSAD_ARP2014,1a813742f686,2026-08-27,medium
persons,TNP-00845,name_lat,MARSAD_ARP2014,c8228aff7135,2026-08-27,medium
persons,TNP-00845,gender,MARSAD_ARP2014,030ef4a52619,2026-08-27,medium
persons,TNP-00845,occupation_raw,MARSAD_ARP2014,83628ae27ee9,2026-08-27,medium
mandates,TNM-aaa43f61dbbb,assembly_id,MARSAD_ARP2014,8ae3460a816d,2026-08-27,medium
persons,TNP-00846,name_ar,MARSAD_ARP2014,7c8819197108,2026-08-27,medium
persons,TNP-00846,name_lat,MARSAD_ARP2014,be26ca0758d3,2026-08-27,medium
persons,TNP-00846,gender,MARSAD_ARP2014,030ef4a52619,2026-08-27,medium
persons,TNP-00846,occupation_raw,MARSAD_ARP2014,1d80a168d285,2026-08-27,medium
mandates,TNM-c2b7f3f0d478,assembly_id,MARSAD_ARP2014,8ae3460a816d,2026-08-27,medium
persons,TNP-00361,name_ar,MARSAD_ARP2014,55e2d4422be0,2026-08-27,medium
persons,TNP-00361,name_lat,MARSAD_ARP2014,75f27fcb8f9a,2026-08-27,medium
persons,TNP-00361,gender,MARSAD_ARP2014,96a1a08dcded,2026-08-27,medium
persons,TNP-00361,occupation_raw,MARSAD_ARP2014,5d326e24a685,2026-08-27,medium
mandates,TNM-d816c101c1c7,assembly_id,MARSAD_ARP2014,8ae3460a816d,2026-08-27,medium
persons,TNP-00364,name_ar,MARSAD_ARP2014,74fc5340424b,2026-08-27,medium
persons,TNP-00364,name_lat,MARSAD_ARP2014,9284e0c5fe39,2026-08-27,medium
persons,TNP-00364,gender,MARSAD_ARP2014,030ef4a52619,2026-08-27,medium
persons,TNP-00364,occupation_raw,MARSAD_ARP2014,5d326e24a685,2026-08-27,medium
mandates,TNM-7273863306e2,assembly_id,MARSAD_ARP2014,8ae3460a816d,2026-08-27,medium
persons,TNP-00847,name_ar,MARSAD_ARP2014,473a0854c394,2026-08-27,medium
persons,TNP-00847,name_lat,MARSAD_ARP2014,144711bc0ea5,2026-08-27,medium
persons,TNP-00847,gender,MARSAD_ARP2014,030ef4a52619,2026-08-27,medium
persons,TNP-00847,occupation_raw,MARSAD_ARP2014,eb9f9a84809c,2026-08-27,medium
mandates,TNM-45ff21192dc3,assembly_id,MARSAD_ARP2014,8ae3460a816d,2026-08-27,medium
persons,TNP-00848,name_ar,MARSAD_ARP2014,99e00d8739d8,2026-08-27,medium
persons,TNP-00848,name_lat,MARSAD_ARP2014,1d2505e87d4a,2026-08-27,medium
persons,TNP-00848,gender,MARSAD_ARP2014,96a1a08dcded,2026-08-27,medium
persons,TNP-00848,occupation_raw,MARSAD_ARP2014,83628ae27ee9,2026-08-27,medium
mandates,TNM-1d741a832159,assembly_id,MARSAD_ARP2014,8ae3460a816d,2026-08-27,medium
persons,TNP-00365,name_ar,MARSAD_ARP2014,d15ff2d012b8,2026-08-27,medium
persons,TNP-00365,name_lat,MARSAD_ARP2014,3a606c31eaa9,2026-08-27,medium
persons,TNP-00365,gender,MARSAD_ARP2014,030ef4a52619,2026-08-27,medium
persons,TNP-00365,occupation_raw,MARSAD_ARP2014,eb9f9a84809c,2026-08-27,medium
mandates,TNM-9a9b205cdc35,assembly_id,MARSAD_ARP2014,8ae3460a816d,2026-08-27,medium
persons,TNP-00849,name_ar,MARSAD_ARP2014,36afd5089bb0,2026-08-27,medium
persons,TNP-00849,name_lat,MARSAD_ARP2014,2134c8209137,2026-08-27,medium
persons,TNP-00849,gender,MARSAD_ARP2014,030ef4a52619,2026-08-27,medium
persons,TNP-00849,occupation_raw,MARSAD_ARP2014,e9f4f798cf9f,2026-08-27,medium
mandates,TNM-ea6d0510d842,assembly_id,MARSAD_ARP2014,8ae3460a816d,2026-08-27,medium
persons,TNP-00850,name_ar,MARSAD_ARP2014,36afd5089bb0,2026-08-27,medium
persons,TNP-00850,name_lat,MARSAD_ARP2014,fc99b1204af4,2026-08-27,medium
persons,TNP-00850,gender,MARSAD_ARP2014,030ef4a52619,2026-08-27,medium
persons,TNP-00850,occupation_raw,MARSAD_ARP2014,e9f4f798cf9f,2026-08-27,medium
mandates,TNM-5f577af3cb61,assembly_id,MARSAD_ARP2014,8ae3460a816d,2026-08-27,medium
