vote_id,assembly_id,vote_date,title,source_url,n_recorded,source_ids
VOT-d7c5477d1957,NCA-2011,2012-07-18,Arrêté présidentiel portant destitution du gouverneur en poste de la banque centrale de Tunisie,,209,MARSAD_ANC
VOT-6e875a7f26ef,NCA-2011,2012-07-24,Vote pour l'approbation de la nomination de Chadly Ayari comme nouveau gouverneur de la banque centrale,,209,MARSAD_ANC
VOT-3d1250d42169,NCA-2011,2012-11-08,Article 1,,210,MARSAD_ANC
VOT-503ef1d5c292,NCA-2011,2012-11-14,Article 3,,210,MARSAD_ANC
VOT-3437978feee0,NCA-2011,2012-11-14,Article 4,,210,MARSAD_ANC
VOT-3969ea48aafd,NCA-2011,2012-11-20,Article 5,,210,MARSAD_ANC
VOT-1da1790acbeb,NCA-2011,2012-11-27,Article 10,,210,MARSAD_ANC
VOT-7069ffc0755b,NCA-2011,2012-11-27,Article 11,,210,MARSAD_ANC
VOT-8f9d7785fdde,NCA-2011,2012-11-27,Article 12,,210,MARSAD_ANC
VOT-8f0f8c948b1f,NCA-2011,2012-11-27,Article 9,,210,MARSAD_ANC
VOT-ae80394aef7d,NCA-2011,2012-11-27,Article 13,,210,MARSAD_ANC
VOT-af15ab6354f9,NCA-2011,2012-11-27,Article 7,,210,MARSAD_ANC
VOT-55448cc5826a,NCA-2011,2012-11-28,Article 14,,210,MARSAD_ANC
VOT-6ab35ab3f3e3,NCA-2011,2012-11-29,Vote concernant le projet de loi N°72/2012 relatif à la ratification de l'accord du prêt complémentaire signé à Washington entre le gouvernement tunisien et la Banque Mondiale pour la reconstruction et l'approvisionnement du deuxième programme pour l'appui à l'économie tunisienne.,,210,MARSAD_ANC
VOT-41efe106ae95,NCA-2011,2012-11-29,Vote concernant le projet de loi N°71/2012 relatif à la ratification de l'accord du prêt entre le gouvernement tunisien et la Banque Africaine de Développement pour la participation dans le programme d'appui à l'économie tunisienne et au développement participatif,,210,MARSAD_ANC
VOT-2a90dceb3b50,NCA-2011,2012-12-04,Article 16,,210,MARSAD_ANC
VOT-3a1b64eb5797,NCA-2011,2012-12-04,Article 17,,210,MARSAD_ANC
VOT-8bc8cf5959fa,NCA-2011,2012-12-04,Article 15,,210,MARSAD_ANC
VOT-916040255147,NCA-2011,2012-12-04,Article 18,,210,MARSAD_ANC
VOT-8e9299d3ddc1,NCA-2011,2012-12-04,Article 19,,210,MARSAD_ANC
VOT-ce0b95b882d7,NCA-2011,2012-12-04,Article 20,,210,MARSAD_ANC
VOT-55f8801eee9a,NCA-2011,2012-12-05,Article 23,,210,MARSAD_ANC
VOT-361c7264184f,NCA-2011,2012-12-05,Article 22,,210,MARSAD_ANC
VOT-7c71738a8531,NCA-2011,2012-12-06,Article 21,,210,MARSAD_ANC
VOT-451e0087fc1b,NCA-2011,2012-12-06,Article 25,,210,MARSAD_ANC
VOT-f2cbcf6a3f80,NCA-2011,2012-12-06,Article 26,,210,MARSAD_ANC
VOT-884d81a58590,NCA-2011,2012-12-06,Article 27,,210,MARSAD_ANC
VOT-5ba8e1cb316a,NCA-2011,2012-12-06,Article 30,,210,MARSAD_ANC
VOT-6cf40e82ae19,NCA-2011,2012-12-06,Article 29,,210,MARSAD_ANC
VOT-8cafe0fc61b2,NCA-2011,2012-12-06,Article 31,,210,MARSAD_ANC
VOT-3700b830acdd,NCA-2011,2012-12-06,Article 33,,210,MARSAD_ANC
VOT-854b1f93f3fd,NCA-2011,2012-12-06,Article 34,,210,MARSAD_ANC
VOT-198a79eb5ac3,NCA-2011,2012-12-06,Article 35,,210,MARSAD_ANC
VOT-b5debb34a789,NCA-2011,2012-12-06,Article 36,,210,MARSAD_ANC
VOT-5fca904cbdcb,NCA-2011,2012-12-06,Article 32,,210,MARSAD_ANC
VOT-991f00cd46dd,NCA-2011,2012-12-12,Article 6,,210,MARSAD_ANC
VOT-5a437029137d,NCA-2011,2012-12-12,Ajout d'un article,,210,MARSAD_ANC
VOT-f01bb8ec52d9,NCA-2011,2012-12-12,vote sur la loi,,210,MARSAD_ANC
VOT-e0e9d62ef4c0,NCA-2011,2012-12-14,Vote sur le projet de loi N°48/2012 relatif à une convention de rachat,,210,MARSAD_ANC
VOT-c1fa073e49d8,NCA-2011,2012-12-14,Le projet de loi numéro 2012/65 avec la révision et l'achèvement de certaines dispositions de la loi n ° 1 pour l'année 2012 du 16 mai 2012 sur la loi de finances complémentaire pour l'année 2012.,,210,MARSAD_ANC
VOT-db35f1a0ef32,NCA-2011,2012-12-20,Vote pour la nomination de Ilyas Fakhfakh à la tête du ministère des finances,,210,MARSAD_ANC
VOT-4035af939290,NCA-2011,2012-12-24,Chapitre 2: Présidence de la République,,210,MARSAD_ANC
VOT-bc29a22d8a80,NCA-2011,2012-12-24,Chapitre 8: Ministère de la Défense,,210,MARSAD_ANC
VOT-1d82e49e3018,NCA-2011,2012-12-24,Chapitre 10: Ministère des Finances,,210,MARSAD_ANC
VOT-b2b470567209,NCA-2011,2012-12-24,Chapitre 12: Ministère du Développement Régional et de la Planification,,210,MARSAD_ANC
VOT-9e758bc1e2bf,NCA-2011,2012-12-24,Chapitre 14: Ministère de l'Agriculture,,210,MARSAD_ANC
VOT-99fd0184f377,NCA-2011,2012-12-24,Chapitre 15: Ministère de l’Environnement,,210,MARSAD_ANC
VOT-33f4775c431d,NCA-2011,2012-12-24,Chapitre 17: Ministère du Commerce et de l'Artisanat,,210,MARSAD_ANC
VOT-26586ec811e9,NCA-2011,2012-12-24,Chapitre 18: Ministère des Technologies de l'Information et de la Communication,,210,MARSAD_ANC
VOT-30dfb82c83c1,NCA-2011,2012-12-24,Chapitre 19: Ministère du Tourisme,,210,MARSAD_ANC
VOT-12c0af6ce7bd,NCA-2011,2012-12-24,Chapitre 29: Ministère de l'Emploi et de la Formation Professionnelle,,210,MARSAD_ANC
VOT-7271ba505da6,NCA-2011,2012-12-24,Chapitre 21: Ministère du Transport,,210,MARSAD_ANC
VOT-15ed9b749d53,NCA-2011,2012-12-24,Chapitre 22: Ministère de la Femme et de la Famille,,210,MARSAD_ANC
VOT-164356d49a71,NCA-2011,2012-12-24,Chapitre 23: Ministère de la Culture,,210,MARSAD_ANC
VOT-70a41fdf0db0,NCA-2011,2012-12-24,Chapitre 26: Ministère des Affaires Sociales,,210,MARSAD_ANC
VOT-278082bdc305,NCA-2011,2012-12-24,Chapitre 27: Ministère de l'Éducation,,210,MARSAD_ANC
VOT-b4cce5e5252a,NCA-2011,2012-12-24,Chapitre 1: Assemblée Nationale Constituante,,210,MARSAD_ANC
VOT-d252f005d096,NCA-2011,2012-12-24,Chapitre 28: Ministère de l'Enseignement Supérieure et de la Recherche Scientifique,,210,MARSAD_ANC
VOT-7f962eedb481,NCA-2011,2012-12-24,Chapitre 3: Gouvernement,,210,MARSAD_ANC
VOT-8c3bfa9be7f9,NCA-2011,2012-12-24,Chapitre 4: Ministère de l'Intérieur,,210,MARSAD_ANC
VOT-abf34e846619,NCA-2011,2012-12-24,Chapitre 5: Ministère de la Justice,,210,MARSAD_ANC
VOT-372273435ae4,NCA-2011,2012-12-24,Chapitre 7: Ministère des Affaires Étrangères,,210,MARSAD_ANC
VOT-03f789310999,NCA-2011,2012-12-24,Chapitre 9: Ministère des Affaires Religieuses,,210,MARSAD_ANC
VOT-878bc7c17c6a,NCA-2011,2012-12-24,Chapitre 11: Ministère du Développement et de la Coopération Internationale,,210,MARSAD_ANC
VOT-f81da0a141da,NCA-2011,2012-12-24,Chapitre 13: Ministère des Domaines de l'Etat et des Affaires Foncières,,210,MARSAD_ANC
VOT-215a75d5afd6,NCA-2011,2012-12-24,Chapitre 16: Ministère de l’Industrie,,210,MARSAD_ANC
VOT-2a57082d00a1,NCA-2011,2012-12-24,Chapitre 20: Ministère de l'Équipement,,210,MARSAD_ANC
VOT-e6f64db6f17a,NCA-2011,2012-12-24,Chapitre 24: Ministère de la Jeunesse et des Sports,,210,MARSAD_ANC
VOT-d13934a553c3,NCA-2011,2012-12-24,Chapitre 25: Ministère de la Santé Publique,,210,MARSAD_ANC
VOT-b50fb9aa8c08,NCA-2011,2013-03-09,Article 61 (nouveau),,211,MARSAD_ANC
VOT-a5799a537ca5,NCA-2011,2013-03-09,Article 62 (nouveau),,211,MARSAD_ANC
VOT-3c4dfd50cfe1,NCA-2011,2013-03-09,Article 72 (nouveau),,211,MARSAD_ANC
VOT-4e1c810cd76a,NCA-2011,2013-03-09,Article 82 (paragraphe 4 nouveau),,211,MARSAD_ANC
VOT-acdb88e7f5a0,NCA-2011,2013-03-09,Article 85 (paragraphe 1 nouveau),,211,MARSAD_ANC
VOT-3779c2d45253,NCA-2011,2013-03-09,Article 87,,211,MARSAD_ANC
VOT-2372755b1ef9,NCA-2011,2013-03-09,Article 89,,211,MARSAD_ANC
VOT-6cc25b6edf0b,NCA-2011,2013-03-11,Article 91 (amendement 1),,211,MARSAD_ANC
VOT-bbcd807b0a8a,NCA-2011,2013-03-11,Article 91 (amendement 2),,211,MARSAD_ANC
VOT-4b4b2f6b00a7,NCA-2011,2013-03-11,Article 91 (amendement 3),,211,MARSAD_ANC
VOT-dba2667b9fb3,NCA-2011,2013-03-11,Article 91 (amendement 4),,211,MARSAD_ANC
VOT-e085ad64cf3c,NCA-2011,2013-03-11,Article 91 (amendement 5),,211,MARSAD_ANC
VOT-157e97350597,NCA-2011,2013-03-11,Article 91 (nouveau),,211,MARSAD_ANC
VOT-93309c20127f,NCA-2011,2013-03-11,Article 100,,211,MARSAD_ANC
VOT-bdbae9b85007,NCA-2011,2013-03-13,Vote de confiance au gouvernement de Ali Larayedh,,211,MARSAD_ANC
VOT-0294ac71af1a,NCA-2011,2013-03-14,Article 106,,211,MARSAD_ANC
VOT-3484c9f1bde9,NCA-2011,2013-03-15,Article 104,,211,MARSAD_ANC
VOT-fa481172574b,NCA-2011,2013-03-15,Article 126,,211,MARSAD_ANC
VOT-1b65503a33d3,NCA-2011,2013-03-15,Article 1,,211,MARSAD_ANC
VOT-68703094a094,NCA-2011,2013-03-15,Article 2,,211,MARSAD_ANC
VOT-103a07810086,NCA-2011,2013-03-15,Vote sur le texte en sa totalité,,211,MARSAD_ANC
VOT-1afd8b56f815,NCA-2011,2013-03-15,Vote relatif au calendrier des travaux de l'ANC,,211,MARSAD_ANC
VOT-86aad248c43d,NCA-2011,2013-04-03,Projet de loi N° 33/2012 relatif à l'amendement du code des Télécommunications,,211,MARSAD_ANC
VOT-80525ba41abe,NCA-2011,2013-04-03,Projet de loi N° 52/2012 portant sur l'approbation de la convention spéciale d'assistance administrative mutuelle et de coopération dans le domaine douanier conclue entre le gouvernement Tunisien et le gouvernement de la République de Turquie,,211,MARSAD_ANC
VOT-809248ca63b9,NCA-2011,2013-04-10,Vote relatif à la clôture du débat général sur l'instance provisoire de la justice judiciaire,,211,MARSAD_ANC
VOT-72fc2bab0fca,NCA-2011,2013-04-10,Intitulé du projet de loi,,211,MARSAD_ANC
VOT-2dd8c3ee98b1,NCA-2011,2013-04-10,Article 1,,211,MARSAD_ANC
VOT-e6ae26fe6c92,NCA-2011,2013-04-10,Article 2,,211,MARSAD_ANC
VOT-9fb01eb71cb9,NCA-2011,2013-04-10,Article 3 (2 nouveau),,211,MARSAD_ANC
VOT-0a4355a14736,NCA-2011,2013-04-10,Article 5 (Ancien),,211,MARSAD_ANC
VOT-12afa7fdc58c,NCA-2011,2013-04-10,Article 4 (3 nouveau),,211,MARSAD_ANC
VOT-8bfbdfcf9968,NCA-2011,2013-04-11,Article 7 (6 nouveau),,211,MARSAD_ANC
VOT-79b38b06d0ec,NCA-2011,2013-04-11,Article 8 (Ancien),,211,MARSAD_ANC
VOT-b9b920f2a03e,NCA-2011,2013-04-12,Article 9,,211,MARSAD_ANC
VOT-5a56358424ae,NCA-2011,2013-04-12,Article 10,,211,MARSAD_ANC
VOT-d7707db92b1a,NCA-2011,2013-04-12,Article 11,,211,MARSAD_ANC
VOT-22739db3c96f,NCA-2011,2013-04-12,Article 14,,211,MARSAD_ANC
VOT-fdd23b0f90dd,NCA-2011,2013-04-12,Article 17,,211,MARSAD_ANC
VOT-ca84ff85c811,NCA-2011,2013-04-12,Article 18 (Ancien),,211,MARSAD_ANC
VOT-8b56234770a9,NCA-2011,2013-04-16,Vote relatif à la motion de censure contre la ministre de la femme et de la famille Sihem Badi,,211,MARSAD_ANC
VOT-d46cda454dac,NCA-2011,2013-04-23,Article 12,,211,MARSAD_ANC
VOT-358568c06f4b,NCA-2011,2013-04-23,Article 13,,211,MARSAD_ANC
VOT-da8367aaaabf,NCA-2011,2013-04-23,Article 15,,211,MARSAD_ANC
VOT-1bf81b3ce779,NCA-2011,2013-04-23,Article 19,,211,MARSAD_ANC
VOT-461f696f665a,NCA-2011,2013-04-23,Article 20,,211,MARSAD_ANC
VOT-e816767a5661,NCA-2011,2013-04-23,Article 21 (19 nouveau),,211,MARSAD_ANC
VOT-a957d4d46c25,NCA-2011,2013-04-24,Article 6 ( 5 nouveau),,211,MARSAD_ANC
VOT-db4a5684c13c,NCA-2011,2013-04-24,Article 7 (nouveau) suite à la division de l'article 8,,211,MARSAD_ANC
VOT-b909b3abe77e,NCA-2011,2013-04-24,Article 8 (nouveau) après division de l'article 8,,211,MARSAD_ANC
VOT-6d0de986c426,NCA-2011,2013-04-24,Article 11,,211,MARSAD_ANC
VOT-e2f8a061c630,NCA-2011,2013-04-24,Article 16,,211,MARSAD_ANC
VOT-f3f1f5ac942a,NCA-2011,2013-04-24,Article 22 ( 20 nouveau),,211,MARSAD_ANC
VOT-9e18e4256126,NCA-2011,2013-04-24,Article 5 (4 nouveau),,211,MARSAD_ANC
VOT-47f212a58846,NCA-2011,2013-04-24,Article 18 (nouveau),,211,MARSAD_ANC
VOT-323c5473f17a,NCA-2011,2013-04-24,Article 9 (nouveau),,211,MARSAD_ANC
VOT-2a919cddaa24,NCA-2011,2013-04-24,Ajout d'un article,,211,MARSAD_ANC
VOT-4d6853232f7e,NCA-2011,2013-04-24,vote sur la loi,,211,MARSAD_ANC
VOT-46481a04c27d,NCA-2011,2013-05-03,Projet de loi organique N°39/2012 portant approbation de l'accord de coopération financière entre la Tunisie et l'Allemagne pour l'année 2009,,211,MARSAD_ANC
VOT-10fb82ac3570,NCA-2011,2013-05-03,Projet de loi organique N°36/2012 portant approbation de l'accord de coopération financière entre la Tunisie et l'Allemagne pour l'année 2010,,211,MARSAD_ANC
VOT-f2c7ac0a5d95,NCA-2011,2013-05-09,Projet de loi N°05/2013 portant approbation de l'accord dee prêt signé le 5 Décembre 2012 entre le gouvernement de la République Tunisienne et le fond OPEC de développement international relatif au prêt accordé à la Société Tunisienne d'Electricité et Gaz pour la contribution au financement d'un projet de centrale électrique à double cycle (Sousse D),,211,MARSAD_ANC
VOT-17543eeb7b65,NCA-2011,2013-05-09,"Projet de loi N°77/2012 relatif à l'approbation d'un accord de prêt signé le 21 septembre 2012 entre le Gouvernement Tunisien et la Banque Islamique pour le Développement, relatif à l'aide au financement d'un projet de centrale électrique à double cycle (Sousse D) à Sousse",,211,MARSAD_ANC
VOT-5482bd1405fc,NCA-2011,2013-05-09,"Projet de loi N°75/2012 relatif à l'approbation d'un accord de prêt signé à Tunis le 25 Septembre 2012 entre la Tunisie et le fond saoudien de développement pour la contribution au financement du projet de ""centrale électrique de Sousse""",,211,MARSAD_ANC
VOT-99869c19e19a,NCA-2011,2013-05-09,Projet de loi organique N°67/2012 portant ratification d'une convention entre le gouvernement de la République Tunisienne et le gouvernement de la République de Serbie de non double imposition en matière d'impôt sur le revenu et la fortune,,211,MARSAD_ANC
VOT-ef1ce86b3c2e,NCA-2011,2013-06-05,"Projet de loi N°06/2013 portant approbation de l'accord de crédit signée à Tunis le 16 Novembre 2012 entre le gouvernement de la République Tunisienne et la Banque Turque pour l’exportation et l’importation (Turk Eximbank) pour contribuer au financement de l’acquisition de matériel et d’équipements en provenance de la Turquie, ainsi que des projets prioritaires dans les secteurs public et privé.",,211,MARSAD_ANC
VOT-04c9162ab10d,NCA-2011,2013-06-05,projet de loi organique N°82/2012 portant approbation à l'accord de prêt signé à Tunis le 8 Novembre 2012 entre le gouvernement de la République de Tunisie et le gouvernement de la République de Turquie destiné à renforcer le budget en vue de refinancer des projets dans le domaine de l’infrastructure,,211,MARSAD_ANC
VOT-d98e1927a769,NCA-2011,2013-06-21,Projet de loi organique N°50/2012 portant approbation de l'accord d'amitié et de coopération entre la Tunisie et la Turquie,,212,MARSAD_ANC
VOT-022c7408a707,NCA-2011,2013-06-26,Vote relatif à la légalité de la motion de destitution à l'encontre du président de la République suite au retrait d'un nombre de signatures,,212,MARSAD_ANC
VOT-74f94420a597,NCA-2011,2013-06-28,Vote relatif à la clôture du débat général sur le projet de loi de l'immunisation politique de la révolution,,212,MARSAD_ANC
VOT-5ee776d10421,NCA-2011,2013-07-10,Projet de loi N°39/2013 portant approbation du document de garantie signé le 31 Mai 2013 relative à l'octroi de la garantie de l'État pour un prêt objet d'un accord entre la compagnie Tunisair et un groupe de banques étrangères,,212,MARSAD_ANC
VOT-890f2aa77ff0,NCA-2011,2013-07-17,Projet de loi N°64/2012 portant approbation de l'emprunt obligataire émis par la BCT au profit de l'Etat sur le marché financier américain suite à l'accord de garantie de l'agence américaine de développement international conclu le 11 et 16 juillet 2012 entre la BCT et des sociétés financières étrangères,,212,MARSAD_ANC
VOT-433335a5b921,NCA-2011,2013-07-17,"Projet de loi N°32/2012 amendant et complétant la loi N°46-1995, datant du 15 mai 1995, relative au statut général des agents de la douane",,212,MARSAD_ANC
VOT-ac68ff574583,NCA-2011,2013-07-17,Projet de loi N°87/2012 relatif aux sukuks islamiques,,212,MARSAD_ANC
VOT-ebc2aeb258bc,NCA-2011,2013-07-19,1er tour,,212,MARSAD_ANC
VOT-779f6180a12a,NCA-2011,2013-07-19,2ème tour,,212,MARSAD_ANC
VOT-60b881cd3464,NCA-2011,2013-07-20,3ème tour,,212,MARSAD_ANC
VOT-aa69bdc836ca,NCA-2011,2013-07-20,4ème tour,,212,MARSAD_ANC
VOT-976ba5919631,NCA-2011,2013-07-20,5ème tour,,212,MARSAD_ANC
VOT-db70ee5ccbd1,NCA-2011,2013-07-22,6ème tour,,212,MARSAD_ANC
VOT-0ab6dc09c1b6,NCA-2011,2013-07-23,7ème tour,,212,MARSAD_ANC
VOT-1a90741e0b53,NCA-2011,2013-07-23,8ème tour,,212,MARSAD_ANC
VOT-955bf9304066,NCA-2011,2013-08-30,Etat actuel du positionnement des élus vis-à-vis de la question de poursuivre les travaux de l'ANC,,212,MARSAD_ANC
VOT-34e4fcb6b0b4,NCA-2011,2013-09-17,"Projet de loi N°26/2013 portant approbation de l'accord de financement signé à Tunis le 12 Mars 2013 entre le Gouvernement de la République tunisienne et le Gouvernement de l'Etat du Qatar pour contribution à la réalisation de la deuxième tranche du complexe résidentiel ""Omar Mukhtar"" à Sidi Hssine Sijoumi, de la ville de Tunis",,212,MARSAD_ANC
VOT-3a47f4a2a878,NCA-2011,2013-09-17,"Projet de loi N°25/2013 portant approbation de l'accord de financement signé à Tunis le 20 Décembre 2012 entre le Gouvernement de la République tunisienne et la Banque européenne d'investissement relatif à l'attribution d'un prêt au profit de l'Etat tunisien pour contribuer au financement du projet «Peaufinement des quartiers résidentiels.""",,212,MARSAD_ANC
VOT-e5ff77ea6574,NCA-2011,2013-09-17,"Projet de loi N°63/2012 complétant la loi N°13-1994 du 31 Janvier 1994, relative à l'exercice de la pêche",,212,MARSAD_ANC
VOT-860babad0e52,NCA-2011,2013-09-17,Projet de loi N°29/2012 amendant la loi N°34-1998 du 23 Mai 1998 relative à l'organisation de la profession de conseiller agricole,,212,MARSAD_ANC
VOT-475c73a2f2ef,NCA-2011,2013-09-17,Projet de loi N°80/2012 relatif à la création d'une mutuelle des sportifs,,212,MARSAD_ANC
VOT-d535ec86903a,NCA-2011,2013-09-24,Projet de loi organique N°17/2013 portant approbation de la décision du Conseil de partenariat turc délivrée le 23 Janvier 2012 relative à la modification des tableaux A et B du Protocole II de la Convention relative au partenariat pour établir une zone de libre-échange entre la République tunisienne et la République de Turquie,,212,MARSAD_ANC
VOT-8c739c764a7a,NCA-2011,2013-09-24,Projet de loi organique N°27/2013 approuvant l'échange de lettres entre le Gouvernement de la République Tunisienne et le Gouvernement de la République fédérale d'Allemagne pour l'ouverture d'un bureau local en Tunisie de la Fondation allemande pour les prêts de reconstruction,,212,MARSAD_ANC
VOT-0032f37272fe,NCA-2011,2013-09-24,Projet de loi organique N°08/2013 portant approbation de la convention de coopération dans le domaine maritime entre le gouvernement de la République Tunisienne et le gouvernement du Royaume du Maroc signée le 02 Août 2007,,212,MARSAD_ANC
VOT-5811ae9bbd30,NCA-2011,2013-09-24,Projet de loi organique N°04/2013 portant approbation du protocole additionnel de la convention entre la République tunisienne et le Centre international de recherche agricole dans les zones arides (ICARDA) signé le 18 Juillet 2012,,212,MARSAD_ANC
VOT-397d3d168b9b,NCA-2011,2013-09-24,Projet de loi organique N°51/2012 portant approbation de l'accord de coopération sécuritaire entre la Tunisie et la Turquie,,212,MARSAD_ANC
VOT-294a64b92acd,NCA-2011,2013-10-03,Projet de loi N°40/2013 portant approbation de l'accord de prêt signé le 28 Mai 2013 entre le gouvernement tunisien et le fonds saoudien pour le développement pour financer la construction du projet de logement social,,213,MARSAD_ANC
VOT-2ce1497e32e2,NCA-2011,2013-10-09,Vote relatif à la totalité du projet de loi de l'instance nationale de prévention contre la torture,,213,MARSAD_ANC
VOT-9481d9c29e18,NCA-2011,2013-10-18,Projet de loi organique N°14/2013 portant approbation de l'accord entre la République tunisienne et la Banque européenne pour la reconstruction et le développement relatif à la coopération et les activités de la BERD en Tunisie,,213,MARSAD_ANC
VOT-d8ab657a7dd5,NCA-2011,2013-10-18,"Projet de loi organique N°37/2012 portant approbation de l'accord entre le gouvernement de la République Tunisienne et la Commission Préparatoire de l'Organisation du Traité d'Interdiction complète des essaies nucléaires, relatif à la création d'une station de détection sismique et une station infrason dans le cadre de l'exécution d'un programme de surveillance international",,213,MARSAD_ANC
VOT-873e9c7c59d7,NCA-2011,2013-10-24,"Projet de loi N°22/2013 relatif à la promulgation des dispositions réglementaires exceptionnelles portant sur les mesures de changement de vocation des terres agricoles et des forêts domaniales, ainsi que l'aménagement des espaces réservés au programme de logement social et la création de zones industrielles",,213,MARSAD_ANC
VOT-723b78908b87,NCA-2011,2013-10-29,Vote relatif à la clôture du débat général,,213,MARSAD_ANC
VOT-3fea657bb0df,NCA-2011,2013-10-29,Vote relatif à l'intitulé du projet de loi,,213,MARSAD_ANC
VOT-b91b2987908d,NCA-2011,2013-10-29,Vote relatif à l'amendement des paragraphes 7 et 9 de l'article 6,,213,MARSAD_ANC
VOT-91893a061be6,NCA-2011,2013-10-29,Vote sur l'article premier du projet d'amendement,,213,MARSAD_ANC
VOT-40ca5a9b1088,NCA-2011,2013-10-29,Vote relatif à l'amendement du paragraphe 8 de l'article 6,,213,MARSAD_ANC
VOT-09ce8d3516ca,NCA-2011,2013-10-29,Vote relatif à l'amendement du paragraphe 11 de l'article 6,,213,MARSAD_ANC
VOT-0ed2570a97cc,NCA-2011,2013-10-29,Vote relatif à l'article 23 bis du projet,,213,MARSAD_ANC
VOT-74eda0dd747f,NCA-2011,2013-10-29,Vote sur l'article 32 bis du projet,,213,MARSAD_ANC
VOT-ba18baf5375e,NCA-2011,2013-10-29,Vote relatif à l'article 34 bis du projet,,213,MARSAD_ANC
VOT-1141e81dbff3,NCA-2011,2013-10-29,Vote sur l'article 2 du projet,,213,MARSAD_ANC
VOT-bfcb75613c4c,NCA-2011,2013-10-29,Vote sur l'article 3 du projet,,213,MARSAD_ANC
VOT-bd38267c3831,NCA-2011,2013-10-29,vote sur l'article,,213,MARSAD_ANC
VOT-3e4a2481e8dc,NCA-2011,2013-11-02,Vote relatif à la clôture du débat général sur le projet,,213,MARSAD_ANC
VOT-bf65b0d88acd,NCA-2011,2013-11-04,Vote sur l'article premier du projet,,213,MARSAD_ANC
VOT-b0d1948f2bce,NCA-2011,2013-11-04,Vote sur l'article 2 du projet,,213,MARSAD_ANC
VOT-f985c817f768,NCA-2011,2013-11-04,Vote relatif à l'annulation de l'amendement de l'article 36,,213,MARSAD_ANC
VOT-fb5ef06bdd84,NCA-2011,2013-11-04,Vote relatif à l'amendement de l'article 36,,213,MARSAD_ANC
VOT-3dde5448e668,NCA-2011,2013-11-04,Vote relatif à l'annulation de l'amendement de l'article 79,,213,MARSAD_ANC
VOT-57808940ce75,NCA-2011,2013-11-04,Vote relatif à l'amendement de l'article 79,,213,MARSAD_ANC
VOT-4c061d691f73,NCA-2011,2013-11-04,Vote relatif à l'amendement de l'article 89,,213,MARSAD_ANC
VOT-bcfdb5b6219c,NCA-2011,2013-11-04,Vote relatif à l'amendement de l'article 106 - possibilité de proposer l'ajout d'un article nouveau pour chaque chapitre de la part de 30 élus,,213,MARSAD_ANC
VOT-50e7183d9af1,NCA-2011,2013-11-04,Vote relatif à l'amendement de l'article 106 - Délai de 2 jours au lieu d'un seul pour les propositions relatives au projet de constitution,,213,MARSAD_ANC
VOT-d47703ba58fc,NCA-2011,2013-11-04,Vote relatif à l'amendement de l'article 106 - fusion des propositions de la commission des consensus avec le projet de constitution,,213,MARSAD_ANC
VOT-e1a01728ef95,NCA-2011,2013-11-04,Vote relatif à l'amendement de l'article 106 - possibilité de revenir aux articles non adoptés avant l'adoption de la constitution dans sa totalité,,213,MARSAD_ANC
VOT-037527a3180e,NCA-2011,2013-11-04,Vote relatif à l'amendement de l'article 126 - élu considéré démissionnaire en dépassant 15 jours d'absence non-justifiée,,213,MARSAD_ANC
VOT-0476aba6e5d0,NCA-2011,2013-11-04,Vote relatif à l'amendement de l'article 126 - l'interdiction de la suspension des travaux de l'assemblée,,213,MARSAD_ANC
VOT-5ea902ffc22b,NCA-2011,2013-11-04,Vote relatif à l'amendement de l'article 126 - la publication de la liste des jours déduits et la liste des absences dans un délai d'un mois,,213,MARSAD_ANC
VOT-160bd409e1e1,NCA-2011,2013-11-04,Vote relatif à l'amendement dans sa totalité,,213,MARSAD_ANC
VOT-9bb1740de923,NCA-2011,2013-11-22,Vote concernant la clôture du débat général relatif au projet de loi organique N°21/2013 portant approbation de l'accord de coopération dans le domaine de l'immigration entre la République Tunisienne et la Confédération Suisse,,214,MARSAD_ANC
VOT-2536bb81e287,NCA-2011,2013-11-22,Vote sur la cloture du débat,,214,MARSAD_ANC
VOT-d72305f4a849,NCA-2011,2013-11-22,Vote sur l'intitulé du projet de loi,,214,MARSAD_ANC
VOT-930ed6a86d19,NCA-2011,2013-11-22,vote sur l'article 1,,214,MARSAD_ANC
VOT-e69ace838058,NCA-2011,2013-11-22,vote sur l'article 2,,214,MARSAD_ANC
VOT-270aceaaf56a,NCA-2011,2013-11-22,vote sur l'article 3,,214,MARSAD_ANC
VOT-993080eac241,NCA-2011,2013-11-22,vote sur l'article 4,,214,MARSAD_ANC
VOT-50daf565752d,NCA-2011,2013-11-22,vote sur l'article 5,,214,MARSAD_ANC
VOT-8114dbbcf563,NCA-2011,2013-11-22,vote sur l'article 6,,214,MARSAD_ANC
VOT-3fd81b94802c,NCA-2011,2013-11-22,vote sur l'article 7,,214,MARSAD_ANC
VOT-e29273d38c4c,NCA-2011,2013-11-22,vote sur l'article 8,,214,MARSAD_ANC
VOT-77f601a07440,NCA-2011,2013-11-22,vote sur l'article 9,,214,MARSAD_ANC
VOT-ce90a731a615,NCA-2011,2013-11-22,vote sur l'article 10,,214,MARSAD_ANC
VOT-f2cfba75ceb3,NCA-2011,2013-11-22,vote sur l'article 11,,214,MARSAD_ANC
VOT-50805dd5bf2b,NCA-2011,2013-11-22,vote sur la loi,,214,MARSAD_ANC
VOT-220463f273b0,NCA-2011,2013-11-27,Amendement relatif à l'article 36 proposé par la commission,,214,MARSAD_ANC
VOT-767a2fc71d9a,NCA-2011,2013-11-27,Amendement relatif à l'article 36 proposé par un nombre d'élus,,214,MARSAD_ANC
VOT-1601858fe8fc,NCA-2011,2013-11-27,Amendement relatif à l'article 79 proposé par la commission,,214,MARSAD_ANC
VOT-94e7ff14ccfb,NCA-2011,2013-11-27,Amendement de l'article 79 proposé par un nombre d'élus,,214,MARSAD_ANC
VOT-580fcaf4b6b3,NCA-2011,2013-11-27,Article premier du projet d'amendement du règlement intérieur,,214,MARSAD_ANC
VOT-7f823211c027,NCA-2011,2013-11-27,Amendement relatif à l'article 20 proposé par la commission,,214,MARSAD_ANC
VOT-ab7a7abf0c32,NCA-2011,2013-11-27,Article 2 du projet d'amendement du règlement intérieur,,214,MARSAD_ANC
VOT-9b864000076f,NCA-2011,2013-12-04,"Vote relatif au projet de loi N°51/2013 fixant un régime spécifique d'indemnisation des dommages causés aux agents des forces sécuritaires, victimes d'accidents de travail et de maladies professionnelles",,214,MARSAD_ANC
VOT-d812fba0201e,NCA-2011,2013-12-13,Vote sur le projet de loi N°42/2013 portant approbation de l'accord de prêt signé le 07 Mai 2013 entre le gouvernement tunisien et le fonds koweïtien pour le développement économique arabe pour financer un projet d'amélioration des réseaux de transport et de distribution de gaz naturel,,214,MARSAD_ANC
VOT-1c76b383e258,NCA-2011,2013-12-13,vote sur la clôture du débat général,,214,MARSAD_ANC
VOT-4c4d9ab66b2f,NCA-2011,2013-12-13,vote sur le titre,,214,MARSAD_ANC
VOT-6898cac1fa40,NCA-2011,2013-12-13,vote sur l'article 1,,214,MARSAD_ANC
VOT-904ebbe3f15d,NCA-2011,2013-12-13,vote sur l'article 2,,214,MARSAD_ANC
VOT-d55b64b40677,NCA-2011,2013-12-13,vote sur l'article 3,,214,MARSAD_ANC
VOT-78445be45911,NCA-2011,2013-12-13,vote sur l'article 4,,214,MARSAD_ANC
VOT-6875b0e4c4dd,NCA-2011,2013-12-13,vote sur l'article 5,,214,MARSAD_ANC
VOT-55c650c77d1d,NCA-2011,2013-12-13,vote sur l'article 6,,214,MARSAD_ANC
VOT-12d7f47113ba,NCA-2011,2013-12-13,vote sur l'article 7,,214,MARSAD_ANC
VOT-fc04b378eaf2,NCA-2011,2013-12-14,vote sur l'article 8,,214,MARSAD_ANC
VOT-f7c218130c97,NCA-2011,2013-12-14,vote sur l'article 9,,214,MARSAD_ANC
VOT-ca2c8717a901,NCA-2011,2013-12-14,vote sur l'article 10,,214,MARSAD_ANC
VOT-8f50532f976a,NCA-2011,2013-12-14,vote sur l'article 11,,214,MARSAD_ANC
VOT-9a6689219b41,NCA-2011,2013-12-14,vote sur l'article 12,,214,MARSAD_ANC
VOT-96781f44a984,NCA-2011,2013-12-14,vote sur l'article 13,,214,MARSAD_ANC
VOT-ab087241fb16,NCA-2011,2013-12-14,vote sur l'article 14,,214,MARSAD_ANC
VOT-e9accd7bc800,NCA-2011,2013-12-14,vote sur l'article 15,,214,MARSAD_ANC
VOT-a880d4b7d788,NCA-2011,2013-12-14,vote sur l'article 16,,214,MARSAD_ANC
VOT-a2400d3de6b2,NCA-2011,2013-12-14,vote sur l'article 17,,214,MARSAD_ANC
VOT-1b6c2af94400,NCA-2011,2013-12-14,vote sur l'article 18,,214,MARSAD_ANC
VOT-565a62c8644a,NCA-2011,2013-12-14,vote sur l'article 19,,214,MARSAD_ANC
VOT-6318a7253435,NCA-2011,2013-12-14,vote sur l'article 20,,214,MARSAD_ANC
VOT-a763ed42a086,NCA-2011,2013-12-14,vote sur l'article 21,,214,MARSAD_ANC
VOT-a5ac5d657676,NCA-2011,2013-12-14,vote sur l'article 22,,214,MARSAD_ANC
VOT-216f2cea7bf1,NCA-2011,2013-12-14,vote sur l'article 23,,214,MARSAD_ANC
VOT-afaf71fad3e4,NCA-2011,2013-12-14,vote sur l'article 24,,214,MARSAD_ANC
VOT-8e3278093061,NCA-2011,2013-12-14,vote sur l'article 25,,214,MARSAD_ANC
VOT-7fad07ad749e,NCA-2011,2013-12-14,vote sur l'article 26,,214,MARSAD_ANC
VOT-ab4ce6f8da21,NCA-2011,2013-12-14,vote sur l'article 27,,214,MARSAD_ANC
VOT-4b304256c425,NCA-2011,2013-12-14,vote sur l'article 28,,214,MARSAD_ANC
VOT-44c416e49d23,NCA-2011,2013-12-14,vote sur l'article 29,,214,MARSAD_ANC
VOT-4eb84ab06788,NCA-2011,2013-12-14,vote sur l'article 30,,214,MARSAD_ANC
VOT-0f469c8f4a44,NCA-2011,2013-12-14,vote sur l'article 31,,214,MARSAD_ANC
VOT-4fa805d0732b,NCA-2011,2013-12-14,vote sur l'article 32,,214,MARSAD_ANC
VOT-0e60ba20d280,NCA-2011,2013-12-14,vote sur l'article 33,,214,MARSAD_ANC
VOT-7654fca4eaa4,NCA-2011,2013-12-14,vote sur l'article 34,,214,MARSAD_ANC
VOT-149fa6b37ce6,NCA-2011,2013-12-14,vote sur l'article 35,,214,MARSAD_ANC
VOT-9524283cee3d,NCA-2011,2013-12-14,vote sur l'article 36,,214,MARSAD_ANC
VOT-6ebf1c700e3c,NCA-2011,2013-12-14,vote sur l'article 37,,214,MARSAD_ANC
VOT-93af9303f4d9,NCA-2011,2013-12-14,vote sur l'article 38,,214,MARSAD_ANC
VOT-139e5d15123d,NCA-2011,2013-12-14,vote sur l'article 39,,214,MARSAD_ANC
VOT-6c424ff1ac56,NCA-2011,2013-12-14,vote sur l'article 40,,214,MARSAD_ANC
VOT-db91e82241b4,NCA-2011,2013-12-14,vote sur l'article 41,,214,MARSAD_ANC
VOT-9420cff2d24f,NCA-2011,2013-12-14,vote sur l'article 42,,214,MARSAD_ANC
VOT-5562ef3a0bb9,NCA-2011,2013-12-14,vote sur l'article 43,,214,MARSAD_ANC
VOT-6616bec30d45,NCA-2011,2013-12-14,vote sur l'article 44,,214,MARSAD_ANC
VOT-e02dfd2aec7b,NCA-2011,2013-12-14,vote sur l'article 45,,214,MARSAD_ANC
VOT-43ff8d58cbe9,NCA-2011,2013-12-14,vote sur l'article 46,,214,MARSAD_ANC
VOT-1ab20a169eb0,NCA-2011,2013-12-14,vote sur l'article 47,,214,MARSAD_ANC
VOT-59ce2c27e2a1,NCA-2011,2013-12-14,vote sur l'article 48,,214,MARSAD_ANC
VOT-8a3199b1eca7,NCA-2011,2013-12-14,vote sur l'article 49,,214,MARSAD_ANC
VOT-f668b485c2bb,NCA-2011,2013-12-14,vote sur l'article 50,,214,MARSAD_ANC
VOT-316504eea9bd,NCA-2011,2013-12-14,vote sur l'article 51,,214,MARSAD_ANC
VOT-a23be6ca862e,NCA-2011,2013-12-14,vote sur l'article 52,,214,MARSAD_ANC
VOT-8fa80d56ea4c,NCA-2011,2013-12-14,vote sur l'article 53,,214,MARSAD_ANC
VOT-18a755acddc4,NCA-2011,2013-12-14,vote sur l'article 54,,214,MARSAD_ANC
VOT-e518238d111c,NCA-2011,2013-12-14,vote sur l'article 55,,214,MARSAD_ANC
VOT-c695257cd5f9,NCA-2011,2013-12-14,vote sur l'article 56,,214,MARSAD_ANC
VOT-5af5d87c122f,NCA-2011,2013-12-14,vote sur l'article 57,,214,MARSAD_ANC
VOT-f28dc88b065e,NCA-2011,2013-12-14,vote sur l'article 58,,214,MARSAD_ANC
VOT-8bcb4db09cc6,NCA-2011,2013-12-14,vote sur l'article 59,,214,MARSAD_ANC
VOT-1b746f9c5d5b,NCA-2011,2013-12-14,vote sur l'article 60,,214,MARSAD_ANC
VOT-309e7d04b579,NCA-2011,2013-12-14,vote sur l'article 61,,214,MARSAD_ANC
VOT-1237aff51547,NCA-2011,2013-12-14,vote sur l'article 62,,214,MARSAD_ANC
VOT-bb99710d8098,NCA-2011,2013-12-14,vote sur l'article 63,,214,MARSAD_ANC
VOT-362fd0da6a1f,NCA-2011,2013-12-14,vote sur l'article 64,,214,MARSAD_ANC
VOT-5df12c5e961e,NCA-2011,2013-12-14,vote sur l'article 65,,214,MARSAD_ANC
VOT-d066fad4eec8,NCA-2011,2013-12-14,vote sur l'article 66,,214,MARSAD_ANC
VOT-1b33af0c96e3,NCA-2011,2013-12-14,vote sur l'article 67,,214,MARSAD_ANC
VOT-7e37b82158b1,NCA-2011,2013-12-14,vote sur l'article 68,,214,MARSAD_ANC
VOT-5f141e20b60d,NCA-2011,2013-12-14,vote sur l'article 69,,214,MARSAD_ANC
VOT-6cc27658ddd7,NCA-2011,2013-12-14,vote sur l'article 70,,214,MARSAD_ANC
VOT-3f723b101f3e,NCA-2011,2013-12-14,vote sur l'article 71,,214,MARSAD_ANC
VOT-483739402729,NCA-2011,2013-12-14,vote sur l'article 72,,214,MARSAD_ANC
VOT-bfb8ffd99ac0,NCA-2011,2013-12-14,Ajout d'un chapitre relatif à l'immunisation politique de la révolution,,214,MARSAD_ANC
VOT-382af73dea16,NCA-2011,2013-12-14,vote sur l'article 46 nouveau,,214,MARSAD_ANC
VOT-2f74cd4b3e5f,NCA-2011,2013-12-14,vote sur l'article 58 nouveau,,214,MARSAD_ANC
VOT-ab13974f265f,NCA-2011,2013-12-14,vote sur la suppression de l'article 66,,214,MARSAD_ANC
VOT-f41dbfb81855,NCA-2011,2013-12-14,vote sur l'article 69 nouveau,,214,MARSAD_ANC
VOT-dc358da582dc,NCA-2011,2013-12-14,vote sur la loi dans sa totalité,,214,MARSAD_ANC
VOT-cb577a5c4f4d,NCA-2011,2013-12-21,Vote sur la clôture du débat général,,214,MARSAD_ANC
VOT-307300234c1f,NCA-2011,2013-12-21,vote sur l'article 1,,214,MARSAD_ANC
VOT-f95c4599a586,NCA-2011,2013-12-21,vote sur l'article 2,,214,MARSAD_ANC
VOT-d071782d22c9,NCA-2011,2013-12-21,vote sur l'article 3,,214,MARSAD_ANC
VOT-f44a6f7a4a04,NCA-2011,2013-12-21,vote sur l'article 4,,214,MARSAD_ANC
VOT-0ebe214ec9bf,NCA-2011,2013-12-21,vote sur l'article 5,,214,MARSAD_ANC
VOT-6c62e6783e82,NCA-2011,2013-12-21,vote sur l'article 6,,214,MARSAD_ANC
VOT-2f502d0bcf17,NCA-2011,2013-12-21,vote sur l'article 7,,214,MARSAD_ANC
VOT-308e764f580e,NCA-2011,2013-12-21,vote sur l'article 8,,214,MARSAD_ANC
VOT-011f4e8da654,NCA-2011,2013-12-21,vote sur l'article 9,,214,MARSAD_ANC
VOT-4dbe3c9871e6,NCA-2011,2013-12-21,vote sur l'article 10,,214,MARSAD_ANC
VOT-41518bf2a9b1,NCA-2011,2013-12-21,vote sur l'article 11,,214,MARSAD_ANC
VOT-ce265b6e3e5b,NCA-2011,2013-12-21,vote sur l'article 12,,214,MARSAD_ANC
VOT-badf522e65be,NCA-2011,2013-12-21,vote sur l'article 13,,214,MARSAD_ANC
VOT-fe1118b08858,NCA-2011,2013-12-21,vote sur l'article 14,,214,MARSAD_ANC
VOT-0005da2402b7,NCA-2011,2013-12-21,vote sur l'article 15,,214,MARSAD_ANC
VOT-2a3485a2e530,NCA-2011,2013-12-21,vote sur l'article 16,,214,MARSAD_ANC
VOT-15784458bcfd,NCA-2011,2013-12-21,vote sur l'article 17,,214,MARSAD_ANC
VOT-5178f16854ec,NCA-2011,2013-12-21,vote sur la loi dans sa totalité,,214,MARSAD_ANC
VOT-5d6c55bd11c8,NCA-2011,2013-12-26,Chapitre 1: Assemblée Nationale Constituante,,214,MARSAD_ANC
VOT-73642a41a53b,NCA-2011,2013-12-26,Chapitre 2: Présidence de la République,,214,MARSAD_ANC
VOT-158ae124aeb4,NCA-2011,2013-12-26,Chapitre 3: Présidence du Gouvernement,,214,MARSAD_ANC
VOT-ce8f74ae5d7b,NCA-2011,2013-12-26,Chapitre 4: Ministère de l'Intérieur,,214,MARSAD_ANC
VOT-ed8bb1e8774b,NCA-2011,2013-12-26,Chapitre 5: Ministère de la Justice,,214,MARSAD_ANC
VOT-2e5f87ee6a5c,NCA-2011,2013-12-26,Chapitre 6: Ministère des Droits de l'Homme et de la Justice Transitionnelle,,214,MARSAD_ANC
VOT-00a37bcd1d23,NCA-2011,2013-12-26,Chapitre 7: Ministère des Affaires Étrangères,,214,MARSAD_ANC
VOT-864eb170bd52,NCA-2011,2013-12-26,Chapitre 8: Ministère de la Défense Nationale,,214,MARSAD_ANC
VOT-95662c6537b4,NCA-2011,2013-12-26,Chapitre 9: Ministère des Affaires Religieuses,,214,MARSAD_ANC
VOT-bdde59b2d207,NCA-2011,2013-12-26,Chapitre 10: Ministère des Finances,,214,MARSAD_ANC
VOT-8fa6a5df9747,NCA-2011,2013-12-26,Chapitre 11: Ministère du Développement et de la Coopération Internationale,,214,MARSAD_ANC
VOT-f85c61e34b86,NCA-2011,2013-12-26,Chapitre 12: Ministère des Domaines de l'Etat et des Affaires Foncières,,214,MARSAD_ANC
VOT-068e1147c5a5,NCA-2011,2013-12-26,Chapitre 13: Ministère de l'Agriculture,,214,MARSAD_ANC
VOT-969d119c14f5,NCA-2011,2013-12-26,Chapitre 14: Ministère de l'Industrie,,214,MARSAD_ANC
VOT-111b764cca90,NCA-2011,2013-12-26,Chapitre 15: Ministère du Commerce et de l'Artisanat,,214,MARSAD_ANC
VOT-0c334f54a7fa,NCA-2011,2013-12-26,Chapitre 16: Ministère des Technologies de l'Information et de la Communication,,214,MARSAD_ANC
VOT-91237a843a7e,NCA-2011,2013-12-26,Chapitre 17: Ministère du Tourisme,,214,MARSAD_ANC
VOT-ea13370aad49,NCA-2011,2013-12-26,Chapitre 18: Ministère de l'Équipement et de l'Environnement,,214,MARSAD_ANC
VOT-738042fcce0c,NCA-2011,2013-12-26,Chapitre 19: Ministère du Transport,,214,MARSAD_ANC
VOT-0ed9c2cb427f,NCA-2011,2013-12-26,Chapitre 20: Ministère de la Femme et de la Famille,,214,MARSAD_ANC
VOT-9842412150d1,NCA-2011,2013-12-26,Chapitre 21: Ministère de la Culture,,214,MARSAD_ANC
VOT-15488df35cf8,NCA-2011,2013-12-26,Chapitre 22: Ministère de la Jeunesse et des Sports,,214,MARSAD_ANC
VOT-9c70f3a2d56b,NCA-2011,2013-12-26,Chapitre 23: Ministère de la Santé,,214,MARSAD_ANC
VOT-52963bafc74c,NCA-2011,2013-12-26,Chapitre 24: Ministère des Affaires Sociales,,214,MARSAD_ANC
VOT-e2443f8c8525,NCA-2011,2013-12-26,Chapitre 25: Ministère de l'Éducation,,214,MARSAD_ANC
VOT-158ab1b30c9f,NCA-2011,2013-12-26,Chapitre 26: Ministère de l'Enseignement Supérieur et de la Recherche Scientifique,,214,MARSAD_ANC
VOT-baa4a6d78a27,NCA-2011,2013-12-26,Chapitre 27: Ministère de l'Emploi et de la Formation Professionnelle,,214,MARSAD_ANC
VOT-76122e304c0b,NCA-2011,2013-12-26,Chapitre 28: Les dépenses urgentes et non réparties,,214,MARSAD_ANC
VOT-0bc7c6c1d1ca,NCA-2011,2013-12-26,Chapitre 28: La Dette Publique,,214,MARSAD_ANC
VOT-a30259a95fa0,NCA-2011,2013-12-26,Clôture du débat général,,214,MARSAD_ANC
VOT-1867d64f8e15,NCA-2011,2013-12-26,Article premier,,214,MARSAD_ANC
VOT-ebef3f40f7c5,NCA-2011,2013-12-26,Article 2,,214,MARSAD_ANC
VOT-6199b2f681e1,NCA-2011,2013-12-26,Article 3,,214,MARSAD_ANC
VOT-328e96d73a94,NCA-2011,2013-12-26,Article 4,,214,MARSAD_ANC
VOT-438d9c968e2c,NCA-2011,2013-12-26,Article 5,,214,MARSAD_ANC
VOT-5ac7e1854ad9,NCA-2011,2013-12-26,Article 6,,214,MARSAD_ANC
VOT-bef443e546b9,NCA-2011,2013-12-26,Article 7,,214,MARSAD_ANC
VOT-7cd7ccc66aff,NCA-2011,2013-12-26,Article 8,,214,MARSAD_ANC
VOT-fba5707d0865,NCA-2011,2013-12-26,Article 9,,214,MARSAD_ANC
VOT-ff284b19a30a,NCA-2011,2013-12-26,Article 10,,214,MARSAD_ANC
VOT-791a2c66f5db,NCA-2011,2013-12-26,Article 11,,214,MARSAD_ANC
VOT-93725c3af5bb,NCA-2011,2013-12-26,Article 12,,214,MARSAD_ANC
VOT-179c69f37337,NCA-2011,2013-12-26,Article 13,,214,MARSAD_ANC
VOT-88ea5b44a403,NCA-2011,2013-12-26,Article 14,,214,MARSAD_ANC
VOT-ba938f300c33,NCA-2011,2013-12-26,Article 15,,214,MARSAD_ANC
VOT-9981f171de04,NCA-2011,2013-12-26,Article 16,,214,MARSAD_ANC
VOT-b408d936d8b3,NCA-2011,2013-12-26,Article 17,,214,MARSAD_ANC
VOT-0460df679c22,NCA-2011,2013-12-26,Article 21,,214,MARSAD_ANC
VOT-f300c9cd0eb1,NCA-2011,2013-12-26,Article 22,,214,MARSAD_ANC
VOT-1479684e4d1d,NCA-2011,2013-12-26,Article 23,,214,MARSAD_ANC
VOT-11b33210fa0d,NCA-2011,2013-12-26,Article 25,,214,MARSAD_ANC
VOT-6d1ea4fa227d,NCA-2011,2013-12-26,Article 26,,214,MARSAD_ANC
VOT-50285349992b,NCA-2011,2013-12-26,Article 27,,214,MARSAD_ANC
VOT-9e98be40604c,NCA-2011,2013-12-26,Article 28,,214,MARSAD_ANC
VOT-29d81cb6044a,NCA-2011,2013-12-26,Article 29,,214,MARSAD_ANC
VOT-623802b65adb,NCA-2011,2013-12-26,Article 30,,214,MARSAD_ANC
VOT-05fc1134e45e,NCA-2011,2013-12-26,Article 39,,214,MARSAD_ANC
VOT-3a5831187b4f,NCA-2011,2013-12-26,Article 40,,214,MARSAD_ANC
VOT-95f76888c9d8,NCA-2011,2013-12-26,Article 41,,214,MARSAD_ANC
VOT-56a39bcaa904,NCA-2011,2013-12-26,Article 43,,214,MARSAD_ANC
VOT-dc9971a1edf1,NCA-2011,2013-12-26,Article 44,,214,MARSAD_ANC
VOT-2fa462697aec,NCA-2011,2013-12-26,Article 46,,214,MARSAD_ANC
VOT-7c6d32eb7c09,NCA-2011,2013-12-26,Article 49,,214,MARSAD_ANC
VOT-506c053a990c,NCA-2011,2013-12-26,Article 50,,214,MARSAD_ANC
VOT-740ce4a74ecc,NCA-2011,2013-12-26,Article 52,,214,MARSAD_ANC
VOT-666a146dbb41,NCA-2011,2013-12-26,Article 55,,214,MARSAD_ANC
VOT-71b3e0b67bd7,NCA-2011,2013-12-26,Article 57,,214,MARSAD_ANC
VOT-d977e54db623,NCA-2011,2013-12-26,Article 58,,214,MARSAD_ANC
VOT-9f1f1cc00afa,NCA-2011,2013-12-26,Article 59,,214,MARSAD_ANC
VOT-bc1277c13494,NCA-2011,2013-12-26,Article 60,,214,MARSAD_ANC
VOT-5585e91152fd,NCA-2011,2013-12-26,Article 61,,214,MARSAD_ANC
VOT-4cb47397a725,NCA-2011,2013-12-26,Article 62,,214,MARSAD_ANC
VOT-9a0e67f75a86,NCA-2011,2013-12-26,Article 64,,214,MARSAD_ANC
VOT-53720f8fe4c7,NCA-2011,2013-12-26,Article 65,,214,MARSAD_ANC
VOT-049b8f71df9a,NCA-2011,2013-12-26,Article 66,,214,MARSAD_ANC
VOT-f7f779d12868,NCA-2011,2013-12-26,Article 67,,214,MARSAD_ANC
VOT-c77b891485be,NCA-2011,2013-12-26,Article 68,,214,MARSAD_ANC
VOT-1f37f8adc67b,NCA-2011,2013-12-26,Article 69,,214,MARSAD_ANC
VOT-4150effe545e,NCA-2011,2013-12-26,Article 72,,214,MARSAD_ANC
VOT-ba8f74f63345,NCA-2011,2013-12-26,Article 75,,214,MARSAD_ANC
VOT-d8d604588879,NCA-2011,2013-12-26,Article 76,,214,MARSAD_ANC
VOT-b510231aaad5,NCA-2011,2013-12-26,Article 82,,214,MARSAD_ANC
VOT-63a19b66203e,NCA-2011,2013-12-26,Article 83,,214,MARSAD_ANC
VOT-03b941d35ca4,NCA-2011,2013-12-26,Article 86,,214,MARSAD_ANC
VOT-72c567051c27,NCA-2011,2013-12-26,Article 87,,214,MARSAD_ANC
VOT-b077d354d951,NCA-2011,2013-12-26,Article 88,,214,MARSAD_ANC
VOT-794a25add4be,NCA-2011,2013-12-26,Article 89,,214,MARSAD_ANC
VOT-48428edcce07,NCA-2011,2013-12-26,Article 90,,214,MARSAD_ANC
VOT-a70db2e8a318,NCA-2011,2013-12-26,Article 91,,214,MARSAD_ANC
VOT-6ba1a5c210bc,NCA-2011,2013-12-26,Article 92,,214,MARSAD_ANC
VOT-83de988c2583,NCA-2011,2013-12-27,Article 18,,215,MARSAD_ANC
VOT-705ed1d47524,NCA-2011,2013-12-27,Article 19,,215,MARSAD_ANC
VOT-5345a36233f5,NCA-2011,2013-12-27,Article 20,,215,MARSAD_ANC
VOT-e669446c4686,NCA-2011,2013-12-27,Article 24,,215,MARSAD_ANC
VOT-ae68399343e5,NCA-2011,2013-12-27,Article 31,,215,MARSAD_ANC
VOT-21fe3ec27868,NCA-2011,2013-12-27,Article 32,,215,MARSAD_ANC
VOT-eea93ab30280,NCA-2011,2013-12-27,Article 33,,215,MARSAD_ANC
VOT-b612df6c4e03,NCA-2011,2013-12-27,Article 34,,215,MARSAD_ANC
VOT-cb3f4dbcdf76,NCA-2011,2013-12-27,Article 35,,215,MARSAD_ANC
VOT-60d4d9745db3,NCA-2011,2013-12-28,Vote sur la clôture du débat général,,215,MARSAD_ANC
VOT-c58445afa0e7,NCA-2011,2013-12-28,Vote sur le titre de la proposition de loi,,215,MARSAD_ANC
VOT-9019ae81a5fc,NCA-2011,2013-12-28,vote sur l'article 1,,215,MARSAD_ANC
VOT-d35f72ee7812,NCA-2011,2013-12-28,vote sur l'article 2,,215,MARSAD_ANC
VOT-f2f57ddb4fa1,NCA-2011,2013-12-28,vote sur l'article 3,,215,MARSAD_ANC
VOT-13dd541fb645,NCA-2011,2013-12-28,Vote sur la proposition de loi dans sa totalité,,215,MARSAD_ANC
VOT-f3a58c365b40,NCA-2011,2013-12-28,Article 36,,215,MARSAD_ANC
VOT-cb604956a4a5,NCA-2011,2013-12-28,Article 37,,215,MARSAD_ANC
VOT-20ea9110ed15,NCA-2011,2013-12-28,Article 38,,215,MARSAD_ANC
VOT-27174bf45ae3,NCA-2011,2013-12-28,Article 42,,215,MARSAD_ANC
VOT-d0c6fd81c7f9,NCA-2011,2013-12-28,Article 45,,215,MARSAD_ANC
VOT-5dd5e7f41677,NCA-2011,2013-12-28,Article 47,,215,MARSAD_ANC
VOT-85edd02da23a,NCA-2011,2013-12-29,Vote sur la loi dans sa totalité,,215,MARSAD_ANC
VOT-e3a48e9c83a6,NCA-2011,2013-12-29,Article 48,,215,MARSAD_ANC
VOT-dd843b25f9d9,NCA-2011,2013-12-29,Article 51,,215,MARSAD_ANC
VOT-10d45a1cdaec,NCA-2011,2013-12-29,Article 53,,215,MARSAD_ANC
VOT-b297fadf2efc,NCA-2011,2013-12-29,Article 54,,215,MARSAD_ANC
VOT-592ea1cefa7f,NCA-2011,2013-12-29,Article 63,,215,MARSAD_ANC
VOT-9604321bcac2,NCA-2011,2013-12-29,Article 70,,215,MARSAD_ANC
VOT-bf76af4ab9d5,NCA-2011,2013-12-29,Article 71,,215,MARSAD_ANC
VOT-53ede07ce0f4,NCA-2011,2013-12-29,Article 73,,215,MARSAD_ANC
VOT-729330109c23,NCA-2011,2013-12-29,Article 74,,215,MARSAD_ANC
VOT-1b7ccc15e416,NCA-2011,2013-12-29,Article 77,,215,MARSAD_ANC
VOT-9f92e13e4e78,NCA-2011,2013-12-29,Article 79,,215,MARSAD_ANC
VOT-1e8e31300680,NCA-2011,2013-12-29,Article 80,,215,MARSAD_ANC
VOT-54c995af2120,NCA-2011,2013-12-29,Article 81,,215,MARSAD_ANC
VOT-35bcab1dd97e,NCA-2011,2013-12-29,Article 84,,215,MARSAD_ANC
VOT-246a6a3a9c22,NCA-2011,2013-12-29,Article 85,,215,MARSAD_ANC
VOT-2ead5d350e06,NCA-2011,2013-12-29,Article 56,,215,MARSAD_ANC
VOT-30246e1f85e0,NCA-2011,2013-12-29,Ajout d'article - Audit de la dette publique,,215,MARSAD_ANC
VOT-30b3ee3a4b5d,NCA-2011,2013-12-29,Ajout d'article - Audit de la dette publique,,215,MARSAD_ANC
VOT-3b4807016f12,NCA-2011,2013-12-29,Ajout d'article - Suppression de la redevance radio-TV,,215,MARSAD_ANC
VOT-c2e2c8fc1e80,NCA-2011,2013-12-29,Ajout d'article - Création d'un fonds de lutte contre les épidémies d'urgence,,215,MARSAD_ANC
VOT-6d09706d22be,NCA-2011,2013-12-29,Ajout d'article - Création d'un fonds de la dignité et de la réhabilitation des victimes de l'oppression,,215,MARSAD_ANC
VOT-e5420c3eec73,NCA-2011,2013-12-29,Ajout d'article - Exonération des avocats stagiaires du paiement d'impôt,,215,MARSAD_ANC
VOT-4ccc098cc527,NCA-2011,2013-12-29,Ajout d'article - Imposition sur la plus value en cas de cession d'actions entre deux non résidents,,215,MARSAD_ANC
VOT-4b7317c526a1,NCA-2011,2013-12-29,Ajout d'article - Exonération des parents ayant des enfants handicapés et moins de 25 ans,,215,MARSAD_ANC
VOT-946b2a0aa21f,NCA-2011,2013-12-29,Ajout d'article - Lutte contre l'évasion fiscale,,215,MARSAD_ANC
VOT-918e5b3f9fcf,NCA-2011,2013-12-29,Ajout d'article - Prime de retraite aux militaires ayant été victimes de licenciement abusif,,215,MARSAD_ANC
VOT-0fa3de00e14f,NCA-2011,2013-12-29,Article 93,,215,MARSAD_ANC
VOT-54ef94f3ee2f,NCA-2011,2014-01-02,Vote sur la clôture du débat général,,215,MARSAD_ANC
VOT-2c05f4e0d264,NCA-2011,2014-01-02,Vote sur le paragraphe 3 nouveau de l'article 41,,215,MARSAD_ANC
VOT-a430540924cd,NCA-2011,2014-01-02,Vote sur l'article 106 bis,,215,MARSAD_ANC
VOT-c91340a1bfca,NCA-2011,2014-01-02,Vote sur l'article premier du projet,,215,MARSAD_ANC
VOT-9e9794c15239,NCA-2011,2014-01-02,Vote sur le projet dans sa totalité,,215,MARSAD_ANC
VOT-473d03ef1b24,NCA-2011,2014-01-03,Nom du projet,,215,MARSAD_ANC
VOT-08e5d1f4e23a,NCA-2011,2014-01-03,"Repositionnement de ""Au nom de Dieu"" avant le terme ""Préambule""",,215,MARSAD_ANC
VOT-5bdf7fd316d4,NCA-2011,2014-01-03,Premier paragraphe du préambule,,215,MARSAD_ANC
VOT-5ee4b1875b86,NCA-2011,2014-01-03,Amendement n°6 du paragraphe 2,,215,MARSAD_ANC
VOT-3c76ee9f86e6,NCA-2011,2014-01-03,Amendement n°153 du paragraphe 2,,215,MARSAD_ANC
VOT-14139f4d2bdb,NCA-2011,2014-01-03,Amendement n°27 du paragraphe 2,,215,MARSAD_ANC
VOT-58c5cad302a9,NCA-2011,2014-01-03,Amendement n°196 du paragraphe 2,,215,MARSAD_ANC
VOT-6cbcd30d4f60,NCA-2011,2014-01-03,Deuxième paragraphe du préambule,,215,MARSAD_ANC
VOT-a2865b42c0d6,NCA-2011,2014-01-03,Amendement consensuel n°226 du paragraphe 3,,215,MARSAD_ANC
VOT-8912f47eec21,NCA-2011,2014-01-03,Amendement n°55 du paragraphe 3,,215,MARSAD_ANC
VOT-a2b467a760df,NCA-2011,2014-01-03,Amendement n°63 du paragraphe 3,,215,MARSAD_ANC
VOT-fd7c3deef155,NCA-2011,2014-01-03,Troisième paragraphe du préambule,,215,MARSAD_ANC
VOT-2dbda31e4ec3,NCA-2011,2014-01-03,Amendement n°125 du paragraphe 4,,215,MARSAD_ANC
VOT-fe83c0439fde,NCA-2011,2014-01-03,Amendement n°128 du paragraphe 4,,215,MARSAD_ANC
VOT-2f0e86031c1a,NCA-2011,2014-01-03,Quatrième paragraphe du préambule,,215,MARSAD_ANC
VOT-dffe58ad734f,NCA-2011,2014-01-03,Amendement n°53 du paragraphe 5,,215,MARSAD_ANC
VOT-cac3a3af4324,NCA-2011,2014-01-03,Amendement n°173 du paragraphe 5,,215,MARSAD_ANC
VOT-af670bbabf89,NCA-2011,2014-01-03,Amendement n°175 du paragraphe 5,,215,MARSAD_ANC
VOT-85a916d638d3,NCA-2011,2014-01-03,Cinquième paragraphe du préambule,,215,MARSAD_ANC
VOT-d1fd072b5521,NCA-2011,2014-01-03,Amendement n°74 du paragraphe 6,,215,MARSAD_ANC
VOT-c45e91869255,NCA-2011,2014-01-03,Sixième paragraphe du préambule,,215,MARSAD_ANC
VOT-e11e825c6018,NCA-2011,2014-01-04,Titre du premier chapitre: Dispositions générales,,215,MARSAD_ANC
VOT-9d80933cd3f1,NCA-2011,2014-01-04,Amendement n°227 sur l'article premier,,215,MARSAD_ANC
VOT-29433e2d8157,NCA-2011,2014-01-04,Amendement n°5 sur l'article premier,,215,MARSAD_ANC
VOT-81841dccdf09,NCA-2011,2014-01-04,Amendement n°42 sur l'article premier,,215,MARSAD_ANC
VOT-64ef2e08a2ce,NCA-2011,2014-01-04,Amendement n°209 sur l'article premier,,215,MARSAD_ANC
VOT-f18ca9fa9f1b,NCA-2011,2014-01-04,Article premier,,215,MARSAD_ANC
VOT-7ce5cc181fbe,NCA-2011,2014-01-04,Amendement n°228 sur l'article 2,,215,MARSAD_ANC
VOT-d0be5dff7bb0,NCA-2011,2014-01-04,Amendement n°126 sur l'article 2,,215,MARSAD_ANC
VOT-0c8d9d93425d,NCA-2011,2014-01-04,Amendement n°94 sur l'article 2,,215,MARSAD_ANC
VOT-1541c2033ed9,NCA-2011,2014-01-04,Article 2,,215,MARSAD_ANC
VOT-aff825c78eda,NCA-2011,2014-01-04,Article 3,,215,MARSAD_ANC
VOT-f9f303e01ba8,NCA-2011,2014-01-04,Amendement n°28 sur l'article 4,,215,MARSAD_ANC
VOT-2028d366417c,NCA-2011,2014-01-04,Article 4,,215,MARSAD_ANC
VOT-c4edb9553544,NCA-2011,2014-01-04,Amendement n°178 sur l'article 5,,215,MARSAD_ANC
VOT-70574aab0efe,NCA-2011,2014-01-04,Article 5,,215,MARSAD_ANC
VOT-d357e0a23624,NCA-2011,2014-01-04,Amendement n°23 sur l'article 6,,215,MARSAD_ANC
VOT-2b016b1abe72,NCA-2011,2014-01-04,Amendement n°62 sur l'article 6,,215,MARSAD_ANC
VOT-dfb5a7e40cb5,NCA-2011,2014-01-04,Amendement n°95 sur l'article 6,,215,MARSAD_ANC
VOT-6ad3942d895a,NCA-2011,2014-01-04,Amendement n°127 sur l'article 6,,215,MARSAD_ANC
VOT-4529e5898cfc,NCA-2011,2014-01-04,Article 6,,215,MARSAD_ANC
VOT-b6573c554de3,NCA-2011,2014-01-04,Amendement n°111 sur l'article 7,,215,MARSAD_ANC
VOT-f330cafd14fd,NCA-2011,2014-01-04,Amendement n°187 sur l'article 7,,215,MARSAD_ANC
VOT-4df8e58c12d8,NCA-2011,2014-01-04,Article 7,,215,MARSAD_ANC
VOT-d13f985a0fa1,NCA-2011,2014-01-04,Amendement n°128 sur l'article 8,,215,MARSAD_ANC
VOT-9e6a904c0511,NCA-2011,2014-01-04,Article 8,,215,MARSAD_ANC
VOT-110dcc9fa21c,NCA-2011,2014-01-04,Amendement n°38 sur l'article 9,,215,MARSAD_ANC
VOT-4f34f830722f,NCA-2011,2014-01-04,Amendement n°129 sur l'article 9,,215,MARSAD_ANC
VOT-bc1996ff4c68,NCA-2011,2014-01-04,Article 9,,215,MARSAD_ANC
VOT-d882dd753018,NCA-2011,2014-01-04,Amendement n°29 sur l'article 10,,215,MARSAD_ANC
VOT-4f645d8b8a29,NCA-2011,2014-01-04,Amendement n°39 sur l'article 10,,215,MARSAD_ANC
VOT-59f7fe1350e4,NCA-2011,2014-01-04,Amendement n°108 sur l'article 10,,215,MARSAD_ANC
VOT-fc6bb0f3a32d,NCA-2011,2014-01-04,Amendement n°225 sur l'article 10,,215,MARSAD_ANC
VOT-154538f8ddca,NCA-2011,2014-01-04,Article 10,,215,MARSAD_ANC
VOT-772a2d8f8cfd,NCA-2011,2014-01-04,Article 11,,215,MARSAD_ANC
VOT-f58fdfb52648,NCA-2011,2014-01-04,Amendement n°8 sur l'article 12,,215,MARSAD_ANC
VOT-b99e19fa5d15,NCA-2011,2014-01-04,Amendement n°112 sur l'article 12,,215,MARSAD_ANC
VOT-eed989ea4fc0,NCA-2011,2014-01-04,Article 12,,215,MARSAD_ANC
VOT-3b2e52dc9688,NCA-2011,2014-01-04,Amendement n°86 sur l'article 13,,215,MARSAD_ANC
VOT-e45051eef997,NCA-2011,2014-01-04,Article 13,,215,MARSAD_ANC
VOT-7ef5983d958a,NCA-2011,2014-01-04,Amendement n°96 sur l'article 14,,215,MARSAD_ANC
VOT-342951b86bdd,NCA-2011,2014-01-04,Amendement n°131 sur l'article 14,,215,MARSAD_ANC
VOT-a74a62f5904b,NCA-2011,2014-01-04,Article 14,,215,MARSAD_ANC
VOT-731ee2afb86d,NCA-2011,2014-01-04,Amendement n°60 sur l'article 15,,215,MARSAD_ANC
VOT-122f4fcc5669,NCA-2011,2014-01-04,Amendement n°132 sur l'article 15,,215,MARSAD_ANC
VOT-1a5d5ed21340,NCA-2011,2014-01-04,Article 15,,215,MARSAD_ANC
VOT-1fc17ae1ad67,NCA-2011,2014-01-05,Retour à un amendement sur l'article 6,,215,MARSAD_ANC
VOT-4c63bc9ee31e,NCA-2011,2014-01-05,Retour à l'article 6,,215,MARSAD_ANC
VOT-f8106a09d5ed,NCA-2011,2014-01-05,Amendement consensuel sur l'article 16,,215,MARSAD_ANC
VOT-70a1a76a235d,NCA-2011,2014-01-05,Article 16,,215,MARSAD_ANC
VOT-ba652b063f1c,NCA-2011,2014-01-05,Amendement consensuel sur l'article 17,,215,MARSAD_ANC
VOT-72d3adaa8daf,NCA-2011,2014-01-05,Article 17,,215,MARSAD_ANC
VOT-d398b7cbc1d2,NCA-2011,2014-01-05,Amendement consensuel sur l'article 18,,215,MARSAD_ANC
VOT-d809e4188d7c,NCA-2011,2014-01-05,Article 18,,215,MARSAD_ANC
VOT-9f42dcb140ef,NCA-2011,2014-01-05,Amendement consensuel sur l'article 19,,215,MARSAD_ANC
VOT-a56cbf604f11,NCA-2011,2014-01-05,Article 19,,215,MARSAD_ANC
VOT-6dc5ec0876f8,NCA-2011,2014-01-06,Retour à un amendement sur l'article 12,,215,MARSAD_ANC
VOT-1696964c1cad,NCA-2011,2014-01-06,Retour à l'article 12,,215,MARSAD_ANC
VOT-dc9994e0bd01,NCA-2011,2014-01-06,Ajout d'un article après l'article 19,,215,MARSAD_ANC
VOT-95b2fc682519,NCA-2011,2014-01-06,Titre du deuxième chapitre: Droits et libertés,,215,MARSAD_ANC
VOT-4edf938ec841,NCA-2011,2014-01-06,Article 20,,215,MARSAD_ANC
VOT-a7e227abd587,NCA-2011,2014-01-06,Amendement n°85 sur l'article 21,,215,MARSAD_ANC
VOT-2d117a0bb9fc,NCA-2011,2014-01-06,Amendement n°136 bis sur l'article 21,,215,MARSAD_ANC
VOT-19df6f9b7008,NCA-2011,2014-01-06,Article 21,,215,MARSAD_ANC
VOT-1cbe02d6ee3d,NCA-2011,2014-01-06,Article 22,,215,MARSAD_ANC
VOT-4355f518c8a9,NCA-2011,2014-01-06,Amendement n°229 sur l'article 23,,215,MARSAD_ANC
VOT-34c145fb7c27,NCA-2011,2014-01-06,Article 23,,215,MARSAD_ANC
VOT-cd7584195829,NCA-2011,2014-01-06,Article 24,,215,MARSAD_ANC
VOT-08173c238539,NCA-2011,2014-01-06,Article 25,,215,MARSAD_ANC
VOT-5d02c68c1e30,NCA-2011,2014-01-06,Article 26,,215,MARSAD_ANC
VOT-087410ef28eb,NCA-2011,2014-01-06,Article 27,,215,MARSAD_ANC
VOT-5599ba7c3484,NCA-2011,2014-01-06,Amendement n°137 sur l'article 28,,215,MARSAD_ANC
VOT-5719aa553102,NCA-2011,2014-01-06,Article 28,,215,MARSAD_ANC
VOT-6dc685206225,NCA-2011,2014-01-06,Amendement n°18 sur l'article 29,,215,MARSAD_ANC
VOT-2ebe6c6f1611,NCA-2011,2014-01-06,Article 29,,215,MARSAD_ANC
VOT-d13224d9c59f,NCA-2011,2014-01-06,Amendement n°230 sur l'article 30,,215,MARSAD_ANC
VOT-1c6f3f9a25cf,NCA-2011,2014-01-06,Article 30,,215,MARSAD_ANC
VOT-551b9bd4384e,NCA-2011,2014-01-06,Amendement n°231 sur l'article 31,,215,MARSAD_ANC
VOT-5a18c6b35da4,NCA-2011,2014-01-06,Amendement n°80 sur l'article 31,,215,MARSAD_ANC
VOT-ee818b9fd572,NCA-2011,2014-01-06,Amendement n°105 sur l'article 31,,215,MARSAD_ANC
VOT-4dae2c00f623,NCA-2011,2014-01-06,Article 31,,215,MARSAD_ANC
VOT-30dc2ab9d155,NCA-2011,2014-01-06,Amendement n°138 sur l'article 32,,215,MARSAD_ANC
VOT-d8f4c5de9ed4,NCA-2011,2014-01-06,Article 32,,215,MARSAD_ANC
VOT-7f536faf0f1a,NCA-2011,2014-01-06,Amendement n°139 sur l'article 33,,215,MARSAD_ANC
VOT-01887b9dcb5c,NCA-2011,2014-01-06,Article 33,,215,MARSAD_ANC
VOT-91e47ed642ba,NCA-2011,2014-01-06,Amendement n°232 sur l'article 34,,215,MARSAD_ANC
VOT-4b2abf9a772a,NCA-2011,2014-01-06,Article 34,,215,MARSAD_ANC
VOT-fcd2b951df7b,NCA-2011,2014-01-06,Amendement n°35 sur l'article 35,,215,MARSAD_ANC
VOT-633f62db1620,NCA-2011,2014-01-06,Amendement n°81 sur l'article 35,,215,MARSAD_ANC
VOT-4d69be430e1c,NCA-2011,2014-01-06,Amendement nouveau sur l'article 35,,215,MARSAD_ANC
VOT-a688596bb36b,NCA-2011,2014-01-06,Retour à l'article 35,,215,MARSAD_ANC
VOT-c61b1f918048,NCA-2011,2014-01-06,Amendement n°233 sur l'article 36,,215,MARSAD_ANC
VOT-9d2038b217c8,NCA-2011,2014-01-06,Article 36,,215,MARSAD_ANC
VOT-16b883553527,NCA-2011,2014-01-06,Article 35,,215,MARSAD_ANC
VOT-c20ea07c4b68,NCA-2011,2014-01-07,Amendement consensuel sur l'article 37,,215,MARSAD_ANC
VOT-995f24de925a,NCA-2011,2014-01-07,Amendement n°4 sur l'article 37,,215,MARSAD_ANC
VOT-0b0b2d6becd3,NCA-2011,2014-01-07,Amendement n°89 sur l'article 37,,215,MARSAD_ANC
VOT-5941e0a27361,NCA-2011,2014-01-07,Amendement n°141 sur l'article 37,,215,MARSAD_ANC
VOT-0a411666d126,NCA-2011,2014-01-07,Article 37,,215,MARSAD_ANC
VOT-e2ad7fe83206,NCA-2011,2014-01-07,Amendement n°87 sur l'article 38,,215,MARSAD_ANC
VOT-e9f2962fae7b,NCA-2011,2014-01-07,Amendement n°142 sur l'article 38,,215,MARSAD_ANC
VOT-8a86d77e9b7c,NCA-2011,2014-01-07,Article 38,,215,MARSAD_ANC
VOT-b06dd192d387,NCA-2011,2014-01-07,Amendement consensuel sur l'article 39,,215,MARSAD_ANC
VOT-904d066f39b5,NCA-2011,2014-01-07,Amendement n°1 sur l'article 39,,215,MARSAD_ANC
VOT-76f229c0ffcd,NCA-2011,2014-01-07,Article 39,,215,MARSAD_ANC
VOT-a832db1cf05a,NCA-2011,2014-01-07,Amendement n°234 sur l'article 40,,215,MARSAD_ANC
VOT-067f247f6dbd,NCA-2011,2014-01-07,Article 40,,215,MARSAD_ANC
VOT-ea7e59b91ac1,NCA-2011,2014-01-07,Amendement n°46 sur l'article 41,,215,MARSAD_ANC
VOT-b5babf5fb993,NCA-2011,2014-01-07,Article 41,,215,MARSAD_ANC
VOT-226d89e70816,NCA-2011,2014-01-07,Article 42,,215,MARSAD_ANC
VOT-feb6146adfb1,NCA-2011,2014-01-07,Amendement n°10 sur l'article 43,,215,MARSAD_ANC
VOT-27753d6d1ff5,NCA-2011,2014-01-07,Amendement n°97 sur l'article 43,,215,MARSAD_ANC
VOT-0f7ef0ca2b0f,NCA-2011,2014-01-07,Amendement n°140 sur l'article 43,,215,MARSAD_ANC
VOT-2a3835652010,NCA-2011,2014-01-07,Article 43,,215,MARSAD_ANC
VOT-c440419afd06,NCA-2011,2014-01-07,Amendement n°12 sur l'article 44,,215,MARSAD_ANC
VOT-963e74b028fd,NCA-2011,2014-01-07,Amendement n°43 sur l'article 44,,215,MARSAD_ANC
VOT-7edbafb90c1a,NCA-2011,2014-01-07,Amendement n°73 sur l'article 44,,215,MARSAD_ANC
VOT-59f43b4dc9af,NCA-2011,2014-01-07,Amendement n°146 sur l'article 44,,215,MARSAD_ANC
VOT-b8274112d0c4,NCA-2011,2014-01-07,Amendement n°144 sur l'article 39,,215,MARSAD_ANC
VOT-8f5f7647dd34,NCA-2011,2014-01-08,Catégorie des juges judiciaires,,215,MARSAD_ANC
VOT-b6ec167c63e3,NCA-2011,2014-01-08,Catégorie des avocats,,215,MARSAD_ANC
VOT-7bd8469513b9,NCA-2011,2014-01-08,Catégorie des juges administratifs,,215,MARSAD_ANC
VOT-d3e7012406b4,NCA-2011,2014-01-08,Catégorie des huissiers de justice - huissiers notaires,,215,MARSAD_ANC
VOT-316c37e69600,NCA-2011,2014-01-08,Catégorie des universitaires,,215,MARSAD_ANC
VOT-265470707b0f,NCA-2011,2014-01-08,Catégorie des spécialistes en communication,,215,MARSAD_ANC
VOT-76e93cd417e5,NCA-2011,2014-01-08,Catégorie des ingénieurs en systèmes informatiques et cybersécurité,,215,MARSAD_ANC
VOT-678608324d63,NCA-2011,2014-01-08,Catégorie des représentants des tunisiens à l'étranger,,215,MARSAD_ANC
VOT-aecda32d0542,NCA-2011,2014-01-08,Catégorie des spécialistes en finances publiques,,215,MARSAD_ANC
VOT-837427f87d3a,NCA-2011,2014-01-09,Amendement consensuel de l'article 45,,215,MARSAD_ANC
VOT-bf41bb3dfe08,NCA-2011,2014-01-09,Election du président de l'Instance Supérieure Indépendante pour les Elections,,215,MARSAD_ANC
VOT-635948222c38,NCA-2011,2014-01-09,Article 45,,215,MARSAD_ANC
VOT-5150c1989a61,NCA-2011,2014-01-09,Article 44,,215,MARSAD_ANC
VOT-3e2859039b11,NCA-2011,2014-01-09,Amendement consensuel de l'article 46,,215,MARSAD_ANC
VOT-99163dcfaf71,NCA-2011,2014-01-09,Article 46,,215,MARSAD_ANC
VOT-72208bc301b2,NCA-2011,2014-01-09,Amendement consensuel de l'article 47,,215,MARSAD_ANC
VOT-929a3fa79aae,NCA-2011,2014-01-09,Amendement n°36 sur l'article 47,,215,MARSAD_ANC
VOT-d2ba9774a25f,NCA-2011,2014-01-09,Article 47,,215,MARSAD_ANC
VOT-3e2887f127c8,NCA-2011,2014-01-09,Amendement consensuel sur l'article 48,,215,MARSAD_ANC
VOT-f32d40e37e4b,NCA-2011,2014-01-09,Article 48,,215,MARSAD_ANC
VOT-f28648c9ca1f,NCA-2011,2014-01-09,Ajout d'article: Le droit au logement décent,,215,MARSAD_ANC
VOT-7addffce8d76,NCA-2011,2014-01-09,Amendement n°19 de l'article 46,,215,MARSAD_ANC
VOT-4fdca0798b9f,NCA-2011,2014-01-10,Ajout d'article: Liberté du travail et de l'initiative économique,,215,MARSAD_ANC
VOT-05b416f8d5e7,NCA-2011,2014-01-10,Amendement n°37 sur l'article 52,,215,MARSAD_ANC
VOT-9b22917b591e,NCA-2011,2014-01-10,Amendement n°154 sur l'article 52,,215,MARSAD_ANC
VOT-1b874fd57d1c,NCA-2011,2014-01-10,Article 52,,215,MARSAD_ANC
VOT-b25ada5e2ab7,NCA-2011,2014-01-10,Titre du troisième chapitre: Pouvoir législatif,,215,MARSAD_ANC
VOT-98e8fbce7084,NCA-2011,2014-01-10,Amendement n°33 sur l'article 49,,215,MARSAD_ANC
VOT-dba048f262be,NCA-2011,2014-01-10,Amendement n°151 sur l'article 49,,215,MARSAD_ANC
VOT-614202cdb97a,NCA-2011,2014-01-10,Article 49,,215,MARSAD_ANC
VOT-c6f2f3031e00,NCA-2011,2014-01-10,Amendement nouveau sur l'article 50,,215,MARSAD_ANC
VOT-14c1771ee29b,NCA-2011,2014-01-10,Article 50,,215,MARSAD_ANC
VOT-dacf8b066df5,NCA-2011,2014-01-10,Retour à l'article 49,,215,MARSAD_ANC
VOT-3fa27f7648d0,NCA-2011,2014-01-10,Amendement n°31 sur l'article 51,,215,MARSAD_ANC
VOT-0f52a4d1509b,NCA-2011,2014-01-10,Amendement n°152 sur l'article 51,,215,MARSAD_ANC
VOT-781e14cfa60f,NCA-2011,2014-01-10,Article 51,,215,MARSAD_ANC
VOT-056c2431a51e,NCA-2011,2014-01-10,Article 53,,215,MARSAD_ANC
VOT-f39677f0ea49,NCA-2011,2014-01-10,Amendement n°193 sur l'article 54,,215,MARSAD_ANC
VOT-2ae0e0227514,NCA-2011,2014-01-10,Article 54,,215,MARSAD_ANC
VOT-f6c1fbd3e2dc,NCA-2011,2014-01-10,Article 55,,215,MARSAD_ANC
VOT-655a8f5bbeec,NCA-2011,2014-01-10,Article 56,,215,MARSAD_ANC
VOT-c7e5c5434dca,NCA-2011,2014-01-10,Article 57,,215,MARSAD_ANC
VOT-fdae30921ed2,NCA-2011,2014-01-10,Amendement n°185 sur l'article 58,,215,MARSAD_ANC
VOT-9d77943a23d4,NCA-2011,2014-01-10,Article 58,,215,MARSAD_ANC
VOT-9d8e057b9e5c,NCA-2011,2014-01-10,Amendement consensuel sur l'article 59,,215,MARSAD_ANC
VOT-f0f5640ef1cc,NCA-2011,2014-01-10,Article 59,,215,MARSAD_ANC
VOT-f6fe70b426d8,NCA-2011,2014-01-10,Amendement n°2 sur l'article 60,,215,MARSAD_ANC
VOT-c59688460b89,NCA-2011,2014-01-10,Article 60,,215,MARSAD_ANC
VOT-0cd5b7797412,NCA-2011,2014-01-10,Amendement n°100 sur l'article 61,,215,MARSAD_ANC
VOT-07fc2522b416,NCA-2011,2014-01-10,Amendement n°119 sur l'article 61,,215,MARSAD_ANC
VOT-7969d10da6cb,NCA-2011,2014-01-10,Article 61,,215,MARSAD_ANC
VOT-663799f1da73,NCA-2011,2014-01-10,Article 62,,215,MARSAD_ANC
VOT-29dd49533c5d,NCA-2011,2014-01-10,Amendement n°220 sur l'article 63,,215,MARSAD_ANC
VOT-c4e36171aacf,NCA-2011,2014-01-10,Article 63,,215,MARSAD_ANC
VOT-7df3f8166733,NCA-2011,2014-01-11,Amendement sur l'article 54: Nomadisme parlementaire,,215,MARSAD_ANC
VOT-072755e96afa,NCA-2011,2014-01-11,Amendement n°236 sur l'article 73,,215,MARSAD_ANC
VOT-6f7509bc9d3c,NCA-2011,2014-01-11,Article 72,,215,MARSAD_ANC
VOT-d474588f33d9,NCA-2011,2014-01-11,Article 71,,215,MARSAD_ANC
VOT-6f0378d20ba5,NCA-2011,2014-01-11,Amendement n°157 sur l'article 71,,215,MARSAD_ANC
VOT-69ad7aedba3f,NCA-2011,2014-01-11,Titre de la première section du chapitre du pouvoir exécutif: La présidence de la république,,215,MARSAD_ANC
VOT-3e048c336cbd,NCA-2011,2014-01-11,Article 70,,215,MARSAD_ANC
VOT-89339f65295d,NCA-2011,2014-01-11,Titre du quatrième chapitre: Pouvoir exécutif,,215,MARSAD_ANC
VOT-ecf7918e1507,NCA-2011,2014-01-11,Article 69,,215,MARSAD_ANC
VOT-ac5e299236e6,NCA-2011,2014-01-11,Amendement n°103 sur l'article 69,,215,MARSAD_ANC
VOT-b7369c3d5908,NCA-2011,2014-01-11,Amendement n°49 sur l'article 69,,215,MARSAD_ANC
VOT-c8206ada11d9,NCA-2011,2014-01-11,Amendement consensuel sur l'article 69,,215,MARSAD_ANC
VOT-aa9c47f9e17f,NCA-2011,2014-01-11,Article 68,,215,MARSAD_ANC
VOT-30685b204a99,NCA-2011,2014-01-11,Article 67,,215,MARSAD_ANC
VOT-6ecf38907799,NCA-2011,2014-01-11,Article 66,,215,MARSAD_ANC
VOT-55f008a4a641,NCA-2011,2014-01-11,Amendement n°156 sur l'article 66,,215,MARSAD_ANC
VOT-db92e2e61108,NCA-2011,2014-01-11,Article 65,,215,MARSAD_ANC
VOT-d6efd12c5f6e,NCA-2011,2014-01-11,Amendement consensuel sur l'article 65,,215,MARSAD_ANC
VOT-2c4f71966ba0,NCA-2011,2014-01-11,Article 64,,215,MARSAD_ANC
VOT-c0f56d810257,NCA-2011,2014-01-11,Amendement n°203 sur l'article 64,,215,MARSAD_ANC
VOT-021ff385a8f4,NCA-2011,2014-01-11,Amendement n°198 sur l'article 64,,215,MARSAD_ANC
VOT-92f9dee8ebc3,NCA-2011,2014-01-12,Article 90,,215,MARSAD_ANC
VOT-2b68de92390d,NCA-2011,2014-01-12,Article 73,,215,MARSAD_ANC
VOT-10d23d430e07,NCA-2011,2014-01-12,Amendement n°25 sur l'article 73,,215,MARSAD_ANC
VOT-8925fec50064,NCA-2011,2014-01-12,Article 89,,215,MARSAD_ANC
VOT-a7bcbd303aa9,NCA-2011,2014-01-12,Article 88,,215,MARSAD_ANC
VOT-77afcf47ca93,NCA-2011,2014-01-12,Amendement n°243 sur l'article 88,,215,MARSAD_ANC
VOT-d1294a009884,NCA-2011,2014-01-12,Titre de la deuxième section du chapitre du pouvoir exécutif: Le gouvernement,,215,MARSAD_ANC
VOT-d3373b804128,NCA-2011,2014-01-12,Article 87,,215,MARSAD_ANC
VOT-c046c304fa24,NCA-2011,2014-01-12,Article 86,,215,MARSAD_ANC
VOT-d1fa1710e48e,NCA-2011,2014-01-12,Article 85,,215,MARSAD_ANC
VOT-5e3f06c1f0b1,NCA-2011,2014-01-12,Article 84,,215,MARSAD_ANC
VOT-e65e22abc21e,NCA-2011,2014-01-12,Article 83,,215,MARSAD_ANC
VOT-41508a264f02,NCA-2011,2014-01-12,Article 82,,215,MARSAD_ANC
VOT-c65c2e8b7e49,NCA-2011,2014-01-12,Article 81,,215,MARSAD_ANC
VOT-2001e21a4819,NCA-2011,2014-01-12,Amendement n°242 sur l'article 81,,215,MARSAD_ANC
VOT-7db64bcb15a3,NCA-2011,2014-01-12,Article 80,,215,MARSAD_ANC
VOT-c06ad8d67e00,NCA-2011,2014-01-12,Amendement n°163 sur l'article 80,,215,MARSAD_ANC
VOT-12b3c4a4af5b,NCA-2011,2014-01-12,Amendement nouveau sur l'article 80,,215,MARSAD_ANC
VOT-2c2c9b5aa5d8,NCA-2011,2014-01-12,Article 79,,215,MARSAD_ANC
VOT-a6c401a4b553,NCA-2011,2014-01-12,Amendement n°162 sur l'article 79,,215,MARSAD_ANC
VOT-47aa0b15a21e,NCA-2011,2014-01-12,Amendement n°240 sur l'article 79,,215,MARSAD_ANC
VOT-96ef26221809,NCA-2011,2014-01-12,Article 78,,215,MARSAD_ANC
VOT-99132990bcf4,NCA-2011,2014-01-12,Article 77,,215,MARSAD_ANC
VOT-83e503164b5f,NCA-2011,2014-01-12,Amendement n°239 sur l'article 77,,215,MARSAD_ANC
VOT-b480d0c0694e,NCA-2011,2014-01-12,Article 76,,215,MARSAD_ANC
VOT-c0742976e887,NCA-2011,2014-01-12,Amendement n°160 sur l'article 76,,215,MARSAD_ANC
VOT-9e483ccf8025,NCA-2011,2014-01-12,Amendement n°238 sur l'article 76,,215,MARSAD_ANC
VOT-e34b6240e98c,NCA-2011,2014-01-12,Article 75,,215,MARSAD_ANC
VOT-7531f9488222,NCA-2011,2014-01-12,Article 74,,215,MARSAD_ANC
VOT-9e940a88f6d2,NCA-2011,2014-01-12,Amendement n°204 sur l'article 74,,215,MARSAD_ANC
VOT-b8434422d91f,NCA-2011,2014-01-12,Amendement n°237 sur l'article 74,,215,MARSAD_ANC
VOT-d5fd133a3569,NCA-2011,2014-01-13,Amendement n°205 sur l'article 103,,215,MARSAD_ANC
VOT-9f299e8f2aeb,NCA-2011,2014-01-13,Article 103,,215,MARSAD_ANC
VOT-bf9fe751350d,NCA-2011,2014-01-13,Amendement du titre du cinquième chapitre: Chapitre de la justice au lieu de chapitre du pouvoir juridictionnel,,215,MARSAD_ANC
VOT-1e60a5201078,NCA-2011,2014-01-13,Titre du cinquième chapitre: Pouvoir juridictionnel,,215,MARSAD_ANC
VOT-3feecabb010d,NCA-2011,2014-01-13,Amendement n°34 sur l'article 100,,215,MARSAD_ANC
VOT-c0a4979894a1,NCA-2011,2014-01-13,Article 100,,215,MARSAD_ANC
VOT-33633e6b7193,NCA-2011,2014-01-13,Article 101,,215,MARSAD_ANC
VOT-fa631fe43772,NCA-2011,2014-01-13,Article 102,,215,MARSAD_ANC
VOT-55861a19e934,NCA-2011,2014-01-13,"Titre de la première section du chapitre du pouvoir juridictionnel: La justice judiciaire, administrative et financière",,215,MARSAD_ANC
VOT-28c8086683ff,NCA-2011,2014-01-13,Ajout d'article au chapitre du pouvoir exécutif: Le gouvernement et les investissements du secteur public,,215,MARSAD_ANC
VOT-98b45e066cb6,NCA-2011,2014-01-13,Ajout d'article au chapitre du pouvoir exécutif après l'article 97,,215,MARSAD_ANC
VOT-9ad7dd178f20,NCA-2011,2014-01-13,Article 99,,215,MARSAD_ANC
VOT-3cb42f9750ea,NCA-2011,2014-01-13,Article 98,,215,MARSAD_ANC
VOT-183d88f279c2,NCA-2011,2014-01-13,Article 97,,215,MARSAD_ANC
VOT-ff3a0f92d4db,NCA-2011,2014-01-13,Article 96,,215,MARSAD_ANC
VOT-cfe271f57247,NCA-2011,2014-01-13,Amendement n°245 sur l'article 96,,215,MARSAD_ANC
VOT-182b73ced0c9,NCA-2011,2014-01-13,Article 95,,215,MARSAD_ANC
VOT-c67d326d7356,NCA-2011,2014-01-13,Article 94,,215,MARSAD_ANC
VOT-94eab1aece03,NCA-2011,2014-01-13,Article 93,,215,MARSAD_ANC
VOT-b3c0048a496c,NCA-2011,2014-01-13,Article 92,,215,MARSAD_ANC
VOT-38424eeb4e81,NCA-2011,2014-01-13,Amendement n°101 sur l'article 92,,215,MARSAD_ANC
VOT-1668ccacef52,NCA-2011,2014-01-13,Article 91,,215,MARSAD_ANC
VOT-3ca6255d4e36,NCA-2011,2014-01-13,Amendement n°244 sur l'article 91,,215,MARSAD_ANC
VOT-5f3fba60c816,NCA-2011,2014-01-14,Article 108,,215,MARSAD_ANC
VOT-6dc9ba0cb7b5,NCA-2011,2014-01-14,Article 107,,215,MARSAD_ANC
VOT-edfc63711db8,NCA-2011,2014-01-14,Amendement n°83 sur l'article 107,,215,MARSAD_ANC
VOT-36a4509740e3,NCA-2011,2014-01-14,Article 106,,215,MARSAD_ANC
VOT-99cac0b63d30,NCA-2011,2014-01-14,Article 105,,215,MARSAD_ANC
VOT-16836d1a6938,NCA-2011,2014-01-14,Amendement n°164 sur l'article 105,,215,MARSAD_ANC
VOT-3e330b84a986,NCA-2011,2014-01-14,Article 104,,215,MARSAD_ANC
VOT-969e3b454ce1,NCA-2011,2014-01-16,Retour à l'article 103,,215,MARSAD_ANC
VOT-e80f20dced79,NCA-2011,2014-01-16,Retour à l'article 107,,215,MARSAD_ANC
VOT-ab3cf42cfe25,NCA-2011,2014-01-16,Retour à l'article 108,,215,MARSAD_ANC
VOT-67e8bbb77638,NCA-2011,2014-01-16,Amendement n°247 sur l'article 109,,215,MARSAD_ANC
VOT-844d3fa3ca4f,NCA-2011,2014-01-16,Amendement n°32 sur l'article 109,,215,MARSAD_ANC
VOT-661a5b28c43a,NCA-2011,2014-01-16,Amendement n°51 sur l'article 109,,215,MARSAD_ANC
VOT-1a8223702ef1,NCA-2011,2014-01-16,Article 109,,215,MARSAD_ANC
VOT-f06212e537ee,NCA-2011,2014-01-16,Retour à l'article 90,,215,MARSAD_ANC
VOT-1b2af35ebb0d,NCA-2011,2014-01-16,Amendement nouveau sur l'article 109,,215,MARSAD_ANC
VOT-8b3fcc0b809c,NCA-2011,2014-01-16,Retour à l'article 109,,215,MARSAD_ANC
VOT-6dec6f9b5709,NCA-2011,2014-01-16,"Titre de la première sous-partie de la section de la justice judiciaire, administrative et financière: Le conseil supérieur de la magistrature",,215,MARSAD_ANC
VOT-2b500ccbb87e,NCA-2011,2014-01-16,Article 110,,215,MARSAD_ANC
VOT-e48be274921b,NCA-2011,2014-01-16,Amendement n°48 sur l'article 111,,215,MARSAD_ANC
VOT-d200e917131e,NCA-2011,2014-01-16,Article 111,,215,MARSAD_ANC
VOT-4128f1d067eb,NCA-2011,2014-01-16,"Titre de la deuxième sous-partie de la section de la justice judiciaire, administrative et financière: La justice judiciaire",,215,MARSAD_ANC
VOT-8dd90a5b9cc3,NCA-2011,2014-01-16,Amendement n°248 sur l'article 112,,215,MARSAD_ANC
VOT-a831b4081159,NCA-2011,2014-01-16,Article 112,,215,MARSAD_ANC
VOT-cb9fd6212a96,NCA-2011,2014-01-16,"Titre de la troisième sous-partie de la section de la justice judiciaire, administrative et financière: La justice administrative",,215,MARSAD_ANC
VOT-10f8438b7b97,NCA-2011,2014-01-16,Article 113,,215,MARSAD_ANC
VOT-760b3cbd88af,NCA-2011,2014-01-16,"Titre de la quatrième sous-partie de la section de la justice judiciaire, administrative et financière: La justice financière",,215,MARSAD_ANC
VOT-43a01ce28090,NCA-2011,2014-01-16,Amendement n°200 sur l'article 114,,215,MARSAD_ANC
VOT-3b7a6d8b14b1,NCA-2011,2014-01-16,Article 114,,215,MARSAD_ANC
VOT-1f15168cadc5,NCA-2011,2014-01-16,Titre de la deuxième section du chapitre du pouvoir juridictionnel: La cour constitutionnelle,,215,MARSAD_ANC
VOT-10b86e78a919,NCA-2011,2014-01-16,Amendement n°249 sur l'article 115,,215,MARSAD_ANC
VOT-a81892e70ba1,NCA-2011,2014-01-16,Article 115,,215,MARSAD_ANC
VOT-c9b9b102206d,NCA-2011,2014-01-16,Article 116,,215,MARSAD_ANC
VOT-c3702fb16a1c,NCA-2011,2014-01-16,Amendement n°250 sur l'article 117,,215,MARSAD_ANC
VOT-8c42e44b3533,NCA-2011,2014-01-16,Amendement n°116 sur l'article 117,,215,MARSAD_ANC
VOT-bc7a4d69769f,NCA-2011,2014-01-16,Article 117,,215,MARSAD_ANC
VOT-d1dc15bf750f,NCA-2011,2014-01-17,Ajout d'article au chapitre du pouvoir juridictionnel: Le métier d'avocat,,215,MARSAD_ANC
VOT-091f152fa52d,NCA-2011,2014-01-17,Article 118,,215,MARSAD_ANC
VOT-0b2a0c9466fa,NCA-2011,2014-01-17,Article 119,,215,MARSAD_ANC
VOT-be3492926740,NCA-2011,2014-01-17,Article 120,,215,MARSAD_ANC
VOT-3d98d0c78078,NCA-2011,2014-01-17,Article 121,,215,MARSAD_ANC
VOT-aa0493a9d337,NCA-2011,2014-01-17,Titre du sixième chapitre: Instances Constitutionnelles,,215,MARSAD_ANC
VOT-c7a3a5e046c2,NCA-2011,2014-01-17,Amendement n°47 sur l'article 122,,215,MARSAD_ANC
VOT-a453934391e1,NCA-2011,2014-01-17,Article 122,,215,MARSAD_ANC
VOT-97c3a897c99b,NCA-2011,2014-01-17,Titre de la première section du chapitre des instances constitutionnelles: L'instance électorale,,215,MARSAD_ANC
VOT-aefb4710c01c,NCA-2011,2014-01-17,Amendement n°75 sur l'article 123,,215,MARSAD_ANC
VOT-810a4ae79eee,NCA-2011,2014-01-17,Article 123,,215,MARSAD_ANC
VOT-b0b8d7996973,NCA-2011,2014-01-17,Amendement nouveau sur l'article 122,,215,MARSAD_ANC
VOT-88d010b27f08,NCA-2011,2014-01-17,Retour à l'article 122,,215,MARSAD_ANC
VOT-2102cd4eff33,NCA-2011,2014-01-17,Amendement du titre de la deuxième section du chapitre des instances constitutionnelles: L'instance de la communication audiovisuelle au lieu de l'instance de l'information,,215,MARSAD_ANC
VOT-67781f700369,NCA-2011,2014-01-17,Titre amendé de la deuxième section du chapitre des instances constitutionnelles: L'instance de la communication audiovisuelle,,215,MARSAD_ANC
VOT-a4509bf7f76d,NCA-2011,2014-01-17,Amendement n°252 sur l'article 124,,215,MARSAD_ANC
VOT-7a4355baecbf,NCA-2011,2014-01-17,Article 124,,215,MARSAD_ANC
VOT-c56bd33ceaee,NCA-2011,2014-01-17,Titre de la troisième section du chapitre des instances constitutionnelles: L'instance des droits de l'Homme,,215,MARSAD_ANC
VOT-e0153b3aabbe,NCA-2011,2014-01-17,Article 125,,215,MARSAD_ANC
VOT-c6c34bdee9a9,NCA-2011,2014-01-17,Retour à l'article 124,,215,MARSAD_ANC
VOT-2851d1155dd5,NCA-2011,2014-01-17,"Amendement du titre de la quatrième section du chapitre des instances constitutionnelles: L'instance du développement durable et de la solidarité entre les générations au lieu ""et des droits des générations futures""",,215,MARSAD_ANC
VOT-fffe4bfd77e5,NCA-2011,2014-01-17,Titre initial de la quatrième section du chapitre des instances constitutionnelles: L'instance duu développement durable et des droits des générations futures,,215,MARSAD_ANC
VOT-69ec0b152e99,NCA-2011,2014-01-17,Amendement n°169 sur l'article 126,,215,MARSAD_ANC
VOT-7594bd438661,NCA-2011,2014-01-17,Article 126,,215,MARSAD_ANC
VOT-5d94502f1866,NCA-2011,2014-01-17,Titre de la cinquième section du chapitre des instances constitutionnelles: L'instance de la bonne gouvernance et de la lutte contre la corruption,,215,MARSAD_ANC
VOT-8e0bf995aafd,NCA-2011,2014-01-17,Amendement n°30 sur l'article 127,,215,MARSAD_ANC
VOT-f77f3d36be88,NCA-2011,2014-01-17,Amendement n°170 sur l'article 127,,215,MARSAD_ANC
VOT-f693a1f8c0fc,NCA-2011,2014-01-17,Article 127,,215,MARSAD_ANC
VOT-bc62b6afa271,NCA-2011,2014-01-18,Titre du septième chapitre: Pouvoir Local,,215,MARSAD_ANC
VOT-2367ca4cf551,NCA-2011,2014-01-18,Article 128,,215,MARSAD_ANC
VOT-e6b444a2dccf,NCA-2011,2014-01-18,Article 129,,215,MARSAD_ANC
VOT-b478943c4f06,NCA-2011,2014-01-18,Article 130,,215,MARSAD_ANC
VOT-8d5c5027a262,NCA-2011,2014-01-18,Article 131,,215,MARSAD_ANC
VOT-67882ba3ec75,NCA-2011,2014-01-18,Amendement n°17 sur l'article 132,,215,MARSAD_ANC
VOT-b9d1cae04d8c,NCA-2011,2014-01-18,Article 132,,215,MARSAD_ANC
VOT-d6fd6034c277,NCA-2011,2014-01-18,Article 133,,215,MARSAD_ANC
VOT-29ea312d618f,NCA-2011,2014-01-18,Article 134,,215,MARSAD_ANC
VOT-d56d2c2fd93e,NCA-2011,2014-01-18,Article 135,,215,MARSAD_ANC
VOT-96c187e1ef61,NCA-2011,2014-01-18,Amendement n°171 sur l'article 136,,215,MARSAD_ANC
VOT-fb5b7f25ff94,NCA-2011,2014-01-18,Article 136,,215,MARSAD_ANC
VOT-bd53626289ec,NCA-2011,2014-01-18,Article 137,,215,MARSAD_ANC
VOT-7ac859479653,NCA-2011,2014-01-18,Amendement n°69 sur l'article 138,,215,MARSAD_ANC
VOT-d97ae758d0cf,NCA-2011,2014-01-18,Amendement n°93 sur l'article 138,,215,MARSAD_ANC
VOT-a095dd229a77,NCA-2011,2014-01-18,Article 138,,215,MARSAD_ANC
VOT-ec7949777a49,NCA-2011,2014-01-18,Article 139,,215,MARSAD_ANC
VOT-ae2690efe944,NCA-2011,2014-01-18,Ajout d'article au chapitre du pouvoir local: Bureau d'audit,,215,MARSAD_ANC
VOT-d2d751044aae,NCA-2011,2014-01-18,Titre du huitième chapitre: Révision de la constitution,,215,MARSAD_ANC
VOT-a51eda50a454,NCA-2011,2014-01-18,Article 140,,215,MARSAD_ANC
VOT-5c03332b332d,NCA-2011,2014-01-18,Amendement consensuel sur l'article 141: Suppression de l'article,,215,MARSAD_ANC
VOT-10cf1f047c17,NCA-2011,2014-01-18,Article 142,,215,MARSAD_ANC
VOT-eccafb86ba21,NCA-2011,2014-01-18,Titre du neuvième chapitre: Dispositions finales,,215,MARSAD_ANC
VOT-15037e7ab8b1,NCA-2011,2014-01-18,Article 143,,215,MARSAD_ANC
VOT-0d1feb5d97d3,NCA-2011,2014-01-18,Amendement n°102 sur l'article 144,,215,MARSAD_ANC
VOT-56b802594d10,NCA-2011,2014-01-18,Article 144,,215,MARSAD_ANC
VOT-5c7f85a8583d,NCA-2011,2014-01-20,Amendement nouveau sur l'article 79,,215,MARSAD_ANC
VOT-15e35641f6b9,NCA-2011,2014-01-20,Retour à l'article 79,,215,MARSAD_ANC
VOT-cb37438b9b12,NCA-2011,2014-01-20,Amendement nouveau sur l'article 96,,215,MARSAD_ANC
VOT-046f6a021621,NCA-2011,2014-01-20,Retour à l'article 96,,215,MARSAD_ANC
VOT-91385043dae7,NCA-2011,2014-01-20,Amendement nouveau sur l'article 69,,215,MARSAD_ANC
VOT-63909c91649d,NCA-2011,2014-01-20,Retour à l'article 69,,215,MARSAD_ANC
VOT-0b05b2597e6e,NCA-2011,2014-01-20,Amendement nouveau sur l'article 123,,215,MARSAD_ANC
VOT-7c1b684e0f67,NCA-2011,2014-01-20,Retour à l'article 123,,215,MARSAD_ANC
VOT-d103f4d59cb8,NCA-2011,2014-01-20,Amendement nouveau sur l'article 86,,215,MARSAD_ANC
VOT-0e0af4ff0c50,NCA-2011,2014-01-20,Retour à l'article 86,,215,MARSAD_ANC
VOT-bf1373f667f6,NCA-2011,2014-01-20,Amendement nouveau sur l'article 108,,215,MARSAD_ANC
VOT-93d4e272fa23,NCA-2011,2014-01-20,Retour à l'article 108,,215,MARSAD_ANC
VOT-ff931859f4e4,NCA-2011,2014-01-20,Amendement nouveau sur l'article 12,,215,MARSAD_ANC
VOT-74eab49969db,NCA-2011,2014-01-20,Retour à l'article 12,,215,MARSAD_ANC
VOT-33137cc41351,NCA-2011,2014-01-20,Amendement nouveau sur l'article 10,,215,MARSAD_ANC
VOT-b0dc37a54b30,NCA-2011,2014-01-20,Retour à l'article 10,,215,MARSAD_ANC
VOT-3289530b9709,NCA-2011,2014-01-20,Amendement nouveau sur l'article 102,,215,MARSAD_ANC
VOT-1b75dac42970,NCA-2011,2014-01-20,Retour à l'article 102,,215,MARSAD_ANC
VOT-3a7be7c0d716,NCA-2011,2014-01-20,Amendement nouveau sur l'article 133,,215,MARSAD_ANC
VOT-e2aa0f8506e0,NCA-2011,2014-01-20,Retour à l'article 133,,215,MARSAD_ANC
VOT-8a60b06b3c2b,NCA-2011,2014-01-20,Retour à l'article 62,,215,MARSAD_ANC
VOT-902dcedbfb8e,NCA-2011,2014-01-20,Amendement nouveau 1 sur l'article 64,,215,MARSAD_ANC
VOT-0e155627ecf7,NCA-2011,2014-01-20,Amendement nouveau 2 sur l'article 64,,215,MARSAD_ANC
VOT-5e584ebb8c6c,NCA-2011,2014-01-20,Retour à l'article 64,,215,MARSAD_ANC
VOT-af965fc5a63d,NCA-2011,2014-01-20,Amendement nouveau sur l'article 74,,215,MARSAD_ANC
VOT-8eeb25838e7d,NCA-2011,2014-01-20,Retour à l'article 74,,215,MARSAD_ANC
VOT-e25866d27cd1,NCA-2011,2014-01-20,Amendement nouveau sur l'article 73,,215,MARSAD_ANC
VOT-d4b24e7d5682,NCA-2011,2014-01-20,Retour à l'article 73,,215,MARSAD_ANC
VOT-304eb029ff28,NCA-2011,2014-01-21,Amendement nouveau sur l'article 80,,215,MARSAD_ANC
VOT-099934b23c5a,NCA-2011,2014-01-21,Retour à l'article 80,,215,MARSAD_ANC
VOT-46fd9085d416,NCA-2011,2014-01-21,Amendement nouveau sur l'article 81,,215,MARSAD_ANC
VOT-86f712e89e50,NCA-2011,2014-01-21,Retour à l'article 81,,215,MARSAD_ANC
VOT-8d38fe9c148d,NCA-2011,2014-01-21,Amendement nouveau sur l'article 117,,215,MARSAD_ANC
VOT-0b63ca7696e3,NCA-2011,2014-01-21,Retour à l'article 117,,215,MARSAD_ANC
VOT-f018bfec05ff,NCA-2011,2014-01-21,Amendement nouveau sur l'article 118,,215,MARSAD_ANC
VOT-4eebdc0030d7,NCA-2011,2014-01-21,Retour à l'article 118,,215,MARSAD_ANC
VOT-7249532d6f7a,NCA-2011,2014-01-21,Amendement nouveau sur l'article 119,,215,MARSAD_ANC
VOT-a4a3852f6442,NCA-2011,2014-01-21,Retour à l'article 119,,215,MARSAD_ANC
VOT-66a40864175d,NCA-2011,2014-01-21,Retour à un article additionnel après l'article 12,,215,MARSAD_ANC
VOT-bc6763631e73,NCA-2011,2014-01-21,Amendement nouveau sur l'article 31,,215,MARSAD_ANC
VOT-e8cb07bb2653,NCA-2011,2014-01-21,Retour à l'article 31,,215,MARSAD_ANC
VOT-7f310dd39cac,NCA-2011,2014-01-21,Amendement nouveau sur le paragraphe 4 du préambule,,215,MARSAD_ANC
VOT-016367f17ca8,NCA-2011,2014-01-21,Retour au paragraphe 4 du préambule,,215,MARSAD_ANC
VOT-02cc61de91d7,NCA-2011,2014-01-21,Amendement nouveau sur le paragraphe 2 du préambule,,215,MARSAD_ANC
VOT-7eeb0732dc51,NCA-2011,2014-01-21,Retour au paragraphe 2 du préambule,,215,MARSAD_ANC
VOT-b574632bf696,NCA-2011,2014-01-23,Titre du dixième chapitre: Dispositions transitoires,,215,MARSAD_ANC
VOT-0545473c2237,NCA-2011,2014-01-23,Amendement n°254 sur l'article 145,,215,MARSAD_ANC
VOT-ddaae27e753d,NCA-2011,2014-01-23,Amendement nouveau sur l'article 145,,215,MARSAD_ANC
VOT-b048712e3ec3,NCA-2011,2014-01-23,Article 145,,215,MARSAD_ANC
VOT-f6de2702b91d,NCA-2011,2014-01-23,Amendement n°256 sur l'article 146,,215,MARSAD_ANC
VOT-6dfc38475ede,NCA-2011,2014-01-23,Amendement n°179 sur l'article 146,,215,MARSAD_ANC
VOT-8096d60201e3,NCA-2011,2014-01-23,Article 146,,215,MARSAD_ANC
VOT-f8951264fb1e,NCA-2011,2014-01-23,Amendement nouveau sur l'article 107,,215,MARSAD_ANC
VOT-98da9217c050,NCA-2011,2014-01-23,Retour à l'article 107,,215,MARSAD_ANC
VOT-c8d733d213ec,NCA-2011,2014-01-23,Article additionnel après l'article 146,,215,MARSAD_ANC
VOT-5c5dfa891d7a,NCA-2011,2014-01-23,Amendement nouveau sur l'article 87,,215,MARSAD_ANC
VOT-fcb8c9784562,NCA-2011,2014-01-23,Retour à l'article 87,,215,MARSAD_ANC
VOT-3186eb950640,NCA-2011,2014-01-23,Amendement nouveau sur l'article 118,,215,MARSAD_ANC
VOT-ddb6b56fecdf,NCA-2011,2014-01-23,Retour à l'article 118,,215,MARSAD_ANC
VOT-6d9005e655d5,NCA-2011,2014-01-23,Amendement nouveau sur l'article 119,,215,MARSAD_ANC
VOT-e114b3c396e0,NCA-2011,2014-01-23,Retour à l'article 119,,215,MARSAD_ANC
VOT-2b4220bad58f,NCA-2011,2014-01-23,Amendement nouveau sur l'article 80,,215,MARSAD_ANC
VOT-8c00f033a6e5,NCA-2011,2014-01-23,Retour à l'article 80,,215,MARSAD_ANC
VOT-d64a2d36ac27,NCA-2011,2014-01-23,Amendement nouveau sur l'article 35,,215,MARSAD_ANC
VOT-d50a19526ab8,NCA-2011,2014-01-23,Retour à l'article 35,,215,MARSAD_ANC
VOT-f394b9d30b15,NCA-2011,2014-01-23,Amendement nouveau sur l'article 6,,215,MARSAD_ANC
VOT-f7df50bac46a,NCA-2011,2014-01-23,Retour à l'article 6,,215,MARSAD_ANC
VOT-c6c47f4d959f,NCA-2011,2014-01-23,Amendement nouveau sur l'article 38,,215,MARSAD_ANC
VOT-5113eb023779,NCA-2011,2014-01-23,Retour à l'article 38,,215,MARSAD_ANC
VOT-8ad1c4f7afd0,NCA-2011,2014-01-23,Amendement nouveau sur l'article 73,,215,MARSAD_ANC
VOT-3c672b3671b2,NCA-2011,2014-01-23,Amendement nouveau sur l'article 52,,215,MARSAD_ANC
VOT-5c36604c36bf,NCA-2011,2014-01-23,Amendement nouveau sur l'article 64,,215,MARSAD_ANC
VOT-d9200353df33,NCA-2011,2014-01-23,Retour à l'article 64,,215,MARSAD_ANC
VOT-ac3ba58c5a22,NCA-2011,2014-01-23,Retour à l'article additionnel au chapitre des droits et libertés: Liberté du travail,,215,MARSAD_ANC
VOT-f818a8c18509,NCA-2011,2014-01-23,Dernière phrase de la constitution: Et Dieu est le garant du succès,,215,MARSAD_ANC
VOT-1d355f78541e,NCA-2011,2014-01-25,"Suppression des termes ""du gouvernement"" du paragraphe 2 nouveau de l'article 19",,215,MARSAD_ANC
VOT-36e55d1305b9,NCA-2011,2014-01-25,Suppression du paragraphe 3 nouveau et le paragraphe 4 devient le paragraphe 3 à sa place,,215,MARSAD_ANC
VOT-e314a4e18330,NCA-2011,2014-01-25,Article premier du projet d'amendement: Article 19 (paragraphe 2 nouveau),,215,MARSAD_ANC
VOT-f86060e34251,NCA-2011,2014-01-25,Article unique: Amendement de l'article 6 de la loi d'organisation provisoire des pouvoirs publics,,215,MARSAD_ANC
VOT-6115e143cddb,NCA-2011,2014-01-25,Article 2 du projet d'amendement: Article 19 (paragraphes 3 et 4 nouveaux),,215,MARSAD_ANC
VOT-4a7c92a1d91a,NCA-2011,2014-01-25,Proposition d'amendement de l'article 6 dans sa totalité,,215,MARSAD_ANC
VOT-c4f9500d8c33,NCA-2011,2014-01-25,Proposition d'amendement spécifiant l'emplacement du tiret ajouté à l'article 6,,215,MARSAD_ANC
VOT-94523d8cf9fe,NCA-2011,2014-01-25,"Proposition d'amendement du tiret ajouté à l'article 6: ""La gestion administrative et financière de l'Assemblée Nationale Constituante""",,215,MARSAD_ANC
VOT-7029183c46b3,NCA-2011,2014-01-25,Vote sur le titre: Proposition de loi organique amendant et complétant les dispositions de l'article 6,,215,MARSAD_ANC
VOT-2333590bfe72,NCA-2011,2014-01-25,Proposition d'amendement de l'article 19 dans sa totalité,,215,MARSAD_ANC
VOT-7bcf2613c3fe,NCA-2011,2014-01-25,Ajout d'un paragraphe 3 à l'article 19,,215,MARSAD_ANC
VOT-a7a7d3181bb1,NCA-2011,2014-01-25,Amendement du paragraphe 2 de l'article 19: la majorité des deux tiers,,215,MARSAD_ANC
VOT-441ee2830693,NCA-2011,2014-01-25,"Proposition d'amendement de l'article premier: une majorité ""pas moins que"" les 3/5",,215,MARSAD_ANC
VOT-dc0872d537fd,NCA-2011,2014-01-25,Vote sur le titre: Proposition de loi organique amendant et complétant les dispositions de l'article 19,,215,MARSAD_ANC
VOT-fe16863ef9e0,NCA-2011,2014-01-25,"Proposition d'amendement du titre: Remplacer ""loi organique"" par ""loi constituante""",,215,MARSAD_ANC
VOT-3fba54cdf286,NCA-2011,2014-01-25,Vote sur la clôture du débat général relatif à la proposition de loi organique amendant et complétant les dispositions de l'article 6,,215,MARSAD_ANC
VOT-77460ec8bf3f,NCA-2011,2014-01-25,Vote sur la clôture du débat général relatif à la proposition de loi organique amendant et complétant les dispositions de l'article 19,,215,MARSAD_ANC
VOT-f56de2e16c84,NCA-2011,2014-01-26,Constitution de la République tunisienne dans sa totalité,,215,MARSAD_ANC
VOT-8458868cbbe9,NCA-2011,2014-01-26,Vote sur la clôture du débat général relatif à la proposition de loi organique amendant et complétant certaines dispositions de la loi constituante N°6-2011,,215,MARSAD_ANC
VOT-5be5aca6a66d,NCA-2011,2014-01-26,Séparation des deux propositions d'amendement: Article 19 et article 6,,215,MARSAD_ANC
VOT-3573732aadd7,NCA-2011,2014-01-26,"Proposition d'amendement du titre: Remplacer ""loi organique"" par ""loi constituante""",,215,MARSAD_ANC
VOT-6c0ad40cde4c,NCA-2011,2014-01-26,Vote sur le titre: Proposition de loi organique amendant et complétant certaines dispositions de la loi constituante N°6-2011,,215,MARSAD_ANC
VOT-101802225bc1,NCA-2011,2014-01-26,Proposition d'amendement de l'article premier relative au paragraphe 4 nouveau de l'article 19,,215,MARSAD_ANC
VOT-617cd7208c98,NCA-2011,2014-01-26,Article premier de la proposition de loi organique,,215,MARSAD_ANC
VOT-b098fded8589,NCA-2011,2014-01-26,Article 2 de la proposition de loi organique,,215,MARSAD_ANC
VOT-7f111db848d9,NCA-2011,2014-01-26,Article 3 de la proposition de loi organique,,215,MARSAD_ANC
VOT-7a5d789b247c,NCA-2011,2014-01-26,Article 4 de la proposition de loi organique,,215,MARSAD_ANC
VOT-3b7f75b7a661,NCA-2011,2014-01-26,Proposition de loi organique dans sa totalité,,215,MARSAD_ANC
VOT-09fff9c7101b,NCA-2011,2014-01-28,Vote de confiance au gouvernement de Mehdi Jomaa,,215,MARSAD_ANC
VOT-1cb793af5084,NCA-2011,2014-02-28,"Vote sur le projet de loi N°49/2013 portant approbation de l'accord de financement signé le 12 Février 2013 entre le Gouvernement de la République tunisienne et le Fonds international de développement agricole d'une part, et ce fonds en question agissant au nom du Fonds espagnol de cofinancement, pour contribuer au financement de la deuxième phase du programme de développement agricole et pastoral et de promouvoir les initiatives locales dans le sud-est.",,216,MARSAD_ANC
VOT-ce4f58ec2c7a,NCA-2011,2014-02-28,Projet de loi N°67/2013 portant approbation de la convention de prêt signée entre le gouvernement de la République Tunisienne et l'Agence Française de Développement afin de contribuer au financement du programme de peaufinement et d'intégration des quartiers résidentiels.,,216,MARSAD_ANC
VOT-1e0526eb0c7d,NCA-2011,2014-02-28,"Projet de loi N°69/2013 portant approbation du contrat de garantie à première demande signé entre le gouvernement de la République Tunisienne et la Banque Européenne d'Investissement, relatif à la première tranche de la sixième ligne de crédit attribuée aux institutions de prêt et de leasing.",,216,MARSAD_ANC
VOT-7e8376a621f7,NCA-2011,2014-03-18,Projet de loi organique N°10/2013 portant approbation du protocole d'accord signé le 28 Septembre 2012 entre le gouvernement de la République Tunisienne et le gouvernement de la République Populaire de Chine concernant l'envoi d'équipes médicales chinoises en Tunisie.,,216,MARSAD_ANC
VOT-c81c595c4111,NCA-2011,2014-03-18,Refus du projet de loi organique N°21/2013 portant approbation de l'accord de coopération dans le domaine de l'immigration entre la République tunisienne et la Confédération suisse.,,216,MARSAD_ANC
VOT-f1fe6cb62929,NCA-2011,2014-03-25,Projet de loi N°64/2013 portant approbation de la lettre de garantie de l'Etat signée en faveur de la banque coréenne K-EXIM et relative au prêt attribué à la Société Nationale des Chemins de Fer Tunisiens (SNCFT) afin de contribuer au financement du projet d’acquisition de 8 trains électriques pour transporter les voyageurs dans la banlieue de Tunis.,,216,MARSAD_ANC
VOT-167a5b0da769,NCA-2011,2014-03-25,Refus du projet de loi organique N°21/2013 portant approbation de l'accord de coopération dans le domaine de l'immigration entre la République tunisienne et la Confédération suisse.,,216,MARSAD_ANC
VOT-cfd212267427,NCA-2011,2014-03-25,Projet de loi organique N°02/2013 portant approbation d'un accord conclu le 16 Octobre 2012 entre le gouvernement de la République Tunisienne et le Conseil Fédéral Suisse sur l'incitation et la protection réciproques des investissements.,,216,MARSAD_ANC
VOT-d9da0d6cf2b7,NCA-2011,2014-03-25,Projet de loi N°66/2013 portant approbation de la convention de prêt signée entre le gouvernement de la République Tunisienne et l'Agence Française de Développement afin de contribuer au financement du programme d'approvisionnement en eau potable en milieu rural.,,216,MARSAD_ANC
VOT-0c9806a327be,NCA-2011,2014-03-25,"Projet de loi N°68/2013 portant approbation de la convention de garantie de prêt signée entre le gouvernement de la République Tunisienne et la Banque Allemande de Reconstruction et de Développement, relative au prêt attribué à la Société Nationale d'Exploitation et de Distribution des Eaux (SONEDE) afin de contribuer au financement du projet de construction d'une station de dessalement d'eau de mer dans l'île de Djerba.",,216,MARSAD_ANC
VOT-9f43caa58ba6,NCA-2011,2014-04-07,Projet de loi organique N°21/2013 portant approbation de l'accord de coopération dans le domaine de l'immigration entre la République tunisienne et la Confédération suisse.,,216,MARSAD_ANC
VOT-32c9e47d0c04,NCA-2011,2014-04-08,Vote sur la clôture du débat général,,216,MARSAD_ANC
VOT-8c274a103fe5,NCA-2011,2014-04-11,Vote sur la clôture du débat général,,216,MARSAD_ANC
VOT-aaa42a274f0d,NCA-2011,2014-04-12,"Vote sur l'amendement relatif à l'ajout du terme ""indépendante"" au titre du projet de loi",,216,MARSAD_ANC
VOT-4e93b2e0bd92,NCA-2011,2014-04-12,Vote relatif au titre du projet,,216,MARSAD_ANC
VOT-ffedd04ed362,NCA-2011,2014-04-12,"Vote sur l'amendement relatif à l'ajout du terme ""Juridictionnelle"" à l'article premier",,216,MARSAD_ANC
VOT-d9f3ad21b814,NCA-2011,2014-04-12,"Vote sur l'amendement relatif à l'ajout du terme ""conventionnalité"" à l'article premier",,216,MARSAD_ANC
VOT-4127684406a6,NCA-2011,2014-04-12,Vote sur l'article premier du projet,,216,MARSAD_ANC
VOT-09dfbd9fda68,NCA-2011,2014-04-12,"Vote sur l'amendement relatif au remplacement de ""et ses environs"" par ""ou ses environs"" dans l'article 2",,216,MARSAD_ANC
VOT-e9a2ac830c40,NCA-2011,2014-04-12,"Vote sur l'amendement relatif à l'ajout de ""par une proposition de l'instance où d'un avis conforme de sa part"" à l'article 2",,216,MARSAD_ANC
VOT-b638bc698dc8,NCA-2011,2014-04-12,"Vote sur l'amendement relatif au remplacement de ""et financière dans le cadre du budget de l’Etat"" par ""et son budget est annexé par voie réglementaire au budget de l'Etat"" dans le premier paragraphe de l'article 2",,216,MARSAD_ANC
VOT-51963b2299f2,NCA-2011,2014-04-12,Vote sur l'article 2 du projet,,216,MARSAD_ANC
VOT-9b947857a70e,NCA-2011,2014-04-12,"Vote sur l'amendement relatif à la suppression ""du Président de l’Assemblée Nationale Constituante, du président de l’Assemblée des Représentants du Peuple"" du premier paragraphe de l'article 3",,216,MARSAD_ANC
VOT-e893114a8f78,NCA-2011,2014-04-12,Vote sur l'amendement relatif à la réinsertion du deuxième paragraphe dans l'article premier comme deuxième paragraphe et reformulation,,216,MARSAD_ANC
VOT-e1b7d2984daf,NCA-2011,2014-04-12,Vote sur l'amendement relatif à la suppression du troisième paragrapghe de l'article 3,,216,MARSAD_ANC
VOT-429058b82e53,NCA-2011,2014-04-12,Vote sur l'amendement relatif à l'ajout d'un paragraphe à la fin de l'article 3,,216,MARSAD_ANC
VOT-15a10d84dd03,NCA-2011,2014-04-12,Vote sur l'article 3 du projet,,216,MARSAD_ANC
VOT-8bf20096cc7a,NCA-2011,2014-04-12,Vote sur l'amendement relatif au délai énoncé dans le deuxième paragraphe de l'article 4,,216,MARSAD_ANC
VOT-6fc7055f9bbb,NCA-2011,2014-04-12,"Vote sur l'amendement relatif à l'ajout de ""ou le président de l'Assemblée des représentants du peuple"" après ""par le président de l’Assemblée Nationale Constituante"" dans l'article 4",,216,MARSAD_ANC
VOT-100bec0f0224,NCA-2011,2014-04-12,Vote sur l'article 4 du projet,,216,MARSAD_ANC
VOT-26f35871e279,NCA-2011,2014-04-14,Vote sur l'amendement relatif au troisième tiret du deuxième paragaraphe de l'article 5,,216,MARSAD_ANC
VOT-ac61898818c3,NCA-2011,2014-04-14,Vote sur l'article 5 du projet,,216,MARSAD_ANC
VOT-0c5bdd83c013,NCA-2011,2014-04-14,Vote sur l'amendement consensuel relatif à la reformulation de l'article 6,,216,MARSAD_ANC
VOT-34195e6b3a28,NCA-2011,2014-04-14,Vote sur l'article 6 du projet,,216,MARSAD_ANC
VOT-de10b14c1661,NCA-2011,2014-04-14,Vote sur l'article 7 du projet,,216,MARSAD_ANC
VOT-9a0f780d73be,NCA-2011,2014-04-14,Vote sur l'amendement consensuel relatif à la suppression du deuxième paragraphe de l'article 8,,216,MARSAD_ANC
VOT-b97a71766534,NCA-2011,2014-04-14,Vote sur l'article 8 du projet,,216,MARSAD_ANC
VOT-c5b2b8f9d99f,NCA-2011,2014-04-14,"Vote sur l'amendement relatif à l'ajout de ""conformément aux dispositions spécifiques à la rémunération, des privilèges et indemnités accordés aux hautes fonctions juridictionnelles"" à la fin de l'article 9",,216,MARSAD_ANC
VOT-51198597fa00,NCA-2011,2014-04-14,"Vote sur l'amendement relatif à l'ajout de ""ou décret gouvernemental"" à la fin de l'article 9",,216,MARSAD_ANC
VOT-669156667097,NCA-2011,2014-04-14,Vote sur l'article 9 du projet,,216,MARSAD_ANC
VOT-d75c1eab7518,NCA-2011,2014-04-14,Vote sur l'amendement consensuel relatif à la reformulation de l'article 10,,216,MARSAD_ANC
VOT-b349265522f0,NCA-2011,2014-04-14,Vote sur l'article 10 du projet,,216,MARSAD_ANC
VOT-c4931157fed0,NCA-2011,2014-04-14,Vote sur la suppression de l'article 11 du projet,,216,MARSAD_ANC
VOT-a588f64d2a18,NCA-2011,2014-04-14,"Vote sur l'amendement relatif au changement de ""trois"" par ""quatre"" dans l'article 12",,216,MARSAD_ANC
VOT-7aa9f03fc55c,NCA-2011,2014-04-14,Vote sur l'article 12 du projet,,216,MARSAD_ANC
VOT-49fdf8dc7fde,NCA-2011,2014-04-14,"Vote sur l'amendement relatif au remplacement de ""et peut désigner un ordonnateur secondaire"" par ""peut déléguer sa signature"" dans l'article 15",,216,MARSAD_ANC
VOT-a15287faafd4,NCA-2011,2014-04-14,Vote sur l'article 15 du projet,,216,MARSAD_ANC
VOT-4bfc02dff830,NCA-2011,2014-04-14,Vote sur l'amendement relatif à la suppression du premier paragraphe de l'article 16,,216,MARSAD_ANC
VOT-318023180d0e,NCA-2011,2014-04-14,"Vote sur l'amendement relatif à l'ajout de ""par décret ou"" avant ""par décret gouvernemental"" dans le premier paragraphe de l'article 16",,216,MARSAD_ANC
VOT-bc8dec9c45d0,NCA-2011,2014-04-14,"Vote sur l'amendement relatif au remplacement de ""par décision de son président"" par ""par sa propre décision"" au deuxième paragraphe de l'article 16",,216,MARSAD_ANC
VOT-720b70784fa8,NCA-2011,2014-04-14,Vote sur l'article 16 du projet,,216,MARSAD_ANC
VOT-5dd350bf4492,NCA-2011,2014-04-15,Vote sur l'amendement relatif à la suppression de l'article 17,,216,MARSAD_ANC
VOT-2e14f4495fab,NCA-2011,2014-04-15,"Vote sur l'amendement relatif à l'ajout du terme ""à la majorité"" après ""pour l’instance"" dans l'article 17",,216,MARSAD_ANC
VOT-6aae53060dbc,NCA-2011,2014-04-15,Vote sur l'amendement relatif à la suppression du deuxième paragraphe de l'article 17,,216,MARSAD_ANC
VOT-353af3d1b496,NCA-2011,2014-04-15,Vote sur l'article 17 du projet,,216,MARSAD_ANC
VOT-88c80128494e,NCA-2011,2014-04-15,"Vote sur l'amendement relatif à l'ajout de ""ou sur demande des 2/3 de ses membres"" au premier paragraphe de l'article 18",,216,MARSAD_ANC
VOT-14a2ea7c383f,NCA-2011,2014-04-15,Vote sur l'amendement relatif à la reformulation du premier paragraphe de l'article 18,,216,MARSAD_ANC
VOT-3a6e047aaf93,NCA-2011,2014-04-15,Vote sur l'amendement relatif à la reformulation du deuxième paragraphe de l'article 18,,216,MARSAD_ANC
VOT-98a8ca6c0124,NCA-2011,2014-04-15,Vote sur l'article 18 du projet,,216,MARSAD_ANC
VOT-c0bba9fdcd1a,NCA-2011,2014-04-15,"Vote sur l'amendement relatif à l'ajout de ""et en cas d'impossibilité l'un des vices-présidents"" à la fin de l'article 19",,216,MARSAD_ANC
VOT-2d281659ee95,NCA-2011,2014-04-15,Vote sur l'article 19 du projet,,216,MARSAD_ANC
VOT-f214f4f8a580,NCA-2011,2014-04-15,Retour à l'article 4: Vote sur l'amendement relatif à l'ajout de la qualité de premier et deuxième vice-président,,216,MARSAD_ANC
VOT-34c650463b96,NCA-2011,2014-04-15,Retour au vote sur l'article 4 du projet,,216,MARSAD_ANC
VOT-1dd8ef4b744c,NCA-2011,2014-04-15,Retour au vote sur une version fusionnée des articles 16 et 17 du projet,,216,MARSAD_ANC
VOT-b9d6263885a9,NCA-2011,2014-04-15,Retour au vote sur l'article 19 du projet,,216,MARSAD_ANC
VOT-350547810186,NCA-2011,2014-04-15,"Vote sur l'amendement relatif à la suppression de ""du président de l’ANC ou de l’Assemblée des Représentants du Peuple"" de l'article 20",,216,MARSAD_ANC
VOT-de2444945ff1,NCA-2011,2014-04-15,Vote sur l'article 20 du projet,,216,MARSAD_ANC
VOT-704a8d01d5ab,NCA-2011,2014-04-15,Vote sur l'amendement relatif au quatrième paragraphe de l'article 21,,216,MARSAD_ANC
VOT-8cd720d2490d,NCA-2011,2014-04-15,Vote sur l'amendement consensuel relatif à l'ajout d'un paragraphe à la fin de l'article 21,,216,MARSAD_ANC
VOT-0bff090c6e2d,NCA-2011,2014-04-15,Vote sur l'article 21 du projet,,216,MARSAD_ANC
VOT-338835c75736,NCA-2011,2014-04-15,Vote sur l'amendement consensuel relatif à l'ajout d'un paragraphe à la fin de l'article 22,,216,MARSAD_ANC
VOT-e0f89f371793,NCA-2011,2014-04-15,Vote sur l'article 22 du projet,,216,MARSAD_ANC
VOT-c2f7078cb90d,NCA-2011,2014-04-15,Vote sur l'amendement consensuel relatif au premier paragraphe de l'article 23,,216,MARSAD_ANC
VOT-8424a45e012d,NCA-2011,2014-04-15,Vote sur l'amendement relatif à la reformulation de l'article 23,,216,MARSAD_ANC
VOT-9021089be0f4,NCA-2011,2014-04-15,Vote sur l'article 23 du projet,,216,MARSAD_ANC
VOT-6d8bf9e9012e,NCA-2011,2014-04-15,"Vote sur l'amendement consensuel relatif à la suppression de ""au président de l’ANC ou de l’Assemblée des Représentants du Peuple"" et ""par l'instance"" de l'article 24",,216,MARSAD_ANC
VOT-8ab07163e7cc,NCA-2011,2014-04-15,Vote sur l'article 24 du projet,,216,MARSAD_ANC
VOT-89bbf364835e,NCA-2011,2014-04-15,Vote sur l'amendement consensuel relatif à la suppression du premier paragraphe de l'article 25,,216,MARSAD_ANC
VOT-d2d16d6c7f5c,NCA-2011,2014-04-15,"Vote sur l'amendement consensuel relatif à l'ajout de ""accompagné de la décision de l’instance"" au deuxième paragraphe de l'article 25",,216,MARSAD_ANC
VOT-09302dd22eed,NCA-2011,2014-04-15,Vote sur l'amendement consensuel relatif à la reformulation du troisième paragraphe de l'article 25,,216,MARSAD_ANC
VOT-b99a6f6875ee,NCA-2011,2014-04-15,Vote sur l'amendement relatif à la suppression du dernier paragraphe de l'article 25,,216,MARSAD_ANC
VOT-6941f6063db8,NCA-2011,2014-04-15,Vote sur l'article 25 du projet,,216,MARSAD_ANC
VOT-56ada9425df0,NCA-2011,2014-04-15,"Vote sur l'amendement relatif au remplacement du terme ""interrompt"" par ""suspend"" dans l'article 26",,216,MARSAD_ANC
VOT-cbd2c9e82839,NCA-2011,2014-04-15,Vote sur l'article 26 du projet,,216,MARSAD_ANC
VOT-cabe97857703,NCA-2011,2014-04-15,Vote sur l'article 27 du projet,,216,MARSAD_ANC
VOT-77f5371b4ad9,NCA-2011,2014-04-15,Retour au vote sur l'article 13 du projet,,216,MARSAD_ANC
VOT-aeab04805687,NCA-2011,2014-04-15,Retour au vote sur l'article 14 du projet,,216,MARSAD_ANC
VOT-a39d1d6a1e17,NCA-2011,2014-04-15,"Retour à l'article 9: Vote sur l'amendement relatif à l'ajout de ""émanant du Chef du Gouvernement"" à la fin de l'article",,216,MARSAD_ANC
VOT-5d2adc17d9e8,NCA-2011,2014-04-15,Retour au vote sur l'article 9 du projet,,216,MARSAD_ANC
VOT-80bb415a0c65,NCA-2011,2014-04-15,"Retour à l'article 15: Vote sur l'amendement relatif au remplacement de ""et peut désigner un ordonnateur secondaire"" par ""peut déléguer sa signature""",,216,MARSAD_ANC
VOT-d1ca187a5d49,NCA-2011,2014-04-15,Vote sur l'ajout d'un article 4 bis du projet,,216,MARSAD_ANC
VOT-0af80d055133,NCA-2011,2014-04-15,Vote sur l'ajout d'un article 4 ter du projet,,216,MARSAD_ANC
VOT-1c884b1af938,NCA-2011,2014-04-15,Vote sur l'ajout d'un article après l'article 9 du projet,,216,MARSAD_ANC
VOT-3fb53d4242a0,NCA-2011,2014-04-15,Vote sur l'ajout d'un article 26 bis du projet,,216,MARSAD_ANC
VOT-ccf59edee9e0,NCA-2011,2014-04-15,Vote sur l'ajout d'un article au début des dispositions transitoires du projet,,216,MARSAD_ANC
VOT-354894fc3eb9,NCA-2011,2014-04-15,Vote sur l'article 28 du projet,,216,MARSAD_ANC
VOT-a6c5c60088d5,NCA-2011,2014-04-15,Vote sur le projet dans sa totalité,,216,MARSAD_ANC
VOT-7f7a343f6afd,NCA-2011,2014-04-18,"Amendement relatif au remplacement de ""proposition"" par ""projet"" dans le titre",,216,MARSAD_ANC
VOT-d948769d9626,NCA-2011,2014-04-18,Vote relatif au titre de la proposition de loi,,216,MARSAD_ANC
VOT-0cda0e88e1d8,NCA-2011,2014-04-18,Amendement N°1 de l'article premier,,216,MARSAD_ANC
VOT-e477393d3322,NCA-2011,2014-04-18,Amendement N°2 de l'article premier,,216,MARSAD_ANC
VOT-565efb5d1364,NCA-2011,2014-04-18,Article premier de la proposition de loi,,216,MARSAD_ANC
VOT-b6f844acabc0,NCA-2011,2014-04-18,Amendement N°2 de l'article 2,,216,MARSAD_ANC
VOT-e48ebfe7e1eb,NCA-2011,2014-04-18,Amendement N°4 de l'article 2,,216,MARSAD_ANC
VOT-3e17bce14f86,NCA-2011,2014-04-18,Article 2 de la proposition de loi,,216,MARSAD_ANC
VOT-7b444006c02a,NCA-2011,2014-04-18,Amendement N°1 et N°5 de l'article 3,,216,MARSAD_ANC
VOT-fadf61404cbf,NCA-2011,2014-04-18,Amendement N°2 de l'article 3,,216,MARSAD_ANC
VOT-d081664a4063,NCA-2011,2014-04-18,Amendement N°6 de l'article 3,,216,MARSAD_ANC
VOT-aa5f746593b5,NCA-2011,2014-04-18,Article 3 de la proposition de loi,,216,MARSAD_ANC
VOT-543578d1531c,NCA-2011,2014-04-18,Amendement N°1 et N°2 de l'article 4,,216,MARSAD_ANC
VOT-91e67063304a,NCA-2011,2014-04-18,Amendement N°3 de l'article 4,,216,MARSAD_ANC
VOT-e8c7609bc15a,NCA-2011,2014-04-18,Amendement N°4 de l'article 4,,216,MARSAD_ANC
VOT-92e30d532188,NCA-2011,2014-04-18,Article 4 de la proposition de loi,,216,MARSAD_ANC
VOT-05a4004fdf6e,NCA-2011,2014-04-18,Amendement N°2 au N°5 et N°10 de l'article 5,,216,MARSAD_ANC
VOT-4c053e4d8eb9,NCA-2011,2014-04-18,Amendement N°6 de l'article 5,,216,MARSAD_ANC
VOT-7d8f21b1c719,NCA-2011,2014-04-18,Amendement N°7 de l'article 5,,216,MARSAD_ANC
VOT-690b38d6abe7,NCA-2011,2014-04-18,Amendement N°8 de l'article 5,,216,MARSAD_ANC
VOT-c6b098259d7c,NCA-2011,2014-04-18,Amendement N°9 de l'article 5,,216,MARSAD_ANC
VOT-76ca303f95f3,NCA-2011,2014-04-18,Amendement N°11 de l'article 5,,216,MARSAD_ANC
VOT-311ef8306ed9,NCA-2011,2014-04-18,Amendement N°12 de l'article 5,,216,MARSAD_ANC
VOT-492b8fe16954,NCA-2011,2014-04-18,Article 5 de la proposition de loi,,216,MARSAD_ANC
VOT-da9a76030b33,NCA-2011,2014-04-18,Amendement N°1 de l'article 6,,216,MARSAD_ANC
VOT-5f7e6aebdcc7,NCA-2011,2014-04-18,Amendement N°2 de l'article 6,,216,MARSAD_ANC
VOT-1575dbff3452,NCA-2011,2014-04-18,Amendement N°3 de l'article 6,,216,MARSAD_ANC
VOT-a0b899d6730f,NCA-2011,2014-04-18,Amendement N°4 de l'article 6,,216,MARSAD_ANC
VOT-5ba38ad2bbf7,NCA-2011,2014-04-18,Amendement N°9 - N°10 - N°11 de l'article 6,,216,MARSAD_ANC
VOT-3447766120f2,NCA-2011,2014-04-18,Amendement N°14 de l'article 6,,216,MARSAD_ANC
VOT-72becebd2dfb,NCA-2011,2014-04-18,Amendement N°16 de l'article 6,,216,MARSAD_ANC
VOT-5030df4c67ed,NCA-2011,2014-04-18,Amendement N°17 de l'article 6,,216,MARSAD_ANC
VOT-ae1dd2b7d6cc,NCA-2011,2014-04-18,Article 6 de la proposition de loi,,216,MARSAD_ANC
VOT-1bdafa0834dd,NCA-2011,2014-04-19,Amendement N°1 de l'article 7,,216,MARSAD_ANC
VOT-1dab404487ff,NCA-2011,2014-04-19,Amendement N°2 de l'article 7,,216,MARSAD_ANC
VOT-b96e9ce5d03f,NCA-2011,2014-04-19,Article 7 de la proposition de loi,,216,MARSAD_ANC
VOT-96cf93e49a4f,NCA-2011,2014-04-19,Amendement N°1 de l'article 8,,216,MARSAD_ANC
VOT-d275ef10ed05,NCA-2011,2014-04-19,Amendement N°2 de l'article 8,,216,MARSAD_ANC
VOT-10fdc7bd5226,NCA-2011,2014-04-19,Amendement N°3 de l'article 8,,216,MARSAD_ANC
VOT-04b751b7e392,NCA-2011,2014-04-19,Amendement N°4 de l'article 8,,216,MARSAD_ANC
VOT-132cfe7dcc7b,NCA-2011,2014-04-19,Amendement N°5 de l'article 8,,216,MARSAD_ANC
VOT-66abbabcdc93,NCA-2011,2014-04-19,Article 8 de la proposition de loi,,216,MARSAD_ANC
VOT-f00ee63a9453,NCA-2011,2014-04-19,Amendement consensuel de l'article 9,,216,MARSAD_ANC
VOT-0743aab08c43,NCA-2011,2014-04-19,Article 9 de la proposition de loi,,216,MARSAD_ANC
VOT-6e2c8690dd42,NCA-2011,2014-04-19,Article 10 de la proposition de loi,,216,MARSAD_ANC
VOT-85beed1694de,NCA-2011,2014-04-19,Article 11 de la proposition de loi,,216,MARSAD_ANC
VOT-03d8373e580f,NCA-2011,2014-04-19,Amendement N°1 de l'article 12,,216,MARSAD_ANC
VOT-4ba716a2cb61,NCA-2011,2014-04-19,Amendement N°2 de l'article 12,,216,MARSAD_ANC
VOT-5a9eb325c6b5,NCA-2011,2014-04-19,Article 12 de la proposition de loi,,216,MARSAD_ANC
VOT-d2fbd18883e3,NCA-2011,2014-04-19,Amendement consensuel de l'article 13,,216,MARSAD_ANC
VOT-3bbe10d8c2ee,NCA-2011,2014-04-19,Article 13 de la proposition de loi,,216,MARSAD_ANC
VOT-48756d086095,NCA-2011,2014-04-19,Amendement consensuel de l'article 14,,216,MARSAD_ANC
VOT-fd2f23262712,NCA-2011,2014-04-19,Amendement N°2 de l'article 14,,216,MARSAD_ANC
VOT-3fe1814d0b1a,NCA-2011,2014-04-19,Article 14 de la proposition de loi,,216,MARSAD_ANC
VOT-af0d69ff3012,NCA-2011,2014-04-19,Amendement N°1 de l'article 15,,216,MARSAD_ANC
VOT-2a44fe57a63c,NCA-2011,2014-04-19,Amendement N°2 de l'article 15,,216,MARSAD_ANC
VOT-f982bb294afe,NCA-2011,2014-04-19,Article 15 de la proposition de loi,,216,MARSAD_ANC
VOT-f60bee64d6df,NCA-2011,2014-04-19,Amendement unique de l'article 16,,216,MARSAD_ANC
VOT-7f7d713ba568,NCA-2011,2014-04-19,Article 16 de la proposition de loi,,216,MARSAD_ANC
VOT-ad8133db178f,NCA-2011,2014-04-19,Amendement unique de l'article 17,,216,MARSAD_ANC
VOT-6643e331122f,NCA-2011,2014-04-19,Article 17 de la proposition de loi,,216,MARSAD_ANC
VOT-b0680df5c2c5,NCA-2011,2014-04-19,Amendement N°6 et N°7 de l'article 18,,216,MARSAD_ANC
VOT-0cb5615159c5,NCA-2011,2014-04-19,Article 18 de la proposition de loi,,216,MARSAD_ANC
VOT-f5ee0682382f,NCA-2011,2014-04-21,Amendement N°15 de l'article 20,,216,MARSAD_ANC
VOT-c727a90015b3,NCA-2011,2014-04-21,Amendement N°1 de l'article 19,,216,MARSAD_ANC
VOT-69b9e682eb7e,NCA-2011,2014-04-21,Amendement N°2 de l'article 19,,216,MARSAD_ANC
VOT-94d0d644f727,NCA-2011,2014-04-21,Amendement N°3 de l'article 19,,216,MARSAD_ANC
VOT-d44513e278c4,NCA-2011,2014-04-21,Amendement N°4 de l'article 19,,216,MARSAD_ANC
VOT-f536ad1f6866,NCA-2011,2014-04-21,Amendement N°5 de l'article 19,,216,MARSAD_ANC
VOT-522612450988,NCA-2011,2014-04-21,Amendement N°6 de l'article 19,,216,MARSAD_ANC
VOT-16af1c4db767,NCA-2011,2014-04-21,Amendement N°7 de l'article 19,,216,MARSAD_ANC
VOT-5414e2e47287,NCA-2011,2014-04-21,Article 19 de la proposition de loi,,216,MARSAD_ANC
VOT-b36866dfab4a,NCA-2011,2014-04-21,Amendement N°1 de l'article 20,,216,MARSAD_ANC
VOT-07862f1f19f0,NCA-2011,2014-04-21,Amendement du N°2 au N°8 de l'article 20,,216,MARSAD_ANC
VOT-8f6d0eb65527,NCA-2011,2014-04-21,Amendement N°11 de l'article 20,,216,MARSAD_ANC
VOT-1c4a846e4c9e,NCA-2011,2014-04-21,Amendement N°13 de l'article 20,,216,MARSAD_ANC
VOT-c6cb66f24db4,NCA-2011,2014-04-21,Amendement consensuel de l'article 20,,216,MARSAD_ANC
VOT-40535f57501f,NCA-2011,2014-04-21,Article 20 de la proposition de loi,,216,MARSAD_ANC
VOT-75ae266bbced,NCA-2011,2014-04-21,Article 21 de la proposition de loi,,216,MARSAD_ANC
VOT-42568c6a3229,NCA-2011,2014-04-21,Amendement N°2 de l'article 22,,216,MARSAD_ANC
VOT-eed633d154d8,NCA-2011,2014-04-21,Amendement N°5 de l'article 22,,216,MARSAD_ANC
VOT-b0cf56e52e36,NCA-2011,2014-04-21,Article 22 de la proposition de loi,,216,MARSAD_ANC
VOT-113d66097aae,NCA-2011,2014-04-21,Amendement N°1 de l'article 24,,216,MARSAD_ANC
VOT-12936ffc1347,NCA-2011,2014-04-21,Amendement N°2 de l'article 24,,216,MARSAD_ANC
VOT-010a9f1e8fcd,NCA-2011,2014-04-21,Amendement N°3 de l'article 24,,216,MARSAD_ANC
VOT-59156ca85071,NCA-2011,2014-04-21,Article 24 de la proposition de loi,,216,MARSAD_ANC
VOT-b575354eb289,NCA-2011,2014-04-21,Amendement N°1 de l'article 25,,216,MARSAD_ANC
VOT-3c6810776149,NCA-2011,2014-04-21,Amendement N°3 de l'article 25,,216,MARSAD_ANC
VOT-86d522d155b2,NCA-2011,2014-04-21,Article 25 de la proposition de loi,,216,MARSAD_ANC
VOT-fba0100715ad,NCA-2011,2014-04-21,Amendement N°1 de l'article 26,,216,MARSAD_ANC
VOT-c0f1991251e9,NCA-2011,2014-04-21,Article 26 de la proposition de loi,,216,MARSAD_ANC
VOT-d9095031b57c,NCA-2011,2014-04-21,Amendement N°1 de l'article 27,,216,MARSAD_ANC
VOT-2ad68831f7a7,NCA-2011,2014-04-21,Article 27 de la proposition de loi,,216,MARSAD_ANC
VOT-0fde48fc4ccf,NCA-2011,2014-04-21,Article 28 de la proposition de loi,,216,MARSAD_ANC
VOT-83fd4c402fe3,NCA-2011,2014-04-21,Article 29 de la proposition de loi,,216,MARSAD_ANC
VOT-055bd7c9fb38,NCA-2011,2014-04-21,Amendement N°1 et N°4 de l'article 30,,216,MARSAD_ANC
VOT-5531b54244a8,NCA-2011,2014-04-21,Amendement N°2 de l'article 30,,216,MARSAD_ANC
VOT-cffc9528144f,NCA-2011,2014-04-21,Article 30 de la proposition de loi,,216,MARSAD_ANC
VOT-d6c0e2f66057,NCA-2011,2014-04-21,Article 31 de la proposition de loi,,216,MARSAD_ANC
VOT-b22f0d6d64a5,NCA-2011,2014-04-21,Amendement N°1 de l'article 32,,216,MARSAD_ANC
VOT-4402126931b9,NCA-2011,2014-04-21,Amendement N°2 de l'article 32,,216,MARSAD_ANC
VOT-59cf6488cf7c,NCA-2011,2014-04-21,Amendement N°10 de l'article 32,,216,MARSAD_ANC
VOT-260fe5d2b0a3,NCA-2011,2014-04-21,Article 32 de la proposition de loi,,216,MARSAD_ANC
VOT-3da368983e5a,NCA-2011,2014-04-22,Article 33 de la proposition de loi,,216,MARSAD_ANC
VOT-862e4d7e51ca,NCA-2011,2014-04-22,Amendement N°1 de l'article 34,,216,MARSAD_ANC
VOT-b3e2dc113eb1,NCA-2011,2014-04-22,Article 34 de la proposition de loi,,216,MARSAD_ANC
VOT-e1ace644190b,NCA-2011,2014-04-22,Article 35 de la proposition de loi,,216,MARSAD_ANC
VOT-8a00aabd46c1,NCA-2011,2014-04-22,Article 36 de la proposition de loi,,216,MARSAD_ANC
VOT-a5faae2f2c37,NCA-2011,2014-04-22,Amendement N°1 de l'article 37,,216,MARSAD_ANC
VOT-5cd4c86f7305,NCA-2011,2014-04-22,Article 37 de la proposition de loi,,216,MARSAD_ANC
VOT-a2e73741f021,NCA-2011,2014-04-22,Article 38 de la proposition de loi,,216,MARSAD_ANC
VOT-510fbea32205,NCA-2011,2014-04-22,Amendement N°1-2-3-4-5-6 de l'article 39,,216,MARSAD_ANC
VOT-e831e3ab060d,NCA-2011,2014-04-22,Article 39 de la proposition de loi,,216,MARSAD_ANC
VOT-1528a951b82d,NCA-2011,2014-04-22,Article 40 de la proposition de loi,,216,MARSAD_ANC
VOT-2c895efa708d,NCA-2011,2014-04-22,Article 41 de la proposition de loi,,216,MARSAD_ANC
VOT-ac00be4ad738,NCA-2011,2014-04-22,Article 42 de la proposition de loi,,216,MARSAD_ANC
VOT-70d07d9c8703,NCA-2011,2014-04-22,Article 43 de la proposition de loi,,216,MARSAD_ANC
VOT-d766494176f9,NCA-2011,2014-04-22,Article 44 de la proposition de loi,,216,MARSAD_ANC
VOT-97ceaa624986,NCA-2011,2014-04-22,Article 45 de la proposition de loi,,216,MARSAD_ANC
VOT-2ce264b0efca,NCA-2011,2014-04-22,Amendement N°1 de l'article 46,,216,MARSAD_ANC
VOT-fb4d69e4db5e,NCA-2011,2014-04-22,Amendement N°2 de l'article 46,,216,MARSAD_ANC
VOT-38dba831d942,NCA-2011,2014-04-22,Article 46 de la proposition de loi,,216,MARSAD_ANC
VOT-3a9b73a6096e,NCA-2011,2014-04-22,Amendement N°1 de l'article 47,,216,MARSAD_ANC
VOT-f7d67751664d,NCA-2011,2014-04-22,Amendement N°2 de l'article 47,,216,MARSAD_ANC
VOT-2fe244686d98,NCA-2011,2014-04-22,Article 47 de la proposition de loi,,216,MARSAD_ANC
VOT-1eb9f96c6043,NCA-2011,2014-04-22,Article 48 de la proposition de loi,,216,MARSAD_ANC
VOT-27ed219625be,NCA-2011,2014-04-22,Article 49 de la proposition de loi,,216,MARSAD_ANC
VOT-6b878d207739,NCA-2011,2014-04-22,Article 50 de la proposition de loi,,216,MARSAD_ANC
VOT-c1de4ac37b51,NCA-2011,2014-04-22,Amendement N°2 de l'article 51,,216,MARSAD_ANC
VOT-6c6e85945f48,NCA-2011,2014-04-22,Article 51 de la proposition de loi,,216,MARSAD_ANC
VOT-1ad085035d80,NCA-2011,2014-04-22,Article 52 de la proposition de loi,,216,MARSAD_ANC
VOT-ecc109bd2751,NCA-2011,2014-04-22,Article 53 de la proposition de loi,,216,MARSAD_ANC
VOT-04169f98bbea,NCA-2011,2014-04-22,Amendement N°1 - 2 - 3 de l'article 54,,216,MARSAD_ANC
VOT-bd273a394722,NCA-2011,2014-04-22,Amendement N°4 de l'article 54,,216,MARSAD_ANC
VOT-e4c5393d96b4,NCA-2011,2014-04-22,Amendement N°4 de l'article 54,,216,MARSAD_ANC
VOT-6e2e7f94ab3b,NCA-2011,2014-04-22,Article 54 de la proposition de loi,,216,MARSAD_ANC
VOT-a5307de482bc,NCA-2011,2014-04-22,Amendement N°1 de l'article 55,,216,MARSAD_ANC
VOT-e156e6ce0e11,NCA-2011,2014-04-22,Amendement N°2 de l'article 55,,216,MARSAD_ANC
VOT-989bf5dcd419,NCA-2011,2014-04-22,Article 55 de la proposition de loi,,216,MARSAD_ANC
VOT-24b3728c62e0,NCA-2011,2014-04-22,Article 56 de la proposition de loi,,216,MARSAD_ANC
VOT-cadca5fbec09,NCA-2011,2014-04-22,Article 57 de la proposition de loi,,216,MARSAD_ANC
VOT-e8090fbc6134,NCA-2011,2014-04-22,Amendement N°2 de l'article 58,,216,MARSAD_ANC
VOT-0e6b5906c866,NCA-2011,2014-04-22,Article 58 de la proposition de loi,,216,MARSAD_ANC
VOT-b179abeeac93,NCA-2011,2014-04-22,Amendement N°2 de l'article 59,,216,MARSAD_ANC
VOT-38bd54537bcf,NCA-2011,2014-04-22,Article 59 de la proposition de loi,,216,MARSAD_ANC
VOT-61baee106e49,NCA-2011,2014-04-22,Article 60 de la proposition de loi,,216,MARSAD_ANC
VOT-98507816b1b9,NCA-2011,2014-04-23,Article 62 de la proposition de loi,,216,MARSAD_ANC
VOT-0378d6543e1a,NCA-2011,2014-04-23,Amendement N°4 - 5 - 6 de l'article 63,,216,MARSAD_ANC
VOT-81974e617781,NCA-2011,2014-04-23,Article 63 de la proposition de loi,,216,MARSAD_ANC
VOT-b07a59851fc7,NCA-2011,2014-04-23,Article 64 de la proposition de loi,,216,MARSAD_ANC
VOT-a23cc2da09f4,NCA-2011,2014-04-23,Article 65 de la proposition de loi,,216,MARSAD_ANC
VOT-c3266577d8e3,NCA-2011,2014-04-23,Article 66 de la proposition de loi,,216,MARSAD_ANC
VOT-0687fc3b29eb,NCA-2011,2014-04-23,Amendement N°1 de l'article 67,,216,MARSAD_ANC
VOT-5ae2a8a6b599,NCA-2011,2014-04-23,Amendement N°1 de l'article 67,,216,MARSAD_ANC
VOT-724e02feffae,NCA-2011,2014-04-23,Article 67 de la proposition de loi,,216,MARSAD_ANC
VOT-2d8fcfe49548,NCA-2011,2014-04-23,Article 68 de la proposition de loi,,216,MARSAD_ANC
VOT-9a6263e9e028,NCA-2011,2014-04-23,Amendement unique de l'article 69,,216,MARSAD_ANC
VOT-81db39d65aec,NCA-2011,2014-04-23,Article 69 de la proposition de loi,,216,MARSAD_ANC
VOT-53348ddd731b,NCA-2011,2014-04-23,Article 72 de la proposition de loi,,216,MARSAD_ANC
VOT-4d93b3e8e030,NCA-2011,2014-04-23,Article 73 de la proposition de loi,,216,MARSAD_ANC
VOT-d01ccf112461,NCA-2011,2014-04-23,Amendement N°4 de l'article 75,,216,MARSAD_ANC
VOT-0a418a323af6,NCA-2011,2014-04-23,Article 75 de la proposition de loi,,216,MARSAD_ANC
VOT-39f4efc57c03,NCA-2011,2014-04-23,Article 76 de la proposition de loi,,216,MARSAD_ANC
VOT-8475e30a7fe0,NCA-2011,2014-04-23,Article 77 de la proposition de loi,,216,MARSAD_ANC
VOT-85cd5db1aeb2,NCA-2011,2014-04-23,Article 78 de la proposition de loi,,216,MARSAD_ANC
VOT-e046aed52234,NCA-2011,2014-04-23,Article 79 de la proposition de loi,,216,MARSAD_ANC
VOT-55ce6fdd14ea,NCA-2011,2014-04-23,Article 80 de la proposition de loi,,216,MARSAD_ANC
VOT-ac4aae363db4,NCA-2011,2014-04-23,Article 81 de la proposition de loi,,216,MARSAD_ANC
VOT-619d6bf25adc,NCA-2011,2014-04-23,Amendement N°1 de l'article 82,,216,MARSAD_ANC
VOT-39606b00f539,NCA-2011,2014-04-23,Article 82 de la proposition de loi,,216,MARSAD_ANC
VOT-3fdc0c6a55e1,NCA-2011,2014-04-23,Article 83 de la proposition de loi,,216,MARSAD_ANC
VOT-40ec25498aee,NCA-2011,2014-04-23,Article 84 de la proposition de loi,,216,MARSAD_ANC
VOT-18b4e5eef0ac,NCA-2011,2014-04-23,Article 85 de la proposition de loi,,216,MARSAD_ANC
VOT-9d349f2aa461,NCA-2011,2014-04-23,Article 86 de la proposition de loi,,216,MARSAD_ANC
VOT-18e350369ada,NCA-2011,2014-04-23,Article 87 de la proposition de loi,,216,MARSAD_ANC
VOT-a144e4ea1cbe,NCA-2011,2014-04-23,Article 88 de la proposition de loi,,216,MARSAD_ANC
VOT-173393badc9f,NCA-2011,2014-04-23,Article 89 de la proposition de loi,,216,MARSAD_ANC
VOT-aacbe4f1af6e,NCA-2011,2014-04-23,Article 90 de la proposition de loi,,216,MARSAD_ANC
VOT-633bfdbe97e1,NCA-2011,2014-04-23,Article 91 de la proposition de loi,,216,MARSAD_ANC
VOT-d292f1bcc987,NCA-2011,2014-04-23,Article 92 de la proposition de loi,,216,MARSAD_ANC
VOT-5ddd2597015a,NCA-2011,2014-04-24,Article 123 de la proposition de loi,,216,MARSAD_ANC
VOT-52cbcc5aa410,NCA-2011,2014-04-24,Amendement N°3 de l'article 99,,216,MARSAD_ANC
VOT-632ef71e8d4f,NCA-2011,2014-04-24,Article 99 de la proposition de loi,,216,MARSAD_ANC
VOT-1aa2c23e874f,NCA-2011,2014-04-24,Amendement N°2 de l'article 100,,216,MARSAD_ANC
VOT-e9800769faeb,NCA-2011,2014-04-24,Article 100 de la proposition de loi,,216,MARSAD_ANC
VOT-28e707dc96c6,NCA-2011,2014-04-24,Article 101 de la proposition de loi,,216,MARSAD_ANC
VOT-953f5732f4a8,NCA-2011,2014-04-24,Amendement N°1 de l'article 102,,216,MARSAD_ANC
VOT-b2b415c483c5,NCA-2011,2014-04-24,Article 102 de la proposition de loi,,216,MARSAD_ANC
VOT-3ee4a5af9fd1,NCA-2011,2014-04-24,Amendement N°3 de l'article 103,,216,MARSAD_ANC
VOT-d09e5d8b8588,NCA-2011,2014-04-24,Article 103 de la proposition de loi,,216,MARSAD_ANC
VOT-a82ce5bfe09d,NCA-2011,2014-04-24,Article 105 de la proposition de loi,,216,MARSAD_ANC
VOT-f9662d4af8a3,NCA-2011,2014-04-24,Article 106 de la proposition de loi,,216,MARSAD_ANC
VOT-7ab9823a93c5,NCA-2011,2014-04-24,Article 108 de la proposition de loi,,216,MARSAD_ANC
VOT-dc3980108437,NCA-2011,2014-04-24,Article 109 de la proposition de loi,,216,MARSAD_ANC
VOT-7496468cacef,NCA-2011,2014-04-24,Article 110 de la proposition de loi,,216,MARSAD_ANC
VOT-cbfa5ebe7072,NCA-2011,2014-04-24,Article 111 de la proposition de loi,,216,MARSAD_ANC
VOT-ce786077a8d4,NCA-2011,2014-04-24,Article 112 de la proposition de loi,,216,MARSAD_ANC
VOT-faf1fb85fa32,NCA-2011,2014-04-24,Article 113 de la proposition de loi,,216,MARSAD_ANC
VOT-863c2b151f27,NCA-2011,2014-04-24,Article 114 de la proposition de loi,,216,MARSAD_ANC
VOT-fc12bbd3b4df,NCA-2011,2014-04-24,Amendement N°1 de l'article 115,,216,MARSAD_ANC
VOT-87f6f081df50,NCA-2011,2014-04-24,Amendement N°2 - 3 de l'article 115,,216,MARSAD_ANC
VOT-a568dc6b7ac9,NCA-2011,2014-04-24,Article 115 de la proposition de loi,,216,MARSAD_ANC
VOT-1e5965cac486,NCA-2011,2014-04-24,Article 116 de la proposition de loi,,216,MARSAD_ANC
VOT-14545878b6de,NCA-2011,2014-04-24,Article 117 de la proposition de loi,,216,MARSAD_ANC
VOT-fad8c4f17fa5,NCA-2011,2014-04-24,Article 118 de la proposition de loi,,216,MARSAD_ANC
VOT-f00776e349c2,NCA-2011,2014-04-24,Article 119 de la proposition de loi,,216,MARSAD_ANC
VOT-de414c59e5f7,NCA-2011,2014-04-24,Article 120 de la proposition de loi,,216,MARSAD_ANC
VOT-478ca6ea46f9,NCA-2011,2014-04-24,Article 121 de la proposition de loi,,216,MARSAD_ANC
VOT-909c3247fdbe,NCA-2011,2014-04-24,Article 122 de la proposition de loi,,216,MARSAD_ANC
VOT-0143c96c136a,NCA-2011,2014-04-24,Amendement N°2 de l'article 123,,216,MARSAD_ANC
VOT-71abf4543755,NCA-2011,2014-04-24,Amendement consensuel de l'article 123,,216,MARSAD_ANC
VOT-c0957b79d8d6,NCA-2011,2014-04-24,Article 124 de la proposition de loi,,216,MARSAD_ANC
VOT-016768d1f4b7,NCA-2011,2014-04-24,Article 125 de la proposition de loi,,216,MARSAD_ANC
VOT-41a4077148e6,NCA-2011,2014-04-24,Article 126 de la proposition de loi,,216,MARSAD_ANC
VOT-4a9d3b8b9ac8,NCA-2011,2014-04-25,Article 127 de la proposition de loi,,216,MARSAD_ANC
VOT-fa9b76e0eb3a,NCA-2011,2014-04-25,Article 129 de la proposition de loi,,216,MARSAD_ANC
VOT-095a441d5722,NCA-2011,2014-04-25,Article 130 de la proposition de loi,,216,MARSAD_ANC
VOT-0d253e193d34,NCA-2011,2014-04-25,Article 131 de la proposition de loi,,216,MARSAD_ANC
VOT-c51105e1627e,NCA-2011,2014-04-25,Article 132 de la proposition de loi,,216,MARSAD_ANC
VOT-5203c06d08ec,NCA-2011,2014-04-25,Article 133 de la proposition de loi,,216,MARSAD_ANC
VOT-693f0e2e67e8,NCA-2011,2014-04-25,Amendement N°1 de l'article 134,,216,MARSAD_ANC
VOT-ce5dc6575628,NCA-2011,2014-04-25,Amendement N°2 de l'article 134,,216,MARSAD_ANC
VOT-dcb2fa7f0798,NCA-2011,2014-04-25,Article 134 de la proposition de loi,,216,MARSAD_ANC
VOT-7a4f3525a4c2,NCA-2011,2014-04-25,Article 135 de la proposition de loi,,216,MARSAD_ANC
VOT-a9ac197c86bb,NCA-2011,2014-04-25,Article 136 de la proposition de loi,,216,MARSAD_ANC
VOT-4a042f8c3413,NCA-2011,2014-04-25,Amendement N°2 de l'article 137,,216,MARSAD_ANC
VOT-e2dea681e234,NCA-2011,2014-04-25,Article 137 de la proposition de loi,,216,MARSAD_ANC
VOT-e5407d2b527d,NCA-2011,2014-04-25,Amendement N°1 de l'article 138,,216,MARSAD_ANC
VOT-a8a745f30980,NCA-2011,2014-04-25,Article 138 de la proposition de loi,,216,MARSAD_ANC
VOT-90caeed9dfcb,NCA-2011,2014-04-25,Article 139 de la proposition de loi,,216,MARSAD_ANC
VOT-d2308b73655d,NCA-2011,2014-04-25,Amendement N°3 de l'article 141,,216,MARSAD_ANC
VOT-dc567529cdfa,NCA-2011,2014-04-25,Article 141 de la proposition de loi,,216,MARSAD_ANC
VOT-411f509e66ef,NCA-2011,2014-04-25,Amendement N°1 de l'article 142,,216,MARSAD_ANC
VOT-5d4f6cc6b7a2,NCA-2011,2014-04-25,Amendement N°2 de l'article 142,,216,MARSAD_ANC
VOT-04120ab7482a,NCA-2011,2014-04-25,Article 142 de la proposition de loi,,216,MARSAD_ANC
VOT-ee463fc2c5a8,NCA-2011,2014-04-25,Amendement N°2 de l'article 143,,216,MARSAD_ANC
VOT-c95ef6b880ef,NCA-2011,2014-04-25,Article 143 de la proposition de loi,,216,MARSAD_ANC
VOT-7e96ad0fe130,NCA-2011,2014-04-25,Article 144 de la proposition de loi,,216,MARSAD_ANC
VOT-0899d448697b,NCA-2011,2014-04-25,Article 145 de la proposition de loi,,216,MARSAD_ANC
VOT-6a3700711418,NCA-2011,2014-04-25,Article 146 de la proposition de loi,,216,MARSAD_ANC
VOT-2e661307ace5,NCA-2011,2014-04-25,Article 150 de la proposition de loi,,216,MARSAD_ANC
VOT-f7c680783f79,NCA-2011,2014-04-25,Article 151 de la proposition de loi,,216,MARSAD_ANC
VOT-4ba96ef6219b,NCA-2011,2014-04-25,Amendement N°1 de l'article 152,,216,MARSAD_ANC
VOT-196f64fcf9e3,NCA-2011,2014-04-25,Article 152 de la proposition de loi,,216,MARSAD_ANC
VOT-7a404cd46c45,NCA-2011,2014-04-25,Article 153 de la proposition de loi,,216,MARSAD_ANC
VOT-7b87bde13429,NCA-2011,2014-04-25,Article 156 de la proposition de loi,,216,MARSAD_ANC
VOT-5cdaeefdf70e,NCA-2011,2014-04-25,Article 157 de la proposition de loi,,216,MARSAD_ANC
VOT-ded625e56f7c,NCA-2011,2014-04-25,Article 160 de la proposition de loi,,216,MARSAD_ANC
VOT-e06989be80d8,NCA-2011,2014-04-25,Article 161 de la proposition de loi,,216,MARSAD_ANC
VOT-7564b1a951ad,NCA-2011,2014-04-28,Ajout d'un article 167 nouveau de la proposition de loi,,216,MARSAD_ANC
VOT-f4eaed44019a,NCA-2011,2014-04-28,Retour à l'article 69 de la proposition de loi,,216,MARSAD_ANC
VOT-003513a934f2,NCA-2011,2014-04-28,Amendement N°5 de l'article 70,,216,MARSAD_ANC
VOT-600b5c476788,NCA-2011,2014-04-28,Article 70 de la proposition de loi,,216,MARSAD_ANC
VOT-cd0adaebeb0d,NCA-2011,2014-04-28,Ajout d'un article après l'article 70 de la proposition de loi,,216,MARSAD_ANC
VOT-e14a4c3e632a,NCA-2011,2014-04-28,Amendement N°3 de l'article 93,,216,MARSAD_ANC
VOT-af92a693dcb1,NCA-2011,2014-04-28,Fusion des articles 93 et 95 de la proposition de loi,,216,MARSAD_ANC
VOT-befdc15259b5,NCA-2011,2014-04-28,Suppression de l'article 95 de la proposition de loi,,216,MARSAD_ANC
VOT-9ec76cfae4e8,NCA-2011,2014-04-28,Article 96 de la proposition de loi,,216,MARSAD_ANC
VOT-4cb5ccc569fc,NCA-2011,2014-04-28,Retour à l'article 123 de la proposition de loi,,216,MARSAD_ANC
VOT-dde98a739e77,NCA-2011,2014-04-28,Suppression de l'article 128 de la proposition de loi,,216,MARSAD_ANC
VOT-10117c9768b6,NCA-2011,2014-04-28,Article 147 de la proposition de loi,,216,MARSAD_ANC
VOT-cfccbc4b1f36,NCA-2011,2014-04-28,Amendement N°2 de l'article 148,,216,MARSAD_ANC
VOT-377146270e52,NCA-2011,2014-04-28,Article 148 de la proposition de loi,,216,MARSAD_ANC
VOT-9960d552d202,NCA-2011,2014-04-28,Article 164 de la proposition de loi,,216,MARSAD_ANC
VOT-33c9499995c0,NCA-2011,2014-04-28,Article 165 de la proposition de loi,,216,MARSAD_ANC
VOT-c299915e0eb2,NCA-2011,2014-04-28,Article 166 de la proposition de loi,,216,MARSAD_ANC
VOT-06ad5ddb6c99,NCA-2011,2014-04-28,Article 168 de la proposition de loi,,216,MARSAD_ANC
VOT-2bb510198b54,NCA-2011,2014-04-28,Amendement N°1-2-3 de l'article 169,,216,MARSAD_ANC
VOT-ec0a7ae21abb,NCA-2011,2014-04-28,Amendement N°4 de l'article 169,,216,MARSAD_ANC
VOT-976d0fe6e5cf,NCA-2011,2014-04-28,Article 169 de la proposition de loi,,216,MARSAD_ANC
VOT-7f23bc92c970,NCA-2011,2014-04-28,Article 170 de la proposition de loi,,216,MARSAD_ANC
VOT-5324f9b165b9,NCA-2011,2014-04-28,Ajout d'un article après l'article 36 de la proposition de loi,,216,MARSAD_ANC
VOT-33c8b6b54790,NCA-2011,2014-04-28,Ajout d'un article après l'article 3: L'instance et le droit de vote,,216,MARSAD_ANC
VOT-32928ce0cbbf,NCA-2011,2014-04-28,Ajout d'un article: exemption des dispositions relatives aux marchés publics,,216,MARSAD_ANC
VOT-7f2b228e6d5a,NCA-2011,2014-04-28,Ajout d'un article: Fin de l'application du code électoral,,216,MARSAD_ANC
VOT-340abcbd33b9,NCA-2011,2014-04-28,Ajout d'un article après l'article 3: Les observateurs,,216,MARSAD_ANC
VOT-8ce241d9ec7d,NCA-2011,2014-04-28,Article nouveau au titre du financement de la campagne de la proposition de loi,,216,MARSAD_ANC
VOT-54cedbcd550e,NCA-2011,2014-04-28,Article nouveau au titre des infractions électorales de la proposition de loi,,216,MARSAD_ANC
VOT-7d83f723f41c,NCA-2011,2014-04-28,Article nouveau au titre des infractions électorales de la proposition de loi,,216,MARSAD_ANC
VOT-cbd9b431d6af,NCA-2011,2014-04-28,Article nouveau au titre des infractions électorales de la proposition de loi,,216,MARSAD_ANC
VOT-ca133879107f,NCA-2011,2014-04-28,Ajout d'un article: 4 sièges aux personnes handicapées,,216,MARSAD_ANC
VOT-f670fe65b920,NCA-2011,2014-04-29,Ajout d'un article: Délai des élections municipales et régionales,,217,MARSAD_ANC
VOT-843773b50ae4,NCA-2011,2014-04-29,Retour à l'article 3 de la proposition de loi,,217,MARSAD_ANC
VOT-5c5a5a369cac,NCA-2011,2014-04-29,Retour à l'article 78 de la proposition de loi,,217,MARSAD_ANC
VOT-8ab08bfa2436,NCA-2011,2014-04-29,Retour à l'article 80 de la proposition de loi,,217,MARSAD_ANC
VOT-348ee7bf70aa,NCA-2011,2014-04-29,Retour à l'article 86 de la proposition de loi,,217,MARSAD_ANC
VOT-7a2ba4fca5ea,NCA-2011,2014-04-29,Retour à l'article 88 de la proposition de loi,,217,MARSAD_ANC
VOT-8dd94dec6576,NCA-2011,2014-04-29,Retour à l'amendement de l'article 15,,217,MARSAD_ANC
VOT-39366932d121,NCA-2011,2014-04-29,Retour à l'article 15 de la proposition de loi,,217,MARSAD_ANC
VOT-896a69282636,NCA-2011,2014-04-29,Retour à l'amendement de l'article 27,,217,MARSAD_ANC
VOT-f0c4386f5a5a,NCA-2011,2014-04-29,Retour à l'article 27 de la proposition de loi,,217,MARSAD_ANC
VOT-3de2d23c818d,NCA-2011,2014-04-29,Retour à l'article 18 de la proposition de loi,,217,MARSAD_ANC
VOT-21e527e5efb8,NCA-2011,2014-04-29,Retour à l'article 30 de la proposition de loi,,217,MARSAD_ANC
VOT-d67e0b32b704,NCA-2011,2014-04-29,Retour à l'article 24 de la proposition de loi,,217,MARSAD_ANC
VOT-5d0a611487f8,NCA-2011,2014-04-29,Retour à l'article 46 de la proposition de loi,,217,MARSAD_ANC
VOT-30205590348f,NCA-2011,2014-04-29,Retour à l'article 53 de la proposition de loi,,217,MARSAD_ANC
VOT-58ff399dfec9,NCA-2011,2014-04-29,Retour à l'article 54 de la proposition de loi,,217,MARSAD_ANC
VOT-74f7f3037c84,NCA-2011,2014-04-29,Retour à l'article 77 de la proposition de loi,,217,MARSAD_ANC
VOT-16f7e06fe1b2,NCA-2011,2014-04-29,Retour à l'article 127 de la proposition de loi,,217,MARSAD_ANC
VOT-c885e59f4ebd,NCA-2011,2014-04-29,Retour à l'article 135 de la proposition de loi,,217,MARSAD_ANC
VOT-5ecc043730ab,NCA-2011,2014-04-29,Article 140 de la proposition de loi,,217,MARSAD_ANC
VOT-d46891ccedbd,NCA-2011,2014-04-29,Article 149 de la proposition de loi,,217,MARSAD_ANC
VOT-5416dcd8c276,NCA-2011,2014-04-29,Article 155 de la proposition de loi,,217,MARSAD_ANC
VOT-91c526d28930,NCA-2011,2014-04-29,Article 158 de la proposition de loi,,217,MARSAD_ANC
VOT-c352150ec74a,NCA-2011,2014-04-29,Amendement N°1 de l'article 159,,217,MARSAD_ANC
VOT-824063e09a74,NCA-2011,2014-04-29,Amendement N°2 de l'article 159,,217,MARSAD_ANC
VOT-9480086f4530,NCA-2011,2014-04-29,Amendement N°5 de l'article 159,,217,MARSAD_ANC
VOT-99a8a69d76b5,NCA-2011,2014-04-29,Article 159 de la proposition de loi,,217,MARSAD_ANC
VOT-e102397295d3,NCA-2011,2014-04-29,Article 159 bis de la proposition de loi,,217,MARSAD_ANC
VOT-3df6eb704810,NCA-2011,2014-04-29,Article 162 de la proposition de loi,,217,MARSAD_ANC
VOT-e0c8eaf795f1,NCA-2011,2014-04-29,Amendement N°2 de l'article 163,,217,MARSAD_ANC
VOT-c68d100d5ca0,NCA-2011,2014-04-29,Amendement N°3 de l'article 163,,217,MARSAD_ANC
VOT-e2f1810edf9e,NCA-2011,2014-04-29,Article 163 de la proposition de loi,,217,MARSAD_ANC
VOT-e316cf951e5c,NCA-2011,2014-04-29,Retour à un article nouveau au titre des dispositions finales et transitoires de la proposition de loi,,217,MARSAD_ANC
VOT-47da16879e34,NCA-2011,2014-04-30,Article 167 de la proposition de loi,,217,MARSAD_ANC
VOT-03b9cb4042a3,NCA-2011,2014-04-30,Article 71 de la proposition de loi,,217,MARSAD_ANC
VOT-be1a291978c2,NCA-2011,2014-04-30,Amendement N°3 de l'article 74,,217,MARSAD_ANC
VOT-54e287ded8cb,NCA-2011,2014-04-30,Amendement N°5 de l'article 74,,217,MARSAD_ANC
VOT-0ce7609dcf69,NCA-2011,2014-04-30,Amendement N°9 de l'article 74,,217,MARSAD_ANC
VOT-abe9203666d8,NCA-2011,2014-04-30,Article 74 de la proposition de loi,,217,MARSAD_ANC
VOT-39f758abb6bb,NCA-2011,2014-04-30,Ajout d'un article après l'article 74 de la proposition de loi,,217,MARSAD_ANC
VOT-0f37f20dc804,NCA-2011,2014-04-30,Retour à l'article 75 de la proposition de loi,,217,MARSAD_ANC
VOT-69d5046c424e,NCA-2011,2014-04-30,Amendement N°2 de l'article 94,,217,MARSAD_ANC
VOT-b27dc0d9c8c4,NCA-2011,2014-04-30,Article 94 de la proposition de loi,,217,MARSAD_ANC
VOT-51ce9c6caa1b,NCA-2011,2014-04-30,Suppression de l'article 97 de la proposition de loi,,217,MARSAD_ANC
VOT-a108cf5190b1,NCA-2011,2014-04-30,Article 104 de la proposition de loi,,217,MARSAD_ANC
VOT-adbb6f5e3ba8,NCA-2011,2014-04-30,Article 107 de la proposition de loi,,217,MARSAD_ANC
VOT-a2ef2b9f245f,NCA-2011,2014-04-30,Amendement N°1 de l'article 154,,217,MARSAD_ANC
VOT-1b0078c4086e,NCA-2011,2014-04-30,Amendement N°2 de l'article 154,,217,MARSAD_ANC
VOT-1f4cc3ac985e,NCA-2011,2014-04-30,Article 154 de la proposition de loi,,217,MARSAD_ANC
VOT-ad9fe3fd93d5,NCA-2011,2014-04-30,Amendement N°1-2-3-4 de l'article 167,,217,MARSAD_ANC
VOT-1892ea6b603f,NCA-2011,2014-04-30,Amendement N°6 de l'article 167,,217,MARSAD_ANC
VOT-cc2267e2032e,NCA-2011,2014-04-30,Amendement N°7 de l'article 167,,217,MARSAD_ANC
VOT-3c3c2ca4241e,NCA-2011,2014-04-30,Amendement N°8 de l'article 167,,217,MARSAD_ANC
VOT-8ec13372202a,NCA-2011,2014-04-30,Amendement N°9 de l'article 167,,217,MARSAD_ANC
VOT-e4b475ea25e6,NCA-2011,2014-04-30,Ajout d'un article: Restitution du financement public - Candidats du 23 Octobre 2011,,217,MARSAD_ANC
VOT-33bd7afcb5c7,NCA-2011,2014-04-30,Retour à l'article 20 de la proposition de loi,,217,MARSAD_ANC
VOT-7f0e62db3d51,NCA-2011,2014-04-30,Retour à l'article 32 de la proposition de loi,,217,MARSAD_ANC
VOT-0a16842479f2,NCA-2011,2014-05-01,Article 23 de la proposition de loi,,217,MARSAD_ANC
VOT-d2ab0aae5ed7,NCA-2011,2014-05-01,Amendement N°8 de l'article 23 bis: Parité horizontale absolue,,217,MARSAD_ANC
VOT-a895c3147340,NCA-2011,2014-05-01,Retour à l'article 167 de la proposition de loi,,217,MARSAD_ANC
VOT-0163f2812043,NCA-2011,2014-05-01,Amendement de l'article 23 bis: 30% de femmes têtes de listes + sanction financière,,217,MARSAD_ANC
VOT-c20cf61ddc25,NCA-2011,2014-05-01,Proposition de la loi dans sa totalité,,217,MARSAD_ANC
VOT-95a6771dfcd9,NCA-2011,2014-05-01,Ajout d'un nouveau titre relatif à l'immunisation politique de la révolution,,217,MARSAD_ANC
VOT-9e478e24d33d,NCA-2011,2014-05-01,Retour à l'article 3 de la proposition de loi,,217,MARSAD_ANC
VOT-f2796742ca96,NCA-2011,2014-05-01,Retour à l'article 32 de la proposition de loi,,217,MARSAD_ANC
VOT-1e23fd03733a,NCA-2011,2014-05-01,Retour à l'ajout d'un article après l'article 74 de la proposition de loi,,217,MARSAD_ANC
VOT-66fbb5f06e8e,NCA-2011,2014-05-01,Retour à l'article 113 de la proposition de loi,,217,MARSAD_ANC
VOT-7de5dd33fe38,NCA-2011,2014-05-01,Retour à l'article 146 de la proposition de loi,,217,MARSAD_ANC
VOT-8e3714ca8968,NCA-2011,2014-05-01,Retour à l'article 155 de la proposition de loi,,217,MARSAD_ANC
VOT-d00565832166,NCA-2011,2014-05-01,Article 155 bis de la proposition de loi,,217,MARSAD_ANC
VOT-41c5e2cb8e67,NCA-2011,2014-05-01,Scission de l'article 23 de la proposition de loi,,217,MARSAD_ANC
VOT-a229e235717e,NCA-2011,2014-05-01,Amendement de l'article 23 bis: 30% de femmes têtes de listes + invalidation de listes,,217,MARSAD_ANC
VOT-7a99fb03083e,NCA-2011,2014-05-01,Article 23 ter: Un jeune des 4 premiers de la liste + sanction financière,,217,MARSAD_ANC
VOT-8358657435f3,NCA-2011,2014-05-01,Amendement de l'article 23 ter: Un jeune des 4 premiers de la liste + sans sanction,,217,MARSAD_ANC
VOT-8f237f0366b8,NCA-2011,2014-05-01,Amendement de l'article 23 ter: Cinquième des têtes de listes des jeunes + 30 ans,,217,MARSAD_ANC
VOT-169da9a09ee3,NCA-2011,2014-05-09,Vote relatif à la tenue de la séance plénière d'examen des deux motions de censure à l'encontre de la ministre du tourisme et du ministre délégué auprès du ministre de l'intérieur chargé de la sécurité nationale à huis clos.,,217,MARSAD_ANC
VOT-b1e9ee0c8434,NCA-2011,2014-05-09,Vote relatif au communiqué de la séance plénière suite au retrait des deux motions de censure à l'encontre de la ministre du tourisme et du ministre délégué auprès du ministre de l'intérieur chargé de la sécurité nationale à huis clos.,,217,MARSAD_ANC
VOT-9eee6d3a90df,NCA-2011,2014-05-19,Vote relatif à la liste consensuelle des candidats à l'instance de la vérité et de la dignité liée à la justice transitionnelle,,217,MARSAD_ANC
VOT-8b155c76992f,NCA-2011,2014-05-19,Vote relatif au renvoi du projet de loi N°44/2012 relatif aux tribunaux spécialisés à la commission de la législation générale et la commission des consensus pour améliorer la formulation du texte.,,217,MARSAD_ANC
VOT-86067a2e274c,NCA-2011,2014-05-30,Vote sur le projet de loi N°34/2014 portant ratification d'un protocole financier entre le gouvernement de la République tunisienne et le gouvernement de la République française relatif à l'octroi de concours financier destinés au projet de fourniture du matériel roulant du réseau ferré rapide de Tunis.,,217,MARSAD_ANC
VOT-fca86900cdcf,NCA-2011,2014-05-30,"Vote sur le projet de loi N°35/2014 portant ratification d'un protocole financier entre le gouvernement de la République tunisienne et le gouvernement de la République française destiné à la réalisation d'une étude d'assistance relative au projet de rénovation de la voie ferrée entre Sfax, Gafsa et Gabès.",,217,MARSAD_ANC
VOT-9c68d88e3beb,NCA-2011,2014-05-30,"Vote sur le projet de loi N°36/2014 portant ratification d'un protocole financier entre le gouvernement de la République tunisienne et le gouvernement de la République française relatif à l'octroi de concours financiers destinés au projet de rénovation de la voie ferrée entre Sfax, Gafsa et Gabès.",,217,MARSAD_ANC
VOT-f935f5816290,NCA-2011,2014-05-30,Vote sur le projet de loi N°41/2014 portant ratification d'un Protocole financier entre le gouvernement de la République tunisienne et le gouvernement de la République algérienne démocratique et populaire relatif à l'octroi d'un prêt au profit de la République tunisienne.,,217,MARSAD_ANC
VOT-8afff7d68cbb,NCA-2011,2014-05-31,Clôture du débat général,,217,MARSAD_ANC
VOT-c7a9cf77a0ce,NCA-2011,2014-06-02,Titre de la proposition de loi,,217,MARSAD_ANC
VOT-8d3d17f8120b,NCA-2011,2014-06-02,Article premier,,217,MARSAD_ANC
VOT-812643eeee1e,NCA-2011,2014-06-02,Article 2,,217,MARSAD_ANC
VOT-9a64abf21085,NCA-2011,2014-06-02,Article 3,,217,MARSAD_ANC
VOT-6b82f68741c1,NCA-2011,2014-06-02,Article 4,,217,MARSAD_ANC
VOT-3134cb622c8e,NCA-2011,2014-06-02,Article 5,,217,MARSAD_ANC
VOT-2b129e250dfe,NCA-2011,2014-06-02,Article 6,,217,MARSAD_ANC
VOT-413e5fe52155,NCA-2011,2014-06-02,Article 7,,217,MARSAD_ANC
VOT-348c88f719c5,NCA-2011,2014-06-02,Totalité de la proposition de loi,,217,MARSAD_ANC
VOT-3dfee593c36a,NCA-2011,2014-06-09,Vote sur le projet de loi N°63/2013 portant approbation d'un accord de coopération financière au titre de l'année 2011 entre le gouvernement de la République Tunisienne et le gouvernement la République fédérale d'Allemagne.,,217,MARSAD_ANC
VOT-938d0ec9b50f,NCA-2011,2014-06-09,Vote sur le projet de loi N°33/2014 portant ratification d'un protocole financier entre le gouvernement de la République tunisienne et le gouvernement de la République française relatif à l'octroi de concours financiers destinés au projet de fourniture et d'installation des équipements de sécurisation des accès maritimes et terrestres des ports relevant de l'Office de la Marine Marchande et des Ports.,,217,MARSAD_ANC
VOT-a70d03b41aca,NCA-2011,2014-06-09,Vote sur le projet de loi N°37/2014 portant ratification d'un protocole financier entre le gouvernement de la République tunisienne et le gouvernement de la République française relatif à la réalisation de l'étude d'identification des besoins relative au projet de fourniture et d'installation des équipements de sécurisation des accès maritimes et terrestres des ports relevant de l'Office de la Marine Marchande et des Ports.,,217,MARSAD_ANC
VOT-6f9a216f2455,NCA-2011,2014-06-09,Vote sur le projet de loi N°35/2013 complétant la loi N°10-2009 à la date du 16 Février 2009 relative à l'institut national de météorologie.,,217,MARSAD_ANC
VOT-69249b9044b3,NCA-2011,2014-06-10,"Vote sur le projet de loi organique N°15/2013 relatif à l'approbation de l'accord entre le gouvernement tunisien et le gouvernement turc portant création, gestion et fixation d'activités de centres culturels.",,217,MARSAD_ANC
VOT-31917962306b,NCA-2011,2014-06-10,Vote sur le projet de loi organique N°29/2013 portant ratification de la République tunisienne de la convention régionale sur les règles d'origine préférentielles euro-méditerranéenne.,,217,MARSAD_ANC
VOT-39697c858218,NCA-2011,2014-06-13,Clôture du débat général,,217,MARSAD_ANC
VOT-93c0557c1f7e,NCA-2011,2014-06-13,Titre du projet de loi,,217,MARSAD_ANC
VOT-833f4a985348,NCA-2011,2014-06-13,Article premier,,217,MARSAD_ANC
VOT-f6f15a0e4782,NCA-2011,2014-06-13,Article 2,,217,MARSAD_ANC
VOT-27707a49580f,NCA-2011,2014-06-13,Projet de loi dans sa totalité,,217,MARSAD_ANC
VOT-de29f0cb271d,NCA-2011,2014-06-16,Vote sur le projet de loi N°26/2014 autorisant l'Etat à souscrire à l'augmentation du capital de la Société Arabe d'Investissement.,,217,MARSAD_ANC
VOT-294bca8dfcd9,NCA-2011,2014-06-16,Vote sur le projet de loi N°27/2014 autorisant l'Etat à souscrire à l'augmentation du capital la Compagnie arabe pour la garantie des investissements et des crédits à l'export.,,217,MARSAD_ANC
VOT-5ef037aaa223,NCA-2011,2014-06-16,Vote sur le projet de loi N°28/2014 autorisant l'Etat à souscrire à l'augmentation du capital du fonds arabe pour le développement économique et social.,,217,MARSAD_ANC
VOT-4c3a4b0d57a1,NCA-2011,2014-06-16,Vote sur le projet de loi N°29/2014 autorisant l'Etat à souscrire à l'augmentation du capital de l'Instance Arabe d'Investissement et de Développement Agricole.,,217,MARSAD_ANC
VOT-fa733a848e92,NCA-2011,2014-06-16,Vote sur le projet de loi N°30/2014 autorisant l'Etat à souscrire à l'augmentation du capital de la Banque Arabe pour le Développement Economique en Afrique.,,217,MARSAD_ANC
VOT-69b202227efc,NCA-2011,2014-06-16,Vote sur le projet de loi N°31/2014 autorisant l'augmentation de la quote-part de la Tunisie au Fonds Monétaire Arabe.,,217,MARSAD_ANC
VOT-54e95e9b4e44,NCA-2011,2014-06-25,Clôture du débat général,,217,MARSAD_ANC
VOT-a8ffeaa46d14,NCA-2011,2014-06-25,"Proposition d'amendement: Ajout de ""Organique"" au titre",,217,MARSAD_ANC
VOT-a872432e07b9,NCA-2011,2014-06-25,Titre de la proposition de loi,,217,MARSAD_ANC
VOT-ee679a890b2f,NCA-2011,2014-06-25,Article premier,,217,MARSAD_ANC
VOT-87f259a2e96f,NCA-2011,2014-06-25,Proposition d'amendement N°1 - Article 2,,217,MARSAD_ANC
VOT-1c68dda13b05,NCA-2011,2014-06-25,Proposition d'amendement N°2 - Article 2,,217,MARSAD_ANC
VOT-dffaf7700a77,NCA-2011,2014-06-25,Article 2,,217,MARSAD_ANC
VOT-85a67dd28a2f,NCA-2011,2014-06-25,Proposition d'amendement N°2 - Article 3,,217,MARSAD_ANC
VOT-2a1e0087f03d,NCA-2011,2014-06-25,Article 3,,217,MARSAD_ANC
VOT-dd9c3cc7ad09,NCA-2011,2014-06-25,Proposition d'amendement consensuel - Article 4,,217,MARSAD_ANC
VOT-a43a36f56987,NCA-2011,2014-06-25,Proposition d'amendement N°1 - Article 4,,217,MARSAD_ANC
VOT-a6e2ff23e122,NCA-2011,2014-06-25,Article 4,,217,MARSAD_ANC
VOT-3600be2aa818,NCA-2011,2014-06-25,Proposition d'ajout d'article après l'article 4,,217,MARSAD_ANC
VOT-00fdbf3e8548,NCA-2011,2014-06-25,Proposition d'ajout d'article consensuel - Article 5 nouveau,,217,MARSAD_ANC
VOT-b2ff4bb9ad64,NCA-2011,2014-06-25,Proposition de loi dans sa totalité,,217,MARSAD_ANC
VOT-b126c3ee6357,NCA-2011,2014-06-30,"Vote sur le projet de loi N°42/2014 portant ratification de la convention des garanties d’emprunts, conclue entre la République Tunisienne et les Etats Unis d’Amérique le 3 juin 2014 relative à l’octroi de la garantie du gouvernement américain pour l’émission de la République Tunisienne d’un emprunt obligataire sur le marché financier américain.",,217,MARSAD_ANC
VOT-341167bce9bd,NCA-2011,2014-06-30,Vote sur le projet de loi N°62/2013 portant approbation d'un accord de coopération technique au titre de l'année 2011 entre le gouvernement de la République Tunisienne et le gouvernement la République fédérale d'Allemagne.,,217,MARSAD_ANC
VOT-1ee6e1f8ca1a,NCA-2011,2014-06-30,Vote sur le projet de loi organique N°72/2013 portant approbation de la convention de sécurité sociale entre le gouvernement de la République Tunisienne et le gouvernement de la République Turque.,,217,MARSAD_ANC
VOT-02692e30fe0d,NCA-2011,2014-06-30,Vote sur le projet de loi organique N°73/2013 portant approbation de la convention de sécurité sociale entre le gouvernement de la République Tunisienne et le royaume Belge.,,217,MARSAD_ANC
VOT-0f731399f922,NCA-2011,2014-07-07,Vote sur le projet de loi organique N°09/2013 portant approbation de l'accord de coopération signé le 16 mai 2011 entre le gouvernement de la République Tunisienne et le gouvernement de la République Française dans le domaine de la protection et la sécurité civiles.,,217,MARSAD_ANC
VOT-7ccd985f07eb,NCA-2011,2014-07-07,Vote sur le projet de loi organique N°03/2013 portant approbation de l'accord de coopération technique et de développement signé le 11 octobre 2012 entre le gouvernement de la République Tunisienne et le gouvernement de la République de Turquie.,,217,MARSAD_ANC
VOT-1ae0c88964c7,NCA-2011,2014-07-07,Vote sur le projet de loi organique N°28/2013 portant approbation de l'échange de lettres entre le Gouvernement de la République tunisienne et le Gouvernement de la République fédérale d'Allemagne relatif à la coopération dans le cadre du partenariat afin de soutenir la voie de transition en Tunisie.,,217,MARSAD_ANC
VOT-65b27dde8a48,NCA-2011,2014-07-07,Vote sur le projet de loi organique N°43/2013 portant approbation par la république tunisienne de la charte africaine pour la statistique.,,217,MARSAD_ANC
VOT-7f69c4867c11,NCA-2011,2014-07-14,"Vote sur le projet de loi N°45/2014 portant ratification de l’Accord de Prêt conclu le 16 Mai 2014 entre la République Tunisienne et la Banque Internationale pour la reconstruction et le Développement pour le financement du Programme de la Gouvernance, des Opportunités et de l’Emploi.",,217,MARSAD_ANC
VOT-4771bc4113bb,NCA-2011,2014-07-14,Vote sur le projet de loi N°11/2013 amendant et complétant le code des assurances.,,217,MARSAD_ANC
VOT-47ad2d2f24ed,NCA-2011,2014-07-14,Vote sur le projet de loi N°07/2013 portant amendement du décret N°117-2011 du 05 novembre 2011 et relatif à l’organisation de l’activité des sociétés de micro-crédits.,,217,MARSAD_ANC
VOT-e3b85b1b4106,NCA-2011,2014-07-15,Vote sur le projet de loi organique N°16/2013 portant approbation du protocole d'accord entre la République tunisienne et le Conseil de l'Europe en ce qui concerne le Bureau du Conseil de l'Europe et de son système juridique.,,217,MARSAD_ANC
VOT-c0803b44038d,NCA-2011,2014-07-15,Vote sur le projet de loi N°07/2014 portant approbation de la rétrocession à l'Etat de l'emprunt obligataire émis sur le marché financier japonais garanti par la banque japonaise pour la coopération internationale sous forme de placement privé sujets d'accords conclus entre la banque centrale de Tunisie et un groupe d'établissements financiers japonais.,,217,MARSAD_ANC
VOT-2b43db0ea158,NCA-2011,2014-07-15,Vote sur le projet de loi N°08/2014 portant approbation de la rétrocession à l'Etat de l'emprunt obligataire émis sur le marché financier japonais garanti par la banque japonaise pour la coopération internationale sous forme de placement privé sujets d'accords conclus entre la banque centrale de Tunisie et un groupe d'établissements financiers japonais.,,217,MARSAD_ANC
VOT-afbe494e64c3,NCA-2011,2014-07-15,"Vote sur le projet de loi N°38/2014 portant ratification de la convention au prêt conclue le 08 avril 2014 entre le Gouvernement de la République Tunisienne et le Fonds Arabe pour le Développement Economique et Social (FADES) en tant que Directeur du « Compte spécial », pour la contribution au financement des petites et moyennes entreprises.",,217,MARSAD_ANC
VOT-5c88e0d9a08a,NCA-2011,2014-07-15,Vote sur le projet de loi N°39/2014 portant ratification de la convention de garantie conclue le 08 avril 2014 entre le Gouvernement de la République Tunisienne et le Fonds Arabe pour le Développement Economique et Social (FADES) en tant que directeur du « compte spécial » et relative au deuxième prêt accordé à la banque de financement des petites et moyennes entreprises (BFPME) pour la contribution au financement des PME.,,217,MARSAD_ANC
VOT-67563e35c5f0,NCA-2011,2014-07-15,Vote sur le projet de loi N°40/2014 portant ratification de la convention conclue le 08 avril 2014 entre le Gouvernement de la République Tunisienne et le Fonds Arabe pour le Développement Economique et Social (FADES) pour la contribution au financement du projet des routes régionales classées et des pistes rurales (3ème phase).,,217,MARSAD_ANC
VOT-0a2c4876310c,NCA-2011,2014-07-15,Vote sur le projet de loi N°04/2014 relatif à la retraite avant l'âge légal au sein de la société nationale des télécommunications.,,217,MARSAD_ANC
VOT-8767d047090d,NCA-2011,2014-07-23,Clôture du débat général,,217,MARSAD_ANC
VOT-9d1751a3ec51,NCA-2011,2014-07-24,Chapitre 1: Assemblée Nationale Constituante,,217,MARSAD_ANC
VOT-cffddd11fec4,NCA-2011,2014-07-24,Chapitre 3: Présidence du Gouvernement,,217,MARSAD_ANC
VOT-7a39bcf5fb9a,NCA-2011,2014-07-24,Chapitre 2: Présidence de la République,,217,MARSAD_ANC
VOT-086f22bbe4af,NCA-2011,2014-07-24,Chapitre 4: Ministère de l'Intérieur,,217,MARSAD_ANC
VOT-0dc19eae47e4,NCA-2011,2014-07-24,Chapitre 5: Ministère de la Justice,,217,MARSAD_ANC
VOT-15a372f8f72c,NCA-2011,2014-07-24,Chapitre 6: Ministère des Droits de l'Homme et de la Justice Transitionnelle,,217,MARSAD_ANC
VOT-b7a9a25669ce,NCA-2011,2014-07-24,Chapitre 7: Ministère des Affaires Étrangères,,217,MARSAD_ANC
VOT-660c6c47bf97,NCA-2011,2014-07-24,Chapitre 8: Ministère de la Défense Nationale,,217,MARSAD_ANC
VOT-cfcdb7869006,NCA-2011,2014-07-24,Chapitre 9: Ministère des Affaires Religieuses,,217,MARSAD_ANC
VOT-5f8bc116431f,NCA-2011,2014-07-24,Chapitre 10: Ministère des Finances,,217,MARSAD_ANC
VOT-a27fba2294cf,NCA-2011,2014-07-24,Chapitre 11: Ministère du Développement et de la Coopération Internationale,,217,MARSAD_ANC
VOT-18529ea69eee,NCA-2011,2014-07-24,Chapitre 12: Ministère des Domaines de l'Etat et des Affaires Foncières,,217,MARSAD_ANC
VOT-f8ba506fe032,NCA-2011,2014-07-24,Retour au chapitre 10: Ministère des Finances,,217,MARSAD_ANC
VOT-da4aed7d7184,NCA-2011,2014-07-24,Retour au chapitre 10 une deuxième fois: Ministère des Finances,,217,MARSAD_ANC
VOT-198dfdb17dba,NCA-2011,2014-07-24,Chapitre 13: Ministère de l'Agriculture,,217,MARSAD_ANC
VOT-0936ace6bb19,NCA-2011,2014-07-24,Chapitre 14: Ministère de l'Industrie,,217,MARSAD_ANC
VOT-d818b08976ed,NCA-2011,2014-07-24,Chapitre 15: Ministère du Commerce et de l'Artisanat,,217,MARSAD_ANC
VOT-9c4408ecaae1,NCA-2011,2014-07-24,Chapitre 16: Ministère des Technologies de l'Information et de la Communication,,217,MARSAD_ANC
VOT-51c4515ccbf9,NCA-2011,2014-07-24,Chapitre 17: Ministère du Tourisme,,217,MARSAD_ANC
VOT-739e6123897b,NCA-2011,2014-07-24,Chapitre 18: Ministère de l'Équipement et de l'Environnement,,217,MARSAD_ANC
VOT-7d229ec1a5bd,NCA-2011,2014-07-24,Chapitre 19: Ministère du Transport,,217,MARSAD_ANC
VOT-124797bea1bb,NCA-2011,2014-07-24,Chapitre 20: Ministère de la Femme et de la Famille,,217,MARSAD_ANC
VOT-5131a6b4b3a3,NCA-2011,2014-07-24,Chapitre 21: Ministère de la Culture,,217,MARSAD_ANC
VOT-39101f64def9,NCA-2011,2014-07-24,Chapitre 22: Ministère de la Jeunesse et des Sports,,217,MARSAD_ANC
VOT-101ae4f49a3b,NCA-2011,2014-07-24,Chapitre 23: Ministère de la Santé,,217,MARSAD_ANC
VOT-faac47524ba3,NCA-2011,2014-07-24,Chapitre 24: Ministère des Affaires Sociales,,217,MARSAD_ANC
VOT-7dd084c4c78e,NCA-2011,2014-07-24,Chapitre 25: Ministère de l'Éducation,,217,MARSAD_ANC
VOT-21370dccacdd,NCA-2011,2014-07-24,Chapitre 26: Ministère de l'Enseignement Supérieur et de la Recherche Scientifique,,217,MARSAD_ANC
VOT-7cca0afe2e06,NCA-2011,2014-07-24,Chapitre 27: Ministère de l'Emploi et de la Formation Professionnelle,,217,MARSAD_ANC
VOT-3fbab73f6553,NCA-2011,2014-07-24,Chapitre 28: Ministère relatif aux dépenses urgentes et non réparties,,217,MARSAD_ANC
VOT-b5e3f0193225,NCA-2011,2014-07-24,Chapitre 29: Budget relatif à la dette publique,,217,MARSAD_ANC
VOT-3f31eff518c1,NCA-2011,2014-07-24,Amendement de l'article premier,,217,MARSAD_ANC
VOT-fdfd9ac1d9f2,NCA-2011,2014-07-24,Article premier,,217,MARSAD_ANC
VOT-00ac92515adc,NCA-2011,2014-07-24,Amendement de l'article 2,,217,MARSAD_ANC
VOT-4468724ce2d4,NCA-2011,2014-07-24,Article 2,,217,MARSAD_ANC
VOT-60a0149a6ff9,NCA-2011,2014-07-24,Suppression de l'article 3,,217,MARSAD_ANC
VOT-ce3b59c1e5d7,NCA-2011,2014-07-24,Suppression de l'article 4,,217,MARSAD_ANC
VOT-1ee876d93a7a,NCA-2011,2014-07-24,Article 5,,217,MARSAD_ANC
VOT-e24a63ec2ec0,NCA-2011,2014-07-24,Article 6 (nouvelle formulation),,217,MARSAD_ANC
VOT-f927d7b86bc0,NCA-2011,2014-07-24,Article 25,,217,MARSAD_ANC
VOT-bf478e10ea7c,NCA-2011,2014-07-24,Amendement de l'article 26,,217,MARSAD_ANC
VOT-2366f0cc86b6,NCA-2011,2014-07-24,Amendement de l'article 26,,217,MARSAD_ANC
VOT-41f729ce0adb,NCA-2011,2014-07-24,Article 26,,217,MARSAD_ANC
VOT-ea6cb2d6fd51,NCA-2011,2014-08-04,Article 5 (article 25 dans la version initiale),,217,MARSAD_ANC
VOT-ca4fdd4096ee,NCA-2011,2014-08-04,Article 6 (article 26 dans la version initiale),,217,MARSAD_ANC
VOT-6408096474a4,NCA-2011,2014-08-04,Article 7 (article 27 dans la version initiale),,217,MARSAD_ANC
VOT-4fefc000b1fa,NCA-2011,2014-08-04,Article 8 (article 28 dans la version initiale),,217,MARSAD_ANC
VOT-90e0919a0607,NCA-2011,2014-08-04,Article 9 (article 29 dans la version initiale),,217,MARSAD_ANC
VOT-c2dfc3a3bb98,NCA-2011,2014-08-04,Article 10 (article 30 dans la version initiale),,217,MARSAD_ANC
VOT-a6a09455465d,NCA-2011,2014-08-04,Article 11 (article 31 dans la version initiale),,217,MARSAD_ANC
VOT-2e8e60a6845b,NCA-2011,2014-08-04,Article 16 (article 36 dans la version initiale),,217,MARSAD_ANC
VOT-567d5c140239,NCA-2011,2014-08-05,Article 17 (article 37 dans la version initiale),,217,MARSAD_ANC
VOT-8b2f0fc3f210,NCA-2011,2014-08-05,Article 19 (article 39 dans la version initiale),,217,MARSAD_ANC
VOT-ca05885df192,NCA-2011,2014-08-05,Article 20 (article 40 dans la version initiale),,217,MARSAD_ANC
VOT-d50338974594,NCA-2011,2014-08-05,Article 21 (article 41 dans la version initiale),,217,MARSAD_ANC
VOT-e402899481f0,NCA-2011,2014-08-05,Article 24 (article 44 dans la version initiale),,217,MARSAD_ANC
VOT-23245964017e,NCA-2011,2014-08-05,Article 25 (article 45 dans la version initiale),,217,MARSAD_ANC
VOT-6f0c170540b5,NCA-2011,2014-08-05,Article 26 (article 46 dans la version initiale),,217,MARSAD_ANC
VOT-964129775e6b,NCA-2011,2014-08-05,Article 27 (article 47 dans la version initiale),,217,MARSAD_ANC
VOT-b22d2b01facf,NCA-2011,2014-08-05,Article 32 (article 52 dans la version initiale),,217,MARSAD_ANC
VOT-8e39bb238a30,NCA-2011,2014-08-05,Article 33 (article 53 dans la version initiale),,217,MARSAD_ANC
VOT-1525a745d9b2,NCA-2011,2014-08-05,Article 34 (article 54 dans la version initiale),,217,MARSAD_ANC
VOT-91667904b0dd,NCA-2011,2014-08-05,Article 37 (article 58 dans la version initiale),,217,MARSAD_ANC
VOT-fb3474c0a33f,NCA-2011,2014-08-05,Article 38 (article 59 dans la version initiale),,217,MARSAD_ANC
VOT-6647fcdbd1b4,NCA-2011,2014-08-05,Article 39 (article 60 dans la version initiale),,217,MARSAD_ANC
VOT-81bc8aba56ae,NCA-2011,2014-08-05,Article 40 (article 61 dans la version initiale),,217,MARSAD_ANC
VOT-c4ce75229945,NCA-2011,2014-08-05,Article 41 (article 62 dans la version initiale),,217,MARSAD_ANC
VOT-881aad381ba4,NCA-2011,2014-08-05,Article 42 (article 63 dans la version initiale),,217,MARSAD_ANC
VOT-decd72a3a5b7,NCA-2011,2014-08-05,Article 43 (article 64 dans la version initiale),,217,MARSAD_ANC
VOT-68bf063694ad,NCA-2011,2014-08-05,Article 44 (article 65 dans la version initiale),,217,MARSAD_ANC
VOT-e77da318482e,NCA-2011,2014-08-05,Article 45 (article 66 dans la version initiale),,217,MARSAD_ANC
VOT-758eade872b0,NCA-2011,2014-08-06,"Amendement d'ajout de ""après obtention d'un ordre judiciaire"" à l'article 12",,217,MARSAD_ANC
VOT-283f2f628aab,NCA-2011,2014-08-06,Article 12 (article 32 dans la version initiale),,217,MARSAD_ANC
VOT-88fc35e4631f,NCA-2011,2014-08-06,Article 46 (article 67 dans la version initiale),,217,MARSAD_ANC
VOT-f22867c356b2,NCA-2011,2014-08-06,Article 47 (article 68 dans la version initiale),,217,MARSAD_ANC
VOT-b0c0bfcd157c,NCA-2011,2014-08-06,Article 48 (article 69 dans la version initiale),,217,MARSAD_ANC
VOT-73811d131374,NCA-2011,2014-08-06,Article 49 (article 70 dans la version initiale),,217,MARSAD_ANC
VOT-6828ffedbd86,NCA-2011,2014-08-06,Article 50 (article 71 dans la version initiale),,217,MARSAD_ANC
VOT-00c1f238110e,NCA-2011,2014-08-06,Article 51 (article 72 dans la version initiale),,217,MARSAD_ANC
VOT-c84f07ed0c2f,NCA-2011,2014-08-06,Article 52 (article 74 dans la version initiale),,217,MARSAD_ANC
VOT-6ff97c7a0cac,NCA-2011,2014-08-06,Article 53 (article 75 dans la version initiale),,217,MARSAD_ANC
VOT-3b99fb8a71ac,NCA-2011,2014-08-06,Retrait de l'article 54 (article 76 dans la version initiale),,217,MARSAD_ANC
VOT-d464905cbb24,NCA-2011,2014-08-06,Retrait de l'article 55 (article 77 dans la version initiale),,217,MARSAD_ANC
VOT-d5c098736ee5,NCA-2011,2014-08-06,Retrait de l'article 56 (article 78 dans la version initiale),,217,MARSAD_ANC
VOT-a4a474a33e15,NCA-2011,2014-08-06,Article 57 (article 79 dans la version initiale),,217,MARSAD_ANC
VOT-e068b04aa041,NCA-2011,2014-08-06,Article 58 (article 80 dans la version initiale),,217,MARSAD_ANC
VOT-cbd6ca9e146c,NCA-2011,2014-08-06,Article 59 (article 81 dans la version initiale),,217,MARSAD_ANC
VOT-229315a36784,NCA-2011,2014-08-06,Retour à l'article 10 (article 30 dans la version initiale),,217,MARSAD_ANC
VOT-2b2c244a1a47,NCA-2011,2014-08-06,Retour une deuxième fois à l'article 10 (article 30 dans la version initiale),,217,MARSAD_ANC
VOT-dde1e1a3bda4,NCA-2011,2014-08-06,Retour à l'article 11 (article 31 dans la version initiale),,217,MARSAD_ANC
VOT-3953e6156c4f,NCA-2011,2014-08-07,Retour à l'article 12 (article 32 dans la version initiale),,217,MARSAD_ANC
VOT-cc5eb938b155,NCA-2011,2014-08-07,Article 13 (article 33 dans la version initiale),,217,MARSAD_ANC
VOT-86112996f477,NCA-2011,2014-08-07,Article 14 (article 34 dans la version initiale),,217,MARSAD_ANC
VOT-b636ea804766,NCA-2011,2014-08-07,Article 15 (article 35 dans la version initiale),,217,MARSAD_ANC
VOT-88405b7d4314,NCA-2011,2014-08-07,Article 16 (article 36 dans la version initiale),,217,MARSAD_ANC
VOT-0b2b23d63330,NCA-2011,2014-08-07,Article 17 (article 37 dans la version initiale),,217,MARSAD_ANC
VOT-38b56b890068,NCA-2011,2014-08-07,Article 18 (article 38 dans la version initiale),,217,MARSAD_ANC
VOT-a57d81e857b7,NCA-2011,2014-08-07,Article 22 (article 42 dans la version initiale),,217,MARSAD_ANC
VOT-bd497a02cc66,NCA-2011,2014-08-07,Article 23 (article 43 dans la version initiale),,217,MARSAD_ANC
VOT-f5f753129f99,NCA-2011,2014-08-07,Article 28 (article 48 dans la version initiale),,217,MARSAD_ANC
VOT-a535412cf153,NCA-2011,2014-08-07,Amendement N°1 de l'article 29 (article 49 dans la version initiale),,217,MARSAD_ANC
VOT-8de98b272f09,NCA-2011,2014-08-07,Amendement N°2 de l'article 29 (article 49 dans la version initiale),,217,MARSAD_ANC
VOT-051c8f631618,NCA-2011,2014-08-07,Amendement N°3 de l'article 29 (article 49 dans la version initiale),,217,MARSAD_ANC
VOT-d784c813674e,NCA-2011,2014-08-07,Article 29 (article 49 dans la version initiale),,217,MARSAD_ANC
VOT-018d3b9eb3f1,NCA-2011,2014-08-07,Article 30 (article 50 dans la version initiale),,217,MARSAD_ANC
VOT-a41b487ead9c,NCA-2011,2014-08-07,Article 31 (article 51 dans la version initiale),,217,MARSAD_ANC
VOT-8233decac927,NCA-2011,2014-08-07,Amendement N°1 de l'article 35 (article 55 dans la version initiale),,217,MARSAD_ANC
VOT-ef41f43f86e5,NCA-2011,2014-08-07,Amendement N°2 de l'article 35 (article 55 dans la version initiale),,217,MARSAD_ANC
VOT-a55fb2bbf457,NCA-2011,2014-08-07,Amendement N°3 de l'article 35 (article 55 dans la version initiale),,217,MARSAD_ANC
VOT-8c970854dedd,NCA-2011,2014-08-07,Article 35 (article 55 dans la version initiale),,217,MARSAD_ANC
VOT-047c1914261b,NCA-2011,2014-08-07,Amendement de l'article 36 (article 57 dans la version initiale),,217,MARSAD_ANC
VOT-cface8537225,NCA-2011,2014-08-07,Article 36 (article 57 dans la version initiale),,217,MARSAD_ANC
VOT-7e308cc3162e,NCA-2011,2014-08-07,Retour à l'article 37 (article 58 dans la version initiale),,217,MARSAD_ANC
VOT-579195f5fea3,NCA-2011,2014-08-07,Retrait de l'article 47 (article 68 dans la version initiale),,217,MARSAD_ANC
VOT-3dd625744d41,NCA-2011,2014-08-07,Retour à l'article 5 (article 25 dans la version initiale),,217,MARSAD_ANC
VOT-0126b5da5fbd,NCA-2011,2014-08-07,Ajout d'article - Création du fonds national de lutte antiterroriste,,217,MARSAD_ANC
VOT-56a16c9364f3,NCA-2011,2014-08-07,Projet de loi de finances complémentaire pour l'année 2014 dans sa totalité,,217,MARSAD_ANC
VOT-e5582423387f,NCA-2011,2014-08-12,Amendement N°1 du titre du projet,,217,MARSAD_ANC
VOT-ed77c9cc548c,NCA-2011,2014-08-12,Clôture du débat général,,217,MARSAD_ANC
VOT-9e2b52cf97c9,NCA-2011,2014-08-18,Amendement N°1 du titre du projet,,217,MARSAD_ANC
VOT-b52ed5a5fef6,NCA-2011,2014-08-18,Version amendée du titre du projet,,217,MARSAD_ANC
VOT-6020f787725d,NCA-2011,2014-08-18,Ajout d'article (avant article 1),,217,MARSAD_ANC
VOT-44a3e6d84db4,NCA-2011,2014-08-18,Article 1,,217,MARSAD_ANC
VOT-030a0e6d492d,NCA-2011,2014-08-18,Amendement N°1 de l'article 2,,217,MARSAD_ANC
VOT-f613bc62012e,NCA-2011,2014-08-18,Amendement N°2 de l'article 2,,217,MARSAD_ANC
VOT-83cfd644220d,NCA-2011,2014-08-18,Amendement N°3 de l'article 2,,217,MARSAD_ANC
VOT-85e78a10a1f4,NCA-2011,2014-08-18,Article 2,,217,MARSAD_ANC
VOT-9526c4545b95,NCA-2011,2014-08-18,Article 3,,217,MARSAD_ANC
VOT-eb37ebc60d54,NCA-2011,2014-08-18,Retour à l'article 2,,217,MARSAD_ANC
VOT-f5c6381f6204,NCA-2011,2014-08-18,Amendement N°1 de l'article 4,,217,MARSAD_ANC
VOT-1ebf66a67542,NCA-2011,2014-08-18,Amendement N°2 de l'article 4,,217,MARSAD_ANC
VOT-a1a417f2aef4,NCA-2011,2014-08-18,Article 4,,217,MARSAD_ANC
VOT-31ed22677a0f,NCA-2011,2014-08-19,Article 5,,217,MARSAD_ANC
VOT-f340ecf57bf3,NCA-2011,2014-08-19,Amendement N°1 de l'article 5,,217,MARSAD_ANC
VOT-eeb666d4ed69,NCA-2011,2014-08-19,Amendement N°2 de l'article 5,,217,MARSAD_ANC
VOT-f93ba43ee2f6,NCA-2011,2014-08-19,Amendement N°3 de l'article 5,,217,MARSAD_ANC
VOT-96d8415878ef,NCA-2011,2014-08-19,Amendement N°1 de l'article 6,,217,MARSAD_ANC
VOT-d837cf4d4585,NCA-2011,2014-08-19,Article 6,,217,MARSAD_ANC
VOT-95dfac47c18d,NCA-2011,2014-08-19,Amendement N°1 de l'article 7,,217,MARSAD_ANC
VOT-a31262d2570c,NCA-2011,2014-08-19,Amendement N°2 de l'article 7,,217,MARSAD_ANC
VOT-54b6674c7db8,NCA-2011,2014-08-19,Article 7,,217,MARSAD_ANC
VOT-017f0b8aac70,NCA-2011,2014-08-19,Amendement du gouvernement de l'article 8,,217,MARSAD_ANC
VOT-6f24c73ef5b3,NCA-2011,2014-08-20,Amendement du gouvernement de l'article 8,,217,MARSAD_ANC
VOT-a72f7cd7005a,NCA-2011,2014-08-20,Article 8,,217,MARSAD_ANC
VOT-fd79e2d163c4,NCA-2011,2014-08-20,Amendement N°1 de l'article 9,,217,MARSAD_ANC
VOT-ec2a74eb10d2,NCA-2011,2014-08-20,Article 9,,217,MARSAD_ANC
VOT-d4f1aa5acc23,NCA-2011,2014-08-20,Article 10,,217,MARSAD_ANC
VOT-c638fcdc2366,NCA-2011,2014-08-20,Amendement N°1 de l'article 11,,217,MARSAD_ANC
VOT-75aa578d2633,NCA-2011,2014-08-20,Amendement du gouvernement de l'article 11,,217,MARSAD_ANC
VOT-8d208a532fc7,NCA-2011,2014-08-20,Article 11,,217,MARSAD_ANC
VOT-2c3c1075eab6,NCA-2011,2014-08-20,Amendement N°1 de l'article 13,,217,MARSAD_ANC
VOT-c47bc21d1ffd,NCA-2011,2014-08-21,Amendement N°2 de l'article 13,,217,MARSAD_ANC
VOT-33970e5a3ec7,NCA-2011,2014-08-21,Amendement N°3 de l'article 13,,217,MARSAD_ANC
VOT-db52c6ab75ec,NCA-2011,2014-08-21,Amendement N°4 de l'article 13,,217,MARSAD_ANC
VOT-f6ba3f6e40c3,NCA-2011,2014-08-21,Article 13,,217,MARSAD_ANC
VOT-036b6e79ad02,NCA-2011,2014-09-02,Amendement du gouvernement de l'article 12,,217,MARSAD_ANC
VOT-4c14cb885bf2,NCA-2011,2014-09-02,Amendement N°2 de l'article 12,,217,MARSAD_ANC
VOT-a3d528401cff,NCA-2011,2014-09-02,Amendement N°3 de l'article 12,,217,MARSAD_ANC
VOT-0c1a73fb98bd,NCA-2011,2014-09-02,Amendement N°4 de l'article 12,,217,MARSAD_ANC
VOT-2b7d60314057,NCA-2011,2014-09-02,Amendement N°5 de l'article 12,,217,MARSAD_ANC
VOT-f7692e40e4eb,NCA-2011,2014-09-02,Amendement N°6 de l'article 12,,217,MARSAD_ANC
VOT-1e4453bd099b,NCA-2011,2014-09-02,Article 12,,217,MARSAD_ANC
VOT-5ba95d5da18a,NCA-2011,2014-09-02,Article 13,,217,MARSAD_ANC
VOT-91999d32f83a,NCA-2011,2014-09-02,Article 14,,217,MARSAD_ANC
VOT-8275883b9c3d,NCA-2011,2014-09-03,Article 15,,217,MARSAD_ANC
VOT-0db7266b01b9,NCA-2011,2014-09-03,Amendement N°1 de l'article 16,,217,MARSAD_ANC
VOT-cdb1acc60ff6,NCA-2011,2014-09-03,Article 16,,217,MARSAD_ANC
VOT-453e82cff6cc,NCA-2011,2014-09-03,Amendement N°1 de l'article 17,,217,MARSAD_ANC
VOT-f25308329b89,NCA-2011,2014-09-03,Article 17,,217,MARSAD_ANC
VOT-cd5775fb3863,NCA-2011,2014-09-03,Amendement N°1 de l'article 18,,217,MARSAD_ANC
VOT-6982f220009b,NCA-2011,2014-09-03,Article 18,,217,MARSAD_ANC
VOT-ce27f89eda9a,NCA-2011,2014-09-03,Article 19,,217,MARSAD_ANC
VOT-59052d211192,NCA-2011,2014-09-03,Amendement N°1 de l'article 20,,217,MARSAD_ANC
VOT-ac2cec48c46a,NCA-2011,2014-09-03,Article 20,,217,MARSAD_ANC
VOT-eac70fd81f1f,NCA-2011,2014-09-03,Article 21,,217,MARSAD_ANC
VOT-72a3031dbc63,NCA-2011,2014-09-03,Article 22,,217,MARSAD_ANC
VOT-7ad84e9b9dd3,NCA-2011,2014-09-03,Article 23,,217,MARSAD_ANC
VOT-b4a4b3c267d9,NCA-2011,2014-09-03,Article 24,,217,MARSAD_ANC
VOT-db9743427a53,NCA-2011,2014-09-03,Article 25,,217,MARSAD_ANC
VOT-4cd4376f6a01,NCA-2011,2014-09-03,Article nouveau après l'article 25,,217,MARSAD_ANC
VOT-0ad141169f98,NCA-2011,2014-09-03,Article 26,,217,MARSAD_ANC
VOT-e8dd5ba87fbc,NCA-2011,2014-09-03,Article 27,,217,MARSAD_ANC
VOT-5c79a35bf3f4,NCA-2011,2014-09-03,Article 28,,217,MARSAD_ANC
VOT-6950afb2c81d,NCA-2011,2014-09-03,Amendement N°1 de l'article 29,,217,MARSAD_ANC
VOT-63947e4c42fe,NCA-2011,2014-09-03,Article 29,,217,MARSAD_ANC
VOT-62b9a7c5ac4f,NCA-2011,2014-09-04,Amendement N°1 de l'article 30,,217,MARSAD_ANC
VOT-b6e07ecbf586,NCA-2011,2014-09-04,Article 30,,217,MARSAD_ANC
VOT-66e767102ca5,NCA-2011,2014-09-04,Amendement du gouvernement de l'article 31,,217,MARSAD_ANC
VOT-669e13bf9c2a,NCA-2011,2014-09-04,Article 31,,217,MARSAD_ANC
VOT-48b185a68ed1,NCA-2011,2014-09-04,Retour à l'article 18,,217,MARSAD_ANC
VOT-2e83f4353288,NCA-2011,2014-09-04,Retour à l'article 20,,217,MARSAD_ANC
VOT-cc4662c6a3ed,NCA-2011,2014-09-04,Retour à l'article 27,,217,MARSAD_ANC
VOT-8c401da1a922,NCA-2011,2014-09-09,Retour à l'article 22,,217,MARSAD_ANC
VOT-3275b4ac5dd4,NCA-2011,2014-09-09,Retour à l'article 28,,217,MARSAD_ANC
VOT-28b97d0f651b,NCA-2011,2014-09-09,Amendement N°1 de l'article 32,,217,MARSAD_ANC
VOT-55fed5a33de1,NCA-2011,2014-09-09,Amendement N°2 de l'article 32,,217,MARSAD_ANC
VOT-60478818de72,NCA-2011,2014-09-09,Article 32,,217,MARSAD_ANC
VOT-0ed302c43d41,NCA-2011,2014-09-09,Amendement du gouvernement l'article 33,,217,MARSAD_ANC
VOT-5be6e7769864,NCA-2011,2014-09-09,Article 33,,217,MARSAD_ANC
VOT-82f354b11b9a,NCA-2011,2014-09-09,Amendement du gouvernement l'article 34,,217,MARSAD_ANC
VOT-d5595d65ba7f,NCA-2011,2014-09-09,Article 34,,217,MARSAD_ANC
VOT-ffa8425f7231,NCA-2011,2014-09-09,Amendement du gouvernement l'article 35,,217,MARSAD_ANC
VOT-097090da33c2,NCA-2011,2014-09-09,Article 35,,217,MARSAD_ANC
VOT-f7b6fc69b42f,NCA-2011,2014-09-09,Article 36 nouveau,,217,MARSAD_ANC
VOT-b39e82bc5150,NCA-2011,2014-09-09,Article 37 nouveau,,217,MARSAD_ANC
VOT-848ef78ae88f,NCA-2011,2014-09-10,Article 38,,217,MARSAD_ANC
VOT-87352229ff7d,NCA-2011,2014-09-10,Amendement N°1 l'article 39,,217,MARSAD_ANC
VOT-0ca9e0430ae6,NCA-2011,2014-09-10,Amendement N°2 l'article 39,,217,MARSAD_ANC
VOT-c31aac32a157,NCA-2011,2014-09-10,Amendement du gouvernement l'article 39,,217,MARSAD_ANC
VOT-158e083d165a,NCA-2011,2014-09-10,Article 39,,217,MARSAD_ANC
VOT-339957d80517,NCA-2011,2014-09-10,Amendement du gouvernement l'article 40,,217,MARSAD_ANC
VOT-f3af4b3061c8,NCA-2011,2014-09-10,Article 40,,217,MARSAD_ANC
VOT-e9786c74b6fd,NCA-2011,2014-09-10,Article 41,,217,MARSAD_ANC
VOT-a14cd2a22dda,NCA-2011,2014-09-10,Amendement N°1 l'article 42,,217,MARSAD_ANC
VOT-fc55d6175180,NCA-2011,2014-09-10,Amendement N°2 l'article 42,,217,MARSAD_ANC
VOT-59bd365b3221,NCA-2011,2014-09-10,Amendement N°3 l'article 42,,217,MARSAD_ANC
VOT-c0501ca7e13f,NCA-2011,2014-09-10,Amendement du gouvernement de l'article 42,,217,MARSAD_ANC
VOT-a076da06f385,NCA-2011,2014-09-10,Article 42,,217,MARSAD_ANC
VOT-1283d1618e8c,NCA-2011,2014-09-10,Amendement N°1 l'article 43,,217,MARSAD_ANC
VOT-7ef1d42dccfc,NCA-2011,2014-09-10,Amendement N°2 l'article 43,,217,MARSAD_ANC
VOT-434ee600442f,NCA-2011,2014-09-10,Amendement du gouvernement de l'article 43,,217,MARSAD_ANC
VOT-4c9f5c9e6569,NCA-2011,2014-09-11,Clôture du débat général,,217,MARSAD_ANC
VOT-d6aee2bc61ea,NCA-2011,2014-09-16,Titre du projet de loi,,217,MARSAD_ANC
VOT-e37c741a3ebb,NCA-2011,2014-09-16,Article premier,,217,MARSAD_ANC
VOT-ddd1d270ea1b,NCA-2011,2014-09-16,Article 2,,217,MARSAD_ANC
VOT-4b2b07c600e9,NCA-2011,2014-09-16,Article 3,,217,MARSAD_ANC
VOT-ecdb25dc6ac0,NCA-2011,2014-09-16,Article 4,,217,MARSAD_ANC
VOT-acd1846800e8,NCA-2011,2014-09-16,Article 5,,217,MARSAD_ANC
VOT-17bc2d1ba4db,NCA-2011,2014-09-16,Article 6,,217,MARSAD_ANC
VOT-4b2219157c96,NCA-2011,2014-09-16,Article 7,,217,MARSAD_ANC
VOT-a3457d9961dd,NCA-2011,2014-09-16,Article 8,,217,MARSAD_ANC
VOT-1195e689d143,NCA-2011,2014-09-16,Article 9,,217,MARSAD_ANC
VOT-18f7608291f3,NCA-2011,2014-09-16,Article 10,,217,MARSAD_ANC
VOT-57233aab8d7b,NCA-2011,2014-09-16,Article 11,,217,MARSAD_ANC
VOT-52c5994a4757,NCA-2011,2014-09-16,Article 12,,217,MARSAD_ANC
VOT-882d56471249,NCA-2011,2014-09-16,Article 13,,217,MARSAD_ANC
VOT-4bd908dac830,NCA-2011,2014-09-16,Article 14,,217,MARSAD_ANC
VOT-b76ff4276843,NCA-2011,2014-09-16,Article 16,,217,MARSAD_ANC
VOT-b91deb9ad439,NCA-2011,2014-09-16,Article 17,,217,MARSAD_ANC
VOT-ebfa1d58bd65,NCA-2011,2014-09-16,Article 18,,217,MARSAD_ANC
VOT-a84e80886300,NCA-2011,2014-09-16,Article 19,,217,MARSAD_ANC
VOT-155cbf2f1481,NCA-2011,2014-09-16,Article 20,,217,MARSAD_ANC
VOT-5cbccc4264c1,NCA-2011,2014-09-16,Article 21,,217,MARSAD_ANC
VOT-9997f037eeba,NCA-2011,2014-09-17,Vote sur le projet de loi N°51/2014 Portant ratification d’un échange de lettres en date du 18 mars 2014 entre le Gouvernement de la République Tunisienne et le Gouvernement du Japon relatif à l’amendement de l’Echange de Lettres en date du 18 mars 2010 entre les deux gouvernements relatif à l’octroi d’un don pour la contribution au financement du projet de dessalement à Ben Guerden.,,217,MARSAD_ANC
VOT-95be324fa51d,NCA-2011,2014-09-17,"Vote sur le projet de loi N°53/2014 portant ratification de l’Accord de Prêt conclu entre la république Tunisienne et la Banque Internationale pour la Reconstruction et le Développement pour le financement additionnel du Projet de développement des Micro, Petite et Moyenne Entreprises.",,217,MARSAD_ANC
VOT-1cb6f2520788,NCA-2011,2014-09-17,Article 22,,217,MARSAD_ANC
VOT-742174e94624,NCA-2011,2014-09-17,Article 23,,217,MARSAD_ANC
VOT-b8471f4797ee,NCA-2011,2014-09-17,Article 24,,217,MARSAD_ANC
VOT-9b6ce6f7f389,NCA-2011,2014-09-17,Article 25,,217,MARSAD_ANC
VOT-d6b104b84681,NCA-2011,2014-09-17,Article 29,,217,MARSAD_ANC
VOT-5efc891a2d7e,NCA-2011,2014-09-17,Article 30,,217,MARSAD_ANC
VOT-76b99e10c0cc,NCA-2011,2014-09-17,Article 31,,217,MARSAD_ANC
VOT-ec2e49781af5,NCA-2011,2014-09-17,Article 32,,217,MARSAD_ANC
VOT-ede15ddc65da,NCA-2011,2014-09-17,Article 33,,217,MARSAD_ANC
VOT-b4dbe0c9589c,NCA-2011,2014-09-17,Article 34,,217,MARSAD_ANC
VOT-2117650721b8,NCA-2011,2014-09-17,Article 35,,217,MARSAD_ANC
VOT-68c664683035,NCA-2011,2014-09-17,Article 36,,217,MARSAD_ANC
VOT-ae858e428eb2,NCA-2011,2014-09-17,Article 37,,217,MARSAD_ANC
VOT-9bed92c3ce97,NCA-2011,2014-09-17,Article 38,,217,MARSAD_ANC
VOT-c2d32054316e,NCA-2011,2014-09-18,Projet de loi dans sa totalité,,217,MARSAD_ANC
VOT-ce4d32f99555,NCA-2011,2014-09-18,Article 40,,217,MARSAD_ANC
VOT-eec9d716f3c9,NCA-2011,2014-09-18,Article 41,,217,MARSAD_ANC
VOT-13fe4336b340,NCA-2011,2014-09-18,Article 42,,217,MARSAD_ANC
VOT-adbabdeaae74,NCA-2011,2014-09-18,Article 43,,217,MARSAD_ANC
VOT-5183e2fabfd2,NCA-2011,2014-09-18,Article 44,,217,MARSAD_ANC
VOT-1f7c39c9ee9d,NCA-2011,2014-09-18,Article 26,,217,MARSAD_ANC
VOT-d63e5652e9fd,NCA-2011,2014-09-18,Article 27,,217,MARSAD_ANC
VOT-10a910792464,NCA-2011,2014-09-18,Article 28,,217,MARSAD_ANC
VOT-78644255d9eb,NCA-2011,2014-09-18,Ajout d'un article nouveau après l'article 42,,217,MARSAD_ANC
VOT-e8bd86a3d5a7,NCA-2011,2014-09-18,Article 39,,217,MARSAD_ANC
VOT-bf2951548361,NCA-2011,2014-09-18,"Ajout d'un article nouveau au chapitre ""dispositions diverses""",,217,MARSAD_ANC
VOT-3842c40ddcc4,NCA-2011,2014-09-18,Ajout d'un article nouveau au premier chapitre,,217,MARSAD_ANC
VOT-48d089db0071,NCA-2011,2014-09-18,Ajout d'un article nouveau au premier chapitre,,217,MARSAD_ANC
VOT-5f79e3485895,NCA-2011,2014-09-18,Ajout d'un article nouveau,,217,MARSAD_ANC
VOT-67ebbd2d4d41,NCA-2011,2014-09-18,Retour à l'article 42,,217,MARSAD_ANC
VOT-cc1cee2aa576,NCA-2011,2014-09-23,"Vote sur la candidate à l'instance de la vérité et de la dignité, Lilia Braiek Bouguerra, qui remplace le membre démissionnaire Khmaies Chammari.",,217,MARSAD_ANC
VOT-1eee02b080a6,NCA-2011,2014-09-23,Vote sur le projet de loi N°52/2014 portant ratification d’un Avenant au Protocole Financier en date du 4 Juillet 2013 entre le Gouvernement de la République Tunisienne et le Gouvernement de la République Française relatif au Programme de mise à niveau des PME-PMI en Tunisie.,,217,MARSAD_ANC
VOT-433b8d418367,NCA-2011,2014-09-23,"Vote sur le report d'examen du projet de loi N°60/2014 complétant la loi N°83-87 du 11 novembre 1983, relative à la protection des terres agricoles.",,217,MARSAD_ANC
VOT-e0224cc087b1,NCA-2011,2014-09-25,"Vote sur le report d'examen du projet de loi N°60/2014 complétant la loi N°83-87 du 11 novembre 1983, relative à la protection des terres agricoles.",,217,MARSAD_ANC
VOT-ada121fdd759,NCA-2011,2014-09-25,Vote sur le projet de loi N°64/2014 relatif à l'octroi de congé exceptionnel aux agents publics candidats aux élections de l'Assemblée des Représentants du Peuple et aux élections présidentielles,,217,MARSAD_ANC
