person_id,committee_id,committee_name_ar,committee_type,assembly_id,role,start_date,end_date
TNP-00001,CMT-5267b383ff24,لجنة النظام الداخلي والقوانين الإنتخابية والقوانين البرلمانية والوظيفة الإنتخابية,standing,ARP-2023,rapporteur,2023-05-23,2026-01-25
TNP-00001,CMT-5267b383ff24,لجنة النظام الداخلي والقوانين الإنتخابية والقوانين البرلمانية والوظيفة الإنتخابية,standing,ARP-2023,member,2026-01-26,
TNP-00002,CMT-56efc6c780f9,لجنة التشريع العام,standing,ARP-2023,member,2023-05-23,2026-01-25
TNP-00002,CMT-56efc6c780f9,لجنة التشريع العام,standing,ARP-2023,vice_chair,2026-01-26,
TNP-00003,CMT-5267b383ff24,لجنة النظام الداخلي والقوانين الإنتخابية والقوانين البرلمانية والوظيفة الإنتخابية,standing,ARP-2023,member,2023-05-23,
TNP-00004,CMT-7c0357a9f3f7,لجنة السياحة والثقافة والخدمات والصناعات التقليدية,standing,ARP-2023,chair,2023-05-23,2025-01-02
TNP-00004,CMT-56efc6c780f9,لجنة التشريع العام,standing,ARP-2023,member,2025-01-03,2026-01-25
TNP-00004,CMT-d74c07127db9,لجنة العلاقات الخارجية والتعاون الدولي وشؤون التونسيين بالخارج والهجرة,standing,ARP-2023,member,2026-01-26,
TNP-00005,CMT-56efc6c780f9,لجنة التشريع العام,standing,ARP-2023,chair,2023-05-23,2026-01-25
TNP-00005,CMT-56efc6c780f9,لجنة التشريع العام,standing,ARP-2023,rapporteur,2026-01-26,
TNP-00006,CMT-56efc6c780f9,لجنة التشريع العام,standing,ARP-2023,member,2023-05-23,2025-01-02
TNP-00006,CMT-9dc809177956,لجنة التربية والتكوين المهني والبحث العلمي والشباب والرياضة,standing,ARP-2023,member,2025-01-03,2026-01-25
TNP-00007,CMT-5267b383ff24,لجنة النظام الداخلي والقوانين الإنتخابية والقوانين البرلمانية والوظيفة الإنتخابية,standing,ARP-2023,member,2023-05-23,2026-01-25
TNP-00007,CMT-5267b383ff24,لجنة النظام الداخلي والقوانين الإنتخابية والقوانين البرلمانية والوظيفة الإنتخابية,standing,ARP-2023,vice_chair,2026-01-26,
TNP-00008,CMT-76cc55ae8838,لجنة الحقوق والحريات,standing,ARP-2023,chair,2023-05-23,2025-01-02
TNP-00008,CMT-76cc55ae8838,لجنة الحقوق والحريات,standing,ARP-2023,member,2025-01-03,2026-01-25
TNP-00008,CMT-76cc55ae8838,لجنة الحقوق والحريات,standing,ARP-2023,rapporteur,2026-01-26,
TNP-00009,CMT-10ce63ee42df,لجنة التخطيط الإستراتيجي والتنمية المستدامة والنقل والبنية التحتية والتهيئة العمرانية,standing,ARP-2023,member,2023-05-23,2025-01-02
TNP-00009,CMT-56efc6c780f9,لجنة التشريع العام,standing,ARP-2023,member,2026-01-26,
TNP-00010,CMT-6d49329b2466,لجنة الصناعة والتجارة والثروات الطبيعية والطاقة والبيئة,standing,ARP-2023,member,2023-05-23,
TNP-00011,CMT-9dc809177956,لجنة التربية والتكوين المهني والبحث العلمي والشباب والرياضة,standing,ARP-2023,member,2023-05-23,2025-01-02
TNP-00011,CMT-7c0357a9f3f7,لجنة السياحة والثقافة والخدمات والصناعات التقليدية,standing,ARP-2023,member,2026-01-25,
TNP-00012,CMT-9dc809177956,لجنة التربية والتكوين المهني والبحث العلمي والشباب والرياضة,standing,ARP-2023,rapporteur,2023-05-23,
TNP-00013,CMT-9dc809177956,لجنة التربية والتكوين المهني والبحث العلمي والشباب والرياضة,standing,ARP-2023,vice_chair,2023-05-23,2025-01-02
TNP-00013,CMT-d74c07127db9,لجنة العلاقات الخارجية والتعاون الدولي وشؤون التونسيين بالخارج والهجرة,standing,ARP-2023,member,2025-01-03,2026-01-25
TNP-00013,CMT-9dc809177956,لجنة التربية والتكوين المهني والبحث العلمي والشباب والرياضة,standing,ARP-2023,member,2026-01-26,
TNP-00014,CMT-18172a2cec3f,لجنة الصحة وشؤون المرأة والأسرة والشؤون الإجتماعية وذوي الإعاقة,standing,ARP-2023,chair,2023-05-23,2025-05-09
TNP-00015,CMT-966af1bec2c4,لجنة المالية والميزانية,standing,ARP-2023,member,2023-05-23,2025-01-02
TNP-00015,CMT-6d49329b2466,لجنة الصناعة والتجارة والثروات الطبيعية والطاقة والبيئة,standing,ARP-2023,member,2025-01-03,2026-01-14
TNP-00016,CMT-9dc809177956,لجنة التربية والتكوين المهني والبحث العلمي والشباب والرياضة,standing,ARP-2023,member,2023-05-23,2025-01-02
TNP-00016,CMT-6d49329b2466,لجنة الصناعة والتجارة والثروات الطبيعية والطاقة والبيئة,standing,ARP-2023,rapporteur,2025-01-03,2026-01-25
TNP-00016,CMT-6d49329b2466,لجنة الصناعة والتجارة والثروات الطبيعية والطاقة والبيئة,standing,ARP-2023,member,2026-01-26,
TNP-00017,CMT-b3ceee509580,لجنة تنظيم الإدارة وتطويرها والرقمنة والحوكمة ومكافحة الفساد,standing,ARP-2023,member,2023-05-23,2025-01-02
TNP-00017,CMT-9dc809177956,لجنة التربية والتكوين المهني والبحث العلمي والشباب والرياضة,standing,ARP-2023,member,2025-01-03,2026-01-25
TNP-00017,CMT-9dc809177956,لجنة التربية والتكوين المهني والبحث العلمي والشباب والرياضة,standing,ARP-2023,vice_chair,2026-01-26,
TNP-00018,CMT-18172a2cec3f,لجنة الصحة وشؤون المرأة والأسرة والشؤون الإجتماعية وذوي الإعاقة,standing,ARP-2023,member,2023-05-23,2025-01-02
TNP-00018,CMT-18172a2cec3f,لجنة الصحة وشؤون المرأة والأسرة والشؤون الإجتماعية وذوي الإعاقة,standing,ARP-2023,vice_chair,2025-01-03,2026-01-24
TNP-00018,CMT-18172a2cec3f,لجنة الصحة وشؤون المرأة والأسرة والشؤون الإجتماعية وذوي الإعاقة,standing,ARP-2023,member,2026-01-25,
TNP-00019,CMT-18172a2cec3f,لجنة الصحة وشؤون المرأة والأسرة والشؤون الإجتماعية وذوي الإعاقة,standing,ARP-2023,member,2023-05-23,2025-01-02
TNP-00019,CMT-76cc55ae8838,لجنة الحقوق والحريات,standing,ARP-2023,vice_chair,2025-01-03,2026-01-25
TNP-00019,CMT-9dc809177956,لجنة التربية والتكوين المهني والبحث العلمي والشباب والرياضة,standing,ARP-2023,member,2026-01-26,
TNP-00020,CMT-56efc6c780f9,لجنة التشريع العام,standing,ARP-2023,member,2023-05-23,2025-01-02
TNP-00020,CMT-56efc6c780f9,لجنة التشريع العام,standing,ARP-2023,rapporteur,2025-01-03,2026-01-25
TNP-00020,CMT-56efc6c780f9,لجنة التشريع العام,standing,ARP-2023,member,2026-01-26,
TNP-00021,CMT-d74c07127db9,لجنة العلاقات الخارجية والتعاون الدولي وشؤون التونسيين بالخارج والهجرة,standing,ARP-2023,member,2023-05-23,2025-01-02
TNP-00021,CMT-966af1bec2c4,لجنة المالية والميزانية,standing,ARP-2023,member,2025-01-03,
TNP-00022,CMT-10ce63ee42df,لجنة التخطيط الإستراتيجي والتنمية المستدامة والنقل والبنية التحتية والتهيئة العمرانية,standing,ARP-2023,vice_chair,2023-05-23,2025-01-02
TNP-00022,CMT-10ce63ee42df,لجنة التخطيط الإستراتيجي والتنمية المستدامة والنقل والبنية التحتية والتهيئة العمرانية,standing,ARP-2023,member,2025-01-03,
TNP-00023,CMT-56efc6c780f9,لجنة التشريع العام,standing,ARP-2023,member,2023-05-23,
TNP-00024,CMT-966af1bec2c4,لجنة المالية والميزانية,standing,ARP-2023,member,2023-05-23,
TNP-00025,CMT-966af1bec2c4,لجنة المالية والميزانية,standing,ARP-2023,member,2023-05-23,
TNP-00026,CMT-7c0357a9f3f7,لجنة السياحة والثقافة والخدمات والصناعات التقليدية,standing,ARP-2023,vice_chair,2023-05-23,2025-01-02
TNP-00026,CMT-5a174a8e00bb,لجنة الفلاحة والأمن الغذائي والمائي والصيد البحري,standing,ARP-2023,rapporteur,2025-01-03,2026-01-25
TNP-00026,CMT-56efc6c780f9,لجنة التشريع العام,standing,ARP-2023,member,2026-01-26,
TNP-00027,CMT-b3ceee509580,لجنة تنظيم الإدارة وتطويرها والرقمنة والحوكمة ومكافحة الفساد,standing,ARP-2023,vice_chair,2023-05-23,
TNP-00028,CMT-56efc6c780f9,لجنة التشريع العام,standing,ARP-2023,member,2023-05-23,2026-01-25
TNP-00029,CMT-b3ceee509580,لجنة تنظيم الإدارة وتطويرها والرقمنة والحوكمة ومكافحة الفساد,standing,ARP-2023,member,2023-05-23,2026-01-25
TNP-00029,CMT-309f56b78ead,لجنة الدفاع والأمن والقوات الحاملة للسلاح,standing,ARP-2023,member,2026-01-26,
TNP-00030,CMT-309f56b78ead,لجنة الدفاع والأمن والقوات الحاملة للسلاح,standing,ARP-2023,member,2023-05-23,2025-01-02
TNP-00030,CMT-309f56b78ead,لجنة الدفاع والأمن والقوات الحاملة للسلاح,standing,ARP-2023,chair,2025-01-03,2026-01-25
TNP-00030,CMT-309f56b78ead,لجنة الدفاع والأمن والقوات الحاملة للسلاح,standing,ARP-2023,member,2026-01-26,
TNP-00031,CMT-6d49329b2466,لجنة الصناعة والتجارة والثروات الطبيعية والطاقة والبيئة,standing,ARP-2023,chair,2023-05-23,2025-01-02
TNP-00031,CMT-6d49329b2466,لجنة الصناعة والتجارة والثروات الطبيعية والطاقة والبيئة,standing,ARP-2023,member,2025-01-03,
TNP-00032,CMT-6d49329b2466,لجنة الصناعة والتجارة والثروات الطبيعية والطاقة والبيئة,standing,ARP-2023,member,2023-05-23,2026-01-25
TNP-00032,CMT-6d49329b2466,لجنة الصناعة والتجارة والثروات الطبيعية والطاقة والبيئة,standing,ARP-2023,rapporteur,2026-01-26,
TNP-00033,CMT-76cc55ae8838,لجنة الحقوق والحريات,standing,ARP-2023,rapporteur,2023-05-23,2025-01-02
TNP-00033,CMT-76cc55ae8838,لجنة الحقوق والحريات,standing,ARP-2023,chair,2025-01-03,2026-01-25
TNP-00033,CMT-76cc55ae8838,لجنة الحقوق والحريات,standing,ARP-2023,member,2026-01-26,
TNP-00034,CMT-309f56b78ead,لجنة الدفاع والأمن والقوات الحاملة للسلاح,standing,ARP-2023,member,2023-05-23,2025-01-02
TNP-00034,CMT-5267b383ff24,لجنة النظام الداخلي والقوانين الإنتخابية والقوانين البرلمانية والوظيفة الإنتخابية,standing,ARP-2023,member,2025-01-03,2026-01-25
TNP-00034,CMT-309f56b78ead,لجنة الدفاع والأمن والقوات الحاملة للسلاح,standing,ARP-2023,member,2026-01-26,
TNP-00035,CMT-5a174a8e00bb,لجنة الفلاحة والأمن الغذائي والمائي والصيد البحري,standing,ARP-2023,vice_chair,2023-05-23,2025-01-02
TNP-00035,CMT-76cc55ae8838,لجنة الحقوق والحريات,standing,ARP-2023,member,2025-01-03,
TNP-00036,CMT-966af1bec2c4,لجنة المالية والميزانية,standing,ARP-2023,member,2023-05-23,
TNP-00037,CMT-5a174a8e00bb,لجنة الفلاحة والأمن الغذائي والمائي والصيد البحري,standing,ARP-2023,member,2023-05-23,2025-01-02
TNP-00037,CMT-5a174a8e00bb,لجنة الفلاحة والأمن الغذائي والمائي والصيد البحري,standing,ARP-2023,vice_chair,2025-01-03,2026-01-25
TNP-00037,CMT-5a174a8e00bb,لجنة الفلاحة والأمن الغذائي والمائي والصيد البحري,standing,ARP-2023,member,2026-01-26,
TNP-00038,CMT-966af1bec2c4,لجنة المالية والميزانية,standing,ARP-2023,member,2023-05-23,2025-01-02
TNP-00038,CMT-966af1bec2c4,لجنة المالية والميزانية,standing,ARP-2023,rapporteur,2025-01-03,2026-01-25
TNP-00038,CMT-966af1bec2c4,لجنة المالية والميزانية,standing,ARP-2023,member,2026-01-26,
TNP-00039,CMT-5a174a8e00bb,لجنة الفلاحة والأمن الغذائي والمائي والصيد البحري,standing,ARP-2023,rapporteur,2023-05-23,2025-01-02
TNP-00039,CMT-5a174a8e00bb,لجنة الفلاحة والأمن الغذائي والمائي والصيد البحري,standing,ARP-2023,member,2025-01-03,2026-01-25
TNP-00039,CMT-6d49329b2466,لجنة الصناعة والتجارة والثروات الطبيعية والطاقة والبيئة,standing,ARP-2023,chair,2026-01-26,
TNP-00040,CMT-966af1bec2c4,لجنة المالية والميزانية,standing,ARP-2023,member,2025-01-03,
TNP-00041,CMT-9dc809177956,لجنة التربية والتكوين المهني والبحث العلمي والشباب والرياضة,standing,ARP-2023,member,2023-05-23,2026-01-24
TNP-00041,CMT-7c0357a9f3f7,لجنة السياحة والثقافة والخدمات والصناعات التقليدية,standing,ARP-2023,chair,2026-01-25,
TNP-00042,CMT-7c0357a9f3f7,لجنة السياحة والثقافة والخدمات والصناعات التقليدية,standing,ARP-2023,member,2023-05-23,2025-01-02
TNP-00042,CMT-7c0357a9f3f7,لجنة السياحة والثقافة والخدمات والصناعات التقليدية,standing,ARP-2023,vice_chair,2025-01-03,2026-01-24
TNP-00042,CMT-7c0357a9f3f7,لجنة السياحة والثقافة والخدمات والصناعات التقليدية,standing,ARP-2023,member,2026-01-25,
TNP-00043,CMT-5267b383ff24,لجنة النظام الداخلي والقوانين الإنتخابية والقوانين البرلمانية والوظيفة الإنتخابية,standing,ARP-2023,chair,2023-05-23,
TNP-00044,CMT-18172a2cec3f,لجنة الصحة وشؤون المرأة والأسرة والشؤون الإجتماعية وذوي الإعاقة,standing,ARP-2023,member,2023-05-23,2025-01-02
TNP-00044,CMT-5267b383ff24,لجنة النظام الداخلي والقوانين الإنتخابية والقوانين البرلمانية والوظيفة الإنتخابية,standing,ARP-2023,member,2025-01-03,
TNP-00045,CMT-b3ceee509580,لجنة تنظيم الإدارة وتطويرها والرقمنة والحوكمة ومكافحة الفساد,standing,ARP-2023,member,2023-05-23,2026-01-14
TNP-00046,CMT-966af1bec2c4,لجنة المالية والميزانية,standing,ARP-2023,member,2023-05-23,2026-01-25
TNP-00046,CMT-966af1bec2c4,لجنة المالية والميزانية,standing,ARP-2023,chair,2026-01-26,
TNP-00047,CMT-7c0357a9f3f7,لجنة السياحة والثقافة والخدمات والصناعات التقليدية,standing,ARP-2023,member,2023-05-23,2026-01-24
TNP-00047,CMT-18172a2cec3f,لجنة الصحة وشؤون المرأة والأسرة والشؤون الإجتماعية وذوي الإعاقة,standing,ARP-2023,member,2026-01-25,
TNP-00048,CMT-56efc6c780f9,لجنة التشريع العام,standing,ARP-2023,member,2023-05-23,
TNP-00049,CMT-b3ceee509580,لجنة تنظيم الإدارة وتطويرها والرقمنة والحوكمة ومكافحة الفساد,standing,ARP-2023,member,2023-05-23,2025-01-02
TNP-00049,CMT-5a174a8e00bb,لجنة الفلاحة والأمن الغذائي والمائي والصيد البحري,standing,ARP-2023,member,2025-01-03,2026-01-25
TNP-00049,CMT-76cc55ae8838,لجنة الحقوق والحريات,standing,ARP-2023,member,2026-01-26,
TNP-00050,CMT-d74c07127db9,لجنة العلاقات الخارجية والتعاون الدولي وشؤون التونسيين بالخارج والهجرة,standing,ARP-2023,member,2023-05-23,2026-01-25
TNP-00050,CMT-d74c07127db9,لجنة العلاقات الخارجية والتعاون الدولي وشؤون التونسيين بالخارج والهجرة,standing,ARP-2023,vice_chair,2026-01-26,
TNP-00051,CMT-9dc809177956,لجنة التربية والتكوين المهني والبحث العلمي والشباب والرياضة,standing,ARP-2023,member,2023-05-23,2025-01-02
TNP-00051,CMT-9dc809177956,لجنة التربية والتكوين المهني والبحث العلمي والشباب والرياضة,standing,ARP-2023,chair,2025-01-03,2026-01-25
TNP-00051,CMT-9dc809177956,لجنة التربية والتكوين المهني والبحث العلمي والشباب والرياضة,standing,ARP-2023,member,2026-01-26,
TNP-00052,CMT-5a174a8e00bb,لجنة الفلاحة والأمن الغذائي والمائي والصيد البحري,standing,ARP-2023,member,2023-05-23,2025-01-02
TNP-00052,CMT-7c0357a9f3f7,لجنة السياحة والثقافة والخدمات والصناعات التقليدية,standing,ARP-2023,member,2025-01-03,
TNP-00053,CMT-56efc6c780f9,لجنة التشريع العام,standing,ARP-2023,member,2023-05-23,2026-01-25
TNP-00053,CMT-56efc6c780f9,لجنة التشريع العام,standing,ARP-2023,chair,2026-01-26,
TNP-00054,CMT-76cc55ae8838,لجنة الحقوق والحريات,standing,ARP-2023,member,2023-05-23,2026-01-14
TNP-00055,CMT-9dc809177956,لجنة التربية والتكوين المهني والبحث العلمي والشباب والرياضة,standing,ARP-2023,chair,2023-05-23,2025-01-02
TNP-00055,CMT-9dc809177956,لجنة التربية والتكوين المهني والبحث العلمي والشباب والرياضة,standing,ARP-2023,member,2025-01-03,
TNP-00056,CMT-18172a2cec3f,لجنة الصحة وشؤون المرأة والأسرة والشؤون الإجتماعية وذوي الإعاقة,standing,ARP-2023,member,2023-05-23,2026-01-24
TNP-00056,CMT-309f56b78ead,لجنة الدفاع والأمن والقوات الحاملة للسلاح,standing,ARP-2023,member,2026-01-26,
TNP-00057,CMT-56efc6c780f9,لجنة التشريع العام,standing,ARP-2023,member,2023-05-23,2026-01-25
TNP-00057,CMT-309f56b78ead,لجنة الدفاع والأمن والقوات الحاملة للسلاح,standing,ARP-2023,rapporteur,2026-01-26,
TNP-00058,CMT-76cc55ae8838,لجنة الحقوق والحريات,standing,ARP-2023,member,2023-05-23,2025-10-24
TNP-00058,CMT-56efc6c780f9,لجنة التشريع العام,standing,ARP-2023,member,2026-01-26,
TNP-00059,CMT-76cc55ae8838,لجنة الحقوق والحريات,standing,ARP-2023,vice_chair,2023-05-23,2025-01-02
TNP-00059,CMT-b3ceee509580,لجنة تنظيم الإدارة وتطويرها والرقمنة والحوكمة ومكافحة الفساد,standing,ARP-2023,member,2025-01-03,
TNP-00060,CMT-309f56b78ead,لجنة الدفاع والأمن والقوات الحاملة للسلاح,standing,ARP-2023,member,2023-05-23,2025-01-02
TNP-00060,CMT-309f56b78ead,لجنة الدفاع والأمن والقوات الحاملة للسلاح,standing,ARP-2023,vice_chair,2025-01-03,2026-01-25
TNP-00060,CMT-56efc6c780f9,لجنة التشريع العام,standing,ARP-2023,member,2026-01-26,
TNP-00061,CMT-18172a2cec3f,لجنة الصحة وشؤون المرأة والأسرة والشؤون الإجتماعية وذوي الإعاقة,standing,ARP-2023,member,2025-01-03,
TNP-00062,CMT-6d49329b2466,لجنة الصناعة والتجارة والثروات الطبيعية والطاقة والبيئة,standing,ARP-2023,member,2023-05-23,2025-01-02
TNP-00062,CMT-6d49329b2466,لجنة الصناعة والتجارة والثروات الطبيعية والطاقة والبيئة,standing,ARP-2023,vice_chair,2025-01-03,2026-01-25
TNP-00062,CMT-5a174a8e00bb,لجنة الفلاحة والأمن الغذائي والمائي والصيد البحري,standing,ARP-2023,member,2026-01-26,2026-07-13
TNP-00062,CMT-5a174a8e00bb,لجنة الفلاحة والأمن الغذائي والمائي والصيد البحري,standing,ARP-2023,chair,2026-07-14,
TNP-00063,CMT-d74c07127db9,لجنة العلاقات الخارجية والتعاون الدولي وشؤون التونسيين بالخارج والهجرة,standing,ARP-2023,member,2023-05-23,2025-01-02
TNP-00063,CMT-d74c07127db9,لجنة العلاقات الخارجية والتعاون الدولي وشؤون التونسيين بالخارج والهجرة,standing,ARP-2023,member,2026-01-26,
TNP-00064,CMT-d74c07127db9,لجنة العلاقات الخارجية والتعاون الدولي وشؤون التونسيين بالخارج والهجرة,standing,ARP-2023,vice_chair,2023-05-23,2025-01-02
TNP-00064,CMT-56efc6c780f9,لجنة التشريع العام,standing,ARP-2023,member,2025-01-03,2026-01-25
TNP-00064,CMT-5a174a8e00bb,لجنة الفلاحة والأمن الغذائي والمائي والصيد البحري,standing,ARP-2023,member,2026-01-26,
TNP-00065,CMT-76cc55ae8838,لجنة الحقوق والحريات,standing,ARP-2023,member,2023-05-23,2026-01-14
TNP-00066,CMT-5a174a8e00bb,لجنة الفلاحة والأمن الغذائي والمائي والصيد البحري,standing,ARP-2023,member,2023-05-23,2025-01-02
TNP-00066,CMT-966af1bec2c4,لجنة المالية والميزانية,standing,ARP-2023,member,2025-01-03,2026-01-25
TNP-00066,CMT-b3ceee509580,لجنة تنظيم الإدارة وتطويرها والرقمنة والحوكمة ومكافحة الفساد,standing,ARP-2023,rapporteur,2026-01-26,
TNP-00067,CMT-966af1bec2c4,لجنة المالية والميزانية,standing,ARP-2023,member,2023-05-23,
TNP-00068,CMT-18172a2cec3f,لجنة الصحة وشؤون المرأة والأسرة والشؤون الإجتماعية وذوي الإعاقة,standing,ARP-2023,vice_chair,2023-05-23,2025-01-02
TNP-00068,CMT-18172a2cec3f,لجنة الصحة وشؤون المرأة والأسرة والشؤون الإجتماعية وذوي الإعاقة,standing,ARP-2023,member,2025-01-03,2026-01-25
TNP-00068,CMT-56efc6c780f9,لجنة التشريع العام,standing,ARP-2023,member,2026-01-26,
TNP-00069,CMT-966af1bec2c4,لجنة المالية والميزانية,standing,ARP-2023,chair,2023-05-23,2025-01-02
TNP-00069,CMT-966af1bec2c4,لجنة المالية والميزانية,standing,ARP-2023,vice_chair,2025-01-03,2026-01-25
TNP-00069,CMT-966af1bec2c4,لجنة المالية والميزانية,standing,ARP-2023,member,2026-01-26,
TNP-00070,CMT-966af1bec2c4,لجنة المالية والميزانية,standing,ARP-2023,rapporteur,2023-05-23,2025-01-02
TNP-00070,CMT-6d49329b2466,لجنة الصناعة والتجارة والثروات الطبيعية والطاقة والبيئة,standing,ARP-2023,member,2025-01-03,
TNP-00071,CMT-d74c07127db9,لجنة العلاقات الخارجية والتعاون الدولي وشؤون التونسيين بالخارج والهجرة,standing,ARP-2023,chair,2023-05-23,2025-01-02
TNP-00071,CMT-7c0357a9f3f7,لجنة السياحة والثقافة والخدمات والصناعات التقليدية,standing,ARP-2023,member,2025-01-03,2026-01-24
TNP-00071,CMT-5267b383ff24,لجنة النظام الداخلي والقوانين الإنتخابية والقوانين البرلمانية والوظيفة الإنتخابية,standing,ARP-2023,member,2026-01-26,
TNP-00072,CMT-18172a2cec3f,لجنة الصحة وشؤون المرأة والأسرة والشؤون الإجتماعية وذوي الإعاقة,standing,ARP-2023,member,2025-01-03,2026-01-24
TNP-00072,CMT-18172a2cec3f,لجنة الصحة وشؤون المرأة والأسرة والشؤون الإجتماعية وذوي الإعاقة,standing,ARP-2023,chair,2026-01-25,
TNP-00073,CMT-6d49329b2466,لجنة الصناعة والتجارة والثروات الطبيعية والطاقة والبيئة,standing,ARP-2023,vice_chair,2026-01-26,
TNP-00074,CMT-18172a2cec3f,لجنة الصحة وشؤون المرأة والأسرة والشؤون الإجتماعية وذوي الإعاقة,standing,ARP-2023,member,2023-05-23,2026-01-24
TNP-00074,CMT-18172a2cec3f,لجنة الصحة وشؤون المرأة والأسرة والشؤون الإجتماعية وذوي الإعاقة,standing,ARP-2023,vice_chair,2026-01-25,
TNP-00075,CMT-5267b383ff24,لجنة النظام الداخلي والقوانين الإنتخابية والقوانين البرلمانية والوظيفة الإنتخابية,standing,ARP-2023,member,2023-05-23,2025-01-02
TNP-00075,CMT-6d49329b2466,لجنة الصناعة والتجارة والثروات الطبيعية والطاقة والبيئة,standing,ARP-2023,member,2026-01-26,
TNP-00076,CMT-b3ceee509580,لجنة تنظيم الإدارة وتطويرها والرقمنة والحوكمة ومكافحة الفساد,standing,ARP-2023,member,2023-05-23,2025-01-02
TNP-00076,CMT-6d49329b2466,لجنة الصناعة والتجارة والثروات الطبيعية والطاقة والبيئة,standing,ARP-2023,member,2026-01-26,
TNP-00077,CMT-56efc6c780f9,لجنة التشريع العام,standing,ARP-2023,member,2023-05-23,2026-01-25
TNP-00077,CMT-b3ceee509580,لجنة تنظيم الإدارة وتطويرها والرقمنة والحوكمة ومكافحة الفساد,standing,ARP-2023,member,2026-01-26,
TNP-00078,CMT-966af1bec2c4,لجنة المالية والميزانية,standing,ARP-2023,member,2023-05-23,2025-01-02
TNP-00078,CMT-309f56b78ead,لجنة الدفاع والأمن والقوات الحاملة للسلاح,standing,ARP-2023,member,2025-01-03,2026-01-25
TNP-00078,CMT-309f56b78ead,لجنة الدفاع والأمن والقوات الحاملة للسلاح,standing,ARP-2023,chair,2026-01-26,
TNP-00079,CMT-5a174a8e00bb,لجنة الفلاحة والأمن الغذائي والمائي والصيد البحري,standing,ARP-2023,member,2023-05-23,
TNP-00080,CMT-9dc809177956,لجنة التربية والتكوين المهني والبحث العلمي والشباب والرياضة,standing,ARP-2023,member,2023-05-23,2025-01-02
TNP-00080,CMT-d74c07127db9,لجنة العلاقات الخارجية والتعاون الدولي وشؤون التونسيين بالخارج والهجرة,standing,ARP-2023,member,2025-01-03,2026-01-25
TNP-00080,CMT-9dc809177956,لجنة التربية والتكوين المهني والبحث العلمي والشباب والرياضة,standing,ARP-2023,chair,2026-01-26,
TNP-00081,CMT-309f56b78ead,لجنة الدفاع والأمن والقوات الحاملة للسلاح,standing,ARP-2023,member,2023-05-23,2025-01-02
TNP-00081,CMT-6d49329b2466,لجنة الصناعة والتجارة والثروات الطبيعية والطاقة والبيئة,standing,ARP-2023,member,2025-01-03,2026-01-25
TNP-00082,CMT-d74c07127db9,لجنة العلاقات الخارجية والتعاون الدولي وشؤون التونسيين بالخارج والهجرة,standing,ARP-2023,member,2023-05-23,
TNP-00083,CMT-966af1bec2c4,لجنة المالية والميزانية,standing,ARP-2023,vice_chair,2023-05-23,2025-01-02
TNP-00083,CMT-966af1bec2c4,لجنة المالية والميزانية,standing,ARP-2023,chair,2025-01-03,2026-01-25
TNP-00083,CMT-18172a2cec3f,لجنة الصحة وشؤون المرأة والأسرة والشؤون الإجتماعية وذوي الإعاقة,standing,ARP-2023,member,2026-01-25,
TNP-00084,CMT-309f56b78ead,لجنة الدفاع والأمن والقوات الحاملة للسلاح,standing,ARP-2023,chair,2023-05-23,2025-01-02
TNP-00084,CMT-309f56b78ead,لجنة الدفاع والأمن والقوات الحاملة للسلاح,standing,ARP-2023,member,2025-01-03,
TNP-00085,CMT-966af1bec2c4,لجنة المالية والميزانية,standing,ARP-2023,member,2023-05-23,2026-01-14
TNP-00086,CMT-56efc6c780f9,لجنة التشريع العام,standing,ARP-2023,rapporteur,2023-05-24,2025-01-02
TNP-00086,CMT-966af1bec2c4,لجنة المالية والميزانية,standing,ARP-2023,member,2025-01-03,2026-01-25
TNP-00086,CMT-966af1bec2c4,لجنة المالية والميزانية,standing,ARP-2023,vice_chair,2026-01-26,
TNP-00087,CMT-10ce63ee42df,لجنة التخطيط الإستراتيجي والتنمية المستدامة والنقل والبنية التحتية والتهيئة العمرانية,standing,ARP-2023,member,2023-05-23,2026-01-25
TNP-00087,CMT-10ce63ee42df,لجنة التخطيط الإستراتيجي والتنمية المستدامة والنقل والبنية التحتية والتهيئة العمرانية,standing,ARP-2023,vice_chair,2026-01-26,
TNP-00088,CMT-d74c07127db9,لجنة العلاقات الخارجية والتعاون الدولي وشؤون التونسيين بالخارج والهجرة,standing,ARP-2023,rapporteur,2023-05-23,2025-01-02
TNP-00088,CMT-d74c07127db9,لجنة العلاقات الخارجية والتعاون الدولي وشؤون التونسيين بالخارج والهجرة,standing,ARP-2023,member,2025-01-03,2026-01-25
TNP-00088,CMT-10ce63ee42df,لجنة التخطيط الإستراتيجي والتنمية المستدامة والنقل والبنية التحتية والتهيئة العمرانية,standing,ARP-2023,member,2026-01-26,
TNP-00089,CMT-7c0357a9f3f7,لجنة السياحة والثقافة والخدمات والصناعات التقليدية,standing,ARP-2023,member,2023-05-23,2025-01-02
TNP-00089,CMT-d74c07127db9,لجنة العلاقات الخارجية والتعاون الدولي وشؤون التونسيين بالخارج والهجرة,standing,ARP-2023,member,2026-01-26,
TNP-00090,CMT-5a174a8e00bb,لجنة الفلاحة والأمن الغذائي والمائي والصيد البحري,standing,ARP-2023,chair,2023-05-23,2025-01-02
TNP-00090,CMT-5267b383ff24,لجنة النظام الداخلي والقوانين الإنتخابية والقوانين البرلمانية والوظيفة الإنتخابية,standing,ARP-2023,member,2025-01-03,
TNP-00091,CMT-56efc6c780f9,لجنة التشريع العام,standing,ARP-2023,vice_chair,2023-05-24,2026-01-25
TNP-00091,CMT-56efc6c780f9,لجنة التشريع العام,standing,ARP-2023,member,2026-01-26,2026-03-09
TNP-00092,CMT-309f56b78ead,لجنة الدفاع والأمن والقوات الحاملة للسلاح,standing,ARP-2023,member,2023-05-23,2026-01-24
TNP-00092,CMT-7c0357a9f3f7,لجنة السياحة والثقافة والخدمات والصناعات التقليدية,standing,ARP-2023,member,2026-01-25,
TNP-00093,CMT-10ce63ee42df,لجنة التخطيط الإستراتيجي والتنمية المستدامة والنقل والبنية التحتية والتهيئة العمرانية,standing,ARP-2023,rapporteur,2023-05-23,
TNP-00094,CMT-b3ceee509580,لجنة تنظيم الإدارة وتطويرها والرقمنة والحوكمة ومكافحة الفساد,standing,ARP-2023,member,2023-05-23,
TNP-00095,CMT-10ce63ee42df,لجنة التخطيط الإستراتيجي والتنمية المستدامة والنقل والبنية التحتية والتهيئة العمرانية,standing,ARP-2023,member,2023-05-23,2025-01-02
TNP-00095,CMT-10ce63ee42df,لجنة التخطيط الإستراتيجي والتنمية المستدامة والنقل والبنية التحتية والتهيئة العمرانية,standing,ARP-2023,chair,2025-01-03,
TNP-00096,CMT-6d49329b2466,لجنة الصناعة والتجارة والثروات الطبيعية والطاقة والبيئة,standing,ARP-2023,member,2023-05-23,2025-01-02
TNP-00096,CMT-6d49329b2466,لجنة الصناعة والتجارة والثروات الطبيعية والطاقة والبيئة,standing,ARP-2023,chair,2025-01-03,2026-01-25
TNP-00096,CMT-76cc55ae8838,لجنة الحقوق والحريات,standing,ARP-2023,member,2026-01-26,
TNP-00097,CMT-10ce63ee42df,لجنة التخطيط الإستراتيجي والتنمية المستدامة والنقل والبنية التحتية والتهيئة العمرانية,standing,ARP-2023,chair,2023-05-23,2025-01-02
TNP-00097,CMT-10ce63ee42df,لجنة التخطيط الإستراتيجي والتنمية المستدامة والنقل والبنية التحتية والتهيئة العمرانية,standing,ARP-2023,member,2025-01-03,
TNP-00098,CMT-7c0357a9f3f7,لجنة السياحة والثقافة والخدمات والصناعات التقليدية,standing,ARP-2023,member,2023-05-23,2026-01-25
TNP-00098,CMT-5a174a8e00bb,لجنة الفلاحة والأمن الغذائي والمائي والصيد البحري,standing,ARP-2023,rapporteur,2026-01-26,
TNP-00099,CMT-56efc6c780f9,لجنة التشريع العام,standing,ARP-2023,member,2025-01-03,2026-01-25
TNP-00099,CMT-d74c07127db9,لجنة العلاقات الخارجية والتعاون الدولي وشؤون التونسيين بالخارج والهجرة,standing,ARP-2023,member,2026-01-26,
TNP-00101,CMT-5267b383ff24,لجنة النظام الداخلي والقوانين الإنتخابية والقوانين البرلمانية والوظيفة الإنتخابية,standing,ARP-2023,member,2023-05-23,2025-01-02
TNP-00101,CMT-5267b383ff24,لجنة النظام الداخلي والقوانين الإنتخابية والقوانين البرلمانية والوظيفة الإنتخابية,standing,ARP-2023,vice_chair,2025-01-03,2026-01-14
TNP-00102,CMT-10ce63ee42df,لجنة التخطيط الإستراتيجي والتنمية المستدامة والنقل والبنية التحتية والتهيئة العمرانية,standing,ARP-2023,member,2023-05-23,
TNP-00103,CMT-6d49329b2466,لجنة الصناعة والتجارة والثروات الطبيعية والطاقة والبيئة,standing,ARP-2023,member,2023-05-23,2025-01-02
TNP-00103,CMT-5a174a8e00bb,لجنة الفلاحة والأمن الغذائي والمائي والصيد البحري,standing,ARP-2023,member,2025-01-03,2026-01-25
TNP-00103,CMT-309f56b78ead,لجنة الدفاع والأمن والقوات الحاملة للسلاح,standing,ARP-2023,member,2026-01-26,
TNP-00104,CMT-b3ceee509580,لجنة تنظيم الإدارة وتطويرها والرقمنة والحوكمة ومكافحة الفساد,standing,ARP-2023,vice_chair,2023-05-23,2025-01-02
TNP-00104,CMT-309f56b78ead,لجنة الدفاع والأمن والقوات الحاملة للسلاح,standing,ARP-2023,member,2025-01-03,2026-01-25
TNP-00104,CMT-b3ceee509580,لجنة تنظيم الإدارة وتطويرها والرقمنة والحوكمة ومكافحة الفساد,standing,ARP-2023,chair,2026-01-26,
TNP-00105,CMT-5267b383ff24,لجنة النظام الداخلي والقوانين الإنتخابية والقوانين البرلمانية والوظيفة الإنتخابية,standing,ARP-2023,member,2025-01-03,
TNP-00106,CMT-6d49329b2466,لجنة الصناعة والتجارة والثروات الطبيعية والطاقة والبيئة,standing,ARP-2023,member,2023-05-23,2025-01-02
TNP-00106,CMT-7c0357a9f3f7,لجنة السياحة والثقافة والخدمات والصناعات التقليدية,standing,ARP-2023,member,2025-01-03,2025-03-13
TNP-00107,CMT-76cc55ae8838,لجنة الحقوق والحريات,standing,ARP-2023,member,2023-05-23,2025-01-02
TNP-00107,CMT-10ce63ee42df,لجنة التخطيط الإستراتيجي والتنمية المستدامة والنقل والبنية التحتية والتهيئة العمرانية,standing,ARP-2023,member,2025-01-03,
TNP-00108,CMT-5267b383ff24,لجنة النظام الداخلي والقوانين الإنتخابية والقوانين البرلمانية والوظيفة الإنتخابية,standing,ARP-2023,member,2023-05-23,2025-01-02
TNP-00108,CMT-966af1bec2c4,لجنة المالية والميزانية,standing,ARP-2023,member,2025-01-03,2026-01-25
TNP-00108,CMT-966af1bec2c4,لجنة المالية والميزانية,standing,ARP-2023,rapporteur,2026-01-26,
TNP-00109,CMT-6d49329b2466,لجنة الصناعة والتجارة والثروات الطبيعية والطاقة والبيئة,standing,ARP-2023,rapporteur,2023-05-23,2025-01-02
TNP-00109,CMT-56efc6c780f9,لجنة التشريع العام,standing,ARP-2023,member,2025-01-03,2026-01-25
TNP-00109,CMT-10ce63ee42df,لجنة التخطيط الإستراتيجي والتنمية المستدامة والنقل والبنية التحتية والتهيئة العمرانية,standing,ARP-2023,member,2026-01-26,
TNP-00110,CMT-966af1bec2c4,لجنة المالية والميزانية,standing,ARP-2023,member,2023-05-23,2025-01-02
TNP-00110,CMT-d74c07127db9,لجنة العلاقات الخارجية والتعاون الدولي وشؤون التونسيين بالخارج والهجرة,standing,ARP-2023,vice_chair,2025-01-03,2026-01-25
TNP-00110,CMT-56efc6c780f9,لجنة التشريع العام,standing,ARP-2023,member,2026-01-26,
TNP-00111,CMT-5267b383ff24,لجنة النظام الداخلي والقوانين الإنتخابية والقوانين البرلمانية والوظيفة الإنتخابية,standing,ARP-2023,member,2025-01-03,2026-01-25
TNP-00111,CMT-d74c07127db9,لجنة العلاقات الخارجية والتعاون الدولي وشؤون التونسيين بالخارج والهجرة,standing,ARP-2023,chair,2026-01-26,
TNP-00112,CMT-18172a2cec3f,لجنة الصحة وشؤون المرأة والأسرة والشؤون الإجتماعية وذوي الإعاقة,standing,ARP-2023,member,2023-05-23,
TNP-00113,CMT-18172a2cec3f,لجنة الصحة وشؤون المرأة والأسرة والشؤون الإجتماعية وذوي الإعاقة,standing,ARP-2023,rapporteur,2023-05-23,
TNP-00114,CMT-7c0357a9f3f7,لجنة السياحة والثقافة والخدمات والصناعات التقليدية,standing,ARP-2023,member,2023-05-23,2025-01-02
TNP-00114,CMT-7c0357a9f3f7,لجنة السياحة والثقافة والخدمات والصناعات التقليدية,standing,ARP-2023,member,2026-01-25,
TNP-00115,CMT-b3ceee509580,لجنة تنظيم الإدارة وتطويرها والرقمنة والحوكمة ومكافحة الفساد,standing,ARP-2023,chair,2023-05-23,2025-01-02
TNP-00115,CMT-7c0357a9f3f7,لجنة السياحة والثقافة والخدمات والصناعات التقليدية,standing,ARP-2023,member,2025-01-03,2026-01-24
TNP-00115,CMT-b3ceee509580,لجنة تنظيم الإدارة وتطويرها والرقمنة والحوكمة ومكافحة الفساد,standing,ARP-2023,member,2026-01-26,
TNP-00116,CMT-b3ceee509580,لجنة تنظيم الإدارة وتطويرها والرقمنة والحوكمة ومكافحة الفساد,standing,ARP-2023,member,2023-05-23,2026-01-25
TNP-00116,CMT-5a174a8e00bb,لجنة الفلاحة والأمن الغذائي والمائي والصيد البحري,standing,ARP-2023,member,2026-01-26,
TNP-00117,CMT-309f56b78ead,لجنة الدفاع والأمن والقوات الحاملة للسلاح,standing,ARP-2023,vice_chair,2023-05-23,2025-01-02
TNP-00117,CMT-309f56b78ead,لجنة الدفاع والأمن والقوات الحاملة للسلاح,standing,ARP-2023,rapporteur,2025-01-03,2026-01-25
TNP-00117,CMT-5a174a8e00bb,لجنة الفلاحة والأمن الغذائي والمائي والصيد البحري,standing,ARP-2023,vice_chair,2026-01-26,
TNP-00118,CMT-5a174a8e00bb,لجنة الفلاحة والأمن الغذائي والمائي والصيد البحري,standing,ARP-2023,member,2026-01-26,
TNP-00119,CMT-10ce63ee42df,لجنة التخطيط الإستراتيجي والتنمية المستدامة والنقل والبنية التحتية والتهيئة العمرانية,standing,ARP-2023,member,2023-05-23,2026-01-25
TNP-00119,CMT-9dc809177956,لجنة التربية والتكوين المهني والبحث العلمي والشباب والرياضة,standing,ARP-2023,member,2026-01-26,
TNP-00120,CMT-76cc55ae8838,لجنة الحقوق والحريات,standing,ARP-2023,member,2023-05-23,2025-01-02
TNP-00120,CMT-b3ceee509580,لجنة تنظيم الإدارة وتطويرها والرقمنة والحوكمة ومكافحة الفساد,standing,ARP-2023,chair,2025-01-03,2026-01-25
TNP-00120,CMT-b3ceee509580,لجنة تنظيم الإدارة وتطويرها والرقمنة والحوكمة ومكافحة الفساد,standing,ARP-2023,member,2026-01-26,
TNP-00121,CMT-7c0357a9f3f7,لجنة السياحة والثقافة والخدمات والصناعات التقليدية,standing,ARP-2023,member,2023-05-23,2025-01-02
TNP-00121,CMT-7c0357a9f3f7,لجنة السياحة والثقافة والخدمات والصناعات التقليدية,standing,ARP-2023,rapporteur,2025-01-03,2026-01-24
TNP-00121,CMT-7c0357a9f3f7,لجنة السياحة والثقافة والخدمات والصناعات التقليدية,standing,ARP-2023,vice_chair,2026-01-25,
TNP-00122,CMT-5a174a8e00bb,لجنة الفلاحة والأمن الغذائي والمائي والصيد البحري,standing,ARP-2023,member,2023-05-23,2026-01-25
TNP-00122,CMT-5a174a8e00bb,لجنة الفلاحة والأمن الغذائي والمائي والصيد البحري,standing,ARP-2023,chair,2026-01-26,2026-07-14
TNP-00123,CMT-5267b383ff24,لجنة النظام الداخلي والقوانين الإنتخابية والقوانين البرلمانية والوظيفة الإنتخابية,standing,ARP-2023,member,2023-05-23,2025-01-02
TNP-00123,CMT-5a174a8e00bb,لجنة الفلاحة والأمن الغذائي والمائي والصيد البحري,standing,ARP-2023,member,2025-01-03,2026-01-25
TNP-00123,CMT-309f56b78ead,لجنة الدفاع والأمن والقوات الحاملة للسلاح,standing,ARP-2023,member,2026-01-26,
TNP-00124,CMT-56efc6c780f9,لجنة التشريع العام,standing,ARP-2023,member,2023-05-23,2025-01-02
TNP-00124,CMT-9dc809177956,لجنة التربية والتكوين المهني والبحث العلمي والشباب والرياضة,standing,ARP-2023,member,2025-01-03,
TNP-00125,CMT-56efc6c780f9,لجنة التشريع العام,standing,ARP-2023,member,2026-01-26,
TNP-00126,CMT-9dc809177956,لجنة التربية والتكوين المهني والبحث العلمي والشباب والرياضة,standing,ARP-2023,member,2023-05-23,2025-01-02
TNP-00126,CMT-9dc809177956,لجنة التربية والتكوين المهني والبحث العلمي والشباب والرياضة,standing,ARP-2023,vice_chair,2025-01-03,2026-01-25
TNP-00126,CMT-56efc6c780f9,لجنة التشريع العام,standing,ARP-2023,member,2026-01-26,
TNP-00127,CMT-5267b383ff24,لجنة النظام الداخلي والقوانين الإنتخابية والقوانين البرلمانية والوظيفة الإنتخابية,standing,ARP-2023,vice_chair,2023-05-23,2025-01-02
TNP-00127,CMT-76cc55ae8838,لجنة الحقوق والحريات,standing,ARP-2023,rapporteur,2025-01-03,2026-01-25
TNP-00127,CMT-76cc55ae8838,لجنة الحقوق والحريات,standing,ARP-2023,member,2026-01-26,
TNP-00128,CMT-6d49329b2466,لجنة الصناعة والتجارة والثروات الطبيعية والطاقة والبيئة,standing,ARP-2023,member,2023-05-23,2025-01-02
TNP-00128,CMT-76cc55ae8838,لجنة الحقوق والحريات,standing,ARP-2023,member,2025-01-03,2026-01-25
TNP-00129,CMT-10ce63ee42df,لجنة التخطيط الإستراتيجي والتنمية المستدامة والنقل والبنية التحتية والتهيئة العمرانية,standing,ARP-2023,member,2023-05-23,2025-01-02
TNP-00129,CMT-10ce63ee42df,لجنة التخطيط الإستراتيجي والتنمية المستدامة والنقل والبنية التحتية والتهيئة العمرانية,standing,ARP-2023,vice_chair,2025-01-03,2026-01-25
TNP-00129,CMT-10ce63ee42df,لجنة التخطيط الإستراتيجي والتنمية المستدامة والنقل والبنية التحتية والتهيئة العمرانية,standing,ARP-2023,member,2026-01-26,
TNP-00130,CMT-309f56b78ead,لجنة الدفاع والأمن والقوات الحاملة للسلاح,standing,ARP-2023,rapporteur,2023-05-23,2025-01-02
TNP-00130,CMT-309f56b78ead,لجنة الدفاع والأمن والقوات الحاملة للسلاح,standing,ARP-2023,member,2025-01-03,2026-01-25
TNP-00130,CMT-76cc55ae8838,لجنة الحقوق والحريات,standing,ARP-2023,chair,2026-01-26,
TNP-00131,CMT-d74c07127db9,لجنة العلاقات الخارجية والتعاون الدولي وشؤون التونسيين بالخارج والهجرة,standing,ARP-2023,member,2023-05-23,2025-01-02
TNP-00131,CMT-b3ceee509580,لجنة تنظيم الإدارة وتطويرها والرقمنة والحوكمة ومكافحة الفساد,standing,ARP-2023,rapporteur,2025-01-03,2026-01-24
TNP-00131,CMT-7c0357a9f3f7,لجنة السياحة والثقافة والخدمات والصناعات التقليدية,standing,ARP-2023,member,2026-01-25,
TNP-00132,CMT-5a174a8e00bb,لجنة الفلاحة والأمن الغذائي والمائي والصيد البحري,standing,ARP-2023,member,2023-05-23,2025-01-02
TNP-00132,CMT-5a174a8e00bb,لجنة الفلاحة والأمن الغذائي والمائي والصيد البحري,standing,ARP-2023,chair,2025-01-03,2026-01-25
TNP-00132,CMT-76cc55ae8838,لجنة الحقوق والحريات,standing,ARP-2023,member,2026-01-26,
TNP-00133,CMT-56efc6c780f9,لجنة التشريع العام,standing,ARP-2023,member,2023-05-23,2026-01-25
TNP-00133,CMT-b3ceee509580,لجنة تنظيم الإدارة وتطويرها والرقمنة والحوكمة ومكافحة الفساد,standing,ARP-2023,member,2026-01-26,
TNP-00134,CMT-b3ceee509580,لجنة تنظيم الإدارة وتطويرها والرقمنة والحوكمة ومكافحة الفساد,standing,ARP-2023,member,2025-01-03,
TNP-00135,CMT-6d49329b2466,لجنة الصناعة والتجارة والثروات الطبيعية والطاقة والبيئة,standing,ARP-2023,vice_chair,2023-05-23,2025-01-02
TNP-00135,CMT-9dc809177956,لجنة التربية والتكوين المهني والبحث العلمي والشباب والرياضة,standing,ARP-2023,member,2025-01-03,2026-01-25
TNP-00135,CMT-6d49329b2466,لجنة الصناعة والتجارة والثروات الطبيعية والطاقة والبيئة,standing,ARP-2023,member,2026-01-26,
TNP-00136,CMT-7c0357a9f3f7,لجنة السياحة والثقافة والخدمات والصناعات التقليدية,standing,ARP-2023,member,2023-05-23,2025-01-02
TNP-00136,CMT-7c0357a9f3f7,لجنة السياحة والثقافة والخدمات والصناعات التقليدية,standing,ARP-2023,chair,2025-01-03,2026-01-24
TNP-00136,CMT-7c0357a9f3f7,لجنة السياحة والثقافة والخدمات والصناعات التقليدية,standing,ARP-2023,member,2026-01-25,
TNP-00137,CMT-d74c07127db9,لجنة العلاقات الخارجية والتعاون الدولي وشؤون التونسيين بالخارج والهجرة,standing,ARP-2023,member,2023-05-23,
TNP-00138,CMT-5267b383ff24,لجنة النظام الداخلي والقوانين الإنتخابية والقوانين البرلمانية والوظيفة الإنتخابية,standing,ARP-2023,member,2023-05-23,2025-01-02
TNP-00138,CMT-b3ceee509580,لجنة تنظيم الإدارة وتطويرها والرقمنة والحوكمة ومكافحة الفساد,standing,ARP-2023,member,2025-01-03,2026-01-25
TNP-00138,CMT-76cc55ae8838,لجنة الحقوق والحريات,standing,ARP-2023,vice_chair,2026-01-26,
TNP-00139,CMT-18172a2cec3f,لجنة الصحة وشؤون المرأة والأسرة والشؤون الإجتماعية وذوي الإعاقة,standing,ARP-2023,member,2023-05-23,
TNP-00140,CMT-d74c07127db9,لجنة العلاقات الخارجية والتعاون الدولي وشؤون التونسيين بالخارج والهجرة,standing,ARP-2023,chair,2025-01-03,2026-01-25
TNP-00140,CMT-7c0357a9f3f7,لجنة السياحة والثقافة والخدمات والصناعات التقليدية,standing,ARP-2023,rapporteur,2026-01-25,
TNP-00142,CMT-10ce63ee42df,لجنة التخطيط الإستراتيجي والتنمية المستدامة والنقل والبنية التحتية والتهيئة العمرانية,standing,ARP-2023,member,2023-05-23,2026-01-25
TNP-00142,CMT-966af1bec2c4,لجنة المالية والميزانية,standing,ARP-2023,member,2026-01-26,
TNP-00143,CMT-309f56b78ead,لجنة الدفاع والأمن والقوات الحاملة للسلاح,standing,ARP-2023,member,2023-05-23,2026-01-25
TNP-00143,CMT-309f56b78ead,لجنة الدفاع والأمن والقوات الحاملة للسلاح,standing,ARP-2023,vice_chair,2026-01-26,
TNP-00144,CMT-76cc55ae8838,لجنة الحقوق والحريات,standing,ARP-2023,member,2023-05-23,2025-01-02
TNP-00144,CMT-966af1bec2c4,لجنة المالية والميزانية,standing,ARP-2023,member,2026-01-26,
TNP-00145,CMT-966af1bec2c4,لجنة المالية والميزانية,standing,ARP-2023,member,2023-05-23,2025-01-02
TNP-00145,CMT-9dc809177956,لجنة التربية والتكوين المهني والبحث العلمي والشباب والرياضة,standing,ARP-2023,member,2025-01-03,
TNP-00146,CMT-56efc6c780f9,لجنة التشريع العام,standing,ARP-2023,member,2023-05-23,2025-01-02
TNP-00146,CMT-309f56b78ead,لجنة الدفاع والأمن والقوات الحاملة للسلاح,standing,ARP-2023,member,2025-01-03,2026-01-25
TNP-00146,CMT-5267b383ff24,لجنة النظام الداخلي والقوانين الإنتخابية والقوانين البرلمانية والوظيفة الإنتخابية,standing,ARP-2023,member,2026-01-26,
TNP-00147,CMT-9dc809177956,لجنة التربية والتكوين المهني والبحث العلمي والشباب والرياضة,standing,ARP-2023,member,2023-05-23,2025-01-02
TNP-00147,CMT-5267b383ff24,لجنة النظام الداخلي والقوانين الإنتخابية والقوانين البرلمانية والوظيفة الإنتخابية,standing,ARP-2023,rapporteur,2026-01-26,
TNP-00148,CMT-d74c07127db9,لجنة العلاقات الخارجية والتعاون الدولي وشؤون التونسيين بالخارج والهجرة,standing,ARP-2023,member,2025-01-03,2026-01-25
TNP-00148,CMT-966af1bec2c4,لجنة المالية والميزانية,standing,ARP-2023,member,2026-01-26,
TNP-00149,CMT-76cc55ae8838,لجنة الحقوق والحريات,standing,ARP-2023,member,2023-05-23,2025-01-02
TNP-00149,CMT-6d49329b2466,لجنة الصناعة والتجارة والثروات الطبيعية والطاقة والبيئة,standing,ARP-2023,member,2025-01-03,2026-01-25
TNP-00149,CMT-d74c07127db9,لجنة العلاقات الخارجية والتعاون الدولي وشؤون التونسيين بالخارج والهجرة,standing,ARP-2023,rapporteur,2026-01-26,
TNP-00150,CMT-5a174a8e00bb,لجنة الفلاحة والأمن الغذائي والمائي والصيد البحري,standing,ARP-2023,member,2023-05-23,
TNP-00151,CMT-d74c07127db9,لجنة العلاقات الخارجية والتعاون الدولي وشؤون التونسيين بالخارج والهجرة,standing,ARP-2023,member,2023-05-23,2025-01-02
TNP-00151,CMT-d74c07127db9,لجنة العلاقات الخارجية والتعاون الدولي وشؤون التونسيين بالخارج والهجرة,standing,ARP-2023,rapporteur,2025-01-03,2026-01-25
TNP-00151,CMT-d74c07127db9,لجنة العلاقات الخارجية والتعاون الدولي وشؤون التونسيين بالخارج والهجرة,standing,ARP-2023,member,2026-01-26,
TNP-00152,CMT-309f56b78ead,لجنة الدفاع والأمن والقوات الحاملة للسلاح,standing,ARP-2023,member,2023-05-23,2025-01-02
TNP-00152,CMT-76cc55ae8838,لجنة الحقوق والحريات,standing,ARP-2023,member,2025-01-03,2026-01-25
TNP-00153,CMT-7c0357a9f3f7,لجنة السياحة والثقافة والخدمات والصناعات التقليدية,standing,ARP-2023,rapporteur,2023-05-23,2025-01-02
TNP-00153,CMT-7c0357a9f3f7,لجنة السياحة والثقافة والخدمات والصناعات التقليدية,standing,ARP-2023,member,2025-01-03,2026-01-24
TNP-00153,CMT-18172a2cec3f,لجنة الصحة وشؤون المرأة والأسرة والشؤون الإجتماعية وذوي الإعاقة,standing,ARP-2023,member,2026-01-25,
TNP-00154,CMT-966af1bec2c4,لجنة المالية والميزانية,standing,ARP-2023,member,2023-05-23,
TNP-00156,CMT-eb6b5aa1a575,لجنة الشباب والشؤون الثقافية والتربية والبحث العلمي,standing,ARP-2019,member,2019-12-19,
TNP-00156,CMT-1e6f29539bbd,لجنة شهداء الثورة و جرحاها و تنفيذ قانون العفو العام والعدالة الانتقالية,standing,ARP-2019,vice_chair,2020-10-20,
TNP-00157,CMT-14e6e316b483,لجنة الفلاحة والأمن الغذائي والتجارة والخدمات ذات الصلة,standing,ARP-2019,member,2019-12-19,
TNP-00157,CMT-1933d120e1de,لجنة شؤون التونسيين بالخارج,standing,ARP-2019,member,2020-10-20,
TNP-00159,CMT-995ac0a70e07,لجنة التنمية الجهوية,standing,ARP-2019,assistant_rapporteur,2020-10-20,
TNP-00159,CMT-c9b9c13c0a0c,لجنة التشريع العام,standing,ARP-2019,member,2020-10-20,
TNP-00080,CMT-d06a2309d1fa,لجنة شؤون ذوي الإعاقة والفئات الهشة,standing,ARP-2019,assistant_rapporteur,2019-12-19,
TNP-00080,CMT-eb6b5aa1a575,لجنة الشباب والشؤون الثقافية والتربية والبحث العلمي,standing,ARP-2019,member,2020-10-20,
TNP-00160,CMT-d06a2309d1fa,لجنة شؤون ذوي الإعاقة والفئات الهشة,standing,ARP-2019,chair,2020-10-20,
TNP-00160,CMT-c9b9c13c0a0c,لجنة التشريع العام,standing,ARP-2019,member,2020-10-20,
TNP-00161,CMT-74260d804b47,لجنة الصحة والشؤون الإجتماعية,standing,ARP-2019,member,2019-12-19,
TNP-00161,CMT-1933d120e1de,لجنة شؤون التونسيين بالخارج,standing,ARP-2019,member,2020-10-20,
TNP-00164,CMT-cc87da9145b5,اللجنة الانتخابية,standing,ARP-2019,member,2019-12-19,
TNP-00164,CMT-74260d804b47,لجنة الصحة والشؤون الإجتماعية,standing,ARP-2019,member,2019-12-19,
TNP-00165,CMT-995ac0a70e07,لجنة التنمية الجهوية,standing,ARP-2019,assistant_rapporteur,2020-10-20,
TNP-00165,CMT-d2c1a1210b30,لجنة الحقوق والحريات والعلاقات الخارجية,standing,ARP-2019,member,2020-10-20,
TNP-00166,CMT-cc87da9145b5,اللجنة الانتخابية,standing,ARP-2019,rapporteur,2020-10-20,
TNP-00166,CMT-1c52d559d3de,لجنة المالية والتخطيط والتنمية,standing,ARP-2019,member,2020-02-25,
TNP-00167,CMT-43611af20002,لجنة النظام الداخلي و الحصانة و القوانين البرلمانية و القوانين الانتخابية,standing,ARP-2019,rapporteur,2019-12-19,
TNP-00168,CMT-14e6e316b483,لجنة الفلاحة والأمن الغذائي والتجارة والخدمات ذات الصلة,standing,ARP-2019,member,2019-12-19,
TNP-00168,CMT-d06a2309d1fa,لجنة شؤون ذوي الإعاقة والفئات الهشة,standing,ARP-2019,vice_chair,2020-10-20,
TNP-00169,CMT-99f836e091fd,لجنة التحقيق حول ملابسات وفاة الشاب عبد السلام زيان بعد إيقافه بمدينة صفاقس,standing,ARP-2019,member,2021-06-15,
TNP-00169,CMT-52a6ad966412,لجنة تنظيم الإدارة وشؤون القوات الحاملة للسلاح,standing,ARP-2019,vice_chair,2020-10-20,
TNP-00169,CMT-7713cb69dba5,لجنة مراقبة عمليات التصويت وإحصاء الأصوات,inquiry,ARP-2019,chair,2019-11-13,
TNP-00170,CMT-995ac0a70e07,لجنة التنمية الجهوية,standing,ARP-2019,rapporteur,2020-10-20,
TNP-00170,CMT-1c52d559d3de,لجنة المالية والتخطيط والتنمية,standing,ARP-2019,member,2020-10-20,
TNP-00172,CMT-d542bd0fb7e9,لجنة شؤون المرأة والأسرة والطفولة والشباب والمسنين,standing,ARP-2019,member,2020-10-20,
TNP-00172,CMT-eb6b5aa1a575,لجنة الشباب والشؤون الثقافية والتربية والبحث العلمي,standing,ARP-2019,member,2020-10-20,
TNP-00173,CMT-52a6ad966412,لجنة تنظيم الإدارة وشؤون القوات الحاملة للسلاح,standing,ARP-2019,member,2020-10-20,
TNP-00173,CMT-738e7ac33069,لجنة الإصلاح الإداري والحوكمة الرشيدة ومكافحة الفساد ومراقبة التصرف في المال العام,standing,ARP-2019,chair,2020-10-20,
TNP-00175,CMT-995ac0a70e07,لجنة التنمية الجهوية,standing,ARP-2019,member,2019-12-19,
TNP-00175,CMT-43611af20002,لجنة النظام الداخلي و الحصانة و القوانين البرلمانية و القوانين الانتخابية,standing,ARP-2019,member,2019-12-19,
TNP-00176,CMT-d2c1a1210b30,لجنة الحقوق والحريات والعلاقات الخارجية,standing,ARP-2019,rapporteur,2020-10-20,
TNP-00176,CMT-d542bd0fb7e9,لجنة شؤون المرأة والأسرة والطفولة والشباب والمسنين,standing,ARP-2019,chair,2020-10-20,
TNP-00177,CMT-43611af20002,لجنة النظام الداخلي و الحصانة و القوانين البرلمانية و القوانين الانتخابية,standing,ARP-2019,member,2020-10-20,
TNP-00177,CMT-1933d120e1de,لجنة شؤون التونسيين بالخارج,standing,ARP-2019,member,2020-10-20,
TNP-00178,CMT-52a6ad966412,لجنة تنظيم الإدارة وشؤون القوات الحاملة للسلاح,standing,ARP-2019,member,2020-10-20,
TNP-00178,CMT-d542bd0fb7e9,لجنة شؤون المرأة والأسرة والطفولة والشباب والمسنين,standing,ARP-2019,member,2020-10-20,
TNP-00179,CMT-d542bd0fb7e9,لجنة شؤون المرأة والأسرة والطفولة والشباب والمسنين,standing,ARP-2019,member,2020-10-20,
TNP-00179,CMT-74260d804b47,لجنة الصحة والشؤون الإجتماعية,standing,ARP-2019,member,2020-06-18,
TNP-00180,CMT-d2c1a1210b30,لجنة الحقوق والحريات والعلاقات الخارجية,standing,ARP-2019,member,2020-10-20,
TNP-00180,CMT-976bdb215c1b,لجنة الأمن والدفاع,standing,ARP-2019,member,2020-10-20,
TNP-00181,CMT-d542bd0fb7e9,لجنة شؤون المرأة والأسرة والطفولة والشباب والمسنين,standing,ARP-2019,assistant_rapporteur,2021-02-07,
TNP-00181,CMT-74260d804b47,لجنة الصحة والشؤون الإجتماعية,standing,ARP-2019,chair,2020-10-20,
TNP-00182,CMT-eb6b5aa1a575,لجنة الشباب والشؤون الثقافية والتربية والبحث العلمي,standing,ARP-2019,member,2019-12-19,
TNP-00182,CMT-1e6f29539bbd,لجنة شهداء الثورة و جرحاها و تنفيذ قانون العفو العام والعدالة الانتقالية,standing,ARP-2019,member,2020-02-11,
TNP-00134,CMT-5f960380a92d,لجنة الصناعة والطاقة والثروات الطبيعية والبنية الأساسية والبيئة,standing,ARP-2019,member,2020-10-20,
TNP-00134,CMT-738e7ac33069,لجنة الإصلاح الإداري والحوكمة الرشيدة ومكافحة الفساد ومراقبة التصرف في المال العام,standing,ARP-2019,chair,2019-12-19,
TNP-00183,CMT-52a6ad966412,لجنة تنظيم الإدارة وشؤون القوات الحاملة للسلاح,standing,ARP-2019,member,2020-10-20,
TNP-00183,CMT-1e6f29539bbd,لجنة شهداء الثورة و جرحاها و تنفيذ قانون العفو العام والعدالة الانتقالية,standing,ARP-2019,member,2020-10-20,
TNP-00184,CMT-d06a2309d1fa,لجنة شؤون ذوي الإعاقة والفئات الهشة,standing,ARP-2019,member,2020-10-20,
TNP-00184,CMT-c9b9c13c0a0c,لجنة التشريع العام,standing,ARP-2019,member,2020-02-20,
TNP-00185,CMT-d542bd0fb7e9,لجنة شؤون المرأة والأسرة والطفولة والشباب والمسنين,standing,ARP-2019,member,2020-10-20,
TNP-00185,CMT-eb6b5aa1a575,لجنة الشباب والشؤون الثقافية والتربية والبحث العلمي,standing,ARP-2019,assistant_rapporteur,2020-10-20,
TNP-00186,CMT-99f836e091fd,لجنة التحقيق حول ملابسات وفاة الشاب عبد السلام زيان بعد إيقافه بمدينة صفاقس,standing,ARP-2019,member,2021-06-15,
TNP-00186,CMT-d2c1a1210b30,لجنة الحقوق والحريات والعلاقات الخارجية,standing,ARP-2019,member,2020-10-20,
TNP-00186,CMT-cc87da9145b5,اللجنة الانتخابية,standing,ARP-2019,member,2019-12-19,
TNP-00187,CMT-995ac0a70e07,لجنة التنمية الجهوية,standing,ARP-2019,member,2020-11-24,
TNP-00187,CMT-74260d804b47,لجنة الصحة والشؤون الإجتماعية,standing,ARP-2019,member,2019-12-19,
TNP-00188,CMT-cc87da9145b5,اللجنة الانتخابية,standing,ARP-2019,rapporteur,2019-12-19,
TNP-00188,CMT-5f960380a92d,لجنة الصناعة والطاقة والثروات الطبيعية والبنية الأساسية والبيئة,standing,ARP-2019,member,2020-10-20,
TNP-00188,CMT-7713cb69dba5,لجنة مراقبة عمليات التصويت وإحصاء الأصوات,inquiry,ARP-2019,member,2019-11-13,
TNP-00189,CMT-1c52d559d3de,لجنة المالية والتخطيط والتنمية,standing,ARP-2019,member,2019-12-19,
TNP-00189,CMT-738e7ac33069,لجنة الإصلاح الإداري والحوكمة الرشيدة ومكافحة الفساد ومراقبة التصرف في المال العام,standing,ARP-2019,rapporteur,2020-10-20,
TNP-00190,CMT-14e6e316b483,لجنة الفلاحة والأمن الغذائي والتجارة والخدمات ذات الصلة,standing,ARP-2019,member,2019-12-19,
TNP-00191,CMT-52a6ad966412,لجنة تنظيم الإدارة وشؤون القوات الحاملة للسلاح,standing,ARP-2019,rapporteur,2020-10-20,
TNP-00191,CMT-976bdb215c1b,لجنة الأمن والدفاع,standing,ARP-2019,member,2020-10-20,
TNP-00192,CMT-eb6b5aa1a575,لجنة الشباب والشؤون الثقافية والتربية والبحث العلمي,standing,ARP-2019,member,2019-12-19,
TNP-00192,CMT-1e6f29539bbd,لجنة شهداء الثورة و جرحاها و تنفيذ قانون العفو العام والعدالة الانتقالية,standing,ARP-2019,member,2019-12-19,
TNP-00193,CMT-43611af20002,لجنة النظام الداخلي و الحصانة و القوانين البرلمانية و القوانين الانتخابية,standing,ARP-2019,assistant_rapporteur,2020-10-20,
TNP-00193,CMT-1933d120e1de,لجنة شؤون التونسيين بالخارج,standing,ARP-2019,member,2020-10-20,
TNP-00194,CMT-99f836e091fd,لجنة التحقيق حول ملابسات وفاة الشاب عبد السلام زيان بعد إيقافه بمدينة صفاقس,standing,ARP-2019,member,2021-06-15,
TNP-00194,CMT-d2c1a1210b30,لجنة الحقوق والحريات والعلاقات الخارجية,standing,ARP-2019,member,2020-10-20,
TNP-00194,CMT-1e6f29539bbd,لجنة شهداء الثورة و جرحاها و تنفيذ قانون العفو العام والعدالة الانتقالية,standing,ARP-2019,rapporteur,2020-10-20,
TNP-00195,CMT-14e6e316b483,لجنة الفلاحة والأمن الغذائي والتجارة والخدمات ذات الصلة,standing,ARP-2019,vice_chair,2020-10-20,
TNP-00195,CMT-cc87da9145b5,اللجنة الانتخابية,standing,ARP-2019,vice_chair,2020-10-20,
TNP-00195,CMT-7713cb69dba5,لجنة مراقبة عمليات التصويت وإحصاء الأصوات,inquiry,ARP-2019,member,2019-11-13,
TNP-00196,CMT-14e6e316b483,لجنة الفلاحة والأمن الغذائي والتجارة والخدمات ذات الصلة,standing,ARP-2019,member,2019-12-19,
TNP-00196,CMT-995ac0a70e07,لجنة التنمية الجهوية,standing,ARP-2019,member,2020-10-20,
TNP-00197,CMT-99f836e091fd,لجنة التحقيق حول ملابسات وفاة الشاب عبد السلام زيان بعد إيقافه بمدينة صفاقس,standing,ARP-2019,member,2021-06-15,
TNP-00197,CMT-1933d120e1de,لجنة شؤون التونسيين بالخارج,standing,ARP-2019,member,2019-12-19,
TNP-00198,CMT-c9b9c13c0a0c,لجنة التشريع العام,standing,ARP-2019,member,2019-12-19,
TNP-00198,CMT-1e6f29539bbd,لجنة شهداء الثورة و جرحاها و تنفيذ قانون العفو العام والعدالة الانتقالية,standing,ARP-2019,member,2020-02-09,
TNP-00199,CMT-5f960380a92d,لجنة الصناعة والطاقة والثروات الطبيعية والبنية الأساسية والبيئة,standing,ARP-2019,member,2020-10-20,
TNP-00199,CMT-1933d120e1de,لجنة شؤون التونسيين بالخارج,standing,ARP-2019,member,2020-10-20,
TNP-00200,CMT-14e6e316b483,لجنة الفلاحة والأمن الغذائي والتجارة والخدمات ذات الصلة,standing,ARP-2019,member,2020-10-20,
TNP-00200,CMT-738e7ac33069,لجنة الإصلاح الإداري والحوكمة الرشيدة ومكافحة الفساد ومراقبة التصرف في المال العام,standing,ARP-2019,member,2020-10-20,
TNP-00201,CMT-1c52d559d3de,لجنة المالية والتخطيط والتنمية,standing,ARP-2019,rapporteur,2019-12-19,
TNP-00201,CMT-738e7ac33069,لجنة الإصلاح الإداري والحوكمة الرشيدة ومكافحة الفساد ومراقبة التصرف في المال العام,standing,ARP-2019,member,2019-12-19,
TNP-00202,CMT-cc87da9145b5,اللجنة الانتخابية,standing,ARP-2019,member,2020-10-20,
TNP-00202,CMT-eb6b5aa1a575,لجنة الشباب والشؤون الثقافية والتربية والبحث العلمي,standing,ARP-2019,chair,2020-10-20,
TNP-00204,CMT-d2c1a1210b30,لجنة الحقوق والحريات والعلاقات الخارجية,standing,ARP-2019,member,2020-10-20,
TNP-00204,CMT-738e7ac33069,لجنة الإصلاح الإداري والحوكمة الرشيدة ومكافحة الفساد ومراقبة التصرف في المال العام,standing,ARP-2019,member,2019-12-19,
TNP-00205,CMT-99f836e091fd,لجنة التحقيق حول ملابسات وفاة الشاب عبد السلام زيان بعد إيقافه بمدينة صفاقس,standing,ARP-2019,member,2021-06-15,
TNP-00205,CMT-cc87da9145b5,اللجنة الانتخابية,standing,ARP-2019,member,2020-10-20,
TNP-00205,CMT-c9b9c13c0a0c,لجنة التشريع العام,standing,ARP-2019,rapporteur,2020-10-20,
TNP-00206,CMT-1c52d559d3de,لجنة المالية والتخطيط والتنمية,standing,ARP-2019,member,2019-12-19,
TNP-00206,CMT-976bdb215c1b,لجنة الأمن والدفاع,standing,ARP-2019,member,2020-10-20,
TNP-00207,CMT-99f836e091fd,لجنة التحقيق حول ملابسات وفاة الشاب عبد السلام زيان بعد إيقافه بمدينة صفاقس,standing,ARP-2019,member,2021-06-15,
TNP-00207,CMT-c9b9c13c0a0c,لجنة التشريع العام,standing,ARP-2019,vice_chair,2020-10-20,
TNP-00209,CMT-99f836e091fd,لجنة التحقيق حول ملابسات وفاة الشاب عبد السلام زيان بعد إيقافه بمدينة صفاقس,standing,ARP-2019,member,2021-06-15,
TNP-00209,CMT-5f960380a92d,لجنة الصناعة والطاقة والثروات الطبيعية والبنية الأساسية والبيئة,standing,ARP-2019,rapporteur,2020-10-20,
TNP-00209,CMT-738e7ac33069,لجنة الإصلاح الإداري والحوكمة الرشيدة ومكافحة الفساد ومراقبة التصرف في المال العام,standing,ARP-2019,member,2019-12-19,
TNP-00210,CMT-14e6e316b483,لجنة الفلاحة والأمن الغذائي والتجارة والخدمات ذات الصلة,standing,ARP-2019,rapporteur,2020-10-20,
TNP-00210,CMT-d06a2309d1fa,لجنة شؤون ذوي الإعاقة والفئات الهشة,standing,ARP-2019,member,2019-12-19,
TNP-00211,CMT-5f960380a92d,لجنة الصناعة والطاقة والثروات الطبيعية والبنية الأساسية والبيئة,standing,ARP-2019,member,2019-12-19,
TNP-00212,CMT-43611af20002,لجنة النظام الداخلي و الحصانة و القوانين البرلمانية و القوانين الانتخابية,standing,ARP-2019,member,2020-10-20,
TNP-00213,CMT-5f960380a92d,لجنة الصناعة والطاقة والثروات الطبيعية والبنية الأساسية والبيئة,standing,ARP-2019,assistant_rapporteur,2020-10-20,
TNP-00213,CMT-976bdb215c1b,لجنة الأمن والدفاع,standing,ARP-2019,member,2020-10-20,
TNP-00214,CMT-5f960380a92d,لجنة الصناعة والطاقة والثروات الطبيعية والبنية الأساسية والبيئة,standing,ARP-2019,member,2020-10-20,
TNP-00214,CMT-976bdb215c1b,لجنة الأمن والدفاع,standing,ARP-2019,member,2019-12-19,
TNP-00215,CMT-14e6e316b483,لجنة الفلاحة والأمن الغذائي والتجارة والخدمات ذات الصلة,standing,ARP-2019,member,2019-12-19,
TNP-00215,CMT-976bdb215c1b,لجنة الأمن والدفاع,standing,ARP-2019,member,2020-10-20,
TNP-00217,CMT-738e7ac33069,لجنة الإصلاح الإداري والحوكمة الرشيدة ومكافحة الفساد ومراقبة التصرف في المال العام,standing,ARP-2019,member,2019-12-19,
TNP-00217,CMT-74260d804b47,لجنة الصحة والشؤون الإجتماعية,standing,ARP-2019,chair,2020-10-20,
TNP-00218,CMT-1c52d559d3de,لجنة المالية والتخطيط والتنمية,standing,ARP-2019,chair,2020-10-20,
TNP-00219,CMT-d06a2309d1fa,لجنة شؤون ذوي الإعاقة والفئات الهشة,standing,ARP-2019,member,2020-10-20,
TNP-00219,CMT-c9b9c13c0a0c,لجنة التشريع العام,standing,ARP-2019,member,2020-10-20,
TNP-00220,CMT-14e6e316b483,لجنة الفلاحة والأمن الغذائي والتجارة والخدمات ذات الصلة,standing,ARP-2019,member,2020-10-20,
TNP-00220,CMT-976bdb215c1b,لجنة الأمن والدفاع,standing,ARP-2019,member,2020-10-20,
TNP-00221,CMT-d06a2309d1fa,لجنة شؤون ذوي الإعاقة والفئات الهشة,standing,ARP-2019,member,2019-12-19,
TNP-00221,CMT-74260d804b47,لجنة الصحة والشؤون الإجتماعية,standing,ARP-2019,member,2019-12-19,
TNP-00222,CMT-eb6b5aa1a575,لجنة الشباب والشؤون الثقافية والتربية والبحث العلمي,standing,ARP-2019,member,2021-02-18,
TNP-00223,CMT-1c52d559d3de,لجنة المالية والتخطيط والتنمية,standing,ARP-2019,assistant_rapporteur,2019-12-19,
TNP-00223,CMT-738e7ac33069,لجنة الإصلاح الإداري والحوكمة الرشيدة ومكافحة الفساد ومراقبة التصرف في المال العام,standing,ARP-2019,member,2019-12-24,
TNP-00224,CMT-d06a2309d1fa,لجنة شؤون ذوي الإعاقة والفئات الهشة,standing,ARP-2019,member,2019-12-19,
TNP-00224,CMT-c9b9c13c0a0c,لجنة التشريع العام,standing,ARP-2019,member,2020-10-20,
TNP-00225,CMT-52a6ad966412,لجنة تنظيم الإدارة وشؤون القوات الحاملة للسلاح,standing,ARP-2019,member,2020-10-20,
TNP-00225,CMT-976bdb215c1b,لجنة الأمن والدفاع,standing,ARP-2019,member,2020-02-17,
TNP-00226,CMT-d2c1a1210b30,لجنة الحقوق والحريات والعلاقات الخارجية,standing,ARP-2019,member,2019-12-19,
TNP-00226,CMT-cc87da9145b5,اللجنة الانتخابية,standing,ARP-2019,member,2019-12-19,
TNP-00227,CMT-52a6ad966412,لجنة تنظيم الإدارة وشؤون القوات الحاملة للسلاح,standing,ARP-2019,member,2020-10-20,
TNP-00227,CMT-995ac0a70e07,لجنة التنمية الجهوية,standing,ARP-2019,chair,2019-12-19,
TNP-00228,CMT-1e6f29539bbd,لجنة شهداء الثورة و جرحاها و تنفيذ قانون العفو العام والعدالة الانتقالية,standing,ARP-2019,member,2020-10-20,
TNP-00228,CMT-74260d804b47,لجنة الصحة والشؤون الإجتماعية,standing,ARP-2019,member,2019-12-19,
TNP-00065,CMT-c9b9c13c0a0c,لجنة التشريع العام,standing,ARP-2019,assistant_rapporteur,2020-10-20,
TNP-00065,CMT-738e7ac33069,لجنة الإصلاح الإداري والحوكمة الرشيدة ومكافحة الفساد ومراقبة التصرف في المال العام,standing,ARP-2019,assistant_rapporteur,2020-11-01,
TNP-00229,CMT-976bdb215c1b,لجنة الأمن والدفاع,standing,ARP-2019,member,2020-10-20,
TNP-00230,CMT-99f836e091fd,لجنة التحقيق حول ملابسات وفاة الشاب عبد السلام زيان بعد إيقافه بمدينة صفاقس,standing,ARP-2019,member,2021-06-15,
TNP-00230,CMT-5f960380a92d,لجنة الصناعة والطاقة والثروات الطبيعية والبنية الأساسية والبيئة,standing,ARP-2019,member,2020-11-09,
TNP-00230,CMT-738e7ac33069,لجنة الإصلاح الإداري والحوكمة الرشيدة ومكافحة الفساد ومراقبة التصرف في المال العام,standing,ARP-2019,member,2019-12-19,
TNP-00231,CMT-d542bd0fb7e9,لجنة شؤون المرأة والأسرة والطفولة والشباب والمسنين,standing,ARP-2019,member,2020-10-20,
TNP-00231,CMT-74260d804b47,لجنة الصحة والشؤون الإجتماعية,standing,ARP-2019,member,2020-10-20,
TNP-00232,CMT-cc87da9145b5,اللجنة الانتخابية,standing,ARP-2019,member,2021-06-14,
TNP-00232,CMT-c9b9c13c0a0c,لجنة التشريع العام,standing,ARP-2019,member,2021-06-28,
TNP-00233,CMT-1c52d559d3de,لجنة المالية والتخطيط والتنمية,standing,ARP-2019,member,2020-10-20,
TNP-00233,CMT-976bdb215c1b,لجنة الأمن والدفاع,standing,ARP-2019,assistant_rapporteur,2020-10-20,
TNP-00234,CMT-d06a2309d1fa,لجنة شؤون ذوي الإعاقة والفئات الهشة,standing,ARP-2019,member,2020-10-20,
TNP-00235,CMT-99f836e091fd,لجنة التحقيق حول ملابسات وفاة الشاب عبد السلام زيان بعد إيقافه بمدينة صفاقس,standing,ARP-2019,member,2021-06-15,
TNP-00236,CMT-cc87da9145b5,اللجنة الانتخابية,standing,ARP-2019,member,2020-10-20,
TNP-00236,CMT-43611af20002,لجنة النظام الداخلي و الحصانة و القوانين البرلمانية و القوانين الانتخابية,standing,ARP-2019,member,2020-10-20,
TNP-00237,CMT-738e7ac33069,لجنة الإصلاح الإداري والحوكمة الرشيدة ومكافحة الفساد ومراقبة التصرف في المال العام,standing,ARP-2019,member,2019-12-19,
TNP-00237,CMT-43611af20002,لجنة النظام الداخلي و الحصانة و القوانين البرلمانية و القوانين الانتخابية,standing,ARP-2019,member,2020-10-20,
TNP-00238,CMT-c9b9c13c0a0c,لجنة التشريع العام,standing,ARP-2019,member,2020-10-20,
TNP-00238,CMT-976bdb215c1b,لجنة الأمن والدفاع,standing,ARP-2019,assistant_rapporteur,2020-10-20,
TNP-00240,CMT-995ac0a70e07,لجنة التنمية الجهوية,standing,ARP-2019,member,2020-10-20,
TNP-00240,CMT-1c52d559d3de,لجنة المالية والتخطيط والتنمية,standing,ARP-2019,member,2020-10-20,
TNP-00241,CMT-d06a2309d1fa,لجنة شؤون ذوي الإعاقة والفئات الهشة,standing,ARP-2019,rapporteur,2020-10-20,
TNP-00241,CMT-5f960380a92d,لجنة الصناعة والطاقة والثروات الطبيعية والبنية الأساسية والبيئة,standing,ARP-2019,member,2020-10-20,
TNP-00243,CMT-52a6ad966412,لجنة تنظيم الإدارة وشؤون القوات الحاملة للسلاح,standing,ARP-2019,member,2020-10-20,
TNP-00244,CMT-74260d804b47,لجنة الصحة والشؤون الإجتماعية,standing,ARP-2019,member,2020-03-11,
TNP-00245,CMT-14e6e316b483,لجنة الفلاحة والأمن الغذائي والتجارة والخدمات ذات الصلة,standing,ARP-2019,member,2021-05-21,
TNP-00245,CMT-d542bd0fb7e9,لجنة شؤون المرأة والأسرة والطفولة والشباب والمسنين,standing,ARP-2019,member,2019-12-19,
TNP-00246,CMT-cc87da9145b5,اللجنة الانتخابية,standing,ARP-2019,member,2020-10-20,
TNP-00246,CMT-c9b9c13c0a0c,لجنة التشريع العام,standing,ARP-2019,member,2020-10-20,
TNP-00247,CMT-d2c1a1210b30,لجنة الحقوق والحريات والعلاقات الخارجية,standing,ARP-2019,rapporteur,2020-10-20,
TNP-00247,CMT-d06a2309d1fa,لجنة شؤون ذوي الإعاقة والفئات الهشة,standing,ARP-2019,member,2020-10-20,
TNP-00248,CMT-cc87da9145b5,اللجنة الانتخابية,standing,ARP-2019,member,2019-12-19,
TNP-00248,CMT-74260d804b47,لجنة الصحة والشؤون الإجتماعية,standing,ARP-2019,member,2020-10-20,
TNP-00249,CMT-99f836e091fd,لجنة التحقيق حول ملابسات وفاة الشاب عبد السلام زيان بعد إيقافه بمدينة صفاقس,standing,ARP-2019,member,2021-06-15,
TNP-00249,CMT-d2c1a1210b30,لجنة الحقوق والحريات والعلاقات الخارجية,standing,ARP-2019,member,2019-12-19,
TNP-00249,CMT-738e7ac33069,لجنة الإصلاح الإداري والحوكمة الرشيدة ومكافحة الفساد ومراقبة التصرف في المال العام,standing,ARP-2019,member,2021-01-18,
TNP-00250,CMT-d2c1a1210b30,لجنة الحقوق والحريات والعلاقات الخارجية,standing,ARP-2019,member,2020-11-10,
TNP-00250,CMT-1933d120e1de,لجنة شؤون التونسيين بالخارج,standing,ARP-2019,chair,2020-10-20,
TNP-00251,CMT-5f960380a92d,لجنة الصناعة والطاقة والثروات الطبيعية والبنية الأساسية والبيئة,standing,ARP-2019,member,2019-12-19,
TNP-00251,CMT-1e6f29539bbd,لجنة شهداء الثورة و جرحاها و تنفيذ قانون العفو العام والعدالة الانتقالية,standing,ARP-2019,member,2020-10-20,
TNP-00252,CMT-995ac0a70e07,لجنة التنمية الجهوية,standing,ARP-2019,member,2019-12-19,
TNP-00252,CMT-43611af20002,لجنة النظام الداخلي و الحصانة و القوانين البرلمانية و القوانين الانتخابية,standing,ARP-2019,assistant_rapporteur,2020-10-20,
TNP-00254,CMT-d06a2309d1fa,لجنة شؤون ذوي الإعاقة والفئات الهشة,standing,ARP-2019,member,2020-10-20,
TNP-00254,CMT-eb6b5aa1a575,لجنة الشباب والشؤون الثقافية والتربية والبحث العلمي,standing,ARP-2019,member,2020-10-20,
TNP-00254,CMT-7713cb69dba5,لجنة مراقبة عمليات التصويت وإحصاء الأصوات,inquiry,ARP-2019,member,2019-11-13,
TNP-00256,CMT-52a6ad966412,لجنة تنظيم الإدارة وشؤون القوات الحاملة للسلاح,standing,ARP-2019,member,2019-12-19,
TNP-00256,CMT-976bdb215c1b,لجنة الأمن والدفاع,standing,ARP-2019,vice_chair,2020-10-20,
TNP-00257,CMT-1c52d559d3de,لجنة المالية والتخطيط والتنمية,standing,ARP-2019,member,2019-12-19,
TNP-00257,CMT-976bdb215c1b,لجنة الأمن والدفاع,standing,ARP-2019,member,2020-10-20,
TNP-00259,CMT-99f836e091fd,لجنة التحقيق حول ملابسات وفاة الشاب عبد السلام زيان بعد إيقافه بمدينة صفاقس,standing,ARP-2019,member,2021-06-15,
TNP-00259,CMT-c9b9c13c0a0c,لجنة التشريع العام,standing,ARP-2019,rapporteur,2020-10-20,
TNP-00259,CMT-1933d120e1de,لجنة شؤون التونسيين بالخارج,standing,ARP-2019,member,2020-10-20,
TNP-00260,CMT-d2c1a1210b30,لجنة الحقوق والحريات والعلاقات الخارجية,standing,ARP-2019,member,2021-02-10,
TNP-00260,CMT-d542bd0fb7e9,لجنة شؤون المرأة والأسرة والطفولة والشباب والمسنين,standing,ARP-2019,member,2020-11-24,
TNP-00261,CMT-cc87da9145b5,اللجنة الانتخابية,standing,ARP-2019,member,2020-02-24,
TNP-00262,CMT-1c52d559d3de,لجنة المالية والتخطيط والتنمية,standing,ARP-2019,member,2020-10-20,
TNP-00262,CMT-738e7ac33069,لجنة الإصلاح الإداري والحوكمة الرشيدة ومكافحة الفساد ومراقبة التصرف في المال العام,standing,ARP-2019,member,2020-10-20,
TNP-00263,CMT-d542bd0fb7e9,لجنة شؤون المرأة والأسرة والطفولة والشباب والمسنين,standing,ARP-2019,member,2020-10-20,
TNP-00263,CMT-1c52d559d3de,لجنة المالية والتخطيط والتنمية,standing,ARP-2019,member,2019-12-19,
TNP-00264,CMT-43611af20002,لجنة النظام الداخلي و الحصانة و القوانين البرلمانية و القوانين الانتخابية,standing,ARP-2019,member,2020-10-20,
TNP-00267,CMT-14e6e316b483,لجنة الفلاحة والأمن الغذائي والتجارة والخدمات ذات الصلة,standing,ARP-2019,chair,2019-12-19,
TNP-00268,CMT-99f836e091fd,لجنة التحقيق حول ملابسات وفاة الشاب عبد السلام زيان بعد إيقافه بمدينة صفاقس,standing,ARP-2019,assistant_rapporteur,2021-06-15,
TNP-00268,CMT-d2c1a1210b30,لجنة الحقوق والحريات والعلاقات الخارجية,standing,ARP-2019,member,2020-10-20,
TNP-00268,CMT-738e7ac33069,لجنة الإصلاح الإداري والحوكمة الرشيدة ومكافحة الفساد ومراقبة التصرف في المال العام,standing,ARP-2019,assistant_rapporteur,2020-10-20,
TNP-00269,CMT-1e6f29539bbd,لجنة شهداء الثورة و جرحاها و تنفيذ قانون العفو العام والعدالة الانتقالية,standing,ARP-2019,member,2020-10-20,
TNP-00270,CMT-1c52d559d3de,لجنة المالية والتخطيط والتنمية,standing,ARP-2019,member,2019-12-19,
TNP-00270,CMT-1933d120e1de,لجنة شؤون التونسيين بالخارج,standing,ARP-2019,member,2019-12-19,
TNP-00271,CMT-14e6e316b483,لجنة الفلاحة والأمن الغذائي والتجارة والخدمات ذات الصلة,standing,ARP-2019,assistant_rapporteur,2019-12-19,
TNP-00271,CMT-d542bd0fb7e9,لجنة شؤون المرأة والأسرة والطفولة والشباب والمسنين,standing,ARP-2019,member,2019-12-19,
TNP-00272,CMT-d06a2309d1fa,لجنة شؤون ذوي الإعاقة والفئات الهشة,standing,ARP-2019,member,2020-10-20,
TNP-00272,CMT-5f960380a92d,لجنة الصناعة والطاقة والثروات الطبيعية والبنية الأساسية والبيئة,standing,ARP-2019,member,2019-12-19,
TNP-00273,CMT-5f960380a92d,لجنة الصناعة والطاقة والثروات الطبيعية والبنية الأساسية والبيئة,standing,ARP-2019,member,2020-10-20,
TNP-00273,CMT-738e7ac33069,لجنة الإصلاح الإداري والحوكمة الرشيدة ومكافحة الفساد ومراقبة التصرف في المال العام,standing,ARP-2019,member,2019-12-19,
TNP-00274,CMT-995ac0a70e07,لجنة التنمية الجهوية,standing,ARP-2019,member,2020-10-20,
TNP-00274,CMT-1c52d559d3de,لجنة المالية والتخطيط والتنمية,standing,ARP-2019,member,2019-12-19,
TNP-00275,CMT-74260d804b47,لجنة الصحة والشؤون الإجتماعية,standing,ARP-2019,member,2019-12-19,
TNP-00275,CMT-976bdb215c1b,لجنة الأمن والدفاع,standing,ARP-2019,member,2020-10-20,
TNP-00276,CMT-995ac0a70e07,لجنة التنمية الجهوية,standing,ARP-2019,member,2020-10-20,
TNP-00276,CMT-74260d804b47,لجنة الصحة والشؤون الإجتماعية,standing,ARP-2019,member,2019-12-19,
TNP-00277,CMT-995ac0a70e07,لجنة التنمية الجهوية,standing,ARP-2019,member,2020-10-20,
TNP-00277,CMT-5f960380a92d,لجنة الصناعة والطاقة والثروات الطبيعية والبنية الأساسية والبيئة,standing,ARP-2019,chair,2020-10-20,
TNP-00278,CMT-5f960380a92d,لجنة الصناعة والطاقة والثروات الطبيعية والبنية الأساسية والبيئة,standing,ARP-2019,vice_chair,2020-10-20,
TNP-00279,CMT-74260d804b47,لجنة الصحة والشؤون الإجتماعية,standing,ARP-2019,member,2020-10-20,
TNP-00280,CMT-d06a2309d1fa,لجنة شؤون ذوي الإعاقة والفئات الهشة,standing,ARP-2019,member,2019-12-19,
TNP-00280,CMT-5f960380a92d,لجنة الصناعة والطاقة والثروات الطبيعية والبنية الأساسية والبيئة,standing,ARP-2019,member,2020-02-06,
TNP-00281,CMT-d542bd0fb7e9,لجنة شؤون المرأة والأسرة والطفولة والشباب والمسنين,standing,ARP-2019,vice_chair,2020-10-20,
TNP-00281,CMT-74260d804b47,لجنة الصحة والشؤون الإجتماعية,standing,ARP-2019,rapporteur,2020-10-20,
TNP-00282,CMT-14e6e316b483,لجنة الفلاحة والأمن الغذائي والتجارة والخدمات ذات الصلة,standing,ARP-2019,member,2019-12-19,
TNP-00282,CMT-995ac0a70e07,لجنة التنمية الجهوية,standing,ARP-2019,member,2019-12-19,
TNP-00283,CMT-d2c1a1210b30,لجنة الحقوق والحريات والعلاقات الخارجية,standing,ARP-2019,member,2020-10-20,
TNP-00284,CMT-1e6f29539bbd,لجنة شهداء الثورة و جرحاها و تنفيذ قانون العفو العام والعدالة الانتقالية,standing,ARP-2019,member,2020-10-20,
TNP-00285,CMT-14e6e316b483,لجنة الفلاحة والأمن الغذائي والتجارة والخدمات ذات الصلة,standing,ARP-2019,member,2020-10-20,
TNP-00285,CMT-976bdb215c1b,لجنة الأمن والدفاع,standing,ARP-2019,member,2020-10-20,
TNP-00286,CMT-14e6e316b483,لجنة الفلاحة والأمن الغذائي والتجارة والخدمات ذات الصلة,standing,ARP-2019,rapporteur,2019-12-19,
TNP-00286,CMT-d06a2309d1fa,لجنة شؤون ذوي الإعاقة والفئات الهشة,standing,ARP-2019,member,2020-10-20,
TNP-00287,CMT-74260d804b47,لجنة الصحة والشؤون الإجتماعية,standing,ARP-2019,member,2020-10-20,
TNP-00287,CMT-976bdb215c1b,لجنة الأمن والدفاع,standing,ARP-2019,member,2020-10-20,
TNP-00288,CMT-cc87da9145b5,اللجنة الانتخابية,standing,ARP-2019,member,2020-04-13,
TNP-00288,CMT-1c52d559d3de,لجنة المالية والتخطيط والتنمية,standing,ARP-2019,assistant_rapporteur,2020-10-20,
TNP-00289,CMT-1c52d559d3de,لجنة المالية والتخطيط والتنمية,standing,ARP-2019,member,2020-10-20,
TNP-00289,CMT-738e7ac33069,لجنة الإصلاح الإداري والحوكمة الرشيدة ومكافحة الفساد ومراقبة التصرف في المال العام,standing,ARP-2019,member,2020-10-20,
TNP-00290,CMT-eb6b5aa1a575,لجنة الشباب والشؤون الثقافية والتربية والبحث العلمي,standing,ARP-2019,member,2021-07-06,
TNP-00292,CMT-1c52d559d3de,لجنة المالية والتخطيط والتنمية,standing,ARP-2019,member,2020-04-13,
TNP-00293,CMT-99f836e091fd,لجنة التحقيق حول ملابسات وفاة الشاب عبد السلام زيان بعد إيقافه بمدينة صفاقس,standing,ARP-2019,rapporteur,2021-06-15,
TNP-00293,CMT-d2c1a1210b30,لجنة الحقوق والحريات والعلاقات الخارجية,standing,ARP-2019,member,2020-10-20,
TNP-00293,CMT-1933d120e1de,لجنة شؤون التونسيين بالخارج,standing,ARP-2019,rapporteur,2020-10-20,
TNP-00294,CMT-14e6e316b483,لجنة الفلاحة والأمن الغذائي والتجارة والخدمات ذات الصلة,standing,ARP-2019,member,2020-10-20,
TNP-00294,CMT-1933d120e1de,لجنة شؤون التونسيين بالخارج,standing,ARP-2019,member,2019-12-19,
TNP-00295,CMT-99f836e091fd,لجنة التحقيق حول ملابسات وفاة الشاب عبد السلام زيان بعد إيقافه بمدينة صفاقس,standing,ARP-2019,member,2021-06-15,
TNP-00295,CMT-52a6ad966412,لجنة تنظيم الإدارة وشؤون القوات الحاملة للسلاح,standing,ARP-2019,member,2020-10-20,
TNP-00295,CMT-d542bd0fb7e9,لجنة شؤون المرأة والأسرة والطفولة والشباب والمسنين,standing,ARP-2019,member,2020-10-20,
TNP-00296,CMT-43611af20002,لجنة النظام الداخلي و الحصانة و القوانين البرلمانية و القوانين الانتخابية,standing,ARP-2019,member,2020-10-20,
TNP-00297,CMT-d2c1a1210b30,لجنة الحقوق والحريات والعلاقات الخارجية,standing,ARP-2019,member,2020-10-20,
TNP-00297,CMT-976bdb215c1b,لجنة الأمن والدفاع,standing,ARP-2019,rapporteur,2020-10-20,
TNP-00298,CMT-d542bd0fb7e9,لجنة شؤون المرأة والأسرة والطفولة والشباب والمسنين,standing,ARP-2019,rapporteur,2020-10-20,
TNP-00298,CMT-c9b9c13c0a0c,لجنة التشريع العام,standing,ARP-2019,member,2019-12-19,
TNP-00300,CMT-14e6e316b483,لجنة الفلاحة والأمن الغذائي والتجارة والخدمات ذات الصلة,standing,ARP-2019,member,2020-10-20,
TNP-00300,CMT-738e7ac33069,لجنة الإصلاح الإداري والحوكمة الرشيدة ومكافحة الفساد ومراقبة التصرف في المال العام,standing,ARP-2019,member,2020-10-20,
TNP-00300,CMT-7713cb69dba5,لجنة مراقبة عمليات التصويت وإحصاء الأصوات,inquiry,ARP-2019,member,2019-11-13,
TNP-00301,CMT-43611af20002,لجنة النظام الداخلي و الحصانة و القوانين البرلمانية و القوانين الانتخابية,standing,ARP-2019,chair,2020-10-20,
TNP-00301,CMT-976bdb215c1b,لجنة الأمن والدفاع,standing,ARP-2019,member,2019-12-19,
TNP-00302,CMT-cc87da9145b5,اللجنة الانتخابية,standing,ARP-2019,member,2020-10-20,
TNP-00302,CMT-c9b9c13c0a0c,لجنة التشريع العام,standing,ARP-2019,chair,2020-10-20,
TNP-00303,CMT-d2c1a1210b30,لجنة الحقوق والحريات والعلاقات الخارجية,standing,ARP-2019,chair,2020-10-20,
TNP-00303,CMT-738e7ac33069,لجنة الإصلاح الإداري والحوكمة الرشيدة ومكافحة الفساد ومراقبة التصرف في المال العام,standing,ARP-2019,member,2020-10-20,
TNP-00304,CMT-995ac0a70e07,لجنة التنمية الجهوية,standing,ARP-2019,member,2020-05-17,
TNP-00304,CMT-eb6b5aa1a575,لجنة الشباب والشؤون الثقافية والتربية والبحث العلمي,standing,ARP-2019,member,2019-12-19,
TNP-00305,CMT-738e7ac33069,لجنة الإصلاح الإداري والحوكمة الرشيدة ومكافحة الفساد ومراقبة التصرف في المال العام,standing,ARP-2019,member,2020-10-20,
TNP-00305,CMT-43611af20002,لجنة النظام الداخلي و الحصانة و القوانين البرلمانية و القوانين الانتخابية,standing,ARP-2019,vice_chair,2020-10-20,
TNP-00306,CMT-eb6b5aa1a575,لجنة الشباب والشؤون الثقافية والتربية والبحث العلمي,standing,ARP-2019,member,2020-10-20,
TNP-00307,CMT-d542bd0fb7e9,لجنة شؤون المرأة والأسرة والطفولة والشباب والمسنين,standing,ARP-2019,member,2020-10-20,
TNP-00307,CMT-eb6b5aa1a575,لجنة الشباب والشؤون الثقافية والتربية والبحث العلمي,standing,ARP-2019,member,2020-10-20,
TNP-00308,CMT-43611af20002,لجنة النظام الداخلي و الحصانة و القوانين البرلمانية و القوانين الانتخابية,standing,ARP-2019,member,2019-12-19,
TNP-00308,CMT-976bdb215c1b,لجنة الأمن والدفاع,standing,ARP-2019,chair,2020-10-20,
TNP-00309,CMT-14e6e316b483,لجنة الفلاحة والأمن الغذائي والتجارة والخدمات ذات الصلة,standing,ARP-2019,member,2020-10-20,
TNP-00309,CMT-cc87da9145b5,اللجنة الانتخابية,standing,ARP-2019,member,2020-10-20,
TNP-00310,CMT-14e6e316b483,لجنة الفلاحة والأمن الغذائي والتجارة والخدمات ذات الصلة,standing,ARP-2019,member,2020-10-20,
TNP-00310,CMT-d542bd0fb7e9,لجنة شؤون المرأة والأسرة والطفولة والشباب والمسنين,standing,ARP-2019,rapporteur,2020-10-20,
TNP-00311,CMT-5f960380a92d,لجنة الصناعة والطاقة والثروات الطبيعية والبنية الأساسية والبيئة,standing,ARP-2019,rapporteur,2020-10-20,
TNP-00311,CMT-1933d120e1de,لجنة شؤون التونسيين بالخارج,standing,ARP-2019,member,2019-12-19,
TNP-00312,CMT-1933d120e1de,لجنة شؤون التونسيين بالخارج,standing,ARP-2019,assistant_rapporteur,2020-10-20,
TNP-00313,CMT-1933d120e1de,لجنة شؤون التونسيين بالخارج,standing,ARP-2019,member,2020-11-15,
TNP-00314,CMT-43611af20002,لجنة النظام الداخلي و الحصانة و القوانين البرلمانية و القوانين الانتخابية,standing,ARP-2019,member,2020-10-20,
TNP-00314,CMT-1933d120e1de,لجنة شؤون التونسيين بالخارج,standing,ARP-2019,member,2020-10-20,
TNP-00315,CMT-99f836e091fd,لجنة التحقيق حول ملابسات وفاة الشاب عبد السلام زيان بعد إيقافه بمدينة صفاقس,standing,ARP-2019,chair,2021-06-15,
TNP-00315,CMT-c9b9c13c0a0c,لجنة التشريع العام,standing,ARP-2019,member,2020-10-20,
TNP-00315,CMT-1933d120e1de,لجنة شؤون التونسيين بالخارج,standing,ARP-2019,chair,2020-10-20,
TNP-00317,CMT-43611af20002,لجنة النظام الداخلي و الحصانة و القوانين البرلمانية و القوانين الانتخابية,standing,ARP-2019,member,2021-02-10,
TNP-00318,CMT-1e6f29539bbd,لجنة شهداء الثورة و جرحاها و تنفيذ قانون العفو العام والعدالة الانتقالية,standing,ARP-2019,member,2019-12-19,
TNP-00318,CMT-43611af20002,لجنة النظام الداخلي و الحصانة و القوانين البرلمانية و القوانين الانتخابية,standing,ARP-2019,member,2019-12-19,
TNP-00115,CMT-74260d804b47,لجنة الصحة والشؤون الإجتماعية,standing,ARP-2019,member,2020-10-20,
TNP-00320,CMT-99f836e091fd,لجنة التحقيق حول ملابسات وفاة الشاب عبد السلام زيان بعد إيقافه بمدينة صفاقس,standing,ARP-2019,member,2021-06-15,
TNP-00320,CMT-995ac0a70e07,لجنة التنمية الجهوية,standing,ARP-2019,member,2020-10-20,
TNP-00320,CMT-eb6b5aa1a575,لجنة الشباب والشؤون الثقافية والتربية والبحث العلمي,standing,ARP-2019,member,2020-03-12,
TNP-00321,CMT-cc87da9145b5,اللجنة الانتخابية,standing,ARP-2019,member,2019-12-19,
TNP-00321,CMT-eb6b5aa1a575,لجنة الشباب والشؤون الثقافية والتربية والبحث العلمي,standing,ARP-2019,member,2019-12-19,
TNP-00322,CMT-99f836e091fd,لجنة التحقيق حول ملابسات وفاة الشاب عبد السلام زيان بعد إيقافه بمدينة صفاقس,standing,ARP-2019,member,2021-06-15,
TNP-00322,CMT-eb6b5aa1a575,لجنة الشباب والشؤون الثقافية والتربية والبحث العلمي,standing,ARP-2019,rapporteur,2020-10-20,
TNP-00322,CMT-1933d120e1de,لجنة شؤون التونسيين بالخارج,standing,ARP-2019,rapporteur,2020-11-17,
TNP-00324,CMT-c9b9c13c0a0c,لجنة التشريع العام,standing,ARP-2019,member,2020-10-20,
TNP-00327,CMT-99f836e091fd,لجنة التحقيق حول ملابسات وفاة الشاب عبد السلام زيان بعد إيقافه بمدينة صفاقس,standing,ARP-2019,member,2021-06-15,
TNP-00327,CMT-995ac0a70e07,لجنة التنمية الجهوية,standing,ARP-2019,vice_chair,2020-10-20,
TNP-00327,CMT-eb6b5aa1a575,لجنة الشباب والشؤون الثقافية والتربية والبحث العلمي,standing,ARP-2019,member,2020-10-20,
TNP-00329,CMT-14e6e316b483,لجنة الفلاحة والأمن الغذائي والتجارة والخدمات ذات الصلة,standing,ARP-2019,member,2020-10-20,
TNP-00329,CMT-7713cb69dba5,لجنة مراقبة عمليات التصويت وإحصاء الأصوات,inquiry,ARP-2019,member,2020-03-26,
TNP-00330,CMT-74260d804b47,لجنة الصحة والشؤون الإجتماعية,standing,ARP-2019,member,2019-12-24,
TNP-00331,CMT-99f836e091fd,لجنة التحقيق حول ملابسات وفاة الشاب عبد السلام زيان بعد إيقافه بمدينة صفاقس,standing,ARP-2019,chair,2021-06-15,
TNP-00331,CMT-d2c1a1210b30,لجنة الحقوق والحريات والعلاقات الخارجية,standing,ARP-2019,chair,2019-12-19,
TNP-00331,CMT-d542bd0fb7e9,لجنة شؤون المرأة والأسرة والطفولة والشباب والمسنين,standing,ARP-2019,member,2019-12-19,
TNP-00333,CMT-cc87da9145b5,اللجنة الانتخابية,standing,ARP-2019,chair,2019-12-19,
TNP-00333,CMT-43611af20002,لجنة النظام الداخلي و الحصانة و القوانين البرلمانية و القوانين الانتخابية,standing,ARP-2019,member,2020-10-20,
TNP-00334,CMT-1c52d559d3de,لجنة المالية والتخطيط والتنمية,standing,ARP-2019,member,2020-10-20,
TNP-00334,CMT-976bdb215c1b,لجنة الأمن والدفاع,standing,ARP-2019,member,2020-10-20,
TNP-00336,CMT-995ac0a70e07,لجنة التنمية الجهوية,standing,ARP-2019,member,2020-10-20,
TNP-00336,CMT-43611af20002,لجنة النظام الداخلي و الحصانة و القوانين البرلمانية و القوانين الانتخابية,standing,ARP-2019,member,2020-10-20,
TNP-00337,CMT-cc87da9145b5,اللجنة الانتخابية,standing,ARP-2019,member,2020-10-20,
TNP-00337,CMT-eb6b5aa1a575,لجنة الشباب والشؤون الثقافية والتربية والبحث العلمي,standing,ARP-2019,chair,2020-10-20,
TNP-00338,CMT-995ac0a70e07,لجنة التنمية الجهوية,standing,ARP-2019,member,2020-10-20,
TNP-00338,CMT-74260d804b47,لجنة الصحة والشؤون الإجتماعية,standing,ARP-2019,rapporteur,2020-10-20,
TNP-00339,CMT-52a6ad966412,لجنة تنظيم الإدارة وشؤون القوات الحاملة للسلاح,standing,ARP-2019,member,2020-10-20,
TNP-00339,CMT-738e7ac33069,لجنة الإصلاح الإداري والحوكمة الرشيدة ومكافحة الفساد ومراقبة التصرف في المال العام,standing,ARP-2019,member,2020-10-20,
TNP-00340,CMT-d542bd0fb7e9,لجنة شؤون المرأة والأسرة والطفولة والشباب والمسنين,standing,ARP-2019,member,2019-12-19,
TNP-00340,CMT-1c52d559d3de,لجنة المالية والتخطيط والتنمية,standing,ARP-2019,member,2019-12-19,
TNP-00341,CMT-74260d804b47,لجنة الصحة والشؤون الإجتماعية,standing,ARP-2019,assistant_rapporteur,2019-12-19,
TNP-00342,CMT-c9b9c13c0a0c,لجنة التشريع العام,standing,ARP-2019,member,2020-10-20,
TNP-00342,CMT-1e6f29539bbd,لجنة شهداء الثورة و جرحاها و تنفيذ قانون العفو العام والعدالة الانتقالية,standing,ARP-2019,chair,2019-12-19,
TNP-00343,CMT-14e6e316b483,لجنة الفلاحة والأمن الغذائي والتجارة والخدمات ذات الصلة,standing,ARP-2019,member,2020-10-20,
TNP-00343,CMT-d06a2309d1fa,لجنة شؤون ذوي الإعاقة والفئات الهشة,standing,ARP-2019,member,2020-10-20,
TNP-00344,CMT-52a6ad966412,لجنة تنظيم الإدارة وشؤون القوات الحاملة للسلاح,standing,ARP-2019,member,2020-10-20,
TNP-00344,CMT-d542bd0fb7e9,لجنة شؤون المرأة والأسرة والطفولة والشباب والمسنين,standing,ARP-2019,member,2020-10-20,
TNP-00348,CMT-14e6e316b483,لجنة الفلاحة والأمن الغذائي والتجارة والخدمات ذات الصلة,standing,ARP-2019,member,2020-11-09,
TNP-00348,CMT-995ac0a70e07,لجنة التنمية الجهوية,standing,ARP-2019,member,2020-11-24,
TNP-00349,CMT-99f836e091fd,لجنة التحقيق حول ملابسات وفاة الشاب عبد السلام زيان بعد إيقافه بمدينة صفاقس,standing,ARP-2019,member,2021-06-15,
TNP-00349,CMT-52a6ad966412,لجنة تنظيم الإدارة وشؤون القوات الحاملة للسلاح,standing,ARP-2019,assistant_rapporteur,2019-12-19,
TNP-00349,CMT-cc87da9145b5,اللجنة الانتخابية,standing,ARP-2019,assistant_rapporteur,2020-10-20,
TNP-00351,CMT-eb6b5aa1a575,لجنة الشباب والشؤون الثقافية والتربية والبحث العلمي,standing,ARP-2019,member,2020-10-20,
TNP-00351,CMT-1e6f29539bbd,لجنة شهداء الثورة و جرحاها و تنفيذ قانون العفو العام والعدالة الانتقالية,standing,ARP-2019,member,2020-10-20,
TNP-00352,CMT-995ac0a70e07,لجنة التنمية الجهوية,standing,ARP-2019,member,2020-10-20,
TNP-00352,CMT-1c52d559d3de,لجنة المالية والتخطيط والتنمية,standing,ARP-2019,member,2019-12-19,
TNP-00353,CMT-d2c1a1210b30,لجنة الحقوق والحريات والعلاقات الخارجية,standing,ARP-2019,member,2021-02-10,
TNP-00353,CMT-d542bd0fb7e9,لجنة شؤون المرأة والأسرة والطفولة والشباب والمسنين,standing,ARP-2019,member,2021-02-07,
TNP-00354,CMT-52a6ad966412,لجنة تنظيم الإدارة وشؤون القوات الحاملة للسلاح,standing,ARP-2019,member,2020-10-20,
TNP-00354,CMT-1933d120e1de,لجنة شؤون التونسيين بالخارج,standing,ARP-2019,member,2020-10-20,
TNP-00355,CMT-eb6b5aa1a575,لجنة الشباب والشؤون الثقافية والتربية والبحث العلمي,standing,ARP-2019,member,2020-10-20,
TNP-00356,CMT-99f836e091fd,لجنة التحقيق حول ملابسات وفاة الشاب عبد السلام زيان بعد إيقافه بمدينة صفاقس,standing,ARP-2019,member,2021-06-15,
TNP-00356,CMT-eb6b5aa1a575,لجنة الشباب والشؤون الثقافية والتربية والبحث العلمي,standing,ARP-2019,member,2020-10-20,
TNP-00357,CMT-cc87da9145b5,اللجنة الانتخابية,standing,ARP-2019,member,2020-10-20,
TNP-00357,CMT-5f960380a92d,لجنة الصناعة والطاقة والثروات الطبيعية والبنية الأساسية والبيئة,standing,ARP-2019,member,2020-10-20,
TNP-00357,CMT-7713cb69dba5,لجنة مراقبة عمليات التصويت وإحصاء الأصوات,inquiry,ARP-2019,member,2019-11-29,
TNP-00358,CMT-43611af20002,لجنة النظام الداخلي و الحصانة و القوانين البرلمانية و القوانين الانتخابية,standing,ARP-2019,member,2021-04-27,
TNP-00358,CMT-1933d120e1de,لجنة شؤون التونسيين بالخارج,standing,ARP-2019,member,2020-11-18,
TNP-00359,CMT-52a6ad966412,لجنة تنظيم الإدارة وشؤون القوات الحاملة للسلاح,standing,ARP-2019,chair,2019-12-19,
TNP-00359,CMT-976bdb215c1b,لجنة الأمن والدفاع,standing,ARP-2019,member,2019-12-19,
TNP-00360,CMT-d2c1a1210b30,لجنة الحقوق والحريات والعلاقات الخارجية,standing,ARP-2019,member,2020-10-20,
TNP-00360,CMT-1933d120e1de,لجنة شؤون التونسيين بالخارج,standing,ARP-2019,member,2020-10-20,
TNP-00361,CMT-5f960380a92d,لجنة الصناعة والطاقة والثروات الطبيعية والبنية الأساسية والبيئة,standing,ARP-2019,member,2020-10-20,
TNP-00362,CMT-d2c1a1210b30,لجنة الحقوق والحريات والعلاقات الخارجية,standing,ARP-2019,member,2019-12-19,
TNP-00362,CMT-d542bd0fb7e9,لجنة شؤون المرأة والأسرة والطفولة والشباب والمسنين,standing,ARP-2019,member,2019-12-19,
TNP-00363,CMT-d2c1a1210b30,لجنة الحقوق والحريات والعلاقات الخارجية,standing,ARP-2019,rapporteur,2019-12-19,
TNP-00366,CMT-c9b9c13c0a0c,لجنة التشريع العام,standing,ARP-2019,member,2020-06-19,
TNP-00366,CMT-1e6f29539bbd,لجنة شهداء الثورة و جرحاها و تنفيذ قانون العفو العام والعدالة الانتقالية,standing,ARP-2019,member,2021-01-31,
TNP-00367,CMT-cbc65065020c,لجنة فرز الترشحات لعضوية هيئة الحقيقة و الكرامة المتعلقة بالعدالة الانتقالية,special,NCA-2011,member,2011-11-22,2014-12-01
TNP-00367,CMT-7249209246b3,لجنة الحقوق والحريات,constituent,NCA-2011,member,2011-11-22,2014-12-01
TNP-00368,CMT-7249209246b3,لجنة الحقوق والحريات,constituent,NCA-2011,member,2011-11-22,2014-12-01
TNP-00368,CMT-b46554e2045e,لجنة القطاعات الخدماتية,legislative,NCA-2011,member,2011-11-22,2014-12-01
TNP-00369,CMT-b46554e2045e,لجنة القطاعات الخدماتية,legislative,NCA-2011,vice_chair,2011-11-22,2014-12-01
TNP-00369,CMT-4e91930c5e8b,لجنة التوطئة والمبادئ الأساسية وتعديل الدستور,constituent,NCA-2011,member,2011-11-22,2014-12-01
TNP-00370,CMT-cbc65065020c,لجنة فرز الترشحات لعضوية هيئة الحقيقة و الكرامة المتعلقة بالعدالة الانتقالية,special,NCA-2011,member,2011-11-22,2014-12-01
TNP-00370,CMT-5d1546fffb75,لجنة التوافقات,special,NCA-2011,member,2011-11-22,2014-12-01
TNP-00370,CMT-e6b2fac8e5c7,لجنة الحقوق والحريات والعلاقات الخارجية,legislative,NCA-2011,member,2011-11-22,2014-12-01
TNP-00370,CMT-545e8558a206,لجنة السلطة التنفيذية والسلطة التشريعية والعلاقة بينهما,constituent,NCA-2011,member,2011-11-22,2014-12-01
TNP-00371,CMT-7249209246b3,لجنة الحقوق والحريات,constituent,NCA-2011,assistant_rapporteur,2011-11-22,2014-12-01
TNP-00372,CMT-7249209246b3,لجنة الحقوق والحريات,constituent,NCA-2011,member,2011-11-22,2014-12-01
TNP-00373,CMT-f2d2d05db58f,لجنة التشريع العام,legislative,NCA-2011,member,2011-11-22,2014-12-01
TNP-00373,CMT-545e8558a206,لجنة السلطة التنفيذية والسلطة التشريعية والعلاقة بينهما,constituent,NCA-2011,member,2011-11-22,2014-12-01
TNP-00374,CMT-663b2e4cb3f4,الهيئة المشتركة للتنسيق والصياغة,joint,NCA-2011,assistant_rapporteur,2011-11-22,2014-12-01
TNP-00374,CMT-e6b2fac8e5c7,لجنة الحقوق والحريات والعلاقات الخارجية,legislative,NCA-2011,member,2011-11-22,2014-12-01
TNP-00374,CMT-4d57513fbffc,لجنة القضاء العدلي والإداري والمالي والدستوري,constituent,NCA-2011,member,2011-11-22,2014-12-01
TNP-00375,CMT-cbc65065020c,لجنة فرز الترشحات لعضوية هيئة الحقيقة و الكرامة المتعلقة بالعدالة الانتقالية,special,NCA-2011,member,2011-11-22,2014-12-01
TNP-00375,CMT-78e966e1d482,لجنة فرز الترشحات لعضوية الهيئة العليا المستقلة للانتخابات,special,NCA-2011,member,2011-11-22,2014-12-01
TNP-00375,CMT-545e8558a206,لجنة السلطة التنفيذية والسلطة التشريعية والعلاقة بينهما,constituent,NCA-2011,member,2011-11-22,2014-12-01
TNP-00376,CMT-5d1546fffb75,لجنة التوافقات,special,NCA-2011,member,2011-11-22,2014-12-01
TNP-00376,CMT-3b890b1f160a,لجنة الإصلاح الإداري ومكافحة الفساد,special,NCA-2011,member,2011-11-22,2014-12-01
TNP-00376,CMT-e6b2fac8e5c7,لجنة الحقوق والحريات والعلاقات الخارجية,legislative,NCA-2011,member,2011-11-22,2014-12-01
TNP-00377,CMT-8978fc995f04,لجنة البنية الأساسية والبيئة,legislative,NCA-2011,assistant_rapporteur,2011-11-22,2014-12-01
TNP-00377,CMT-178580c40e35,لجنة الهيئات الدستورية,constituent,NCA-2011,member,2011-11-22,2014-12-01
TNP-00378,CMT-545e8558a206,لجنة السلطة التنفيذية والسلطة التشريعية والعلاقة بينهما,constituent,NCA-2011,assistant_rapporteur,2011-11-22,2014-12-01
TNP-00378,CMT-5d1546fffb75,لجنة التوافقات,special,NCA-2011,member,2011-11-22,2014-12-01
TNP-00378,CMT-8978fc995f04,لجنة البنية الأساسية والبيئة,legislative,NCA-2011,member,2011-11-22,2014-12-01
TNP-00379,CMT-336c11e63d66,لجنة التحقيق في أحداث 9 أفريل,special,NCA-2011,member,2011-11-22,2014-12-01
TNP-00379,CMT-52252f4274f6,لجنة الشؤون الاجتماعية,legislative,NCA-2011,member,2011-11-22,2014-12-01
TNP-00380,CMT-12bc734f9df1,لجنة الشؤون التربوية,legislative,NCA-2011,member,2011-11-22,2014-12-01
TNP-00380,CMT-178580c40e35,لجنة الهيئات الدستورية,constituent,NCA-2011,member,2011-11-22,2014-12-01
TNP-00381,CMT-400b91a3bed5,لجنة الخاصة للنظام الداخلي والحصانة,special,NCA-2011,member,2011-11-22,2014-12-01
TNP-00381,CMT-4d57513fbffc,لجنة القضاء العدلي والإداري والمالي والدستوري,constituent,NCA-2011,member,2011-11-22,2014-12-01
TNP-00382,CMT-8978fc995f04,لجنة البنية الأساسية والبيئة,legislative,NCA-2011,member,2011-11-22,2014-12-01
TNP-00383,CMT-663b2e4cb3f4,الهيئة المشتركة للتنسيق والصياغة,joint,NCA-2011,rapporteur,2011-11-22,2014-12-01
TNP-00383,CMT-5d1546fffb75,لجنة التوافقات,special,NCA-2011,member,2011-11-22,2014-12-01
TNP-00384,CMT-5d1546fffb75,لجنة التوافقات,special,NCA-2011,member,2011-11-22,2014-12-01
TNP-00384,CMT-499d23e8523f,لجنة شهداء وجرحى الثورة وتفعيل العفو التشريعي العام,special,NCA-2011,member,2011-11-22,2014-12-01
TNP-00384,CMT-c6c8260db7f4,لجنة الجماعات العمومية الجهوية والمحلية,constituent,NCA-2011,member,2011-11-22,2014-12-01
TNP-00385,CMT-12bc734f9df1,لجنة الشؤون التربوية,legislative,NCA-2011,member,2011-11-22,2014-12-01
TNP-00385,CMT-8978fc995f04,لجنة البنية الأساسية والبيئة,legislative,NCA-2011,member,2011-11-22,2014-12-01
TNP-00385,CMT-4e91930c5e8b,لجنة التوطئة والمبادئ الأساسية وتعديل الدستور,constituent,NCA-2011,member,2011-11-22,2014-12-01
TNP-00386,CMT-f6f9e9d7cbb2,لجنة الطاقة والقطاعات الإنتاجية,legislative,NCA-2011,member,2011-11-22,2014-12-01
TNP-00386,CMT-4e91930c5e8b,لجنة التوطئة والمبادئ الأساسية وتعديل الدستور,constituent,NCA-2011,member,2011-11-22,2014-12-01
TNP-00324,CMT-4e91930c5e8b,لجنة التوطئة والمبادئ الأساسية وتعديل الدستور,constituent,NCA-2011,chair,2011-11-22,2014-12-01
TNP-00324,CMT-5d1546fffb75,لجنة التوافقات,special,NCA-2011,member,2011-11-22,2014-12-01
TNP-00324,CMT-663b2e4cb3f4,الهيئة المشتركة للتنسيق والصياغة,joint,NCA-2011,member,2011-11-22,2014-12-01
TNP-00387,CMT-4e91930c5e8b,لجنة التوطئة والمبادئ الأساسية وتعديل الدستور,constituent,NCA-2011,member,2011-11-22,2014-12-01
TNP-00389,CMT-13e8b4757c0d,لجنة المالية والتخطيط والتنمية,legislative,NCA-2011,chair,2011-11-22,2014-12-01
TNP-00389,CMT-4d57513fbffc,لجنة القضاء العدلي والإداري والمالي والدستوري,constituent,NCA-2011,member,2011-11-22,2014-12-01
TNP-00267,CMT-13e8b4757c0d,لجنة المالية والتخطيط والتنمية,legislative,NCA-2011,assistant_rapporteur,2011-11-22,2014-12-01
TNP-00267,CMT-3b890b1f160a,لجنة الإصلاح الإداري ومكافحة الفساد,special,NCA-2011,member,2011-11-22,2014-12-01
TNP-00390,CMT-400b91a3bed5,لجنة الخاصة للنظام الداخلي والحصانة,special,NCA-2011,member,2011-11-22,2014-12-01
TNP-00390,CMT-13e8b4757c0d,لجنة المالية والتخطيط والتنمية,legislative,NCA-2011,member,2011-11-22,2014-12-01
TNP-00390,CMT-c6c8260db7f4,لجنة الجماعات العمومية الجهوية والمحلية,constituent,NCA-2011,member,2011-11-22,2014-12-01
TNP-00264,CMT-499d23e8523f,لجنة شهداء وجرحى الثورة وتفعيل العفو التشريعي العام,special,NCA-2011,vice_chair,2011-11-22,2014-12-01
TNP-00264,CMT-b46554e2045e,لجنة القطاعات الخدماتية,legislative,NCA-2011,member,2011-11-22,2014-12-01
TNP-00264,CMT-178580c40e35,لجنة الهيئات الدستورية,constituent,NCA-2011,member,2011-11-22,2014-12-01
TNP-00391,CMT-5d1546fffb75,لجنة التوافقات,special,NCA-2011,member,2011-11-22,2014-12-01
TNP-00391,CMT-f2d2d05db58f,لجنة التشريع العام,legislative,NCA-2011,member,2011-11-22,2014-12-01
TNP-00391,CMT-4e91930c5e8b,لجنة التوطئة والمبادئ الأساسية وتعديل الدستور,constituent,NCA-2011,member,2011-11-22,2014-12-01
TNP-00392,CMT-12bc734f9df1,لجنة الشؤون التربوية,legislative,NCA-2011,member,2011-11-22,2014-12-01
TNP-00392,CMT-178580c40e35,لجنة الهيئات الدستورية,constituent,NCA-2011,member,2011-11-22,2014-12-01
TNP-00393,CMT-f6f9e9d7cbb2,لجنة الطاقة والقطاعات الإنتاجية,legislative,NCA-2011,assistant_rapporteur,2011-11-22,2014-12-01
TNP-00394,CMT-3b890b1f160a,لجنة الإصلاح الإداري ومكافحة الفساد,special,NCA-2011,member,2011-11-22,2014-12-01
TNP-00394,CMT-13e8b4757c0d,لجنة المالية والتخطيط والتنمية,legislative,NCA-2011,member,2011-11-22,2014-12-01
TNP-00394,CMT-545e8558a206,لجنة السلطة التنفيذية والسلطة التشريعية والعلاقة بينهما,constituent,NCA-2011,member,2011-11-22,2014-12-01
TNP-00395,CMT-78e966e1d482,لجنة فرز الترشحات لعضوية الهيئة العليا المستقلة للانتخابات,special,NCA-2011,member,2011-11-22,2014-12-01
TNP-00395,CMT-13e8b4757c0d,لجنة المالية والتخطيط والتنمية,legislative,NCA-2011,member,2011-11-22,2014-12-01
TNP-00395,CMT-c6c8260db7f4,لجنة الجماعات العمومية الجهوية والمحلية,constituent,NCA-2011,member,2011-11-22,2014-12-01
TNP-00396,CMT-78e966e1d482,لجنة فرز الترشحات لعضوية الهيئة العليا المستقلة للانتخابات,special,NCA-2011,member,2011-11-22,2014-12-01
TNP-00396,CMT-499d23e8523f,لجنة شهداء وجرحى الثورة وتفعيل العفو التشريعي العام,special,NCA-2011,member,2011-11-22,2014-12-01
TNP-00396,CMT-545e8558a206,لجنة السلطة التنفيذية والسلطة التشريعية والعلاقة بينهما,constituent,NCA-2011,member,2011-11-22,2014-12-01
TNP-00397,CMT-12bc734f9df1,لجنة الشؤون التربوية,legislative,NCA-2011,rapporteur,2011-11-22,2014-12-01
TNP-00397,CMT-336c11e63d66,لجنة التحقيق في أحداث 9 أفريل,special,NCA-2011,member,2011-11-22,2014-12-01
TNP-00397,CMT-4e91930c5e8b,لجنة التوطئة والمبادئ الأساسية وتعديل الدستور,constituent,NCA-2011,member,2011-11-22,2014-12-01
TNP-00398,CMT-400b91a3bed5,لجنة الخاصة للنظام الداخلي والحصانة,special,NCA-2011,assistant_rapporteur,2011-11-22,2014-12-01
TNP-00398,CMT-f2d2d05db58f,لجنة التشريع العام,legislative,NCA-2011,member,2011-11-22,2014-12-01
TNP-00398,CMT-545e8558a206,لجنة السلطة التنفيذية والسلطة التشريعية والعلاقة بينهما,constituent,NCA-2011,member,2011-11-22,2014-12-01
TNP-00399,CMT-4e91930c5e8b,لجنة التوطئة والمبادئ الأساسية وتعديل الدستور,constituent,NCA-2011,member,2011-11-22,2014-12-01
TNP-00141,CMT-12bc734f9df1,لجنة الشؤون التربوية,legislative,NCA-2011,vice_chair,2011-11-22,2014-12-01
TNP-00400,CMT-7249209246b3,لجنة الحقوق والحريات,constituent,NCA-2011,rapporteur,2011-11-22,2014-12-01
TNP-00400,CMT-e6b2fac8e5c7,لجنة الحقوق والحريات والعلاقات الخارجية,legislative,NCA-2011,rapporteur,2011-11-22,2014-12-01
TNP-00400,CMT-78e966e1d482,لجنة فرز الترشحات لعضوية الهيئة العليا المستقلة للانتخابات,special,NCA-2011,member,2011-11-22,2014-12-01
TNP-00400,CMT-336c11e63d66,لجنة التحقيق في أحداث 9 أفريل,special,NCA-2011,member,2011-11-22,2014-12-01
TNP-00400,CMT-663b2e4cb3f4,الهيئة المشتركة للتنسيق والصياغة,joint,NCA-2011,member,2011-11-22,2014-12-01
TNP-00401,CMT-f2d2d05db58f,لجنة التشريع العام,legislative,NCA-2011,member,2011-11-22,2014-12-01
TNP-00402,CMT-78e966e1d482,لجنة فرز الترشحات لعضوية الهيئة العليا المستقلة للانتخابات,special,NCA-2011,member,2011-11-22,2014-12-01
TNP-00402,CMT-336c11e63d66,لجنة التحقيق في أحداث 9 أفريل,special,NCA-2011,member,2011-11-22,2014-12-01
TNP-00402,CMT-f2d2d05db58f,لجنة التشريع العام,legislative,NCA-2011,member,2011-11-22,2014-12-01
TNP-00402,CMT-545e8558a206,لجنة السلطة التنفيذية والسلطة التشريعية والعلاقة بينهما,constituent,NCA-2011,member,2011-11-22,2014-12-01
TNP-00404,CMT-52252f4274f6,لجنة الشؤون الاجتماعية,legislative,NCA-2011,member,2011-11-22,2014-12-01
TNP-00404,CMT-c6c8260db7f4,لجنة الجماعات العمومية الجهوية والمحلية,constituent,NCA-2011,member,2011-11-22,2014-12-01
TNP-00405,CMT-52252f4274f6,لجنة الشؤون الاجتماعية,legislative,NCA-2011,assistant_rapporteur,2011-11-22,2014-12-01
TNP-00406,CMT-499d23e8523f,لجنة شهداء وجرحى الثورة وتفعيل العفو التشريعي العام,special,NCA-2011,member,2011-11-22,2014-12-01
TNP-00406,CMT-4e91930c5e8b,لجنة التوطئة والمبادئ الأساسية وتعديل الدستور,constituent,NCA-2011,member,2011-11-22,2014-12-01
TNP-00407,CMT-7249209246b3,لجنة الحقوق والحريات,constituent,NCA-2011,member,2011-11-22,2014-12-01
TNP-00407,CMT-12bc734f9df1,لجنة الشؤون التربوية,legislative,NCA-2011,member,2011-11-22,2014-12-01
TNP-00408,CMT-8978fc995f04,لجنة البنية الأساسية والبيئة,legislative,NCA-2011,chair,2011-11-22,2014-12-01
TNP-00408,CMT-78e966e1d482,لجنة فرز الترشحات لعضوية الهيئة العليا المستقلة للانتخابات,special,NCA-2011,member,2011-11-22,2014-12-01
TNP-00408,CMT-c6c8260db7f4,لجنة الجماعات العمومية الجهوية والمحلية,constituent,NCA-2011,member,2011-11-22,2014-12-01
TNP-00409,CMT-52252f4274f6,لجنة الشؤون الاجتماعية,legislative,NCA-2011,member,2011-11-22,2014-12-01
TNP-00410,CMT-178580c40e35,لجنة الهيئات الدستورية,constituent,NCA-2011,chair,2011-11-22,2014-12-01
TNP-00410,CMT-663b2e4cb3f4,الهيئة المشتركة للتنسيق والصياغة,joint,NCA-2011,member,2011-11-22,2014-12-01
TNP-00410,CMT-12bc734f9df1,لجنة الشؤون التربوية,legislative,NCA-2011,member,2011-11-22,2014-12-01
TNP-00411,CMT-12bc734f9df1,لجنة الشؤون التربوية,legislative,NCA-2011,member,2011-11-22,2014-12-01
TNP-00411,CMT-8978fc995f04,لجنة البنية الأساسية والبيئة,legislative,NCA-2011,member,2011-11-22,2014-12-01
TNP-00413,CMT-c6c8260db7f4,لجنة الجماعات العمومية الجهوية والمحلية,constituent,NCA-2011,assistant_rapporteur,2011-11-22,2014-12-01
TNP-00413,CMT-3b890b1f160a,لجنة الإصلاح الإداري ومكافحة الفساد,special,NCA-2011,member,2011-11-22,2014-12-01
TNP-00414,CMT-400b91a3bed5,لجنة الخاصة للنظام الداخلي والحصانة,special,NCA-2011,assistant_rapporteur,2011-11-22,2014-12-01
TNP-00414,CMT-f6f9e9d7cbb2,لجنة الطاقة والقطاعات الإنتاجية,legislative,NCA-2011,member,2011-11-22,2014-12-01
TNP-00414,CMT-178580c40e35,لجنة الهيئات الدستورية,constituent,NCA-2011,member,2011-11-22,2014-12-01
TNP-00415,CMT-499d23e8523f,لجنة شهداء وجرحى الثورة وتفعيل العفو التشريعي العام,special,NCA-2011,member,2011-11-22,2014-12-01
TNP-00415,CMT-f6f9e9d7cbb2,لجنة الطاقة والقطاعات الإنتاجية,legislative,NCA-2011,member,2011-11-22,2014-12-01
TNP-00415,CMT-4e91930c5e8b,لجنة التوطئة والمبادئ الأساسية وتعديل الدستور,constituent,NCA-2011,member,2011-11-22,2014-12-01
TNP-00416,CMT-7249209246b3,لجنة الحقوق والحريات,constituent,NCA-2011,assistant_rapporteur,2011-11-22,2014-12-01
TNP-00416,CMT-5d1546fffb75,لجنة التوافقات,special,NCA-2011,member,2011-11-22,2014-12-01
TNP-00416,CMT-52252f4274f6,لجنة الشؤون الاجتماعية,legislative,NCA-2011,member,2011-11-22,2014-12-01
TNP-00417,CMT-f6f9e9d7cbb2,لجنة الطاقة والقطاعات الإنتاجية,legislative,NCA-2011,member,2011-11-22,2014-12-01
TNP-00418,CMT-8978fc995f04,لجنة البنية الأساسية والبيئة,legislative,NCA-2011,member,2011-11-22,2014-12-01
TNP-00418,CMT-c6c8260db7f4,لجنة الجماعات العمومية الجهوية والمحلية,constituent,NCA-2011,member,2011-11-22,2014-12-01
TNP-00419,CMT-f2d2d05db58f,لجنة التشريع العام,legislative,NCA-2011,rapporteur,2011-11-22,2014-12-01
TNP-00419,CMT-3b890b1f160a,لجنة الإصلاح الإداري ومكافحة الفساد,special,NCA-2011,member,2011-11-22,2014-12-01
TNP-00419,CMT-4d57513fbffc,لجنة القضاء العدلي والإداري والمالي والدستوري,constituent,NCA-2011,member,2011-11-22,2014-12-01
TNP-00420,CMT-336c11e63d66,لجنة التحقيق في أحداث 9 أفريل,special,NCA-2011,member,2011-11-22,2014-12-01
TNP-00421,CMT-e6b2fac8e5c7,لجنة الحقوق والحريات والعلاقات الخارجية,legislative,NCA-2011,member,2011-11-22,2014-12-01
TNP-00421,CMT-4d57513fbffc,لجنة القضاء العدلي والإداري والمالي والدستوري,constituent,NCA-2011,member,2011-11-22,2014-12-01
TNP-00422,CMT-400b91a3bed5,لجنة الخاصة للنظام الداخلي والحصانة,special,NCA-2011,vice_chair,2011-11-22,2014-12-01
TNP-00422,CMT-e6b2fac8e5c7,لجنة الحقوق والحريات والعلاقات الخارجية,legislative,NCA-2011,member,2011-11-22,2014-12-01
TNP-00423,CMT-12bc734f9df1,لجنة الشؤون التربوية,legislative,NCA-2011,member,2011-11-22,2014-12-01
TNP-00423,CMT-178580c40e35,لجنة الهيئات الدستورية,constituent,NCA-2011,member,2011-11-22,2014-12-01
TNP-00424,CMT-cbc65065020c,لجنة فرز الترشحات لعضوية هيئة الحقيقة و الكرامة المتعلقة بالعدالة الانتقالية,special,NCA-2011,member,2011-11-22,2014-12-01
TNP-00424,CMT-8978fc995f04,لجنة البنية الأساسية والبيئة,legislative,NCA-2011,member,2011-11-22,2014-12-01
TNP-00424,CMT-4d57513fbffc,لجنة القضاء العدلي والإداري والمالي والدستوري,constituent,NCA-2011,member,2011-11-22,2014-12-01
TNP-00425,CMT-178580c40e35,لجنة الهيئات الدستورية,constituent,NCA-2011,rapporteur,2011-11-22,2014-12-01
TNP-00425,CMT-b46554e2045e,لجنة القطاعات الخدماتية,legislative,NCA-2011,assistant_rapporteur,2011-11-22,2014-12-01
TNP-00425,CMT-5d1546fffb75,لجنة التوافقات,special,NCA-2011,member,2011-11-22,2014-12-01
TNP-00425,CMT-663b2e4cb3f4,الهيئة المشتركة للتنسيق والصياغة,joint,NCA-2011,member,2011-11-22,2014-12-01
TNP-00426,CMT-b46554e2045e,لجنة القطاعات الخدماتية,legislative,NCA-2011,member,2011-11-22,2014-12-01
TNP-00426,CMT-178580c40e35,لجنة الهيئات الدستورية,constituent,NCA-2011,member,2011-11-22,2014-12-01
TNP-00427,CMT-3b890b1f160a,لجنة الإصلاح الإداري ومكافحة الفساد,special,NCA-2011,assistant_rapporteur,2011-11-22,2014-12-01
TNP-00427,CMT-e6b2fac8e5c7,لجنة الحقوق والحريات والعلاقات الخارجية,legislative,NCA-2011,member,2011-11-22,2014-12-01
TNP-00427,CMT-4e91930c5e8b,لجنة التوطئة والمبادئ الأساسية وتعديل الدستور,constituent,NCA-2011,member,2011-11-22,2014-12-01
TNP-00428,CMT-52252f4274f6,لجنة الشؤون الاجتماعية,legislative,NCA-2011,member,2011-11-22,2014-12-01
TNP-00429,CMT-12bc734f9df1,لجنة الشؤون التربوية,legislative,NCA-2011,member,2011-11-22,2014-12-01
TNP-00430,CMT-5d1546fffb75,لجنة التوافقات,special,NCA-2011,member,2011-11-22,2014-12-01
TNP-00430,CMT-400b91a3bed5,لجنة الخاصة للنظام الداخلي والحصانة,special,NCA-2011,member,2011-11-22,2014-12-01
TNP-00430,CMT-52252f4274f6,لجنة الشؤون الاجتماعية,legislative,NCA-2011,member,2011-11-22,2014-12-01
TNP-00430,CMT-545e8558a206,لجنة السلطة التنفيذية والسلطة التشريعية والعلاقة بينهما,constituent,NCA-2011,member,2011-11-22,2014-12-01
TNP-00364,CMT-336c11e63d66,لجنة التحقيق في أحداث 9 أفريل,special,NCA-2011,chair,2011-11-22,2014-12-01
TNP-00364,CMT-545e8558a206,لجنة السلطة التنفيذية والسلطة التشريعية والعلاقة بينهما,constituent,NCA-2011,vice_chair,2011-11-22,2014-12-01
TNP-00364,CMT-5d1546fffb75,لجنة التوافقات,special,NCA-2011,member,2011-11-22,2014-12-01
TNP-00432,CMT-12bc734f9df1,لجنة الشؤون التربوية,legislative,NCA-2011,member,2011-11-22,2014-12-01
TNP-00433,CMT-e6b2fac8e5c7,لجنة الحقوق والحريات والعلاقات الخارجية,legislative,NCA-2011,chair,2011-11-22,2014-12-01
TNP-00434,CMT-8978fc995f04,لجنة البنية الأساسية والبيئة,legislative,NCA-2011,vice_chair,2011-11-22,2014-12-01
TNP-00434,CMT-336c11e63d66,لجنة التحقيق في أحداث 9 أفريل,special,NCA-2011,member,2011-11-22,2014-12-01
TNP-00434,CMT-545e8558a206,لجنة السلطة التنفيذية والسلطة التشريعية والعلاقة بينهما,constituent,NCA-2011,member,2011-11-22,2014-12-01
TNP-00435,CMT-f6f9e9d7cbb2,لجنة الطاقة والقطاعات الإنتاجية,legislative,NCA-2011,member,2011-11-22,2014-12-01
TNP-00436,CMT-7249209246b3,لجنة الحقوق والحريات,constituent,NCA-2011,vice_chair,2011-11-22,2014-12-01
TNP-00436,CMT-78e966e1d482,لجنة فرز الترشحات لعضوية الهيئة العليا المستقلة للانتخابات,special,NCA-2011,member,2011-11-22,2014-12-01
TNP-00436,CMT-12bc734f9df1,لجنة الشؤون التربوية,legislative,NCA-2011,member,2011-11-22,2014-12-01
TNP-00437,CMT-8978fc995f04,لجنة البنية الأساسية والبيئة,legislative,NCA-2011,rapporteur,2011-11-22,2014-12-01
TNP-00437,CMT-7249209246b3,لجنة الحقوق والحريات,constituent,NCA-2011,member,2011-11-22,2014-12-01
TNP-00438,CMT-5d1546fffb75,لجنة التوافقات,special,NCA-2011,member,2011-11-22,2014-12-01
TNP-00438,CMT-336c11e63d66,لجنة التحقيق في أحداث 9 أفريل,special,NCA-2011,member,2011-11-22,2014-12-01
TNP-00438,CMT-7249209246b3,لجنة الحقوق والحريات,constituent,NCA-2011,member,2011-11-22,2014-12-01
TNP-00438,CMT-52252f4274f6,لجنة الشؤون الاجتماعية,legislative,NCA-2011,member,2011-11-22,2014-12-01
TNP-00440,CMT-4d57513fbffc,لجنة القضاء العدلي والإداري والمالي والدستوري,constituent,NCA-2011,assistant_rapporteur,2011-11-22,2014-12-01
TNP-00440,CMT-f2d2d05db58f,لجنة التشريع العام,legislative,NCA-2011,member,2011-11-22,2014-12-01
TNP-00441,CMT-f6f9e9d7cbb2,لجنة الطاقة والقطاعات الإنتاجية,legislative,NCA-2011,member,2011-11-22,2014-12-01
TNP-00441,CMT-178580c40e35,لجنة الهيئات الدستورية,constituent,NCA-2011,member,2011-11-22,2014-12-01
TNP-00442,CMT-f2d2d05db58f,لجنة التشريع العام,legislative,NCA-2011,member,2011-11-22,2014-12-01
TNP-00443,CMT-400b91a3bed5,لجنة الخاصة للنظام الداخلي والحصانة,special,NCA-2011,member,2011-11-22,2014-12-01
TNP-00443,CMT-545e8558a206,لجنة السلطة التنفيذية والسلطة التشريعية والعلاقة بينهما,constituent,NCA-2011,member,2011-11-22,2014-12-01
TNP-00445,CMT-f2d2d05db58f,لجنة التشريع العام,legislative,NCA-2011,assistant_rapporteur,2011-11-22,2014-12-01
TNP-00445,CMT-3b890b1f160a,لجنة الإصلاح الإداري ومكافحة الفساد,special,NCA-2011,member,2011-11-22,2014-12-01
TNP-00445,CMT-545e8558a206,لجنة السلطة التنفيذية والسلطة التشريعية والعلاقة بينهما,constituent,NCA-2011,member,2011-11-22,2014-12-01
TNP-00446,CMT-b46554e2045e,لجنة القطاعات الخدماتية,legislative,NCA-2011,member,2011-11-22,2014-12-01
TNP-00446,CMT-4e91930c5e8b,لجنة التوطئة والمبادئ الأساسية وتعديل الدستور,constituent,NCA-2011,member,2011-11-22,2014-12-01
TNP-00447,CMT-499d23e8523f,لجنة شهداء وجرحى الثورة وتفعيل العفو التشريعي العام,special,NCA-2011,member,2011-11-22,2014-12-01
TNP-00447,CMT-e6b2fac8e5c7,لجنة الحقوق والحريات والعلاقات الخارجية,legislative,NCA-2011,member,2011-11-22,2014-12-01
TNP-00448,CMT-8978fc995f04,لجنة البنية الأساسية والبيئة,legislative,NCA-2011,member,2011-11-22,2014-12-01
TNP-00448,CMT-c6c8260db7f4,لجنة الجماعات العمومية الجهوية والمحلية,constituent,NCA-2011,member,2011-11-22,2014-12-01
TNP-00449,CMT-12bc734f9df1,لجنة الشؤون التربوية,legislative,NCA-2011,assistant_rapporteur,2011-11-22,2014-12-01
TNP-00449,CMT-cbc65065020c,لجنة فرز الترشحات لعضوية هيئة الحقيقة و الكرامة المتعلقة بالعدالة الانتقالية,special,NCA-2011,member,2011-11-22,2014-12-01
TNP-00450,CMT-400b91a3bed5,لجنة الخاصة للنظام الداخلي والحصانة,special,NCA-2011,member,2011-11-22,2014-12-01
TNP-00450,CMT-12bc734f9df1,لجنة الشؤون التربوية,legislative,NCA-2011,member,2011-11-22,2014-12-01
TNP-00450,CMT-4e91930c5e8b,لجنة التوطئة والمبادئ الأساسية وتعديل الدستور,constituent,NCA-2011,member,2011-11-22,2014-12-01
TNP-00451,CMT-400b91a3bed5,لجنة الخاصة للنظام الداخلي والحصانة,special,NCA-2011,member,2011-11-22,2014-12-01
TNP-00451,CMT-b46554e2045e,لجنة القطاعات الخدماتية,legislative,NCA-2011,member,2011-11-22,2014-12-01
TNP-00452,CMT-545e8558a206,لجنة السلطة التنفيذية والسلطة التشريعية والعلاقة بينهما,constituent,NCA-2011,rapporteur,2011-11-22,2014-12-01
TNP-00452,CMT-663b2e4cb3f4,الهيئة المشتركة للتنسيق والصياغة,joint,NCA-2011,member,2011-11-22,2014-12-01
TNP-00452,CMT-400b91a3bed5,لجنة الخاصة للنظام الداخلي والحصانة,special,NCA-2011,member,2011-11-22,2014-12-01
TNP-00452,CMT-f2d2d05db58f,لجنة التشريع العام,legislative,NCA-2011,member,2011-11-22,2014-12-01
TNP-00453,CMT-3b890b1f160a,لجنة الإصلاح الإداري ومكافحة الفساد,special,NCA-2011,chair,2011-11-22,2014-12-01
TNP-00453,CMT-b46554e2045e,لجنة القطاعات الخدماتية,legislative,NCA-2011,member,2011-11-22,2014-12-01
TNP-00454,CMT-12bc734f9df1,لجنة الشؤون التربوية,legislative,NCA-2011,member,2011-11-22,2014-12-01
TNP-00454,CMT-c6c8260db7f4,لجنة الجماعات العمومية الجهوية والمحلية,constituent,NCA-2011,member,2011-11-22,2014-12-01
TNP-00456,CMT-13e8b4757c0d,لجنة المالية والتخطيط والتنمية,legislative,NCA-2011,member,2011-11-22,2014-12-01
TNP-00456,CMT-c6c8260db7f4,لجنة الجماعات العمومية الجهوية والمحلية,constituent,NCA-2011,member,2011-11-22,2014-12-01
TNP-00457,CMT-c6c8260db7f4,لجنة الجماعات العمومية الجهوية والمحلية,constituent,NCA-2011,assistant_rapporteur,2011-11-22,2014-12-01
TNP-00457,CMT-336c11e63d66,لجنة التحقيق في أحداث 9 أفريل,special,NCA-2011,member,2011-11-22,2014-12-01
TNP-00457,CMT-499d23e8523f,لجنة شهداء وجرحى الثورة وتفعيل العفو التشريعي العام,special,NCA-2011,member,2011-11-22,2014-12-01
TNP-00457,CMT-13e8b4757c0d,لجنة المالية والتخطيط والتنمية,legislative,NCA-2011,member,2011-11-22,2014-12-01
TNP-00458,CMT-400b91a3bed5,لجنة الخاصة للنظام الداخلي والحصانة,special,NCA-2011,member,2011-11-22,2014-12-01
TNP-00458,CMT-f6f9e9d7cbb2,لجنة الطاقة والقطاعات الإنتاجية,legislative,NCA-2011,member,2011-11-22,2014-12-01
TNP-00458,CMT-178580c40e35,لجنة الهيئات الدستورية,constituent,NCA-2011,member,2011-11-22,2014-12-01
TNP-00174,CMT-8978fc995f04,لجنة البنية الأساسية والبيئة,legislative,NCA-2011,member,2011-11-22,2014-12-01
TNP-00459,CMT-e6b2fac8e5c7,لجنة الحقوق والحريات والعلاقات الخارجية,legislative,NCA-2011,assistant_rapporteur,2011-11-22,2014-12-01
TNP-00459,CMT-3b890b1f160a,لجنة الإصلاح الإداري ومكافحة الفساد,special,NCA-2011,member,2011-11-22,2014-12-01
TNP-00460,CMT-499d23e8523f,لجنة شهداء وجرحى الثورة وتفعيل العفو التشريعي العام,special,NCA-2011,member,2011-11-22,2014-12-01
TNP-00460,CMT-12bc734f9df1,لجنة الشؤون التربوية,legislative,NCA-2011,member,2011-11-22,2014-12-01
TNP-00460,CMT-178580c40e35,لجنة الهيئات الدستورية,constituent,NCA-2011,member,2011-11-22,2014-12-01
TNP-00461,CMT-52252f4274f6,لجنة الشؤون الاجتماعية,legislative,NCA-2011,member,2011-11-22,2014-12-01
TNP-00463,CMT-5d1546fffb75,لجنة التوافقات,special,NCA-2011,member,2011-11-22,2014-12-01
TNP-00463,CMT-13e8b4757c0d,لجنة المالية والتخطيط والتنمية,legislative,NCA-2011,member,2011-11-22,2014-12-01
TNP-00463,CMT-4e91930c5e8b,لجنة التوطئة والمبادئ الأساسية وتعديل الدستور,constituent,NCA-2011,member,2011-11-22,2014-12-01
TNP-00464,CMT-3b890b1f160a,لجنة الإصلاح الإداري ومكافحة الفساد,special,NCA-2011,vice_chair,2011-11-22,2014-12-01
TNP-00464,CMT-4d57513fbffc,لجنة القضاء العدلي والإداري والمالي والدستوري,constituent,NCA-2011,member,2011-11-22,2014-12-01
TNP-00465,CMT-336c11e63d66,لجنة التحقيق في أحداث 9 أفريل,special,NCA-2011,assistant_rapporteur,2011-11-22,2014-12-01
TNP-00465,CMT-e6b2fac8e5c7,لجنة الحقوق والحريات والعلاقات الخارجية,legislative,NCA-2011,member,2011-11-22,2014-12-01
TNP-00465,CMT-4d57513fbffc,لجنة القضاء العدلي والإداري والمالي والدستوري,constituent,NCA-2011,member,2011-11-22,2014-12-01
TNP-00466,CMT-12bc734f9df1,لجنة الشؤون التربوية,legislative,NCA-2011,chair,2011-11-22,2014-12-01
TNP-00466,CMT-178580c40e35,لجنة الهيئات الدستورية,constituent,NCA-2011,member,2011-11-22,2014-12-01
TNP-00467,CMT-178580c40e35,لجنة الهيئات الدستورية,constituent,NCA-2011,vice_chair,2011-11-22,2014-12-01
TNP-00467,CMT-3b890b1f160a,لجنة الإصلاح الإداري ومكافحة الفساد,special,NCA-2011,member,2011-11-22,2014-12-01
TNP-00468,CMT-f6f9e9d7cbb2,لجنة الطاقة والقطاعات الإنتاجية,legislative,NCA-2011,rapporteur,2011-11-22,2014-12-01
TNP-00468,CMT-78e966e1d482,لجنة فرز الترشحات لعضوية الهيئة العليا المستقلة للانتخابات,special,NCA-2011,member,2011-11-22,2014-12-01
TNP-00468,CMT-499d23e8523f,لجنة شهداء وجرحى الثورة وتفعيل العفو التشريعي العام,special,NCA-2011,member,2011-11-22,2014-12-01
TNP-00468,CMT-4d57513fbffc,لجنة القضاء العدلي والإداري والمالي والدستوري,constituent,NCA-2011,member,2011-11-22,2014-12-01
TNP-00469,CMT-f6f9e9d7cbb2,لجنة الطاقة والقطاعات الإنتاجية,legislative,NCA-2011,member,2011-11-22,2014-12-01
TNP-00470,CMT-52252f4274f6,لجنة الشؤون الاجتماعية,legislative,NCA-2011,member,2011-11-22,2014-12-01
TNP-00470,CMT-4d57513fbffc,لجنة القضاء العدلي والإداري والمالي والدستوري,constituent,NCA-2011,member,2011-11-22,2014-12-01
TNP-00471,CMT-4e91930c5e8b,لجنة التوطئة والمبادئ الأساسية وتعديل الدستور,constituent,NCA-2011,rapporteur,2011-11-22,2014-12-01
TNP-00471,CMT-663b2e4cb3f4,الهيئة المشتركة للتنسيق والصياغة,joint,NCA-2011,member,2011-11-22,2014-12-01
TNP-00471,CMT-13e8b4757c0d,لجنة المالية والتخطيط والتنمية,legislative,NCA-2011,member,2011-11-22,2014-12-01
TNP-00473,CMT-4e91930c5e8b,لجنة التوطئة والمبادئ الأساسية وتعديل الدستور,constituent,NCA-2011,member,2011-11-22,2014-12-01
TNP-00474,CMT-78e966e1d482,لجنة فرز الترشحات لعضوية الهيئة العليا المستقلة للانتخابات,special,NCA-2011,member,2011-11-22,2014-12-01
TNP-00474,CMT-12bc734f9df1,لجنة الشؤون التربوية,legislative,NCA-2011,member,2011-11-22,2014-12-01
TNP-00474,CMT-545e8558a206,لجنة السلطة التنفيذية والسلطة التشريعية والعلاقة بينهما,constituent,NCA-2011,member,2011-11-22,2014-12-01
TNP-00475,CMT-b46554e2045e,لجنة القطاعات الخدماتية,legislative,NCA-2011,rapporteur,2011-11-22,2014-12-01
TNP-00475,CMT-78e966e1d482,لجنة فرز الترشحات لعضوية الهيئة العليا المستقلة للانتخابات,special,NCA-2011,member,2011-11-22,2014-12-01
TNP-00475,CMT-336c11e63d66,لجنة التحقيق في أحداث 9 أفريل,special,NCA-2011,member,2011-11-22,2014-12-01
TNP-00475,CMT-7249209246b3,لجنة الحقوق والحريات,constituent,NCA-2011,member,2011-11-22,2014-12-01
TNP-00476,CMT-3b890b1f160a,لجنة الإصلاح الإداري ومكافحة الفساد,special,NCA-2011,member,2011-11-22,2014-12-01
TNP-00476,CMT-545e8558a206,لجنة السلطة التنفيذية والسلطة التشريعية والعلاقة بينهما,constituent,NCA-2011,member,2011-11-22,2014-12-01
TNP-00477,CMT-c6c8260db7f4,لجنة الجماعات العمومية الجهوية والمحلية,constituent,NCA-2011,chair,2011-11-22,2014-12-01
TNP-00477,CMT-5d1546fffb75,لجنة التوافقات,special,NCA-2011,member,2011-11-22,2014-12-01
TNP-00477,CMT-336c11e63d66,لجنة التحقيق في أحداث 9 أفريل,special,NCA-2011,member,2011-11-22,2014-12-01
TNP-00477,CMT-663b2e4cb3f4,الهيئة المشتركة للتنسيق والصياغة,joint,NCA-2011,member,2011-11-22,2014-12-01
TNP-00477,CMT-b46554e2045e,لجنة القطاعات الخدماتية,legislative,NCA-2011,member,2011-11-22,2014-12-01
TNP-00478,CMT-545e8558a206,لجنة السلطة التنفيذية والسلطة التشريعية والعلاقة بينهما,constituent,NCA-2011,chair,2011-11-22,2014-12-01
TNP-00478,CMT-78e966e1d482,لجنة فرز الترشحات لعضوية الهيئة العليا المستقلة للانتخابات,special,NCA-2011,member,2011-11-22,2014-12-01
TNP-00478,CMT-663b2e4cb3f4,الهيئة المشتركة للتنسيق والصياغة,joint,NCA-2011,member,2011-11-22,2014-12-01
TNP-00479,CMT-b46554e2045e,لجنة القطاعات الخدماتية,legislative,NCA-2011,member,2011-11-22,2014-12-01
TNP-00480,CMT-e6b2fac8e5c7,لجنة الحقوق والحريات والعلاقات الخارجية,legislative,NCA-2011,vice_chair,2011-11-22,2014-12-01
TNP-00480,CMT-545e8558a206,لجنة السلطة التنفيذية والسلطة التشريعية والعلاقة بينهما,constituent,NCA-2011,member,2011-11-22,2014-12-01
TNP-00481,CMT-8978fc995f04,لجنة البنية الأساسية والبيئة,legislative,NCA-2011,assistant_rapporteur,2011-11-22,2014-12-01
TNP-00481,CMT-178580c40e35,لجنة الهيئات الدستورية,constituent,NCA-2011,member,2011-11-22,2014-12-01
TNP-00482,CMT-400b91a3bed5,لجنة الخاصة للنظام الداخلي والحصانة,special,NCA-2011,member,2011-11-22,2014-12-01
TNP-00482,CMT-52252f4274f6,لجنة الشؤون الاجتماعية,legislative,NCA-2011,member,2011-11-22,2014-12-01
TNP-00483,CMT-52252f4274f6,لجنة الشؤون الاجتماعية,legislative,NCA-2011,rapporteur,2011-11-22,2014-12-01
TNP-00484,CMT-7249209246b3,لجنة الحقوق والحريات,constituent,NCA-2011,chair,2011-11-22,2014-12-01
TNP-00484,CMT-5d1546fffb75,لجنة التوافقات,special,NCA-2011,member,2011-11-22,2014-12-01
TNP-00484,CMT-336c11e63d66,لجنة التحقيق في أحداث 9 أفريل,special,NCA-2011,member,2011-11-22,2014-12-01
TNP-00484,CMT-663b2e4cb3f4,الهيئة المشتركة للتنسيق والصياغة,joint,NCA-2011,member,2011-11-22,2014-12-01
TNP-00485,CMT-4d57513fbffc,لجنة القضاء العدلي والإداري والمالي والدستوري,constituent,NCA-2011,vice_chair,2011-11-22,2014-12-01
TNP-00485,CMT-78e966e1d482,لجنة فرز الترشحات لعضوية الهيئة العليا المستقلة للانتخابات,special,NCA-2011,member,2011-11-22,2014-12-01
TNP-00485,CMT-b46554e2045e,لجنة القطاعات الخدماتية,legislative,NCA-2011,member,2011-11-22,2014-12-01
TNP-00486,CMT-13e8b4757c0d,لجنة المالية والتخطيط والتنمية,legislative,NCA-2011,member,2011-11-22,2014-12-01
TNP-00486,CMT-4d57513fbffc,لجنة القضاء العدلي والإداري والمالي والدستوري,constituent,NCA-2011,member,2011-11-22,2014-12-01
TNP-00487,CMT-4e91930c5e8b,لجنة التوطئة والمبادئ الأساسية وتعديل الدستور,constituent,NCA-2011,assistant_rapporteur,2011-11-22,2014-12-01
TNP-00487,CMT-8978fc995f04,لجنة البنية الأساسية والبيئة,legislative,NCA-2011,member,2011-11-22,2014-12-01
TNP-00488,CMT-c6c8260db7f4,لجنة الجماعات العمومية الجهوية والمحلية,constituent,NCA-2011,rapporteur,2011-11-22,2014-12-01
TNP-00488,CMT-663b2e4cb3f4,الهيئة المشتركة للتنسيق والصياغة,joint,NCA-2011,member,2011-11-22,2014-12-01
TNP-00488,CMT-499d23e8523f,لجنة شهداء وجرحى الثورة وتفعيل العفو التشريعي العام,special,NCA-2011,member,2011-11-22,2014-12-01
TNP-00488,CMT-13e8b4757c0d,لجنة المالية والتخطيط والتنمية,legislative,NCA-2011,member,2011-11-22,2014-12-01
TNP-00489,CMT-f6f9e9d7cbb2,لجنة الطاقة والقطاعات الإنتاجية,legislative,NCA-2011,member,2011-11-22,2014-12-01
TNP-00490,CMT-13e8b4757c0d,لجنة المالية والتخطيط والتنمية,legislative,NCA-2011,member,2011-11-22,2014-12-01
TNP-00492,CMT-f2d2d05db58f,لجنة التشريع العام,legislative,NCA-2011,chair,2011-11-22,2014-12-01
TNP-00493,CMT-499d23e8523f,لجنة شهداء وجرحى الثورة وتفعيل العفو التشريعي العام,special,NCA-2011,assistant_rapporteur,2011-11-22,2014-12-01
TNP-00493,CMT-545e8558a206,لجنة السلطة التنفيذية والسلطة التشريعية والعلاقة بينهما,constituent,NCA-2011,assistant_rapporteur,2011-11-22,2014-12-01
TNP-00493,CMT-cbc65065020c,لجنة فرز الترشحات لعضوية هيئة الحقيقة و الكرامة المتعلقة بالعدالة الانتقالية,special,NCA-2011,member,2011-11-22,2014-12-01
TNP-00494,CMT-545e8558a206,لجنة السلطة التنفيذية والسلطة التشريعية والعلاقة بينهما,constituent,NCA-2011,member,2011-11-22,2014-12-01
TNP-00495,CMT-f6f9e9d7cbb2,لجنة الطاقة والقطاعات الإنتاجية,legislative,NCA-2011,vice_chair,2011-11-22,2014-12-01
TNP-00496,CMT-499d23e8523f,لجنة شهداء وجرحى الثورة وتفعيل العفو التشريعي العام,special,NCA-2011,member,2011-11-22,2014-12-01
TNP-00496,CMT-12bc734f9df1,لجنة الشؤون التربوية,legislative,NCA-2011,member,2011-11-22,2014-12-01
TNP-00496,CMT-c6c8260db7f4,لجنة الجماعات العمومية الجهوية والمحلية,constituent,NCA-2011,member,2011-11-22,2014-12-01
TNP-00497,CMT-4e91930c5e8b,لجنة التوطئة والمبادئ الأساسية وتعديل الدستور,constituent,NCA-2011,vice_chair,2011-11-22,2014-12-01
TNP-00497,CMT-13e8b4757c0d,لجنة المالية والتخطيط والتنمية,legislative,NCA-2011,rapporteur,2011-11-22,2014-12-01
TNP-00497,CMT-5d1546fffb75,لجنة التوافقات,special,NCA-2011,member,2011-11-22,2014-12-01
TNP-00247,CMT-4d57513fbffc,لجنة القضاء العدلي والإداري والمالي والدستوري,constituent,NCA-2011,rapporteur,2011-11-22,2014-12-01
TNP-00247,CMT-5d1546fffb75,لجنة التوافقات,special,NCA-2011,member,2011-11-22,2014-12-01
TNP-00247,CMT-336c11e63d66,لجنة التحقيق في أحداث 9 أفريل,special,NCA-2011,member,2011-11-22,2014-12-01
TNP-00247,CMT-663b2e4cb3f4,الهيئة المشتركة للتنسيق والصياغة,joint,NCA-2011,member,2011-11-22,2014-12-01
TNP-00247,CMT-b46554e2045e,لجنة القطاعات الخدماتية,legislative,NCA-2011,member,2011-11-22,2014-12-01
TNP-00247,CMT-e6b2fac8e5c7,لجنة الحقوق والحريات والعلاقات الخارجية,legislative,NCA-2011,member,2011-11-22,2014-12-01
TNP-00498,CMT-663b2e4cb3f4,الهيئة المشتركة للتنسيق والصياغة,joint,NCA-2011,assistant_rapporteur,2011-11-22,2014-12-01
TNP-00498,CMT-b46554e2045e,لجنة القطاعات الخدماتية,legislative,NCA-2011,member,2011-11-22,2014-12-01
TNP-00499,CMT-400b91a3bed5,لجنة الخاصة للنظام الداخلي والحصانة,special,NCA-2011,member,2011-11-22,2014-12-01
TNP-00499,CMT-13e8b4757c0d,لجنة المالية والتخطيط والتنمية,legislative,NCA-2011,member,2011-11-22,2014-12-01
TNP-00499,CMT-4e91930c5e8b,لجنة التوطئة والمبادئ الأساسية وتعديل الدستور,constituent,NCA-2011,member,2011-11-22,2014-12-01
TNP-00501,CMT-499d23e8523f,لجنة شهداء وجرحى الثورة وتفعيل العفو التشريعي العام,special,NCA-2011,member,2011-11-22,2014-12-01
TNP-00501,CMT-c6c8260db7f4,لجنة الجماعات العمومية الجهوية والمحلية,constituent,NCA-2011,member,2011-11-22,2014-12-01
TNP-00502,CMT-b46554e2045e,لجنة القطاعات الخدماتية,legislative,NCA-2011,assistant_rapporteur,2011-11-22,2014-12-01
TNP-00502,CMT-400b91a3bed5,لجنة الخاصة للنظام الداخلي والحصانة,special,NCA-2011,member,2011-11-22,2014-12-01
TNP-00502,CMT-178580c40e35,لجنة الهيئات الدستورية,constituent,NCA-2011,member,2011-11-22,2014-12-01
TNP-00504,CMT-f2d2d05db58f,لجنة التشريع العام,legislative,NCA-2011,assistant_rapporteur,2011-11-22,2014-12-01
TNP-00504,CMT-5d1546fffb75,لجنة التوافقات,special,NCA-2011,member,2011-11-22,2014-12-01
TNP-00504,CMT-3b890b1f160a,لجنة الإصلاح الإداري ومكافحة الفساد,special,NCA-2011,member,2011-11-22,2014-12-01
TNP-00504,CMT-8978fc995f04,لجنة البنية الأساسية والبيئة,legislative,NCA-2011,member,2011-11-22,2014-12-01
TNP-00505,CMT-f6f9e9d7cbb2,لجنة الطاقة والقطاعات الإنتاجية,legislative,NCA-2011,member,2011-11-22,2014-12-01
TNP-00506,CMT-4d57513fbffc,لجنة القضاء العدلي والإداري والمالي والدستوري,constituent,NCA-2011,chair,2011-11-22,2014-12-01
TNP-00506,CMT-663b2e4cb3f4,الهيئة المشتركة للتنسيق والصياغة,joint,NCA-2011,member,2011-11-22,2014-12-01
TNP-00507,CMT-7249209246b3,لجنة الحقوق والحريات,constituent,NCA-2011,member,2011-11-22,2014-12-01
TNP-00507,CMT-400b91a3bed5,لجنة الخاصة للنظام الداخلي والحصانة,special,NCA-2011,member,2011-11-22,2014-12-01
TNP-00508,CMT-13e8b4757c0d,لجنة المالية والتخطيط والتنمية,legislative,NCA-2011,vice_chair,2011-11-22,2014-12-01
TNP-00509,CMT-f6f9e9d7cbb2,لجنة الطاقة والقطاعات الإنتاجية,legislative,NCA-2011,member,2011-11-22,2014-12-01
TNP-00509,CMT-c6c8260db7f4,لجنة الجماعات العمومية الجهوية والمحلية,constituent,NCA-2011,member,2011-11-22,2014-12-01
TNP-00510,CMT-499d23e8523f,لجنة شهداء وجرحى الثورة وتفعيل العفو التشريعي العام,special,NCA-2011,member,2011-11-22,2014-12-01
TNP-00510,CMT-52252f4274f6,لجنة الشؤون الاجتماعية,legislative,NCA-2011,member,2011-11-22,2014-12-01
TNP-00510,CMT-c6c8260db7f4,لجنة الجماعات العمومية الجهوية والمحلية,constituent,NCA-2011,member,2011-11-22,2014-12-01
TNP-00511,CMT-52252f4274f6,لجنة الشؤون الاجتماعية,legislative,NCA-2011,member,2011-11-22,2014-12-01
TNP-00511,CMT-4e91930c5e8b,لجنة التوطئة والمبادئ الأساسية وتعديل الدستور,constituent,NCA-2011,member,2011-11-22,2014-12-01
TNP-00512,CMT-400b91a3bed5,لجنة الخاصة للنظام الداخلي والحصانة,special,NCA-2011,rapporteur,2011-11-22,2014-12-01
TNP-00512,CMT-e6b2fac8e5c7,لجنة الحقوق والحريات والعلاقات الخارجية,legislative,NCA-2011,member,2011-11-22,2014-12-01
TNP-00513,CMT-7249209246b3,لجنة الحقوق والحريات,constituent,NCA-2011,member,2011-11-22,2014-12-01
TNP-00513,CMT-400b91a3bed5,لجنة الخاصة للنظام الداخلي والحصانة,special,NCA-2011,member,2011-11-22,2014-12-01
TNP-00513,CMT-b46554e2045e,لجنة القطاعات الخدماتية,legislative,NCA-2011,member,2011-11-22,2014-12-01
TNP-00514,CMT-5d1546fffb75,لجنة التوافقات,special,NCA-2011,member,2011-11-22,2014-12-01
TNP-00514,CMT-f2d2d05db58f,لجنة التشريع العام,legislative,NCA-2011,member,2011-11-22,2014-12-01
TNP-00514,CMT-4d57513fbffc,لجنة القضاء العدلي والإداري والمالي والدستوري,constituent,NCA-2011,member,2011-11-22,2014-12-01
TNP-00515,CMT-12bc734f9df1,لجنة الشؤون التربوية,legislative,NCA-2011,member,2011-11-22,2014-12-01
TNP-00517,CMT-f6f9e9d7cbb2,لجنة الطاقة والقطاعات الإنتاجية,legislative,NCA-2011,chair,2011-11-22,2014-12-01
TNP-00517,CMT-c6c8260db7f4,لجنة الجماعات العمومية الجهوية والمحلية,constituent,NCA-2011,member,2011-11-22,2014-12-01
TNP-00518,CMT-52252f4274f6,لجنة الشؤون الاجتماعية,legislative,NCA-2011,chair,2011-11-22,2014-12-01
TNP-00518,CMT-178580c40e35,لجنة الهيئات الدستورية,constituent,NCA-2011,member,2011-11-22,2014-12-01
TNP-00519,CMT-52252f4274f6,لجنة الشؤون الاجتماعية,legislative,NCA-2011,assistant_rapporteur,2011-11-22,2014-12-01
TNP-00519,CMT-5d1546fffb75,لجنة التوافقات,special,NCA-2011,member,2011-11-22,2014-12-01
TNP-00519,CMT-499d23e8523f,لجنة شهداء وجرحى الثورة وتفعيل العفو التشريعي العام,special,NCA-2011,member,2011-11-22,2014-12-01
TNP-00277,CMT-cbc65065020c,لجنة فرز الترشحات لعضوية هيئة الحقيقة و الكرامة المتعلقة بالعدالة الانتقالية,special,NCA-2011,member,2011-11-22,2014-12-01
TNP-00277,CMT-f2d2d05db58f,لجنة التشريع العام,legislative,NCA-2011,member,2011-11-22,2014-12-01
TNP-00277,CMT-178580c40e35,لجنة الهيئات الدستورية,constituent,NCA-2011,member,2011-11-22,2014-12-01
TNP-00520,CMT-499d23e8523f,لجنة شهداء وجرحى الثورة وتفعيل العفو التشريعي العام,special,NCA-2011,assistant_rapporteur,2011-11-22,2014-12-01
TNP-00520,CMT-52252f4274f6,لجنة الشؤون الاجتماعية,legislative,NCA-2011,member,2011-11-22,2014-12-01
TNP-00521,CMT-336c11e63d66,لجنة التحقيق في أحداث 9 أفريل,special,NCA-2011,member,2011-11-22,2014-12-01
TNP-00521,CMT-4d57513fbffc,لجنة القضاء العدلي والإداري والمالي والدستوري,constituent,NCA-2011,member,2011-11-22,2014-12-01
TNP-00522,CMT-400b91a3bed5,لجنة الخاصة للنظام الداخلي والحصانة,special,NCA-2011,member,2011-11-22,2014-12-01
TNP-00523,CMT-78e966e1d482,لجنة فرز الترشحات لعضوية الهيئة العليا المستقلة للانتخابات,special,NCA-2011,member,2011-11-22,2014-12-01
TNP-00523,CMT-336c11e63d66,لجنة التحقيق في أحداث 9 أفريل,special,NCA-2011,member,2011-11-22,2014-12-01
TNP-00523,CMT-7249209246b3,لجنة الحقوق والحريات,constituent,NCA-2011,member,2011-11-22,2014-12-01
TNP-00523,CMT-e6b2fac8e5c7,لجنة الحقوق والحريات والعلاقات الخارجية,legislative,NCA-2011,member,2011-11-22,2014-12-01
TNP-00524,CMT-b46554e2045e,لجنة القطاعات الخدماتية,legislative,NCA-2011,chair,2011-11-22,2014-12-01
TNP-00524,CMT-499d23e8523f,لجنة شهداء وجرحى الثورة وتفعيل العفو التشريعي العام,special,NCA-2011,member,2011-11-22,2014-12-01
TNP-00525,CMT-7249209246b3,لجنة الحقوق والحريات,constituent,NCA-2011,member,2011-11-22,2014-12-01
TNP-00525,CMT-12bc734f9df1,لجنة الشؤون التربوية,legislative,NCA-2011,member,2011-11-22,2014-12-01
TNP-00526,CMT-cbc65065020c,لجنة فرز الترشحات لعضوية هيئة الحقيقة و الكرامة المتعلقة بالعدالة الانتقالية,special,NCA-2011,chair,2011-11-22,2014-12-01
TNP-00526,CMT-5d1546fffb75,لجنة التوافقات,special,NCA-2011,chair,2011-11-22,2014-12-01
TNP-00526,CMT-78e966e1d482,لجنة فرز الترشحات لعضوية الهيئة العليا المستقلة للانتخابات,special,NCA-2011,chair,2011-11-22,2014-12-01
TNP-00526,CMT-663b2e4cb3f4,الهيئة المشتركة للتنسيق والصياغة,joint,NCA-2011,chair,2011-11-22,2014-12-01
TNP-00528,CMT-3b890b1f160a,لجنة الإصلاح الإداري ومكافحة الفساد,special,NCA-2011,member,2011-11-22,2014-12-01
TNP-00528,CMT-52252f4274f6,لجنة الشؤون الاجتماعية,legislative,NCA-2011,member,2011-11-22,2014-12-01
TNP-00289,CMT-13e8b4757c0d,لجنة المالية والتخطيط والتنمية,legislative,NCA-2011,assistant_rapporteur,2011-11-22,2014-12-01
TNP-00289,CMT-5d1546fffb75,لجنة التوافقات,special,NCA-2011,member,2011-11-22,2014-12-01
TNP-00289,CMT-3b890b1f160a,لجنة الإصلاح الإداري ومكافحة الفساد,special,NCA-2011,member,2011-11-22,2014-12-01
TNP-00289,CMT-c6c8260db7f4,لجنة الجماعات العمومية الجهوية والمحلية,constituent,NCA-2011,member,2011-11-22,2014-12-01
TNP-00529,CMT-3b890b1f160a,لجنة الإصلاح الإداري ومكافحة الفساد,special,NCA-2011,member,2011-11-22,2014-12-01
TNP-00529,CMT-8978fc995f04,لجنة البنية الأساسية والبيئة,legislative,NCA-2011,member,2011-11-22,2014-12-01
TNP-00530,CMT-78e966e1d482,لجنة فرز الترشحات لعضوية الهيئة العليا المستقلة للانتخابات,special,NCA-2011,member,2011-11-22,2014-12-01
TNP-00530,CMT-7249209246b3,لجنة الحقوق والحريات,constituent,NCA-2011,member,2011-11-22,2014-12-01
TNP-00530,CMT-f2d2d05db58f,لجنة التشريع العام,legislative,NCA-2011,member,2011-11-22,2014-12-01
TNP-00531,CMT-3b890b1f160a,لجنة الإصلاح الإداري ومكافحة الفساد,special,NCA-2011,member,2011-11-22,2014-12-01
TNP-00531,CMT-52252f4274f6,لجنة الشؤون الاجتماعية,legislative,NCA-2011,member,2011-11-22,2014-12-01
TNP-00531,CMT-4d57513fbffc,لجنة القضاء العدلي والإداري والمالي والدستوري,constituent,NCA-2011,member,2011-11-22,2014-12-01
TNP-00532,CMT-178580c40e35,لجنة الهيئات الدستورية,constituent,NCA-2011,assistant_rapporteur,2011-11-22,2014-12-01
TNP-00532,CMT-400b91a3bed5,لجنة الخاصة للنظام الداخلي والحصانة,special,NCA-2011,member,2011-11-22,2014-12-01
TNP-00532,CMT-13e8b4757c0d,لجنة المالية والتخطيط والتنمية,legislative,NCA-2011,member,2011-11-22,2014-12-01
TNP-00533,CMT-7249209246b3,لجنة الحقوق والحريات,constituent,NCA-2011,member,2011-11-22,2014-12-01
TNP-00533,CMT-b46554e2045e,لجنة القطاعات الخدماتية,legislative,NCA-2011,member,2011-11-22,2014-12-01
TNP-00534,CMT-13e8b4757c0d,لجنة المالية والتخطيط والتنمية,legislative,NCA-2011,member,2011-11-22,2014-12-01
TNP-00535,CMT-4e91930c5e8b,لجنة التوطئة والمبادئ الأساسية وتعديل الدستور,constituent,NCA-2011,member,2011-11-22,2014-12-01
TNP-00301,CMT-78e966e1d482,لجنة فرز الترشحات لعضوية الهيئة العليا المستقلة للانتخابات,special,NCA-2011,rapporteur,2011-11-22,2014-12-01
TNP-00301,CMT-545e8558a206,لجنة السلطة التنفيذية والسلطة التشريعية والعلاقة بينهما,constituent,NCA-2011,member,2011-11-22,2014-12-01
TNP-00536,CMT-178580c40e35,لجنة الهيئات الدستورية,constituent,NCA-2011,assistant_rapporteur,2011-11-22,2014-12-01
TNP-00536,CMT-336c11e63d66,لجنة التحقيق في أحداث 9 أفريل,special,NCA-2011,member,2011-11-22,2014-12-01
TNP-00536,CMT-e6b2fac8e5c7,لجنة الحقوق والحريات والعلاقات الخارجية,legislative,NCA-2011,member,2011-11-22,2014-12-01
TNP-00537,CMT-12bc734f9df1,لجنة الشؤون التربوية,legislative,NCA-2011,assistant_rapporteur,2011-11-22,2014-12-01
TNP-00538,CMT-400b91a3bed5,لجنة الخاصة للنظام الداخلي والحصانة,special,NCA-2011,member,2011-11-22,2014-12-01
TNP-00538,CMT-13e8b4757c0d,لجنة المالية والتخطيط والتنمية,legislative,NCA-2011,member,2011-11-22,2014-12-01
TNP-00539,CMT-78e966e1d482,لجنة فرز الترشحات لعضوية الهيئة العليا المستقلة للانتخابات,special,NCA-2011,member,2011-11-22,2014-12-01
TNP-00539,CMT-3b890b1f160a,لجنة الإصلاح الإداري ومكافحة الفساد,special,NCA-2011,member,2011-11-22,2014-12-01
TNP-00539,CMT-f2d2d05db58f,لجنة التشريع العام,legislative,NCA-2011,member,2011-11-22,2014-12-01
TNP-00540,CMT-3b890b1f160a,لجنة الإصلاح الإداري ومكافحة الفساد,special,NCA-2011,rapporteur,2011-11-22,2014-12-01
TNP-00540,CMT-78e966e1d482,لجنة فرز الترشحات لعضوية الهيئة العليا المستقلة للانتخابات,special,NCA-2011,member,2011-11-22,2014-12-01
TNP-00540,CMT-7249209246b3,لجنة الحقوق والحريات,constituent,NCA-2011,member,2011-11-22,2014-12-01
TNP-00541,CMT-52252f4274f6,لجنة الشؤون الاجتماعية,legislative,NCA-2011,member,2011-11-22,2014-12-01
TNP-00541,CMT-c6c8260db7f4,لجنة الجماعات العمومية الجهوية والمحلية,constituent,NCA-2011,member,2011-11-22,2014-12-01
TNP-00542,CMT-c6c8260db7f4,لجنة الجماعات العمومية الجهوية والمحلية,constituent,NCA-2011,vice_chair,2011-11-22,2014-12-01
TNP-00542,CMT-78e966e1d482,لجنة فرز الترشحات لعضوية الهيئة العليا المستقلة للانتخابات,special,NCA-2011,member,2011-11-22,2014-12-01
TNP-00542,CMT-12bc734f9df1,لجنة الشؤون التربوية,legislative,NCA-2011,member,2011-11-22,2014-12-01
TNP-00543,CMT-336c11e63d66,لجنة التحقيق في أحداث 9 أفريل,special,NCA-2011,vice_chair,2011-11-22,2014-12-01
TNP-00543,CMT-f6f9e9d7cbb2,لجنة الطاقة والقطاعات الإنتاجية,legislative,NCA-2011,member,2011-11-22,2014-12-01
TNP-00543,CMT-178580c40e35,لجنة الهيئات الدستورية,constituent,NCA-2011,member,2011-11-22,2014-12-01
TNP-00544,CMT-e6b2fac8e5c7,لجنة الحقوق والحريات والعلاقات الخارجية,legislative,NCA-2011,assistant_rapporteur,2011-11-22,2014-12-01
TNP-00544,CMT-7249209246b3,لجنة الحقوق والحريات,constituent,NCA-2011,member,2011-11-22,2014-12-01
TNP-00546,CMT-b46554e2045e,لجنة القطاعات الخدماتية,legislative,NCA-2011,member,2011-11-22,2014-12-01
TNP-00546,CMT-4d57513fbffc,لجنة القضاء العدلي والإداري والمالي والدستوري,constituent,NCA-2011,member,2011-11-22,2014-12-01
TNP-00547,CMT-4e91930c5e8b,لجنة التوطئة والمبادئ الأساسية وتعديل الدستور,constituent,NCA-2011,assistant_rapporteur,2011-11-22,2014-12-01
TNP-00547,CMT-336c11e63d66,لجنة التحقيق في أحداث 9 أفريل,special,NCA-2011,member,2011-11-22,2014-12-01
TNP-00547,CMT-e6b2fac8e5c7,لجنة الحقوق والحريات والعلاقات الخارجية,legislative,NCA-2011,member,2011-11-22,2014-12-01
TNP-00007,CMT-4d57513fbffc,لجنة القضاء العدلي والإداري والمالي والدستوري,constituent,NCA-2011,member,2011-11-22,2014-12-01
TNP-00549,CMT-f2d2d05db58f,لجنة التشريع العام,legislative,NCA-2011,member,2011-11-22,2014-12-01
TNP-00550,CMT-400b91a3bed5,لجنة الخاصة للنظام الداخلي والحصانة,special,NCA-2011,chair,2011-11-22,2014-12-01
TNP-00550,CMT-8978fc995f04,لجنة البنية الأساسية والبيئة,legislative,NCA-2011,member,2011-11-22,2014-12-01
TNP-00551,CMT-52252f4274f6,لجنة الشؤون الاجتماعية,legislative,NCA-2011,vice_chair,2011-11-22,2014-12-01
TNP-00551,CMT-78e966e1d482,لجنة فرز الترشحات لعضوية الهيئة العليا المستقلة للانتخابات,special,NCA-2011,member,2011-11-22,2014-12-01
TNP-00551,CMT-178580c40e35,لجنة الهيئات الدستورية,constituent,NCA-2011,member,2011-11-22,2014-12-01
TNP-00357,CMT-499d23e8523f,لجنة شهداء وجرحى الثورة وتفعيل العفو التشريعي العام,special,NCA-2011,chair,2011-11-22,2014-12-01
TNP-00357,CMT-f2d2d05db58f,لجنة التشريع العام,legislative,NCA-2011,member,2011-11-22,2014-12-01
TNP-00332,CMT-f2d2d05db58f,لجنة التشريع العام,legislative,NCA-2011,vice_chair,2011-11-22,2014-12-01
TNP-00332,CMT-78e966e1d482,لجنة فرز الترشحات لعضوية الهيئة العليا المستقلة للانتخابات,special,NCA-2011,assistant_rapporteur,2011-11-22,2014-12-01
TNP-00332,CMT-5d1546fffb75,لجنة التوافقات,special,NCA-2011,member,2011-11-22,2014-12-01
TNP-00332,CMT-336c11e63d66,لجنة التحقيق في أحداث 9 أفريل,special,NCA-2011,member,2011-11-22,2014-12-01
TNP-00332,CMT-545e8558a206,لجنة السلطة التنفيذية والسلطة التشريعية والعلاقة بينهما,constituent,NCA-2011,member,2011-11-22,2014-12-01
TNP-00552,CMT-4d57513fbffc,لجنة القضاء العدلي والإداري والمالي والدستوري,constituent,NCA-2011,assistant_rapporteur,2011-11-22,2014-12-01
TNP-00552,CMT-cbc65065020c,لجنة فرز الترشحات لعضوية هيئة الحقيقة و الكرامة المتعلقة بالعدالة الانتقالية,special,NCA-2011,member,2011-11-22,2014-12-01
TNP-00552,CMT-499d23e8523f,لجنة شهداء وجرحى الثورة وتفعيل العفو التشريعي العام,special,NCA-2011,member,2011-11-22,2014-12-01
TNP-00552,CMT-13e8b4757c0d,لجنة المالية والتخطيط والتنمية,legislative,NCA-2011,member,2011-11-22,2014-12-01
TNP-00553,CMT-f6f9e9d7cbb2,لجنة الطاقة والقطاعات الإنتاجية,legislative,NCA-2011,member,2011-11-22,2014-12-01
TNP-00554,CMT-336c11e63d66,لجنة التحقيق في أحداث 9 أفريل,special,NCA-2011,member,2011-11-22,2014-12-01
TNP-00554,CMT-7249209246b3,لجنة الحقوق والحريات,constituent,NCA-2011,member,2011-11-22,2014-12-01
TNP-00555,CMT-3b890b1f160a,لجنة الإصلاح الإداري ومكافحة الفساد,special,NCA-2011,assistant_rapporteur,2011-11-22,2014-12-01
TNP-00556,CMT-78e966e1d482,لجنة فرز الترشحات لعضوية الهيئة العليا المستقلة للانتخابات,special,NCA-2011,member,2011-11-22,2014-12-01
TNP-00556,CMT-336c11e63d66,لجنة التحقيق في أحداث 9 أفريل,special,NCA-2011,member,2011-11-22,2014-12-01
TNP-00556,CMT-13e8b4757c0d,لجنة المالية والتخطيط والتنمية,legislative,NCA-2011,member,2011-11-22,2014-12-01
TNP-00557,CMT-499d23e8523f,لجنة شهداء وجرحى الثورة وتفعيل العفو التشريعي العام,special,NCA-2011,rapporteur,2011-11-22,2014-12-01
TNP-00557,CMT-e6b2fac8e5c7,لجنة الحقوق والحريات والعلاقات الخارجية,legislative,NCA-2011,member,2011-11-22,2014-12-01
TNP-00558,CMT-cbc65065020c,لجنة فرز الترشحات لعضوية هيئة الحقيقة و الكرامة المتعلقة بالعدالة الانتقالية,special,NCA-2011,member,2011-11-22,2014-12-01
TNP-00558,CMT-3b890b1f160a,لجنة الإصلاح الإداري ومكافحة الفساد,special,NCA-2011,member,2011-11-22,2014-12-01
TNP-00558,CMT-c6c8260db7f4,لجنة الجماعات العمومية الجهوية والمحلية,constituent,NCA-2011,member,2011-11-22,2014-12-01
TNP-00559,CMT-f2d2d05db58f,لجنة التشريع العام,legislative,NCA-2011,member,2011-11-22,2014-12-01
TNP-00559,CMT-8978fc995f04,لجنة البنية الأساسية والبيئة,legislative,NCA-2011,member,2011-11-22,2014-12-01
TNP-00560,CMT-e6b2fac8e5c7,لجنة الحقوق والحريات والعلاقات الخارجية,legislative,NCA-2011,member,2011-11-22,2014-12-01
TNP-00560,CMT-8978fc995f04,لجنة البنية الأساسية والبيئة,legislative,NCA-2011,member,2011-11-22,2014-12-01
TNP-00561,CMT-f2d2d05db58f,لجنة التشريع العام,legislative,NCA-2011,member,2011-11-22,2014-12-01
TNP-00562,CMT-cbc65065020c,لجنة فرز الترشحات لعضوية هيئة الحقيقة و الكرامة المتعلقة بالعدالة الانتقالية,special,NCA-2011,member,2011-11-22,2014-12-01
TNP-00285,CMT-8978fc995f04,لجنة البنية الأساسية والبيئة,legislative,NCA-2011,member,2011-11-22,2014-12-01
TNP-00679,CMT-3d7249cea75a,لجنة التشريع العام والتنظيم العام للإدارة,standing,ADV-2005,member,,2011-03-23
TNP-00680,CMT-df2faa671a25,لجنة التجهيز والخدمات و البيئة,standing,ADV-2005,rapporteur,,2011-03-23
TNP-00681,CMT-cd4eba090155,لجنة الشؤون الإجتماعية والصحة العمومية,standing,ADV-2005,member,,2011-03-23
TNP-00682,CMT-21c634fba2ad,لجنة الحصانة,standing,ADV-2005,member,,2011-03-23
TNP-00683,CMT-3d7249cea75a,لجنة التشريع العام والتنظيم العام للإدارة,standing,ADV-2005,rapporteur,,2011-03-23
TNP-00684,CMT-8b1e71a99c13,لجنة الفلاحة والصناعة والتجـارة,standing,ADV-2005,rapporteur,,2011-03-23
TNP-00686,CMT-5ab9a51df8ef,لجنة التربية والثقافة والإعلام والشباب,standing,ADV-2005,member,,2011-03-23
TNP-00687,CMT-a7fa2853bbf2,لجنة المالية والتخطيط والتنمية الجهوية,standing,ADV-2005,member,,2011-03-23
TNP-00688,CMT-cd4eba090155,لجنة الشؤون الإجتماعية والصحة العمومية,standing,ADV-2005,member,,2011-03-23
TNP-00688,CMT-21c634fba2ad,لجنة الحصانة,standing,ADV-2005,member,,2011-03-23
TNP-00689,CMT-a7fa2853bbf2,لجنة المالية والتخطيط والتنمية الجهوية,standing,ADV-2005,member,,2011-03-23
TNP-00691,CMT-df2faa671a25,لجنة التجهيز والخدمات و البيئة,standing,ADV-2005,member,,2011-03-23
TNP-00692,CMT-a7fa2853bbf2,لجنة المالية والتخطيط والتنمية الجهوية,standing,ADV-2005,member,,2011-03-23
TNP-00693,CMT-cd4eba090155,لجنة الشؤون الإجتماعية والصحة العمومية,standing,ADV-2005,member,,2011-03-23
TNP-00694,CMT-8b1e71a99c13,لجنة الفلاحة والصناعة والتجـارة,standing,ADV-2005,member,,2011-03-23
TNP-00695,CMT-3d7249cea75a,لجنة التشريع العام والتنظيم العام للإدارة,standing,ADV-2005,member,,2011-03-23
TNP-00696,CMT-3d7249cea75a,لجنة التشريع العام والتنظيم العام للإدارة,standing,ADV-2005,member,,2011-03-23
TNP-00697,CMT-5ab9a51df8ef,لجنة التربية والثقافة والإعلام والشباب,standing,ADV-2005,member,,2011-03-23
TNP-00699,CMT-23b65b4eec22,لجنة الشؤون السياسية و حقوق الإنسان والعلاقات الخارجية,standing,ADV-2005,member,,2011-03-23
TNP-00701,CMT-8b1e71a99c13,لجنة الفلاحة والصناعة والتجـارة,standing,ADV-2005,member,,2011-03-23
TNP-00702,CMT-21c634fba2ad,لجنة الحصانة,standing,ADV-2005,member,,2011-03-23
TNP-00703,CMT-cd4eba090155,لجنة الشؤون الإجتماعية والصحة العمومية,standing,ADV-2005,chair,,2011-03-23
TNP-00704,CMT-5ab9a51df8ef,لجنة التربية والثقافة والإعلام والشباب,standing,ADV-2005,rapporteur,,2011-03-23
TNP-00705,CMT-df2faa671a25,لجنة التجهيز والخدمات و البيئة,standing,ADV-2005,member,,2011-03-23
TNP-00706,CMT-3d7249cea75a,لجنة التشريع العام والتنظيم العام للإدارة,standing,ADV-2005,member,,2011-03-23
TNP-00708,CMT-3d7249cea75a,لجنة التشريع العام والتنظيم العام للإدارة,standing,ADV-2005,chair,,2011-03-23
TNP-00709,CMT-21c634fba2ad,لجنة الحصانة,standing,ADV-2005,chair,,2011-03-23
TNP-00710,CMT-df2faa671a25,لجنة التجهيز والخدمات و البيئة,standing,ADV-2005,chair,,2011-03-23
TNP-00712,CMT-3d7249cea75a,لجنة التشريع العام والتنظيم العام للإدارة,standing,ADV-2005,member,,2011-03-23
TNP-00716,CMT-8b1e71a99c13,لجنة الفلاحة والصناعة والتجـارة,standing,ADV-2005,member,,2011-03-23
TNP-00717,CMT-df2faa671a25,لجنة التجهيز والخدمات و البيئة,standing,ADV-2005,member,,2011-03-23
TNP-00718,CMT-cd4eba090155,لجنة الشؤون الإجتماعية والصحة العمومية,standing,ADV-2005,member,,2011-03-23
TNP-00719,CMT-a7fa2853bbf2,لجنة المالية والتخطيط والتنمية الجهوية,standing,ADV-2005,member,,2011-03-23
TNP-00720,CMT-df2faa671a25,لجنة التجهيز والخدمات و البيئة,standing,ADV-2005,assistant_rapporteur,,2011-03-23
TNP-00721,CMT-23b65b4eec22,لجنة الشؤون السياسية و حقوق الإنسان والعلاقات الخارجية,standing,ADV-2005,member,,2011-03-23
TNP-00721,CMT-21c634fba2ad,لجنة الحصانة,standing,ADV-2005,member,,2011-03-23
TNP-00722,CMT-df2faa671a25,لجنة التجهيز والخدمات و البيئة,standing,ADV-2005,member,,2011-03-23
TNP-00723,CMT-23b65b4eec22,لجنة الشؤون السياسية و حقوق الإنسان والعلاقات الخارجية,standing,ADV-2005,member,,2011-03-23
TNP-00725,CMT-cd4eba090155,لجنة الشؤون الإجتماعية والصحة العمومية,standing,ADV-2005,member,,2011-03-23
TNP-00726,CMT-23b65b4eec22,لجنة الشؤون السياسية و حقوق الإنسان والعلاقات الخارجية,standing,ADV-2005,member,,2011-03-23
TNP-00728,CMT-5ab9a51df8ef,لجنة التربية والثقافة والإعلام والشباب,standing,ADV-2005,member,,2011-03-23
TNP-00729,CMT-a7fa2853bbf2,لجنة المالية والتخطيط والتنمية الجهوية,standing,ADV-2005,member,,2011-03-23
TNP-00731,CMT-23b65b4eec22,لجنة الشؤون السياسية و حقوق الإنسان والعلاقات الخارجية,standing,ADV-2005,member,,2011-03-23
TNP-00732,CMT-a7fa2853bbf2,لجنة المالية والتخطيط والتنمية الجهوية,standing,ADV-2005,member,,2011-03-23
TNP-00732,CMT-21c634fba2ad,لجنة الحصانة,standing,ADV-2005,member,,2011-03-23
TNP-00733,CMT-df2faa671a25,لجنة التجهيز والخدمات و البيئة,standing,ADV-2005,member,,2011-03-23
TNP-00734,CMT-df2faa671a25,لجنة التجهيز والخدمات و البيئة,standing,ADV-2005,member,,2011-03-23
TNP-00735,CMT-21c634fba2ad,لجنة الحصانة,standing,ADV-2005,member,,2011-03-23
TNP-00736,CMT-5ab9a51df8ef,لجنة التربية والثقافة والإعلام والشباب,standing,ADV-2005,member,,2011-03-23
TNP-00738,CMT-cd4eba090155,لجنة الشؤون الإجتماعية والصحة العمومية,standing,ADV-2005,member,,2011-03-23
TNP-00739,CMT-df2faa671a25,لجنة التجهيز والخدمات و البيئة,standing,ADV-2005,member,,2011-03-23
TNP-00740,CMT-cd4eba090155,لجنة الشؤون الإجتماعية والصحة العمومية,standing,ADV-2005,member,,2011-03-23
TNP-00741,CMT-8b1e71a99c13,لجنة الفلاحة والصناعة والتجـارة,standing,ADV-2005,member,,2011-03-23
TNP-00742,CMT-a7fa2853bbf2,لجنة المالية والتخطيط والتنمية الجهوية,standing,ADV-2005,member,,2011-03-23
TNP-00744,CMT-5ab9a51df8ef,لجنة التربية والثقافة والإعلام والشباب,standing,ADV-2005,chair,,2011-03-23
TNP-00745,CMT-8b1e71a99c13,لجنة الفلاحة والصناعة والتجـارة,standing,ADV-2005,member,,2011-03-23
TNP-00746,CMT-21c634fba2ad,لجنة الحصانة,standing,ADV-2005,member,,2011-03-23
TNP-00747,CMT-8b1e71a99c13,لجنة الفلاحة والصناعة والتجـارة,standing,ADV-2005,member,,2011-03-23
TNP-00748,CMT-df2faa671a25,لجنة التجهيز والخدمات و البيئة,standing,ADV-2005,member,,2011-03-23
TNP-00749,CMT-8b1e71a99c13,لجنة الفلاحة والصناعة والتجـارة,standing,ADV-2005,chair,,2011-03-23
TNP-00750,CMT-a7fa2853bbf2,لجنة المالية والتخطيط والتنمية الجهوية,standing,ADV-2005,member,,2011-03-23
TNP-00752,CMT-5ab9a51df8ef,لجنة التربية والثقافة والإعلام والشباب,standing,ADV-2005,member,,2011-03-23
TNP-00753,CMT-21c634fba2ad,لجنة الحصانة,standing,ADV-2005,assistant_rapporteur,,2011-03-23
TNP-00754,CMT-5ab9a51df8ef,لجنة التربية والثقافة والإعلام والشباب,standing,ADV-2005,member,,2011-03-23
TNP-00755,CMT-a7fa2853bbf2,لجنة المالية والتخطيط والتنمية الجهوية,standing,ADV-2005,chair,,2011-03-23
TNP-00756,CMT-3d7249cea75a,لجنة التشريع العام والتنظيم العام للإدارة,standing,ADV-2005,member,,2011-03-23
TNP-00757,CMT-8b1e71a99c13,لجنة الفلاحة والصناعة والتجـارة,standing,ADV-2005,member,,2011-03-23
TNP-00758,CMT-cd4eba090155,لجنة الشؤون الإجتماعية والصحة العمومية,standing,ADV-2005,assistant_rapporteur,,2011-03-23
TNP-00759,CMT-8b1e71a99c13,لجنة الفلاحة والصناعة والتجـارة,standing,ADV-2005,member,,2011-03-23
TNP-00762,CMT-3d7249cea75a,لجنة التشريع العام والتنظيم العام للإدارة,standing,ADV-2005,assistant_rapporteur,,2011-03-23
TNP-00763,CMT-a7fa2853bbf2,لجنة المالية والتخطيط والتنمية الجهوية,standing,ADV-2005,rapporteur,,2011-03-23
TNP-00764,CMT-cd4eba090155,لجنة الشؤون الإجتماعية والصحة العمومية,standing,ADV-2005,member,,2011-03-23
TNP-00765,CMT-cd4eba090155,لجنة الشؤون الإجتماعية والصحة العمومية,standing,ADV-2005,rapporteur,,2011-03-23
TNP-00766,CMT-23b65b4eec22,لجنة الشؤون السياسية و حقوق الإنسان والعلاقات الخارجية,standing,ADV-2005,member,,2011-03-23
TNP-00768,CMT-23b65b4eec22,لجنة الشؤون السياسية و حقوق الإنسان والعلاقات الخارجية,standing,ADV-2005,assistant_rapporteur,,2011-03-23
TNP-00770,CMT-5ab9a51df8ef,لجنة التربية والثقافة والإعلام والشباب,standing,ADV-2005,member,,2011-03-23
TNP-00771,CMT-8b1e71a99c13,لجنة الفلاحة والصناعة والتجـارة,standing,ADV-2005,member,,2011-03-23
TNP-00773,CMT-5ab9a51df8ef,لجنة التربية والثقافة والإعلام والشباب,standing,ADV-2005,assistant_rapporteur,,2011-03-23
TNP-00774,CMT-3d7249cea75a,لجنة التشريع العام والتنظيم العام للإدارة,standing,ADV-2005,member,,2011-03-23
TNP-00775,CMT-23b65b4eec22,لجنة الشؤون السياسية و حقوق الإنسان والعلاقات الخارجية,standing,ADV-2005,member,,2011-03-23
TNP-00775,CMT-21c634fba2ad,لجنة الحصانة,standing,ADV-2005,member,,2011-03-23
TNP-00776,CMT-23b65b4eec22,لجنة الشؤون السياسية و حقوق الإنسان والعلاقات الخارجية,standing,ADV-2005,member,,2011-03-23
TNP-00777,CMT-23b65b4eec22,لجنة الشؤون السياسية و حقوق الإنسان والعلاقات الخارجية,standing,ADV-2005,member,,2011-03-23
TNP-00780,CMT-a7fa2853bbf2,لجنة المالية والتخطيط والتنمية الجهوية,standing,ADV-2005,assistant_rapporteur,,2011-03-23
TNP-00781,CMT-5ab9a51df8ef,لجنة التربية والثقافة والإعلام والشباب,standing,ADV-2005,member,,2011-03-23
TNP-00782,CMT-3d7249cea75a,لجنة التشريع العام والتنظيم العام للإدارة,standing,ADV-2005,member,,2011-03-23
TNP-00783,CMT-21c634fba2ad,لجنة الحصانة,standing,ADV-2005,member,,2011-03-23
TNP-00785,CMT-8b1e71a99c13,لجنة الفلاحة والصناعة والتجـارة,standing,ADV-2005,assistant_rapporteur,,2011-03-23
TNP-00786,CMT-23b65b4eec22,لجنة الشؤون السياسية و حقوق الإنسان والعلاقات الخارجية,standing,ADV-2005,chair,,2011-03-23
TNP-00787,CMT-df2faa671a25,لجنة التجهيز والخدمات و البيئة,standing,ADV-2005,member,,2011-03-23
TNP-00788,CMT-3d7249cea75a,لجنة التشريع العام والتنظيم العام للإدارة,standing,ADV-2005,member,,2011-03-23
TNP-00789,CMT-a7fa2853bbf2,لجنة المالية والتخطيط والتنمية الجهوية,standing,ADV-2005,member,,2011-03-23
TNP-00790,CMT-3a051620fd33,لجنة التشريع العام,standing,ARP-2014,chair,2014-12-02,2016-07-02
TNP-00790,CMT-3a051620fd33,لجنة التشريع العام,standing,ARP-2014,chair,2016-09-15,2016-12-10
TNP-00790,CMT-4633b2874c88,لجنة الحقوق والحريّات والعلاقات الخارجية,standing,ARP-2014,member,2016-07-27,2019-05-08
TNP-00790,CMT-c19410caa909,لجنة الأمن والدفاع,standing,ARP-2014,member,2016-12-30,2019-08-21
TNP-00790,CMT-e5dff9bf0bca,"لجنة التحقيق حول موضوع الفساد المالي والتهرّب الضريبي الذي تمّ الكشف عنه في ما يسمّى ""أوراق بنما"" و مدى تورّط تونسيين في الموضوع",special,ARP-2014,member,2014-12-02,2019-10-05
TNP-00468,CMT-2bc1cee50ba8,لجنة المالية والتخطيط والتنمية,standing,ARP-2014,member,2017-01-16,2017-06-02
TNP-00468,CMT-cab87800ef44,لجنة الفلاحة والأمن الغذائي والتجارة والخدمات ذات الصلة,standing,ARP-2014,member,2014-12-02,2016-01-22
TNP-00468,CMT-b9e5e4367488,لجنة الصناعة والطاقة والثروات الطبيعية والبنية الأساسية والبيئة,standing,ARP-2014,vice_chair,2016-04-05,2017-01-27
TNP-00468,CMT-b9e5e4367488,لجنة الصناعة والطاقة والثروات الطبيعية والبنية الأساسية والبيئة,standing,ARP-2014,rapporteur,2019-08-23,2019-10-05
TNP-00468,CMT-535731ec7ffd,لجنة شهداء الثورة و جرحاها و تنفيذ قانون العفو العام والعدالة الانتقالية,standing,ARP-2014,rapporteur,2017-01-13,2019-05-08
TNP-00468,CMT-90ddb75794d7,اللجنة الانتخابية,standing,ARP-2014,member,2014-12-02,2017-01-27
TNP-00792,CMT-cab87800ef44,لجنة الفلاحة والأمن الغذائي والتجارة والخدمات ذات الصلة,standing,ARP-2014,member,2014-12-02,2016-03-23
TNP-00792,CMT-cab87800ef44,لجنة الفلاحة والأمن الغذائي والتجارة والخدمات ذات الصلة,standing,ARP-2014,member,2016-09-15,2017-01-27
TNP-00792,CMT-7858621d9962,لجنة الصحة والشّؤون الاجتماعية,standing,ARP-2014,member,2016-09-14,2019-07-23
TNP-00792,CMT-c19410caa909,لجنة الأمن والدفاع,standing,ARP-2014,member,2014-12-02,2016-07-27
TNP-00792,CMT-c19410caa909,لجنة الأمن والدفاع,standing,ARP-2014,member,2016-09-14,2016-12-30
TNP-00792,CMT-5863460337e8,لجنة شؤون التونسيين بالخارج,standing,ARP-2014,member,2017-02-17,2019-08-23
TNP-00793,CMT-2bc1cee50ba8,لجنة المالية والتخطيط والتنمية,standing,ARP-2014,member,2019-07-23,2019-10-05
TNP-00793,CMT-894b8d7f301d,لجنة تنظيم الإدارة وشؤون القوات الحاملة للسلاح,standing,ARP-2014,member,2014-12-02,2019-07-23
TNP-00793,CMT-c19410caa909,لجنة الأمن والدفاع,standing,ARP-2014,chair,2016-12-30,2019-10-05
TNP-00793,CMT-90ddb75794d7,اللجنة الانتخابية,standing,ARP-2014,member,2014-12-02,2017-01-27
TNP-00793,CMT-8d6af35d5cb4,لجنة التحقيق حول شبكات التجنيد التي تورطت في تسفير الشباب التونسي إلى مناطق القتال,special,ARP-2014,member,2014-12-02,2019-10-05
TNP-00794,CMT-7858621d9962,لجنة الصحة والشّؤون الاجتماعية,standing,ARP-2014,member,2014-12-02,2019-10-05
TNP-00794,CMT-535731ec7ffd,لجنة شهداء الثورة و جرحاها و تنفيذ قانون العفو العام والعدالة الانتقالية,standing,ARP-2014,member,2014-12-02,2019-10-05
TNP-00795,CMT-8a5b9ec83476,لجنة النظام الداخلي والحصانة والقوانين البرلمانية والقوانين الانتخابية,standing,ARP-2014,member,2019-08-23,2019-10-05
TNP-00795,CMT-f7166b323046,لجنة التنمية الجهوية,standing,ARP-2014,member,2019-08-23,2019-10-05
TNP-00796,CMT-cab87800ef44,لجنة الفلاحة والأمن الغذائي والتجارة والخدمات ذات الصلة,standing,ARP-2014,member,2014-12-02,2019-10-05
TNP-00796,CMT-90ddb75794d7,اللجنة الانتخابية,standing,ARP-2014,member,2014-12-02,2019-08-21
TNP-00797,CMT-2bc1cee50ba8,لجنة المالية والتخطيط والتنمية,standing,ARP-2014,member,2016-04-05,2017-01-16
TNP-00797,CMT-2bc1cee50ba8,لجنة المالية والتخطيط والتنمية,standing,ARP-2014,member,2019-07-23,2019-10-05
TNP-00797,CMT-894b8d7f301d,لجنة تنظيم الإدارة وشؤون القوات الحاملة للسلاح,standing,ARP-2014,member,2017-04-24,2019-07-23
TNP-00797,CMT-8a5b9ec83476,لجنة النظام الداخلي والحصانة والقوانين البرلمانية والقوانين الانتخابية,standing,ARP-2014,member,2014-12-02,2016-12-30
TNP-00797,CMT-5863460337e8,لجنة شؤون التونسيين بالخارج,standing,ARP-2014,member,2014-12-02,2019-10-05
TNP-00798,CMT-7858621d9962,لجنة الصحة والشّؤون الاجتماعية,standing,ARP-2014,member,2014-12-02,2016-09-14
TNP-00798,CMT-3e7af871322d,لجنة شؤون ذوي الإعاقة والفئات الهشة,standing,ARP-2014,member,2014-12-02,2016-12-30
TNP-00799,CMT-4633b2874c88,لجنة الحقوق والحريّات والعلاقات الخارجية,standing,ARP-2014,member,2017-01-14,2019-05-08
TNP-00799,CMT-2bc1cee50ba8,لجنة المالية والتخطيط والتنمية,standing,ARP-2014,member,2016-04-05,2017-05-02
TNP-00799,CMT-7858621d9962,لجنة الصحة والشّؤون الاجتماعية,standing,ARP-2014,member,2014-12-02,2016-09-14
TNP-00799,CMT-5863460337e8,لجنة شؤون التونسيين بالخارج,standing,ARP-2014,member,2014-12-02,2019-08-23
TNP-00800,CMT-cab87800ef44,لجنة الفلاحة والأمن الغذائي والتجارة والخدمات ذات الصلة,standing,ARP-2014,member,2016-03-23,2019-07-22
TNP-00801,CMT-4633b2874c88,لجنة الحقوق والحريّات والعلاقات الخارجية,standing,ARP-2014,member,2014-12-02,2016-07-27
TNP-00801,CMT-4633b2874c88,لجنة الحقوق والحريّات والعلاقات الخارجية,standing,ARP-2014,member,2016-09-15,2016-10-30
TNP-00801,CMT-cab87800ef44,لجنة الفلاحة والأمن الغذائي والتجارة والخدمات ذات الصلة,standing,ARP-2014,member,2017-01-27,2019-10-05
TNP-00801,CMT-8a5b9ec83476,لجنة النظام الداخلي والحصانة والقوانين البرلمانية والقوانين الانتخابية,standing,ARP-2014,assistant_rapporteur,2016-07-26,2016-12-30
TNP-00801,CMT-f7166b323046,لجنة التنمية الجهوية,standing,ARP-2014,chair,2014-12-02,2019-10-05
TNP-00163,CMT-b9e5e4367488,لجنة الصناعة والطاقة والثروات الطبيعية والبنية الأساسية والبيئة,standing,ARP-2014,member,2014-12-02,2019-08-23
TNP-00163,CMT-535731ec7ffd,لجنة شهداء الثورة و جرحاها و تنفيذ قانون العفو العام والعدالة الانتقالية,standing,ARP-2014,assistant_rapporteur,2014-12-02,2017-01-13
TNP-00802,CMT-894b8d7f301d,لجنة تنظيم الإدارة وشؤون القوات الحاملة للسلاح,standing,ARP-2014,member,2014-12-02,2019-10-05
TNP-00802,CMT-535731ec7ffd,لجنة شهداء الثورة و جرحاها و تنفيذ قانون العفو العام والعدالة الانتقالية,standing,ARP-2014,member,2016-09-15,2017-01-13
TNP-00802,CMT-5863460337e8,لجنة شؤون التونسيين بالخارج,standing,ARP-2014,member,2014-12-02,2019-10-05
TNP-00802,CMT-8d6af35d5cb4,لجنة التحقيق حول شبكات التجنيد التي تورطت في تسفير الشباب التونسي إلى مناطق القتال,special,ARP-2014,member,2014-12-02,2019-10-05
TNP-00369,CMT-894b8d7f301d,لجنة تنظيم الإدارة وشؤون القوات الحاملة للسلاح,standing,ARP-2014,member,2014-12-02,2017-04-24
TNP-00369,CMT-894b8d7f301d,لجنة تنظيم الإدارة وشؤون القوات الحاملة للسلاح,standing,ARP-2014,rapporteur,2019-07-23,2019-10-05
TNP-00369,CMT-f7166b323046,لجنة التنمية الجهوية,standing,ARP-2014,member,2016-12-30,2019-08-23
TNP-00369,CMT-3e7af871322d,لجنة شؤون ذوي الإعاقة والفئات الهشة,standing,ARP-2014,member,2019-08-23,2019-10-05
TNP-00803,CMT-7858621d9962,لجنة الصحة والشّؤون الاجتماعية,standing,ARP-2014,member,2016-12-13,2019-10-05
TNP-00803,CMT-894b8d7f301d,لجنة تنظيم الإدارة وشؤون القوات الحاملة للسلاح,standing,ARP-2014,member,2014-12-02,2016-08-18
TNP-00803,CMT-894b8d7f301d,لجنة تنظيم الإدارة وشؤون القوات الحاملة للسلاح,standing,ARP-2014,member,2016-09-14,2016-10-19
TNP-00803,CMT-f7166b323046,لجنة التنمية الجهوية,standing,ARP-2014,member,2019-08-23,2019-10-05
TNP-00803,CMT-3e7af871322d,لجنة شؤون ذوي الإعاقة والفئات الهشة,standing,ARP-2014,member,2016-12-30,2019-08-23
TNP-00803,CMT-e5dff9bf0bca,"لجنة التحقيق حول موضوع الفساد المالي والتهرّب الضريبي الذي تمّ الكشف عنه في ما يسمّى ""أوراق بنما"" و مدى تورّط تونسيين في الموضوع",special,ARP-2014,member,2014-12-02,2019-10-05
TNP-00804,CMT-3a051620fd33,لجنة التشريع العام,standing,ARP-2014,member,2014-12-02,2019-07-22
TNP-00804,CMT-cab87800ef44,لجنة الفلاحة والأمن الغذائي والتجارة والخدمات ذات الصلة,standing,ARP-2014,rapporteur,2019-07-22,2019-10-05
TNP-00804,CMT-c19410caa909,لجنة الأمن والدفاع,standing,ARP-2014,member,2016-07-27,2019-10-05
TNP-00804,CMT-a48500711e9b,لجنة شؤون المرأة والأسرة والطفولة والشباب والمسنين,standing,ARP-2014,member,2014-12-02,2016-04-24
TNP-00804,CMT-a48500711e9b,لجنة شؤون المرأة والأسرة والطفولة والشباب والمسنين,standing,ARP-2014,member,2016-09-15,2017-04-29
TNP-00804,CMT-e5dff9bf0bca,"لجنة التحقيق حول موضوع الفساد المالي والتهرّب الضريبي الذي تمّ الكشف عنه في ما يسمّى ""أوراق بنما"" و مدى تورّط تونسيين في الموضوع",special,ARP-2014,member,2014-12-02,2019-10-05
TNP-00805,CMT-879180464a95,اللجنة الخاصة المكلفة بالماليّة,special,ARP-2014,member,2014-12-02,2019-10-05
TNP-00805,CMT-b9e5e4367488,لجنة الصناعة والطاقة والثروات الطبيعية والبنية الأساسية والبيئة,standing,ARP-2014,member,2014-12-02,2019-08-23
TNP-00805,CMT-601d95a949aa,لجنة الإصلاح الإداري والحوكمة الرشيدة ومكافحة الفساد ومراقبة التصرف في المال العام,standing,ARP-2014,member,2014-12-02,2016-12-14
TNP-00805,CMT-5863460337e8,لجنة شؤون التونسيين بالخارج,standing,ARP-2014,member,2017-02-17,2019-08-23
TNP-00806,CMT-4633b2874c88,لجنة الحقوق والحريّات والعلاقات الخارجية,standing,ARP-2014,member,2014-12-02,2016-07-27
TNP-00806,CMT-4633b2874c88,لجنة الحقوق والحريّات والعلاقات الخارجية,standing,ARP-2014,member,2016-09-15,2019-10-05
TNP-00806,CMT-535731ec7ffd,لجنة شهداء الثورة و جرحاها و تنفيذ قانون العفو العام والعدالة الانتقالية,standing,ARP-2014,member,2014-12-02,2019-10-05
TNP-00807,CMT-47b4ceeab70a,لجنة الشباب والشّؤون الثقافية و التربية والبحث العلمي,standing,ARP-2014,member,2014-12-02,2019-10-05
TNP-00807,CMT-c19410caa909,لجنة الأمن والدفاع,standing,ARP-2014,member,2016-12-30,2019-10-05
TNP-00807,CMT-535731ec7ffd,لجنة شهداء الثورة و جرحاها و تنفيذ قانون العفو العام والعدالة الانتقالية,standing,ARP-2014,member,2014-12-02,2017-01-13
TNP-00807,CMT-90ddb75794d7,اللجنة الانتخابية,standing,ARP-2014,member,2016-07-26,2017-01-27
TNP-00808,CMT-2bc1cee50ba8,لجنة المالية والتخطيط والتنمية,standing,ARP-2014,member,2014-12-02,2015-11-13
TNP-00808,CMT-2bc1cee50ba8,لجنة المالية والتخطيط والتنمية,standing,ARP-2014,member,2017-01-16,2019-10-05
TNP-00808,CMT-c19410caa909,لجنة الأمن والدفاع,standing,ARP-2014,member,2014-12-02,2016-12-30
TNP-00808,CMT-f7166b323046,لجنة التنمية الجهوية,standing,ARP-2014,member,2016-12-30,2019-10-05
TNP-00809,CMT-3a051620fd33,لجنة التشريع العام,standing,ARP-2014,member,2016-07-02,2016-12-10
TNP-00809,CMT-4633b2874c88,لجنة الحقوق والحريّات والعلاقات الخارجية,standing,ARP-2014,assistant_rapporteur,2019-05-08,2019-10-05
TNP-00809,CMT-cab87800ef44,لجنة الفلاحة والأمن الغذائي والتجارة والخدمات ذات الصلة,standing,ARP-2014,member,2014-12-02,2016-03-23
TNP-00809,CMT-cab87800ef44,لجنة الفلاحة والأمن الغذائي والتجارة والخدمات ذات الصلة,standing,ARP-2014,member,2016-09-15,2017-01-27
TNP-00809,CMT-47b4ceeab70a,لجنة الشباب والشّؤون الثقافية و التربية والبحث العلمي,standing,ARP-2014,member,2017-05-31,2019-05-08
TNP-00809,CMT-535731ec7ffd,لجنة شهداء الثورة و جرحاها و تنفيذ قانون العفو العام والعدالة الانتقالية,standing,ARP-2014,assistant_rapporteur,2014-12-02,2019-05-08
TNP-00809,CMT-a48500711e9b,لجنة شؤون المرأة والأسرة والطفولة والشباب والمسنين,standing,ARP-2014,member,2019-05-08,2019-10-05
TNP-00174,CMT-b9e5e4367488,لجنة الصناعة والطاقة والثروات الطبيعية والبنية الأساسية والبيئة,standing,ARP-2014,chair,2014-12-02,2019-10-05
TNP-00174,CMT-601d95a949aa,لجنة الإصلاح الإداري والحوكمة الرشيدة ومكافحة الفساد ومراقبة التصرف في المال العام,standing,ARP-2014,member,2014-12-02,2016-04-19
TNP-00174,CMT-601d95a949aa,لجنة الإصلاح الإداري والحوكمة الرشيدة ومكافحة الفساد ومراقبة التصرف في المال العام,standing,ARP-2014,member,2016-09-14,2016-12-14
TNP-00174,CMT-535731ec7ffd,لجنة شهداء الثورة و جرحاها و تنفيذ قانون العفو العام والعدالة الانتقالية,standing,ARP-2014,member,2019-05-08,2019-10-05
TNP-00174,CMT-5863460337e8,لجنة شؤون التونسيين بالخارج,standing,ARP-2014,member,2016-09-15,2019-08-23
TNP-00810,CMT-7858621d9962,لجنة الصحة والشّؤون الاجتماعية,standing,ARP-2014,rapporteur,2019-07-23,2019-10-05
TNP-00811,CMT-cab87800ef44,لجنة الفلاحة والأمن الغذائي والتجارة والخدمات ذات الصلة,standing,ARP-2014,member,2014-12-02,2019-07-22
TNP-00811,CMT-8a5b9ec83476,لجنة النظام الداخلي والحصانة والقوانين البرلمانية والقوانين الانتخابية,standing,ARP-2014,assistant_rapporteur,2019-08-23,2019-10-05
TNP-00811,CMT-f7166b323046,لجنة التنمية الجهوية,standing,ARP-2014,assistant_rapporteur,2014-12-02,2016-12-30
TNP-00811,CMT-f7166b323046,لجنة التنمية الجهوية,standing,ARP-2014,member,2017-05-17,2019-10-05
TNP-00178,CMT-b9e5e4367488,لجنة الصناعة والطاقة والثروات الطبيعية والبنية الأساسية والبيئة,standing,ARP-2014,member,2019-08-23,2019-10-05
TNP-00178,CMT-8a5b9ec83476,لجنة النظام الداخلي والحصانة والقوانين البرلمانية والقوانين الانتخابية,standing,ARP-2014,member,2014-12-02,2019-08-23
TNP-00178,CMT-90ddb75794d7,اللجنة الانتخابية,standing,ARP-2014,member,2014-12-02,2019-10-05
TNP-00812,CMT-79ca761acaf6,اللجنة الخاصة للنّظام الدّاخلي,special,ARP-2014,member,2014-12-02,2019-10-05
TNP-00812,CMT-894b8d7f301d,لجنة تنظيم الإدارة وشؤون القوات الحاملة للسلاح,standing,ARP-2014,chair,2014-12-02,2019-10-05
TNP-00812,CMT-c19410caa909,لجنة الأمن والدفاع,standing,ARP-2014,member,2014-12-02,2016-12-30
TNP-00812,CMT-601d95a949aa,لجنة الإصلاح الإداري والحوكمة الرشيدة ومكافحة الفساد ومراقبة التصرف في المال العام,standing,ARP-2014,member,2016-12-14,2019-08-23
TNP-00812,CMT-e1fb561ef6b9,لجنة التحقيق بخصوص تصنيف تونس ملاذا ضريبيا,special,ARP-2014,member,2014-12-02,2019-10-05
TNP-00813,CMT-4633b2874c88,لجنة الحقوق والحريّات والعلاقات الخارجية,standing,ARP-2014,member,2014-12-02,2019-10-05
TNP-00813,CMT-5863460337e8,لجنة شؤون التونسيين بالخارج,standing,ARP-2014,member,2014-12-02,2019-08-23
TNP-00814,CMT-b9e5e4367488,لجنة الصناعة والطاقة والثروات الطبيعية والبنية الأساسية والبيئة,standing,ARP-2014,member,2014-12-02,2019-08-23
TNP-00814,CMT-894b8d7f301d,لجنة تنظيم الإدارة وشؤون القوات الحاملة للسلاح,standing,ARP-2014,member,2019-07-23,2019-10-05
TNP-00814,CMT-90ddb75794d7,اللجنة الانتخابية,standing,ARP-2014,member,2014-12-02,2019-10-05
TNP-00404,CMT-894b8d7f301d,لجنة تنظيم الإدارة وشؤون القوات الحاملة للسلاح,standing,ARP-2014,member,2014-12-02,2019-07-23
TNP-00404,CMT-a9259327aabc,لجنة مراقبة عمليات التصويت وإحصاء الأصوات,standing,ARP-2014,member,2014-12-02,2019-07-23
TNP-00815,CMT-879180464a95,اللجنة الخاصة المكلفة بالماليّة,special,ARP-2014,member,2014-12-02,2019-10-05
TNP-00815,CMT-2bc1cee50ba8,لجنة المالية والتخطيط والتنمية,standing,ARP-2014,member,2014-12-02,2019-07-23
TNP-00815,CMT-f7166b323046,لجنة التنمية الجهوية,standing,ARP-2014,member,2014-12-02,2016-12-30
TNP-00815,CMT-535731ec7ffd,لجنة شهداء الثورة و جرحاها و تنفيذ قانون العفو العام والعدالة الانتقالية,standing,ARP-2014,member,2017-01-13,2019-05-08
TNP-00815,CMT-e1fb561ef6b9,لجنة التحقيق بخصوص تصنيف تونس ملاذا ضريبيا,special,ARP-2014,member,2014-12-02,2019-10-05
TNP-00816,CMT-7858621d9962,لجنة الصحة والشّؤون الاجتماعية,standing,ARP-2014,member,2014-12-02,2019-10-05
TNP-00816,CMT-90ddb75794d7,اللجنة الانتخابية,standing,ARP-2014,member,2014-12-02,2019-08-21
TNP-00183,CMT-3a051620fd33,لجنة التشريع العام,standing,ARP-2014,member,2014-12-02,2019-07-22
TNP-00183,CMT-7858621d9962,لجنة الصحة والشّؤون الاجتماعية,standing,ARP-2014,member,2019-07-23,2019-10-05
TNP-00183,CMT-5863460337e8,لجنة شؤون التونسيين بالخارج,standing,ARP-2014,member,2019-08-23,2019-10-05
TNP-00183,CMT-a9259327aabc,لجنة مراقبة عمليات التصويت وإحصاء الأصوات,standing,ARP-2014,member,2014-12-02,2019-10-05
TNP-00183,CMT-e5dff9bf0bca,"لجنة التحقيق حول موضوع الفساد المالي والتهرّب الضريبي الذي تمّ الكشف عنه في ما يسمّى ""أوراق بنما"" و مدى تورّط تونسيين في الموضوع",special,ARP-2014,member,2014-12-02,2019-10-05
TNP-00817,CMT-2bc1cee50ba8,لجنة المالية والتخطيط والتنمية,standing,ARP-2014,member,2016-10-27,2017-06-02
TNP-00817,CMT-cab87800ef44,لجنة الفلاحة والأمن الغذائي والتجارة والخدمات ذات الصلة,standing,ARP-2014,member,2014-12-02,2016-03-23
TNP-00817,CMT-cab87800ef44,لجنة الفلاحة والأمن الغذائي والتجارة والخدمات ذات الصلة,standing,ARP-2014,member,2016-09-15,2017-01-27
TNP-00817,CMT-8a5b9ec83476,لجنة النظام الداخلي والحصانة والقوانين البرلمانية والقوانين الانتخابية,standing,ARP-2014,member,2016-07-26,2016-12-30
TNP-00817,CMT-c19410caa909,لجنة الأمن والدفاع,standing,ARP-2014,member,2014-12-02,2016-07-27
TNP-00817,CMT-c19410caa909,لجنة الأمن والدفاع,standing,ARP-2014,member,2016-09-14,2016-12-30
TNP-00817,CMT-f7166b323046,لجنة التنمية الجهوية,standing,ARP-2014,member,2016-12-30,2019-08-23
TNP-00817,CMT-3e7af871322d,لجنة شؤون ذوي الإعاقة والفئات الهشة,standing,ARP-2014,member,2016-09-15,2016-12-30
TNP-00818,CMT-4633b2874c88,لجنة الحقوق والحريّات والعلاقات الخارجية,standing,ARP-2014,member,2014-12-02,2017-04-24
TNP-00818,CMT-7858621d9962,لجنة الصحة والشّؤون الاجتماعية,standing,ARP-2014,member,2019-07-23,2019-10-05
TNP-00818,CMT-535731ec7ffd,لجنة شهداء الثورة و جرحاها و تنفيذ قانون العفو العام والعدالة الانتقالية,standing,ARP-2014,member,2014-12-02,2017-01-13
TNP-00818,CMT-a48500711e9b,لجنة شؤون المرأة والأسرة والطفولة والشباب والمسنين,standing,ARP-2014,member,2016-04-24,2019-10-05
TNP-00820,CMT-7858621d9962,لجنة الصحة والشّؤون الاجتماعية,standing,ARP-2014,member,2014-12-02,2019-07-23
TNP-00820,CMT-3e7af871322d,لجنة شؤون ذوي الإعاقة والفئات الهشة,standing,ARP-2014,member,2014-12-02,2019-10-05
TNP-00821,CMT-b9e5e4367488,لجنة الصناعة والطاقة والثروات الطبيعية والبنية الأساسية والبيئة,standing,ARP-2014,member,2017-01-27,2019-10-05
TNP-00821,CMT-8a5b9ec83476,لجنة النظام الداخلي والحصانة والقوانين البرلمانية والقوانين الانتخابية,standing,ARP-2014,rapporteur,2014-12-02,2016-12-30
TNP-00821,CMT-90ddb75794d7,اللجنة الانتخابية,standing,ARP-2014,vice_chair,2014-12-02,2016-07-26
TNP-00821,CMT-90ddb75794d7,اللجنة الانتخابية,standing,ARP-2014,member,2016-09-14,2017-01-27
TNP-00822,CMT-879180464a95,اللجنة الخاصة المكلفة بالماليّة,special,ARP-2014,member,2014-12-02,2019-10-05
TNP-00822,CMT-b9e5e4367488,لجنة الصناعة والطاقة والثروات الطبيعية والبنية الأساسية والبيئة,standing,ARP-2014,member,2014-12-02,2017-01-27
TNP-00822,CMT-7858621d9962,لجنة الصحة والشّؤون الاجتماعية,standing,ARP-2014,vice_chair,2019-07-23,2019-10-05
TNP-00822,CMT-894b8d7f301d,لجنة تنظيم الإدارة وشؤون القوات الحاملة للسلاح,standing,ARP-2014,member,2017-04-24,2019-07-23
TNP-00822,CMT-601d95a949aa,لجنة الإصلاح الإداري والحوكمة الرشيدة ومكافحة الفساد ومراقبة التصرف في المال العام,standing,ARP-2014,rapporteur,2016-12-14,2019-08-23
TNP-00822,CMT-a48500711e9b,لجنة شؤون المرأة والأسرة والطفولة والشباب والمسنين,standing,ARP-2014,member,2019-05-08,2019-10-05
TNP-00822,CMT-5863460337e8,لجنة شؤون التونسيين بالخارج,standing,ARP-2014,assistant_rapporteur,2014-12-02,2017-02-17
TNP-00823,CMT-3a051620fd33,لجنة التشريع العام,standing,ARP-2014,member,2016-07-02,2017-06-25
TNP-00823,CMT-8a5b9ec83476,لجنة النظام الداخلي والحصانة والقوانين البرلمانية والقوانين الانتخابية,standing,ARP-2014,member,2014-12-02,2016-12-30
TNP-00823,CMT-8a5b9ec83476,لجنة النظام الداخلي والحصانة والقوانين البرلمانية والقوانين الانتخابية,standing,ARP-2014,member,2017-05-25,2019-08-23
TNP-00823,CMT-535731ec7ffd,لجنة شهداء الثورة و جرحاها و تنفيذ قانون العفو العام والعدالة الانتقالية,standing,ARP-2014,member,2016-09-15,2017-01-13
TNP-00824,CMT-2bc1cee50ba8,لجنة المالية والتخطيط والتنمية,standing,ARP-2014,rapporteur,2014-12-02,2019-07-23
TNP-00824,CMT-601d95a949aa,لجنة الإصلاح الإداري والحوكمة الرشيدة ومكافحة الفساد ومراقبة التصرف في المال العام,standing,ARP-2014,member,2014-12-02,2016-04-19
TNP-00824,CMT-601d95a949aa,لجنة الإصلاح الإداري والحوكمة الرشيدة ومكافحة الفساد ومراقبة التصرف في المال العام,standing,ARP-2014,member,2016-09-14,2016-12-14
TNP-00824,CMT-535731ec7ffd,لجنة شهداء الثورة و جرحاها و تنفيذ قانون العفو العام والعدالة الانتقالية,standing,ARP-2014,member,2017-01-13,2019-05-08
TNP-00824,CMT-5863460337e8,لجنة شؤون التونسيين بالخارج,standing,ARP-2014,member,2016-09-15,2017-02-17
TNP-00422,CMT-cab87800ef44,لجنة الفلاحة والأمن الغذائي والتجارة والخدمات ذات الصلة,standing,ARP-2014,member,2019-07-22,2019-10-05
TNP-00422,CMT-8a5b9ec83476,لجنة النظام الداخلي والحصانة والقوانين البرلمانية والقوانين الانتخابية,standing,ARP-2014,assistant_rapporteur,2014-12-02,2019-08-23
TNP-00422,CMT-5863460337e8,لجنة شؤون التونسيين بالخارج,standing,ARP-2014,member,2014-12-02,2019-10-05
TNP-00825,CMT-b9e5e4367488,لجنة الصناعة والطاقة والثروات الطبيعية والبنية الأساسية والبيئة,standing,ARP-2014,member,2014-12-02,2019-08-23
TNP-00825,CMT-a48500711e9b,لجنة شؤون المرأة والأسرة والطفولة والشباب والمسنين,standing,ARP-2014,member,2014-12-02,2016-04-24
TNP-00825,CMT-a48500711e9b,لجنة شؤون المرأة والأسرة والطفولة والشباب والمسنين,standing,ARP-2014,member,2016-09-15,2017-04-29
TNP-00825,CMT-90ddb75794d7,اللجنة الانتخابية,standing,ARP-2014,member,2016-07-26,2019-08-21
TNP-00826,CMT-3a051620fd33,لجنة التشريع العام,standing,ARP-2014,member,2016-07-02,2016-12-10
TNP-00826,CMT-4633b2874c88,لجنة الحقوق والحريّات والعلاقات الخارجية,standing,ARP-2014,assistant_rapporteur,2014-12-02,2016-07-27
TNP-00826,CMT-4633b2874c88,لجنة الحقوق والحريّات والعلاقات الخارجية,standing,ARP-2014,assistant_rapporteur,2016-09-15,2016-10-30
TNP-00826,CMT-7858621d9962,لجنة الصحة والشّؤون الاجتماعية,standing,ARP-2014,member,2016-12-13,2019-07-23
TNP-00826,CMT-894b8d7f301d,لجنة تنظيم الإدارة وشؤون القوات الحاملة للسلاح,standing,ARP-2014,member,2019-07-23,2019-10-05
TNP-00826,CMT-c19410caa909,لجنة الأمن والدفاع,standing,ARP-2014,rapporteur,2016-07-27,2019-10-05
TNP-00826,CMT-f7166b323046,لجنة التنمية الجهوية,standing,ARP-2014,member,2014-12-02,2016-12-30
TNP-00191,CMT-4633b2874c88,لجنة الحقوق والحريّات والعلاقات الخارجية,standing,ARP-2014,member,2014-12-02,2019-05-08
TNP-00191,CMT-894b8d7f301d,لجنة تنظيم الإدارة وشؤون القوات الحاملة للسلاح,standing,ARP-2014,member,2019-07-23,2019-10-05
TNP-00191,CMT-a48500711e9b,لجنة شؤون المرأة والأسرة والطفولة والشباب والمسنين,standing,ARP-2014,vice_chair,2014-12-02,2019-10-05
TNP-00828,CMT-7858621d9962,لجنة الصحة والشّؤون الاجتماعية,standing,ARP-2014,member,2016-12-13,2019-07-23
TNP-00828,CMT-f7166b323046,لجنة التنمية الجهوية,standing,ARP-2014,member,2016-12-30,2019-08-23
TNP-00199,CMT-3a051620fd33,لجنة التشريع العام,standing,ARP-2014,member,2019-07-22,2019-10-05
TNP-00199,CMT-7858621d9962,لجنة الصحة والشّؤون الاجتماعية,standing,ARP-2014,member,2014-12-02,2019-07-23
TNP-00199,CMT-535731ec7ffd,لجنة شهداء الثورة و جرحاها و تنفيذ قانون العفو العام والعدالة الانتقالية,standing,ARP-2014,member,2019-05-08,2019-10-05
TNP-00829,CMT-2bc1cee50ba8,لجنة المالية والتخطيط والتنمية,standing,ARP-2014,member,2014-12-02,2019-10-05
TNP-00058,CMT-47b4ceeab70a,لجنة الشباب والشّؤون الثقافية و التربية والبحث العلمي,standing,ARP-2014,rapporteur,2014-12-02,2019-05-08
TNP-00058,CMT-8a5b9ec83476,لجنة النظام الداخلي والحصانة والقوانين البرلمانية والقوانين الانتخابية,standing,ARP-2014,member,2019-08-23,2019-10-05
TNP-00058,CMT-a48500711e9b,لجنة شؤون المرأة والأسرة والطفولة والشباب والمسنين,standing,ARP-2014,member,2014-12-02,2019-10-05
TNP-00058,CMT-8d6af35d5cb4,لجنة التحقيق حول شبكات التجنيد التي تورطت في تسفير الشباب التونسي إلى مناطق القتال,special,ARP-2014,member,2014-12-02,2019-10-05
TNP-00830,CMT-b9e5e4367488,لجنة الصناعة والطاقة والثروات الطبيعية والبنية الأساسية والبيئة,standing,ARP-2014,member,2014-12-02,2016-04-05
TNP-00830,CMT-b9e5e4367488,لجنة الصناعة والطاقة والثروات الطبيعية والبنية الأساسية والبيئة,standing,ARP-2014,rapporteur,2016-09-14,2019-08-23
TNP-00830,CMT-47b4ceeab70a,لجنة الشباب والشّؤون الثقافية و التربية والبحث العلمي,standing,ARP-2014,member,2016-04-24,2017-05-31
TNP-00830,CMT-601d95a949aa,لجنة الإصلاح الإداري والحوكمة الرشيدة ومكافحة الفساد ومراقبة التصرف في المال العام,standing,ARP-2014,member,2014-12-02,2019-08-23
TNP-00203,CMT-cab87800ef44,لجنة الفلاحة والأمن الغذائي والتجارة والخدمات ذات الصلة,standing,ARP-2014,member,2014-12-02,2017-01-27
TNP-00203,CMT-601d95a949aa,لجنة الإصلاح الإداري والحوكمة الرشيدة ومكافحة الفساد ومراقبة التصرف في المال العام,standing,ARP-2014,member,2014-12-02,2016-12-14
TNP-00204,CMT-79ca761acaf6,اللجنة الخاصة للنّظام الدّاخلي,special,ARP-2014,rapporteur,2014-12-02,2019-10-05
TNP-00204,CMT-3a051620fd33,لجنة التشريع العام,standing,ARP-2014,member,2016-12-10,2019-07-22
TNP-00204,CMT-7858621d9962,لجنة الصحة والشّؤون الاجتماعية,standing,ARP-2014,member,2014-12-02,2016-09-14
TNP-00204,CMT-3e7af871322d,لجنة شؤون ذوي الإعاقة والفئات الهشة,standing,ARP-2014,vice_chair,2014-12-02,2019-08-23
TNP-00204,CMT-8d6af35d5cb4,لجنة التحقيق حول شبكات التجنيد التي تورطت في تسفير الشباب التونسي إلى مناطق القتال,special,ARP-2014,rapporteur,2014-12-02,2019-07-22
TNP-00831,CMT-879180464a95,اللجنة الخاصة المكلفة بالماليّة,special,ARP-2014,member,2014-12-02,2019-10-05
TNP-00831,CMT-3a051620fd33,لجنة التشريع العام,standing,ARP-2014,member,2014-12-02,2016-12-10
TNP-00831,CMT-5863460337e8,لجنة شؤون التونسيين بالخارج,standing,ARP-2014,member,2014-12-02,2017-02-17
TNP-00831,CMT-e5dff9bf0bca,"لجنة التحقيق حول موضوع الفساد المالي والتهرّب الضريبي الذي تمّ الكشف عنه في ما يسمّى ""أوراق بنما"" و مدى تورّط تونسيين في الموضوع",special,ARP-2014,member,2014-12-02,2019-10-05
TNP-00383,CMT-79ca761acaf6,اللجنة الخاصة للنّظام الدّاخلي,special,ARP-2014,member,2014-12-02,2019-10-05
TNP-00383,CMT-8a5b9ec83476,لجنة النظام الداخلي والحصانة والقوانين البرلمانية والقوانين الانتخابية,standing,ARP-2014,member,2016-12-30,2019-10-05
TNP-00383,CMT-c19410caa909,لجنة الأمن والدفاع,standing,ARP-2014,member,2019-08-21,2019-10-05
TNP-00383,CMT-90ddb75794d7,اللجنة الانتخابية,standing,ARP-2014,member,2017-01-27,2019-08-21
TNP-00208,CMT-2bc1cee50ba8,لجنة المالية والتخطيط والتنمية,standing,ARP-2014,member,2014-12-02,2017-01-16
TNP-00208,CMT-cab87800ef44,لجنة الفلاحة والأمن الغذائي والتجارة والخدمات ذات الصلة,standing,ARP-2014,member,2019-07-22,2019-10-05
TNP-00208,CMT-894b8d7f301d,لجنة تنظيم الإدارة وشؤون القوات الحاملة للسلاح,standing,ARP-2014,member,2017-04-24,2017-06-25
TNP-00208,CMT-535731ec7ffd,لجنة شهداء الثورة و جرحاها و تنفيذ قانون العفو العام والعدالة الانتقالية,standing,ARP-2014,assistant_rapporteur,2019-05-08,2019-10-05
TNP-00208,CMT-3e7af871322d,لجنة شؤون ذوي الإعاقة والفئات الهشة,standing,ARP-2014,member,2014-12-02,2016-12-30
TNP-00208,CMT-a9259327aabc,لجنة مراقبة عمليات التصويت وإحصاء الأصوات,standing,ARP-2014,member,2014-12-02,2019-10-05
TNP-00212,CMT-79ca761acaf6,اللجنة الخاصة للنّظام الدّاخلي,special,ARP-2014,assistant_rapporteur,2014-12-02,2019-10-05
TNP-00212,CMT-3a051620fd33,لجنة التشريع العام,standing,ARP-2014,vice_chair,2016-07-02,2017-04-24
TNP-00212,CMT-3a051620fd33,لجنة التشريع العام,standing,ARP-2014,vice_chair,2017-06-25,2019-07-22
TNP-00212,CMT-8a5b9ec83476,لجنة النظام الداخلي والحصانة والقوانين البرلمانية والقوانين الانتخابية,standing,ARP-2014,vice_chair,2014-12-02,2016-12-30
TNP-00212,CMT-8a5b9ec83476,لجنة النظام الداخلي والحصانة والقوانين البرلمانية والقوانين الانتخابية,standing,ARP-2014,member,2019-08-23,2019-10-05
TNP-00212,CMT-f7166b323046,لجنة التنمية الجهوية,standing,ARP-2014,member,2014-12-02,2016-12-30
TNP-00212,CMT-535731ec7ffd,لجنة شهداء الثورة و جرحاها و تنفيذ قانون العفو العام والعدالة الانتقالية,standing,ARP-2014,member,2019-05-08,2019-10-05
TNP-00212,CMT-90ddb75794d7,اللجنة الانتخابية,standing,ARP-2014,member,2017-01-27,2019-08-21
TNP-00834,CMT-3a051620fd33,لجنة التشريع العام,standing,ARP-2014,member,2017-06-25,2019-07-22
TNP-00834,CMT-4633b2874c88,لجنة الحقوق والحريّات والعلاقات الخارجية,standing,ARP-2014,member,2017-01-14,2017-06-26
TNP-00834,CMT-5863460337e8,لجنة شؤون التونسيين بالخارج,standing,ARP-2014,member,2017-02-17,2019-08-23
TNP-00835,CMT-879180464a95,اللجنة الخاصة المكلفة بالماليّة,special,ARP-2014,member,2014-12-02,2019-10-05
TNP-00835,CMT-2bc1cee50ba8,لجنة المالية والتخطيط والتنمية,standing,ARP-2014,member,2014-12-02,2015-11-13
TNP-00835,CMT-2bc1cee50ba8,لجنة المالية والتخطيط والتنمية,standing,ARP-2014,member,2016-09-14,2016-10-27
TNP-00217,CMT-47b4ceeab70a,لجنة الشباب والشّؤون الثقافية و التربية والبحث العلمي,standing,ARP-2014,member,2014-12-02,2019-10-05
TNP-00217,CMT-f7166b323046,لجنة التنمية الجهوية,standing,ARP-2014,vice_chair,2014-12-02,2019-08-23
TNP-00217,CMT-a48500711e9b,لجنة شؤون المرأة والأسرة والطفولة والشباب والمسنين,standing,ARP-2014,member,2019-05-08,2019-10-05
TNP-00836,CMT-cab87800ef44,لجنة الفلاحة والأمن الغذائي والتجارة والخدمات ذات الصلة,standing,ARP-2014,member,2014-12-02,2017-01-27
TNP-00836,CMT-47b4ceeab70a,لجنة الشباب والشّؤون الثقافية و التربية والبحث العلمي,standing,ARP-2014,chair,2019-05-08,2019-10-05
TNP-00836,CMT-8a5b9ec83476,لجنة النظام الداخلي والحصانة والقوانين البرلمانية والقوانين الانتخابية,standing,ARP-2014,member,2016-12-30,2019-08-23
TNP-00836,CMT-90ddb75794d7,اللجنة الانتخابية,standing,ARP-2014,member,2014-12-02,2019-08-21
TNP-00836,CMT-a9259327aabc,لجنة مراقبة عمليات التصويت وإحصاء الأصوات,standing,ARP-2014,member,2014-12-02,2019-10-05
TNP-00394,CMT-879180464a95,اللجنة الخاصة المكلفة بالماليّة,special,ARP-2014,member,2014-12-02,2019-10-05
TNP-00394,CMT-2bc1cee50ba8,لجنة المالية والتخطيط والتنمية,standing,ARP-2014,vice_chair,2014-12-02,2019-10-05
TNP-00394,CMT-601d95a949aa,لجنة الإصلاح الإداري والحوكمة الرشيدة ومكافحة الفساد ومراقبة التصرف في المال العام,standing,ARP-2014,member,2014-12-02,2019-10-05
TNP-00394,CMT-e1fb561ef6b9,لجنة التحقيق بخصوص تصنيف تونس ملاذا ضريبيا,special,ARP-2014,member,2014-12-02,2019-10-05
TNP-00837,CMT-879180464a95,اللجنة الخاصة المكلفة بالماليّة,special,ARP-2014,member,2014-12-02,2019-10-05
TNP-00837,CMT-cab87800ef44,لجنة الفلاحة والأمن الغذائي والتجارة والخدمات ذات الصلة,standing,ARP-2014,member,2014-12-02,2019-10-05
TNP-00837,CMT-601d95a949aa,لجنة الإصلاح الإداري والحوكمة الرشيدة ومكافحة الفساد ومراقبة التصرف في المال العام,standing,ARP-2014,member,2016-12-14,2019-10-05
TNP-00837,CMT-f7166b323046,لجنة التنمية الجهوية,standing,ARP-2014,member,2014-12-02,2016-12-30
TNP-00837,CMT-e1fb561ef6b9,لجنة التحقيق بخصوص تصنيف تونس ملاذا ضريبيا,special,ARP-2014,member,2014-12-02,2019-10-05
TNP-00838,CMT-3a051620fd33,لجنة التشريع العام,standing,ARP-2014,member,2016-12-10,2019-07-22
TNP-00838,CMT-4633b2874c88,لجنة الحقوق والحريّات والعلاقات الخارجية,standing,ARP-2014,member,2019-05-08,2019-10-05
TNP-00838,CMT-535731ec7ffd,لجنة شهداء الثورة و جرحاها و تنفيذ قانون العفو العام والعدالة الانتقالية,standing,ARP-2014,member,2017-01-13,2019-05-08
TNP-00838,CMT-90ddb75794d7,اللجنة الانتخابية,standing,ARP-2014,member,2019-08-21,2019-10-05
TNP-00221,CMT-7858621d9962,لجنة الصحة والشّؤون الاجتماعية,standing,ARP-2014,assistant_rapporteur,2014-12-02,2019-10-05
TNP-00221,CMT-535731ec7ffd,لجنة شهداء الثورة و جرحاها و تنفيذ قانون العفو العام والعدالة الانتقالية,standing,ARP-2014,member,2014-12-02,2017-01-13
TNP-00221,CMT-a48500711e9b,لجنة شؤون المرأة والأسرة والطفولة والشباب والمسنين,standing,ARP-2014,member,2016-04-24,2019-10-05
TNP-00839,CMT-3a051620fd33,لجنة التشريع العام,standing,ARP-2014,member,2014-12-02,2016-12-10
TNP-00839,CMT-3a051620fd33,لجنة التشريع العام,standing,ARP-2014,assistant_rapporteur,2019-07-22,2019-10-05
TNP-00839,CMT-cab87800ef44,لجنة الفلاحة والأمن الغذائي والتجارة والخدمات ذات الصلة,standing,ARP-2014,member,2017-01-27,2017-04-24
TNP-00839,CMT-8a5b9ec83476,لجنة النظام الداخلي والحصانة والقوانين البرلمانية والقوانين الانتخابية,standing,ARP-2014,member,2017-03-01,2019-08-23
TNP-00839,CMT-601d95a949aa,لجنة الإصلاح الإداري والحوكمة الرشيدة ومكافحة الفساد ومراقبة التصرف في المال العام,standing,ARP-2014,vice_chair,2016-04-19,2019-08-23
TNP-00839,CMT-f7166b323046,لجنة التنمية الجهوية,standing,ARP-2014,member,2014-12-02,2016-12-30
TNP-00839,CMT-e5dff9bf0bca,"لجنة التحقيق حول موضوع الفساد المالي والتهرّب الضريبي الذي تمّ الكشف عنه في ما يسمّى ""أوراق بنما"" و مدى تورّط تونسيين في الموضوع",special,ARP-2014,member,2014-12-02,2019-10-05
TNP-00548,CMT-79ca761acaf6,اللجنة الخاصة للنّظام الدّاخلي,special,ARP-2014,member,2014-12-02,2019-10-05
TNP-00548,CMT-4633b2874c88,لجنة الحقوق والحريّات والعلاقات الخارجية,standing,ARP-2014,member,2017-01-14,2017-04-24
TNP-00548,CMT-cab87800ef44,لجنة الفلاحة والأمن الغذائي والتجارة والخدمات ذات الصلة,standing,ARP-2014,member,2017-01-27,2019-07-22
TNP-00548,CMT-b9e5e4367488,لجنة الصناعة والطاقة والثروات الطبيعية والبنية الأساسية والبيئة,standing,ARP-2014,member,2019-08-23,2019-10-05
TNP-00548,CMT-8a5b9ec83476,لجنة النظام الداخلي والحصانة والقوانين البرلمانية والقوانين الانتخابية,standing,ARP-2014,member,2014-12-02,2016-12-30
TNP-00548,CMT-601d95a949aa,لجنة الإصلاح الإداري والحوكمة الرشيدة ومكافحة الفساد ومراقبة التصرف في المال العام,standing,ARP-2014,member,2014-12-02,2016-12-14
TNP-00548,CMT-601d95a949aa,لجنة الإصلاح الإداري والحوكمة الرشيدة ومكافحة الفساد ومراقبة التصرف في المال العام,standing,ARP-2014,member,2019-08-23,2019-10-05
TNP-00548,CMT-535731ec7ffd,لجنة شهداء الثورة و جرحاها و تنفيذ قانون العفو العام والعدالة الانتقالية,standing,ARP-2014,member,2017-01-13,2019-05-08
TNP-00548,CMT-e5dff9bf0bca,"لجنة التحقيق حول موضوع الفساد المالي والتهرّب الضريبي الذي تمّ الكشف عنه في ما يسمّى ""أوراق بنما"" و مدى تورّط تونسيين في الموضوع",special,ARP-2014,member,2014-12-02,2019-10-05
TNP-00840,CMT-4633b2874c88,لجنة الحقوق والحريّات والعلاقات الخارجية,standing,ARP-2014,member,2014-12-02,2017-01-14
TNP-00840,CMT-8a5b9ec83476,لجنة النظام الداخلي والحصانة والقوانين البرلمانية والقوانين الانتخابية,standing,ARP-2014,rapporteur,2016-12-30,2019-10-05
TNP-00840,CMT-a48500711e9b,لجنة شؤون المرأة والأسرة والطفولة والشباب والمسنين,standing,ARP-2014,member,2014-12-02,2017-04-29
TNP-00840,CMT-90ddb75794d7,اللجنة الانتخابية,standing,ARP-2014,member,2019-08-21,2019-10-05
TNP-00840,CMT-8d6af35d5cb4,لجنة التحقيق حول شبكات التجنيد التي تورطت في تسفير الشباب التونسي إلى مناطق القتال,special,ARP-2014,chair,2014-12-02,2019-10-05
TNP-00841,CMT-8a5b9ec83476,لجنة النظام الداخلي والحصانة والقوانين البرلمانية والقوانين الانتخابية,standing,ARP-2014,member,2014-12-02,2016-12-30
TNP-00841,CMT-90ddb75794d7,اللجنة الانتخابية,standing,ARP-2014,member,2014-12-02,2017-01-27
TNP-00842,CMT-7858621d9962,لجنة الصحة والشّؤون الاجتماعية,standing,ARP-2014,member,2016-09-14,2019-07-23
TNP-00842,CMT-8a5b9ec83476,لجنة النظام الداخلي والحصانة والقوانين البرلمانية والقوانين الانتخابية,standing,ARP-2014,member,2019-08-23,2019-10-05
TNP-00842,CMT-90ddb75794d7,اللجنة الانتخابية,standing,ARP-2014,member,2019-08-21,2019-10-05
TNP-00843,CMT-4633b2874c88,لجنة الحقوق والحريّات والعلاقات الخارجية,standing,ARP-2014,member,2014-12-02,2016-07-27
TNP-00843,CMT-4633b2874c88,لجنة الحقوق والحريّات والعلاقات الخارجية,standing,ARP-2014,member,2016-09-15,2016-10-30
TNP-00843,CMT-47b4ceeab70a,لجنة الشباب والشّؤون الثقافية و التربية والبحث العلمي,standing,ARP-2014,assistant_rapporteur,2017-05-31,2019-10-05
TNP-00843,CMT-f7166b323046,لجنة التنمية الجهوية,standing,ARP-2014,member,2016-09-14,2016-12-30
TNP-00843,CMT-535731ec7ffd,لجنة شهداء الثورة و جرحاها و تنفيذ قانون العفو العام والعدالة الانتقالية,standing,ARP-2014,member,2014-12-02,2019-05-08
TNP-00843,CMT-a48500711e9b,لجنة شؤون المرأة والأسرة والطفولة والشباب والمسنين,standing,ARP-2014,member,2019-05-08,2019-10-05
TNP-00843,CMT-8d6af35d5cb4,لجنة التحقيق حول شبكات التجنيد التي تورطت في تسفير الشباب التونسي إلى مناطق القتال,special,ARP-2014,member,2014-12-02,2019-10-05
TNP-00844,CMT-3a051620fd33,لجنة التشريع العام,standing,ARP-2014,member,2017-06-25,2019-07-22
TNP-00844,CMT-b9e5e4367488,لجنة الصناعة والطاقة والثروات الطبيعية والبنية الأساسية والبيئة,standing,ARP-2014,member,2014-12-02,2019-10-05
TNP-00844,CMT-f7166b323046,لجنة التنمية الجهوية,standing,ARP-2014,assistant_rapporteur,2016-12-30,2019-10-05
TNP-00844,CMT-535731ec7ffd,لجنة شهداء الثورة و جرحاها و تنفيذ قانون العفو العام والعدالة الانتقالية,standing,ARP-2014,rapporteur,2014-12-02,2017-01-13
TNP-00845,CMT-879180464a95,اللجنة الخاصة المكلفة بالماليّة,special,ARP-2014,member,2014-12-02,2019-10-05
TNP-00845,CMT-2bc1cee50ba8,لجنة المالية والتخطيط والتنمية,standing,ARP-2014,member,2014-12-02,2015-11-13
TNP-00845,CMT-2bc1cee50ba8,لجنة المالية والتخطيط والتنمية,standing,ARP-2014,assistant_rapporteur,2017-01-16,2019-10-05
TNP-00845,CMT-90ddb75794d7,اللجنة الانتخابية,standing,ARP-2014,member,2017-01-27,2019-08-21
TNP-00845,CMT-e1fb561ef6b9,لجنة التحقيق بخصوص تصنيف تونس ملاذا ضريبيا,special,ARP-2014,member,2014-12-02,2019-10-05
TNP-00846,CMT-3a051620fd33,لجنة التشريع العام,standing,ARP-2014,member,2014-12-02,2019-07-22
TNP-00846,CMT-8a5b9ec83476,لجنة النظام الداخلي والحصانة والقوانين البرلمانية والقوانين الانتخابية,standing,ARP-2014,member,2019-08-23,2019-10-05
TNP-00846,CMT-601d95a949aa,لجنة الإصلاح الإداري والحوكمة الرشيدة ومكافحة الفساد ومراقبة التصرف في المال العام,standing,ARP-2014,vice_chair,2014-12-02,2019-10-05
TNP-00846,CMT-8d6af35d5cb4,لجنة التحقيق حول شبكات التجنيد التي تورطت في تسفير الشباب التونسي إلى مناطق القتال,special,ARP-2014,member,2014-12-02,2019-10-05
TNP-00847,CMT-cab87800ef44,لجنة الفلاحة والأمن الغذائي والتجارة والخدمات ذات الصلة,standing,ARP-2014,member,2014-12-02,2019-07-22
TNP-00847,CMT-b9e5e4367488,لجنة الصناعة والطاقة والثروات الطبيعية والبنية الأساسية والبيئة,standing,ARP-2014,assistant_rapporteur,2019-08-23,2019-10-05
TNP-00847,CMT-f7166b323046,لجنة التنمية الجهوية,standing,ARP-2014,member,2014-12-02,2016-12-30
TNP-00847,CMT-f7166b323046,لجنة التنمية الجهوية,standing,ARP-2014,member,2019-08-23,2019-10-05
TNP-00847,CMT-e5dff9bf0bca,"لجنة التحقيق حول موضوع الفساد المالي والتهرّب الضريبي الذي تمّ الكشف عنه في ما يسمّى ""أوراق بنما"" و مدى تورّط تونسيين في الموضوع",special,ARP-2014,member,2014-12-02,2019-10-05
TNP-00848,CMT-cab87800ef44,لجنة الفلاحة والأمن الغذائي والتجارة والخدمات ذات الصلة,standing,ARP-2014,member,2014-12-02,2019-10-05
TNP-00848,CMT-601d95a949aa,لجنة الإصلاح الإداري والحوكمة الرشيدة ومكافحة الفساد ومراقبة التصرف في المال العام,standing,ARP-2014,member,2014-12-02,2016-04-19
TNP-00848,CMT-601d95a949aa,لجنة الإصلاح الإداري والحوكمة الرشيدة ومكافحة الفساد ومراقبة التصرف في المال العام,standing,ARP-2014,member,2016-09-14,2016-12-14
TNP-00227,CMT-894b8d7f301d,لجنة تنظيم الإدارة وشؤون القوات الحاملة للسلاح,standing,ARP-2014,member,2014-12-02,2019-10-05
TNP-00227,CMT-c19410caa909,لجنة الأمن والدفاع,standing,ARP-2014,member,2019-08-21,2019-10-05
TNP-00227,CMT-f7166b323046,لجنة التنمية الجهوية,standing,ARP-2014,assistant_rapporteur,2014-12-02,2019-08-23
TNP-00849,CMT-894b8d7f301d,لجنة تنظيم الإدارة وشؤون القوات الحاملة للسلاح,standing,ARP-2014,member,2014-12-02,2019-10-05
TNP-00849,CMT-535731ec7ffd,لجنة شهداء الثورة و جرحاها و تنفيذ قانون العفو العام والعدالة الانتقالية,standing,ARP-2014,member,2014-12-02,2017-01-13
TNP-00849,CMT-a48500711e9b,لجنة شؤون المرأة والأسرة والطفولة والشباب والمسنين,standing,ARP-2014,member,2019-05-08,2019-09-18
TNP-00849,CMT-5863460337e8,لجنة شؤون التونسيين بالخارج,standing,ARP-2014,chair,2017-02-17,2019-08-23
TNP-00850,CMT-cab87800ef44,لجنة الفلاحة والأمن الغذائي والتجارة والخدمات ذات الصلة,standing,ARP-2014,member,2014-12-02,2017-01-27
TNP-00850,CMT-894b8d7f301d,لجنة تنظيم الإدارة وشؤون القوات الحاملة للسلاح,standing,ARP-2014,member,2017-04-24,2019-07-23
TNP-00850,CMT-3e7af871322d,لجنة شؤون ذوي الإعاقة والفئات الهشة,standing,ARP-2014,vice_chair,2016-09-15,2016-12-30
TNP-00850,CMT-a48500711e9b,لجنة شؤون المرأة والأسرة والطفولة والشباب والمسنين,standing,ARP-2014,member,2014-12-02,2016-04-24
TNP-00850,CMT-a48500711e9b,لجنة شؤون المرأة والأسرة والطفولة والشباب والمسنين,standing,ARP-2014,member,2016-09-15,2017-04-29
TNP-00851,CMT-4633b2874c88,لجنة الحقوق والحريّات والعلاقات الخارجية,standing,ARP-2014,rapporteur,2014-12-02,2019-10-05
TNP-00851,CMT-c19410caa909,لجنة الأمن والدفاع,standing,ARP-2014,member,2014-12-02,2019-10-05
TNP-00228,CMT-4633b2874c88,لجنة الحقوق والحريّات والعلاقات الخارجية,standing,ARP-2014,member,2014-12-02,2019-10-05
TNP-00228,CMT-c19410caa909,لجنة الأمن والدفاع,standing,ARP-2014,member,2014-12-02,2019-10-05
TNP-00065,CMT-3a051620fd33,لجنة التشريع العام,standing,ARP-2014,member,2016-12-10,2017-06-25
TNP-00065,CMT-7858621d9962,لجنة الصحة والشّؤون الاجتماعية,standing,ARP-2014,assistant_rapporteur,2019-07-23,2019-10-05
TNP-00065,CMT-47b4ceeab70a,لجنة الشباب والشّؤون الثقافية و التربية والبحث العلمي,standing,ARP-2014,member,2014-12-02,2016-04-24
TNP-00065,CMT-47b4ceeab70a,لجنة الشباب والشّؤون الثقافية و التربية والبحث العلمي,standing,ARP-2014,member,2016-09-14,2017-05-31
TNP-00065,CMT-f7166b323046,لجنة التنمية الجهوية,standing,ARP-2014,member,2016-09-14,2016-12-30
TNP-00065,CMT-f7166b323046,لجنة التنمية الجهوية,standing,ARP-2014,member,2019-08-23,2019-10-05
TNP-00065,CMT-535731ec7ffd,لجنة شهداء الثورة و جرحاها و تنفيذ قانون العفو العام والعدالة الانتقالية,standing,ARP-2014,assistant_rapporteur,2019-05-08,2019-08-21
TNP-00065,CMT-a48500711e9b,لجنة شؤون المرأة والأسرة والطفولة والشباب والمسنين,standing,ARP-2014,member,2019-07-22,2019-10-05
TNP-00065,CMT-5863460337e8,لجنة شؤون التونسيين بالخارج,standing,ARP-2014,member,2017-02-17,2017-07-02
TNP-00065,CMT-90ddb75794d7,اللجنة الانتخابية,standing,ARP-2014,assistant_rapporteur,2014-12-02,2016-07-26
TNP-00065,CMT-90ddb75794d7,اللجنة الانتخابية,standing,ARP-2014,assistant_rapporteur,2016-09-14,2017-01-27
TNP-00065,CMT-8d6af35d5cb4,لجنة التحقيق حول شبكات التجنيد التي تورطت في تسفير الشباب التونسي إلى مناطق القتال,special,ARP-2014,member,2014-12-02,2019-10-05
TNP-00401,CMT-4633b2874c88,لجنة الحقوق والحريّات والعلاقات الخارجية,standing,ARP-2014,assistant_rapporteur,2014-12-02,2019-05-08
TNP-00401,CMT-b9e5e4367488,لجنة الصناعة والطاقة والثروات الطبيعية والبنية الأساسية والبيئة,standing,ARP-2014,member,2019-08-23,2019-10-05
TNP-00401,CMT-3e7af871322d,لجنة شؤون ذوي الإعاقة والفئات الهشة,standing,ARP-2014,member,2019-08-23,2019-10-05
TNP-00401,CMT-90ddb75794d7,اللجنة الانتخابية,standing,ARP-2014,member,2014-12-02,2017-01-27
TNP-00852,CMT-b9e5e4367488,لجنة الصناعة والطاقة والثروات الطبيعية والبنية الأساسية والبيئة,standing,ARP-2014,assistant_rapporteur,2014-12-02,2019-10-05
TNP-00852,CMT-601d95a949aa,لجنة الإصلاح الإداري والحوكمة الرشيدة ومكافحة الفساد ومراقبة التصرف في المال العام,standing,ARP-2014,member,2016-04-19,2019-08-23
TNP-00852,CMT-3e7af871322d,لجنة شؤون ذوي الإعاقة والفئات الهشة,standing,ARP-2014,member,2014-12-02,2016-12-30
TNP-00853,CMT-cab87800ef44,لجنة الفلاحة والأمن الغذائي والتجارة والخدمات ذات الصلة,standing,ARP-2014,member,2019-07-22,2019-10-05
TNP-00853,CMT-b9e5e4367488,لجنة الصناعة والطاقة والثروات الطبيعية والبنية الأساسية والبيئة,standing,ARP-2014,member,2014-12-02,2016-04-05
TNP-00853,CMT-b9e5e4367488,لجنة الصناعة والطاقة والثروات الطبيعية والبنية الأساسية والبيئة,standing,ARP-2014,member,2016-09-14,2017-01-27
TNP-00853,CMT-47b4ceeab70a,لجنة الشباب والشّؤون الثقافية و التربية والبحث العلمي,standing,ARP-2014,member,2017-05-31,2019-05-08
TNP-00853,CMT-8a5b9ec83476,لجنة النظام الداخلي والحصانة والقوانين البرلمانية والقوانين الانتخابية,standing,ARP-2014,member,2016-07-26,2016-12-30
TNP-00853,CMT-c19410caa909,لجنة الأمن والدفاع,standing,ARP-2014,member,2016-12-30,2019-08-21
TNP-00853,CMT-3e7af871322d,لجنة شؤون ذوي الإعاقة والفئات الهشة,standing,ARP-2014,member,2016-09-15,2016-12-30
TNP-00853,CMT-90ddb75794d7,اللجنة الانتخابية,standing,ARP-2014,member,2014-12-02,2016-07-26
TNP-00853,CMT-90ddb75794d7,اللجنة الانتخابية,standing,ARP-2014,member,2016-09-14,2017-01-27
TNP-00853,CMT-90ddb75794d7,اللجنة الانتخابية,standing,ARP-2014,assistant_rapporteur,2019-08-21,2019-10-05
TNP-00853,CMT-8d6af35d5cb4,لجنة التحقيق حول شبكات التجنيد التي تورطت في تسفير الشباب التونسي إلى مناطق القتال,special,ARP-2014,member,2014-12-02,2019-07-22
TNP-00854,CMT-79ca761acaf6,اللجنة الخاصة للنّظام الدّاخلي,special,ARP-2014,vice_chair,2014-12-02,2019-10-05
TNP-00854,CMT-2bc1cee50ba8,لجنة المالية والتخطيط والتنمية,standing,ARP-2014,chair,2014-12-02,2017-01-16
TNP-00854,CMT-3e7af871322d,لجنة شؤون ذوي الإعاقة والفئات الهشة,standing,ARP-2014,member,2014-12-02,2016-12-30
TNP-00235,CMT-7858621d9962,لجنة الصحة والشّؤون الاجتماعية,standing,ARP-2014,member,2014-12-02,2016-12-13
TNP-00235,CMT-7858621d9962,لجنة الصحة والشّؤون الاجتماعية,standing,ARP-2014,member,2019-07-23,2019-10-05
TNP-00235,CMT-601d95a949aa,لجنة الإصلاح الإداري والحوكمة الرشيدة ومكافحة الفساد ومراقبة التصرف في المال العام,standing,ARP-2014,rapporteur,2014-12-02,2016-12-14
TNP-00235,CMT-601d95a949aa,لجنة الإصلاح الإداري والحوكمة الرشيدة ومكافحة الفساد ومراقبة التصرف في المال العام,standing,ARP-2014,member,2019-08-23,2019-10-05
TNP-00235,CMT-e1fb561ef6b9,لجنة التحقيق بخصوص تصنيف تونس ملاذا ضريبيا,special,ARP-2014,member,2014-12-02,2019-10-05
TNP-00236,CMT-cab87800ef44,لجنة الفلاحة والأمن الغذائي والتجارة والخدمات ذات الصلة,standing,ARP-2014,member,2019-07-22,2019-10-05
TNP-00236,CMT-b9e5e4367488,لجنة الصناعة والطاقة والثروات الطبيعية والبنية الأساسية والبيئة,standing,ARP-2014,assistant_rapporteur,2014-12-02,2019-08-23
TNP-00236,CMT-601d95a949aa,لجنة الإصلاح الإداري والحوكمة الرشيدة ومكافحة الفساد ومراقبة التصرف في المال العام,standing,ARP-2014,assistant_rapporteur,2019-08-23,2019-10-05
TNP-00236,CMT-535731ec7ffd,لجنة شهداء الثورة و جرحاها و تنفيذ قانون العفو العام والعدالة الانتقالية,standing,ARP-2014,member,2014-12-02,2017-01-13
TNP-00236,CMT-a48500711e9b,لجنة شؤون المرأة والأسرة والطفولة والشباب والمسنين,standing,ARP-2014,member,2017-04-29,2019-05-08
TNP-00855,CMT-3a051620fd33,لجنة التشريع العام,standing,ARP-2014,member,2014-12-02,2016-07-02
TNP-00855,CMT-3a051620fd33,لجنة التشريع العام,standing,ARP-2014,member,2016-09-15,2016-12-10
TNP-00855,CMT-7858621d9962,لجنة الصحة والشّؤون الاجتماعية,standing,ARP-2014,member,2016-09-14,2019-10-05
TNP-00855,CMT-90ddb75794d7,اللجنة الانتخابية,standing,ARP-2014,assistant_rapporteur,2016-07-26,2019-08-21
TNP-00856,CMT-894b8d7f301d,لجنة تنظيم الإدارة وشؤون القوات الحاملة للسلاح,standing,ARP-2014,member,2019-07-23,2019-10-05
TNP-00857,CMT-79ca761acaf6,اللجنة الخاصة للنّظام الدّاخلي,special,ARP-2014,member,2014-12-02,2019-10-05
TNP-00857,CMT-894b8d7f301d,لجنة تنظيم الإدارة وشؤون القوات الحاملة للسلاح,standing,ARP-2014,vice_chair,2014-12-02,2019-10-05
TNP-00857,CMT-601d95a949aa,لجنة الإصلاح الإداري والحوكمة الرشيدة ومكافحة الفساد ومراقبة التصرف في المال العام,standing,ARP-2014,member,2014-12-02,2019-10-05
TNP-00857,CMT-e1fb561ef6b9,لجنة التحقيق بخصوص تصنيف تونس ملاذا ضريبيا,special,ARP-2014,member,2014-12-02,2019-10-05
TNP-00492,CMT-79ca761acaf6,اللجنة الخاصة للنّظام الدّاخلي,special,ARP-2014,member,2014-12-02,2019-10-05
TNP-00492,CMT-8a5b9ec83476,لجنة النظام الداخلي والحصانة والقوانين البرلمانية والقوانين الانتخابية,standing,ARP-2014,chair,2014-12-02,2019-08-23
TNP-00492,CMT-601d95a949aa,لجنة الإصلاح الإداري والحوكمة الرشيدة ومكافحة الفساد ومراقبة التصرف في المال العام,standing,ARP-2014,member,2014-12-02,2016-12-14
TNP-00492,CMT-3e7af871322d,لجنة شؤون ذوي الإعاقة والفئات الهشة,standing,ARP-2014,member,2016-12-30,2019-08-23
TNP-00858,CMT-3a051620fd33,لجنة التشريع العام,standing,ARP-2014,member,2019-07-22,2019-10-05
TNP-00859,CMT-47b4ceeab70a,لجنة الشباب والشّؤون الثقافية و التربية والبحث العلمي,standing,ARP-2014,assistant_rapporteur,2014-12-02,2019-08-23
TNP-00859,CMT-3e7af871322d,لجنة شؤون ذوي الإعاقة والفئات الهشة,standing,ARP-2014,rapporteur,2014-12-02,2019-10-05
TNP-00860,CMT-79ca761acaf6,اللجنة الخاصة للنّظام الدّاخلي,special,ARP-2014,member,2014-12-02,2019-10-05
TNP-00860,CMT-3a051620fd33,لجنة التشريع العام,standing,ARP-2014,chair,2019-07-22,2019-10-05
TNP-00860,CMT-4633b2874c88,لجنة الحقوق والحريّات والعلاقات الخارجية,standing,ARP-2014,member,2014-12-02,2019-05-08
TNP-00860,CMT-601d95a949aa,لجنة الإصلاح الإداري والحوكمة الرشيدة ومكافحة الفساد ومراقبة التصرف في المال العام,standing,ARP-2014,member,2014-12-02,2019-08-23
TNP-00860,CMT-535731ec7ffd,لجنة شهداء الثورة و جرحاها و تنفيذ قانون العفو العام والعدالة الانتقالية,standing,ARP-2014,member,2019-05-08,2019-10-05
TNP-00860,CMT-e5dff9bf0bca,"لجنة التحقيق حول موضوع الفساد المالي والتهرّب الضريبي الذي تمّ الكشف عنه في ما يسمّى ""أوراق بنما"" و مدى تورّط تونسيين في الموضوع",special,ARP-2014,member,2014-12-02,2019-10-05
TNP-00861,CMT-4633b2874c88,لجنة الحقوق والحريّات والعلاقات الخارجية,standing,ARP-2014,member,2019-05-08,2019-10-05
TNP-00861,CMT-b9e5e4367488,لجنة الصناعة والطاقة والثروات الطبيعية والبنية الأساسية والبيئة,standing,ARP-2014,member,2017-01-27,2019-08-23
TNP-00861,CMT-5863460337e8,لجنة شؤون التونسيين بالخارج,standing,ARP-2014,assistant_rapporteur,2017-02-17,2019-10-05
TNP-00863,CMT-894b8d7f301d,لجنة تنظيم الإدارة وشؤون القوات الحاملة للسلاح,standing,ARP-2014,assistant_rapporteur,2016-08-18,2019-07-23
TNP-00863,CMT-8a5b9ec83476,لجنة النظام الداخلي والحصانة والقوانين البرلمانية والقوانين الانتخابية,standing,ARP-2014,member,2019-08-23,2019-10-05
TNP-00863,CMT-5863460337e8,لجنة شؤون التونسيين بالخارج,standing,ARP-2014,member,2014-12-02,2019-10-05
TNP-00864,CMT-79ca761acaf6,اللجنة الخاصة للنّظام الدّاخلي,special,ARP-2014,member,2014-12-02,2019-10-05
TNP-00864,CMT-4633b2874c88,لجنة الحقوق والحريّات والعلاقات الخارجية,standing,ARP-2014,vice_chair,2017-01-14,2019-05-08
TNP-00864,CMT-894b8d7f301d,لجنة تنظيم الإدارة وشؤون القوات الحاملة للسلاح,standing,ARP-2014,member,2014-12-02,2016-08-18
TNP-00864,CMT-894b8d7f301d,لجنة تنظيم الإدارة وشؤون القوات الحاملة للسلاح,standing,ARP-2014,member,2016-09-14,2016-10-19
TNP-00864,CMT-894b8d7f301d,لجنة تنظيم الإدارة وشؤون القوات الحاملة للسلاح,standing,ARP-2014,assistant_rapporteur,2019-07-23,2019-10-05
TNP-00864,CMT-535731ec7ffd,لجنة شهداء الثورة و جرحاها و تنفيذ قانون العفو العام والعدالة الانتقالية,standing,ARP-2014,member,2014-12-02,2019-05-08
TNP-00864,CMT-90ddb75794d7,اللجنة الانتخابية,standing,ARP-2014,member,2019-08-21,2019-10-05
TNP-00865,CMT-2bc1cee50ba8,لجنة المالية والتخطيط والتنمية,standing,ARP-2014,assistant_rapporteur,2019-07-23,2019-10-05
TNP-00865,CMT-47b4ceeab70a,لجنة الشباب والشّؤون الثقافية و التربية والبحث العلمي,standing,ARP-2014,member,2014-12-02,2019-05-08
TNP-00865,CMT-c19410caa909,لجنة الأمن والدفاع,standing,ARP-2014,member,2016-12-30,2019-08-21
TNP-00865,CMT-535731ec7ffd,لجنة شهداء الثورة و جرحاها و تنفيذ قانون العفو العام والعدالة الانتقالية,standing,ARP-2014,member,2019-05-08,2019-10-05
TNP-00865,CMT-3e7af871322d,لجنة شؤون ذوي الإعاقة والفئات الهشة,standing,ARP-2014,member,2014-12-02,2016-12-30
TNP-00866,CMT-47b4ceeab70a,لجنة الشباب والشّؤون الثقافية و التربية والبحث العلمي,standing,ARP-2014,rapporteur,2014-12-02,2019-10-05
TNP-00866,CMT-f7166b323046,لجنة التنمية الجهوية,standing,ARP-2014,member,2014-12-02,2019-10-05
TNP-00867,CMT-4633b2874c88,لجنة الحقوق والحريّات والعلاقات الخارجية,standing,ARP-2014,assistant_rapporteur,2017-01-14,2019-10-05
TNP-00867,CMT-a48500711e9b,لجنة شؤون المرأة والأسرة والطفولة والشباب والمسنين,standing,ARP-2014,rapporteur,2017-04-29,2019-10-05
TNP-00867,CMT-8d6af35d5cb4,لجنة التحقيق حول شبكات التجنيد التي تورطت في تسفير الشباب التونسي إلى مناطق القتال,special,ARP-2014,member,2014-12-02,2019-10-05
TNP-00868,CMT-7858621d9962,لجنة الصحة والشّؤون الاجتماعية,standing,ARP-2014,member,2014-12-02,2016-09-14
TNP-00868,CMT-47b4ceeab70a,لجنة الشباب والشّؤون الثقافية و التربية والبحث العلمي,standing,ARP-2014,member,2016-04-24,2019-10-05
TNP-00868,CMT-601d95a949aa,لجنة الإصلاح الإداري والحوكمة الرشيدة ومكافحة الفساد ومراقبة التصرف في المال العام,standing,ARP-2014,member,2019-08-23,2019-10-05
TNP-00868,CMT-a48500711e9b,لجنة شؤون المرأة والأسرة والطفولة والشباب والمسنين,standing,ARP-2014,member,2017-04-29,2019-05-08
TNP-00869,CMT-cab87800ef44,لجنة الفلاحة والأمن الغذائي والتجارة والخدمات ذات الصلة,standing,ARP-2014,member,2019-07-22,2019-10-05
TNP-00869,CMT-8a5b9ec83476,لجنة النظام الداخلي والحصانة والقوانين البرلمانية والقوانين الانتخابية,standing,ARP-2014,member,2016-12-30,2017-03-01
TNP-00869,CMT-5863460337e8,لجنة شؤون التونسيين بالخارج,standing,ARP-2014,rapporteur,2017-02-17,2019-10-05
TNP-00869,CMT-e1fb561ef6b9,لجنة التحقيق بخصوص تصنيف تونس ملاذا ضريبيا,special,ARP-2014,rapporteur,2014-12-02,2019-10-05
TNP-00247,CMT-3a051620fd33,لجنة التشريع العام,standing,ARP-2014,vice_chair,2014-12-02,2016-12-10
TNP-00247,CMT-4633b2874c88,لجنة الحقوق والحريّات والعلاقات الخارجية,standing,ARP-2014,chair,2019-05-08,2019-10-05
TNP-00247,CMT-7858621d9962,لجنة الصحة والشّؤون الاجتماعية,standing,ARP-2014,vice_chair,2016-12-13,2019-07-23
TNP-00247,CMT-c19410caa909,لجنة الأمن والدفاع,standing,ARP-2014,member,2016-12-30,2019-10-05
TNP-00247,CMT-5863460337e8,لجنة شؤون التونسيين بالخارج,standing,ARP-2014,member,2014-12-02,2017-02-17
TNP-00870,CMT-894b8d7f301d,لجنة تنظيم الإدارة وشؤون القوات الحاملة للسلاح,standing,ARP-2014,member,2019-07-23,2019-10-05
TNP-00870,CMT-c19410caa909,لجنة الأمن والدفاع,standing,ARP-2014,vice_chair,2019-08-21,2019-10-05
TNP-00870,CMT-e5dff9bf0bca,"لجنة التحقيق حول موضوع الفساد المالي والتهرّب الضريبي الذي تمّ الكشف عنه في ما يسمّى ""أوراق بنما"" و مدى تورّط تونسيين في الموضوع",special,ARP-2014,member,2019-07-22,2019-10-05
TNP-00870,CMT-8d6af35d5cb4,لجنة التحقيق حول شبكات التجنيد التي تورطت في تسفير الشباب التونسي إلى مناطق القتال,special,ARP-2014,assistant_rapporteur,2019-07-22,2019-10-05
TNP-00871,CMT-79ca761acaf6,اللجنة الخاصة للنّظام الدّاخلي,special,ARP-2014,member,2014-12-02,2019-10-05
TNP-00871,CMT-894b8d7f301d,لجنة تنظيم الإدارة وشؤون القوات الحاملة للسلاح,standing,ARP-2014,member,2014-12-02,2017-04-24
TNP-00871,CMT-8a5b9ec83476,لجنة النظام الداخلي والحصانة والقوانين البرلمانية والقوانين الانتخابية,standing,ARP-2014,member,2016-12-30,2019-08-23
TNP-00871,CMT-c19410caa909,لجنة الأمن والدفاع,standing,ARP-2014,vice_chair,2014-12-02,2019-08-21
TNP-00871,CMT-e5dff9bf0bca,"لجنة التحقيق حول موضوع الفساد المالي والتهرّب الضريبي الذي تمّ الكشف عنه في ما يسمّى ""أوراق بنما"" و مدى تورّط تونسيين في الموضوع",special,ARP-2014,member,2014-12-02,2019-07-22
TNP-00872,CMT-2bc1cee50ba8,لجنة المالية والتخطيط والتنمية,standing,ARP-2014,member,2017-01-16,2017-05-02
TNP-00872,CMT-2bc1cee50ba8,لجنة المالية والتخطيط والتنمية,standing,ARP-2014,rapporteur,2019-07-23,2019-10-05
TNP-00872,CMT-47b4ceeab70a,لجنة الشباب والشّؤون الثقافية و التربية والبحث العلمي,standing,ARP-2014,member,2014-12-02,2017-05-31
TNP-00872,CMT-3e7af871322d,لجنة شؤون ذوي الإعاقة والفئات الهشة,standing,ARP-2014,member,2019-08-23,2019-10-05
TNP-00872,CMT-a48500711e9b,لجنة شؤون المرأة والأسرة والطفولة والشباب والمسنين,standing,ARP-2014,assistant_rapporteur,2014-12-02,2019-05-08
TNP-00872,CMT-8d6af35d5cb4,لجنة التحقيق حول شبكات التجنيد التي تورطت في تسفير الشباب التونسي إلى مناطق القتال,special,ARP-2014,member,2014-12-02,2019-10-05
TNP-00873,CMT-47b4ceeab70a,لجنة الشباب والشّؤون الثقافية و التربية والبحث العلمي,standing,ARP-2014,member,2014-12-02,2019-10-05
TNP-00873,CMT-601d95a949aa,لجنة الإصلاح الإداري والحوكمة الرشيدة ومكافحة الفساد ومراقبة التصرف في المال العام,standing,ARP-2014,member,2016-04-19,2019-10-05
TNP-00873,CMT-a48500711e9b,لجنة شؤون المرأة والأسرة والطفولة والشباب والمسنين,standing,ARP-2014,vice_chair,2014-12-02,2016-04-24
TNP-00873,CMT-a48500711e9b,لجنة شؤون المرأة والأسرة والطفولة والشباب والمسنين,standing,ARP-2014,vice_chair,2016-09-15,2017-04-29
TNP-00873,CMT-e1fb561ef6b9,لجنة التحقيق بخصوص تصنيف تونس ملاذا ضريبيا,special,ARP-2014,member,2014-12-02,2019-10-05
TNP-00874,CMT-b9e5e4367488,لجنة الصناعة والطاقة والثروات الطبيعية والبنية الأساسية والبيئة,standing,ARP-2014,member,2014-12-02,2017-06-24
TNP-00874,CMT-b9e5e4367488,لجنة الصناعة والطاقة والثروات الطبيعية والبنية الأساسية والبيئة,standing,ARP-2014,vice_chair,2019-08-23,2019-10-05
TNP-00874,CMT-f7166b323046,لجنة التنمية الجهوية,standing,ARP-2014,member,2016-09-14,2016-12-30
TNP-00874,CMT-5863460337e8,لجنة شؤون التونسيين بالخارج,standing,ARP-2014,member,2019-08-23,2019-10-05
TNP-00874,CMT-90ddb75794d7,اللجنة الانتخابية,standing,ARP-2014,member,2014-12-02,2016-07-26
TNP-00874,CMT-90ddb75794d7,اللجنة الانتخابية,standing,ARP-2014,member,2016-09-14,2017-01-27
TNP-00874,CMT-e5dff9bf0bca,"لجنة التحقيق حول موضوع الفساد المالي والتهرّب الضريبي الذي تمّ الكشف عنه في ما يسمّى ""أوراق بنما"" و مدى تورّط تونسيين في الموضوع",special,ARP-2014,member,2014-12-02,2019-10-05
TNP-00875,CMT-cab87800ef44,لجنة الفلاحة والأمن الغذائي والتجارة والخدمات ذات الصلة,standing,ARP-2014,member,2016-03-23,2019-10-05
TNP-00875,CMT-47b4ceeab70a,لجنة الشباب والشّؤون الثقافية و التربية والبحث العلمي,standing,ARP-2014,member,2014-12-02,2016-04-24
TNP-00875,CMT-47b4ceeab70a,لجنة الشباب والشّؤون الثقافية و التربية والبحث العلمي,standing,ARP-2014,member,2016-09-14,2017-05-31
TNP-00875,CMT-a48500711e9b,لجنة شؤون المرأة والأسرة والطفولة والشباب والمسنين,standing,ARP-2014,assistant_rapporteur,2014-12-02,2019-10-05
TNP-00876,CMT-2bc1cee50ba8,لجنة المالية والتخطيط والتنمية,standing,ARP-2014,member,2019-07-23,2019-10-05
TNP-00876,CMT-b9e5e4367488,لجنة الصناعة والطاقة والثروات الطبيعية والبنية الأساسية والبيئة,standing,ARP-2014,member,2017-01-27,2019-08-23
TNP-00876,CMT-894b8d7f301d,لجنة تنظيم الإدارة وشؤون القوات الحاملة للسلاح,standing,ARP-2014,member,2014-12-02,2017-04-24
TNP-00876,CMT-894b8d7f301d,لجنة تنظيم الإدارة وشؤون القوات الحاملة للسلاح,standing,ARP-2014,member,2017-06-25,2019-07-23
TNP-00876,CMT-601d95a949aa,لجنة الإصلاح الإداري والحوكمة الرشيدة ومكافحة الفساد ومراقبة التصرف في المال العام,standing,ARP-2014,member,2019-08-23,2019-10-05
TNP-00876,CMT-a48500711e9b,لجنة شؤون المرأة والأسرة والطفولة والشباب والمسنين,standing,ARP-2014,member,2014-12-02,2019-05-08
TNP-00251,CMT-4633b2874c88,لجنة الحقوق والحريّات والعلاقات الخارجية,standing,ARP-2014,member,2014-12-02,2016-10-30
TNP-00251,CMT-b9e5e4367488,لجنة الصناعة والطاقة والثروات الطبيعية والبنية الأساسية والبيئة,standing,ARP-2014,member,2017-01-27,2019-10-05
TNP-00251,CMT-c19410caa909,لجنة الأمن والدفاع,standing,ARP-2014,member,2014-12-02,2016-12-30
TNP-00251,CMT-f7166b323046,لجنة التنمية الجهوية,standing,ARP-2014,member,2019-08-23,2019-10-05
TNP-00251,CMT-90ddb75794d7,اللجنة الانتخابية,standing,ARP-2014,member,2017-01-27,2019-08-21
TNP-00251,CMT-e1fb561ef6b9,لجنة التحقيق بخصوص تصنيف تونس ملاذا ضريبيا,special,ARP-2014,member,2014-12-02,2019-10-05
TNP-00877,CMT-2bc1cee50ba8,لجنة المالية والتخطيط والتنمية,standing,ARP-2014,member,2016-04-05,2017-01-16
TNP-00877,CMT-47b4ceeab70a,لجنة الشباب والشّؤون الثقافية و التربية والبحث العلمي,standing,ARP-2014,member,2014-12-02,2016-04-24
TNP-00877,CMT-47b4ceeab70a,لجنة الشباب والشّؤون الثقافية و التربية والبحث العلمي,standing,ARP-2014,member,2016-09-14,2017-05-31
TNP-00877,CMT-47b4ceeab70a,لجنة الشباب والشّؤون الثقافية و التربية والبحث العلمي,standing,ARP-2014,member,2019-05-08,2019-10-05
TNP-00877,CMT-c19410caa909,لجنة الأمن والدفاع,standing,ARP-2014,chair,2014-12-02,2016-12-30
TNP-00877,CMT-c19410caa909,لجنة الأمن والدفاع,standing,ARP-2014,member,2019-08-21,2019-10-05
TNP-00498,CMT-79ca761acaf6,اللجنة الخاصة للنّظام الدّاخلي,special,ARP-2014,member,2014-12-02,2019-10-05
TNP-00498,CMT-894b8d7f301d,لجنة تنظيم الإدارة وشؤون القوات الحاملة للسلاح,standing,ARP-2014,assistant_rapporteur,2014-12-02,2019-10-05
TNP-00498,CMT-c19410caa909,لجنة الأمن والدفاع,standing,ARP-2014,member,2016-07-27,2019-08-21
TNP-00498,CMT-90ddb75794d7,اللجنة الانتخابية,standing,ARP-2014,member,2014-12-02,2016-07-26
TNP-00498,CMT-90ddb75794d7,اللجنة الانتخابية,standing,ARP-2014,member,2016-09-14,2017-01-27
TNP-00498,CMT-8d6af35d5cb4,لجنة التحقيق حول شبكات التجنيد التي تورطت في تسفير الشباب التونسي إلى مناطق القتال,special,ARP-2014,member,2014-12-02,2019-10-05
TNP-00254,CMT-cab87800ef44,لجنة الفلاحة والأمن الغذائي والتجارة والخدمات ذات الصلة,standing,ARP-2014,member,2014-12-02,2019-10-05
TNP-00254,CMT-f7166b323046,لجنة التنمية الجهوية,standing,ARP-2014,rapporteur,2019-08-23,2019-10-05
TNP-00254,CMT-3e7af871322d,لجنة شؤون ذوي الإعاقة والفئات الهشة,standing,ARP-2014,member,2014-12-02,2016-12-30
TNP-00254,CMT-a48500711e9b,لجنة شؤون المرأة والأسرة والطفولة والشباب والمسنين,standing,ARP-2014,member,2017-04-29,2019-05-08
TNP-00254,CMT-e5dff9bf0bca,"لجنة التحقيق حول موضوع الفساد المالي والتهرّب الضريبي الذي تمّ الكشف عنه في ما يسمّى ""أوراق بنما"" و مدى تورّط تونسيين في الموضوع",special,ARP-2014,member,2014-12-02,2019-10-05
TNP-00255,CMT-47b4ceeab70a,لجنة الشباب والشّؤون الثقافية و التربية والبحث العلمي,standing,ARP-2014,member,2014-12-02,2019-10-05
TNP-00255,CMT-5863460337e8,لجنة شؤون التونسيين بالخارج,standing,ARP-2014,member,2014-12-02,2019-10-05
TNP-00523,CMT-8a5b9ec83476,لجنة النظام الداخلي والحصانة والقوانين البرلمانية والقوانين الانتخابية,standing,ARP-2014,member,2014-12-02,2019-10-05
TNP-00523,CMT-90ddb75794d7,اللجنة الانتخابية,standing,ARP-2014,member,2014-12-02,2019-10-05
TNP-00878,CMT-cab87800ef44,لجنة الفلاحة والأمن الغذائي والتجارة والخدمات ذات الصلة,standing,ARP-2014,assistant_rapporteur,2014-12-02,2019-07-22
TNP-00878,CMT-601d95a949aa,لجنة الإصلاح الإداري والحوكمة الرشيدة ومكافحة الفساد ومراقبة التصرف في المال العام,standing,ARP-2014,member,2016-12-14,2019-08-23
TNP-00878,CMT-535731ec7ffd,لجنة شهداء الثورة و جرحاها و تنفيذ قانون العفو العام والعدالة الانتقالية,standing,ARP-2014,assistant_rapporteur,2016-09-15,2017-01-13
TNP-00879,CMT-535731ec7ffd,لجنة شهداء الثورة و جرحاها و تنفيذ قانون العفو العام والعدالة الانتقالية,standing,ARP-2014,member,2019-05-08,2019-10-05
TNP-00262,CMT-2bc1cee50ba8,لجنة المالية والتخطيط والتنمية,standing,ARP-2014,member,2019-07-23,2019-10-05
TNP-00262,CMT-5863460337e8,لجنة شؤون التونسيين بالخارج,standing,ARP-2014,member,2019-08-23,2019-10-05
TNP-00262,CMT-e1fb561ef6b9,لجنة التحقيق بخصوص تصنيف تونس ملاذا ضريبيا,special,ARP-2014,member,2014-12-02,2019-10-05
TNP-00880,CMT-2bc1cee50ba8,لجنة المالية والتخطيط والتنمية,standing,ARP-2014,member,2017-01-16,2019-07-23
TNP-00880,CMT-47b4ceeab70a,لجنة الشباب والشّؤون الثقافية و التربية والبحث العلمي,standing,ARP-2014,member,2016-04-24,2017-05-31
TNP-00881,CMT-7858621d9962,لجنة الصحة والشّؤون الاجتماعية,standing,ARP-2014,member,2014-12-02,2019-10-05
TNP-00881,CMT-535731ec7ffd,لجنة شهداء الثورة و جرحاها و تنفيذ قانون العفو العام والعدالة الانتقالية,standing,ARP-2014,member,2017-01-13,2019-10-05
TNP-00881,CMT-3e7af871322d,لجنة شؤون ذوي الإعاقة والفئات الهشة,standing,ARP-2014,member,2014-12-02,2016-12-30
TNP-00500,CMT-3a051620fd33,لجنة التشريع العام,standing,ARP-2014,member,2016-07-02,2016-12-10
TNP-00500,CMT-4633b2874c88,لجنة الحقوق والحريّات والعلاقات الخارجية,standing,ARP-2014,member,2017-01-14,2019-10-05
TNP-00500,CMT-47b4ceeab70a,لجنة الشباب والشّؤون الثقافية و التربية والبحث العلمي,standing,ARP-2014,member,2014-12-02,2016-04-24
TNP-00500,CMT-47b4ceeab70a,لجنة الشباب والشّؤون الثقافية و التربية والبحث العلمي,standing,ARP-2014,member,2016-09-14,2017-05-31
TNP-00500,CMT-3e7af871322d,لجنة شؤون ذوي الإعاقة والفئات الهشة,standing,ARP-2014,member,2019-08-23,2019-10-05
TNP-00500,CMT-a48500711e9b,لجنة شؤون المرأة والأسرة والطفولة والشباب والمسنين,standing,ARP-2014,member,2014-12-02,2019-05-08
TNP-00500,CMT-8d6af35d5cb4,لجنة التحقيق حول شبكات التجنيد التي تورطت في تسفير الشباب التونسي إلى مناطق القتال,special,ARP-2014,member,2014-12-02,2019-10-05
TNP-00882,CMT-2bc1cee50ba8,لجنة المالية والتخطيط والتنمية,standing,ARP-2014,member,2014-12-02,2017-06-02
TNP-00882,CMT-7858621d9962,لجنة الصحة والشّؤون الاجتماعية,standing,ARP-2014,member,2019-07-23,2019-10-05
TNP-00882,CMT-601d95a949aa,لجنة الإصلاح الإداري والحوكمة الرشيدة ومكافحة الفساد ومراقبة التصرف في المال العام,standing,ARP-2014,member,2014-12-02,2016-12-14
TNP-00882,CMT-3e7af871322d,لجنة شؤون ذوي الإعاقة والفئات الهشة,standing,ARP-2014,member,2019-08-23,2019-10-05
TNP-00267,CMT-2bc1cee50ba8,لجنة المالية والتخطيط والتنمية,standing,ARP-2014,member,2015-11-13,2019-07-23
TNP-00267,CMT-894b8d7f301d,لجنة تنظيم الإدارة وشؤون القوات الحاملة للسلاح,standing,ARP-2014,member,2019-07-23,2019-10-05
TNP-00267,CMT-3e7af871322d,لجنة شؤون ذوي الإعاقة والفئات الهشة,standing,ARP-2014,member,2016-12-30,2019-08-23
TNP-00883,CMT-cab87800ef44,لجنة الفلاحة والأمن الغذائي والتجارة والخدمات ذات الصلة,standing,ARP-2014,member,2017-04-24,2019-10-05
TNP-00883,CMT-5863460337e8,لجنة شؤون التونسيين بالخارج,standing,ARP-2014,member,2019-08-23,2019-10-05
TNP-00884,CMT-cab87800ef44,لجنة الفلاحة والأمن الغذائي والتجارة والخدمات ذات الصلة,standing,ARP-2014,member,2014-12-02,2016-03-23
TNP-00884,CMT-cab87800ef44,لجنة الفلاحة والأمن الغذائي والتجارة والخدمات ذات الصلة,standing,ARP-2014,member,2016-09-15,2017-01-27
TNP-00884,CMT-8a5b9ec83476,لجنة النظام الداخلي والحصانة والقوانين البرلمانية والقوانين الانتخابية,standing,ARP-2014,assistant_rapporteur,2016-12-30,2019-10-05
TNP-00884,CMT-5863460337e8,لجنة شؤون التونسيين بالخارج,standing,ARP-2014,member,2014-12-02,2019-08-23
TNP-00884,CMT-90ddb75794d7,اللجنة الانتخابية,standing,ARP-2014,member,2019-08-21,2019-10-05
TNP-00885,CMT-47b4ceeab70a,لجنة الشباب والشّؤون الثقافية و التربية والبحث العلمي,standing,ARP-2014,chair,2014-12-02,2017-05-31
TNP-00885,CMT-8a5b9ec83476,لجنة النظام الداخلي والحصانة والقوانين البرلمانية والقوانين الانتخابية,standing,ARP-2014,member,2016-12-30,2019-08-23
TNP-00885,CMT-f7166b323046,لجنة التنمية الجهوية,standing,ARP-2014,member,2014-12-02,2016-12-30
TNP-00885,CMT-535731ec7ffd,لجنة شهداء الثورة و جرحاها و تنفيذ قانون العفو العام والعدالة الانتقالية,standing,ARP-2014,member,2017-01-13,2019-05-08
TNP-00885,CMT-5863460337e8,لجنة شؤون التونسيين بالخارج,standing,ARP-2014,member,2016-09-15,2017-02-17
TNP-00886,CMT-cab87800ef44,لجنة الفلاحة والأمن الغذائي والتجارة والخدمات ذات الصلة,standing,ARP-2014,member,2014-12-02,2019-07-22
TNP-00886,CMT-894b8d7f301d,لجنة تنظيم الإدارة وشؤون القوات الحاملة للسلاح,standing,ARP-2014,member,2019-07-23,2019-10-05
TNP-00886,CMT-f7166b323046,لجنة التنمية الجهوية,standing,ARP-2014,member,2014-12-02,2019-08-23
TNP-00886,CMT-535731ec7ffd,لجنة شهداء الثورة و جرحاها و تنفيذ قانون العفو العام والعدالة الانتقالية,standing,ARP-2014,member,2019-05-08,2019-10-05
TNP-00887,CMT-879180464a95,اللجنة الخاصة المكلفة بالماليّة,special,ARP-2014,member,2014-12-02,2019-10-05
TNP-00887,CMT-2bc1cee50ba8,لجنة المالية والتخطيط والتنمية,standing,ARP-2014,member,2014-12-02,2019-10-05
TNP-00887,CMT-f7166b323046,لجنة التنمية الجهوية,standing,ARP-2014,member,2014-12-02,2016-12-30
TNP-00887,CMT-e1fb561ef6b9,لجنة التحقيق بخصوص تصنيف تونس ملاذا ضريبيا,special,ARP-2014,member,2014-12-02,2019-10-05
TNP-00888,CMT-894b8d7f301d,لجنة تنظيم الإدارة وشؤون القوات الحاملة للسلاح,standing,ARP-2014,member,2014-12-02,2019-07-23
TNP-00888,CMT-c19410caa909,لجنة الأمن والدفاع,standing,ARP-2014,member,2014-12-02,2019-08-21
TNP-00889,CMT-894b8d7f301d,لجنة تنظيم الإدارة وشؤون القوات الحاملة للسلاح,standing,ARP-2014,member,2014-12-02,2019-07-23
TNP-00889,CMT-f7166b323046,لجنة التنمية الجهوية,standing,ARP-2014,member,2019-08-23,2019-10-05
TNP-00889,CMT-535731ec7ffd,لجنة شهداء الثورة و جرحاها و تنفيذ قانون العفو العام والعدالة الانتقالية,standing,ARP-2014,member,2014-12-02,2017-01-13
TNP-00891,CMT-79ca761acaf6,اللجنة الخاصة للنّظام الدّاخلي,special,ARP-2014,member,2014-12-02,2019-10-05
TNP-00891,CMT-3a051620fd33,لجنة التشريع العام,standing,ARP-2014,assistant_rapporteur,2014-12-02,2016-07-02
TNP-00891,CMT-3a051620fd33,لجنة التشريع العام,standing,ARP-2014,assistant_rapporteur,2016-09-15,2016-12-10
TNP-00891,CMT-3a051620fd33,لجنة التشريع العام,standing,ARP-2014,assistant_rapporteur,2019-07-22,2019-10-05
TNP-00891,CMT-894b8d7f301d,لجنة تنظيم الإدارة وشؤون القوات الحاملة للسلاح,standing,ARP-2014,chair,2016-08-18,2019-07-23
TNP-00891,CMT-f7166b323046,لجنة التنمية الجهوية,standing,ARP-2014,member,2019-08-23,2019-10-05
TNP-00891,CMT-5863460337e8,لجنة شؤون التونسيين بالخارج,standing,ARP-2014,member,2017-02-17,2019-08-23
TNP-00891,CMT-90ddb75794d7,اللجنة الانتخابية,standing,ARP-2014,member,2014-12-02,2016-07-26
TNP-00891,CMT-90ddb75794d7,اللجنة الانتخابية,standing,ARP-2014,member,2016-09-14,2017-01-27
TNP-00892,CMT-879180464a95,اللجنة الخاصة المكلفة بالماليّة,special,ARP-2014,member,2014-12-02,2019-10-05
TNP-00892,CMT-2bc1cee50ba8,لجنة المالية والتخطيط والتنمية,standing,ARP-2014,member,2014-12-02,2016-10-27
TNP-00892,CMT-2bc1cee50ba8,لجنة المالية والتخطيط والتنمية,standing,ARP-2014,member,2017-01-16,2019-10-05
TNP-00892,CMT-e5dff9bf0bca,"لجنة التحقيق حول موضوع الفساد المالي والتهرّب الضريبي الذي تمّ الكشف عنه في ما يسمّى ""أوراق بنما"" و مدى تورّط تونسيين في الموضوع",special,ARP-2014,member,2014-12-02,2019-10-05
TNP-00892,CMT-e1fb561ef6b9,لجنة التحقيق بخصوص تصنيف تونس ملاذا ضريبيا,special,ARP-2014,member,2014-12-02,2019-10-05
TNP-00893,CMT-4633b2874c88,لجنة الحقوق والحريّات والعلاقات الخارجية,standing,ARP-2014,member,2014-12-02,2017-01-14
TNP-00893,CMT-2bc1cee50ba8,لجنة المالية والتخطيط والتنمية,standing,ARP-2014,member,2017-01-16,2019-10-05
TNP-00893,CMT-c19410caa909,لجنة الأمن والدفاع,standing,ARP-2014,member,2014-12-02,2016-12-30
TNP-00893,CMT-535731ec7ffd,لجنة شهداء الثورة و جرحاها و تنفيذ قانون العفو العام والعدالة الانتقالية,standing,ARP-2014,member,2017-01-13,2019-05-08
TNP-00893,CMT-3e7af871322d,لجنة شؤون ذوي الإعاقة والفئات الهشة,standing,ARP-2014,member,2019-08-23,2019-10-05
TNP-00894,CMT-7858621d9962,لجنة الصحة والشّؤون الاجتماعية,standing,ARP-2014,member,2014-12-02,2019-10-05
TNP-00894,CMT-5863460337e8,لجنة شؤون التونسيين بالخارج,standing,ARP-2014,member,2014-12-02,2017-02-17
TNP-00895,CMT-cab87800ef44,لجنة الفلاحة والأمن الغذائي والتجارة والخدمات ذات الصلة,standing,ARP-2014,member,2014-12-02,2019-07-22
TNP-00895,CMT-b9e5e4367488,لجنة الصناعة والطاقة والثروات الطبيعية والبنية الأساسية والبيئة,standing,ARP-2014,member,2019-08-23,2019-10-05
TNP-00895,CMT-601d95a949aa,لجنة الإصلاح الإداري والحوكمة الرشيدة ومكافحة الفساد ومراقبة التصرف في المال العام,standing,ARP-2014,assistant_rapporteur,2016-04-19,2019-08-23
TNP-00895,CMT-5863460337e8,لجنة شؤون التونسيين بالخارج,standing,ARP-2014,member,2014-12-02,2017-02-17
TNP-00896,CMT-47b4ceeab70a,لجنة الشباب والشّؤون الثقافية و التربية والبحث العلمي,standing,ARP-2014,member,2019-05-08,2019-10-05
TNP-00896,CMT-894b8d7f301d,لجنة تنظيم الإدارة وشؤون القوات الحاملة للسلاح,standing,ARP-2014,member,2014-12-02,2019-07-23
TNP-00896,CMT-c19410caa909,لجنة الأمن والدفاع,standing,ARP-2014,assistant_rapporteur,2016-12-30,2019-10-05
TNP-00896,CMT-601d95a949aa,لجنة الإصلاح الإداري والحوكمة الرشيدة ومكافحة الفساد ومراقبة التصرف في المال العام,standing,ARP-2014,member,2014-12-02,2016-04-19
TNP-00896,CMT-601d95a949aa,لجنة الإصلاح الإداري والحوكمة الرشيدة ومكافحة الفساد ومراقبة التصرف في المال العام,standing,ARP-2014,member,2016-09-14,2016-12-14
TNP-00896,CMT-5863460337e8,لجنة شؤون التونسيين بالخارج,standing,ARP-2014,member,2016-09-15,2017-02-17
TNP-00897,CMT-4633b2874c88,لجنة الحقوق والحريّات والعلاقات الخارجية,standing,ARP-2014,member,2017-01-14,2019-05-08
TNP-00897,CMT-7858621d9962,لجنة الصحة والشّؤون الاجتماعية,standing,ARP-2014,member,2014-12-02,2016-12-13
TNP-00897,CMT-8a5b9ec83476,لجنة النظام الداخلي والحصانة والقوانين البرلمانية والقوانين الانتخابية,standing,ARP-2014,member,2019-08-23,2019-10-05
TNP-00897,CMT-c19410caa909,لجنة الأمن والدفاع,standing,ARP-2014,member,2019-08-21,2019-10-05
TNP-00897,CMT-3e7af871322d,لجنة شؤون ذوي الإعاقة والفئات الهشة,standing,ARP-2014,member,2014-12-02,2019-08-23
TNP-00276,CMT-7858621d9962,لجنة الصحة والشّؤون الاجتماعية,standing,ARP-2014,member,2016-09-14,2019-07-23
TNP-00898,CMT-b9e5e4367488,لجنة الصناعة والطاقة والثروات الطبيعية والبنية الأساسية والبيئة,standing,ARP-2014,member,2014-12-02,2019-08-23
TNP-00898,CMT-47b4ceeab70a,لجنة الشباب والشّؤون الثقافية و التربية والبحث العلمي,standing,ARP-2014,member,2019-05-08,2019-10-05
TNP-00898,CMT-f7166b323046,لجنة التنمية الجهوية,standing,ARP-2014,member,2014-12-02,2016-12-30
TNP-00898,CMT-535731ec7ffd,لجنة شهداء الثورة و جرحاها و تنفيذ قانون العفو العام والعدالة الانتقالية,standing,ARP-2014,rapporteur,2017-01-13,2019-10-05
TNP-00900,CMT-47b4ceeab70a,لجنة الشباب والشّؤون الثقافية و التربية والبحث العلمي,standing,ARP-2014,member,2014-12-02,2019-10-05
TNP-00900,CMT-3e7af871322d,لجنة شؤون ذوي الإعاقة والفئات الهشة,standing,ARP-2014,vice_chair,2014-12-02,2019-10-05
TNP-00901,CMT-3a051620fd33,لجنة التشريع العام,standing,ARP-2014,member,2019-07-22,2019-10-05
TNP-00901,CMT-4633b2874c88,لجنة الحقوق والحريّات والعلاقات الخارجية,standing,ARP-2014,member,2014-12-02,2019-05-08
TNP-00901,CMT-c19410caa909,لجنة الأمن والدفاع,standing,ARP-2014,member,2014-12-02,2019-10-05
TNP-00902,CMT-2bc1cee50ba8,لجنة المالية والتخطيط والتنمية,standing,ARP-2014,member,2019-07-23,2019-10-05
TNP-00902,CMT-b9e5e4367488,لجنة الصناعة والطاقة والثروات الطبيعية والبنية الأساسية والبيئة,standing,ARP-2014,assistant_rapporteur,2014-12-02,2019-08-23
TNP-00902,CMT-c19410caa909,لجنة الأمن والدفاع,standing,ARP-2014,member,2019-08-21,2019-10-05
TNP-00902,CMT-f7166b323046,لجنة التنمية الجهوية,standing,ARP-2014,member,2016-09-14,2016-12-30
TNP-00902,CMT-e1fb561ef6b9,لجنة التحقيق بخصوص تصنيف تونس ملاذا ضريبيا,special,ARP-2014,member,2014-12-02,2019-10-05
TNP-00904,CMT-cab87800ef44,لجنة الفلاحة والأمن الغذائي والتجارة والخدمات ذات الصلة,standing,ARP-2014,chair,2017-01-27,2019-07-22
TNP-00904,CMT-894b8d7f301d,لجنة تنظيم الإدارة وشؤون القوات الحاملة للسلاح,standing,ARP-2014,rapporteur,2014-12-02,2017-04-24
TNP-00904,CMT-894b8d7f301d,لجنة تنظيم الإدارة وشؤون القوات الحاملة للسلاح,standing,ARP-2014,member,2019-07-23,2019-10-05
TNP-00904,CMT-f7166b323046,لجنة التنمية الجهوية,standing,ARP-2014,member,2014-12-02,2016-12-30
TNP-00904,CMT-535731ec7ffd,لجنة شهداء الثورة و جرحاها و تنفيذ قانون العفو العام والعدالة الانتقالية,standing,ARP-2014,member,2016-09-15,2017-01-13
TNP-00904,CMT-3e7af871322d,لجنة شؤون ذوي الإعاقة والفئات الهشة,standing,ARP-2014,member,2016-12-30,2019-08-23
TNP-00904,CMT-5863460337e8,لجنة شؤون التونسيين بالخارج,standing,ARP-2014,member,2019-08-23,2019-10-05
TNP-00905,CMT-894b8d7f301d,لجنة تنظيم الإدارة وشؤون القوات الحاملة للسلاح,standing,ARP-2014,member,2014-12-02,2016-08-18
TNP-00905,CMT-894b8d7f301d,لجنة تنظيم الإدارة وشؤون القوات الحاملة للسلاح,standing,ARP-2014,member,2016-09-14,2016-10-19
TNP-00905,CMT-894b8d7f301d,لجنة تنظيم الإدارة وشؤون القوات الحاملة للسلاح,standing,ARP-2014,member,2019-07-23,2019-08-27
TNP-00905,CMT-8a5b9ec83476,لجنة النظام الداخلي والحصانة والقوانين البرلمانية والقوانين الانتخابية,standing,ARP-2014,chair,2016-07-26,2019-10-05
TNP-00905,CMT-3e7af871322d,لجنة شؤون ذوي الإعاقة والفئات الهشة,standing,ARP-2014,member,2014-12-02,2019-08-23
TNP-00906,CMT-cab87800ef44,لجنة الفلاحة والأمن الغذائي والتجارة والخدمات ذات الصلة,standing,ARP-2014,member,2014-12-02,2017-06-24
TNP-00906,CMT-b9e5e4367488,لجنة الصناعة والطاقة والثروات الطبيعية والبنية الأساسية والبيئة,standing,ARP-2014,member,2017-06-24,2019-08-23
TNP-00906,CMT-535731ec7ffd,لجنة شهداء الثورة و جرحاها و تنفيذ قانون العفو العام والعدالة الانتقالية,standing,ARP-2014,member,2014-12-02,2017-01-13
TNP-00906,CMT-90ddb75794d7,اللجنة الانتخابية,standing,ARP-2014,member,2016-07-26,2017-01-27
TNP-00907,CMT-894b8d7f301d,لجنة تنظيم الإدارة وشؤون القوات الحاملة للسلاح,standing,ARP-2014,member,2014-12-02,2019-10-05
TNP-00907,CMT-c19410caa909,لجنة الأمن والدفاع,standing,ARP-2014,member,2014-12-02,2016-12-30
TNP-00907,CMT-90ddb75794d7,اللجنة الانتخابية,standing,ARP-2014,member,2017-01-27,2019-10-05
TNP-00908,CMT-79ca761acaf6,اللجنة الخاصة للنّظام الدّاخلي,special,ARP-2014,chair,2014-12-02,2019-10-05
TNP-00908,CMT-3a051620fd33,لجنة التشريع العام,standing,ARP-2014,member,2016-12-10,2019-07-22
TNP-00908,CMT-894b8d7f301d,لجنة تنظيم الإدارة وشؤون القوات الحاملة للسلاح,standing,ARP-2014,member,2019-07-23,2019-10-05
TNP-00908,CMT-8a5b9ec83476,لجنة النظام الداخلي والحصانة والقوانين البرلمانية والقوانين الانتخابية,standing,ARP-2014,member,2014-12-02,2016-12-30
TNP-00908,CMT-c19410caa909,لجنة الأمن والدفاع,standing,ARP-2014,member,2019-08-21,2019-10-05
TNP-00908,CMT-3e7af871322d,لجنة شؤون ذوي الإعاقة والفئات الهشة,standing,ARP-2014,member,2014-12-02,2016-12-30
TNP-00908,CMT-90ddb75794d7,اللجنة الانتخابية,standing,ARP-2014,rapporteur,2017-01-27,2019-08-21
TNP-00908,CMT-8d6af35d5cb4,لجنة التحقيق حول شبكات التجنيد التي تورطت في تسفير الشباب التونسي إلى مناطق القتال,special,ARP-2014,member,2014-12-02,2019-10-05
TNP-00285,CMT-b9e5e4367488,لجنة الصناعة والطاقة والثروات الطبيعية والبنية الأساسية والبيئة,standing,ARP-2014,member,2014-12-02,2019-10-05
TNP-00285,CMT-c19410caa909,لجنة الأمن والدفاع,standing,ARP-2014,rapporteur,2014-12-02,2016-12-30
TNP-00285,CMT-535731ec7ffd,لجنة شهداء الثورة و جرحاها و تنفيذ قانون العفو العام والعدالة الانتقالية,standing,ARP-2014,member,2017-01-13,2019-10-05
TNP-00285,CMT-8d6af35d5cb4,لجنة التحقيق حول شبكات التجنيد التي تورطت في تسفير الشباب التونسي إلى مناطق القتال,special,ARP-2014,member,2014-12-02,2019-10-05
TNP-00909,CMT-2bc1cee50ba8,لجنة المالية والتخطيط والتنمية,standing,ARP-2014,vice_chair,2014-12-02,2016-04-05
TNP-00909,CMT-2bc1cee50ba8,لجنة المالية والتخطيط والتنمية,standing,ARP-2014,vice_chair,2016-09-14,2016-10-27
TNP-00909,CMT-f7166b323046,لجنة التنمية الجهوية,standing,ARP-2014,member,2014-12-02,2016-12-30
TNP-00910,CMT-2bc1cee50ba8,لجنة المالية والتخطيط والتنمية,standing,ARP-2014,member,2016-04-05,2019-10-05
TNP-00910,CMT-b9e5e4367488,لجنة الصناعة والطاقة والثروات الطبيعية والبنية الأساسية والبيئة,standing,ARP-2014,vice_chair,2014-12-02,2016-04-05
TNP-00910,CMT-b9e5e4367488,لجنة الصناعة والطاقة والثروات الطبيعية والبنية الأساسية والبيئة,standing,ARP-2014,vice_chair,2016-09-14,2017-01-27
TNP-00910,CMT-f7166b323046,لجنة التنمية الجهوية,standing,ARP-2014,member,2016-09-14,2019-08-23
TNP-00910,CMT-5863460337e8,لجنة شؤون التونسيين بالخارج,standing,ARP-2014,member,2019-08-23,2019-10-05
TNP-00911,CMT-3a051620fd33,لجنة التشريع العام,standing,ARP-2014,member,2014-12-02,2016-12-10
TNP-00911,CMT-47b4ceeab70a,لجنة الشباب والشّؤون الثقافية و التربية والبحث العلمي,standing,ARP-2014,member,2017-05-31,2019-05-08
TNP-00911,CMT-f7166b323046,لجنة التنمية الجهوية,standing,ARP-2014,chair,2014-12-02,2016-12-30
TNP-00911,CMT-535731ec7ffd,لجنة شهداء الثورة و جرحاها و تنفيذ قانون العفو العام والعدالة الانتقالية,standing,ARP-2014,member,2016-09-15,2019-05-08
TNP-00911,CMT-e5dff9bf0bca,"لجنة التحقيق حول موضوع الفساد المالي والتهرّب الضريبي الذي تمّ الكشف عنه في ما يسمّى ""أوراق بنما"" و مدى تورّط تونسيين في الموضوع",special,ARP-2014,member,2014-12-02,2019-10-05
TNP-00912,CMT-879180464a95,اللجنة الخاصة المكلفة بالماليّة,special,ARP-2014,member,2014-12-02,2019-10-05
TNP-00912,CMT-2bc1cee50ba8,لجنة المالية والتخطيط والتنمية,standing,ARP-2014,member,2014-12-02,2016-04-05
TNP-00912,CMT-2bc1cee50ba8,لجنة المالية والتخطيط والتنمية,standing,ARP-2014,member,2016-09-14,2016-10-27
TNP-00912,CMT-2bc1cee50ba8,لجنة المالية والتخطيط والتنمية,standing,ARP-2014,member,2019-07-23,2019-10-05
TNP-00912,CMT-f7166b323046,لجنة التنمية الجهوية,standing,ARP-2014,member,2014-12-02,2016-12-30
TNP-00912,CMT-90ddb75794d7,اللجنة الانتخابية,standing,ARP-2014,member,2019-08-21,2019-10-05
TNP-00912,CMT-e5dff9bf0bca,"لجنة التحقيق حول موضوع الفساد المالي والتهرّب الضريبي الذي تمّ الكشف عنه في ما يسمّى ""أوراق بنما"" و مدى تورّط تونسيين في الموضوع",special,ARP-2014,member,2014-12-02,2019-10-05
TNP-00289,CMT-879180464a95,اللجنة الخاصة المكلفة بالماليّة,special,ARP-2014,assistant_rapporteur,2014-12-02,2019-10-05
TNP-00289,CMT-2bc1cee50ba8,لجنة المالية والتخطيط والتنمية,standing,ARP-2014,chair,2014-12-02,2019-10-05
TNP-00289,CMT-c19410caa909,لجنة الأمن والدفاع,standing,ARP-2014,member,2014-12-02,2016-07-27
TNP-00289,CMT-c19410caa909,لجنة الأمن والدفاع,standing,ARP-2014,member,2016-09-14,2016-12-30
TNP-00289,CMT-601d95a949aa,لجنة الإصلاح الإداري والحوكمة الرشيدة ومكافحة الفساد ومراقبة التصرف في المال العام,standing,ARP-2014,member,2016-04-19,2019-10-05
TNP-00289,CMT-8d6af35d5cb4,لجنة التحقيق حول شبكات التجنيد التي تورطت في تسفير الشباب التونسي إلى مناطق القتال,special,ARP-2014,vice_chair,2014-12-02,2019-10-05
TNP-00289,CMT-e1fb561ef6b9,لجنة التحقيق بخصوص تصنيف تونس ملاذا ضريبيا,special,ARP-2014,member,2014-12-02,2019-10-05
TNP-00913,CMT-894b8d7f301d,لجنة تنظيم الإدارة وشؤون القوات الحاملة للسلاح,standing,ARP-2014,member,2017-04-24,2019-10-05
TNP-00913,CMT-8a5b9ec83476,لجنة النظام الداخلي والحصانة والقوانين البرلمانية والقوانين الانتخابية,standing,ARP-2014,member,2014-12-02,2016-12-30
TNP-00913,CMT-c19410caa909,لجنة الأمن والدفاع,standing,ARP-2014,assistant_rapporteur,2014-12-02,2016-12-30
TNP-00913,CMT-601d95a949aa,لجنة الإصلاح الإداري والحوكمة الرشيدة ومكافحة الفساد ومراقبة التصرف في المال العام,standing,ARP-2014,chair,2016-12-14,2019-10-05
TNP-00914,CMT-3a051620fd33,لجنة التشريع العام,standing,ARP-2014,vice_chair,2019-07-22,2019-10-05
TNP-00914,CMT-8a5b9ec83476,لجنة النظام الداخلي والحصانة والقوانين البرلمانية والقوانين الانتخابية,standing,ARP-2014,member,2014-12-02,2019-08-23
TNP-00914,CMT-90ddb75794d7,اللجنة الانتخابية,standing,ARP-2014,vice_chair,2014-12-02,2019-08-21
TNP-00915,CMT-3a051620fd33,لجنة التشريع العام,standing,ARP-2014,member,2014-12-02,2019-10-05
TNP-00915,CMT-3e7af871322d,لجنة شؤون ذوي الإعاقة والفئات الهشة,standing,ARP-2014,member,2014-12-02,2019-10-05
TNP-00915,CMT-a48500711e9b,لجنة شؤون المرأة والأسرة والطفولة والشباب والمسنين,standing,ARP-2014,member,2019-05-08,2019-09-18
TNP-00295,CMT-79ca761acaf6,اللجنة الخاصة للنّظام الدّاخلي,special,ARP-2014,member,2014-12-02,2019-10-05
TNP-00295,CMT-4633b2874c88,لجنة الحقوق والحريّات والعلاقات الخارجية,standing,ARP-2014,member,2014-12-02,2016-07-27
TNP-00295,CMT-4633b2874c88,لجنة الحقوق والحريّات والعلاقات الخارجية,standing,ARP-2014,member,2016-09-15,2016-10-30
TNP-00295,CMT-8a5b9ec83476,لجنة النظام الداخلي والحصانة والقوانين البرلمانية والقوانين الانتخابية,standing,ARP-2014,member,2016-07-26,2017-03-01
TNP-00295,CMT-8a5b9ec83476,لجنة النظام الداخلي والحصانة والقوانين البرلمانية والقوانين الانتخابية,standing,ARP-2014,member,2019-08-23,2019-10-05
TNP-00295,CMT-c19410caa909,لجنة الأمن والدفاع,standing,ARP-2014,member,2014-12-02,2016-07-27
TNP-00295,CMT-c19410caa909,لجنة الأمن والدفاع,standing,ARP-2014,member,2016-09-14,2019-08-21
TNP-00295,CMT-3e7af871322d,لجنة شؤون ذوي الإعاقة والفئات الهشة,standing,ARP-2014,member,2019-08-23,2019-10-05
TNP-00295,CMT-90ddb75794d7,اللجنة الانتخابية,standing,ARP-2014,member,2016-07-26,2017-01-27
TNP-00145,CMT-b9e5e4367488,لجنة الصناعة والطاقة والثروات الطبيعية والبنية الأساسية والبيئة,standing,ARP-2014,member,2019-08-23,2019-10-05
TNP-00145,CMT-47b4ceeab70a,لجنة الشباب والشّؤون الثقافية و التربية والبحث العلمي,standing,ARP-2014,member,2014-12-02,2019-05-08
TNP-00145,CMT-f7166b323046,لجنة التنمية الجهوية,standing,ARP-2014,member,2014-12-02,2019-08-23
TNP-00145,CMT-90ddb75794d7,اللجنة الانتخابية,standing,ARP-2014,chair,2019-08-21,2019-10-05
TNP-00916,CMT-3a051620fd33,لجنة التشريع العام,standing,ARP-2014,member,2016-12-10,2019-10-05
TNP-00916,CMT-cab87800ef44,لجنة الفلاحة والأمن الغذائي والتجارة والخدمات ذات الصلة,standing,ARP-2014,member,2016-03-23,2017-01-27
TNP-00917,CMT-7858621d9962,لجنة الصحة والشّؤون الاجتماعية,standing,ARP-2014,member,2014-12-02,2016-09-14
TNP-00917,CMT-8a5b9ec83476,لجنة النظام الداخلي والحصانة والقوانين البرلمانية والقوانين الانتخابية,standing,ARP-2014,rapporteur,2016-07-26,2019-08-23
TNP-00917,CMT-3e7af871322d,لجنة شؤون ذوي الإعاقة والفئات الهشة,standing,ARP-2014,member,2016-09-15,2019-08-23
TNP-00917,CMT-5863460337e8,لجنة شؤون التونسيين بالخارج,standing,ARP-2014,assistant_rapporteur,2014-12-02,2017-02-17
TNP-00918,CMT-4633b2874c88,لجنة الحقوق والحريّات والعلاقات الخارجية,standing,ARP-2014,member,2016-07-27,2019-10-05
TNP-00918,CMT-8a5b9ec83476,لجنة النظام الداخلي والحصانة والقوانين البرلمانية والقوانين الانتخابية,standing,ARP-2014,member,2014-12-02,2016-12-30
TNP-00918,CMT-5863460337e8,لجنة شؤون التونسيين بالخارج,standing,ARP-2014,vice_chair,2014-12-02,2019-10-05
TNP-00919,CMT-3a051620fd33,لجنة التشريع العام,standing,ARP-2014,assistant_rapporteur,2014-12-02,2016-12-10
TNP-00919,CMT-3a051620fd33,لجنة التشريع العام,standing,ARP-2014,assistant_rapporteur,2017-06-25,2019-07-22
TNP-00919,CMT-cab87800ef44,لجنة الفلاحة والأمن الغذائي والتجارة والخدمات ذات الصلة,standing,ARP-2014,assistant_rapporteur,2019-07-22,2019-10-05
TNP-00919,CMT-c19410caa909,لجنة الأمن والدفاع,standing,ARP-2014,member,2014-12-02,2016-07-27
TNP-00919,CMT-c19410caa909,لجنة الأمن والدفاع,standing,ARP-2014,member,2016-09-14,2016-12-30
TNP-00919,CMT-3e7af871322d,لجنة شؤون ذوي الإعاقة والفئات الهشة,standing,ARP-2014,member,2016-09-15,2019-08-23
TNP-00299,CMT-879180464a95,اللجنة الخاصة المكلفة بالماليّة,special,ARP-2014,member,2014-12-02,2019-10-05
TNP-00299,CMT-4633b2874c88,لجنة الحقوق والحريّات والعلاقات الخارجية,standing,ARP-2014,vice_chair,2014-12-02,2016-07-27
TNP-00299,CMT-4633b2874c88,لجنة الحقوق والحريّات والعلاقات الخارجية,standing,ARP-2014,vice_chair,2016-09-15,2016-10-30
TNP-00299,CMT-4633b2874c88,لجنة الحقوق والحريّات والعلاقات الخارجية,standing,ARP-2014,member,2017-01-14,2019-10-05
TNP-00299,CMT-cab87800ef44,لجنة الفلاحة والأمن الغذائي والتجارة والخدمات ذات الصلة,standing,ARP-2014,member,2017-01-27,2017-04-24
TNP-00920,CMT-47b4ceeab70a,لجنة الشباب والشّؤون الثقافية و التربية والبحث العلمي,standing,ARP-2014,member,2014-12-02,2019-10-05
TNP-00920,CMT-3e7af871322d,لجنة شؤون ذوي الإعاقة والفئات الهشة,standing,ARP-2014,member,2019-08-23,2019-10-05
TNP-00920,CMT-a48500711e9b,لجنة شؤون المرأة والأسرة والطفولة والشباب والمسنين,standing,ARP-2014,member,2014-12-02,2019-05-08
TNP-00301,CMT-79ca761acaf6,اللجنة الخاصة للنّظام الدّاخلي,special,ARP-2014,member,2014-12-02,2019-10-05
TNP-00301,CMT-3a051620fd33,لجنة التشريع العام,standing,ARP-2014,member,2014-12-02,2016-07-02
TNP-00301,CMT-3a051620fd33,لجنة التشريع العام,standing,ARP-2014,member,2016-09-15,2016-12-10
TNP-00301,CMT-8a5b9ec83476,لجنة النظام الداخلي والحصانة والقوانين البرلمانية والقوانين الانتخابية,standing,ARP-2014,vice_chair,2019-08-23,2019-10-05
TNP-00301,CMT-5863460337e8,لجنة شؤون التونسيين بالخارج,standing,ARP-2014,member,2019-08-23,2019-10-05
TNP-00303,CMT-47b4ceeab70a,لجنة الشباب والشّؤون الثقافية و التربية والبحث العلمي,standing,ARP-2014,member,2019-05-08,2019-10-05
TNP-00303,CMT-601d95a949aa,لجنة الإصلاح الإداري والحوكمة الرشيدة ومكافحة الفساد ومراقبة التصرف في المال العام,standing,ARP-2014,member,2019-08-23,2019-10-05
TNP-00921,CMT-e5dff9bf0bca,"لجنة التحقيق حول موضوع الفساد المالي والتهرّب الضريبي الذي تمّ الكشف عنه في ما يسمّى ""أوراق بنما"" و مدى تورّط تونسيين في الموضوع",special,ARP-2014,member,2014-12-02,2019-10-05
TNP-00305,CMT-3a051620fd33,لجنة التشريع العام,standing,ARP-2014,member,2016-12-10,2019-07-22
TNP-00305,CMT-2bc1cee50ba8,لجنة المالية والتخطيط والتنمية,standing,ARP-2014,member,2019-07-23,2019-10-05
TNP-00305,CMT-8a5b9ec83476,لجنة النظام الداخلي والحصانة والقوانين البرلمانية والقوانين الانتخابية,standing,ARP-2014,member,2014-12-02,2016-12-30
TNP-00305,CMT-601d95a949aa,لجنة الإصلاح الإداري والحوكمة الرشيدة ومكافحة الفساد ومراقبة التصرف في المال العام,standing,ARP-2014,member,2016-12-14,2019-08-23
TNP-00305,CMT-3e7af871322d,لجنة شؤون ذوي الإعاقة والفئات الهشة,standing,ARP-2014,member,2014-12-02,2016-12-30
TNP-00543,CMT-879180464a95,اللجنة الخاصة المكلفة بالماليّة,special,ARP-2014,assistant_rapporteur,2014-12-02,2019-10-05
TNP-00922,CMT-7858621d9962,لجنة الصحة والشّؤون الاجتماعية,standing,ARP-2014,member,2016-09-14,2019-10-05
TNP-00922,CMT-a48500711e9b,لجنة شؤون المرأة والأسرة والطفولة والشباب والمسنين,standing,ARP-2014,member,2016-04-24,2019-10-05
TNP-00923,CMT-3a051620fd33,لجنة التشريع العام,standing,ARP-2014,assistant_rapporteur,2014-12-02,2016-12-10
TNP-00923,CMT-2bc1cee50ba8,لجنة المالية والتخطيط والتنمية,standing,ARP-2014,member,2017-06-02,2019-07-23
TNP-00923,CMT-c19410caa909,لجنة الأمن والدفاع,standing,ARP-2014,member,2016-07-27,2016-12-30
TNP-00923,CMT-535731ec7ffd,لجنة شهداء الثورة و جرحاها و تنفيذ قانون العفو العام والعدالة الانتقالية,standing,ARP-2014,member,2014-12-02,2017-01-13
TNP-00309,CMT-3a051620fd33,لجنة التشريع العام,standing,ARP-2014,member,2014-12-02,2019-10-05
TNP-00309,CMT-535731ec7ffd,لجنة شهداء الثورة و جرحاها و تنفيذ قانون العفو العام والعدالة الانتقالية,standing,ARP-2014,member,2017-01-13,2019-10-05
TNP-00309,CMT-a48500711e9b,لجنة شؤون المرأة والأسرة والطفولة والشباب والمسنين,standing,ARP-2014,member,2014-12-02,2017-04-29
TNP-00544,CMT-4633b2874c88,لجنة الحقوق والحريّات والعلاقات الخارجية,standing,ARP-2014,member,2019-05-08,2019-10-05
TNP-00544,CMT-f7166b323046,لجنة التنمية الجهوية,standing,ARP-2014,vice_chair,2019-08-23,2019-10-05
TNP-00544,CMT-a9259327aabc,لجنة مراقبة عمليات التصويت وإحصاء الأصوات,standing,ARP-2014,member,2014-12-02,2019-10-05
TNP-00924,CMT-8a5b9ec83476,لجنة النظام الداخلي والحصانة والقوانين البرلمانية والقوانين الانتخابية,standing,ARP-2014,member,2014-12-02,2019-10-05
TNP-00924,CMT-90ddb75794d7,اللجنة الانتخابية,standing,ARP-2014,member,2017-01-27,2019-10-05
TNP-00925,CMT-3a051620fd33,لجنة التشريع العام,standing,ARP-2014,member,2016-07-02,2019-07-22
TNP-00925,CMT-7858621d9962,لجنة الصحة والشّؤون الاجتماعية,standing,ARP-2014,member,2019-07-23,2019-10-05
TNP-00925,CMT-8a5b9ec83476,لجنة النظام الداخلي والحصانة والقوانين البرلمانية والقوانين الانتخابية,standing,ARP-2014,member,2016-07-26,2016-12-30
TNP-00925,CMT-a48500711e9b,لجنة شؤون المرأة والأسرة والطفولة والشباب والمسنين,standing,ARP-2014,member,2016-04-24,2019-05-08
TNP-00925,CMT-5863460337e8,لجنة شؤون التونسيين بالخارج,standing,ARP-2014,member,2019-08-23,2019-10-05
TNP-00926,CMT-879180464a95,اللجنة الخاصة المكلفة بالماليّة,special,ARP-2014,rapporteur,2014-12-02,2019-10-05
TNP-00926,CMT-2bc1cee50ba8,لجنة المالية والتخطيط والتنمية,standing,ARP-2014,member,2014-12-02,2019-07-23
TNP-00926,CMT-601d95a949aa,لجنة الإصلاح الإداري والحوكمة الرشيدة ومكافحة الفساد ومراقبة التصرف في المال العام,standing,ARP-2014,member,2014-12-02,2016-04-19
TNP-00926,CMT-601d95a949aa,لجنة الإصلاح الإداري والحوكمة الرشيدة ومكافحة الفساد ومراقبة التصرف في المال العام,standing,ARP-2014,member,2016-09-14,2016-12-14
TNP-00926,CMT-a48500711e9b,لجنة شؤون المرأة والأسرة والطفولة والشباب والمسنين,standing,ARP-2014,member,2016-04-24,2017-04-29
TNP-00926,CMT-e1fb561ef6b9,لجنة التحقيق بخصوص تصنيف تونس ملاذا ضريبيا,special,ARP-2014,member,2014-12-02,2019-10-05
TNP-00927,CMT-879180464a95,اللجنة الخاصة المكلفة بالماليّة,special,ARP-2014,member,2014-12-02,2019-10-05
TNP-00927,CMT-2bc1cee50ba8,لجنة المالية والتخطيط والتنمية,standing,ARP-2014,member,2014-12-02,2016-04-05
TNP-00927,CMT-2bc1cee50ba8,لجنة المالية والتخطيط والتنمية,standing,ARP-2014,member,2016-09-14,2016-10-27
TNP-00927,CMT-2bc1cee50ba8,لجنة المالية والتخطيط والتنمية,standing,ARP-2014,member,2017-06-02,2019-10-05
TNP-00927,CMT-8a5b9ec83476,لجنة النظام الداخلي والحصانة والقوانين البرلمانية والقوانين الانتخابية,standing,ARP-2014,member,2016-07-26,2017-05-25
TNP-00927,CMT-601d95a949aa,لجنة الإصلاح الإداري والحوكمة الرشيدة ومكافحة الفساد ومراقبة التصرف في المال العام,standing,ARP-2014,member,2016-04-19,2016-12-14
TNP-00927,CMT-f7166b323046,لجنة التنمية الجهوية,standing,ARP-2014,chair,2016-12-30,2019-08-23
TNP-00927,CMT-535731ec7ffd,لجنة شهداء الثورة و جرحاها و تنفيذ قانون العفو العام والعدالة الانتقالية,standing,ARP-2014,chair,2019-05-08,2019-10-05
TNP-00927,CMT-3e7af871322d,لجنة شؤون ذوي الإعاقة والفئات الهشة,standing,ARP-2014,member,2014-12-02,2016-12-30
TNP-00927,CMT-a9259327aabc,لجنة مراقبة عمليات التصويت وإحصاء الأصوات,standing,ARP-2014,member,2014-12-02,2019-10-05
TNP-00375,CMT-2bc1cee50ba8,لجنة المالية والتخطيط والتنمية,standing,ARP-2014,member,2014-12-02,2017-01-16
TNP-00375,CMT-c19410caa909,لجنة الأمن والدفاع,standing,ARP-2014,member,2016-12-30,2019-08-21
TNP-00375,CMT-535731ec7ffd,لجنة شهداء الثورة و جرحاها و تنفيذ قانون العفو العام والعدالة الانتقالية,standing,ARP-2014,member,2014-12-02,2017-01-13
TNP-00375,CMT-8d6af35d5cb4,لجنة التحقيق حول شبكات التجنيد التي تورطت في تسفير الشباب التونسي إلى مناطق القتال,special,ARP-2014,member,2014-12-02,2019-07-22
TNP-00929,CMT-4633b2874c88,لجنة الحقوق والحريّات والعلاقات الخارجية,standing,ARP-2014,member,2014-12-02,2016-07-27
TNP-00929,CMT-4633b2874c88,لجنة الحقوق والحريّات والعلاقات الخارجية,standing,ARP-2014,member,2016-09-15,2016-10-30
TNP-00929,CMT-4633b2874c88,لجنة الحقوق والحريّات والعلاقات الخارجية,standing,ARP-2014,member,2017-01-14,2019-10-05
TNP-00929,CMT-f7166b323046,لجنة التنمية الجهوية,standing,ARP-2014,member,2016-12-30,2019-10-05
TNP-00929,CMT-90ddb75794d7,اللجنة الانتخابية,standing,ARP-2014,member,2016-07-26,2017-01-27
TNP-00930,CMT-7858621d9962,لجنة الصحة والشّؤون الاجتماعية,standing,ARP-2014,member,2014-12-02,2016-09-14
TNP-00930,CMT-7858621d9962,لجنة الصحة والشّؤون الاجتماعية,standing,ARP-2014,member,2016-12-13,2019-10-05
TNP-00930,CMT-3e7af871322d,لجنة شؤون ذوي الإعاقة والفئات الهشة,standing,ARP-2014,member,2016-12-30,2019-08-23
TNP-00930,CMT-a48500711e9b,لجنة شؤون المرأة والأسرة والطفولة والشباب والمسنين,standing,ARP-2014,assistant_rapporteur,2014-12-02,2017-04-29
TNP-00931,CMT-79ca761acaf6,اللجنة الخاصة للنّظام الدّاخلي,special,ARP-2014,member,2014-12-02,2019-10-05
TNP-00931,CMT-3a051620fd33,لجنة التشريع العام,standing,ARP-2014,member,2019-07-22,2019-10-05
TNP-00931,CMT-4633b2874c88,لجنة الحقوق والحريّات والعلاقات الخارجية,standing,ARP-2014,member,2014-12-02,2017-01-14
TNP-00931,CMT-8a5b9ec83476,لجنة النظام الداخلي والحصانة والقوانين البرلمانية والقوانين الانتخابية,standing,ARP-2014,member,2016-12-30,2019-08-23
TNP-00931,CMT-5863460337e8,لجنة شؤون التونسيين بالخارج,standing,ARP-2014,chair,2014-12-02,2019-10-05
TNP-00111,CMT-8a5b9ec83476,لجنة النظام الداخلي والحصانة والقوانين البرلمانية والقوانين الانتخابية,standing,ARP-2014,member,2014-12-02,2016-12-30
TNP-00111,CMT-5863460337e8,لجنة شؤون التونسيين بالخارج,standing,ARP-2014,member,2014-12-02,2019-10-05
TNP-00111,CMT-e1fb561ef6b9,لجنة التحقيق بخصوص تصنيف تونس ملاذا ضريبيا,special,ARP-2014,vice_chair,2014-12-02,2019-10-05
TNP-00932,CMT-b9e5e4367488,لجنة الصناعة والطاقة والثروات الطبيعية والبنية الأساسية والبيئة,standing,ARP-2014,member,2014-12-02,2017-01-27
TNP-00932,CMT-c19410caa909,لجنة الأمن والدفاع,standing,ARP-2014,member,2014-12-02,2016-12-30
TNP-00319,CMT-7858621d9962,لجنة الصحة والشّؤون الاجتماعية,standing,ARP-2014,member,2014-12-02,2019-10-05
TNP-00319,CMT-5863460337e8,لجنة شؤون التونسيين بالخارج,standing,ARP-2014,member,2014-12-02,2017-02-17
TNP-00115,CMT-7858621d9962,لجنة الصحة والشّؤون الاجتماعية,standing,ARP-2014,member,2014-12-02,2016-09-14
TNP-00115,CMT-47b4ceeab70a,لجنة الشباب والشّؤون الثقافية و التربية والبحث العلمي,standing,ARP-2014,member,2017-05-31,2019-10-05
TNP-00115,CMT-f7166b323046,لجنة التنمية الجهوية,standing,ARP-2014,assistant_rapporteur,2014-12-02,2019-08-23
TNP-00933,CMT-3a051620fd33,لجنة التشريع العام,standing,ARP-2014,assistant_rapporteur,2016-12-10,2017-06-25
TNP-00933,CMT-4633b2874c88,لجنة الحقوق والحريّات والعلاقات الخارجية,standing,ARP-2014,member,2014-12-02,2016-10-30
TNP-00933,CMT-c19410caa909,لجنة الأمن والدفاع,standing,ARP-2014,vice_chair,2016-07-27,2016-12-30
TNP-00933,CMT-535731ec7ffd,لجنة شهداء الثورة و جرحاها و تنفيذ قانون العفو العام والعدالة الانتقالية,standing,ARP-2014,member,2014-12-02,2016-09-15
TNP-00933,CMT-535731ec7ffd,لجنة شهداء الثورة و جرحاها و تنفيذ قانون العفو العام والعدالة الانتقالية,standing,ARP-2014,member,2017-01-13,2019-05-08
TNP-00430,CMT-3a051620fd33,لجنة التشريع العام,standing,ARP-2014,member,2014-12-02,2016-12-10
TNP-00430,CMT-2bc1cee50ba8,لجنة المالية والتخطيط والتنمية,standing,ARP-2014,member,2017-01-16,2019-10-05
TNP-00430,CMT-3e7af871322d,لجنة شؤون ذوي الإعاقة والفئات الهشة,standing,ARP-2014,assistant_rapporteur,2016-12-30,2019-08-23
TNP-00430,CMT-a48500711e9b,لجنة شؤون المرأة والأسرة والطفولة والشباب والمسنين,standing,ARP-2014,member,2019-05-08,2019-10-05
TNP-00430,CMT-90ddb75794d7,اللجنة الانتخابية,standing,ARP-2014,member,2014-12-02,2016-07-26
TNP-00430,CMT-90ddb75794d7,اللجنة الانتخابية,standing,ARP-2014,member,2016-09-14,2017-01-27
TNP-00430,CMT-8d6af35d5cb4,لجنة التحقيق حول شبكات التجنيد التي تورطت في تسفير الشباب التونسي إلى مناطق القتال,special,ARP-2014,member,2014-12-02,2019-10-05
TNP-00429,CMT-4633b2874c88,لجنة الحقوق والحريّات والعلاقات الخارجية,standing,ARP-2014,member,2017-01-14,2019-05-08
TNP-00429,CMT-7858621d9962,لجنة الصحة والشّؤون الاجتماعية,standing,ARP-2014,member,2016-09-14,2016-12-13
TNP-00429,CMT-47b4ceeab70a,لجنة الشباب والشّؤون الثقافية و التربية والبحث العلمي,standing,ARP-2014,member,2014-12-02,2016-04-24
TNP-00429,CMT-47b4ceeab70a,لجنة الشباب والشّؤون الثقافية و التربية والبحث العلمي,standing,ARP-2014,member,2016-09-14,2017-05-31
TNP-00429,CMT-47b4ceeab70a,لجنة الشباب والشّؤون الثقافية و التربية والبحث العلمي,standing,ARP-2014,member,2019-05-08,2019-10-05
TNP-00429,CMT-a48500711e9b,لجنة شؤون المرأة والأسرة والطفولة والشباب والمسنين,standing,ARP-2014,member,2014-12-02,2019-05-08
TNP-00934,CMT-7858621d9962,لجنة الصحة والشّؤون الاجتماعية,standing,ARP-2014,member,2014-12-02,2019-10-05
TNP-00934,CMT-3e7af871322d,لجنة شؤون ذوي الإعاقة والفئات الهشة,standing,ARP-2014,member,2014-12-02,2016-12-30
TNP-00935,CMT-79ca761acaf6,اللجنة الخاصة للنّظام الدّاخلي,special,ARP-2014,member,2014-12-02,2019-10-05
TNP-00935,CMT-894b8d7f301d,لجنة تنظيم الإدارة وشؤون القوات الحاملة للسلاح,standing,ARP-2014,member,2019-07-23,2019-10-05
TNP-00935,CMT-8a5b9ec83476,لجنة النظام الداخلي والحصانة والقوانين البرلمانية والقوانين الانتخابية,standing,ARP-2014,member,2014-12-02,2016-12-30
TNP-00935,CMT-c19410caa909,لجنة الأمن والدفاع,standing,ARP-2014,member,2019-08-21,2019-10-05
TNP-00935,CMT-3e7af871322d,لجنة شؤون ذوي الإعاقة والفئات الهشة,standing,ARP-2014,member,2014-12-02,2016-12-30
TNP-00936,CMT-cab87800ef44,لجنة الفلاحة والأمن الغذائي والتجارة والخدمات ذات الصلة,standing,ARP-2014,member,2014-12-02,2019-10-05
TNP-00936,CMT-f7166b323046,لجنة التنمية الجهوية,standing,ARP-2014,assistant_rapporteur,2016-12-30,2019-10-05
TNP-00936,CMT-3e7af871322d,لجنة شؤون ذوي الإعاقة والفئات الهشة,standing,ARP-2014,member,2014-12-02,2016-12-30
TNP-00936,CMT-e5dff9bf0bca,"لجنة التحقيق حول موضوع الفساد المالي والتهرّب الضريبي الذي تمّ الكشف عنه في ما يسمّى ""أوراق بنما"" و مدى تورّط تونسيين في الموضوع",special,ARP-2014,member,2014-12-02,2019-10-05
TNP-00324,CMT-8a5b9ec83476,لجنة النظام الداخلي والحصانة والقوانين البرلمانية والقوانين الانتخابية,standing,ARP-2014,member,2014-12-02,2016-12-30
TNP-00324,CMT-8a5b9ec83476,لجنة النظام الداخلي والحصانة والقوانين البرلمانية والقوانين الانتخابية,standing,ARP-2014,member,2019-08-23,2019-10-05
TNP-00937,CMT-7858621d9962,لجنة الصحة والشّؤون الاجتماعية,standing,ARP-2014,member,2014-12-02,2016-12-13
TNP-00937,CMT-8a5b9ec83476,لجنة النظام الداخلي والحصانة والقوانين البرلمانية والقوانين الانتخابية,standing,ARP-2014,member,2016-12-30,2019-08-23
TNP-00937,CMT-c19410caa909,لجنة الأمن والدفاع,standing,ARP-2014,assistant_rapporteur,2016-07-27,2019-08-21
TNP-00937,CMT-3e7af871322d,لجنة شؤون ذوي الإعاقة والفئات الهشة,standing,ARP-2014,member,2019-08-23,2019-10-05
TNP-00937,CMT-a48500711e9b,لجنة شؤون المرأة والأسرة والطفولة والشباب والمسنين,standing,ARP-2014,member,2014-12-02,2016-04-24
TNP-00937,CMT-a48500711e9b,لجنة شؤون المرأة والأسرة والطفولة والشباب والمسنين,standing,ARP-2014,member,2016-09-15,2017-04-29
TNP-00937,CMT-8d6af35d5cb4,لجنة التحقيق حول شبكات التجنيد التي تورطت في تسفير الشباب التونسي إلى مناطق القتال,special,ARP-2014,member,2014-12-02,2019-10-05
TNP-00938,CMT-879180464a95,اللجنة الخاصة المكلفة بالماليّة,special,ARP-2014,member,2014-12-02,2019-10-05
TNP-00939,CMT-47b4ceeab70a,لجنة الشباب والشّؤون الثقافية و التربية والبحث العلمي,standing,ARP-2014,vice_chair,2019-05-08,2019-10-05
TNP-00939,CMT-8a5b9ec83476,لجنة النظام الداخلي والحصانة والقوانين البرلمانية والقوانين الانتخابية,standing,ARP-2014,member,2014-12-02,2016-12-30
TNP-00939,CMT-90ddb75794d7,اللجنة الانتخابية,standing,ARP-2014,member,2014-12-02,2017-01-27
TNP-00939,CMT-90ddb75794d7,اللجنة الانتخابية,standing,ARP-2014,member,2019-08-21,2019-10-05
TNP-00940,CMT-cab87800ef44,لجنة الفلاحة والأمن الغذائي والتجارة والخدمات ذات الصلة,standing,ARP-2014,member,2014-12-02,2017-04-24
TNP-00940,CMT-c19410caa909,لجنة الأمن والدفاع,standing,ARP-2014,member,2014-12-02,2019-08-21
TNP-00328,CMT-e1fb561ef6b9,لجنة التحقيق بخصوص تصنيف تونس ملاذا ضريبيا,special,ARP-2014,member,2014-12-02,2019-10-05
TNP-00942,CMT-3a051620fd33,لجنة التشريع العام,standing,ARP-2014,member,2014-12-02,2016-07-02
TNP-00942,CMT-3a051620fd33,لجنة التشريع العام,standing,ARP-2014,member,2016-09-15,2017-04-24
TNP-00942,CMT-3a051620fd33,لجنة التشريع العام,standing,ARP-2014,member,2019-09-18,2019-10-05
TNP-00942,CMT-cab87800ef44,لجنة الفلاحة والأمن الغذائي والتجارة والخدمات ذات الصلة,standing,ARP-2014,assistant_rapporteur,2016-03-23,2017-01-27
TNP-00942,CMT-cab87800ef44,لجنة الفلاحة والأمن الغذائي والتجارة والخدمات ذات الصلة,standing,ARP-2014,member,2017-04-24,2019-07-22
TNP-00942,CMT-601d95a949aa,لجنة الإصلاح الإداري والحوكمة الرشيدة ومكافحة الفساد ومراقبة التصرف في المال العام,standing,ARP-2014,member,2016-04-19,2019-08-23
TNP-00942,CMT-a48500711e9b,لجنة شؤون المرأة والأسرة والطفولة والشباب والمسنين,standing,ARP-2014,member,2014-12-02,2016-04-24
TNP-00942,CMT-a48500711e9b,لجنة شؤون المرأة والأسرة والطفولة والشباب والمسنين,standing,ARP-2014,member,2016-09-15,2017-04-29
TNP-00331,CMT-4633b2874c88,لجنة الحقوق والحريّات والعلاقات الخارجية,standing,ARP-2014,member,2016-07-27,2019-10-05
TNP-00331,CMT-47b4ceeab70a,لجنة الشباب والشّؤون الثقافية و التربية والبحث العلمي,standing,ARP-2014,member,2014-12-02,2016-04-24
TNP-00331,CMT-47b4ceeab70a,لجنة الشباب والشّؤون الثقافية و التربية والبحث العلمي,standing,ARP-2014,member,2016-09-14,2017-05-31
TNP-00331,CMT-535731ec7ffd,لجنة شهداء الثورة و جرحاها و تنفيذ قانون العفو العام والعدالة الانتقالية,standing,ARP-2014,member,2014-12-02,2017-01-13
TNP-00331,CMT-a48500711e9b,لجنة شؤون المرأة والأسرة والطفولة والشباب والمسنين,standing,ARP-2014,chair,2016-04-24,2019-10-05
TNP-00943,CMT-879180464a95,اللجنة الخاصة المكلفة بالماليّة,special,ARP-2014,member,2014-12-02,2019-10-05
TNP-00943,CMT-2bc1cee50ba8,لجنة المالية والتخطيط والتنمية,standing,ARP-2014,vice_chair,2014-12-02,2019-07-23
TNP-00943,CMT-47b4ceeab70a,لجنة الشباب والشّؤون الثقافية و التربية والبحث العلمي,standing,ARP-2014,member,2019-05-08,2019-10-05
TNP-00943,CMT-601d95a949aa,لجنة الإصلاح الإداري والحوكمة الرشيدة ومكافحة الفساد ومراقبة التصرف في المال العام,standing,ARP-2014,member,2014-12-02,2019-08-23
TNP-00943,CMT-3e7af871322d,لجنة شؤون ذوي الإعاقة والفئات الهشة,standing,ARP-2014,member,2019-08-23,2019-10-05
TNP-00332,CMT-3a051620fd33,لجنة التشريع العام,standing,ARP-2014,member,2019-07-22,2019-10-05
TNP-00332,CMT-2bc1cee50ba8,لجنة المالية والتخطيط والتنمية,standing,ARP-2014,assistant_rapporteur,2017-01-16,2019-07-23
TNP-00332,CMT-b9e5e4367488,لجنة الصناعة والطاقة والثروات الطبيعية والبنية الأساسية والبيئة,standing,ARP-2014,member,2014-12-02,2017-01-27
TNP-00332,CMT-535731ec7ffd,لجنة شهداء الثورة و جرحاها و تنفيذ قانون العفو العام والعدالة الانتقالية,standing,ARP-2014,member,2014-12-02,2019-05-08
TNP-00333,CMT-3a051620fd33,لجنة التشريع العام,standing,ARP-2014,member,2016-12-10,2019-07-22
TNP-00333,CMT-7858621d9962,لجنة الصحة والشّؤون الاجتماعية,standing,ARP-2014,member,2019-07-23,2019-10-05
TNP-00333,CMT-894b8d7f301d,لجنة تنظيم الإدارة وشؤون القوات الحاملة للسلاح,standing,ARP-2014,member,2014-12-02,2017-04-24
TNP-00333,CMT-a48500711e9b,لجنة شؤون المرأة والأسرة والطفولة والشباب والمسنين,standing,ARP-2014,chair,2014-12-02,2019-05-08
TNP-00333,CMT-90ddb75794d7,اللجنة الانتخابية,standing,ARP-2014,member,2019-08-21,2019-10-05
TNP-00445,CMT-79ca761acaf6,اللجنة الخاصة للنّظام الدّاخلي,special,ARP-2014,assistant_rapporteur,2014-12-02,2019-10-05
TNP-00445,CMT-3a051620fd33,لجنة التشريع العام,standing,ARP-2014,rapporteur,2014-12-02,2019-07-22
TNP-00445,CMT-b9e5e4367488,لجنة الصناعة والطاقة والثروات الطبيعية والبنية الأساسية والبيئة,standing,ARP-2014,member,2019-08-23,2019-10-05
TNP-00445,CMT-c19410caa909,لجنة الأمن والدفاع,standing,ARP-2014,assistant_rapporteur,2016-12-30,2019-10-05
TNP-00445,CMT-90ddb75794d7,اللجنة الانتخابية,standing,ARP-2014,member,2014-12-02,2017-01-27
TNP-00944,CMT-4633b2874c88,لجنة الحقوق والحريّات والعلاقات الخارجية,standing,ARP-2014,assistant_rapporteur,2016-07-27,2019-05-08
TNP-00944,CMT-cab87800ef44,لجنة الفلاحة والأمن الغذائي والتجارة والخدمات ذات الصلة,standing,ARP-2014,vice_chair,2019-07-22,2019-10-05
TNP-00944,CMT-47b4ceeab70a,لجنة الشباب والشّؤون الثقافية و التربية والبحث العلمي,standing,ARP-2014,member,2014-12-02,2016-04-24
TNP-00944,CMT-47b4ceeab70a,لجنة الشباب والشّؤون الثقافية و التربية والبحث العلمي,standing,ARP-2014,member,2016-09-14,2017-05-31
TNP-00944,CMT-601d95a949aa,لجنة الإصلاح الإداري والحوكمة الرشيدة ومكافحة الفساد ومراقبة التصرف في المال العام,standing,ARP-2014,rapporteur,2019-08-23,2019-10-05
TNP-00944,CMT-535731ec7ffd,لجنة شهداء الثورة و جرحاها و تنفيذ قانون العفو العام والعدالة الانتقالية,standing,ARP-2014,member,2017-01-13,2019-05-08
TNP-00944,CMT-a48500711e9b,لجنة شؤون المرأة والأسرة والطفولة والشباب والمسنين,standing,ARP-2014,member,2014-12-02,2017-04-29
TNP-00944,CMT-8d6af35d5cb4,لجنة التحقيق حول شبكات التجنيد التي تورطت في تسفير الشباب التونسي إلى مناطق القتال,special,ARP-2014,member,2014-12-02,2019-10-05
TNP-00340,CMT-2bc1cee50ba8,لجنة المالية والتخطيط والتنمية,standing,ARP-2014,member,2014-12-02,2016-10-27
TNP-00340,CMT-535731ec7ffd,لجنة شهداء الثورة و جرحاها و تنفيذ قانون العفو العام والعدالة الانتقالية,standing,ARP-2014,member,2014-12-02,2017-01-13
TNP-00945,CMT-879180464a95,اللجنة الخاصة المكلفة بالماليّة,special,ARP-2014,chair,2014-12-02,2019-10-05
TNP-00945,CMT-2bc1cee50ba8,لجنة المالية والتخطيط والتنمية,standing,ARP-2014,member,2014-12-02,2019-10-05
TNP-00945,CMT-601d95a949aa,لجنة الإصلاح الإداري والحوكمة الرشيدة ومكافحة الفساد ومراقبة التصرف في المال العام,standing,ARP-2014,member,2014-12-02,2019-08-23
TNP-00945,CMT-a48500711e9b,لجنة شؤون المرأة والأسرة والطفولة والشباب والمسنين,standing,ARP-2014,member,2019-05-08,2019-10-05
TNP-00945,CMT-e1fb561ef6b9,لجنة التحقيق بخصوص تصنيف تونس ملاذا ضريبيا,special,ARP-2014,member,2014-12-02,2019-10-05
TNP-00345,CMT-3a051620fd33,لجنة التشريع العام,standing,ARP-2014,member,2017-06-25,2019-07-22
TNP-00345,CMT-b9e5e4367488,لجنة الصناعة والطاقة والثروات الطبيعية والبنية الأساسية والبيئة,standing,ARP-2014,member,2014-12-02,2017-01-27
TNP-00345,CMT-8a5b9ec83476,لجنة النظام الداخلي والحصانة والقوانين البرلمانية والقوانين الانتخابية,standing,ARP-2014,member,2016-12-30,2017-05-25
TNP-00345,CMT-8a5b9ec83476,لجنة النظام الداخلي والحصانة والقوانين البرلمانية والقوانين الانتخابية,standing,ARP-2014,member,2019-08-23,2019-10-05
TNP-00345,CMT-601d95a949aa,لجنة الإصلاح الإداري والحوكمة الرشيدة ومكافحة الفساد ومراقبة التصرف في المال العام,standing,ARP-2014,member,2014-12-02,2019-08-23
TNP-00345,CMT-535731ec7ffd,لجنة شهداء الثورة و جرحاها و تنفيذ قانون العفو العام والعدالة الانتقالية,standing,ARP-2014,member,2019-05-08,2019-10-05
TNP-00345,CMT-e5dff9bf0bca,"لجنة التحقيق حول موضوع الفساد المالي والتهرّب الضريبي الذي تمّ الكشف عنه في ما يسمّى ""أوراق بنما"" و مدى تورّط تونسيين في الموضوع",special,ARP-2014,member,2014-12-02,2019-10-05
TNP-00946,CMT-cab87800ef44,لجنة الفلاحة والأمن الغذائي والتجارة والخدمات ذات الصلة,standing,ARP-2014,member,2017-01-27,2019-10-05
TNP-00946,CMT-47b4ceeab70a,لجنة الشباب والشّؤون الثقافية و التربية والبحث العلمي,standing,ARP-2014,member,2014-12-02,2017-05-31
TNP-00946,CMT-3e7af871322d,لجنة شؤون ذوي الإعاقة والفئات الهشة,standing,ARP-2014,chair,2019-08-23,2019-10-05
TNP-00946,CMT-a48500711e9b,لجنة شؤون المرأة والأسرة والطفولة والشباب والمسنين,standing,ARP-2014,member,2014-12-02,2019-05-08
TNP-00947,CMT-3a051620fd33,لجنة التشريع العام,standing,ARP-2014,member,2014-12-02,2019-07-22
TNP-00947,CMT-cab87800ef44,لجنة الفلاحة والأمن الغذائي والتجارة والخدمات ذات الصلة,standing,ARP-2014,member,2019-07-22,2019-10-05
TNP-00947,CMT-601d95a949aa,لجنة الإصلاح الإداري والحوكمة الرشيدة ومكافحة الفساد ومراقبة التصرف في المال العام,standing,ARP-2014,member,2014-12-02,2016-04-19
TNP-00947,CMT-601d95a949aa,لجنة الإصلاح الإداري والحوكمة الرشيدة ومكافحة الفساد ومراقبة التصرف في المال العام,standing,ARP-2014,member,2016-09-14,2016-12-14
TNP-00947,CMT-a48500711e9b,لجنة شؤون المرأة والأسرة والطفولة والشباب والمسنين,standing,ARP-2014,member,2019-05-08,2019-10-05
TNP-00947,CMT-5863460337e8,لجنة شؤون التونسيين بالخارج,standing,ARP-2014,member,2016-09-15,2017-02-17
TNP-00947,CMT-e5dff9bf0bca,"لجنة التحقيق حول موضوع الفساد المالي والتهرّب الضريبي الذي تمّ الكشف عنه في ما يسمّى ""أوراق بنما"" و مدى تورّط تونسيين في الموضوع",special,ARP-2014,member,2014-12-02,2019-10-05
TNP-00948,CMT-4633b2874c88,لجنة الحقوق والحريّات والعلاقات الخارجية,standing,ARP-2014,member,2016-07-27,2017-01-14
TNP-00948,CMT-7858621d9962,لجنة الصحة والشّؤون الاجتماعية,standing,ARP-2014,member,2014-12-02,2016-09-14
TNP-00948,CMT-7858621d9962,لجنة الصحة والشّؤون الاجتماعية,standing,ARP-2014,chair,2016-12-13,2019-10-05
TNP-00948,CMT-c19410caa909,لجنة الأمن والدفاع,standing,ARP-2014,vice_chair,2016-07-27,2016-12-30
TNP-00948,CMT-601d95a949aa,لجنة الإصلاح الإداري والحوكمة الرشيدة ومكافحة الفساد ومراقبة التصرف في المال العام,standing,ARP-2014,assistant_rapporteur,2014-12-02,2016-04-19
TNP-00948,CMT-601d95a949aa,لجنة الإصلاح الإداري والحوكمة الرشيدة ومكافحة الفساد ومراقبة التصرف في المال العام,standing,ARP-2014,member,2016-09-14,2019-10-05
TNP-00553,CMT-3a051620fd33,لجنة التشريع العام,standing,ARP-2014,member,2019-07-22,2019-10-05
TNP-00553,CMT-894b8d7f301d,لجنة تنظيم الإدارة وشؤون القوات الحاملة للسلاح,standing,ARP-2014,member,2014-12-02,2019-07-23
TNP-00553,CMT-535731ec7ffd,لجنة شهداء الثورة و جرحاها و تنفيذ قانون العفو العام والعدالة الانتقالية,standing,ARP-2014,member,2014-12-02,2017-01-13
TNP-00553,CMT-a48500711e9b,لجنة شؤون المرأة والأسرة والطفولة والشباب والمسنين,standing,ARP-2014,assistant_rapporteur,2019-05-08,2019-10-05
TNP-00553,CMT-90ddb75794d7,اللجنة الانتخابية,standing,ARP-2014,assistant_rapporteur,2017-01-27,2019-08-21
TNP-00949,CMT-79ca761acaf6,اللجنة الخاصة للنّظام الدّاخلي,special,ARP-2014,member,2014-12-02,2019-10-05
TNP-00949,CMT-3a051620fd33,لجنة التشريع العام,standing,ARP-2014,member,2014-12-02,2015-05-07
TNP-00949,CMT-3a051620fd33,لجنة التشريع العام,standing,ARP-2014,member,2016-12-10,2017-06-25
TNP-00949,CMT-4633b2874c88,لجنة الحقوق والحريّات والعلاقات الخارجية,standing,ARP-2014,member,2016-07-27,2017-01-14
TNP-00949,CMT-c19410caa909,لجنة الأمن والدفاع,standing,ARP-2014,member,2016-12-30,2019-08-21
TNP-00949,CMT-601d95a949aa,لجنة الإصلاح الإداري والحوكمة الرشيدة ومكافحة الفساد ومراقبة التصرف في المال العام,standing,ARP-2014,member,2016-04-19,2016-12-14
TNP-00949,CMT-90ddb75794d7,اللجنة الانتخابية,standing,ARP-2014,member,2014-12-02,2015-10-22
TNP-00949,CMT-e5dff9bf0bca,"لجنة التحقيق حول موضوع الفساد المالي والتهرّب الضريبي الذي تمّ الكشف عنه في ما يسمّى ""أوراق بنما"" و مدى تورّط تونسيين في الموضوع",special,ARP-2014,member,2014-12-02,2019-10-05
TNP-00950,CMT-2bc1cee50ba8,لجنة المالية والتخطيط والتنمية,standing,ARP-2014,member,2016-04-05,2017-01-16
TNP-00950,CMT-2bc1cee50ba8,لجنة المالية والتخطيط والتنمية,standing,ARP-2014,member,2017-06-02,2019-07-23
TNP-00950,CMT-b9e5e4367488,لجنة الصناعة والطاقة والثروات الطبيعية والبنية الأساسية والبيئة,standing,ARP-2014,member,2017-01-27,2017-06-24
TNP-00950,CMT-8a5b9ec83476,لجنة النظام الداخلي والحصانة والقوانين البرلمانية والقوانين الانتخابية,standing,ARP-2014,member,2014-12-02,2016-12-30
TNP-00950,CMT-3e7af871322d,لجنة شؤون ذوي الإعاقة والفئات الهشة,standing,ARP-2014,member,2014-12-02,2019-08-23
TNP-00951,CMT-79ca761acaf6,اللجنة الخاصة للنّظام الدّاخلي,special,ARP-2014,member,2014-12-02,2019-10-05
TNP-00951,CMT-3a051620fd33,لجنة التشريع العام,standing,ARP-2014,chair,2016-12-10,2019-07-22
TNP-00951,CMT-b9e5e4367488,لجنة الصناعة والطاقة والثروات الطبيعية والبنية الأساسية والبيئة,standing,ARP-2014,rapporteur,2014-12-02,2017-01-27
TNP-00951,CMT-90ddb75794d7,اللجنة الانتخابية,standing,ARP-2014,member,2014-12-02,2019-08-21
TNP-00952,CMT-4633b2874c88,لجنة الحقوق والحريّات والعلاقات الخارجية,standing,ARP-2014,member,2014-12-02,2016-07-27
TNP-00952,CMT-4633b2874c88,لجنة الحقوق والحريّات والعلاقات الخارجية,standing,ARP-2014,member,2016-09-15,2016-10-30
TNP-00952,CMT-4633b2874c88,لجنة الحقوق والحريّات والعلاقات الخارجية,standing,ARP-2014,member,2017-01-14,2019-10-05
TNP-00952,CMT-894b8d7f301d,لجنة تنظيم الإدارة وشؤون القوات الحاملة للسلاح,standing,ARP-2014,member,2016-08-18,2017-04-24
TNP-00952,CMT-c19410caa909,لجنة الأمن والدفاع,standing,ARP-2014,member,2016-12-30,2019-10-05
TNP-00952,CMT-f7166b323046,لجنة التنمية الجهوية,standing,ARP-2014,member,2016-09-14,2016-12-30
TNP-00952,CMT-5863460337e8,لجنة شؤون التونسيين بالخارج,standing,ARP-2014,chair,2014-12-02,2017-02-17
TNP-00953,CMT-b9e5e4367488,لجنة الصناعة والطاقة والثروات الطبيعية والبنية الأساسية والبيئة,standing,ARP-2014,member,2016-04-05,2019-10-05
TNP-00953,CMT-f7166b323046,لجنة التنمية الجهوية,standing,ARP-2014,member,2016-12-30,2019-08-23
TNP-00953,CMT-a48500711e9b,لجنة شؤون المرأة والأسرة والطفولة والشباب والمسنين,standing,ARP-2014,member,2019-05-08,2019-10-05
TNP-00954,CMT-47b4ceeab70a,لجنة الشباب والشّؤون الثقافية و التربية والبحث العلمي,standing,ARP-2014,chair,2014-12-02,2019-05-08
TNP-00954,CMT-8a5b9ec83476,لجنة النظام الداخلي والحصانة والقوانين البرلمانية والقوانين الانتخابية,standing,ARP-2014,member,2019-08-23,2019-10-05
TNP-00954,CMT-f7166b323046,لجنة التنمية الجهوية,standing,ARP-2014,member,2016-09-14,2019-08-23
TNP-00954,CMT-90ddb75794d7,اللجنة الانتخابية,standing,ARP-2014,vice_chair,2019-08-21,2019-10-05
TNP-00350,CMT-879180464a95,اللجنة الخاصة المكلفة بالماليّة,special,ARP-2014,vice_chair,2014-12-02,2019-10-05
TNP-00350,CMT-2bc1cee50ba8,لجنة المالية والتخطيط والتنمية,standing,ARP-2014,member,2016-04-05,2019-07-23
TNP-00350,CMT-894b8d7f301d,لجنة تنظيم الإدارة وشؤون القوات الحاملة للسلاح,standing,ARP-2014,rapporteur,2014-12-02,2016-08-18
TNP-00350,CMT-894b8d7f301d,لجنة تنظيم الإدارة وشؤون القوات الحاملة للسلاح,standing,ARP-2014,rapporteur,2016-09-14,2016-10-19
TNP-00350,CMT-c19410caa909,لجنة الأمن والدفاع,standing,ARP-2014,member,2014-12-02,2016-07-27
TNP-00350,CMT-f7166b323046,لجنة التنمية الجهوية,standing,ARP-2014,member,2016-09-14,2019-08-23
TNP-00350,CMT-8d6af35d5cb4,لجنة التحقيق حول شبكات التجنيد التي تورطت في تسفير الشباب التونسي إلى مناطق القتال,special,ARP-2014,assistant_rapporteur,2014-12-02,2019-10-05
TNP-00350,CMT-e1fb561ef6b9,لجنة التحقيق بخصوص تصنيف تونس ملاذا ضريبيا,special,ARP-2014,member,2014-12-02,2019-10-05
TNP-00354,CMT-3a051620fd33,لجنة التشريع العام,standing,ARP-2014,member,2015-11-16,2016-07-02
TNP-00354,CMT-3a051620fd33,لجنة التشريع العام,standing,ARP-2014,member,2016-09-15,2016-12-10
TNP-00354,CMT-cab87800ef44,لجنة الفلاحة والأمن الغذائي والتجارة والخدمات ذات الصلة,standing,ARP-2014,assistant_rapporteur,2016-03-23,2019-10-05
TNP-00354,CMT-f7166b323046,لجنة التنمية الجهوية,standing,ARP-2014,member,2019-08-23,2019-10-05
TNP-00956,CMT-4633b2874c88,لجنة الحقوق والحريّات والعلاقات الخارجية,standing,ARP-2014,member,2014-12-02,2017-01-14
TNP-00956,CMT-4633b2874c88,لجنة الحقوق والحريّات والعلاقات الخارجية,standing,ARP-2014,vice_chair,2017-06-26,2019-10-05
TNP-00956,CMT-8a5b9ec83476,لجنة النظام الداخلي والحصانة والقوانين البرلمانية والقوانين الانتخابية,standing,ARP-2014,member,2016-12-30,2017-06-24
TNP-00956,CMT-601d95a949aa,لجنة الإصلاح الإداري والحوكمة الرشيدة ومكافحة الفساد ومراقبة التصرف في المال العام,standing,ARP-2014,member,2016-09-14,2019-08-23
TNP-00956,CMT-5863460337e8,لجنة شؤون التونسيين بالخارج,standing,ARP-2014,member,2014-12-02,2017-02-17
TNP-00957,CMT-b9e5e4367488,لجنة الصناعة والطاقة والثروات الطبيعية والبنية الأساسية والبيئة,standing,ARP-2014,member,2014-12-02,2019-08-23
TNP-00957,CMT-f7166b323046,لجنة التنمية الجهوية,standing,ARP-2014,member,2016-12-30,2019-08-23
TNP-00957,CMT-535731ec7ffd,لجنة شهداء الثورة و جرحاها و تنفيذ قانون العفو العام والعدالة الانتقالية,standing,ARP-2014,chair,2014-12-02,2017-01-13
TNP-00355,CMT-894b8d7f301d,لجنة تنظيم الإدارة وشؤون القوات الحاملة للسلاح,standing,ARP-2014,member,2017-04-24,2019-07-23
TNP-00355,CMT-8a5b9ec83476,لجنة النظام الداخلي والحصانة والقوانين البرلمانية والقوانين الانتخابية,standing,ARP-2014,member,2014-12-02,2016-12-30
TNP-00355,CMT-8a5b9ec83476,لجنة النظام الداخلي والحصانة والقوانين البرلمانية والقوانين الانتخابية,standing,ARP-2014,member,2019-08-23,2019-10-05
TNP-00355,CMT-c19410caa909,لجنة الأمن والدفاع,standing,ARP-2014,member,2014-12-02,2016-07-27
TNP-00355,CMT-c19410caa909,لجنة الأمن والدفاع,standing,ARP-2014,member,2016-09-14,2016-12-30
TNP-00355,CMT-3e7af871322d,لجنة شؤون ذوي الإعاقة والفئات الهشة,standing,ARP-2014,member,2019-08-23,2019-10-05
TNP-00355,CMT-a9259327aabc,لجنة مراقبة عمليات التصويت وإحصاء الأصوات,standing,ARP-2014,member,2014-12-02,2019-10-05
TNP-00357,CMT-3a051620fd33,لجنة التشريع العام,standing,ARP-2014,member,2014-12-02,2019-07-22
TNP-00357,CMT-4633b2874c88,لجنة الحقوق والحريّات والعلاقات الخارجية,standing,ARP-2014,member,2019-05-08,2019-10-05
TNP-00357,CMT-535731ec7ffd,لجنة شهداء الثورة و جرحاها و تنفيذ قانون العفو العام والعدالة الانتقالية,standing,ARP-2014,vice_chair,2019-05-08,2019-10-05
TNP-00357,CMT-a48500711e9b,لجنة شؤون المرأة والأسرة والطفولة والشباب والمسنين,standing,ARP-2014,member,2014-12-02,2019-05-08
TNP-00357,CMT-e5dff9bf0bca,"لجنة التحقيق حول موضوع الفساد المالي والتهرّب الضريبي الذي تمّ الكشف عنه في ما يسمّى ""أوراق بنما"" و مدى تورّط تونسيين في الموضوع",special,ARP-2014,member,2014-12-02,2019-10-05
TNP-00357,CMT-8d6af35d5cb4,لجنة التحقيق حول شبكات التجنيد التي تورطت في تسفير الشباب التونسي إلى مناطق القتال,special,ARP-2014,member,2014-12-02,2019-10-05
TNP-00358,CMT-4633b2874c88,لجنة الحقوق والحريّات والعلاقات الخارجية,standing,ARP-2014,member,2019-05-08,2019-10-05
TNP-00358,CMT-5863460337e8,لجنة شؤون التونسيين بالخارج,standing,ARP-2014,member,2019-08-23,2019-10-05
TNP-00959,CMT-79ca761acaf6,اللجنة الخاصة للنّظام الدّاخلي,special,ARP-2014,member,2014-12-02,2019-10-05
TNP-00959,CMT-7858621d9962,لجنة الصحة والشّؤون الاجتماعية,standing,ARP-2014,member,2014-12-02,2016-09-14
TNP-00959,CMT-7858621d9962,لجنة الصحة والشّؤون الاجتماعية,standing,ARP-2014,assistant_rapporteur,2016-12-13,2019-07-23
TNP-00959,CMT-601d95a949aa,لجنة الإصلاح الإداري والحوكمة الرشيدة ومكافحة الفساد ومراقبة التصرف في المال العام,standing,ARP-2014,assistant_rapporteur,2014-12-02,2016-04-19
TNP-00959,CMT-601d95a949aa,لجنة الإصلاح الإداري والحوكمة الرشيدة ومكافحة الفساد ومراقبة التصرف في المال العام,standing,ARP-2014,assistant_rapporteur,2016-09-14,2016-12-14
TNP-00959,CMT-90ddb75794d7,اللجنة الانتخابية,standing,ARP-2014,member,2015-10-22,2019-08-21
TNP-00361,CMT-3a051620fd33,لجنة التشريع العام,standing,ARP-2014,member,2014-12-02,2015-11-16
TNP-00361,CMT-3a051620fd33,لجنة التشريع العام,standing,ARP-2014,rapporteur,2019-07-22,2019-10-05
TNP-00361,CMT-4633b2874c88,لجنة الحقوق والحريّات والعلاقات الخارجية,standing,ARP-2014,member,2016-07-27,2017-01-14
TNP-00361,CMT-7858621d9962,لجنة الصحة والشّؤون الاجتماعية,standing,ARP-2014,member,2016-12-13,2019-07-23
TNP-00361,CMT-3e7af871322d,لجنة شؤون ذوي الإعاقة والفئات الهشة,standing,ARP-2014,member,2014-12-02,2019-08-23
TNP-00960,CMT-b9e5e4367488,لجنة الصناعة والطاقة والثروات الطبيعية والبنية الأساسية والبيئة,standing,ARP-2014,member,2014-12-02,2019-10-05
TNP-00960,CMT-5863460337e8,لجنة شؤون التونسيين بالخارج,standing,ARP-2014,assistant_rapporteur,2014-12-02,2019-10-05
TNP-00961,CMT-879180464a95,اللجنة الخاصة المكلفة بالماليّة,special,ARP-2014,member,2014-12-02,2019-10-05
TNP-00961,CMT-2bc1cee50ba8,لجنة المالية والتخطيط والتنمية,standing,ARP-2014,member,2019-07-23,2019-10-05
TNP-00961,CMT-cab87800ef44,لجنة الفلاحة والأمن الغذائي والتجارة والخدمات ذات الصلة,standing,ARP-2014,member,2014-12-02,2019-07-22
TNP-00961,CMT-f7166b323046,لجنة التنمية الجهوية,standing,ARP-2014,member,2019-08-23,2019-10-05
TNP-00961,CMT-a48500711e9b,لجنة شؤون المرأة والأسرة والطفولة والشباب والمسنين,standing,ARP-2014,member,2016-04-24,2019-05-08
TNP-00961,CMT-5863460337e8,لجنة شؤون التونسيين بالخارج,standing,ARP-2014,member,2014-12-02,2017-02-17
TNP-00365,CMT-879180464a95,اللجنة الخاصة المكلفة بالماليّة,special,ARP-2014,member,2014-12-02,2019-10-05
TNP-00365,CMT-2bc1cee50ba8,لجنة المالية والتخطيط والتنمية,standing,ARP-2014,member,2014-12-02,2016-04-05
TNP-00365,CMT-2bc1cee50ba8,لجنة المالية والتخطيط والتنمية,standing,ARP-2014,member,2016-09-14,2016-10-27
TNP-00365,CMT-47b4ceeab70a,لجنة الشباب والشّؤون الثقافية و التربية والبحث العلمي,standing,ARP-2014,member,2016-04-24,2019-05-08
TNP-00365,CMT-90ddb75794d7,اللجنة الانتخابية,standing,ARP-2014,member,2016-07-26,2017-01-27
TNP-00962,CMT-cab87800ef44,لجنة الفلاحة والأمن الغذائي والتجارة والخدمات ذات الصلة,standing,ARP-2014,chair,2017-01-27,2019-10-05
TNP-00962,CMT-f7166b323046,لجنة التنمية الجهوية,standing,ARP-2014,member,2016-12-30,2019-10-05
TNP-00962,CMT-e5dff9bf0bca,"لجنة التحقيق حول موضوع الفساد المالي والتهرّب الضريبي الذي تمّ الكشف عنه في ما يسمّى ""أوراق بنما"" و مدى تورّط تونسيين في الموضوع",special,ARP-2014,member,2014-12-02,2019-10-05
TNP-00963,CMT-cab87800ef44,لجنة الفلاحة والأمن الغذائي والتجارة والخدمات ذات الصلة,standing,ARP-2014,member,2014-12-02,2017-01-27
TNP-00963,CMT-f7166b323046,لجنة التنمية الجهوية,standing,ARP-2014,rapporteur,2014-12-02,2016-12-30
