source,target,layer,assembly_id,weight,weight_newman,group_ids,group_names,group_size,shared_count,overlap_start,overlap_end,dates_assumed
TNP-00679,TNP-00758,shared_constituency,ADV-2005,1,1,TNC-e8ed574a280f,الكاف,2,1,,2011-03-23,true
TNP-00680,TNP-00745,shared_constituency,ADV-2005,1,1,TNC-a9aef4b186ba,صفاقس,2,1,,2011-03-23,true
TNP-00681,TNP-00775,shared_constituency,ADV-2005,1,1,TNC-d6a6595f1258,قابس,2,1,,2011-03-23,true
TNP-00682,TNP-00731,shared_constituency,ADV-2005,1,1,TNC-c1070b5beb60,سيدي بوزيد,2,1,,2011-03-23,true
TNP-00683,TNP-00695,shared_constituency,ADV-2005,1,1,TNC-715d3cf2c45f,سوسة,2,1,,2011-03-23,true
TNP-00684,TNP-00694,shared_constituency,ADV-2005,1,0.076923,TNC-84f5b7eec7c0,المنظمة المهنية للفلاحين,14,1,,2011-03-23,true
TNP-00684,TNP-00701,shared_constituency,ADV-2005,1,0.076923,TNC-84f5b7eec7c0,المنظمة المهنية للفلاحين,14,1,,2011-03-23,true
TNP-00684,TNP-00712,shared_constituency,ADV-2005,1,0.076923,TNC-84f5b7eec7c0,المنظمة المهنية للفلاحين,14,1,,2011-03-23,true
TNP-00684,TNP-00722,shared_constituency,ADV-2005,1,0.076923,TNC-84f5b7eec7c0,المنظمة المهنية للفلاحين,14,1,,2011-03-23,true
TNP-00684,TNP-00725,shared_constituency,ADV-2005,1,0.076923,TNC-84f5b7eec7c0,المنظمة المهنية للفلاحين,14,1,,2011-03-23,true
TNP-00684,TNP-00727,shared_constituency,ADV-2005,1,0.076923,TNC-84f5b7eec7c0,المنظمة المهنية للفلاحين,14,1,,2011-03-23,true
TNP-00684,TNP-00747,shared_constituency,ADV-2005,1,0.076923,TNC-84f5b7eec7c0,المنظمة المهنية للفلاحين,14,1,,2011-03-23,true
TNP-00684,TNP-00749,shared_constituency,ADV-2005,1,0.076923,TNC-84f5b7eec7c0,المنظمة المهنية للفلاحين,14,1,,2011-03-23,true
TNP-00684,TNP-00762,shared_constituency,ADV-2005,1,0.076923,TNC-84f5b7eec7c0,المنظمة المهنية للفلاحين,14,1,,2011-03-23,true
TNP-00684,TNP-00763,shared_constituency,ADV-2005,1,0.076923,TNC-84f5b7eec7c0,المنظمة المهنية للفلاحين,14,1,,2011-03-23,true
TNP-00684,TNP-00771,shared_constituency,ADV-2005,1,0.076923,TNC-84f5b7eec7c0,المنظمة المهنية للفلاحين,14,1,,2011-03-23,true
TNP-00684,TNP-00787,shared_constituency,ADV-2005,1,0.076923,TNC-84f5b7eec7c0,المنظمة المهنية للفلاحين,14,1,,2011-03-23,true
TNP-00684,TNP-00789,shared_constituency,ADV-2005,1,0.076923,TNC-84f5b7eec7c0,المنظمة المهنية للفلاحين,14,1,,2011-03-23,true
TNP-00686,TNP-00770,shared_constituency,ADV-2005,1,1,TNC-46852900bf60,باجة,2,1,,2011-03-23,true
TNP-00687,TNP-00781,shared_constituency,ADV-2005,1,1,TNC-374ec068b4a1,منوبة,2,1,,2011-03-23,true
TNP-00688,TNP-00719,shared_constituency,ADV-2005,1,1,TNC-467c76aa9c04,قفصة,2,1,,2011-03-23,true
TNP-00691,TNP-00777,shared_constituency,ADV-2005,1,1,TNC-e0e71d7d9d41,أريانة,2,1,,2011-03-23,true
TNP-00692,TNP-00699,shared_constituency,ADV-2005,1,1,TNC-ff68874e0273,المهدية,2,1,,2011-03-23,true
TNP-00693,TNP-00716,shared_constituency,ADV-2005,1,1,TNC-6d01793f8adf,جندوبة,2,1,,2011-03-23,true
TNP-00694,TNP-00701,shared_constituency,ADV-2005,1,0.076923,TNC-84f5b7eec7c0,المنظمة المهنية للفلاحين,14,1,,2011-03-23,true
TNP-00694,TNP-00712,shared_constituency,ADV-2005,1,0.076923,TNC-84f5b7eec7c0,المنظمة المهنية للفلاحين,14,1,,2011-03-23,true
TNP-00694,TNP-00722,shared_constituency,ADV-2005,1,0.076923,TNC-84f5b7eec7c0,المنظمة المهنية للفلاحين,14,1,,2011-03-23,true
TNP-00694,TNP-00725,shared_constituency,ADV-2005,1,0.076923,TNC-84f5b7eec7c0,المنظمة المهنية للفلاحين,14,1,,2011-03-23,true
TNP-00694,TNP-00727,shared_constituency,ADV-2005,1,0.076923,TNC-84f5b7eec7c0,المنظمة المهنية للفلاحين,14,1,,2011-03-23,true
TNP-00694,TNP-00747,shared_constituency,ADV-2005,1,0.076923,TNC-84f5b7eec7c0,المنظمة المهنية للفلاحين,14,1,,2011-03-23,true
TNP-00694,TNP-00749,shared_constituency,ADV-2005,1,0.076923,TNC-84f5b7eec7c0,المنظمة المهنية للفلاحين,14,1,,2011-03-23,true
TNP-00694,TNP-00762,shared_constituency,ADV-2005,1,0.076923,TNC-84f5b7eec7c0,المنظمة المهنية للفلاحين,14,1,,2011-03-23,true
TNP-00694,TNP-00763,shared_constituency,ADV-2005,1,0.076923,TNC-84f5b7eec7c0,المنظمة المهنية للفلاحين,14,1,,2011-03-23,true
TNP-00694,TNP-00771,shared_constituency,ADV-2005,1,0.076923,TNC-84f5b7eec7c0,المنظمة المهنية للفلاحين,14,1,,2011-03-23,true
TNP-00694,TNP-00787,shared_constituency,ADV-2005,1,0.076923,TNC-84f5b7eec7c0,المنظمة المهنية للفلاحين,14,1,,2011-03-23,true
TNP-00694,TNP-00789,shared_constituency,ADV-2005,1,0.076923,TNC-84f5b7eec7c0,المنظمة المهنية للفلاحين,14,1,,2011-03-23,true
TNP-00697,TNP-00754,shared_constituency,ADV-2005,1,1,TNC-5efbab939d98,بنزرت,2,1,,2011-03-23,true
TNP-00701,TNP-00712,shared_constituency,ADV-2005,1,0.076923,TNC-84f5b7eec7c0,المنظمة المهنية للفلاحين,14,1,,2011-03-23,true
TNP-00701,TNP-00722,shared_constituency,ADV-2005,1,0.076923,TNC-84f5b7eec7c0,المنظمة المهنية للفلاحين,14,1,,2011-03-23,true
TNP-00701,TNP-00725,shared_constituency,ADV-2005,1,0.076923,TNC-84f5b7eec7c0,المنظمة المهنية للفلاحين,14,1,,2011-03-23,true
TNP-00701,TNP-00727,shared_constituency,ADV-2005,1,0.076923,TNC-84f5b7eec7c0,المنظمة المهنية للفلاحين,14,1,,2011-03-23,true
TNP-00701,TNP-00747,shared_constituency,ADV-2005,1,0.076923,TNC-84f5b7eec7c0,المنظمة المهنية للفلاحين,14,1,,2011-03-23,true
TNP-00701,TNP-00749,shared_constituency,ADV-2005,1,0.076923,TNC-84f5b7eec7c0,المنظمة المهنية للفلاحين,14,1,,2011-03-23,true
TNP-00701,TNP-00762,shared_constituency,ADV-2005,1,0.076923,TNC-84f5b7eec7c0,المنظمة المهنية للفلاحين,14,1,,2011-03-23,true
TNP-00701,TNP-00763,shared_constituency,ADV-2005,1,0.076923,TNC-84f5b7eec7c0,المنظمة المهنية للفلاحين,14,1,,2011-03-23,true
TNP-00701,TNP-00771,shared_constituency,ADV-2005,1,0.076923,TNC-84f5b7eec7c0,المنظمة المهنية للفلاحين,14,1,,2011-03-23,true
TNP-00701,TNP-00787,shared_constituency,ADV-2005,1,0.076923,TNC-84f5b7eec7c0,المنظمة المهنية للفلاحين,14,1,,2011-03-23,true
TNP-00701,TNP-00789,shared_constituency,ADV-2005,1,0.076923,TNC-84f5b7eec7c0,المنظمة المهنية للفلاحين,14,1,,2011-03-23,true
TNP-00702,TNP-00748,shared_constituency,ADV-2005,1,1,TNC-b364cf54c813,مدنين,2,1,,2011-03-23,true
TNP-00703,TNP-00706,shared_constituency,ADV-2005,1,1,TNC-e430a90af249,بن عروس,2,1,,2011-03-23,true
TNP-00704,TNP-00757,shared_constituency,ADV-2005,1,1,TNC-abd4ed8c0195,القصرين,2,1,,2011-03-23,true
TNP-00712,TNP-00722,shared_constituency,ADV-2005,1,0.076923,TNC-84f5b7eec7c0,المنظمة المهنية للفلاحين,14,1,,2011-03-23,true
TNP-00712,TNP-00725,shared_constituency,ADV-2005,1,0.076923,TNC-84f5b7eec7c0,المنظمة المهنية للفلاحين,14,1,,2011-03-23,true
TNP-00712,TNP-00727,shared_constituency,ADV-2005,1,0.076923,TNC-84f5b7eec7c0,المنظمة المهنية للفلاحين,14,1,,2011-03-23,true
TNP-00712,TNP-00747,shared_constituency,ADV-2005,1,0.076923,TNC-84f5b7eec7c0,المنظمة المهنية للفلاحين,14,1,,2011-03-23,true
TNP-00712,TNP-00749,shared_constituency,ADV-2005,1,0.076923,TNC-84f5b7eec7c0,المنظمة المهنية للفلاحين,14,1,,2011-03-23,true
TNP-00712,TNP-00762,shared_constituency,ADV-2005,1,0.076923,TNC-84f5b7eec7c0,المنظمة المهنية للفلاحين,14,1,,2011-03-23,true
TNP-00712,TNP-00763,shared_constituency,ADV-2005,1,0.076923,TNC-84f5b7eec7c0,المنظمة المهنية للفلاحين,14,1,,2011-03-23,true
TNP-00712,TNP-00771,shared_constituency,ADV-2005,1,0.076923,TNC-84f5b7eec7c0,المنظمة المهنية للفلاحين,14,1,,2011-03-23,true
TNP-00712,TNP-00787,shared_constituency,ADV-2005,1,0.076923,TNC-84f5b7eec7c0,المنظمة المهنية للفلاحين,14,1,,2011-03-23,true
TNP-00712,TNP-00789,shared_constituency,ADV-2005,1,0.076923,TNC-84f5b7eec7c0,المنظمة المهنية للفلاحين,14,1,,2011-03-23,true
TNP-00717,TNP-00723,shared_constituency,ADV-2005,1,0.076923,TNC-a527c1dc08d3,المنظمة المهنية للأعراف,14,1,,2011-03-23,true
TNP-00717,TNP-00726,shared_constituency,ADV-2005,1,0.076923,TNC-a527c1dc08d3,المنظمة المهنية للأعراف,14,1,,2011-03-23,true
TNP-00717,TNP-00734,shared_constituency,ADV-2005,1,0.076923,TNC-a527c1dc08d3,المنظمة المهنية للأعراف,14,1,,2011-03-23,true
TNP-00717,TNP-00738,shared_constituency,ADV-2005,1,0.076923,TNC-a527c1dc08d3,المنظمة المهنية للأعراف,14,1,,2011-03-23,true
TNP-00717,TNP-00739,shared_constituency,ADV-2005,1,0.076923,TNC-a527c1dc08d3,المنظمة المهنية للأعراف,14,1,,2011-03-23,true
TNP-00717,TNP-00741,shared_constituency,ADV-2005,1,0.076923,TNC-a527c1dc08d3,المنظمة المهنية للأعراف,14,1,,2011-03-23,true
TNP-00717,TNP-00753,shared_constituency,ADV-2005,1,0.076923,TNC-a527c1dc08d3,المنظمة المهنية للأعراف,14,1,,2011-03-23,true
TNP-00717,TNP-00755,shared_constituency,ADV-2005,1,0.076923,TNC-a527c1dc08d3,المنظمة المهنية للأعراف,14,1,,2011-03-23,true
TNP-00717,TNP-00756,shared_constituency,ADV-2005,1,0.076923,TNC-a527c1dc08d3,المنظمة المهنية للأعراف,14,1,,2011-03-23,true
TNP-00717,TNP-00759,shared_constituency,ADV-2005,1,0.076923,TNC-a527c1dc08d3,المنظمة المهنية للأعراف,14,1,,2011-03-23,true
TNP-00717,TNP-00766,shared_constituency,ADV-2005,1,0.076923,TNC-a527c1dc08d3,المنظمة المهنية للأعراف,14,1,,2011-03-23,true
TNP-00717,TNP-00783,shared_constituency,ADV-2005,1,0.076923,TNC-a527c1dc08d3,المنظمة المهنية للأعراف,14,1,,2011-03-23,true
TNP-00717,TNP-00788,shared_constituency,ADV-2005,1,0.076923,TNC-a527c1dc08d3,المنظمة المهنية للأعراف,14,1,,2011-03-23,true
TNP-00720,TNP-00742,shared_constituency,ADV-2005,1,1,TNC-09d562a5391e,المنستير,2,1,,2011-03-23,true
TNP-00722,TNP-00725,shared_constituency,ADV-2005,1,0.076923,TNC-84f5b7eec7c0,المنظمة المهنية للفلاحين,14,1,,2011-03-23,true
TNP-00722,TNP-00727,shared_constituency,ADV-2005,1,0.076923,TNC-84f5b7eec7c0,المنظمة المهنية للفلاحين,14,1,,2011-03-23,true
TNP-00722,TNP-00747,shared_constituency,ADV-2005,1,0.076923,TNC-84f5b7eec7c0,المنظمة المهنية للفلاحين,14,1,,2011-03-23,true
TNP-00722,TNP-00749,shared_constituency,ADV-2005,1,0.076923,TNC-84f5b7eec7c0,المنظمة المهنية للفلاحين,14,1,,2011-03-23,true
TNP-00722,TNP-00762,shared_constituency,ADV-2005,1,0.076923,TNC-84f5b7eec7c0,المنظمة المهنية للفلاحين,14,1,,2011-03-23,true
TNP-00722,TNP-00763,shared_constituency,ADV-2005,1,0.076923,TNC-84f5b7eec7c0,المنظمة المهنية للفلاحين,14,1,,2011-03-23,true
TNP-00722,TNP-00771,shared_constituency,ADV-2005,1,0.076923,TNC-84f5b7eec7c0,المنظمة المهنية للفلاحين,14,1,,2011-03-23,true
TNP-00722,TNP-00787,shared_constituency,ADV-2005,1,0.076923,TNC-84f5b7eec7c0,المنظمة المهنية للفلاحين,14,1,,2011-03-23,true
TNP-00722,TNP-00789,shared_constituency,ADV-2005,1,0.076923,TNC-84f5b7eec7c0,المنظمة المهنية للفلاحين,14,1,,2011-03-23,true
TNP-00723,TNP-00726,shared_constituency,ADV-2005,1,0.076923,TNC-a527c1dc08d3,المنظمة المهنية للأعراف,14,1,,2011-03-23,true
TNP-00723,TNP-00734,shared_constituency,ADV-2005,1,0.076923,TNC-a527c1dc08d3,المنظمة المهنية للأعراف,14,1,,2011-03-23,true
TNP-00723,TNP-00738,shared_constituency,ADV-2005,1,0.076923,TNC-a527c1dc08d3,المنظمة المهنية للأعراف,14,1,,2011-03-23,true
TNP-00723,TNP-00739,shared_constituency,ADV-2005,1,0.076923,TNC-a527c1dc08d3,المنظمة المهنية للأعراف,14,1,,2011-03-23,true
TNP-00723,TNP-00741,shared_constituency,ADV-2005,1,0.076923,TNC-a527c1dc08d3,المنظمة المهنية للأعراف,14,1,,2011-03-23,true
TNP-00723,TNP-00753,shared_constituency,ADV-2005,1,0.076923,TNC-a527c1dc08d3,المنظمة المهنية للأعراف,14,1,,2011-03-23,true
TNP-00723,TNP-00755,shared_constituency,ADV-2005,1,0.076923,TNC-a527c1dc08d3,المنظمة المهنية للأعراف,14,1,,2011-03-23,true
TNP-00723,TNP-00756,shared_constituency,ADV-2005,1,0.076923,TNC-a527c1dc08d3,المنظمة المهنية للأعراف,14,1,,2011-03-23,true
TNP-00723,TNP-00759,shared_constituency,ADV-2005,1,0.076923,TNC-a527c1dc08d3,المنظمة المهنية للأعراف,14,1,,2011-03-23,true
TNP-00723,TNP-00766,shared_constituency,ADV-2005,1,0.076923,TNC-a527c1dc08d3,المنظمة المهنية للأعراف,14,1,,2011-03-23,true
TNP-00723,TNP-00783,shared_constituency,ADV-2005,1,0.076923,TNC-a527c1dc08d3,المنظمة المهنية للأعراف,14,1,,2011-03-23,true
TNP-00723,TNP-00788,shared_constituency,ADV-2005,1,0.076923,TNC-a527c1dc08d3,المنظمة المهنية للأعراف,14,1,,2011-03-23,true
TNP-00725,TNP-00727,shared_constituency,ADV-2005,1,0.076923,TNC-84f5b7eec7c0,المنظمة المهنية للفلاحين,14,1,,2011-03-23,true
TNP-00725,TNP-00747,shared_constituency,ADV-2005,1,0.076923,TNC-84f5b7eec7c0,المنظمة المهنية للفلاحين,14,1,,2011-03-23,true
TNP-00725,TNP-00749,shared_constituency,ADV-2005,1,0.076923,TNC-84f5b7eec7c0,المنظمة المهنية للفلاحين,14,1,,2011-03-23,true
TNP-00725,TNP-00762,shared_constituency,ADV-2005,1,0.076923,TNC-84f5b7eec7c0,المنظمة المهنية للفلاحين,14,1,,2011-03-23,true
TNP-00725,TNP-00763,shared_constituency,ADV-2005,1,0.076923,TNC-84f5b7eec7c0,المنظمة المهنية للفلاحين,14,1,,2011-03-23,true
TNP-00725,TNP-00771,shared_constituency,ADV-2005,1,0.076923,TNC-84f5b7eec7c0,المنظمة المهنية للفلاحين,14,1,,2011-03-23,true
TNP-00725,TNP-00787,shared_constituency,ADV-2005,1,0.076923,TNC-84f5b7eec7c0,المنظمة المهنية للفلاحين,14,1,,2011-03-23,true
TNP-00725,TNP-00789,shared_constituency,ADV-2005,1,0.076923,TNC-84f5b7eec7c0,المنظمة المهنية للفلاحين,14,1,,2011-03-23,true
TNP-00726,TNP-00734,shared_constituency,ADV-2005,1,0.076923,TNC-a527c1dc08d3,المنظمة المهنية للأعراف,14,1,,2011-03-23,true
TNP-00726,TNP-00738,shared_constituency,ADV-2005,1,0.076923,TNC-a527c1dc08d3,المنظمة المهنية للأعراف,14,1,,2011-03-23,true
TNP-00726,TNP-00739,shared_constituency,ADV-2005,1,0.076923,TNC-a527c1dc08d3,المنظمة المهنية للأعراف,14,1,,2011-03-23,true
TNP-00726,TNP-00741,shared_constituency,ADV-2005,1,0.076923,TNC-a527c1dc08d3,المنظمة المهنية للأعراف,14,1,,2011-03-23,true
TNP-00726,TNP-00753,shared_constituency,ADV-2005,1,0.076923,TNC-a527c1dc08d3,المنظمة المهنية للأعراف,14,1,,2011-03-23,true
TNP-00726,TNP-00755,shared_constituency,ADV-2005,1,0.076923,TNC-a527c1dc08d3,المنظمة المهنية للأعراف,14,1,,2011-03-23,true
TNP-00726,TNP-00756,shared_constituency,ADV-2005,1,0.076923,TNC-a527c1dc08d3,المنظمة المهنية للأعراف,14,1,,2011-03-23,true
TNP-00726,TNP-00759,shared_constituency,ADV-2005,1,0.076923,TNC-a527c1dc08d3,المنظمة المهنية للأعراف,14,1,,2011-03-23,true
TNP-00726,TNP-00766,shared_constituency,ADV-2005,1,0.076923,TNC-a527c1dc08d3,المنظمة المهنية للأعراف,14,1,,2011-03-23,true
TNP-00726,TNP-00783,shared_constituency,ADV-2005,1,0.076923,TNC-a527c1dc08d3,المنظمة المهنية للأعراف,14,1,,2011-03-23,true
TNP-00726,TNP-00788,shared_constituency,ADV-2005,1,0.076923,TNC-a527c1dc08d3,المنظمة المهنية للأعراف,14,1,,2011-03-23,true
TNP-00727,TNP-00747,shared_constituency,ADV-2005,1,0.076923,TNC-84f5b7eec7c0,المنظمة المهنية للفلاحين,14,1,,2011-03-23,true
TNP-00727,TNP-00749,shared_constituency,ADV-2005,1,0.076923,TNC-84f5b7eec7c0,المنظمة المهنية للفلاحين,14,1,,2011-03-23,true
TNP-00727,TNP-00762,shared_constituency,ADV-2005,1,0.076923,TNC-84f5b7eec7c0,المنظمة المهنية للفلاحين,14,1,,2011-03-23,true
TNP-00727,TNP-00763,shared_constituency,ADV-2005,1,0.076923,TNC-84f5b7eec7c0,المنظمة المهنية للفلاحين,14,1,,2011-03-23,true
TNP-00727,TNP-00771,shared_constituency,ADV-2005,1,0.076923,TNC-84f5b7eec7c0,المنظمة المهنية للفلاحين,14,1,,2011-03-23,true
TNP-00727,TNP-00787,shared_constituency,ADV-2005,1,0.076923,TNC-84f5b7eec7c0,المنظمة المهنية للفلاحين,14,1,,2011-03-23,true
TNP-00727,TNP-00789,shared_constituency,ADV-2005,1,0.076923,TNC-84f5b7eec7c0,المنظمة المهنية للفلاحين,14,1,,2011-03-23,true
TNP-00729,TNP-00736,shared_constituency,ADV-2005,1,1,TNC-37109002e031,تونس,2,1,,2011-03-23,true
TNP-00732,TNP-00773,shared_constituency,ADV-2005,1,1,TNC-c28a3e3bd297,القيروان,2,1,,2011-03-23,true
TNP-00734,TNP-00738,shared_constituency,ADV-2005,1,0.076923,TNC-a527c1dc08d3,المنظمة المهنية للأعراف,14,1,,2011-03-23,true
TNP-00734,TNP-00739,shared_constituency,ADV-2005,1,0.076923,TNC-a527c1dc08d3,المنظمة المهنية للأعراف,14,1,,2011-03-23,true
TNP-00734,TNP-00741,shared_constituency,ADV-2005,1,0.076923,TNC-a527c1dc08d3,المنظمة المهنية للأعراف,14,1,,2011-03-23,true
TNP-00734,TNP-00753,shared_constituency,ADV-2005,1,0.076923,TNC-a527c1dc08d3,المنظمة المهنية للأعراف,14,1,,2011-03-23,true
TNP-00734,TNP-00755,shared_constituency,ADV-2005,1,0.076923,TNC-a527c1dc08d3,المنظمة المهنية للأعراف,14,1,,2011-03-23,true
TNP-00734,TNP-00756,shared_constituency,ADV-2005,1,0.076923,TNC-a527c1dc08d3,المنظمة المهنية للأعراف,14,1,,2011-03-23,true
TNP-00734,TNP-00759,shared_constituency,ADV-2005,1,0.076923,TNC-a527c1dc08d3,المنظمة المهنية للأعراف,14,1,,2011-03-23,true
TNP-00734,TNP-00766,shared_constituency,ADV-2005,1,0.076923,TNC-a527c1dc08d3,المنظمة المهنية للأعراف,14,1,,2011-03-23,true
TNP-00734,TNP-00783,shared_constituency,ADV-2005,1,0.076923,TNC-a527c1dc08d3,المنظمة المهنية للأعراف,14,1,,2011-03-23,true
TNP-00734,TNP-00788,shared_constituency,ADV-2005,1,0.076923,TNC-a527c1dc08d3,المنظمة المهنية للأعراف,14,1,,2011-03-23,true
TNP-00738,TNP-00739,shared_constituency,ADV-2005,1,0.076923,TNC-a527c1dc08d3,المنظمة المهنية للأعراف,14,1,,2011-03-23,true
TNP-00738,TNP-00741,shared_constituency,ADV-2005,1,0.076923,TNC-a527c1dc08d3,المنظمة المهنية للأعراف,14,1,,2011-03-23,true
TNP-00738,TNP-00753,shared_constituency,ADV-2005,1,0.076923,TNC-a527c1dc08d3,المنظمة المهنية للأعراف,14,1,,2011-03-23,true
TNP-00738,TNP-00755,shared_constituency,ADV-2005,1,0.076923,TNC-a527c1dc08d3,المنظمة المهنية للأعراف,14,1,,2011-03-23,true
TNP-00738,TNP-00756,shared_constituency,ADV-2005,1,0.076923,TNC-a527c1dc08d3,المنظمة المهنية للأعراف,14,1,,2011-03-23,true
TNP-00738,TNP-00759,shared_constituency,ADV-2005,1,0.076923,TNC-a527c1dc08d3,المنظمة المهنية للأعراف,14,1,,2011-03-23,true
TNP-00738,TNP-00766,shared_constituency,ADV-2005,1,0.076923,TNC-a527c1dc08d3,المنظمة المهنية للأعراف,14,1,,2011-03-23,true
TNP-00738,TNP-00783,shared_constituency,ADV-2005,1,0.076923,TNC-a527c1dc08d3,المنظمة المهنية للأعراف,14,1,,2011-03-23,true
TNP-00738,TNP-00788,shared_constituency,ADV-2005,1,0.076923,TNC-a527c1dc08d3,المنظمة المهنية للأعراف,14,1,,2011-03-23,true
TNP-00739,TNP-00741,shared_constituency,ADV-2005,1,0.076923,TNC-a527c1dc08d3,المنظمة المهنية للأعراف,14,1,,2011-03-23,true
TNP-00739,TNP-00753,shared_constituency,ADV-2005,1,0.076923,TNC-a527c1dc08d3,المنظمة المهنية للأعراف,14,1,,2011-03-23,true
TNP-00739,TNP-00755,shared_constituency,ADV-2005,1,0.076923,TNC-a527c1dc08d3,المنظمة المهنية للأعراف,14,1,,2011-03-23,true
TNP-00739,TNP-00756,shared_constituency,ADV-2005,1,0.076923,TNC-a527c1dc08d3,المنظمة المهنية للأعراف,14,1,,2011-03-23,true
TNP-00739,TNP-00759,shared_constituency,ADV-2005,1,0.076923,TNC-a527c1dc08d3,المنظمة المهنية للأعراف,14,1,,2011-03-23,true
TNP-00739,TNP-00766,shared_constituency,ADV-2005,1,0.076923,TNC-a527c1dc08d3,المنظمة المهنية للأعراف,14,1,,2011-03-23,true
TNP-00739,TNP-00783,shared_constituency,ADV-2005,1,0.076923,TNC-a527c1dc08d3,المنظمة المهنية للأعراف,14,1,,2011-03-23,true
TNP-00739,TNP-00788,shared_constituency,ADV-2005,1,0.076923,TNC-a527c1dc08d3,المنظمة المهنية للأعراف,14,1,,2011-03-23,true
TNP-00741,TNP-00753,shared_constituency,ADV-2005,1,0.076923,TNC-a527c1dc08d3,المنظمة المهنية للأعراف,14,1,,2011-03-23,true
TNP-00741,TNP-00755,shared_constituency,ADV-2005,1,0.076923,TNC-a527c1dc08d3,المنظمة المهنية للأعراف,14,1,,2011-03-23,true
TNP-00741,TNP-00756,shared_constituency,ADV-2005,1,0.076923,TNC-a527c1dc08d3,المنظمة المهنية للأعراف,14,1,,2011-03-23,true
TNP-00741,TNP-00759,shared_constituency,ADV-2005,1,0.076923,TNC-a527c1dc08d3,المنظمة المهنية للأعراف,14,1,,2011-03-23,true
TNP-00741,TNP-00766,shared_constituency,ADV-2005,1,0.076923,TNC-a527c1dc08d3,المنظمة المهنية للأعراف,14,1,,2011-03-23,true
TNP-00741,TNP-00783,shared_constituency,ADV-2005,1,0.076923,TNC-a527c1dc08d3,المنظمة المهنية للأعراف,14,1,,2011-03-23,true
TNP-00741,TNP-00788,shared_constituency,ADV-2005,1,0.076923,TNC-a527c1dc08d3,المنظمة المهنية للأعراف,14,1,,2011-03-23,true
TNP-00747,TNP-00749,shared_constituency,ADV-2005,1,0.076923,TNC-84f5b7eec7c0,المنظمة المهنية للفلاحين,14,1,,2011-03-23,true
TNP-00747,TNP-00762,shared_constituency,ADV-2005,1,0.076923,TNC-84f5b7eec7c0,المنظمة المهنية للفلاحين,14,1,,2011-03-23,true
TNP-00747,TNP-00763,shared_constituency,ADV-2005,1,0.076923,TNC-84f5b7eec7c0,المنظمة المهنية للفلاحين,14,1,,2011-03-23,true
TNP-00747,TNP-00771,shared_constituency,ADV-2005,1,0.076923,TNC-84f5b7eec7c0,المنظمة المهنية للفلاحين,14,1,,2011-03-23,true
TNP-00747,TNP-00787,shared_constituency,ADV-2005,1,0.076923,TNC-84f5b7eec7c0,المنظمة المهنية للفلاحين,14,1,,2011-03-23,true
TNP-00747,TNP-00789,shared_constituency,ADV-2005,1,0.076923,TNC-84f5b7eec7c0,المنظمة المهنية للفلاحين,14,1,,2011-03-23,true
TNP-00749,TNP-00762,shared_constituency,ADV-2005,1,0.076923,TNC-84f5b7eec7c0,المنظمة المهنية للفلاحين,14,1,,2011-03-23,true
TNP-00749,TNP-00763,shared_constituency,ADV-2005,1,0.076923,TNC-84f5b7eec7c0,المنظمة المهنية للفلاحين,14,1,,2011-03-23,true
TNP-00749,TNP-00771,shared_constituency,ADV-2005,1,0.076923,TNC-84f5b7eec7c0,المنظمة المهنية للفلاحين,14,1,,2011-03-23,true
TNP-00749,TNP-00787,shared_constituency,ADV-2005,1,0.076923,TNC-84f5b7eec7c0,المنظمة المهنية للفلاحين,14,1,,2011-03-23,true
TNP-00749,TNP-00789,shared_constituency,ADV-2005,1,0.076923,TNC-84f5b7eec7c0,المنظمة المهنية للفلاحين,14,1,,2011-03-23,true
TNP-00753,TNP-00755,shared_constituency,ADV-2005,1,0.076923,TNC-a527c1dc08d3,المنظمة المهنية للأعراف,14,1,,2011-03-23,true
TNP-00753,TNP-00756,shared_constituency,ADV-2005,1,0.076923,TNC-a527c1dc08d3,المنظمة المهنية للأعراف,14,1,,2011-03-23,true
TNP-00753,TNP-00759,shared_constituency,ADV-2005,1,0.076923,TNC-a527c1dc08d3,المنظمة المهنية للأعراف,14,1,,2011-03-23,true
TNP-00753,TNP-00766,shared_constituency,ADV-2005,1,0.076923,TNC-a527c1dc08d3,المنظمة المهنية للأعراف,14,1,,2011-03-23,true
TNP-00753,TNP-00783,shared_constituency,ADV-2005,1,0.076923,TNC-a527c1dc08d3,المنظمة المهنية للأعراف,14,1,,2011-03-23,true
TNP-00753,TNP-00788,shared_constituency,ADV-2005,1,0.076923,TNC-a527c1dc08d3,المنظمة المهنية للأعراف,14,1,,2011-03-23,true
TNP-00755,TNP-00756,shared_constituency,ADV-2005,1,0.076923,TNC-a527c1dc08d3,المنظمة المهنية للأعراف,14,1,,2011-03-23,true
TNP-00755,TNP-00759,shared_constituency,ADV-2005,1,0.076923,TNC-a527c1dc08d3,المنظمة المهنية للأعراف,14,1,,2011-03-23,true
TNP-00755,TNP-00766,shared_constituency,ADV-2005,1,0.076923,TNC-a527c1dc08d3,المنظمة المهنية للأعراف,14,1,,2011-03-23,true
TNP-00755,TNP-00783,shared_constituency,ADV-2005,1,0.076923,TNC-a527c1dc08d3,المنظمة المهنية للأعراف,14,1,,2011-03-23,true
TNP-00755,TNP-00788,shared_constituency,ADV-2005,1,0.076923,TNC-a527c1dc08d3,المنظمة المهنية للأعراف,14,1,,2011-03-23,true
TNP-00756,TNP-00759,shared_constituency,ADV-2005,1,0.076923,TNC-a527c1dc08d3,المنظمة المهنية للأعراف,14,1,,2011-03-23,true
TNP-00756,TNP-00766,shared_constituency,ADV-2005,1,0.076923,TNC-a527c1dc08d3,المنظمة المهنية للأعراف,14,1,,2011-03-23,true
TNP-00756,TNP-00783,shared_constituency,ADV-2005,1,0.076923,TNC-a527c1dc08d3,المنظمة المهنية للأعراف,14,1,,2011-03-23,true
TNP-00756,TNP-00788,shared_constituency,ADV-2005,1,0.076923,TNC-a527c1dc08d3,المنظمة المهنية للأعراف,14,1,,2011-03-23,true
TNP-00759,TNP-00766,shared_constituency,ADV-2005,1,0.076923,TNC-a527c1dc08d3,المنظمة المهنية للأعراف,14,1,,2011-03-23,true
TNP-00759,TNP-00783,shared_constituency,ADV-2005,1,0.076923,TNC-a527c1dc08d3,المنظمة المهنية للأعراف,14,1,,2011-03-23,true
TNP-00759,TNP-00788,shared_constituency,ADV-2005,1,0.076923,TNC-a527c1dc08d3,المنظمة المهنية للأعراف,14,1,,2011-03-23,true
TNP-00762,TNP-00763,shared_constituency,ADV-2005,1,0.076923,TNC-84f5b7eec7c0,المنظمة المهنية للفلاحين,14,1,,2011-03-23,true
TNP-00762,TNP-00771,shared_constituency,ADV-2005,1,0.076923,TNC-84f5b7eec7c0,المنظمة المهنية للفلاحين,14,1,,2011-03-23,true
TNP-00762,TNP-00787,shared_constituency,ADV-2005,1,0.076923,TNC-84f5b7eec7c0,المنظمة المهنية للفلاحين,14,1,,2011-03-23,true
TNP-00762,TNP-00789,shared_constituency,ADV-2005,1,0.076923,TNC-84f5b7eec7c0,المنظمة المهنية للفلاحين,14,1,,2011-03-23,true
TNP-00763,TNP-00771,shared_constituency,ADV-2005,1,0.076923,TNC-84f5b7eec7c0,المنظمة المهنية للفلاحين,14,1,,2011-03-23,true
TNP-00763,TNP-00787,shared_constituency,ADV-2005,1,0.076923,TNC-84f5b7eec7c0,المنظمة المهنية للفلاحين,14,1,,2011-03-23,true
TNP-00763,TNP-00789,shared_constituency,ADV-2005,1,0.076923,TNC-84f5b7eec7c0,المنظمة المهنية للفلاحين,14,1,,2011-03-23,true
TNP-00765,TNP-00785,shared_constituency,ADV-2005,1,1,TNC-885075ec6154,نابل,2,1,,2011-03-23,true
TNP-00766,TNP-00783,shared_constituency,ADV-2005,1,0.076923,TNC-a527c1dc08d3,المنظمة المهنية للأعراف,14,1,,2011-03-23,true
TNP-00766,TNP-00788,shared_constituency,ADV-2005,1,0.076923,TNC-a527c1dc08d3,المنظمة المهنية للأعراف,14,1,,2011-03-23,true
TNP-00771,TNP-00787,shared_constituency,ADV-2005,1,0.076923,TNC-84f5b7eec7c0,المنظمة المهنية للفلاحين,14,1,,2011-03-23,true
TNP-00771,TNP-00789,shared_constituency,ADV-2005,1,0.076923,TNC-84f5b7eec7c0,المنظمة المهنية للفلاحين,14,1,,2011-03-23,true
TNP-00783,TNP-00788,shared_constituency,ADV-2005,1,0.076923,TNC-a527c1dc08d3,المنظمة المهنية للأعراف,14,1,,2011-03-23,true
TNP-00787,TNP-00789,shared_constituency,ADV-2005,1,0.076923,TNC-84f5b7eec7c0,المنظمة المهنية للفلاحين,14,1,,2011-03-23,true
TNP-00569,TNP-00570,shared_constituency,ANC-1956,1,0.2,TNC-54511a128e73,ضواحي تونس,6,1,1956-04-08,1959-06-01,false
TNP-00569,TNP-00571,shared_constituency,ANC-1956,1,0.2,TNC-54511a128e73,ضواحي تونس,6,1,1956-04-08,1959-06-01,false
TNP-00569,TNP-00572,shared_constituency,ANC-1956,1,0.2,TNC-54511a128e73,ضواحي تونس,6,1,1956-04-08,1959-06-01,false
TNP-00569,TNP-00573,shared_constituency,ANC-1956,1,0.2,TNC-54511a128e73,ضواحي تونس,6,1,1956-04-08,1959-06-01,false
TNP-00569,TNP-00574,shared_constituency,ANC-1956,1,0.2,TNC-54511a128e73,ضواحي تونس,6,1,1956-04-08,1959-06-01,false
TNP-00570,TNP-00571,shared_constituency,ANC-1956,1,0.2,TNC-54511a128e73,ضواحي تونس,6,1,1956-04-08,1959-06-01,false
TNP-00570,TNP-00572,shared_constituency,ANC-1956,1,0.2,TNC-54511a128e73,ضواحي تونس,6,1,1956-04-08,1959-06-01,false
TNP-00570,TNP-00573,shared_constituency,ANC-1956,1,0.2,TNC-54511a128e73,ضواحي تونس,6,1,1956-04-08,1959-06-01,false
TNP-00570,TNP-00574,shared_constituency,ANC-1956,1,0.2,TNC-54511a128e73,ضواحي تونس,6,1,1956-04-08,1959-06-01,false
TNP-00571,TNP-00572,shared_constituency,ANC-1956,1,0.2,TNC-54511a128e73,ضواحي تونس,6,1,1956-04-08,1959-06-01,false
TNP-00571,TNP-00573,shared_constituency,ANC-1956,1,0.2,TNC-54511a128e73,ضواحي تونس,6,1,1956-04-08,1959-06-01,false
TNP-00571,TNP-00574,shared_constituency,ANC-1956,1,0.2,TNC-54511a128e73,ضواحي تونس,6,1,1956-04-08,1959-06-01,false
TNP-00572,TNP-00573,shared_constituency,ANC-1956,1,0.2,TNC-54511a128e73,ضواحي تونس,6,1,1956-04-08,1959-06-01,false
TNP-00572,TNP-00574,shared_constituency,ANC-1956,1,0.2,TNC-54511a128e73,ضواحي تونس,6,1,1956-04-08,1959-06-01,false
TNP-00573,TNP-00574,shared_constituency,ANC-1956,1,0.2,TNC-54511a128e73,ضواحي تونس,6,1,1956-04-08,1959-06-01,false
TNP-00575,TNP-00576,shared_constituency,ANC-1956,1,0.2,TNC-c6aa33a8a03e,بنزرت-ماطر,6,1,1956-04-08,1959-06-01,false
TNP-00575,TNP-00577,shared_constituency,ANC-1956,1,0.2,TNC-c6aa33a8a03e,بنزرت-ماطر,6,1,1956-04-08,1959-06-01,false
TNP-00575,TNP-00578,shared_constituency,ANC-1956,1,0.2,TNC-c6aa33a8a03e,بنزرت-ماطر,6,1,1956-04-08,1959-06-01,false
TNP-00575,TNP-00579,shared_constituency,ANC-1956,1,0.2,TNC-c6aa33a8a03e,بنزرت-ماطر,6,1,1956-04-08,1959-06-01,false
TNP-00575,TNP-00580,shared_constituency,ANC-1956,1,0.2,TNC-c6aa33a8a03e,بنزرت-ماطر,6,1,1956-04-08,1959-06-01,false
TNP-00576,TNP-00577,shared_constituency,ANC-1956,1,0.2,TNC-c6aa33a8a03e,بنزرت-ماطر,6,1,1956-04-08,1959-06-01,false
TNP-00576,TNP-00578,shared_constituency,ANC-1956,1,0.2,TNC-c6aa33a8a03e,بنزرت-ماطر,6,1,1956-04-08,1959-06-01,false
TNP-00576,TNP-00579,shared_constituency,ANC-1956,1,0.2,TNC-c6aa33a8a03e,بنزرت-ماطر,6,1,1956-04-08,1959-06-01,false
TNP-00576,TNP-00580,shared_constituency,ANC-1956,1,0.2,TNC-c6aa33a8a03e,بنزرت-ماطر,6,1,1956-04-08,1959-06-01,false
TNP-00577,TNP-00578,shared_constituency,ANC-1956,1,0.2,TNC-c6aa33a8a03e,بنزرت-ماطر,6,1,1956-04-08,1959-06-01,false
TNP-00577,TNP-00579,shared_constituency,ANC-1956,1,0.2,TNC-c6aa33a8a03e,بنزرت-ماطر,6,1,1956-04-08,1959-06-01,false
TNP-00577,TNP-00580,shared_constituency,ANC-1956,1,0.2,TNC-c6aa33a8a03e,بنزرت-ماطر,6,1,1956-04-08,1959-06-01,false
TNP-00578,TNP-00579,shared_constituency,ANC-1956,1,0.2,TNC-c6aa33a8a03e,بنزرت-ماطر,6,1,1956-04-08,1959-06-01,false
TNP-00578,TNP-00580,shared_constituency,ANC-1956,1,0.2,TNC-c6aa33a8a03e,بنزرت-ماطر,6,1,1956-04-08,1959-06-01,false
TNP-00579,TNP-00580,shared_constituency,ANC-1956,1,0.2,TNC-c6aa33a8a03e,بنزرت-ماطر,6,1,1956-04-08,1959-06-01,false
TNP-00581,TNP-00582,shared_constituency,ANC-1956,1,0.25,TNC-6b5b44e762cb,قابس-جربة,5,1,1956-04-08,1959-06-01,false
TNP-00581,TNP-00583,shared_constituency,ANC-1956,1,0.25,TNC-6b5b44e762cb,قابس-جربة,5,1,1956-04-08,1959-06-01,false
TNP-00581,TNP-00584,shared_constituency,ANC-1956,1,0.25,TNC-6b5b44e762cb,قابس-جربة,5,1,1956-04-08,1959-06-01,false
TNP-00581,TNP-00585,shared_constituency,ANC-1956,1,0.25,TNC-6b5b44e762cb,قابس-جربة,5,1,1956-04-08,1959-06-01,false
TNP-00582,TNP-00583,shared_constituency,ANC-1956,1,0.25,TNC-6b5b44e762cb,قابس-جربة,5,1,1956-04-08,1959-06-01,false
TNP-00582,TNP-00584,shared_constituency,ANC-1956,1,0.25,TNC-6b5b44e762cb,قابس-جربة,5,1,1956-04-08,1959-06-01,false
TNP-00582,TNP-00585,shared_constituency,ANC-1956,1,0.25,TNC-6b5b44e762cb,قابس-جربة,5,1,1956-04-08,1959-06-01,false
TNP-00583,TNP-00584,shared_constituency,ANC-1956,1,0.25,TNC-6b5b44e762cb,قابس-جربة,5,1,1956-04-08,1959-06-01,false
TNP-00583,TNP-00585,shared_constituency,ANC-1956,1,0.25,TNC-6b5b44e762cb,قابس-جربة,5,1,1956-04-08,1959-06-01,false
TNP-00584,TNP-00585,shared_constituency,ANC-1956,1,0.25,TNC-6b5b44e762cb,قابس-جربة,5,1,1956-04-08,1959-06-01,false
TNP-00586,TNP-00587,shared_constituency,ANC-1956,1,0.2,TNC-0e432e6af759,القيروان-جلاص,6,1,1956-04-08,1959-06-01,false
TNP-00586,TNP-00588,shared_constituency,ANC-1956,1,0.2,TNC-0e432e6af759,القيروان-جلاص,6,1,1956-04-08,1959-06-01,false
TNP-00586,TNP-00589,shared_constituency,ANC-1956,1,0.2,TNC-0e432e6af759,القيروان-جلاص,6,1,1956-04-08,1959-06-01,false
TNP-00586,TNP-00590,shared_constituency,ANC-1956,1,0.2,TNC-0e432e6af759,القيروان-جلاص,6,1,1956-04-08,1959-06-01,false
TNP-00586,TNP-00591,shared_constituency,ANC-1956,1,0.2,TNC-0e432e6af759,القيروان-جلاص,6,1,1956-04-08,1959-06-01,false
TNP-00587,TNP-00588,shared_constituency,ANC-1956,1,0.2,TNC-0e432e6af759,القيروان-جلاص,6,1,1956-04-08,1959-06-01,false
TNP-00587,TNP-00589,shared_constituency,ANC-1956,1,0.2,TNC-0e432e6af759,القيروان-جلاص,6,1,1956-04-08,1959-06-01,false
TNP-00587,TNP-00590,shared_constituency,ANC-1956,1,0.2,TNC-0e432e6af759,القيروان-جلاص,6,1,1956-04-08,1959-06-01,false
TNP-00587,TNP-00591,shared_constituency,ANC-1956,1,0.2,TNC-0e432e6af759,القيروان-جلاص,6,1,1956-04-08,1959-06-01,false
TNP-00588,TNP-00589,shared_constituency,ANC-1956,1,0.2,TNC-0e432e6af759,القيروان-جلاص,6,1,1956-04-08,1959-06-01,false
TNP-00588,TNP-00590,shared_constituency,ANC-1956,1,0.2,TNC-0e432e6af759,القيروان-جلاص,6,1,1956-04-08,1959-06-01,false
TNP-00588,TNP-00591,shared_constituency,ANC-1956,1,0.2,TNC-0e432e6af759,القيروان-جلاص,6,1,1956-04-08,1959-06-01,false
TNP-00589,TNP-00590,shared_constituency,ANC-1956,1,0.2,TNC-0e432e6af759,القيروان-جلاص,6,1,1956-04-08,1959-06-01,false
TNP-00589,TNP-00591,shared_constituency,ANC-1956,1,0.2,TNC-0e432e6af759,القيروان-جلاص,6,1,1956-04-08,1959-06-01,false
TNP-00590,TNP-00591,shared_constituency,ANC-1956,1,0.2,TNC-0e432e6af759,القيروان-جلاص,6,1,1956-04-08,1959-06-01,false
TNP-00592,TNP-00593,shared_constituency,ANC-1956,1,0.25,TNC-255578e873cd,الكاف-تبرسق,5,1,1956-04-08,1956-08-26,false
TNP-00592,TNP-00594,shared_constituency,ANC-1956,1,0.25,TNC-255578e873cd,الكاف-تبرسق,5,1,1956-04-08,1959-06-01,false
TNP-00592,TNP-00595,shared_constituency,ANC-1956,1,0.25,TNC-255578e873cd,الكاف-تبرسق,5,1,1956-04-08,1959-06-01,false
TNP-00592,TNP-00596,shared_constituency,ANC-1956,1,0.25,TNC-255578e873cd,الكاف-تبرسق,5,1,1956-04-08,1956-08-26,false
TNP-00593,TNP-00594,shared_constituency,ANC-1956,1,0.25,TNC-255578e873cd,الكاف-تبرسق,5,1,1956-04-08,1956-08-26,false
TNP-00593,TNP-00595,shared_constituency,ANC-1956,1,0.25,TNC-255578e873cd,الكاف-تبرسق,5,1,1956-04-08,1956-08-26,false
TNP-00593,TNP-00596,shared_constituency,ANC-1956,1,0.25,TNC-255578e873cd,الكاف-تبرسق,5,1,1956-04-08,1956-08-26,false
TNP-00594,TNP-00595,shared_constituency,ANC-1956,1,0.25,TNC-255578e873cd,الكاف-تبرسق,5,1,1956-04-08,1959-06-01,false
TNP-00594,TNP-00596,shared_constituency,ANC-1956,1,0.25,TNC-255578e873cd,الكاف-تبرسق,5,1,1956-04-08,1956-08-26,false
TNP-00595,TNP-00596,shared_constituency,ANC-1956,1,0.25,TNC-255578e873cd,الكاف-تبرسق,5,1,1956-04-08,1956-08-26,false
TNP-00597,TNP-00598,shared_constituency,ANC-1956,1,0.333333,TNC-59fc1f46fd37,المهدية-السواسي,4,1,1956-04-08,1959-06-01,false
TNP-00597,TNP-00599,shared_constituency,ANC-1956,1,0.333333,TNC-59fc1f46fd37,المهدية-السواسي,4,1,1956-04-08,1959-06-01,false
TNP-00597,TNP-00600,shared_constituency,ANC-1956,1,0.333333,TNC-59fc1f46fd37,المهدية-السواسي,4,1,1956-04-08,1959-06-01,false
TNP-00598,TNP-00599,shared_constituency,ANC-1956,1,0.333333,TNC-59fc1f46fd37,المهدية-السواسي,4,1,1956-04-08,1959-06-01,false
TNP-00598,TNP-00600,shared_constituency,ANC-1956,1,0.333333,TNC-59fc1f46fd37,المهدية-السواسي,4,1,1956-04-08,1959-06-01,false
TNP-00599,TNP-00600,shared_constituency,ANC-1956,1,0.333333,TNC-59fc1f46fd37,المهدية-السواسي,4,1,1956-04-08,1959-06-01,false
TNP-00601,TNP-00602,shared_constituency,ANC-1956,1,0.333333,TNC-5438f058c2e9,مكثر-سليانة-تاجروين,4,1,1956-04-08,1956-08-26,false
TNP-00601,TNP-00603,shared_constituency,ANC-1956,1,0.333333,TNC-5438f058c2e9,مكثر-سليانة-تاجروين,4,1,1956-04-08,1956-08-26,false
TNP-00601,TNP-00604,shared_constituency,ANC-1956,1,0.333333,TNC-5438f058c2e9,مكثر-سليانة-تاجروين,4,1,1956-04-08,1956-08-26,false
TNP-00602,TNP-00603,shared_constituency,ANC-1956,1,0.333333,TNC-5438f058c2e9,مكثر-سليانة-تاجروين,4,1,1956-04-08,1959-06-01,false
TNP-00602,TNP-00604,shared_constituency,ANC-1956,1,0.333333,TNC-5438f058c2e9,مكثر-سليانة-تاجروين,4,1,1956-04-08,1959-06-01,false
TNP-00603,TNP-00604,shared_constituency,ANC-1956,1,0.333333,TNC-5438f058c2e9,مكثر-سليانة-تاجروين,4,1,1956-04-08,1959-06-01,false
TNP-00605,TNP-00606,shared_constituency,ANC-1956,1,0.333333,TNC-74d40c23d232,مجردة-زغوان,4,1,1956-04-08,1959-06-01,false
TNP-00605,TNP-00607,shared_constituency,ANC-1956,1,0.333333,TNC-74d40c23d232,مجردة-زغوان,4,1,1956-04-08,1956-08-26,false
TNP-00605,TNP-00608,shared_constituency,ANC-1956,1,0.333333,TNC-74d40c23d232,مجردة-زغوان,4,1,1956-04-08,1959-06-01,false
TNP-00606,TNP-00607,shared_constituency,ANC-1956,1,0.333333,TNC-74d40c23d232,مجردة-زغوان,4,1,1956-04-08,1956-08-26,false
TNP-00606,TNP-00608,shared_constituency,ANC-1956,1,0.333333,TNC-74d40c23d232,مجردة-زغوان,4,1,1956-04-08,1959-06-01,false
TNP-00607,TNP-00608,shared_constituency,ANC-1956,1,0.333333,TNC-74d40c23d232,مجردة-زغوان,4,1,1956-04-08,1956-08-26,false
TNP-00609,TNP-00610,shared_constituency,ANC-1956,1,0.5,TNC-01cd7f255fc6,منستير-جمال,3,1,1956-04-08,1959-06-01,false
TNP-00609,TNP-00611,shared_constituency,ANC-1956,1,0.5,TNC-01cd7f255fc6,منستير-جمال,3,1,1956-04-08,1959-06-01,false
TNP-00610,TNP-00611,shared_constituency,ANC-1956,1,0.5,TNC-01cd7f255fc6,منستير-جمال,3,1,1956-04-08,1959-06-01,false
TNP-00612,TNP-00613,shared_constituency,ANC-1956,1,0.166667,TNC-4c046e8a6b5a,نابل-سليمان,7,1,1956-04-08,1959-06-01,false
TNP-00612,TNP-00614,shared_constituency,ANC-1956,1,0.166667,TNC-4c046e8a6b5a,نابل-سليمان,7,1,1956-04-08,1959-06-01,false
TNP-00612,TNP-00615,shared_constituency,ANC-1956,1,0.166667,TNC-4c046e8a6b5a,نابل-سليمان,7,1,1956-04-08,1959-06-01,false
TNP-00612,TNP-00616,shared_constituency,ANC-1956,1,0.166667,TNC-4c046e8a6b5a,نابل-سليمان,7,1,1956-04-08,1956-08-26,false
TNP-00612,TNP-00617,shared_constituency,ANC-1956,1,0.166667,TNC-4c046e8a6b5a,نابل-سليمان,7,1,1956-04-08,1959-06-01,false
TNP-00612,TNP-00618,shared_constituency,ANC-1956,1,0.166667,TNC-4c046e8a6b5a,نابل-سليمان,7,1,1956-04-08,1959-06-01,false
TNP-00613,TNP-00614,shared_constituency,ANC-1956,1,0.166667,TNC-4c046e8a6b5a,نابل-سليمان,7,1,1956-04-08,1959-06-01,false
TNP-00613,TNP-00615,shared_constituency,ANC-1956,1,0.166667,TNC-4c046e8a6b5a,نابل-سليمان,7,1,1956-04-08,1959-06-01,false
TNP-00613,TNP-00616,shared_constituency,ANC-1956,1,0.166667,TNC-4c046e8a6b5a,نابل-سليمان,7,1,1956-04-08,1956-08-26,false
TNP-00613,TNP-00617,shared_constituency,ANC-1956,1,0.166667,TNC-4c046e8a6b5a,نابل-سليمان,7,1,1956-04-08,1959-06-01,false
TNP-00613,TNP-00618,shared_constituency,ANC-1956,1,0.166667,TNC-4c046e8a6b5a,نابل-سليمان,7,1,1956-04-08,1959-06-01,false
TNP-00614,TNP-00615,shared_constituency,ANC-1956,1,0.166667,TNC-4c046e8a6b5a,نابل-سليمان,7,1,1956-04-08,1959-06-01,false
TNP-00614,TNP-00616,shared_constituency,ANC-1956,1,0.166667,TNC-4c046e8a6b5a,نابل-سليمان,7,1,1956-04-08,1956-08-26,false
TNP-00614,TNP-00617,shared_constituency,ANC-1956,1,0.166667,TNC-4c046e8a6b5a,نابل-سليمان,7,1,1956-04-08,1959-06-01,false
TNP-00614,TNP-00618,shared_constituency,ANC-1956,1,0.166667,TNC-4c046e8a6b5a,نابل-سليمان,7,1,1956-04-08,1959-06-01,false
TNP-00615,TNP-00616,shared_constituency,ANC-1956,1,0.166667,TNC-4c046e8a6b5a,نابل-سليمان,7,1,1956-04-08,1956-08-26,false
TNP-00615,TNP-00617,shared_constituency,ANC-1956,1,0.166667,TNC-4c046e8a6b5a,نابل-سليمان,7,1,1956-04-08,1959-06-01,false
TNP-00615,TNP-00618,shared_constituency,ANC-1956,1,0.166667,TNC-4c046e8a6b5a,نابل-سليمان,7,1,1956-04-08,1959-06-01,false
TNP-00616,TNP-00617,shared_constituency,ANC-1956,1,0.166667,TNC-4c046e8a6b5a,نابل-سليمان,7,1,1956-04-08,1956-08-26,false
TNP-00616,TNP-00618,shared_constituency,ANC-1956,1,0.166667,TNC-4c046e8a6b5a,نابل-سليمان,7,1,1956-04-08,1956-08-26,false
TNP-00617,TNP-00618,shared_constituency,ANC-1956,1,0.166667,TNC-4c046e8a6b5a,نابل-سليمان,7,1,1956-04-08,1959-06-01,false
TNP-00619,TNP-00620,shared_constituency,ANC-1956,1,0.166667,TNC-e59d5fa14f77,ورغمة-تطاوين-مطماطة-نفزاوة,7,1,1956-04-08,1959-06-01,false
TNP-00619,TNP-00621,shared_constituency,ANC-1956,1,0.166667,TNC-e59d5fa14f77,ورغمة-تطاوين-مطماطة-نفزاوة,7,1,1956-04-08,1959-06-01,false
TNP-00619,TNP-00622,shared_constituency,ANC-1956,1,0.166667,TNC-e59d5fa14f77,ورغمة-تطاوين-مطماطة-نفزاوة,7,1,1956-04-08,1959-06-01,false
TNP-00619,TNP-00623,shared_constituency,ANC-1956,1,0.166667,TNC-e59d5fa14f77,ورغمة-تطاوين-مطماطة-نفزاوة,7,1,1956-04-08,1959-06-01,false
TNP-00619,TNP-00624,shared_constituency,ANC-1956,1,0.166667,TNC-e59d5fa14f77,ورغمة-تطاوين-مطماطة-نفزاوة,7,1,1956-04-08,1959-06-01,false
TNP-00619,TNP-00625,shared_constituency,ANC-1956,1,0.166667,TNC-e59d5fa14f77,ورغمة-تطاوين-مطماطة-نفزاوة,7,1,1956-04-08,1956-08-26,false
TNP-00620,TNP-00621,shared_constituency,ANC-1956,1,0.166667,TNC-e59d5fa14f77,ورغمة-تطاوين-مطماطة-نفزاوة,7,1,1956-04-08,1959-06-01,false
TNP-00620,TNP-00622,shared_constituency,ANC-1956,1,0.166667,TNC-e59d5fa14f77,ورغمة-تطاوين-مطماطة-نفزاوة,7,1,1956-04-08,1959-06-01,false
TNP-00620,TNP-00623,shared_constituency,ANC-1956,1,0.166667,TNC-e59d5fa14f77,ورغمة-تطاوين-مطماطة-نفزاوة,7,1,1956-04-08,1959-06-01,false
TNP-00620,TNP-00624,shared_constituency,ANC-1956,1,0.166667,TNC-e59d5fa14f77,ورغمة-تطاوين-مطماطة-نفزاوة,7,1,1956-04-08,1959-06-01,false
TNP-00620,TNP-00625,shared_constituency,ANC-1956,1,0.166667,TNC-e59d5fa14f77,ورغمة-تطاوين-مطماطة-نفزاوة,7,1,1956-04-08,1956-08-26,false
TNP-00621,TNP-00622,shared_constituency,ANC-1956,1,0.166667,TNC-e59d5fa14f77,ورغمة-تطاوين-مطماطة-نفزاوة,7,1,1956-04-08,1959-06-01,false
TNP-00621,TNP-00623,shared_constituency,ANC-1956,1,0.166667,TNC-e59d5fa14f77,ورغمة-تطاوين-مطماطة-نفزاوة,7,1,1956-04-08,1959-06-01,false
TNP-00621,TNP-00624,shared_constituency,ANC-1956,1,0.166667,TNC-e59d5fa14f77,ورغمة-تطاوين-مطماطة-نفزاوة,7,1,1956-04-08,1959-06-01,false
TNP-00621,TNP-00625,shared_constituency,ANC-1956,1,0.166667,TNC-e59d5fa14f77,ورغمة-تطاوين-مطماطة-نفزاوة,7,1,1956-04-08,1956-08-26,false
TNP-00622,TNP-00623,shared_constituency,ANC-1956,1,0.166667,TNC-e59d5fa14f77,ورغمة-تطاوين-مطماطة-نفزاوة,7,1,1956-04-08,1959-06-01,false
TNP-00622,TNP-00624,shared_constituency,ANC-1956,1,0.166667,TNC-e59d5fa14f77,ورغمة-تطاوين-مطماطة-نفزاوة,7,1,1956-04-08,1959-06-01,false
TNP-00622,TNP-00625,shared_constituency,ANC-1956,1,0.166667,TNC-e59d5fa14f77,ورغمة-تطاوين-مطماطة-نفزاوة,7,1,1956-04-08,1956-08-26,false
TNP-00623,TNP-00624,shared_constituency,ANC-1956,1,0.166667,TNC-e59d5fa14f77,ورغمة-تطاوين-مطماطة-نفزاوة,7,1,1956-04-08,1959-06-01,false
TNP-00623,TNP-00625,shared_constituency,ANC-1956,1,0.166667,TNC-e59d5fa14f77,ورغمة-تطاوين-مطماطة-نفزاوة,7,1,1956-04-08,1956-08-26,false
TNP-00624,TNP-00625,shared_constituency,ANC-1956,1,0.166667,TNC-e59d5fa14f77,ورغمة-تطاوين-مطماطة-نفزاوة,7,1,1956-04-08,1956-08-26,false
TNP-00626,TNP-00627,shared_constituency,ANC-1956,1,0.125,TNC-d8dd896cec22,صفاقس-الصخيرة-جبنيانة,9,1,1956-04-08,1959-06-01,false
TNP-00626,TNP-00628,shared_constituency,ANC-1956,1,0.125,TNC-d8dd896cec22,صفاقس-الصخيرة-جبنيانة,9,1,1956-04-08,1959-06-01,false
TNP-00626,TNP-00629,shared_constituency,ANC-1956,1,0.125,TNC-d8dd896cec22,صفاقس-الصخيرة-جبنيانة,9,1,1956-04-08,1959-06-01,false
TNP-00626,TNP-00630,shared_constituency,ANC-1956,1,0.125,TNC-d8dd896cec22,صفاقس-الصخيرة-جبنيانة,9,1,1956-04-08,1956-08-26,false
TNP-00626,TNP-00631,shared_constituency,ANC-1956,1,0.125,TNC-d8dd896cec22,صفاقس-الصخيرة-جبنيانة,9,1,1956-04-08,1959-06-01,false
TNP-00626,TNP-00632,shared_constituency,ANC-1956,1,0.125,TNC-d8dd896cec22,صفاقس-الصخيرة-جبنيانة,9,1,1956-04-08,1959-06-01,false
TNP-00626,TNP-00633,shared_constituency,ANC-1956,1,0.125,TNC-d8dd896cec22,صفاقس-الصخيرة-جبنيانة,9,1,1956-04-08,1959-06-01,false
TNP-00626,TNP-00634,shared_constituency,ANC-1956,1,0.125,TNC-d8dd896cec22,صفاقس-الصخيرة-جبنيانة,9,1,1956-04-08,1959-06-01,false
TNP-00627,TNP-00628,shared_constituency,ANC-1956,1,0.125,TNC-d8dd896cec22,صفاقس-الصخيرة-جبنيانة,9,1,1956-04-08,1959-06-01,false
TNP-00627,TNP-00629,shared_constituency,ANC-1956,1,0.125,TNC-d8dd896cec22,صفاقس-الصخيرة-جبنيانة,9,1,1956-04-08,1959-06-01,false
TNP-00627,TNP-00630,shared_constituency,ANC-1956,1,0.125,TNC-d8dd896cec22,صفاقس-الصخيرة-جبنيانة,9,1,1956-04-08,1956-08-26,false
TNP-00627,TNP-00631,shared_constituency,ANC-1956,1,0.125,TNC-d8dd896cec22,صفاقس-الصخيرة-جبنيانة,9,1,1956-04-08,1959-06-01,false
TNP-00627,TNP-00632,shared_constituency,ANC-1956,1,0.125,TNC-d8dd896cec22,صفاقس-الصخيرة-جبنيانة,9,1,1956-04-08,1959-06-01,false
TNP-00627,TNP-00633,shared_constituency,ANC-1956,1,0.125,TNC-d8dd896cec22,صفاقس-الصخيرة-جبنيانة,9,1,1956-04-08,1959-06-01,false
TNP-00627,TNP-00634,shared_constituency,ANC-1956,1,0.125,TNC-d8dd896cec22,صفاقس-الصخيرة-جبنيانة,9,1,1956-04-08,1959-06-01,false
TNP-00628,TNP-00629,shared_constituency,ANC-1956,1,0.125,TNC-d8dd896cec22,صفاقس-الصخيرة-جبنيانة,9,1,1956-04-08,1959-06-01,false
TNP-00628,TNP-00630,shared_constituency,ANC-1956,1,0.125,TNC-d8dd896cec22,صفاقس-الصخيرة-جبنيانة,9,1,1956-04-08,1956-08-26,false
TNP-00628,TNP-00631,shared_constituency,ANC-1956,1,0.125,TNC-d8dd896cec22,صفاقس-الصخيرة-جبنيانة,9,1,1956-04-08,1959-06-01,false
TNP-00628,TNP-00632,shared_constituency,ANC-1956,1,0.125,TNC-d8dd896cec22,صفاقس-الصخيرة-جبنيانة,9,1,1956-04-08,1959-06-01,false
TNP-00628,TNP-00633,shared_constituency,ANC-1956,1,0.125,TNC-d8dd896cec22,صفاقس-الصخيرة-جبنيانة,9,1,1956-04-08,1959-06-01,false
TNP-00628,TNP-00634,shared_constituency,ANC-1956,1,0.125,TNC-d8dd896cec22,صفاقس-الصخيرة-جبنيانة,9,1,1956-04-08,1959-06-01,false
TNP-00629,TNP-00630,shared_constituency,ANC-1956,1,0.125,TNC-d8dd896cec22,صفاقس-الصخيرة-جبنيانة,9,1,1956-04-08,1956-08-26,false
TNP-00629,TNP-00631,shared_constituency,ANC-1956,1,0.125,TNC-d8dd896cec22,صفاقس-الصخيرة-جبنيانة,9,1,1956-04-08,1959-06-01,false
TNP-00629,TNP-00632,shared_constituency,ANC-1956,1,0.125,TNC-d8dd896cec22,صفاقس-الصخيرة-جبنيانة,9,1,1956-04-08,1959-06-01,false
TNP-00629,TNP-00633,shared_constituency,ANC-1956,1,0.125,TNC-d8dd896cec22,صفاقس-الصخيرة-جبنيانة,9,1,1956-04-08,1959-06-01,false
TNP-00629,TNP-00634,shared_constituency,ANC-1956,1,0.125,TNC-d8dd896cec22,صفاقس-الصخيرة-جبنيانة,9,1,1956-04-08,1959-06-01,false
TNP-00630,TNP-00631,shared_constituency,ANC-1956,1,0.125,TNC-d8dd896cec22,صفاقس-الصخيرة-جبنيانة,9,1,1956-04-08,1956-08-26,false
TNP-00630,TNP-00632,shared_constituency,ANC-1956,1,0.125,TNC-d8dd896cec22,صفاقس-الصخيرة-جبنيانة,9,1,1956-04-08,1956-08-26,false
TNP-00630,TNP-00633,shared_constituency,ANC-1956,1,0.125,TNC-d8dd896cec22,صفاقس-الصخيرة-جبنيانة,9,1,1956-04-08,1956-08-26,false
TNP-00630,TNP-00634,shared_constituency,ANC-1956,1,0.125,TNC-d8dd896cec22,صفاقس-الصخيرة-جبنيانة,9,1,1956-04-08,1956-08-26,false
TNP-00631,TNP-00632,shared_constituency,ANC-1956,1,0.125,TNC-d8dd896cec22,صفاقس-الصخيرة-جبنيانة,9,1,1956-04-08,1959-06-01,false
TNP-00631,TNP-00633,shared_constituency,ANC-1956,1,0.125,TNC-d8dd896cec22,صفاقس-الصخيرة-جبنيانة,9,1,1956-04-08,1959-06-01,false
TNP-00631,TNP-00634,shared_constituency,ANC-1956,1,0.125,TNC-d8dd896cec22,صفاقس-الصخيرة-جبنيانة,9,1,1956-04-08,1959-06-01,false
TNP-00632,TNP-00633,shared_constituency,ANC-1956,1,0.125,TNC-d8dd896cec22,صفاقس-الصخيرة-جبنيانة,9,1,1956-04-08,1959-06-01,false
TNP-00632,TNP-00634,shared_constituency,ANC-1956,1,0.125,TNC-d8dd896cec22,صفاقس-الصخيرة-جبنيانة,9,1,1956-04-08,1959-06-01,false
TNP-00633,TNP-00634,shared_constituency,ANC-1956,1,0.125,TNC-d8dd896cec22,صفاقس-الصخيرة-جبنيانة,9,1,1956-04-08,1959-06-01,false
TNP-00635,TNP-00636,shared_constituency,ANC-1956,1,0.166667,TNC-16c302122fcd,سيدي بوزيد-قفصة-توزر,7,1,1956-04-08,1959-06-01,false
TNP-00635,TNP-00637,shared_constituency,ANC-1956,1,0.166667,TNC-16c302122fcd,سيدي بوزيد-قفصة-توزر,7,1,1956-04-08,1956-08-26,false
TNP-00635,TNP-00638,shared_constituency,ANC-1956,1,0.166667,TNC-16c302122fcd,سيدي بوزيد-قفصة-توزر,7,1,1956-04-08,1959-06-01,false
TNP-00635,TNP-00639,shared_constituency,ANC-1956,1,0.166667,TNC-16c302122fcd,سيدي بوزيد-قفصة-توزر,7,1,1956-04-08,1959-06-01,false
TNP-00635,TNP-00640,shared_constituency,ANC-1956,1,0.166667,TNC-16c302122fcd,سيدي بوزيد-قفصة-توزر,7,1,1956-04-08,1959-06-01,false
TNP-00635,TNP-00641,shared_constituency,ANC-1956,1,0.166667,TNC-16c302122fcd,سيدي بوزيد-قفصة-توزر,7,1,1956-04-08,1959-06-01,false
TNP-00636,TNP-00637,shared_constituency,ANC-1956,1,0.166667,TNC-16c302122fcd,سيدي بوزيد-قفصة-توزر,7,1,1956-04-08,1956-08-26,false
TNP-00636,TNP-00638,shared_constituency,ANC-1956,1,0.166667,TNC-16c302122fcd,سيدي بوزيد-قفصة-توزر,7,1,1956-04-08,1959-06-01,false
TNP-00636,TNP-00639,shared_constituency,ANC-1956,1,0.166667,TNC-16c302122fcd,سيدي بوزيد-قفصة-توزر,7,1,1956-04-08,1959-06-01,false
TNP-00636,TNP-00640,shared_constituency,ANC-1956,1,0.166667,TNC-16c302122fcd,سيدي بوزيد-قفصة-توزر,7,1,1956-04-08,1959-06-01,false
TNP-00636,TNP-00641,shared_constituency,ANC-1956,1,0.166667,TNC-16c302122fcd,سيدي بوزيد-قفصة-توزر,7,1,1956-04-08,1959-06-01,false
TNP-00637,TNP-00638,shared_constituency,ANC-1956,1,0.166667,TNC-16c302122fcd,سيدي بوزيد-قفصة-توزر,7,1,1956-04-08,1956-08-26,false
TNP-00637,TNP-00639,shared_constituency,ANC-1956,1,0.166667,TNC-16c302122fcd,سيدي بوزيد-قفصة-توزر,7,1,1956-04-08,1956-08-26,false
TNP-00637,TNP-00640,shared_constituency,ANC-1956,1,0.166667,TNC-16c302122fcd,سيدي بوزيد-قفصة-توزر,7,1,1956-04-08,1956-08-26,false
TNP-00637,TNP-00641,shared_constituency,ANC-1956,1,0.166667,TNC-16c302122fcd,سيدي بوزيد-قفصة-توزر,7,1,1956-04-08,1956-08-26,false
TNP-00638,TNP-00639,shared_constituency,ANC-1956,1,0.166667,TNC-16c302122fcd,سيدي بوزيد-قفصة-توزر,7,1,1956-04-08,1959-06-01,false
TNP-00638,TNP-00640,shared_constituency,ANC-1956,1,0.166667,TNC-16c302122fcd,سيدي بوزيد-قفصة-توزر,7,1,1956-04-08,1959-06-01,false
TNP-00638,TNP-00641,shared_constituency,ANC-1956,1,0.166667,TNC-16c302122fcd,سيدي بوزيد-قفصة-توزر,7,1,1956-04-08,1959-06-01,false
TNP-00639,TNP-00640,shared_constituency,ANC-1956,1,0.166667,TNC-16c302122fcd,سيدي بوزيد-قفصة-توزر,7,1,1956-04-08,1959-06-01,false
TNP-00639,TNP-00641,shared_constituency,ANC-1956,1,0.166667,TNC-16c302122fcd,سيدي بوزيد-قفصة-توزر,7,1,1956-04-08,1959-06-01,false
TNP-00640,TNP-00641,shared_constituency,ANC-1956,1,0.166667,TNC-16c302122fcd,سيدي بوزيد-قفصة-توزر,7,1,1956-04-08,1959-06-01,false
TNP-00642,TNP-00643,shared_constituency,ANC-1956,1,0.333333,TNC-3e4ef26a2a12,سوق الإربعاء-عين دراهم,4,1,1956-04-08,1959-06-01,false
TNP-00642,TNP-00644,shared_constituency,ANC-1956,1,0.333333,TNC-3e4ef26a2a12,سوق الإربعاء-عين دراهم,4,1,1956-04-08,1959-06-01,false
TNP-00642,TNP-00645,shared_constituency,ANC-1956,1,0.333333,TNC-3e4ef26a2a12,سوق الإربعاء-عين دراهم,4,1,1956-04-08,1959-06-01,false
TNP-00643,TNP-00644,shared_constituency,ANC-1956,1,0.333333,TNC-3e4ef26a2a12,سوق الإربعاء-عين دراهم,4,1,1956-04-08,1959-06-01,false
TNP-00643,TNP-00645,shared_constituency,ANC-1956,1,0.333333,TNC-3e4ef26a2a12,سوق الإربعاء-عين دراهم,4,1,1956-04-08,1959-06-01,false
TNP-00644,TNP-00645,shared_constituency,ANC-1956,1,0.333333,TNC-3e4ef26a2a12,سوق الإربعاء-عين دراهم,4,1,1956-04-08,1959-06-01,false
TNP-00646,TNP-00647,shared_constituency,ANC-1956,1,0.333333,TNC-48f7f1dfa45e,سوق الخميس-باجة,4,1,1956-04-08,1959-06-01,false
TNP-00646,TNP-00648,shared_constituency,ANC-1956,1,0.333333,TNC-48f7f1dfa45e,سوق الخميس-باجة,4,1,1956-04-08,1959-06-01,false
TNP-00646,TNP-00649,shared_constituency,ANC-1956,1,0.333333,TNC-48f7f1dfa45e,سوق الخميس-باجة,4,1,1956-04-08,1959-06-01,false
TNP-00647,TNP-00648,shared_constituency,ANC-1956,1,0.333333,TNC-48f7f1dfa45e,سوق الخميس-باجة,4,1,1956-04-08,1959-06-01,false
TNP-00647,TNP-00649,shared_constituency,ANC-1956,1,0.333333,TNC-48f7f1dfa45e,سوق الخميس-باجة,4,1,1956-04-08,1959-06-01,false
TNP-00648,TNP-00649,shared_constituency,ANC-1956,1,0.333333,TNC-48f7f1dfa45e,سوق الخميس-باجة,4,1,1956-04-08,1959-06-01,false
TNP-00650,TNP-00651,shared_constituency,ANC-1956,1,0.333333,TNC-5d710bb182f3,سوسة,4,1,1956-04-08,1959-06-01,false
TNP-00650,TNP-00652,shared_constituency,ANC-1956,1,0.333333,TNC-5d710bb182f3,سوسة,4,1,1956-04-08,1959-06-01,false
TNP-00650,TNP-00653,shared_constituency,ANC-1956,1,0.333333,TNC-5d710bb182f3,سوسة,4,1,1956-04-08,1959-06-01,false
TNP-00651,TNP-00652,shared_constituency,ANC-1956,1,0.333333,TNC-5d710bb182f3,سوسة,4,1,1956-04-08,1959-06-01,false
TNP-00651,TNP-00653,shared_constituency,ANC-1956,1,0.333333,TNC-5d710bb182f3,سوسة,4,1,1956-04-08,1959-06-01,false
TNP-00652,TNP-00653,shared_constituency,ANC-1956,1,0.333333,TNC-5d710bb182f3,سوسة,4,1,1956-04-08,1959-06-01,false
TNP-00654,TNP-00655,shared_constituency,ANC-1956,1,0.333333,TNC-cb128a00242f,تالة-سبيطلة,4,1,1956-04-08,1959-06-01,false
TNP-00654,TNP-00656,shared_constituency,ANC-1956,1,0.333333,TNC-cb128a00242f,تالة-سبيطلة,4,1,1956-04-08,1959-06-01,false
TNP-00654,TNP-00657,shared_constituency,ANC-1956,1,0.333333,TNC-cb128a00242f,تالة-سبيطلة,4,1,1956-04-08,1959-06-01,false
TNP-00655,TNP-00656,shared_constituency,ANC-1956,1,0.333333,TNC-cb128a00242f,تالة-سبيطلة,4,1,1956-04-08,1959-06-01,false
TNP-00655,TNP-00657,shared_constituency,ANC-1956,1,0.333333,TNC-cb128a00242f,تالة-سبيطلة,4,1,1956-04-08,1959-06-01,false
TNP-00656,TNP-00657,shared_constituency,ANC-1956,1,0.333333,TNC-cb128a00242f,تالة-سبيطلة,4,1,1956-04-08,1959-06-01,false
TNP-00658,TNP-00659,shared_constituency,ANC-1956,1,0.125,TNC-fe1ab7e04f8a,تونس,9,1,1956-04-08,1959-06-01,false
TNP-00658,TNP-00660,shared_constituency,ANC-1956,1,0.125,TNC-fe1ab7e04f8a,تونس,9,1,1956-04-08,1959-06-01,false
TNP-00658,TNP-00661,shared_constituency,ANC-1956,1,0.125,TNC-fe1ab7e04f8a,تونس,9,1,1956-04-08,1959-06-01,false
TNP-00658,TNP-00662,shared_constituency,ANC-1956,1,0.125,TNC-fe1ab7e04f8a,تونس,9,1,1956-04-08,1959-06-01,false
TNP-00658,TNP-00663,shared_constituency,ANC-1956,1,0.125,TNC-fe1ab7e04f8a,تونس,9,1,1956-04-08,1959-06-01,false
TNP-00658,TNP-00664,shared_constituency,ANC-1956,1,0.125,TNC-fe1ab7e04f8a,تونس,9,1,1956-04-08,1959-06-01,false
TNP-00658,TNP-00665,shared_constituency,ANC-1956,1,0.125,TNC-fe1ab7e04f8a,تونس,9,1,1956-04-08,1959-06-01,false
TNP-00658,TNP-00666,shared_constituency,ANC-1956,1,0.125,TNC-fe1ab7e04f8a,تونس,9,1,1956-04-08,1959-06-01,false
TNP-00659,TNP-00660,shared_constituency,ANC-1956,1,0.125,TNC-fe1ab7e04f8a,تونس,9,1,1956-04-08,1959-06-01,false
TNP-00659,TNP-00661,shared_constituency,ANC-1956,1,0.125,TNC-fe1ab7e04f8a,تونس,9,1,1956-04-08,1959-06-01,false
TNP-00659,TNP-00662,shared_constituency,ANC-1956,1,0.125,TNC-fe1ab7e04f8a,تونس,9,1,1956-04-08,1959-06-01,false
TNP-00659,TNP-00663,shared_constituency,ANC-1956,1,0.125,TNC-fe1ab7e04f8a,تونس,9,1,1956-04-08,1959-06-01,false
TNP-00659,TNP-00664,shared_constituency,ANC-1956,1,0.125,TNC-fe1ab7e04f8a,تونس,9,1,1956-04-08,1959-06-01,false
TNP-00659,TNP-00665,shared_constituency,ANC-1956,1,0.125,TNC-fe1ab7e04f8a,تونس,9,1,1956-04-08,1959-06-01,false
TNP-00659,TNP-00666,shared_constituency,ANC-1956,1,0.125,TNC-fe1ab7e04f8a,تونس,9,1,1956-04-08,1959-06-01,false
TNP-00660,TNP-00661,shared_constituency,ANC-1956,1,0.125,TNC-fe1ab7e04f8a,تونس,9,1,1956-04-08,1959-06-01,false
TNP-00660,TNP-00662,shared_constituency,ANC-1956,1,0.125,TNC-fe1ab7e04f8a,تونس,9,1,1956-04-08,1959-06-01,false
TNP-00660,TNP-00663,shared_constituency,ANC-1956,1,0.125,TNC-fe1ab7e04f8a,تونس,9,1,1956-04-08,1959-06-01,false
TNP-00660,TNP-00664,shared_constituency,ANC-1956,1,0.125,TNC-fe1ab7e04f8a,تونس,9,1,1956-04-08,1959-06-01,false
TNP-00660,TNP-00665,shared_constituency,ANC-1956,1,0.125,TNC-fe1ab7e04f8a,تونس,9,1,1956-04-08,1959-06-01,false
TNP-00660,TNP-00666,shared_constituency,ANC-1956,1,0.125,TNC-fe1ab7e04f8a,تونس,9,1,1956-04-08,1959-06-01,false
TNP-00661,TNP-00662,shared_constituency,ANC-1956,1,0.125,TNC-fe1ab7e04f8a,تونس,9,1,1956-04-08,1959-06-01,false
TNP-00661,TNP-00663,shared_constituency,ANC-1956,1,0.125,TNC-fe1ab7e04f8a,تونس,9,1,1956-04-08,1959-06-01,false
TNP-00661,TNP-00664,shared_constituency,ANC-1956,1,0.125,TNC-fe1ab7e04f8a,تونس,9,1,1956-04-08,1959-06-01,false
TNP-00661,TNP-00665,shared_constituency,ANC-1956,1,0.125,TNC-fe1ab7e04f8a,تونس,9,1,1956-04-08,1959-06-01,false
TNP-00661,TNP-00666,shared_constituency,ANC-1956,1,0.125,TNC-fe1ab7e04f8a,تونس,9,1,1956-04-08,1959-06-01,false
TNP-00662,TNP-00663,shared_constituency,ANC-1956,1,0.125,TNC-fe1ab7e04f8a,تونس,9,1,1956-04-08,1959-06-01,false
TNP-00662,TNP-00664,shared_constituency,ANC-1956,1,0.125,TNC-fe1ab7e04f8a,تونس,9,1,1956-04-08,1959-06-01,false
TNP-00662,TNP-00665,shared_constituency,ANC-1956,1,0.125,TNC-fe1ab7e04f8a,تونس,9,1,1956-04-08,1959-06-01,false
TNP-00662,TNP-00666,shared_constituency,ANC-1956,1,0.125,TNC-fe1ab7e04f8a,تونس,9,1,1956-04-08,1959-06-01,false
TNP-00663,TNP-00664,shared_constituency,ANC-1956,1,0.125,TNC-fe1ab7e04f8a,تونس,9,1,1956-04-08,1959-06-01,false
TNP-00663,TNP-00665,shared_constituency,ANC-1956,1,0.125,TNC-fe1ab7e04f8a,تونس,9,1,1956-04-08,1959-06-01,false
TNP-00663,TNP-00666,shared_constituency,ANC-1956,1,0.125,TNC-fe1ab7e04f8a,تونس,9,1,1956-04-08,1959-06-01,false
TNP-00664,TNP-00665,shared_constituency,ANC-1956,1,0.125,TNC-fe1ab7e04f8a,تونس,9,1,1956-04-08,1959-06-01,false
TNP-00664,TNP-00666,shared_constituency,ANC-1956,1,0.125,TNC-fe1ab7e04f8a,تونس,9,1,1956-04-08,1959-06-01,false
TNP-00665,TNP-00666,shared_constituency,ANC-1956,1,0.125,TNC-fe1ab7e04f8a,تونس,9,1,1956-04-08,1959-06-01,false
TNP-00058,TNP-00199,shared_constituency,ARP-2014,1,0.066667,TNC-4f3b2af02bf2,صفاقس 2,16,1,2014-12-02,2019-10-05,false
TNP-00058,TNP-00305,shared_constituency,ARP-2014,1,0.066667,TNC-4f3b2af02bf2,صفاقس 2,16,1,2014-12-02,2019-10-05,false
TNP-00058,TNP-00331,shared_constituency,ARP-2014,1,0.066667,TNC-4f3b2af02bf2,صفاقس 2,16,1,2014-12-02,2019-10-05,false
TNP-00058,TNP-00492,shared_constituency,ARP-2014,1,0.066667,TNC-4f3b2af02bf2,صفاقس 2,16,1,2014-12-02,2019-10-05,false
TNP-00058,TNP-00553,shared_constituency,ARP-2014,1,0.066667,TNC-4f3b2af02bf2,صفاقس 2,16,1,2014-12-02,2019-10-05,false
TNP-00058,TNP-00814,shared_constituency,ARP-2014,1,0.066667,TNC-4f3b2af02bf2,صفاقس 2,16,1,2014-12-02,2019-10-05,false
TNP-00058,TNP-00821,shared_constituency,ARP-2014,1,0.066667,TNC-4f3b2af02bf2,صفاقس 2,16,1,2014-12-02,2019-10-05,false
TNP-00058,TNP-00839,shared_constituency,ARP-2014,1,0.066667,TNC-4f3b2af02bf2,صفاقس 2,16,1,2014-12-02,2019-10-05,false
TNP-00058,TNP-00852,shared_constituency,ARP-2014,1,0.066667,TNC-4f3b2af02bf2,صفاقس 2,16,1,2014-12-02,2019-10-05,false
TNP-00058,TNP-00886,shared_constituency,ARP-2014,1,0.066667,TNC-4f3b2af02bf2,صفاقس 2,16,1,2014-12-02,2019-10-05,false
TNP-00058,TNP-00893,shared_constituency,ARP-2014,1,0.066667,TNC-4f3b2af02bf2,صفاقس 2,16,1,2014-12-02,2019-10-05,false
TNP-00058,TNP-00895,shared_constituency,ARP-2014,1,0.066667,TNC-4f3b2af02bf2,صفاقس 2,16,1,2014-12-02,2019-10-05,false
TNP-00058,TNP-00910,shared_constituency,ARP-2014,1,0.066667,TNC-4f3b2af02bf2,صفاقس 2,16,1,2014-12-02,2019-10-05,false
TNP-00058,TNP-00945,shared_constituency,ARP-2014,1,0.066667,TNC-4f3b2af02bf2,صفاقس 2,16,1,2014-12-02,2019-10-05,false
TNP-00058,TNP-00946,shared_constituency,ARP-2014,1,0.066667,TNC-4f3b2af02bf2,صفاقس 2,16,1,2014-12-02,2019-10-05,false
TNP-00065,TNP-00394,shared_constituency,ARP-2014,1,0.125,TNC-858bae1a6a7d,المهدية,9,1,2014-12-02,2019-10-05,false
TNP-00065,TNP-00430,shared_constituency,ARP-2014,1,0.125,TNC-858bae1a6a7d,المهدية,9,1,2015-03-06,2019-10-05,false
TNP-00065,TNP-00836,shared_constituency,ARP-2014,1,0.125,TNC-858bae1a6a7d,المهدية,9,1,2014-12-02,2019-10-05,false
TNP-00065,TNP-00873,shared_constituency,ARP-2014,1,0.125,TNC-858bae1a6a7d,المهدية,9,1,2014-12-02,2019-10-05,false
TNP-00065,TNP-00890,shared_constituency,ARP-2014,1,0.125,TNC-858bae1a6a7d,المهدية,9,1,2014-12-02,2019-10-05,false
TNP-00065,TNP-00929,shared_constituency,ARP-2014,1,0.125,TNC-858bae1a6a7d,المهدية,9,1,2014-12-02,2019-10-05,false
TNP-00065,TNP-00947,shared_constituency,ARP-2014,1,0.125,TNC-858bae1a6a7d,المهدية,9,1,2014-12-02,2019-10-05,false
TNP-00065,TNP-00958,shared_constituency,ARP-2014,1,0.125,TNC-858bae1a6a7d,المهدية,9,1,2014-12-02,2015-01-12,false
TNP-00111,TNP-00262,shared_constituency,ARP-2014,1,0.083333,TNC-26721d64b672,فرنسا 2,13,1,2017-12-30,2019-10-05,false
TNP-00111,TNP-00301,shared_constituency,ARP-2014,1,0.083333,TNC-26721d64b672,فرنسا 2,13,1,2014-12-02,2019-10-05,false
TNP-00111,TNP-00340,shared_constituency,ARP-2014,1,0.083333,TNC-26721d64b672,فرنسا 2,13,1,2014-12-02,2016-09-16,false
TNP-00111,TNP-00422,shared_constituency,ARP-2014,1,0.083333,TNC-26721d64b672,فرنسا 2,13,1,2014-12-02,2019-10-05,false
TNP-00111,TNP-00842,shared_constituency,ARP-2014,1,0.083333,TNC-26721d64b672,فرنسا 2,13,1,2014-12-02,2019-10-05,false
TNP-00111,TNP-00858,shared_constituency,ARP-2014,1,0.083333,TNC-26721d64b672,فرنسا 2,13,1,2014-12-02,2019-10-05,false
TNP-00111,TNP-00861,shared_constituency,ARP-2014,1,0.083333,TNC-26721d64b672,فرنسا 2,13,1,2016-10-17,2019-10-05,false
TNP-00111,TNP-00862,shared_constituency,ARP-2014,1,0.083333,TNC-26721d64b672,فرنسا 2,13,1,2014-12-02,2016-09-16,false
TNP-00111,TNP-00863,shared_constituency,ARP-2014,1,0.083333,TNC-26721d64b672,فرنسا 2,13,1,2014-12-02,2019-10-05,false
TNP-00111,TNP-00880,shared_constituency,ARP-2014,1,0.083333,TNC-26721d64b672,فرنسا 2,13,1,2016-03-10,2017-07-05,false
TNP-00111,TNP-00894,shared_constituency,ARP-2014,1,0.083333,TNC-26721d64b672,فرنسا 2,13,1,2014-12-02,2019-10-05,false
TNP-00111,TNP-00918,shared_constituency,ARP-2014,1,0.083333,TNC-26721d64b672,فرنسا 2,13,1,2014-12-02,2019-10-05,false
TNP-00115,TNP-00853,shared_constituency,ARP-2014,1,0.2,TNC-ef4a07feb957,باجة,6,1,2014-12-02,2019-10-05,false
TNP-00115,TNP-00914,shared_constituency,ARP-2014,1,0.2,TNC-ef4a07feb957,باجة,6,1,2014-12-02,2019-10-05,false
TNP-00115,TNP-00919,shared_constituency,ARP-2014,1,0.2,TNC-ef4a07feb957,باجة,6,1,2014-12-02,2019-10-05,false
TNP-00115,TNP-00923,shared_constituency,ARP-2014,1,0.2,TNC-ef4a07feb957,باجة,6,1,2014-12-02,2019-10-05,false
TNP-00115,TNP-00943,shared_constituency,ARP-2014,1,0.2,TNC-ef4a07feb957,باجة,6,1,2014-12-02,2019-10-05,false
TNP-00145,TNP-00875,shared_constituency,ARP-2014,1,0.25,TNC-3ec99e0eae36,زغوان,5,1,2014-12-02,2019-10-05,false
TNP-00145,TNP-00887,shared_constituency,ARP-2014,1,0.25,TNC-3ec99e0eae36,زغوان,5,1,2014-12-02,2019-10-05,false
TNP-00145,TNP-00905,shared_constituency,ARP-2014,1,0.25,TNC-3ec99e0eae36,زغوان,5,1,2014-12-02,2019-10-05,false
TNP-00145,TNP-00933,shared_constituency,ARP-2014,1,0.25,TNC-3ec99e0eae36,زغوان,5,1,2014-12-02,2019-10-05,false
TNP-00163,TNP-00251,shared_constituency,ARP-2014,1,0.166667,TNC-dc9e20ebd731,قفصة,7,1,2014-12-02,2019-10-05,false
TNP-00163,TNP-00345,shared_constituency,ARP-2014,1,0.166667,TNC-dc9e20ebd731,قفصة,7,1,2014-12-02,2019-10-05,false
TNP-00163,TNP-00361,shared_constituency,ARP-2014,1,0.166667,TNC-dc9e20ebd731,قفصة,7,1,2014-12-02,2019-10-05,false
TNP-00163,TNP-00811,shared_constituency,ARP-2014,1,0.166667,TNC-dc9e20ebd731,قفصة,7,1,2014-12-02,2019-10-05,false
TNP-00163,TNP-00812,shared_constituency,ARP-2014,1,0.166667,TNC-dc9e20ebd731,قفصة,7,1,2014-12-02,2019-10-05,false
TNP-00163,TNP-00901,shared_constituency,ARP-2014,1,0.166667,TNC-dc9e20ebd731,قفصة,7,1,2014-12-02,2019-10-05,false
TNP-00174,TNP-00221,shared_constituency,ARP-2014,1,0.111111,TNC-3300c61cb437,مدنين,10,1,2014-12-02,2019-10-05,false
TNP-00174,TNP-00328,shared_constituency,ARP-2014,1,0.111111,TNC-3300c61cb437,مدنين,10,1,2014-12-02,2019-10-05,false
TNP-00174,TNP-00404,shared_constituency,ARP-2014,1,0.111111,TNC-3300c61cb437,مدنين,10,1,2014-12-02,2018-10-12,false
TNP-00174,TNP-00802,shared_constituency,ARP-2014,1,0.111111,TNC-3300c61cb437,مدنين,10,1,2014-12-02,2019-10-05,false
TNP-00174,TNP-00815,shared_constituency,ARP-2014,1,0.111111,TNC-3300c61cb437,مدنين,10,1,2014-12-02,2019-10-05,false
TNP-00174,TNP-00832,shared_constituency,ARP-2014,1,0.111111,TNC-3300c61cb437,مدنين,10,1,2019-05-08,2019-10-05,false
TNP-00174,TNP-00851,shared_constituency,ARP-2014,1,0.111111,TNC-3300c61cb437,مدنين,10,1,2014-12-02,2019-10-05,false
TNP-00174,TNP-00866,shared_constituency,ARP-2014,1,0.111111,TNC-3300c61cb437,مدنين,10,1,2014-12-02,2019-10-05,false
TNP-00174,TNP-00949,shared_constituency,ARP-2014,1,0.111111,TNC-3300c61cb437,مدنين,10,1,2014-12-02,2019-10-05,false
TNP-00178,TNP-00295,shared_constituency,ARP-2014,1,0.05,TNC-c5d49c5a3d8b,تونس 2,21,1,2014-12-02,2019-10-05,false
TNP-00178,TNP-00332,shared_constituency,ARP-2014,1,0.05,TNC-c5d49c5a3d8b,تونس 2,21,1,2014-12-02,2019-10-05,false
TNP-00178,TNP-00357,shared_constituency,ARP-2014,1,0.05,TNC-c5d49c5a3d8b,تونس 2,21,1,2014-12-02,2019-10-05,false
TNP-00178,TNP-00791,shared_constituency,ARP-2014,1,0.05,TNC-c5d49c5a3d8b,تونس 2,21,1,2014-12-02,2019-10-05,false
TNP-00178,TNP-00796,shared_constituency,ARP-2014,1,0.05,TNC-c5d49c5a3d8b,تونس 2,21,1,2014-12-02,2019-10-05,false
TNP-00178,TNP-00804,shared_constituency,ARP-2014,1,0.05,TNC-c5d49c5a3d8b,تونس 2,21,1,2014-12-02,2019-10-05,false
TNP-00178,TNP-00808,shared_constituency,ARP-2014,1,0.05,TNC-c5d49c5a3d8b,تونس 2,21,1,2014-12-02,2019-10-05,false
TNP-00178,TNP-00818,shared_constituency,ARP-2014,1,0.05,TNC-c5d49c5a3d8b,تونس 2,21,1,2014-12-02,2019-10-05,false
TNP-00178,TNP-00838,shared_constituency,ARP-2014,1,0.05,TNC-c5d49c5a3d8b,تونس 2,21,1,2016-10-17,2019-10-05,false
TNP-00178,TNP-00843,shared_constituency,ARP-2014,1,0.05,TNC-c5d49c5a3d8b,تونس 2,21,1,2015-03-06,2019-10-05,false
TNP-00178,TNP-00849,shared_constituency,ARP-2014,1,0.05,TNC-c5d49c5a3d8b,تونس 2,21,1,2014-12-02,2019-10-05,false
TNP-00178,TNP-00870,shared_constituency,ARP-2014,1,0.05,TNC-c5d49c5a3d8b,تونس 2,21,1,2017-12-30,2019-10-05,false
TNP-00178,TNP-00871,shared_constituency,ARP-2014,1,0.05,TNC-c5d49c5a3d8b,تونس 2,21,1,2014-12-02,2017-07-05,false
TNP-00178,TNP-00874,shared_constituency,ARP-2014,1,0.05,TNC-c5d49c5a3d8b,تونس 2,21,1,2014-12-02,2019-10-05,false
TNP-00178,TNP-00909,shared_constituency,ARP-2014,1,0.05,TNC-c5d49c5a3d8b,تونس 2,21,1,2014-12-02,2016-09-16,false
TNP-00178,TNP-00916,shared_constituency,ARP-2014,1,0.05,TNC-c5d49c5a3d8b,تونس 2,21,1,2014-12-02,2019-10-05,false
TNP-00178,TNP-00925,shared_constituency,ARP-2014,1,0.05,TNC-c5d49c5a3d8b,تونس 2,21,1,2016-03-10,2019-10-05,false
TNP-00178,TNP-00932,shared_constituency,ARP-2014,1,0.05,TNC-c5d49c5a3d8b,تونس 2,21,1,2014-12-02,2016-09-16,false
TNP-00178,TNP-00937,shared_constituency,ARP-2014,1,0.05,TNC-c5d49c5a3d8b,تونس 2,21,1,2014-12-02,2019-10-05,false
TNP-00178,TNP-00938,shared_constituency,ARP-2014,1,0.05,TNC-c5d49c5a3d8b,تونس 2,21,1,2014-12-02,2015-01-12,false
TNP-00183,TNP-00236,shared_constituency,ARP-2014,1,0.333333,TNC-4f3e7e49a279,تطاوين,4,1,2014-12-02,2019-10-05,false
TNP-00183,TNP-00847,shared_constituency,ARP-2014,1,0.333333,TNC-4f3e7e49a279,تطاوين,4,1,2014-12-02,2019-10-05,false
TNP-00183,TNP-00951,shared_constituency,ARP-2014,1,0.333333,TNC-4f3e7e49a279,تطاوين,4,1,2014-12-02,2019-10-05,false
TNP-00191,TNP-00227,shared_constituency,ARP-2014,1,0.1,TNC-127a9c27f085,بنزرت,11,1,2014-12-02,2019-10-05,false
TNP-00191,TNP-00264,shared_constituency,ARP-2014,1,0.1,TNC-127a9c27f085,بنزرت,11,1,2014-12-02,2016-09-16,false
TNP-00191,TNP-00333,shared_constituency,ARP-2014,1,0.1,TNC-127a9c27f085,بنزرت,11,1,2014-12-02,2019-10-05,false
TNP-00191,TNP-00805,shared_constituency,ARP-2014,1,0.1,TNC-127a9c27f085,بنزرت,11,1,2014-12-02,2019-10-05,false
TNP-00191,TNP-00806,shared_constituency,ARP-2014,1,0.1,TNC-127a9c27f085,بنزرت,11,1,2014-12-02,2019-10-05,false
TNP-00191,TNP-00816,shared_constituency,ARP-2014,1,0.1,TNC-127a9c27f085,بنزرت,11,1,2014-12-02,2019-10-05,false
TNP-00191,TNP-00820,shared_constituency,ARP-2014,1,0.1,TNC-127a9c27f085,بنزرت,11,1,2014-12-02,2019-10-05,false
TNP-00191,TNP-00835,shared_constituency,ARP-2014,1,0.1,TNC-127a9c27f085,بنزرت,11,1,2014-12-02,2016-09-16,false
TNP-00191,TNP-00867,shared_constituency,ARP-2014,1,0.1,TNC-127a9c27f085,بنزرت,11,1,2016-10-17,2019-10-05,false
TNP-00191,TNP-00953,shared_constituency,ARP-2014,1,0.1,TNC-127a9c27f085,بنزرت,11,1,2016-01-08,2019-10-05,false
TNP-00199,TNP-00305,shared_constituency,ARP-2014,1,0.066667,TNC-4f3b2af02bf2,صفاقس 2,16,1,2014-12-02,2019-10-05,false
TNP-00199,TNP-00331,shared_constituency,ARP-2014,1,0.066667,TNC-4f3b2af02bf2,صفاقس 2,16,1,2014-12-02,2019-10-05,false
TNP-00199,TNP-00492,shared_constituency,ARP-2014,1,0.066667,TNC-4f3b2af02bf2,صفاقس 2,16,1,2014-12-02,2019-10-05,false
TNP-00199,TNP-00553,shared_constituency,ARP-2014,1,0.066667,TNC-4f3b2af02bf2,صفاقس 2,16,1,2014-12-02,2019-10-05,false
TNP-00199,TNP-00814,shared_constituency,ARP-2014,1,0.066667,TNC-4f3b2af02bf2,صفاقس 2,16,1,2014-12-02,2019-10-05,false
TNP-00199,TNP-00821,shared_constituency,ARP-2014,1,0.066667,TNC-4f3b2af02bf2,صفاقس 2,16,1,2014-12-02,2019-10-05,false
TNP-00199,TNP-00839,shared_constituency,ARP-2014,1,0.066667,TNC-4f3b2af02bf2,صفاقس 2,16,1,2014-12-02,2019-10-05,false
TNP-00199,TNP-00852,shared_constituency,ARP-2014,1,0.066667,TNC-4f3b2af02bf2,صفاقس 2,16,1,2014-12-02,2019-10-05,false
TNP-00199,TNP-00886,shared_constituency,ARP-2014,1,0.066667,TNC-4f3b2af02bf2,صفاقس 2,16,1,2014-12-02,2019-10-05,false
TNP-00199,TNP-00893,shared_constituency,ARP-2014,1,0.066667,TNC-4f3b2af02bf2,صفاقس 2,16,1,2014-12-02,2019-10-05,false
TNP-00199,TNP-00895,shared_constituency,ARP-2014,1,0.066667,TNC-4f3b2af02bf2,صفاقس 2,16,1,2014-12-02,2019-10-05,false
TNP-00199,TNP-00910,shared_constituency,ARP-2014,1,0.066667,TNC-4f3b2af02bf2,صفاقس 2,16,1,2014-12-02,2019-10-05,false
TNP-00199,TNP-00945,shared_constituency,ARP-2014,1,0.066667,TNC-4f3b2af02bf2,صفاقس 2,16,1,2014-12-02,2019-10-05,false
TNP-00199,TNP-00946,shared_constituency,ARP-2014,1,0.066667,TNC-4f3b2af02bf2,صفاقس 2,16,1,2014-12-02,2019-10-05,false
TNP-00203,TNP-00289,shared_constituency,ARP-2014,1,0.142857,TNC-067080a8159f,جندوبة,8,1,2014-12-02,2019-10-05,false
TNP-00203,TNP-00369,shared_constituency,ARP-2014,1,0.142857,TNC-067080a8159f,جندوبة,8,1,2014-12-02,2019-10-05,false
TNP-00203,TNP-00445,shared_constituency,ARP-2014,1,0.142857,TNC-067080a8159f,جندوبة,8,1,2014-12-02,2019-10-05,false
TNP-00203,TNP-00817,shared_constituency,ARP-2014,1,0.142857,TNC-067080a8159f,جندوبة,8,1,2014-12-02,2019-10-05,false
TNP-00203,TNP-00823,shared_constituency,ARP-2014,1,0.142857,TNC-067080a8159f,جندوبة,8,1,2014-12-02,2019-10-05,false
TNP-00203,TNP-00825,shared_constituency,ARP-2014,1,0.142857,TNC-067080a8159f,جندوبة,8,1,2014-12-02,2019-10-05,false
TNP-00203,TNP-00855,shared_constituency,ARP-2014,1,0.142857,TNC-067080a8159f,جندوبة,8,1,2014-12-02,2019-10-05,false
TNP-00204,TNP-00350,shared_constituency,ARP-2014,1,0.125,TNC-2ffd7b757121,القيروان,9,1,2014-12-02,2019-10-05,false
TNP-00204,TNP-00429,shared_constituency,ARP-2014,1,0.125,TNC-2ffd7b757121,القيروان,9,1,2014-12-02,2019-10-05,false
TNP-00204,TNP-00523,shared_constituency,ARP-2014,1,0.125,TNC-2ffd7b757121,القيروان,9,1,2014-12-02,2019-10-05,false
TNP-00204,TNP-00837,shared_constituency,ARP-2014,1,0.125,TNC-2ffd7b757121,القيروان,9,1,2014-12-02,2019-10-05,false
TNP-00204,TNP-00891,shared_constituency,ARP-2014,1,0.125,TNC-2ffd7b757121,القيروان,9,1,2014-12-02,2019-10-05,false
TNP-00204,TNP-00927,shared_constituency,ARP-2014,1,0.125,TNC-2ffd7b757121,القيروان,9,1,2014-12-02,2019-10-05,false
TNP-00204,TNP-00948,shared_constituency,ARP-2014,1,0.125,TNC-2ffd7b757121,القيروان,9,1,2014-12-02,2019-10-05,false
TNP-00204,TNP-00954,shared_constituency,ARP-2014,1,0.125,TNC-2ffd7b757121,القيروان,9,1,2014-12-02,2019-10-05,false
TNP-00208,TNP-00319,shared_constituency,ARP-2014,1,0.090909,TNC-45ef21daa360,سوسة,12,1,2014-12-02,2019-10-05,false
TNP-00208,TNP-00354,shared_constituency,ARP-2014,1,0.090909,TNC-45ef21daa360,سوسة,12,1,2015-03-06,2019-10-05,false
TNP-00208,TNP-00364,shared_constituency,ARP-2014,1,0.090909,TNC-45ef21daa360,سوسة,12,1,2014-12-02,2015-01-12,false
TNP-00208,TNP-00803,shared_constituency,ARP-2014,1,0.090909,TNC-45ef21daa360,سوسة,12,1,2014-12-02,2019-10-05,false
TNP-00208,TNP-00830,shared_constituency,ARP-2014,1,0.090909,TNC-45ef21daa360,سوسة,12,1,2014-12-02,2019-10-05,false
TNP-00208,TNP-00833,shared_constituency,ARP-2014,1,0.090909,TNC-45ef21daa360,سوسة,12,1,2014-12-02,2015-07-21,false
TNP-00208,TNP-00865,shared_constituency,ARP-2014,1,0.090909,TNC-45ef21daa360,سوسة,12,1,2014-12-02,2019-10-05,false
TNP-00208,TNP-00913,shared_constituency,ARP-2014,1,0.090909,TNC-45ef21daa360,سوسة,12,1,2014-12-02,2019-10-05,false
TNP-00208,TNP-00920,shared_constituency,ARP-2014,1,0.090909,TNC-45ef21daa360,سوسة,12,1,2014-12-02,2019-10-05,false
TNP-00208,TNP-00922,shared_constituency,ARP-2014,1,0.090909,TNC-45ef21daa360,سوسة,12,1,2015-08-01,2019-10-05,false
TNP-00208,TNP-00961,shared_constituency,ARP-2014,1,0.090909,TNC-45ef21daa360,سوسة,12,1,2014-12-02,2019-10-05,false
TNP-00212,TNP-00285,shared_constituency,ARP-2014,1,0.166667,TNC-0a6fa8fc89c0,قابس,7,1,2014-12-02,2019-10-05,false
TNP-00212,TNP-00383,shared_constituency,ARP-2014,1,0.166667,TNC-0a6fa8fc89c0,قابس,7,1,2014-12-02,2019-10-05,false
TNP-00212,TNP-00809,shared_constituency,ARP-2014,1,0.166667,TNC-0a6fa8fc89c0,قابس,7,1,2014-12-02,2019-10-05,false
TNP-00212,TNP-00885,shared_constituency,ARP-2014,1,0.166667,TNC-0a6fa8fc89c0,قابس,7,1,2014-12-02,2019-10-05,false
TNP-00212,TNP-00930,shared_constituency,ARP-2014,1,0.166667,TNC-0a6fa8fc89c0,قابس,7,1,2014-12-02,2019-10-05,false
TNP-00212,TNP-00934,shared_constituency,ARP-2014,1,0.166667,TNC-0a6fa8fc89c0,قابس,7,1,2014-12-02,2019-10-05,false
TNP-00217,TNP-00299,shared_constituency,ARP-2014,1,0.111111,TNC-d540a481d4ec,سيدي بوزيد,10,1,2014-12-02,2019-10-05,false
TNP-00217,TNP-00801,shared_constituency,ARP-2014,1,0.111111,TNC-d540a481d4ec,سيدي بوزيد,10,1,2014-12-02,2019-10-05,false
TNP-00217,TNP-00841,shared_constituency,ARP-2014,1,0.111111,TNC-d540a481d4ec,سيدي بوزيد,10,1,2014-12-02,2019-10-05,false
TNP-00217,TNP-00881,shared_constituency,ARP-2014,1,0.111111,TNC-d540a481d4ec,سيدي بوزيد,10,1,2014-12-02,2019-10-05,false
TNP-00217,TNP-00883,shared_constituency,ARP-2014,1,0.111111,TNC-d540a481d4ec,سيدي بوزيد,10,1,2017-04-28,2019-10-05,false
TNP-00217,TNP-00889,shared_constituency,ARP-2014,1,0.111111,TNC-d540a481d4ec,سيدي بوزيد,10,1,2014-12-02,2019-10-05,false
TNP-00217,TNP-00924,shared_constituency,ARP-2014,1,0.111111,TNC-d540a481d4ec,سيدي بوزيد,10,1,2015-03-06,2019-10-05,false
TNP-00217,TNP-00940,shared_constituency,ARP-2014,1,0.111111,TNC-d540a481d4ec,سيدي بوزيد,10,1,2014-12-02,2017-04-28,false
TNP-00217,TNP-00955,shared_constituency,ARP-2014,1,0.111111,TNC-d540a481d4ec,سيدي بوزيد,10,1,2014-12-02,2015-01-12,false
TNP-00221,TNP-00328,shared_constituency,ARP-2014,1,0.111111,TNC-3300c61cb437,مدنين,10,1,2014-12-02,2019-10-05,false
TNP-00221,TNP-00404,shared_constituency,ARP-2014,1,0.111111,TNC-3300c61cb437,مدنين,10,1,2014-12-02,2018-10-12,false
TNP-00221,TNP-00802,shared_constituency,ARP-2014,1,0.111111,TNC-3300c61cb437,مدنين,10,1,2014-12-02,2019-10-05,false
TNP-00221,TNP-00815,shared_constituency,ARP-2014,1,0.111111,TNC-3300c61cb437,مدنين,10,1,2014-12-02,2019-10-05,false
TNP-00221,TNP-00832,shared_constituency,ARP-2014,1,0.111111,TNC-3300c61cb437,مدنين,10,1,2019-05-08,2019-10-05,false
TNP-00221,TNP-00851,shared_constituency,ARP-2014,1,0.111111,TNC-3300c61cb437,مدنين,10,1,2014-12-02,2019-10-05,false
TNP-00221,TNP-00866,shared_constituency,ARP-2014,1,0.111111,TNC-3300c61cb437,مدنين,10,1,2014-12-02,2019-10-05,false
TNP-00221,TNP-00949,shared_constituency,ARP-2014,1,0.111111,TNC-3300c61cb437,مدنين,10,1,2014-12-02,2019-10-05,false
TNP-00227,TNP-00264,shared_constituency,ARP-2014,1,0.1,TNC-127a9c27f085,بنزرت,11,1,2014-12-02,2016-09-16,false
TNP-00227,TNP-00333,shared_constituency,ARP-2014,1,0.1,TNC-127a9c27f085,بنزرت,11,1,2014-12-02,2019-10-05,false
TNP-00227,TNP-00805,shared_constituency,ARP-2014,1,0.1,TNC-127a9c27f085,بنزرت,11,1,2014-12-02,2019-10-05,false
TNP-00227,TNP-00806,shared_constituency,ARP-2014,1,0.1,TNC-127a9c27f085,بنزرت,11,1,2014-12-02,2019-10-05,false
TNP-00227,TNP-00816,shared_constituency,ARP-2014,1,0.1,TNC-127a9c27f085,بنزرت,11,1,2014-12-02,2019-10-05,false
TNP-00227,TNP-00820,shared_constituency,ARP-2014,1,0.1,TNC-127a9c27f085,بنزرت,11,1,2014-12-02,2019-10-05,false
TNP-00227,TNP-00835,shared_constituency,ARP-2014,1,0.1,TNC-127a9c27f085,بنزرت,11,1,2014-12-02,2016-09-16,false
TNP-00227,TNP-00867,shared_constituency,ARP-2014,1,0.1,TNC-127a9c27f085,بنزرت,11,1,2016-10-17,2019-10-05,false
TNP-00227,TNP-00953,shared_constituency,ARP-2014,1,0.1,TNC-127a9c27f085,بنزرت,11,1,2016-01-08,2019-10-05,false
TNP-00228,TNP-00247,shared_constituency,ARP-2014,1,0.166667,TNC-7eef5b09cd82,منوبة,7,1,2014-12-02,2019-10-05,false
TNP-00228,TNP-00827,shared_constituency,ARP-2014,1,0.166667,TNC-7eef5b09cd82,منوبة,7,1,2014-12-02,2019-10-05,false
TNP-00228,TNP-00844,shared_constituency,ARP-2014,1,0.166667,TNC-7eef5b09cd82,منوبة,7,1,2014-12-02,2019-10-05,false
TNP-00228,TNP-00902,shared_constituency,ARP-2014,1,0.166667,TNC-7eef5b09cd82,منوبة,7,1,2014-12-02,2019-10-05,false
TNP-00228,TNP-00911,shared_constituency,ARP-2014,1,0.166667,TNC-7eef5b09cd82,منوبة,7,1,2014-12-02,2019-10-05,false
TNP-00228,TNP-00921,shared_constituency,ARP-2014,1,0.166667,TNC-7eef5b09cd82,منوبة,7,1,2014-12-02,2019-10-05,false
TNP-00235,TNP-00324,shared_constituency,ARP-2014,1,0.142857,TNC-f502c1f80309,أريانة,8,1,2014-12-02,2019-10-05,false
TNP-00235,TNP-00468,shared_constituency,ARP-2014,1,0.142857,TNC-f502c1f80309,أريانة,8,1,2014-12-02,2019-10-05,false
TNP-00235,TNP-00846,shared_constituency,ARP-2014,1,0.142857,TNC-f502c1f80309,أريانة,8,1,2014-12-02,2019-10-05,false
TNP-00235,TNP-00860,shared_constituency,ARP-2014,1,0.142857,TNC-f502c1f80309,أريانة,8,1,2014-12-02,2019-10-05,false
TNP-00235,TNP-00872,shared_constituency,ARP-2014,1,0.142857,TNC-f502c1f80309,أريانة,8,1,2014-12-02,2019-10-05,false
TNP-00235,TNP-00935,shared_constituency,ARP-2014,1,0.142857,TNC-f502c1f80309,أريانة,8,1,2014-12-02,2019-10-05,false
TNP-00235,TNP-00959,shared_constituency,ARP-2014,1,0.142857,TNC-f502c1f80309,أريانة,8,1,2014-12-02,2019-10-05,false
TNP-00236,TNP-00847,shared_constituency,ARP-2014,1,0.333333,TNC-4f3e7e49a279,تطاوين,4,1,2014-12-02,2019-10-05,false
TNP-00236,TNP-00951,shared_constituency,ARP-2014,1,0.333333,TNC-4f3e7e49a279,تطاوين,4,1,2014-12-02,2019-10-05,false
TNP-00247,TNP-00827,shared_constituency,ARP-2014,1,0.166667,TNC-7eef5b09cd82,منوبة,7,1,2014-12-02,2019-10-05,false
TNP-00247,TNP-00844,shared_constituency,ARP-2014,1,0.166667,TNC-7eef5b09cd82,منوبة,7,1,2014-12-02,2019-10-05,false
TNP-00247,TNP-00902,shared_constituency,ARP-2014,1,0.166667,TNC-7eef5b09cd82,منوبة,7,1,2014-12-02,2019-10-05,false
TNP-00247,TNP-00911,shared_constituency,ARP-2014,1,0.166667,TNC-7eef5b09cd82,منوبة,7,1,2014-12-02,2019-10-05,false
TNP-00247,TNP-00921,shared_constituency,ARP-2014,1,0.166667,TNC-7eef5b09cd82,منوبة,7,1,2014-12-02,2019-10-05,false
TNP-00251,TNP-00345,shared_constituency,ARP-2014,1,0.166667,TNC-dc9e20ebd731,قفصة,7,1,2014-12-02,2019-10-05,false
TNP-00251,TNP-00361,shared_constituency,ARP-2014,1,0.166667,TNC-dc9e20ebd731,قفصة,7,1,2014-12-02,2019-10-05,false
TNP-00251,TNP-00811,shared_constituency,ARP-2014,1,0.166667,TNC-dc9e20ebd731,قفصة,7,1,2014-12-02,2019-10-05,false
TNP-00251,TNP-00812,shared_constituency,ARP-2014,1,0.166667,TNC-dc9e20ebd731,قفصة,7,1,2014-12-02,2019-10-05,false
TNP-00251,TNP-00901,shared_constituency,ARP-2014,1,0.166667,TNC-dc9e20ebd731,قفصة,7,1,2014-12-02,2019-10-05,false
TNP-00254,TNP-00365,shared_constituency,ARP-2014,1,0.25,TNC-a77f5ad1c2d7,قبلي,5,1,2014-12-02,2019-10-05,false
TNP-00254,TNP-00848,shared_constituency,ARP-2014,1,0.25,TNC-a77f5ad1c2d7,قبلي,5,1,2014-12-02,2019-10-05,false
TNP-00254,TNP-00884,shared_constituency,ARP-2014,1,0.25,TNC-a77f5ad1c2d7,قبلي,5,1,2014-12-02,2019-10-05,false
TNP-00254,TNP-00892,shared_constituency,ARP-2014,1,0.25,TNC-a77f5ad1c2d7,قبلي,5,1,2014-12-02,2019-10-05,false
TNP-00255,TNP-00799,shared_constituency,ARP-2014,1,1,TNC-a104110a8c2b,العالم العربي وبقية دول العالم,2,1,2014-12-02,2019-10-05,false
TNP-00262,TNP-00301,shared_constituency,ARP-2014,1,0.083333,TNC-26721d64b672,فرنسا 2,13,1,2017-12-30,2019-10-05,false
TNP-00262,TNP-00422,shared_constituency,ARP-2014,1,0.083333,TNC-26721d64b672,فرنسا 2,13,1,2017-12-30,2019-10-05,false
TNP-00262,TNP-00842,shared_constituency,ARP-2014,1,0.083333,TNC-26721d64b672,فرنسا 2,13,1,2017-12-30,2019-10-05,false
TNP-00262,TNP-00858,shared_constituency,ARP-2014,1,0.083333,TNC-26721d64b672,فرنسا 2,13,1,2017-12-30,2019-10-05,false
TNP-00262,TNP-00861,shared_constituency,ARP-2014,1,0.083333,TNC-26721d64b672,فرنسا 2,13,1,2017-12-30,2019-10-05,false
TNP-00262,TNP-00863,shared_constituency,ARP-2014,1,0.083333,TNC-26721d64b672,فرنسا 2,13,1,2017-12-30,2019-10-05,false
TNP-00262,TNP-00894,shared_constituency,ARP-2014,1,0.083333,TNC-26721d64b672,فرنسا 2,13,1,2017-12-30,2019-10-05,false
TNP-00262,TNP-00918,shared_constituency,ARP-2014,1,0.083333,TNC-26721d64b672,فرنسا 2,13,1,2017-12-30,2019-10-05,false
TNP-00264,TNP-00333,shared_constituency,ARP-2014,1,0.1,TNC-127a9c27f085,بنزرت,11,1,2014-12-02,2016-09-16,false
TNP-00264,TNP-00805,shared_constituency,ARP-2014,1,0.1,TNC-127a9c27f085,بنزرت,11,1,2014-12-02,2016-09-16,false
TNP-00264,TNP-00806,shared_constituency,ARP-2014,1,0.1,TNC-127a9c27f085,بنزرت,11,1,2014-12-02,2016-09-16,false
TNP-00264,TNP-00816,shared_constituency,ARP-2014,1,0.1,TNC-127a9c27f085,بنزرت,11,1,2014-12-02,2016-09-16,false
TNP-00264,TNP-00820,shared_constituency,ARP-2014,1,0.1,TNC-127a9c27f085,بنزرت,11,1,2014-12-02,2016-09-16,false
TNP-00264,TNP-00835,shared_constituency,ARP-2014,1,0.1,TNC-127a9c27f085,بنزرت,11,1,2014-12-02,2016-09-16,false
TNP-00264,TNP-00953,shared_constituency,ARP-2014,1,0.1,TNC-127a9c27f085,بنزرت,11,1,2016-01-08,2016-09-16,false
TNP-00267,TNP-00355,shared_constituency,ARP-2014,1,0.066667,TNC-0e07ea906a10,نابل 2,16,1,2015-03-06,2019-10-05,false
TNP-00267,TNP-00500,shared_constituency,ARP-2014,1,0.066667,TNC-0e07ea906a10,نابل 2,16,1,2015-03-06,2019-10-05,false
TNP-00267,TNP-00792,shared_constituency,ARP-2014,1,0.066667,TNC-0e07ea906a10,نابل 2,16,1,2015-03-06,2019-10-05,false
TNP-00267,TNP-00824,shared_constituency,ARP-2014,1,0.066667,TNC-0e07ea906a10,نابل 2,16,1,2015-03-06,2019-10-05,false
TNP-00267,TNP-00829,shared_constituency,ARP-2014,1,0.066667,TNC-0e07ea906a10,نابل 2,16,1,2015-03-06,2019-10-05,false
TNP-00267,TNP-00845,shared_constituency,ARP-2014,1,0.066667,TNC-0e07ea906a10,نابل 2,16,1,2015-03-06,2019-10-05,false
TNP-00267,TNP-00864,shared_constituency,ARP-2014,1,0.066667,TNC-0e07ea906a10,نابل 2,16,1,2015-03-06,2019-10-05,false
TNP-00267,TNP-00868,shared_constituency,ARP-2014,1,0.066667,TNC-0e07ea906a10,نابل 2,16,1,2015-03-06,2019-10-05,false
TNP-00267,TNP-00876,shared_constituency,ARP-2014,1,0.066667,TNC-0e07ea906a10,نابل 2,16,1,2015-03-06,2019-10-05,false
TNP-00267,TNP-00882,shared_constituency,ARP-2014,1,0.066667,TNC-0e07ea906a10,نابل 2,16,1,2015-03-06,2019-10-05,false
TNP-00267,TNP-00907,shared_constituency,ARP-2014,1,0.066667,TNC-0e07ea906a10,نابل 2,16,1,2015-03-06,2019-10-05,false
TNP-00267,TNP-00917,shared_constituency,ARP-2014,1,0.066667,TNC-0e07ea906a10,نابل 2,16,1,2015-03-06,2019-10-05,false
TNP-00276,TNP-00498,shared_constituency,ARP-2014,1,0.111111,TNC-19437cfdc576,القصرين,10,1,2014-12-02,2017-12-30,false
TNP-00276,TNP-00813,shared_constituency,ARP-2014,1,0.111111,TNC-19437cfdc576,القصرين,10,1,2014-12-02,2017-12-30,false
TNP-00276,TNP-00850,shared_constituency,ARP-2014,1,0.111111,TNC-19437cfdc576,القصرين,10,1,2014-12-02,2017-12-30,false
TNP-00276,TNP-00878,shared_constituency,ARP-2014,1,0.111111,TNC-19437cfdc576,القصرين,10,1,2014-12-02,2017-12-30,false
TNP-00276,TNP-00903,shared_constituency,ARP-2014,1,0.111111,TNC-19437cfdc576,القصرين,10,1,2016-11-19,2016-12-13,false
TNP-00276,TNP-00904,shared_constituency,ARP-2014,1,0.111111,TNC-19437cfdc576,القصرين,10,1,2014-12-02,2017-12-30,false
TNP-00276,TNP-00936,shared_constituency,ARP-2014,1,0.111111,TNC-19437cfdc576,القصرين,10,1,2014-12-02,2017-12-30,false
TNP-00276,TNP-00957,shared_constituency,ARP-2014,1,0.111111,TNC-19437cfdc576,القصرين,10,1,2014-12-02,2017-12-30,false
TNP-00285,TNP-00383,shared_constituency,ARP-2014,1,0.166667,TNC-0a6fa8fc89c0,قابس,7,1,2014-12-02,2019-10-05,false
TNP-00285,TNP-00809,shared_constituency,ARP-2014,1,0.166667,TNC-0a6fa8fc89c0,قابس,7,1,2014-12-02,2019-10-05,false
TNP-00285,TNP-00885,shared_constituency,ARP-2014,1,0.166667,TNC-0a6fa8fc89c0,قابس,7,1,2014-12-02,2019-10-05,false
TNP-00285,TNP-00930,shared_constituency,ARP-2014,1,0.166667,TNC-0a6fa8fc89c0,قابس,7,1,2014-12-02,2019-10-05,false
TNP-00285,TNP-00934,shared_constituency,ARP-2014,1,0.166667,TNC-0a6fa8fc89c0,قابس,7,1,2014-12-02,2019-10-05,false
TNP-00289,TNP-00369,shared_constituency,ARP-2014,1,0.142857,TNC-067080a8159f,جندوبة,8,1,2014-12-02,2019-10-05,false
TNP-00289,TNP-00445,shared_constituency,ARP-2014,1,0.142857,TNC-067080a8159f,جندوبة,8,1,2014-12-02,2019-10-05,false
TNP-00289,TNP-00817,shared_constituency,ARP-2014,1,0.142857,TNC-067080a8159f,جندوبة,8,1,2014-12-02,2019-10-05,false
TNP-00289,TNP-00823,shared_constituency,ARP-2014,1,0.142857,TNC-067080a8159f,جندوبة,8,1,2014-12-02,2019-10-05,false
TNP-00289,TNP-00825,shared_constituency,ARP-2014,1,0.142857,TNC-067080a8159f,جندوبة,8,1,2014-12-02,2019-10-05,false
TNP-00289,TNP-00855,shared_constituency,ARP-2014,1,0.142857,TNC-067080a8159f,جندوبة,8,1,2014-12-02,2019-10-05,false
TNP-00295,TNP-00332,shared_constituency,ARP-2014,1,0.05,TNC-c5d49c5a3d8b,تونس 2,21,1,2014-12-02,2019-10-05,false
TNP-00295,TNP-00357,shared_constituency,ARP-2014,1,0.05,TNC-c5d49c5a3d8b,تونس 2,21,1,2014-12-02,2019-10-05,false
TNP-00295,TNP-00791,shared_constituency,ARP-2014,1,0.05,TNC-c5d49c5a3d8b,تونس 2,21,1,2014-12-02,2019-10-05,false
TNP-00295,TNP-00796,shared_constituency,ARP-2014,1,0.05,TNC-c5d49c5a3d8b,تونس 2,21,1,2014-12-02,2019-10-05,false
TNP-00295,TNP-00804,shared_constituency,ARP-2014,1,0.05,TNC-c5d49c5a3d8b,تونس 2,21,1,2014-12-02,2019-10-05,false
TNP-00295,TNP-00808,shared_constituency,ARP-2014,1,0.05,TNC-c5d49c5a3d8b,تونس 2,21,1,2014-12-02,2019-10-05,false
TNP-00295,TNP-00818,shared_constituency,ARP-2014,1,0.05,TNC-c5d49c5a3d8b,تونس 2,21,1,2014-12-02,2019-10-05,false
TNP-00295,TNP-00838,shared_constituency,ARP-2014,1,0.05,TNC-c5d49c5a3d8b,تونس 2,21,1,2016-10-17,2019-10-05,false
TNP-00295,TNP-00843,shared_constituency,ARP-2014,1,0.05,TNC-c5d49c5a3d8b,تونس 2,21,1,2015-03-06,2019-10-05,false
TNP-00295,TNP-00849,shared_constituency,ARP-2014,1,0.05,TNC-c5d49c5a3d8b,تونس 2,21,1,2014-12-02,2019-10-05,false
TNP-00295,TNP-00870,shared_constituency,ARP-2014,1,0.05,TNC-c5d49c5a3d8b,تونس 2,21,1,2017-12-30,2019-10-05,false
TNP-00295,TNP-00871,shared_constituency,ARP-2014,1,0.05,TNC-c5d49c5a3d8b,تونس 2,21,1,2014-12-02,2017-07-05,false
TNP-00295,TNP-00874,shared_constituency,ARP-2014,1,0.05,TNC-c5d49c5a3d8b,تونس 2,21,1,2014-12-02,2019-10-05,false
TNP-00295,TNP-00909,shared_constituency,ARP-2014,1,0.05,TNC-c5d49c5a3d8b,تونس 2,21,1,2014-12-02,2016-09-16,false
TNP-00295,TNP-00916,shared_constituency,ARP-2014,1,0.05,TNC-c5d49c5a3d8b,تونس 2,21,1,2014-12-02,2019-10-05,false
TNP-00295,TNP-00925,shared_constituency,ARP-2014,1,0.05,TNC-c5d49c5a3d8b,تونس 2,21,1,2016-03-10,2019-10-05,false
TNP-00295,TNP-00932,shared_constituency,ARP-2014,1,0.05,TNC-c5d49c5a3d8b,تونس 2,21,1,2014-12-02,2016-09-16,false
TNP-00295,TNP-00937,shared_constituency,ARP-2014,1,0.05,TNC-c5d49c5a3d8b,تونس 2,21,1,2014-12-02,2019-10-05,false
TNP-00295,TNP-00938,shared_constituency,ARP-2014,1,0.05,TNC-c5d49c5a3d8b,تونس 2,21,1,2014-12-02,2015-01-12,false
TNP-00299,TNP-00801,shared_constituency,ARP-2014,1,0.111111,TNC-d540a481d4ec,سيدي بوزيد,10,1,2014-12-02,2019-10-05,false
TNP-00299,TNP-00841,shared_constituency,ARP-2014,1,0.111111,TNC-d540a481d4ec,سيدي بوزيد,10,1,2014-12-02,2019-10-05,false
TNP-00299,TNP-00881,shared_constituency,ARP-2014,1,0.111111,TNC-d540a481d4ec,سيدي بوزيد,10,1,2014-12-02,2019-10-05,false
TNP-00299,TNP-00883,shared_constituency,ARP-2014,1,0.111111,TNC-d540a481d4ec,سيدي بوزيد,10,1,2017-04-28,2019-10-05,false
TNP-00299,TNP-00889,shared_constituency,ARP-2014,1,0.111111,TNC-d540a481d4ec,سيدي بوزيد,10,1,2014-12-02,2019-10-05,false
TNP-00299,TNP-00924,shared_constituency,ARP-2014,1,0.111111,TNC-d540a481d4ec,سيدي بوزيد,10,1,2015-03-06,2019-10-05,false
TNP-00299,TNP-00940,shared_constituency,ARP-2014,1,0.111111,TNC-d540a481d4ec,سيدي بوزيد,10,1,2014-12-02,2017-04-28,false
TNP-00299,TNP-00955,shared_constituency,ARP-2014,1,0.111111,TNC-d540a481d4ec,سيدي بوزيد,10,1,2014-12-02,2015-01-12,false
TNP-00301,TNP-00340,shared_constituency,ARP-2014,1,0.083333,TNC-26721d64b672,فرنسا 2,13,1,2014-12-02,2016-09-16,false
TNP-00301,TNP-00422,shared_constituency,ARP-2014,1,0.083333,TNC-26721d64b672,فرنسا 2,13,1,2014-12-02,2019-10-05,false
TNP-00301,TNP-00842,shared_constituency,ARP-2014,1,0.083333,TNC-26721d64b672,فرنسا 2,13,1,2014-12-02,2019-10-05,false
TNP-00301,TNP-00858,shared_constituency,ARP-2014,1,0.083333,TNC-26721d64b672,فرنسا 2,13,1,2014-12-02,2019-10-05,false
TNP-00301,TNP-00861,shared_constituency,ARP-2014,1,0.083333,TNC-26721d64b672,فرنسا 2,13,1,2016-10-17,2019-10-05,false
TNP-00301,TNP-00862,shared_constituency,ARP-2014,1,0.083333,TNC-26721d64b672,فرنسا 2,13,1,2014-12-02,2016-09-16,false
TNP-00301,TNP-00863,shared_constituency,ARP-2014,1,0.083333,TNC-26721d64b672,فرنسا 2,13,1,2014-12-02,2019-10-05,false
TNP-00301,TNP-00880,shared_constituency,ARP-2014,1,0.083333,TNC-26721d64b672,فرنسا 2,13,1,2016-03-10,2017-07-05,false
TNP-00301,TNP-00894,shared_constituency,ARP-2014,1,0.083333,TNC-26721d64b672,فرنسا 2,13,1,2014-12-02,2019-10-05,false
TNP-00301,TNP-00918,shared_constituency,ARP-2014,1,0.083333,TNC-26721d64b672,فرنسا 2,13,1,2014-12-02,2019-10-05,false
TNP-00303,TNP-00793,shared_constituency,ARP-2014,1,0.166667,TNC-6bebe902d4f4,الكاف,7,1,2018-10-12,2019-10-05,false
TNP-00303,TNP-00826,shared_constituency,ARP-2014,1,0.166667,TNC-6bebe902d4f4,الكاف,7,1,2018-10-12,2019-10-05,false
TNP-00303,TNP-00859,shared_constituency,ARP-2014,1,0.166667,TNC-6bebe902d4f4,الكاف,7,1,2018-10-12,2019-10-05,false
TNP-00303,TNP-00912,shared_constituency,ARP-2014,1,0.166667,TNC-6bebe902d4f4,الكاف,7,1,2018-10-12,2019-10-05,false
TNP-00303,TNP-00915,shared_constituency,ARP-2014,1,0.166667,TNC-6bebe902d4f4,الكاف,7,1,2018-10-12,2019-10-05,false
TNP-00305,TNP-00331,shared_constituency,ARP-2014,1,0.066667,TNC-4f3b2af02bf2,صفاقس 2,16,1,2014-12-02,2019-10-05,false
TNP-00305,TNP-00492,shared_constituency,ARP-2014,1,0.066667,TNC-4f3b2af02bf2,صفاقس 2,16,1,2014-12-02,2019-10-05,false
TNP-00305,TNP-00553,shared_constituency,ARP-2014,1,0.066667,TNC-4f3b2af02bf2,صفاقس 2,16,1,2014-12-02,2019-10-05,false
TNP-00305,TNP-00814,shared_constituency,ARP-2014,1,0.066667,TNC-4f3b2af02bf2,صفاقس 2,16,1,2014-12-02,2019-10-05,false
TNP-00305,TNP-00821,shared_constituency,ARP-2014,1,0.066667,TNC-4f3b2af02bf2,صفاقس 2,16,1,2014-12-02,2019-10-05,false
TNP-00305,TNP-00839,shared_constituency,ARP-2014,1,0.066667,TNC-4f3b2af02bf2,صفاقس 2,16,1,2014-12-02,2019-10-05,false
TNP-00305,TNP-00852,shared_constituency,ARP-2014,1,0.066667,TNC-4f3b2af02bf2,صفاقس 2,16,1,2014-12-02,2019-10-05,false
TNP-00305,TNP-00886,shared_constituency,ARP-2014,1,0.066667,TNC-4f3b2af02bf2,صفاقس 2,16,1,2014-12-02,2019-10-05,false
TNP-00305,TNP-00893,shared_constituency,ARP-2014,1,0.066667,TNC-4f3b2af02bf2,صفاقس 2,16,1,2014-12-02,2019-10-05,false
TNP-00305,TNP-00895,shared_constituency,ARP-2014,1,0.066667,TNC-4f3b2af02bf2,صفاقس 2,16,1,2014-12-02,2019-10-05,false
TNP-00305,TNP-00910,shared_constituency,ARP-2014,1,0.066667,TNC-4f3b2af02bf2,صفاقس 2,16,1,2014-12-02,2019-10-05,false
TNP-00305,TNP-00945,shared_constituency,ARP-2014,1,0.066667,TNC-4f3b2af02bf2,صفاقس 2,16,1,2014-12-02,2019-10-05,false
TNP-00305,TNP-00946,shared_constituency,ARP-2014,1,0.066667,TNC-4f3b2af02bf2,صفاقس 2,16,1,2014-12-02,2019-10-05,false
TNP-00309,TNP-00548,shared_constituency,ARP-2014,1,0.090909,TNC-0ea649aa9c9b,بن عروس,12,1,2014-12-02,2019-10-05,false
TNP-00309,TNP-00810,shared_constituency,ARP-2014,1,0.090909,TNC-0ea649aa9c9b,بن عروس,12,1,2017-12-30,2019-10-05,false
TNP-00309,TNP-00831,shared_constituency,ARP-2014,1,0.090909,TNC-0ea649aa9c9b,بن عروس,12,1,2014-12-02,2019-10-05,false
TNP-00309,TNP-00899,shared_constituency,ARP-2014,1,0.090909,TNC-0ea649aa9c9b,بن عروس,12,1,2014-12-02,2015-01-12,false
TNP-00309,TNP-00900,shared_constituency,ARP-2014,1,0.090909,TNC-0ea649aa9c9b,بن عروس,12,1,2014-12-02,2019-10-05,false
TNP-00309,TNP-00908,shared_constituency,ARP-2014,1,0.090909,TNC-0ea649aa9c9b,بن عروس,12,1,2014-12-02,2019-10-05,false
TNP-00309,TNP-00926,shared_constituency,ARP-2014,1,0.090909,TNC-0ea649aa9c9b,بن عروس,12,1,2014-12-02,2019-10-05,false
TNP-00309,TNP-00950,shared_constituency,ARP-2014,1,0.090909,TNC-0ea649aa9c9b,بن عروس,12,1,2015-03-06,2017-07-05,false
TNP-00309,TNP-00952,shared_constituency,ARP-2014,1,0.090909,TNC-0ea649aa9c9b,بن عروس,12,1,2014-12-02,2019-10-05,false
TNP-00309,TNP-00956,shared_constituency,ARP-2014,1,0.090909,TNC-0ea649aa9c9b,بن عروس,12,1,2014-12-02,2019-10-05,false
TNP-00309,TNP-00960,shared_constituency,ARP-2014,1,0.090909,TNC-0ea649aa9c9b,بن عروس,12,1,2014-12-02,2019-10-05,false
TNP-00319,TNP-00354,shared_constituency,ARP-2014,1,0.090909,TNC-45ef21daa360,سوسة,12,1,2015-03-06,2019-10-05,false
TNP-00319,TNP-00364,shared_constituency,ARP-2014,1,0.090909,TNC-45ef21daa360,سوسة,12,1,2014-12-02,2015-01-12,false
TNP-00319,TNP-00803,shared_constituency,ARP-2014,1,0.090909,TNC-45ef21daa360,سوسة,12,1,2014-12-02,2019-10-05,false
TNP-00319,TNP-00830,shared_constituency,ARP-2014,1,0.090909,TNC-45ef21daa360,سوسة,12,1,2014-12-02,2019-10-05,false
TNP-00319,TNP-00833,shared_constituency,ARP-2014,1,0.090909,TNC-45ef21daa360,سوسة,12,1,2014-12-02,2015-07-21,false
TNP-00319,TNP-00865,shared_constituency,ARP-2014,1,0.090909,TNC-45ef21daa360,سوسة,12,1,2014-12-02,2019-10-05,false
TNP-00319,TNP-00913,shared_constituency,ARP-2014,1,0.090909,TNC-45ef21daa360,سوسة,12,1,2014-12-02,2019-10-05,false
TNP-00319,TNP-00920,shared_constituency,ARP-2014,1,0.090909,TNC-45ef21daa360,سوسة,12,1,2014-12-02,2019-10-05,false
TNP-00319,TNP-00922,shared_constituency,ARP-2014,1,0.090909,TNC-45ef21daa360,سوسة,12,1,2015-08-01,2019-10-05,false
TNP-00319,TNP-00961,shared_constituency,ARP-2014,1,0.090909,TNC-45ef21daa360,سوسة,12,1,2014-12-02,2019-10-05,false
TNP-00324,TNP-00468,shared_constituency,ARP-2014,1,0.142857,TNC-f502c1f80309,أريانة,8,1,2014-12-02,2019-10-05,false
TNP-00324,TNP-00846,shared_constituency,ARP-2014,1,0.142857,TNC-f502c1f80309,أريانة,8,1,2014-12-02,2019-10-05,false
TNP-00324,TNP-00860,shared_constituency,ARP-2014,1,0.142857,TNC-f502c1f80309,أريانة,8,1,2014-12-02,2019-10-05,false
TNP-00324,TNP-00872,shared_constituency,ARP-2014,1,0.142857,TNC-f502c1f80309,أريانة,8,1,2014-12-02,2019-10-05,false
TNP-00324,TNP-00935,shared_constituency,ARP-2014,1,0.142857,TNC-f502c1f80309,أريانة,8,1,2014-12-02,2019-10-05,false
TNP-00324,TNP-00959,shared_constituency,ARP-2014,1,0.142857,TNC-f502c1f80309,أريانة,8,1,2014-12-02,2019-10-05,false
TNP-00328,TNP-00404,shared_constituency,ARP-2014,1,0.111111,TNC-3300c61cb437,مدنين,10,1,2014-12-02,2018-10-12,false
TNP-00328,TNP-00802,shared_constituency,ARP-2014,1,0.111111,TNC-3300c61cb437,مدنين,10,1,2014-12-02,2019-10-05,false
TNP-00328,TNP-00815,shared_constituency,ARP-2014,1,0.111111,TNC-3300c61cb437,مدنين,10,1,2014-12-02,2019-10-05,false
TNP-00328,TNP-00832,shared_constituency,ARP-2014,1,0.111111,TNC-3300c61cb437,مدنين,10,1,2019-05-08,2019-10-05,false
TNP-00328,TNP-00851,shared_constituency,ARP-2014,1,0.111111,TNC-3300c61cb437,مدنين,10,1,2014-12-02,2019-10-05,false
TNP-00328,TNP-00866,shared_constituency,ARP-2014,1,0.111111,TNC-3300c61cb437,مدنين,10,1,2014-12-02,2019-10-05,false
TNP-00328,TNP-00949,shared_constituency,ARP-2014,1,0.111111,TNC-3300c61cb437,مدنين,10,1,2014-12-02,2019-10-05,false
TNP-00331,TNP-00492,shared_constituency,ARP-2014,1,0.066667,TNC-4f3b2af02bf2,صفاقس 2,16,1,2014-12-02,2019-10-05,false
TNP-00331,TNP-00553,shared_constituency,ARP-2014,1,0.066667,TNC-4f3b2af02bf2,صفاقس 2,16,1,2014-12-02,2019-10-05,false
TNP-00331,TNP-00814,shared_constituency,ARP-2014,1,0.066667,TNC-4f3b2af02bf2,صفاقس 2,16,1,2014-12-02,2019-10-05,false
TNP-00331,TNP-00821,shared_constituency,ARP-2014,1,0.066667,TNC-4f3b2af02bf2,صفاقس 2,16,1,2014-12-02,2019-10-05,false
TNP-00331,TNP-00839,shared_constituency,ARP-2014,1,0.066667,TNC-4f3b2af02bf2,صفاقس 2,16,1,2014-12-02,2019-10-05,false
TNP-00331,TNP-00852,shared_constituency,ARP-2014,1,0.066667,TNC-4f3b2af02bf2,صفاقس 2,16,1,2014-12-02,2019-10-05,false
TNP-00331,TNP-00886,shared_constituency,ARP-2014,1,0.066667,TNC-4f3b2af02bf2,صفاقس 2,16,1,2014-12-02,2019-10-05,false
TNP-00331,TNP-00893,shared_constituency,ARP-2014,1,0.066667,TNC-4f3b2af02bf2,صفاقس 2,16,1,2014-12-02,2019-10-05,false
TNP-00331,TNP-00895,shared_constituency,ARP-2014,1,0.066667,TNC-4f3b2af02bf2,صفاقس 2,16,1,2014-12-02,2019-10-05,false
TNP-00331,TNP-00910,shared_constituency,ARP-2014,1,0.066667,TNC-4f3b2af02bf2,صفاقس 2,16,1,2014-12-02,2019-10-05,false
TNP-00331,TNP-00945,shared_constituency,ARP-2014,1,0.066667,TNC-4f3b2af02bf2,صفاقس 2,16,1,2014-12-02,2019-10-05,false
TNP-00331,TNP-00946,shared_constituency,ARP-2014,1,0.066667,TNC-4f3b2af02bf2,صفاقس 2,16,1,2014-12-02,2019-10-05,false
TNP-00332,TNP-00357,shared_constituency,ARP-2014,1,0.05,TNC-c5d49c5a3d8b,تونس 2,21,1,2014-12-02,2019-10-05,false
TNP-00332,TNP-00791,shared_constituency,ARP-2014,1,0.05,TNC-c5d49c5a3d8b,تونس 2,21,1,2014-12-02,2019-10-05,false
TNP-00332,TNP-00796,shared_constituency,ARP-2014,1,0.05,TNC-c5d49c5a3d8b,تونس 2,21,1,2014-12-02,2019-10-05,false
TNP-00332,TNP-00804,shared_constituency,ARP-2014,1,0.05,TNC-c5d49c5a3d8b,تونس 2,21,1,2014-12-02,2019-10-05,false
TNP-00332,TNP-00808,shared_constituency,ARP-2014,1,0.05,TNC-c5d49c5a3d8b,تونس 2,21,1,2014-12-02,2019-10-05,false
TNP-00332,TNP-00818,shared_constituency,ARP-2014,1,0.05,TNC-c5d49c5a3d8b,تونس 2,21,1,2014-12-02,2019-10-05,false
TNP-00332,TNP-00838,shared_constituency,ARP-2014,1,0.05,TNC-c5d49c5a3d8b,تونس 2,21,1,2016-10-17,2019-10-05,false
TNP-00332,TNP-00843,shared_constituency,ARP-2014,1,0.05,TNC-c5d49c5a3d8b,تونس 2,21,1,2015-03-06,2019-10-05,false
TNP-00332,TNP-00849,shared_constituency,ARP-2014,1,0.05,TNC-c5d49c5a3d8b,تونس 2,21,1,2014-12-02,2019-10-05,false
TNP-00332,TNP-00870,shared_constituency,ARP-2014,1,0.05,TNC-c5d49c5a3d8b,تونس 2,21,1,2017-12-30,2019-10-05,false
TNP-00332,TNP-00871,shared_constituency,ARP-2014,1,0.05,TNC-c5d49c5a3d8b,تونس 2,21,1,2014-12-02,2017-07-05,false
TNP-00332,TNP-00874,shared_constituency,ARP-2014,1,0.05,TNC-c5d49c5a3d8b,تونس 2,21,1,2014-12-02,2019-10-05,false
TNP-00332,TNP-00909,shared_constituency,ARP-2014,1,0.05,TNC-c5d49c5a3d8b,تونس 2,21,1,2014-12-02,2016-09-16,false
TNP-00332,TNP-00916,shared_constituency,ARP-2014,1,0.05,TNC-c5d49c5a3d8b,تونس 2,21,1,2014-12-02,2019-10-05,false
TNP-00332,TNP-00925,shared_constituency,ARP-2014,1,0.05,TNC-c5d49c5a3d8b,تونس 2,21,1,2016-03-10,2019-10-05,false
TNP-00332,TNP-00932,shared_constituency,ARP-2014,1,0.05,TNC-c5d49c5a3d8b,تونس 2,21,1,2014-12-02,2016-09-16,false
TNP-00332,TNP-00937,shared_constituency,ARP-2014,1,0.05,TNC-c5d49c5a3d8b,تونس 2,21,1,2014-12-02,2019-10-05,false
TNP-00332,TNP-00938,shared_constituency,ARP-2014,1,0.05,TNC-c5d49c5a3d8b,تونس 2,21,1,2014-12-02,2015-01-12,false
TNP-00333,TNP-00805,shared_constituency,ARP-2014,1,0.1,TNC-127a9c27f085,بنزرت,11,1,2014-12-02,2019-10-05,false
TNP-00333,TNP-00806,shared_constituency,ARP-2014,1,0.1,TNC-127a9c27f085,بنزرت,11,1,2014-12-02,2019-10-05,false
TNP-00333,TNP-00816,shared_constituency,ARP-2014,1,0.1,TNC-127a9c27f085,بنزرت,11,1,2014-12-02,2019-10-05,false
TNP-00333,TNP-00820,shared_constituency,ARP-2014,1,0.1,TNC-127a9c27f085,بنزرت,11,1,2014-12-02,2019-10-05,false
TNP-00333,TNP-00835,shared_constituency,ARP-2014,1,0.1,TNC-127a9c27f085,بنزرت,11,1,2014-12-02,2016-09-16,false
TNP-00333,TNP-00867,shared_constituency,ARP-2014,1,0.1,TNC-127a9c27f085,بنزرت,11,1,2016-10-17,2019-10-05,false
TNP-00333,TNP-00953,shared_constituency,ARP-2014,1,0.1,TNC-127a9c27f085,بنزرت,11,1,2016-01-08,2019-10-05,false
TNP-00340,TNP-00422,shared_constituency,ARP-2014,1,0.083333,TNC-26721d64b672,فرنسا 2,13,1,2014-12-02,2016-09-16,false
TNP-00340,TNP-00842,shared_constituency,ARP-2014,1,0.083333,TNC-26721d64b672,فرنسا 2,13,1,2014-12-02,2016-09-16,false
TNP-00340,TNP-00858,shared_constituency,ARP-2014,1,0.083333,TNC-26721d64b672,فرنسا 2,13,1,2014-12-02,2016-09-16,false
TNP-00340,TNP-00862,shared_constituency,ARP-2014,1,0.083333,TNC-26721d64b672,فرنسا 2,13,1,2014-12-02,2016-09-16,false
TNP-00340,TNP-00863,shared_constituency,ARP-2014,1,0.083333,TNC-26721d64b672,فرنسا 2,13,1,2014-12-02,2016-09-16,false
TNP-00340,TNP-00880,shared_constituency,ARP-2014,1,0.083333,TNC-26721d64b672,فرنسا 2,13,1,2016-03-10,2016-09-16,false
TNP-00340,TNP-00894,shared_constituency,ARP-2014,1,0.083333,TNC-26721d64b672,فرنسا 2,13,1,2014-12-02,2016-09-16,false
TNP-00340,TNP-00918,shared_constituency,ARP-2014,1,0.083333,TNC-26721d64b672,فرنسا 2,13,1,2014-12-02,2016-09-16,false
TNP-00345,TNP-00361,shared_constituency,ARP-2014,1,0.166667,TNC-dc9e20ebd731,قفصة,7,1,2014-12-02,2019-10-05,false
TNP-00345,TNP-00811,shared_constituency,ARP-2014,1,0.166667,TNC-dc9e20ebd731,قفصة,7,1,2014-12-02,2019-10-05,false
TNP-00345,TNP-00812,shared_constituency,ARP-2014,1,0.166667,TNC-dc9e20ebd731,قفصة,7,1,2014-12-02,2019-10-05,false
TNP-00345,TNP-00901,shared_constituency,ARP-2014,1,0.166667,TNC-dc9e20ebd731,قفصة,7,1,2014-12-02,2019-10-05,false
TNP-00350,TNP-00429,shared_constituency,ARP-2014,1,0.125,TNC-2ffd7b757121,القيروان,9,1,2014-12-02,2019-10-05,false
TNP-00350,TNP-00523,shared_constituency,ARP-2014,1,0.125,TNC-2ffd7b757121,القيروان,9,1,2014-12-02,2019-10-05,false
TNP-00350,TNP-00837,shared_constituency,ARP-2014,1,0.125,TNC-2ffd7b757121,القيروان,9,1,2014-12-02,2019-10-05,false
TNP-00350,TNP-00891,shared_constituency,ARP-2014,1,0.125,TNC-2ffd7b757121,القيروان,9,1,2014-12-02,2019-10-05,false
TNP-00350,TNP-00927,shared_constituency,ARP-2014,1,0.125,TNC-2ffd7b757121,القيروان,9,1,2014-12-02,2019-10-05,false
TNP-00350,TNP-00948,shared_constituency,ARP-2014,1,0.125,TNC-2ffd7b757121,القيروان,9,1,2014-12-02,2019-10-05,false
TNP-00350,TNP-00954,shared_constituency,ARP-2014,1,0.125,TNC-2ffd7b757121,القيروان,9,1,2014-12-02,2019-10-05,false
TNP-00354,TNP-00803,shared_constituency,ARP-2014,1,0.090909,TNC-45ef21daa360,سوسة,12,1,2015-03-06,2019-10-05,false
TNP-00354,TNP-00830,shared_constituency,ARP-2014,1,0.090909,TNC-45ef21daa360,سوسة,12,1,2015-03-06,2019-10-05,false
TNP-00354,TNP-00833,shared_constituency,ARP-2014,1,0.090909,TNC-45ef21daa360,سوسة,12,1,2015-03-06,2015-07-21,false
TNP-00354,TNP-00865,shared_constituency,ARP-2014,1,0.090909,TNC-45ef21daa360,سوسة,12,1,2015-03-06,2019-10-05,false
TNP-00354,TNP-00913,shared_constituency,ARP-2014,1,0.090909,TNC-45ef21daa360,سوسة,12,1,2015-03-06,2019-10-05,false
TNP-00354,TNP-00920,shared_constituency,ARP-2014,1,0.090909,TNC-45ef21daa360,سوسة,12,1,2015-03-06,2019-10-05,false
TNP-00354,TNP-00922,shared_constituency,ARP-2014,1,0.090909,TNC-45ef21daa360,سوسة,12,1,2015-08-01,2019-10-05,false
TNP-00354,TNP-00961,shared_constituency,ARP-2014,1,0.090909,TNC-45ef21daa360,سوسة,12,1,2015-03-06,2019-10-05,false
TNP-00355,TNP-00500,shared_constituency,ARP-2014,1,0.066667,TNC-0e07ea906a10,نابل 2,16,1,2014-12-02,2019-10-05,false
TNP-00355,TNP-00543,shared_constituency,ARP-2014,1,0.066667,TNC-0e07ea906a10,نابل 2,16,1,2014-12-02,2015-01-12,false
TNP-00355,TNP-00792,shared_constituency,ARP-2014,1,0.066667,TNC-0e07ea906a10,نابل 2,16,1,2014-12-02,2019-10-05,false
TNP-00355,TNP-00819,shared_constituency,ARP-2014,1,0.066667,TNC-0e07ea906a10,نابل 2,16,1,2014-12-02,2015-01-12,false
TNP-00355,TNP-00824,shared_constituency,ARP-2014,1,0.066667,TNC-0e07ea906a10,نابل 2,16,1,2014-12-02,2019-10-05,false
TNP-00355,TNP-00829,shared_constituency,ARP-2014,1,0.066667,TNC-0e07ea906a10,نابل 2,16,1,2014-12-02,2019-10-05,false
TNP-00355,TNP-00845,shared_constituency,ARP-2014,1,0.066667,TNC-0e07ea906a10,نابل 2,16,1,2014-12-02,2019-10-05,false
TNP-00355,TNP-00864,shared_constituency,ARP-2014,1,0.066667,TNC-0e07ea906a10,نابل 2,16,1,2014-12-02,2019-10-05,false
TNP-00355,TNP-00868,shared_constituency,ARP-2014,1,0.066667,TNC-0e07ea906a10,نابل 2,16,1,2015-03-06,2019-10-05,false
TNP-00355,TNP-00876,shared_constituency,ARP-2014,1,0.066667,TNC-0e07ea906a10,نابل 2,16,1,2015-03-06,2019-10-05,false
TNP-00355,TNP-00882,shared_constituency,ARP-2014,1,0.066667,TNC-0e07ea906a10,نابل 2,16,1,2014-12-02,2019-10-05,false
TNP-00355,TNP-00907,shared_constituency,ARP-2014,1,0.066667,TNC-0e07ea906a10,نابل 2,16,1,2014-12-02,2019-10-05,false
TNP-00355,TNP-00917,shared_constituency,ARP-2014,1,0.066667,TNC-0e07ea906a10,نابل 2,16,1,2014-12-02,2019-10-05,false
TNP-00355,TNP-00941,shared_constituency,ARP-2014,1,0.066667,TNC-0e07ea906a10,نابل 2,16,1,2014-12-02,2015-01-12,false
TNP-00357,TNP-00791,shared_constituency,ARP-2014,1,0.05,TNC-c5d49c5a3d8b,تونس 2,21,1,2014-12-02,2019-10-05,false
TNP-00357,TNP-00796,shared_constituency,ARP-2014,1,0.05,TNC-c5d49c5a3d8b,تونس 2,21,1,2014-12-02,2019-10-05,false
TNP-00357,TNP-00804,shared_constituency,ARP-2014,1,0.05,TNC-c5d49c5a3d8b,تونس 2,21,1,2014-12-02,2019-10-05,false
TNP-00357,TNP-00808,shared_constituency,ARP-2014,1,0.05,TNC-c5d49c5a3d8b,تونس 2,21,1,2014-12-02,2019-10-05,false
TNP-00357,TNP-00818,shared_constituency,ARP-2014,1,0.05,TNC-c5d49c5a3d8b,تونس 2,21,1,2014-12-02,2019-10-05,false
TNP-00357,TNP-00838,shared_constituency,ARP-2014,1,0.05,TNC-c5d49c5a3d8b,تونس 2,21,1,2016-10-17,2019-10-05,false
TNP-00357,TNP-00843,shared_constituency,ARP-2014,1,0.05,TNC-c5d49c5a3d8b,تونس 2,21,1,2015-03-06,2019-10-05,false
TNP-00357,TNP-00849,shared_constituency,ARP-2014,1,0.05,TNC-c5d49c5a3d8b,تونس 2,21,1,2014-12-02,2019-10-05,false
TNP-00357,TNP-00870,shared_constituency,ARP-2014,1,0.05,TNC-c5d49c5a3d8b,تونس 2,21,1,2017-12-30,2019-10-05,false
TNP-00357,TNP-00871,shared_constituency,ARP-2014,1,0.05,TNC-c5d49c5a3d8b,تونس 2,21,1,2014-12-02,2017-07-05,false
TNP-00357,TNP-00874,shared_constituency,ARP-2014,1,0.05,TNC-c5d49c5a3d8b,تونس 2,21,1,2014-12-02,2019-10-05,false
TNP-00357,TNP-00909,shared_constituency,ARP-2014,1,0.05,TNC-c5d49c5a3d8b,تونس 2,21,1,2014-12-02,2016-09-16,false
TNP-00357,TNP-00916,shared_constituency,ARP-2014,1,0.05,TNC-c5d49c5a3d8b,تونس 2,21,1,2014-12-02,2019-10-05,false
TNP-00357,TNP-00925,shared_constituency,ARP-2014,1,0.05,TNC-c5d49c5a3d8b,تونس 2,21,1,2016-03-10,2019-10-05,false
TNP-00357,TNP-00932,shared_constituency,ARP-2014,1,0.05,TNC-c5d49c5a3d8b,تونس 2,21,1,2014-12-02,2016-09-16,false
TNP-00357,TNP-00937,shared_constituency,ARP-2014,1,0.05,TNC-c5d49c5a3d8b,تونس 2,21,1,2014-12-02,2019-10-05,false
TNP-00357,TNP-00938,shared_constituency,ARP-2014,1,0.05,TNC-c5d49c5a3d8b,تونس 2,21,1,2014-12-02,2015-01-12,false
TNP-00361,TNP-00811,shared_constituency,ARP-2014,1,0.166667,TNC-dc9e20ebd731,قفصة,7,1,2014-12-02,2019-10-05,false
TNP-00361,TNP-00812,shared_constituency,ARP-2014,1,0.166667,TNC-dc9e20ebd731,قفصة,7,1,2014-12-02,2019-10-05,false
TNP-00361,TNP-00901,shared_constituency,ARP-2014,1,0.166667,TNC-dc9e20ebd731,قفصة,7,1,2014-12-02,2019-10-05,false
TNP-00364,TNP-00803,shared_constituency,ARP-2014,1,0.090909,TNC-45ef21daa360,سوسة,12,1,2014-12-02,2015-01-12,false
TNP-00364,TNP-00830,shared_constituency,ARP-2014,1,0.090909,TNC-45ef21daa360,سوسة,12,1,2014-12-02,2015-01-12,false
TNP-00364,TNP-00833,shared_constituency,ARP-2014,1,0.090909,TNC-45ef21daa360,سوسة,12,1,2014-12-02,2015-01-12,false
TNP-00364,TNP-00865,shared_constituency,ARP-2014,1,0.090909,TNC-45ef21daa360,سوسة,12,1,2014-12-02,2015-01-12,false
TNP-00364,TNP-00913,shared_constituency,ARP-2014,1,0.090909,TNC-45ef21daa360,سوسة,12,1,2014-12-02,2015-01-12,false
TNP-00364,TNP-00920,shared_constituency,ARP-2014,1,0.090909,TNC-45ef21daa360,سوسة,12,1,2014-12-02,2015-01-12,false
TNP-00364,TNP-00961,shared_constituency,ARP-2014,1,0.090909,TNC-45ef21daa360,سوسة,12,1,2014-12-02,2015-01-12,false
TNP-00365,TNP-00848,shared_constituency,ARP-2014,1,0.25,TNC-a77f5ad1c2d7,قبلي,5,1,2014-12-02,2019-10-05,false
TNP-00365,TNP-00884,shared_constituency,ARP-2014,1,0.25,TNC-a77f5ad1c2d7,قبلي,5,1,2014-12-02,2019-10-05,false
TNP-00365,TNP-00892,shared_constituency,ARP-2014,1,0.25,TNC-a77f5ad1c2d7,قبلي,5,1,2014-12-02,2019-10-05,false
TNP-00369,TNP-00445,shared_constituency,ARP-2014,1,0.142857,TNC-067080a8159f,جندوبة,8,1,2014-12-02,2019-10-05,false
TNP-00369,TNP-00817,shared_constituency,ARP-2014,1,0.142857,TNC-067080a8159f,جندوبة,8,1,2014-12-02,2019-10-05,false
TNP-00369,TNP-00823,shared_constituency,ARP-2014,1,0.142857,TNC-067080a8159f,جندوبة,8,1,2014-12-02,2019-10-05,false
TNP-00369,TNP-00825,shared_constituency,ARP-2014,1,0.142857,TNC-067080a8159f,جندوبة,8,1,2014-12-02,2019-10-05,false
TNP-00369,TNP-00855,shared_constituency,ARP-2014,1,0.142857,TNC-067080a8159f,جندوبة,8,1,2014-12-02,2019-10-05,false
TNP-00375,TNP-00401,shared_constituency,ARP-2014,1,0.333333,TNC-a1a97b7dfaf6,إيطاليا,4,1,2014-12-02,2017-07-05,false
TNP-00375,TNP-00888,shared_constituency,ARP-2014,1,0.333333,TNC-a1a97b7dfaf6,إيطاليا,4,1,2014-12-02,2017-07-05,false
TNP-00383,TNP-00809,shared_constituency,ARP-2014,1,0.166667,TNC-0a6fa8fc89c0,قابس,7,1,2014-12-02,2019-10-05,false
TNP-00383,TNP-00885,shared_constituency,ARP-2014,1,0.166667,TNC-0a6fa8fc89c0,قابس,7,1,2014-12-02,2019-10-05,false
TNP-00383,TNP-00930,shared_constituency,ARP-2014,1,0.166667,TNC-0a6fa8fc89c0,قابس,7,1,2014-12-02,2019-10-05,false
TNP-00383,TNP-00934,shared_constituency,ARP-2014,1,0.166667,TNC-0a6fa8fc89c0,قابس,7,1,2014-12-02,2019-10-05,false
TNP-00394,TNP-00430,shared_constituency,ARP-2014,1,0.125,TNC-858bae1a6a7d,المهدية,9,1,2015-03-06,2019-10-05,false
TNP-00394,TNP-00836,shared_constituency,ARP-2014,1,0.125,TNC-858bae1a6a7d,المهدية,9,1,2014-12-02,2019-10-05,false
TNP-00394,TNP-00873,shared_constituency,ARP-2014,1,0.125,TNC-858bae1a6a7d,المهدية,9,1,2014-12-02,2019-10-05,false
TNP-00394,TNP-00890,shared_constituency,ARP-2014,1,0.125,TNC-858bae1a6a7d,المهدية,9,1,2014-12-02,2019-10-05,false
TNP-00394,TNP-00929,shared_constituency,ARP-2014,1,0.125,TNC-858bae1a6a7d,المهدية,9,1,2014-12-02,2019-10-05,false
TNP-00394,TNP-00947,shared_constituency,ARP-2014,1,0.125,TNC-858bae1a6a7d,المهدية,9,1,2014-12-02,2019-10-05,false
TNP-00394,TNP-00958,shared_constituency,ARP-2014,1,0.125,TNC-858bae1a6a7d,المهدية,9,1,2014-12-02,2015-01-12,false
TNP-00401,TNP-00888,shared_constituency,ARP-2014,1,0.333333,TNC-a1a97b7dfaf6,إيطاليا,4,1,2014-12-02,2019-10-05,false
TNP-00401,TNP-00928,shared_constituency,ARP-2014,1,0.333333,TNC-a1a97b7dfaf6,إيطاليا,4,1,2017-12-30,2019-10-05,false
TNP-00404,TNP-00802,shared_constituency,ARP-2014,1,0.111111,TNC-3300c61cb437,مدنين,10,1,2014-12-02,2018-10-12,false
TNP-00404,TNP-00815,shared_constituency,ARP-2014,1,0.111111,TNC-3300c61cb437,مدنين,10,1,2014-12-02,2018-10-12,false
TNP-00404,TNP-00851,shared_constituency,ARP-2014,1,0.111111,TNC-3300c61cb437,مدنين,10,1,2014-12-02,2018-10-12,false
TNP-00404,TNP-00866,shared_constituency,ARP-2014,1,0.111111,TNC-3300c61cb437,مدنين,10,1,2014-12-02,2018-10-12,false
TNP-00404,TNP-00949,shared_constituency,ARP-2014,1,0.111111,TNC-3300c61cb437,مدنين,10,1,2014-12-02,2018-10-12,false
TNP-00422,TNP-00842,shared_constituency,ARP-2014,1,0.083333,TNC-26721d64b672,فرنسا 2,13,1,2014-12-02,2019-10-05,false
TNP-00422,TNP-00858,shared_constituency,ARP-2014,1,0.083333,TNC-26721d64b672,فرنسا 2,13,1,2014-12-02,2019-10-05,false
TNP-00422,TNP-00861,shared_constituency,ARP-2014,1,0.083333,TNC-26721d64b672,فرنسا 2,13,1,2016-10-17,2019-10-05,false
TNP-00422,TNP-00862,shared_constituency,ARP-2014,1,0.083333,TNC-26721d64b672,فرنسا 2,13,1,2014-12-02,2016-09-16,false
TNP-00422,TNP-00863,shared_constituency,ARP-2014,1,0.083333,TNC-26721d64b672,فرنسا 2,13,1,2014-12-02,2019-10-05,false
TNP-00422,TNP-00880,shared_constituency,ARP-2014,1,0.083333,TNC-26721d64b672,فرنسا 2,13,1,2016-03-10,2017-07-05,false
TNP-00422,TNP-00894,shared_constituency,ARP-2014,1,0.083333,TNC-26721d64b672,فرنسا 2,13,1,2014-12-02,2019-10-05,false
TNP-00422,TNP-00918,shared_constituency,ARP-2014,1,0.083333,TNC-26721d64b672,فرنسا 2,13,1,2014-12-02,2019-10-05,false
TNP-00429,TNP-00523,shared_constituency,ARP-2014,1,0.125,TNC-2ffd7b757121,القيروان,9,1,2014-12-02,2019-10-05,false
TNP-00429,TNP-00837,shared_constituency,ARP-2014,1,0.125,TNC-2ffd7b757121,القيروان,9,1,2014-12-02,2019-10-05,false
TNP-00429,TNP-00891,shared_constituency,ARP-2014,1,0.125,TNC-2ffd7b757121,القيروان,9,1,2014-12-02,2019-10-05,false
TNP-00429,TNP-00927,shared_constituency,ARP-2014,1,0.125,TNC-2ffd7b757121,القيروان,9,1,2014-12-02,2019-10-05,false
TNP-00429,TNP-00948,shared_constituency,ARP-2014,1,0.125,TNC-2ffd7b757121,القيروان,9,1,2014-12-02,2019-10-05,false
TNP-00429,TNP-00954,shared_constituency,ARP-2014,1,0.125,TNC-2ffd7b757121,القيروان,9,1,2014-12-02,2019-10-05,false
TNP-00430,TNP-00836,shared_constituency,ARP-2014,1,0.125,TNC-858bae1a6a7d,المهدية,9,1,2015-03-06,2019-10-05,false
TNP-00430,TNP-00873,shared_constituency,ARP-2014,1,0.125,TNC-858bae1a6a7d,المهدية,9,1,2015-03-06,2019-10-05,false
TNP-00430,TNP-00890,shared_constituency,ARP-2014,1,0.125,TNC-858bae1a6a7d,المهدية,9,1,2015-03-06,2019-10-05,false
TNP-00430,TNP-00929,shared_constituency,ARP-2014,1,0.125,TNC-858bae1a6a7d,المهدية,9,1,2015-03-06,2019-10-05,false
TNP-00430,TNP-00947,shared_constituency,ARP-2014,1,0.125,TNC-858bae1a6a7d,المهدية,9,1,2015-03-06,2019-10-05,false
TNP-00445,TNP-00817,shared_constituency,ARP-2014,1,0.142857,TNC-067080a8159f,جندوبة,8,1,2014-12-02,2019-10-05,false
TNP-00445,TNP-00823,shared_constituency,ARP-2014,1,0.142857,TNC-067080a8159f,جندوبة,8,1,2014-12-02,2019-10-05,false
TNP-00445,TNP-00825,shared_constituency,ARP-2014,1,0.142857,TNC-067080a8159f,جندوبة,8,1,2014-12-02,2019-10-05,false
TNP-00445,TNP-00855,shared_constituency,ARP-2014,1,0.142857,TNC-067080a8159f,جندوبة,8,1,2014-12-02,2019-10-05,false
TNP-00468,TNP-00846,shared_constituency,ARP-2014,1,0.142857,TNC-f502c1f80309,أريانة,8,1,2014-12-02,2019-10-05,false
TNP-00468,TNP-00860,shared_constituency,ARP-2014,1,0.142857,TNC-f502c1f80309,أريانة,8,1,2014-12-02,2019-10-05,false
TNP-00468,TNP-00872,shared_constituency,ARP-2014,1,0.142857,TNC-f502c1f80309,أريانة,8,1,2014-12-02,2019-10-05,false
TNP-00468,TNP-00935,shared_constituency,ARP-2014,1,0.142857,TNC-f502c1f80309,أريانة,8,1,2014-12-02,2019-10-05,false
TNP-00468,TNP-00959,shared_constituency,ARP-2014,1,0.142857,TNC-f502c1f80309,أريانة,8,1,2014-12-02,2019-10-05,false
TNP-00492,TNP-00553,shared_constituency,ARP-2014,1,0.066667,TNC-4f3b2af02bf2,صفاقس 2,16,1,2014-12-02,2019-10-05,false
TNP-00492,TNP-00814,shared_constituency,ARP-2014,1,0.066667,TNC-4f3b2af02bf2,صفاقس 2,16,1,2014-12-02,2019-10-05,false
TNP-00492,TNP-00821,shared_constituency,ARP-2014,1,0.066667,TNC-4f3b2af02bf2,صفاقس 2,16,1,2014-12-02,2019-10-05,false
TNP-00492,TNP-00839,shared_constituency,ARP-2014,1,0.066667,TNC-4f3b2af02bf2,صفاقس 2,16,1,2014-12-02,2019-10-05,false
TNP-00492,TNP-00852,shared_constituency,ARP-2014,1,0.066667,TNC-4f3b2af02bf2,صفاقس 2,16,1,2014-12-02,2019-10-05,false
TNP-00492,TNP-00886,shared_constituency,ARP-2014,1,0.066667,TNC-4f3b2af02bf2,صفاقس 2,16,1,2014-12-02,2019-10-05,false
TNP-00492,TNP-00893,shared_constituency,ARP-2014,1,0.066667,TNC-4f3b2af02bf2,صفاقس 2,16,1,2014-12-02,2019-10-05,false
TNP-00492,TNP-00895,shared_constituency,ARP-2014,1,0.066667,TNC-4f3b2af02bf2,صفاقس 2,16,1,2014-12-02,2019-10-05,false
TNP-00492,TNP-00910,shared_constituency,ARP-2014,1,0.066667,TNC-4f3b2af02bf2,صفاقس 2,16,1,2014-12-02,2019-10-05,false
TNP-00492,TNP-00945,shared_constituency,ARP-2014,1,0.066667,TNC-4f3b2af02bf2,صفاقس 2,16,1,2014-12-02,2019-10-05,false
TNP-00492,TNP-00946,shared_constituency,ARP-2014,1,0.066667,TNC-4f3b2af02bf2,صفاقس 2,16,1,2014-12-02,2019-10-05,false
TNP-00498,TNP-00813,shared_constituency,ARP-2014,1,0.111111,TNC-19437cfdc576,القصرين,10,1,2014-12-02,2019-10-05,false
TNP-00498,TNP-00850,shared_constituency,ARP-2014,1,0.111111,TNC-19437cfdc576,القصرين,10,1,2014-12-02,2019-10-05,false
TNP-00498,TNP-00878,shared_constituency,ARP-2014,1,0.111111,TNC-19437cfdc576,القصرين,10,1,2014-12-02,2019-10-05,false
TNP-00498,TNP-00879,shared_constituency,ARP-2014,1,0.111111,TNC-19437cfdc576,القصرين,10,1,2018-10-12,2019-10-05,false
TNP-00498,TNP-00903,shared_constituency,ARP-2014,1,0.111111,TNC-19437cfdc576,القصرين,10,1,2016-11-19,2016-12-13,false
TNP-00498,TNP-00904,shared_constituency,ARP-2014,1,0.111111,TNC-19437cfdc576,القصرين,10,1,2014-12-02,2019-10-05,false
TNP-00498,TNP-00936,shared_constituency,ARP-2014,1,0.111111,TNC-19437cfdc576,القصرين,10,1,2014-12-02,2019-10-05,false
TNP-00498,TNP-00957,shared_constituency,ARP-2014,1,0.111111,TNC-19437cfdc576,القصرين,10,1,2014-12-02,2019-10-05,false
TNP-00500,TNP-00543,shared_constituency,ARP-2014,1,0.066667,TNC-0e07ea906a10,نابل 2,16,1,2014-12-02,2015-01-12,false
TNP-00500,TNP-00792,shared_constituency,ARP-2014,1,0.066667,TNC-0e07ea906a10,نابل 2,16,1,2014-12-02,2019-10-05,false
TNP-00500,TNP-00819,shared_constituency,ARP-2014,1,0.066667,TNC-0e07ea906a10,نابل 2,16,1,2014-12-02,2015-01-12,false
TNP-00500,TNP-00824,shared_constituency,ARP-2014,1,0.066667,TNC-0e07ea906a10,نابل 2,16,1,2014-12-02,2019-10-05,false
TNP-00500,TNP-00829,shared_constituency,ARP-2014,1,0.066667,TNC-0e07ea906a10,نابل 2,16,1,2014-12-02,2019-10-05,false
TNP-00500,TNP-00845,shared_constituency,ARP-2014,1,0.066667,TNC-0e07ea906a10,نابل 2,16,1,2014-12-02,2019-10-05,false
TNP-00500,TNP-00864,shared_constituency,ARP-2014,1,0.066667,TNC-0e07ea906a10,نابل 2,16,1,2014-12-02,2019-10-05,false
TNP-00500,TNP-00868,shared_constituency,ARP-2014,1,0.066667,TNC-0e07ea906a10,نابل 2,16,1,2015-03-06,2019-10-05,false
TNP-00500,TNP-00876,shared_constituency,ARP-2014,1,0.066667,TNC-0e07ea906a10,نابل 2,16,1,2015-03-06,2019-10-05,false
TNP-00500,TNP-00882,shared_constituency,ARP-2014,1,0.066667,TNC-0e07ea906a10,نابل 2,16,1,2014-12-02,2019-10-05,false
TNP-00500,TNP-00907,shared_constituency,ARP-2014,1,0.066667,TNC-0e07ea906a10,نابل 2,16,1,2014-12-02,2019-10-05,false
TNP-00500,TNP-00917,shared_constituency,ARP-2014,1,0.066667,TNC-0e07ea906a10,نابل 2,16,1,2014-12-02,2019-10-05,false
TNP-00500,TNP-00941,shared_constituency,ARP-2014,1,0.066667,TNC-0e07ea906a10,نابل 2,16,1,2014-12-02,2015-01-12,false
TNP-00523,TNP-00837,shared_constituency,ARP-2014,1,0.125,TNC-2ffd7b757121,القيروان,9,1,2014-12-02,2019-10-05,false
TNP-00523,TNP-00891,shared_constituency,ARP-2014,1,0.125,TNC-2ffd7b757121,القيروان,9,1,2014-12-02,2019-10-05,false
TNP-00523,TNP-00927,shared_constituency,ARP-2014,1,0.125,TNC-2ffd7b757121,القيروان,9,1,2014-12-02,2019-10-05,false
TNP-00523,TNP-00948,shared_constituency,ARP-2014,1,0.125,TNC-2ffd7b757121,القيروان,9,1,2014-12-02,2019-10-05,false
TNP-00523,TNP-00954,shared_constituency,ARP-2014,1,0.125,TNC-2ffd7b757121,القيروان,9,1,2014-12-02,2019-10-05,false
TNP-00543,TNP-00792,shared_constituency,ARP-2014,1,0.066667,TNC-0e07ea906a10,نابل 2,16,1,2014-12-02,2015-01-12,false
TNP-00543,TNP-00819,shared_constituency,ARP-2014,1,0.066667,TNC-0e07ea906a10,نابل 2,16,1,2014-12-02,2015-01-12,false
TNP-00543,TNP-00824,shared_constituency,ARP-2014,1,0.066667,TNC-0e07ea906a10,نابل 2,16,1,2014-12-02,2015-01-12,false
TNP-00543,TNP-00829,shared_constituency,ARP-2014,1,0.066667,TNC-0e07ea906a10,نابل 2,16,1,2014-12-02,2015-01-12,false
TNP-00543,TNP-00845,shared_constituency,ARP-2014,1,0.066667,TNC-0e07ea906a10,نابل 2,16,1,2014-12-02,2015-01-12,false
TNP-00543,TNP-00864,shared_constituency,ARP-2014,1,0.066667,TNC-0e07ea906a10,نابل 2,16,1,2014-12-02,2015-01-12,false
TNP-00543,TNP-00882,shared_constituency,ARP-2014,1,0.066667,TNC-0e07ea906a10,نابل 2,16,1,2014-12-02,2015-01-12,false
TNP-00543,TNP-00907,shared_constituency,ARP-2014,1,0.066667,TNC-0e07ea906a10,نابل 2,16,1,2014-12-02,2015-01-12,false
TNP-00543,TNP-00917,shared_constituency,ARP-2014,1,0.066667,TNC-0e07ea906a10,نابل 2,16,1,2014-12-02,2015-01-12,false
TNP-00543,TNP-00941,shared_constituency,ARP-2014,1,0.066667,TNC-0e07ea906a10,نابل 2,16,1,2014-12-02,2015-01-12,false
TNP-00544,TNP-00795,shared_constituency,ARP-2014,1,0.125,TNC-79a8fbd7e523,سليانة,9,1,2017-05-29,2019-10-05,false
TNP-00544,TNP-00828,shared_constituency,ARP-2014,1,0.125,TNC-79a8fbd7e523,سليانة,9,1,2016-10-17,2017-07-05,false
TNP-00544,TNP-00854,shared_constituency,ARP-2014,1,0.125,TNC-79a8fbd7e523,سليانة,9,1,2014-12-02,2016-10-17,false
TNP-00544,TNP-00857,shared_constituency,ARP-2014,1,0.125,TNC-79a8fbd7e523,سليانة,9,1,2014-12-02,2019-10-05,false
TNP-00544,TNP-00939,shared_constituency,ARP-2014,1,0.125,TNC-79a8fbd7e523,سليانة,9,1,2014-12-02,2019-10-05,false
TNP-00544,TNP-00944,shared_constituency,ARP-2014,1,0.125,TNC-79a8fbd7e523,سليانة,9,1,2014-12-02,2019-10-05,false
TNP-00544,TNP-00962,shared_constituency,ARP-2014,1,0.125,TNC-79a8fbd7e523,سليانة,9,1,2016-11-19,2019-10-05,false
TNP-00544,TNP-00963,shared_constituency,ARP-2014,1,0.125,TNC-79a8fbd7e523,سليانة,9,1,2014-12-02,2016-10-17,false
TNP-00548,TNP-00810,shared_constituency,ARP-2014,1,0.090909,TNC-0ea649aa9c9b,بن عروس,12,1,2017-12-30,2019-10-05,false
TNP-00548,TNP-00831,shared_constituency,ARP-2014,1,0.090909,TNC-0ea649aa9c9b,بن عروس,12,1,2014-12-02,2019-10-05,false
TNP-00548,TNP-00899,shared_constituency,ARP-2014,1,0.090909,TNC-0ea649aa9c9b,بن عروس,12,1,2014-12-02,2015-01-12,false
TNP-00548,TNP-00900,shared_constituency,ARP-2014,1,0.090909,TNC-0ea649aa9c9b,بن عروس,12,1,2014-12-02,2019-10-05,false
TNP-00548,TNP-00908,shared_constituency,ARP-2014,1,0.090909,TNC-0ea649aa9c9b,بن عروس,12,1,2014-12-02,2019-10-05,false
TNP-00548,TNP-00926,shared_constituency,ARP-2014,1,0.090909,TNC-0ea649aa9c9b,بن عروس,12,1,2014-12-02,2019-10-05,false
TNP-00548,TNP-00950,shared_constituency,ARP-2014,1,0.090909,TNC-0ea649aa9c9b,بن عروس,12,1,2015-03-06,2017-07-05,false
TNP-00548,TNP-00952,shared_constituency,ARP-2014,1,0.090909,TNC-0ea649aa9c9b,بن عروس,12,1,2014-12-02,2019-10-05,false
TNP-00548,TNP-00956,shared_constituency,ARP-2014,1,0.090909,TNC-0ea649aa9c9b,بن عروس,12,1,2014-12-02,2019-10-05,false
TNP-00548,TNP-00960,shared_constituency,ARP-2014,1,0.090909,TNC-0ea649aa9c9b,بن عروس,12,1,2014-12-02,2019-10-05,false
TNP-00553,TNP-00814,shared_constituency,ARP-2014,1,0.066667,TNC-4f3b2af02bf2,صفاقس 2,16,1,2014-12-02,2019-10-05,false
TNP-00553,TNP-00821,shared_constituency,ARP-2014,1,0.066667,TNC-4f3b2af02bf2,صفاقس 2,16,1,2014-12-02,2019-10-05,false
TNP-00553,TNP-00839,shared_constituency,ARP-2014,1,0.066667,TNC-4f3b2af02bf2,صفاقس 2,16,1,2014-12-02,2019-10-05,false
TNP-00553,TNP-00852,shared_constituency,ARP-2014,1,0.066667,TNC-4f3b2af02bf2,صفاقس 2,16,1,2014-12-02,2019-10-05,false
TNP-00553,TNP-00886,shared_constituency,ARP-2014,1,0.066667,TNC-4f3b2af02bf2,صفاقس 2,16,1,2014-12-02,2019-10-05,false
TNP-00553,TNP-00893,shared_constituency,ARP-2014,1,0.066667,TNC-4f3b2af02bf2,صفاقس 2,16,1,2014-12-02,2019-10-05,false
TNP-00553,TNP-00895,shared_constituency,ARP-2014,1,0.066667,TNC-4f3b2af02bf2,صفاقس 2,16,1,2014-12-02,2019-10-05,false
TNP-00553,TNP-00910,shared_constituency,ARP-2014,1,0.066667,TNC-4f3b2af02bf2,صفاقس 2,16,1,2014-12-02,2019-10-05,false
TNP-00553,TNP-00945,shared_constituency,ARP-2014,1,0.066667,TNC-4f3b2af02bf2,صفاقس 2,16,1,2014-12-02,2019-10-05,false
TNP-00553,TNP-00946,shared_constituency,ARP-2014,1,0.066667,TNC-4f3b2af02bf2,صفاقس 2,16,1,2014-12-02,2019-10-05,false
TNP-00790,TNP-00793,shared_constituency,ARP-2014,1,0.166667,TNC-6bebe902d4f4,الكاف,7,1,2014-12-02,2017-12-30,false
TNP-00790,TNP-00826,shared_constituency,ARP-2014,1,0.166667,TNC-6bebe902d4f4,الكاف,7,1,2014-12-02,2017-12-30,false
TNP-00790,TNP-00859,shared_constituency,ARP-2014,1,0.166667,TNC-6bebe902d4f4,الكاف,7,1,2014-12-02,2017-12-30,false
TNP-00790,TNP-00912,shared_constituency,ARP-2014,1,0.166667,TNC-6bebe902d4f4,الكاف,7,1,2014-12-02,2017-12-30,false
TNP-00790,TNP-00915,shared_constituency,ARP-2014,1,0.166667,TNC-6bebe902d4f4,الكاف,7,1,2014-12-02,2017-12-30,false
TNP-00791,TNP-00796,shared_constituency,ARP-2014,1,0.05,TNC-c5d49c5a3d8b,تونس 2,21,1,2014-12-02,2019-10-05,false
TNP-00791,TNP-00804,shared_constituency,ARP-2014,1,0.05,TNC-c5d49c5a3d8b,تونس 2,21,1,2014-12-02,2019-10-05,false
TNP-00791,TNP-00808,shared_constituency,ARP-2014,1,0.05,TNC-c5d49c5a3d8b,تونس 2,21,1,2014-12-02,2019-10-05,false
TNP-00791,TNP-00818,shared_constituency,ARP-2014,1,0.05,TNC-c5d49c5a3d8b,تونس 2,21,1,2014-12-02,2019-10-05,false
TNP-00791,TNP-00838,shared_constituency,ARP-2014,1,0.05,TNC-c5d49c5a3d8b,تونس 2,21,1,2016-10-17,2019-10-05,false
TNP-00791,TNP-00843,shared_constituency,ARP-2014,1,0.05,TNC-c5d49c5a3d8b,تونس 2,21,1,2015-03-06,2019-10-05,false
TNP-00791,TNP-00849,shared_constituency,ARP-2014,1,0.05,TNC-c5d49c5a3d8b,تونس 2,21,1,2014-12-02,2019-10-05,false
TNP-00791,TNP-00870,shared_constituency,ARP-2014,1,0.05,TNC-c5d49c5a3d8b,تونس 2,21,1,2017-12-30,2019-10-05,false
TNP-00791,TNP-00871,shared_constituency,ARP-2014,1,0.05,TNC-c5d49c5a3d8b,تونس 2,21,1,2014-12-02,2017-07-05,false
TNP-00791,TNP-00874,shared_constituency,ARP-2014,1,0.05,TNC-c5d49c5a3d8b,تونس 2,21,1,2014-12-02,2019-10-05,false
TNP-00791,TNP-00909,shared_constituency,ARP-2014,1,0.05,TNC-c5d49c5a3d8b,تونس 2,21,1,2014-12-02,2016-09-16,false
TNP-00791,TNP-00916,shared_constituency,ARP-2014,1,0.05,TNC-c5d49c5a3d8b,تونس 2,21,1,2014-12-02,2019-10-05,false
TNP-00791,TNP-00925,shared_constituency,ARP-2014,1,0.05,TNC-c5d49c5a3d8b,تونس 2,21,1,2016-03-10,2019-10-05,false
TNP-00791,TNP-00932,shared_constituency,ARP-2014,1,0.05,TNC-c5d49c5a3d8b,تونس 2,21,1,2014-12-02,2016-09-16,false
TNP-00791,TNP-00937,shared_constituency,ARP-2014,1,0.05,TNC-c5d49c5a3d8b,تونس 2,21,1,2014-12-02,2019-10-05,false
TNP-00791,TNP-00938,shared_constituency,ARP-2014,1,0.05,TNC-c5d49c5a3d8b,تونس 2,21,1,2014-12-02,2015-01-12,false
TNP-00792,TNP-00819,shared_constituency,ARP-2014,1,0.066667,TNC-0e07ea906a10,نابل 2,16,1,2014-12-02,2015-01-12,false
TNP-00792,TNP-00824,shared_constituency,ARP-2014,1,0.066667,TNC-0e07ea906a10,نابل 2,16,1,2014-12-02,2019-10-05,false
TNP-00792,TNP-00829,shared_constituency,ARP-2014,1,0.066667,TNC-0e07ea906a10,نابل 2,16,1,2014-12-02,2019-10-05,false
TNP-00792,TNP-00845,shared_constituency,ARP-2014,1,0.066667,TNC-0e07ea906a10,نابل 2,16,1,2014-12-02,2019-10-05,false
TNP-00792,TNP-00864,shared_constituency,ARP-2014,1,0.066667,TNC-0e07ea906a10,نابل 2,16,1,2014-12-02,2019-10-05,false
TNP-00792,TNP-00868,shared_constituency,ARP-2014,1,0.066667,TNC-0e07ea906a10,نابل 2,16,1,2015-03-06,2019-10-05,false
TNP-00792,TNP-00876,shared_constituency,ARP-2014,1,0.066667,TNC-0e07ea906a10,نابل 2,16,1,2015-03-06,2019-10-05,false
TNP-00792,TNP-00882,shared_constituency,ARP-2014,1,0.066667,TNC-0e07ea906a10,نابل 2,16,1,2014-12-02,2019-10-05,false
TNP-00792,TNP-00907,shared_constituency,ARP-2014,1,0.066667,TNC-0e07ea906a10,نابل 2,16,1,2014-12-02,2019-10-05,false
TNP-00792,TNP-00917,shared_constituency,ARP-2014,1,0.066667,TNC-0e07ea906a10,نابل 2,16,1,2014-12-02,2019-10-05,false
TNP-00792,TNP-00941,shared_constituency,ARP-2014,1,0.066667,TNC-0e07ea906a10,نابل 2,16,1,2014-12-02,2015-01-12,false
TNP-00793,TNP-00826,shared_constituency,ARP-2014,1,0.166667,TNC-6bebe902d4f4,الكاف,7,1,2014-12-02,2019-10-05,false
TNP-00793,TNP-00859,shared_constituency,ARP-2014,1,0.166667,TNC-6bebe902d4f4,الكاف,7,1,2014-12-02,2019-10-05,false
TNP-00793,TNP-00912,shared_constituency,ARP-2014,1,0.166667,TNC-6bebe902d4f4,الكاف,7,1,2014-12-02,2019-10-05,false
TNP-00793,TNP-00915,shared_constituency,ARP-2014,1,0.166667,TNC-6bebe902d4f4,الكاف,7,1,2014-12-02,2019-10-05,false
TNP-00794,TNP-00807,shared_constituency,ARP-2014,1,0.125,TNC-48f5fc595ad5,المنستير,9,1,2014-12-02,2019-10-05,false
TNP-00794,TNP-00822,shared_constituency,ARP-2014,1,0.125,TNC-48f5fc595ad5,المنستير,9,1,2014-12-02,2019-10-05,false
TNP-00794,TNP-00840,shared_constituency,ARP-2014,1,0.125,TNC-48f5fc595ad5,المنستير,9,1,2014-12-02,2019-10-05,false
TNP-00794,TNP-00877,shared_constituency,ARP-2014,1,0.125,TNC-48f5fc595ad5,المنستير,9,1,2014-12-02,2019-10-05,false
TNP-00794,TNP-00896,shared_constituency,ARP-2014,1,0.125,TNC-48f5fc595ad5,المنستير,9,1,2014-12-02,2019-10-05,false
TNP-00794,TNP-00897,shared_constituency,ARP-2014,1,0.125,TNC-48f5fc595ad5,المنستير,9,1,2014-12-02,2019-10-05,false
TNP-00794,TNP-00906,shared_constituency,ARP-2014,1,0.125,TNC-48f5fc595ad5,المنستير,9,1,2014-12-02,2019-10-05,false
TNP-00794,TNP-00942,shared_constituency,ARP-2014,1,0.125,TNC-48f5fc595ad5,المنستير,9,1,2014-12-02,2019-10-05,false
TNP-00795,TNP-00828,shared_constituency,ARP-2014,1,0.125,TNC-79a8fbd7e523,سليانة,9,1,2017-05-29,2017-07-05,false
TNP-00795,TNP-00857,shared_constituency,ARP-2014,1,0.125,TNC-79a8fbd7e523,سليانة,9,1,2017-05-29,2019-10-05,false
TNP-00795,TNP-00939,shared_constituency,ARP-2014,1,0.125,TNC-79a8fbd7e523,سليانة,9,1,2017-05-29,2019-10-05,false
TNP-00795,TNP-00944,shared_constituency,ARP-2014,1,0.125,TNC-79a8fbd7e523,سليانة,9,1,2017-05-29,2019-10-05,false
TNP-00795,TNP-00962,shared_constituency,ARP-2014,1,0.125,TNC-79a8fbd7e523,سليانة,9,1,2017-05-29,2019-10-05,false
TNP-00796,TNP-00804,shared_constituency,ARP-2014,1,0.05,TNC-c5d49c5a3d8b,تونس 2,21,1,2014-12-02,2019-10-05,false
TNP-00796,TNP-00808,shared_constituency,ARP-2014,1,0.05,TNC-c5d49c5a3d8b,تونس 2,21,1,2014-12-02,2019-10-05,false
TNP-00796,TNP-00818,shared_constituency,ARP-2014,1,0.05,TNC-c5d49c5a3d8b,تونس 2,21,1,2014-12-02,2019-10-05,false
TNP-00796,TNP-00838,shared_constituency,ARP-2014,1,0.05,TNC-c5d49c5a3d8b,تونس 2,21,1,2016-10-17,2019-10-05,false
TNP-00796,TNP-00843,shared_constituency,ARP-2014,1,0.05,TNC-c5d49c5a3d8b,تونس 2,21,1,2015-03-06,2019-10-05,false
TNP-00796,TNP-00849,shared_constituency,ARP-2014,1,0.05,TNC-c5d49c5a3d8b,تونس 2,21,1,2014-12-02,2019-10-05,false
TNP-00796,TNP-00870,shared_constituency,ARP-2014,1,0.05,TNC-c5d49c5a3d8b,تونس 2,21,1,2017-12-30,2019-10-05,false
TNP-00796,TNP-00871,shared_constituency,ARP-2014,1,0.05,TNC-c5d49c5a3d8b,تونس 2,21,1,2014-12-02,2017-07-05,false
TNP-00796,TNP-00874,shared_constituency,ARP-2014,1,0.05,TNC-c5d49c5a3d8b,تونس 2,21,1,2014-12-02,2019-10-05,false
TNP-00796,TNP-00909,shared_constituency,ARP-2014,1,0.05,TNC-c5d49c5a3d8b,تونس 2,21,1,2014-12-02,2016-09-16,false
TNP-00796,TNP-00916,shared_constituency,ARP-2014,1,0.05,TNC-c5d49c5a3d8b,تونس 2,21,1,2014-12-02,2019-10-05,false
TNP-00796,TNP-00925,shared_constituency,ARP-2014,1,0.05,TNC-c5d49c5a3d8b,تونس 2,21,1,2016-03-10,2019-10-05,false
TNP-00796,TNP-00932,shared_constituency,ARP-2014,1,0.05,TNC-c5d49c5a3d8b,تونس 2,21,1,2014-12-02,2016-09-16,false
TNP-00796,TNP-00937,shared_constituency,ARP-2014,1,0.05,TNC-c5d49c5a3d8b,تونس 2,21,1,2014-12-02,2019-10-05,false
TNP-00796,TNP-00938,shared_constituency,ARP-2014,1,0.05,TNC-c5d49c5a3d8b,تونس 2,21,1,2014-12-02,2015-01-12,false
TNP-00797,TNP-00798,shared_constituency,ARP-2014,1,0.25,TNC-2eba64109a74,توزر,5,1,2014-12-02,2018-10-12,false
TNP-00797,TNP-00800,shared_constituency,ARP-2014,1,0.25,TNC-2eba64109a74,توزر,5,1,2014-12-02,2019-10-05,false
TNP-00797,TNP-00856,shared_constituency,ARP-2014,1,0.25,TNC-2eba64109a74,توزر,5,1,2019-05-08,2019-10-05,false
TNP-00797,TNP-00898,shared_constituency,ARP-2014,1,0.25,TNC-2eba64109a74,توزر,5,1,2014-12-02,2019-10-05,false
TNP-00798,TNP-00800,shared_constituency,ARP-2014,1,0.25,TNC-2eba64109a74,توزر,5,1,2014-12-02,2018-10-12,false
TNP-00798,TNP-00898,shared_constituency,ARP-2014,1,0.25,TNC-2eba64109a74,توزر,5,1,2014-12-02,2018-10-12,false
TNP-00800,TNP-00856,shared_constituency,ARP-2014,1,0.25,TNC-2eba64109a74,توزر,5,1,2019-05-08,2019-10-05,false
TNP-00800,TNP-00898,shared_constituency,ARP-2014,1,0.25,TNC-2eba64109a74,توزر,5,1,2014-12-02,2019-10-05,false
TNP-00801,TNP-00841,shared_constituency,ARP-2014,1,0.111111,TNC-d540a481d4ec,سيدي بوزيد,10,1,2014-12-02,2019-10-05,false
TNP-00801,TNP-00881,shared_constituency,ARP-2014,1,0.111111,TNC-d540a481d4ec,سيدي بوزيد,10,1,2014-12-02,2019-10-05,false
TNP-00801,TNP-00883,shared_constituency,ARP-2014,1,0.111111,TNC-d540a481d4ec,سيدي بوزيد,10,1,2017-04-28,2019-10-05,false
TNP-00801,TNP-00889,shared_constituency,ARP-2014,1,0.111111,TNC-d540a481d4ec,سيدي بوزيد,10,1,2014-12-02,2019-10-05,false
TNP-00801,TNP-00924,shared_constituency,ARP-2014,1,0.111111,TNC-d540a481d4ec,سيدي بوزيد,10,1,2015-03-06,2019-10-05,false
TNP-00801,TNP-00940,shared_constituency,ARP-2014,1,0.111111,TNC-d540a481d4ec,سيدي بوزيد,10,1,2014-12-02,2017-04-28,false
TNP-00801,TNP-00955,shared_constituency,ARP-2014,1,0.111111,TNC-d540a481d4ec,سيدي بوزيد,10,1,2014-12-02,2015-01-12,false
TNP-00802,TNP-00815,shared_constituency,ARP-2014,1,0.111111,TNC-3300c61cb437,مدنين,10,1,2014-12-02,2019-10-05,false
TNP-00802,TNP-00832,shared_constituency,ARP-2014,1,0.111111,TNC-3300c61cb437,مدنين,10,1,2019-05-08,2019-10-05,false
TNP-00802,TNP-00851,shared_constituency,ARP-2014,1,0.111111,TNC-3300c61cb437,مدنين,10,1,2014-12-02,2019-10-05,false
TNP-00802,TNP-00866,shared_constituency,ARP-2014,1,0.111111,TNC-3300c61cb437,مدنين,10,1,2014-12-02,2019-10-05,false
TNP-00802,TNP-00949,shared_constituency,ARP-2014,1,0.111111,TNC-3300c61cb437,مدنين,10,1,2014-12-02,2019-10-05,false
TNP-00803,TNP-00830,shared_constituency,ARP-2014,1,0.090909,TNC-45ef21daa360,سوسة,12,1,2014-12-02,2019-10-05,false
TNP-00803,TNP-00833,shared_constituency,ARP-2014,1,0.090909,TNC-45ef21daa360,سوسة,12,1,2014-12-02,2015-07-21,false
TNP-00803,TNP-00865,shared_constituency,ARP-2014,1,0.090909,TNC-45ef21daa360,سوسة,12,1,2014-12-02,2019-10-05,false
TNP-00803,TNP-00913,shared_constituency,ARP-2014,1,0.090909,TNC-45ef21daa360,سوسة,12,1,2014-12-02,2019-10-05,false
TNP-00803,TNP-00920,shared_constituency,ARP-2014,1,0.090909,TNC-45ef21daa360,سوسة,12,1,2014-12-02,2019-10-05,false
TNP-00803,TNP-00922,shared_constituency,ARP-2014,1,0.090909,TNC-45ef21daa360,سوسة,12,1,2015-08-01,2019-10-05,false
TNP-00803,TNP-00961,shared_constituency,ARP-2014,1,0.090909,TNC-45ef21daa360,سوسة,12,1,2014-12-02,2019-10-05,false
TNP-00804,TNP-00808,shared_constituency,ARP-2014,1,0.05,TNC-c5d49c5a3d8b,تونس 2,21,1,2014-12-02,2019-10-05,false
TNP-00804,TNP-00818,shared_constituency,ARP-2014,1,0.05,TNC-c5d49c5a3d8b,تونس 2,21,1,2014-12-02,2019-10-05,false
TNP-00804,TNP-00838,shared_constituency,ARP-2014,1,0.05,TNC-c5d49c5a3d8b,تونس 2,21,1,2016-10-17,2019-10-05,false
TNP-00804,TNP-00843,shared_constituency,ARP-2014,1,0.05,TNC-c5d49c5a3d8b,تونس 2,21,1,2015-03-06,2019-10-05,false
TNP-00804,TNP-00849,shared_constituency,ARP-2014,1,0.05,TNC-c5d49c5a3d8b,تونس 2,21,1,2014-12-02,2019-10-05,false
TNP-00804,TNP-00870,shared_constituency,ARP-2014,1,0.05,TNC-c5d49c5a3d8b,تونس 2,21,1,2017-12-30,2019-10-05,false
TNP-00804,TNP-00871,shared_constituency,ARP-2014,1,0.05,TNC-c5d49c5a3d8b,تونس 2,21,1,2014-12-02,2017-07-05,false
TNP-00804,TNP-00874,shared_constituency,ARP-2014,1,0.05,TNC-c5d49c5a3d8b,تونس 2,21,1,2014-12-02,2019-10-05,false
TNP-00804,TNP-00909,shared_constituency,ARP-2014,1,0.05,TNC-c5d49c5a3d8b,تونس 2,21,1,2014-12-02,2016-09-16,false
TNP-00804,TNP-00916,shared_constituency,ARP-2014,1,0.05,TNC-c5d49c5a3d8b,تونس 2,21,1,2014-12-02,2019-10-05,false
TNP-00804,TNP-00925,shared_constituency,ARP-2014,1,0.05,TNC-c5d49c5a3d8b,تونس 2,21,1,2016-03-10,2019-10-05,false
TNP-00804,TNP-00932,shared_constituency,ARP-2014,1,0.05,TNC-c5d49c5a3d8b,تونس 2,21,1,2014-12-02,2016-09-16,false
TNP-00804,TNP-00937,shared_constituency,ARP-2014,1,0.05,TNC-c5d49c5a3d8b,تونس 2,21,1,2014-12-02,2019-10-05,false
TNP-00804,TNP-00938,shared_constituency,ARP-2014,1,0.05,TNC-c5d49c5a3d8b,تونس 2,21,1,2014-12-02,2015-01-12,false
TNP-00805,TNP-00806,shared_constituency,ARP-2014,1,0.1,TNC-127a9c27f085,بنزرت,11,1,2014-12-02,2019-10-05,false
TNP-00805,TNP-00816,shared_constituency,ARP-2014,1,0.1,TNC-127a9c27f085,بنزرت,11,1,2014-12-02,2019-10-05,false
TNP-00805,TNP-00820,shared_constituency,ARP-2014,1,0.1,TNC-127a9c27f085,بنزرت,11,1,2014-12-02,2019-10-05,false
TNP-00805,TNP-00835,shared_constituency,ARP-2014,1,0.1,TNC-127a9c27f085,بنزرت,11,1,2014-12-02,2016-09-16,false
TNP-00805,TNP-00867,shared_constituency,ARP-2014,1,0.1,TNC-127a9c27f085,بنزرت,11,1,2016-10-17,2019-10-05,false
TNP-00805,TNP-00953,shared_constituency,ARP-2014,1,0.1,TNC-127a9c27f085,بنزرت,11,1,2016-01-08,2019-10-05,false
TNP-00806,TNP-00816,shared_constituency,ARP-2014,1,0.1,TNC-127a9c27f085,بنزرت,11,1,2014-12-02,2019-10-05,false
TNP-00806,TNP-00820,shared_constituency,ARP-2014,1,0.1,TNC-127a9c27f085,بنزرت,11,1,2014-12-02,2019-10-05,false
TNP-00806,TNP-00835,shared_constituency,ARP-2014,1,0.1,TNC-127a9c27f085,بنزرت,11,1,2014-12-02,2016-09-16,false
TNP-00806,TNP-00867,shared_constituency,ARP-2014,1,0.1,TNC-127a9c27f085,بنزرت,11,1,2016-10-17,2019-10-05,false
TNP-00806,TNP-00953,shared_constituency,ARP-2014,1,0.1,TNC-127a9c27f085,بنزرت,11,1,2016-01-08,2019-10-05,false
TNP-00807,TNP-00822,shared_constituency,ARP-2014,1,0.125,TNC-48f5fc595ad5,المنستير,9,1,2014-12-02,2019-10-05,false
TNP-00807,TNP-00840,shared_constituency,ARP-2014,1,0.125,TNC-48f5fc595ad5,المنستير,9,1,2014-12-02,2019-10-05,false
TNP-00807,TNP-00877,shared_constituency,ARP-2014,1,0.125,TNC-48f5fc595ad5,المنستير,9,1,2014-12-02,2019-10-05,false
TNP-00807,TNP-00896,shared_constituency,ARP-2014,1,0.125,TNC-48f5fc595ad5,المنستير,9,1,2014-12-02,2019-10-05,false
TNP-00807,TNP-00897,shared_constituency,ARP-2014,1,0.125,TNC-48f5fc595ad5,المنستير,9,1,2014-12-02,2019-10-05,false
TNP-00807,TNP-00906,shared_constituency,ARP-2014,1,0.125,TNC-48f5fc595ad5,المنستير,9,1,2014-12-02,2019-10-05,false
TNP-00807,TNP-00942,shared_constituency,ARP-2014,1,0.125,TNC-48f5fc595ad5,المنستير,9,1,2014-12-02,2019-10-05,false
TNP-00808,TNP-00818,shared_constituency,ARP-2014,1,0.05,TNC-c5d49c5a3d8b,تونس 2,21,1,2014-12-02,2019-10-05,false
TNP-00808,TNP-00838,shared_constituency,ARP-2014,1,0.05,TNC-c5d49c5a3d8b,تونس 2,21,1,2016-10-17,2019-10-05,false
TNP-00808,TNP-00843,shared_constituency,ARP-2014,1,0.05,TNC-c5d49c5a3d8b,تونس 2,21,1,2015-03-06,2019-10-05,false
TNP-00808,TNP-00849,shared_constituency,ARP-2014,1,0.05,TNC-c5d49c5a3d8b,تونس 2,21,1,2014-12-02,2019-10-05,false
TNP-00808,TNP-00870,shared_constituency,ARP-2014,1,0.05,TNC-c5d49c5a3d8b,تونس 2,21,1,2017-12-30,2019-10-05,false
TNP-00808,TNP-00871,shared_constituency,ARP-2014,1,0.05,TNC-c5d49c5a3d8b,تونس 2,21,1,2014-12-02,2017-07-05,false
TNP-00808,TNP-00874,shared_constituency,ARP-2014,1,0.05,TNC-c5d49c5a3d8b,تونس 2,21,1,2014-12-02,2019-10-05,false
TNP-00808,TNP-00909,shared_constituency,ARP-2014,1,0.05,TNC-c5d49c5a3d8b,تونس 2,21,1,2014-12-02,2016-09-16,false
TNP-00808,TNP-00916,shared_constituency,ARP-2014,1,0.05,TNC-c5d49c5a3d8b,تونس 2,21,1,2014-12-02,2019-10-05,false
TNP-00808,TNP-00925,shared_constituency,ARP-2014,1,0.05,TNC-c5d49c5a3d8b,تونس 2,21,1,2016-03-10,2019-10-05,false
TNP-00808,TNP-00932,shared_constituency,ARP-2014,1,0.05,TNC-c5d49c5a3d8b,تونس 2,21,1,2014-12-02,2016-09-16,false
TNP-00808,TNP-00937,shared_constituency,ARP-2014,1,0.05,TNC-c5d49c5a3d8b,تونس 2,21,1,2014-12-02,2019-10-05,false
TNP-00808,TNP-00938,shared_constituency,ARP-2014,1,0.05,TNC-c5d49c5a3d8b,تونس 2,21,1,2014-12-02,2015-01-12,false
TNP-00809,TNP-00885,shared_constituency,ARP-2014,1,0.166667,TNC-0a6fa8fc89c0,قابس,7,1,2014-12-02,2019-10-05,false
TNP-00809,TNP-00930,shared_constituency,ARP-2014,1,0.166667,TNC-0a6fa8fc89c0,قابس,7,1,2014-12-02,2019-10-05,false
TNP-00809,TNP-00934,shared_constituency,ARP-2014,1,0.166667,TNC-0a6fa8fc89c0,قابس,7,1,2014-12-02,2019-10-05,false
TNP-00810,TNP-00831,shared_constituency,ARP-2014,1,0.090909,TNC-0ea649aa9c9b,بن عروس,12,1,2017-12-30,2019-10-05,false
TNP-00810,TNP-00900,shared_constituency,ARP-2014,1,0.090909,TNC-0ea649aa9c9b,بن عروس,12,1,2017-12-30,2019-10-05,false
TNP-00810,TNP-00908,shared_constituency,ARP-2014,1,0.090909,TNC-0ea649aa9c9b,بن عروس,12,1,2017-12-30,2019-10-05,false
TNP-00810,TNP-00926,shared_constituency,ARP-2014,1,0.090909,TNC-0ea649aa9c9b,بن عروس,12,1,2017-12-30,2019-10-05,false
TNP-00810,TNP-00952,shared_constituency,ARP-2014,1,0.090909,TNC-0ea649aa9c9b,بن عروس,12,1,2017-12-30,2019-10-05,false
TNP-00810,TNP-00956,shared_constituency,ARP-2014,1,0.090909,TNC-0ea649aa9c9b,بن عروس,12,1,2017-12-30,2019-10-05,false
TNP-00810,TNP-00960,shared_constituency,ARP-2014,1,0.090909,TNC-0ea649aa9c9b,بن عروس,12,1,2017-12-30,2019-10-05,false
TNP-00811,TNP-00812,shared_constituency,ARP-2014,1,0.166667,TNC-dc9e20ebd731,قفصة,7,1,2014-12-02,2019-10-05,false
TNP-00811,TNP-00901,shared_constituency,ARP-2014,1,0.166667,TNC-dc9e20ebd731,قفصة,7,1,2014-12-02,2019-10-05,false
TNP-00812,TNP-00901,shared_constituency,ARP-2014,1,0.166667,TNC-dc9e20ebd731,قفصة,7,1,2014-12-02,2019-10-05,false
TNP-00813,TNP-00850,shared_constituency,ARP-2014,1,0.111111,TNC-19437cfdc576,القصرين,10,1,2014-12-02,2019-10-05,false
TNP-00813,TNP-00878,shared_constituency,ARP-2014,1,0.111111,TNC-19437cfdc576,القصرين,10,1,2014-12-02,2019-10-05,false
TNP-00813,TNP-00879,shared_constituency,ARP-2014,1,0.111111,TNC-19437cfdc576,القصرين,10,1,2018-10-12,2019-10-05,false
TNP-00813,TNP-00903,shared_constituency,ARP-2014,1,0.111111,TNC-19437cfdc576,القصرين,10,1,2016-11-19,2016-12-13,false
TNP-00813,TNP-00904,shared_constituency,ARP-2014,1,0.111111,TNC-19437cfdc576,القصرين,10,1,2014-12-02,2019-10-05,false
TNP-00813,TNP-00936,shared_constituency,ARP-2014,1,0.111111,TNC-19437cfdc576,القصرين,10,1,2014-12-02,2019-10-05,false
TNP-00813,TNP-00957,shared_constituency,ARP-2014,1,0.111111,TNC-19437cfdc576,القصرين,10,1,2014-12-02,2019-10-05,false
TNP-00814,TNP-00821,shared_constituency,ARP-2014,1,0.066667,TNC-4f3b2af02bf2,صفاقس 2,16,1,2014-12-02,2019-10-05,false
TNP-00814,TNP-00839,shared_constituency,ARP-2014,1,0.066667,TNC-4f3b2af02bf2,صفاقس 2,16,1,2014-12-02,2019-10-05,false
TNP-00814,TNP-00852,shared_constituency,ARP-2014,1,0.066667,TNC-4f3b2af02bf2,صفاقس 2,16,1,2014-12-02,2019-10-05,false
TNP-00814,TNP-00886,shared_constituency,ARP-2014,1,0.066667,TNC-4f3b2af02bf2,صفاقس 2,16,1,2014-12-02,2019-10-05,false
TNP-00814,TNP-00893,shared_constituency,ARP-2014,1,0.066667,TNC-4f3b2af02bf2,صفاقس 2,16,1,2014-12-02,2019-10-05,false
TNP-00814,TNP-00895,shared_constituency,ARP-2014,1,0.066667,TNC-4f3b2af02bf2,صفاقس 2,16,1,2014-12-02,2019-10-05,false
TNP-00814,TNP-00910,shared_constituency,ARP-2014,1,0.066667,TNC-4f3b2af02bf2,صفاقس 2,16,1,2014-12-02,2019-10-05,false
TNP-00814,TNP-00945,shared_constituency,ARP-2014,1,0.066667,TNC-4f3b2af02bf2,صفاقس 2,16,1,2014-12-02,2019-10-05,false
TNP-00814,TNP-00946,shared_constituency,ARP-2014,1,0.066667,TNC-4f3b2af02bf2,صفاقس 2,16,1,2014-12-02,2019-10-05,false
TNP-00815,TNP-00832,shared_constituency,ARP-2014,1,0.111111,TNC-3300c61cb437,مدنين,10,1,2019-05-08,2019-10-05,false
TNP-00815,TNP-00851,shared_constituency,ARP-2014,1,0.111111,TNC-3300c61cb437,مدنين,10,1,2014-12-02,2019-10-05,false
TNP-00815,TNP-00866,shared_constituency,ARP-2014,1,0.111111,TNC-3300c61cb437,مدنين,10,1,2014-12-02,2019-10-05,false
TNP-00815,TNP-00949,shared_constituency,ARP-2014,1,0.111111,TNC-3300c61cb437,مدنين,10,1,2014-12-02,2019-10-05,false
TNP-00816,TNP-00820,shared_constituency,ARP-2014,1,0.1,TNC-127a9c27f085,بنزرت,11,1,2014-12-02,2019-10-05,false
TNP-00816,TNP-00835,shared_constituency,ARP-2014,1,0.1,TNC-127a9c27f085,بنزرت,11,1,2014-12-02,2016-09-16,false
TNP-00816,TNP-00867,shared_constituency,ARP-2014,1,0.1,TNC-127a9c27f085,بنزرت,11,1,2016-10-17,2019-10-05,false
TNP-00816,TNP-00953,shared_constituency,ARP-2014,1,0.1,TNC-127a9c27f085,بنزرت,11,1,2016-01-08,2019-10-05,false
TNP-00817,TNP-00823,shared_constituency,ARP-2014,1,0.142857,TNC-067080a8159f,جندوبة,8,1,2014-12-02,2019-10-05,false
TNP-00817,TNP-00825,shared_constituency,ARP-2014,1,0.142857,TNC-067080a8159f,جندوبة,8,1,2014-12-02,2019-10-05,false
TNP-00817,TNP-00855,shared_constituency,ARP-2014,1,0.142857,TNC-067080a8159f,جندوبة,8,1,2014-12-02,2019-10-05,false
TNP-00818,TNP-00838,shared_constituency,ARP-2014,1,0.05,TNC-c5d49c5a3d8b,تونس 2,21,1,2016-10-17,2019-10-05,false
TNP-00818,TNP-00843,shared_constituency,ARP-2014,1,0.05,TNC-c5d49c5a3d8b,تونس 2,21,1,2015-03-06,2019-10-05,false
TNP-00818,TNP-00849,shared_constituency,ARP-2014,1,0.05,TNC-c5d49c5a3d8b,تونس 2,21,1,2014-12-02,2019-10-05,false
TNP-00818,TNP-00870,shared_constituency,ARP-2014,1,0.05,TNC-c5d49c5a3d8b,تونس 2,21,1,2017-12-30,2019-10-05,false
TNP-00818,TNP-00871,shared_constituency,ARP-2014,1,0.05,TNC-c5d49c5a3d8b,تونس 2,21,1,2014-12-02,2017-07-05,false
TNP-00818,TNP-00874,shared_constituency,ARP-2014,1,0.05,TNC-c5d49c5a3d8b,تونس 2,21,1,2014-12-02,2019-10-05,false
TNP-00818,TNP-00909,shared_constituency,ARP-2014,1,0.05,TNC-c5d49c5a3d8b,تونس 2,21,1,2014-12-02,2016-09-16,false
TNP-00818,TNP-00916,shared_constituency,ARP-2014,1,0.05,TNC-c5d49c5a3d8b,تونس 2,21,1,2014-12-02,2019-10-05,false
TNP-00818,TNP-00925,shared_constituency,ARP-2014,1,0.05,TNC-c5d49c5a3d8b,تونس 2,21,1,2016-03-10,2019-10-05,false
TNP-00818,TNP-00932,shared_constituency,ARP-2014,1,0.05,TNC-c5d49c5a3d8b,تونس 2,21,1,2014-12-02,2016-09-16,false
TNP-00818,TNP-00937,shared_constituency,ARP-2014,1,0.05,TNC-c5d49c5a3d8b,تونس 2,21,1,2014-12-02,2019-10-05,false
TNP-00818,TNP-00938,shared_constituency,ARP-2014,1,0.05,TNC-c5d49c5a3d8b,تونس 2,21,1,2014-12-02,2015-01-12,false
TNP-00819,TNP-00824,shared_constituency,ARP-2014,1,0.066667,TNC-0e07ea906a10,نابل 2,16,1,2014-12-02,2015-01-12,false
TNP-00819,TNP-00829,shared_constituency,ARP-2014,1,0.066667,TNC-0e07ea906a10,نابل 2,16,1,2014-12-02,2015-01-12,false
TNP-00819,TNP-00845,shared_constituency,ARP-2014,1,0.066667,TNC-0e07ea906a10,نابل 2,16,1,2014-12-02,2015-01-12,false
TNP-00819,TNP-00864,shared_constituency,ARP-2014,1,0.066667,TNC-0e07ea906a10,نابل 2,16,1,2014-12-02,2015-01-12,false
TNP-00819,TNP-00882,shared_constituency,ARP-2014,1,0.066667,TNC-0e07ea906a10,نابل 2,16,1,2014-12-02,2015-01-12,false
TNP-00819,TNP-00907,shared_constituency,ARP-2014,1,0.066667,TNC-0e07ea906a10,نابل 2,16,1,2014-12-02,2015-01-12,false
TNP-00819,TNP-00917,shared_constituency,ARP-2014,1,0.066667,TNC-0e07ea906a10,نابل 2,16,1,2014-12-02,2015-01-12,false
TNP-00819,TNP-00941,shared_constituency,ARP-2014,1,0.066667,TNC-0e07ea906a10,نابل 2,16,1,2014-12-02,2015-01-12,false
TNP-00820,TNP-00835,shared_constituency,ARP-2014,1,0.1,TNC-127a9c27f085,بنزرت,11,1,2014-12-02,2016-09-16,false
TNP-00820,TNP-00867,shared_constituency,ARP-2014,1,0.1,TNC-127a9c27f085,بنزرت,11,1,2016-10-17,2019-10-05,false
TNP-00820,TNP-00953,shared_constituency,ARP-2014,1,0.1,TNC-127a9c27f085,بنزرت,11,1,2016-01-08,2019-10-05,false
TNP-00821,TNP-00839,shared_constituency,ARP-2014,1,0.066667,TNC-4f3b2af02bf2,صفاقس 2,16,1,2014-12-02,2019-10-05,false
TNP-00821,TNP-00852,shared_constituency,ARP-2014,1,0.066667,TNC-4f3b2af02bf2,صفاقس 2,16,1,2014-12-02,2019-10-05,false
TNP-00821,TNP-00886,shared_constituency,ARP-2014,1,0.066667,TNC-4f3b2af02bf2,صفاقس 2,16,1,2014-12-02,2019-10-05,false
TNP-00821,TNP-00893,shared_constituency,ARP-2014,1,0.066667,TNC-4f3b2af02bf2,صفاقس 2,16,1,2014-12-02,2019-10-05,false
TNP-00821,TNP-00895,shared_constituency,ARP-2014,1,0.066667,TNC-4f3b2af02bf2,صفاقس 2,16,1,2014-12-02,2019-10-05,false
TNP-00821,TNP-00910,shared_constituency,ARP-2014,1,0.066667,TNC-4f3b2af02bf2,صفاقس 2,16,1,2014-12-02,2019-10-05,false
TNP-00821,TNP-00945,shared_constituency,ARP-2014,1,0.066667,TNC-4f3b2af02bf2,صفاقس 2,16,1,2014-12-02,2019-10-05,false
TNP-00821,TNP-00946,shared_constituency,ARP-2014,1,0.066667,TNC-4f3b2af02bf2,صفاقس 2,16,1,2014-12-02,2019-10-05,false
TNP-00822,TNP-00840,shared_constituency,ARP-2014,1,0.125,TNC-48f5fc595ad5,المنستير,9,1,2014-12-02,2019-10-05,false
TNP-00822,TNP-00877,shared_constituency,ARP-2014,1,0.125,TNC-48f5fc595ad5,المنستير,9,1,2014-12-02,2019-10-05,false
TNP-00822,TNP-00896,shared_constituency,ARP-2014,1,0.125,TNC-48f5fc595ad5,المنستير,9,1,2014-12-02,2019-10-05,false
TNP-00822,TNP-00897,shared_constituency,ARP-2014,1,0.125,TNC-48f5fc595ad5,المنستير,9,1,2014-12-02,2019-10-05,false
TNP-00822,TNP-00906,shared_constituency,ARP-2014,1,0.125,TNC-48f5fc595ad5,المنستير,9,1,2014-12-02,2019-10-05,false
TNP-00822,TNP-00942,shared_constituency,ARP-2014,1,0.125,TNC-48f5fc595ad5,المنستير,9,1,2014-12-02,2019-10-05,false
TNP-00823,TNP-00825,shared_constituency,ARP-2014,1,0.142857,TNC-067080a8159f,جندوبة,8,1,2014-12-02,2019-10-05,false
TNP-00823,TNP-00855,shared_constituency,ARP-2014,1,0.142857,TNC-067080a8159f,جندوبة,8,1,2014-12-02,2019-10-05,false
TNP-00824,TNP-00829,shared_constituency,ARP-2014,1,0.066667,TNC-0e07ea906a10,نابل 2,16,1,2014-12-02,2019-10-05,false
TNP-00824,TNP-00845,shared_constituency,ARP-2014,1,0.066667,TNC-0e07ea906a10,نابل 2,16,1,2014-12-02,2019-10-05,false
TNP-00824,TNP-00864,shared_constituency,ARP-2014,1,0.066667,TNC-0e07ea906a10,نابل 2,16,1,2014-12-02,2019-10-05,false
TNP-00824,TNP-00868,shared_constituency,ARP-2014,1,0.066667,TNC-0e07ea906a10,نابل 2,16,1,2015-03-06,2019-10-05,false
TNP-00824,TNP-00876,shared_constituency,ARP-2014,1,0.066667,TNC-0e07ea906a10,نابل 2,16,1,2015-03-06,2019-10-05,false
TNP-00824,TNP-00882,shared_constituency,ARP-2014,1,0.066667,TNC-0e07ea906a10,نابل 2,16,1,2014-12-02,2019-10-05,false
TNP-00824,TNP-00907,shared_constituency,ARP-2014,1,0.066667,TNC-0e07ea906a10,نابل 2,16,1,2014-12-02,2019-10-05,false
TNP-00824,TNP-00917,shared_constituency,ARP-2014,1,0.066667,TNC-0e07ea906a10,نابل 2,16,1,2014-12-02,2019-10-05,false
TNP-00824,TNP-00941,shared_constituency,ARP-2014,1,0.066667,TNC-0e07ea906a10,نابل 2,16,1,2014-12-02,2015-01-12,false
TNP-00825,TNP-00855,shared_constituency,ARP-2014,1,0.142857,TNC-067080a8159f,جندوبة,8,1,2014-12-02,2019-10-05,false
TNP-00826,TNP-00859,shared_constituency,ARP-2014,1,0.166667,TNC-6bebe902d4f4,الكاف,7,1,2014-12-02,2019-10-05,false
TNP-00826,TNP-00912,shared_constituency,ARP-2014,1,0.166667,TNC-6bebe902d4f4,الكاف,7,1,2014-12-02,2019-10-05,false
TNP-00826,TNP-00915,shared_constituency,ARP-2014,1,0.166667,TNC-6bebe902d4f4,الكاف,7,1,2014-12-02,2019-10-05,false
TNP-00827,TNP-00844,shared_constituency,ARP-2014,1,0.166667,TNC-7eef5b09cd82,منوبة,7,1,2014-12-02,2019-10-05,false
TNP-00827,TNP-00902,shared_constituency,ARP-2014,1,0.166667,TNC-7eef5b09cd82,منوبة,7,1,2014-12-02,2019-10-05,false
TNP-00827,TNP-00911,shared_constituency,ARP-2014,1,0.166667,TNC-7eef5b09cd82,منوبة,7,1,2014-12-02,2019-10-05,false
TNP-00827,TNP-00921,shared_constituency,ARP-2014,1,0.166667,TNC-7eef5b09cd82,منوبة,7,1,2014-12-02,2019-10-05,false
TNP-00828,TNP-00854,shared_constituency,ARP-2014,1,0.125,TNC-79a8fbd7e523,سليانة,9,1,2016-10-17,2016-10-17,false
TNP-00828,TNP-00857,shared_constituency,ARP-2014,1,0.125,TNC-79a8fbd7e523,سليانة,9,1,2016-10-17,2017-07-05,false
TNP-00828,TNP-00939,shared_constituency,ARP-2014,1,0.125,TNC-79a8fbd7e523,سليانة,9,1,2016-10-17,2017-07-05,false
TNP-00828,TNP-00944,shared_constituency,ARP-2014,1,0.125,TNC-79a8fbd7e523,سليانة,9,1,2016-10-17,2017-07-05,false
TNP-00828,TNP-00962,shared_constituency,ARP-2014,1,0.125,TNC-79a8fbd7e523,سليانة,9,1,2016-11-19,2017-07-05,false
TNP-00828,TNP-00963,shared_constituency,ARP-2014,1,0.125,TNC-79a8fbd7e523,سليانة,9,1,2016-10-17,2016-10-17,false
TNP-00829,TNP-00845,shared_constituency,ARP-2014,1,0.066667,TNC-0e07ea906a10,نابل 2,16,1,2014-12-02,2019-10-05,false
TNP-00829,TNP-00864,shared_constituency,ARP-2014,1,0.066667,TNC-0e07ea906a10,نابل 2,16,1,2014-12-02,2019-10-05,false
TNP-00829,TNP-00868,shared_constituency,ARP-2014,1,0.066667,TNC-0e07ea906a10,نابل 2,16,1,2015-03-06,2019-10-05,false
TNP-00829,TNP-00876,shared_constituency,ARP-2014,1,0.066667,TNC-0e07ea906a10,نابل 2,16,1,2015-03-06,2019-10-05,false
TNP-00829,TNP-00882,shared_constituency,ARP-2014,1,0.066667,TNC-0e07ea906a10,نابل 2,16,1,2014-12-02,2019-10-05,false
TNP-00829,TNP-00907,shared_constituency,ARP-2014,1,0.066667,TNC-0e07ea906a10,نابل 2,16,1,2014-12-02,2019-10-05,false
TNP-00829,TNP-00917,shared_constituency,ARP-2014,1,0.066667,TNC-0e07ea906a10,نابل 2,16,1,2014-12-02,2019-10-05,false
TNP-00829,TNP-00941,shared_constituency,ARP-2014,1,0.066667,TNC-0e07ea906a10,نابل 2,16,1,2014-12-02,2015-01-12,false
TNP-00830,TNP-00833,shared_constituency,ARP-2014,1,0.090909,TNC-45ef21daa360,سوسة,12,1,2014-12-02,2015-07-21,false
TNP-00830,TNP-00865,shared_constituency,ARP-2014,1,0.090909,TNC-45ef21daa360,سوسة,12,1,2014-12-02,2019-10-05,false
TNP-00830,TNP-00913,shared_constituency,ARP-2014,1,0.090909,TNC-45ef21daa360,سوسة,12,1,2014-12-02,2019-10-05,false
TNP-00830,TNP-00920,shared_constituency,ARP-2014,1,0.090909,TNC-45ef21daa360,سوسة,12,1,2014-12-02,2019-10-05,false
TNP-00830,TNP-00922,shared_constituency,ARP-2014,1,0.090909,TNC-45ef21daa360,سوسة,12,1,2015-08-01,2019-10-05,false
TNP-00830,TNP-00961,shared_constituency,ARP-2014,1,0.090909,TNC-45ef21daa360,سوسة,12,1,2014-12-02,2019-10-05,false
TNP-00831,TNP-00899,shared_constituency,ARP-2014,1,0.090909,TNC-0ea649aa9c9b,بن عروس,12,1,2014-12-02,2015-01-12,false
TNP-00831,TNP-00900,shared_constituency,ARP-2014,1,0.090909,TNC-0ea649aa9c9b,بن عروس,12,1,2014-12-02,2019-10-05,false
TNP-00831,TNP-00908,shared_constituency,ARP-2014,1,0.090909,TNC-0ea649aa9c9b,بن عروس,12,1,2014-12-02,2019-10-05,false
TNP-00831,TNP-00926,shared_constituency,ARP-2014,1,0.090909,TNC-0ea649aa9c9b,بن عروس,12,1,2014-12-02,2019-10-05,false
TNP-00831,TNP-00950,shared_constituency,ARP-2014,1,0.090909,TNC-0ea649aa9c9b,بن عروس,12,1,2015-03-06,2017-07-05,false
TNP-00831,TNP-00952,shared_constituency,ARP-2014,1,0.090909,TNC-0ea649aa9c9b,بن عروس,12,1,2014-12-02,2019-10-05,false
TNP-00831,TNP-00956,shared_constituency,ARP-2014,1,0.090909,TNC-0ea649aa9c9b,بن عروس,12,1,2014-12-02,2019-10-05,false
TNP-00831,TNP-00960,shared_constituency,ARP-2014,1,0.090909,TNC-0ea649aa9c9b,بن عروس,12,1,2014-12-02,2019-10-05,false
TNP-00832,TNP-00851,shared_constituency,ARP-2014,1,0.111111,TNC-3300c61cb437,مدنين,10,1,2019-05-08,2019-10-05,false
TNP-00832,TNP-00866,shared_constituency,ARP-2014,1,0.111111,TNC-3300c61cb437,مدنين,10,1,2019-05-08,2019-10-05,false
TNP-00832,TNP-00949,shared_constituency,ARP-2014,1,0.111111,TNC-3300c61cb437,مدنين,10,1,2019-05-08,2019-10-05,false
TNP-00833,TNP-00865,shared_constituency,ARP-2014,1,0.090909,TNC-45ef21daa360,سوسة,12,1,2014-12-02,2015-07-21,false
TNP-00833,TNP-00913,shared_constituency,ARP-2014,1,0.090909,TNC-45ef21daa360,سوسة,12,1,2014-12-02,2015-07-21,false
TNP-00833,TNP-00920,shared_constituency,ARP-2014,1,0.090909,TNC-45ef21daa360,سوسة,12,1,2014-12-02,2015-07-21,false
TNP-00833,TNP-00961,shared_constituency,ARP-2014,1,0.090909,TNC-45ef21daa360,سوسة,12,1,2014-12-02,2015-07-21,false
TNP-00835,TNP-00953,shared_constituency,ARP-2014,1,0.1,TNC-127a9c27f085,بنزرت,11,1,2016-01-08,2016-09-16,false
TNP-00836,TNP-00873,shared_constituency,ARP-2014,1,0.125,TNC-858bae1a6a7d,المهدية,9,1,2014-12-02,2019-10-05,false
TNP-00836,TNP-00890,shared_constituency,ARP-2014,1,0.125,TNC-858bae1a6a7d,المهدية,9,1,2014-12-02,2019-10-05,false
TNP-00836,TNP-00929,shared_constituency,ARP-2014,1,0.125,TNC-858bae1a6a7d,المهدية,9,1,2014-12-02,2019-10-05,false
TNP-00836,TNP-00947,shared_constituency,ARP-2014,1,0.125,TNC-858bae1a6a7d,المهدية,9,1,2014-12-02,2019-10-05,false
TNP-00836,TNP-00958,shared_constituency,ARP-2014,1,0.125,TNC-858bae1a6a7d,المهدية,9,1,2014-12-02,2015-01-12,false
TNP-00837,TNP-00891,shared_constituency,ARP-2014,1,0.125,TNC-2ffd7b757121,القيروان,9,1,2014-12-02,2019-10-05,false
TNP-00837,TNP-00927,shared_constituency,ARP-2014,1,0.125,TNC-2ffd7b757121,القيروان,9,1,2014-12-02,2019-10-05,false
TNP-00837,TNP-00948,shared_constituency,ARP-2014,1,0.125,TNC-2ffd7b757121,القيروان,9,1,2014-12-02,2019-10-05,false
TNP-00837,TNP-00954,shared_constituency,ARP-2014,1,0.125,TNC-2ffd7b757121,القيروان,9,1,2014-12-02,2019-10-05,false
TNP-00838,TNP-00843,shared_constituency,ARP-2014,1,0.05,TNC-c5d49c5a3d8b,تونس 2,21,1,2016-10-17,2019-10-05,false
TNP-00838,TNP-00849,shared_constituency,ARP-2014,1,0.05,TNC-c5d49c5a3d8b,تونس 2,21,1,2016-10-17,2019-10-05,false
TNP-00838,TNP-00870,shared_constituency,ARP-2014,1,0.05,TNC-c5d49c5a3d8b,تونس 2,21,1,2017-12-30,2019-10-05,false
TNP-00838,TNP-00871,shared_constituency,ARP-2014,1,0.05,TNC-c5d49c5a3d8b,تونس 2,21,1,2016-10-17,2017-07-05,false
TNP-00838,TNP-00874,shared_constituency,ARP-2014,1,0.05,TNC-c5d49c5a3d8b,تونس 2,21,1,2016-10-17,2019-10-05,false
TNP-00838,TNP-00916,shared_constituency,ARP-2014,1,0.05,TNC-c5d49c5a3d8b,تونس 2,21,1,2016-10-17,2019-10-05,false
TNP-00838,TNP-00925,shared_constituency,ARP-2014,1,0.05,TNC-c5d49c5a3d8b,تونس 2,21,1,2016-10-17,2019-10-05,false
TNP-00838,TNP-00937,shared_constituency,ARP-2014,1,0.05,TNC-c5d49c5a3d8b,تونس 2,21,1,2016-10-17,2019-10-05,false
TNP-00839,TNP-00852,shared_constituency,ARP-2014,1,0.066667,TNC-4f3b2af02bf2,صفاقس 2,16,1,2014-12-02,2019-10-05,false
TNP-00839,TNP-00886,shared_constituency,ARP-2014,1,0.066667,TNC-4f3b2af02bf2,صفاقس 2,16,1,2014-12-02,2019-10-05,false
TNP-00839,TNP-00893,shared_constituency,ARP-2014,1,0.066667,TNC-4f3b2af02bf2,صفاقس 2,16,1,2014-12-02,2019-10-05,false
TNP-00839,TNP-00895,shared_constituency,ARP-2014,1,0.066667,TNC-4f3b2af02bf2,صفاقس 2,16,1,2014-12-02,2019-10-05,false
TNP-00839,TNP-00910,shared_constituency,ARP-2014,1,0.066667,TNC-4f3b2af02bf2,صفاقس 2,16,1,2014-12-02,2019-10-05,false
TNP-00839,TNP-00945,shared_constituency,ARP-2014,1,0.066667,TNC-4f3b2af02bf2,صفاقس 2,16,1,2014-12-02,2019-10-05,false
TNP-00839,TNP-00946,shared_constituency,ARP-2014,1,0.066667,TNC-4f3b2af02bf2,صفاقس 2,16,1,2014-12-02,2019-10-05,false
TNP-00840,TNP-00877,shared_constituency,ARP-2014,1,0.125,TNC-48f5fc595ad5,المنستير,9,1,2014-12-02,2019-10-05,false
TNP-00840,TNP-00896,shared_constituency,ARP-2014,1,0.125,TNC-48f5fc595ad5,المنستير,9,1,2014-12-02,2019-10-05,false
TNP-00840,TNP-00897,shared_constituency,ARP-2014,1,0.125,TNC-48f5fc595ad5,المنستير,9,1,2014-12-02,2019-10-05,false
TNP-00840,TNP-00906,shared_constituency,ARP-2014,1,0.125,TNC-48f5fc595ad5,المنستير,9,1,2014-12-02,2019-10-05,false
TNP-00840,TNP-00942,shared_constituency,ARP-2014,1,0.125,TNC-48f5fc595ad5,المنستير,9,1,2014-12-02,2019-10-05,false
TNP-00841,TNP-00881,shared_constituency,ARP-2014,1,0.111111,TNC-d540a481d4ec,سيدي بوزيد,10,1,2014-12-02,2019-10-05,false
TNP-00841,TNP-00883,shared_constituency,ARP-2014,1,0.111111,TNC-d540a481d4ec,سيدي بوزيد,10,1,2017-04-28,2019-10-05,false
TNP-00841,TNP-00889,shared_constituency,ARP-2014,1,0.111111,TNC-d540a481d4ec,سيدي بوزيد,10,1,2014-12-02,2019-10-05,false
TNP-00841,TNP-00924,shared_constituency,ARP-2014,1,0.111111,TNC-d540a481d4ec,سيدي بوزيد,10,1,2015-03-06,2019-10-05,false
TNP-00841,TNP-00940,shared_constituency,ARP-2014,1,0.111111,TNC-d540a481d4ec,سيدي بوزيد,10,1,2014-12-02,2017-04-28,false
TNP-00841,TNP-00955,shared_constituency,ARP-2014,1,0.111111,TNC-d540a481d4ec,سيدي بوزيد,10,1,2014-12-02,2015-01-12,false
TNP-00842,TNP-00858,shared_constituency,ARP-2014,1,0.083333,TNC-26721d64b672,فرنسا 2,13,1,2014-12-02,2019-10-05,false
TNP-00842,TNP-00861,shared_constituency,ARP-2014,1,0.083333,TNC-26721d64b672,فرنسا 2,13,1,2016-10-17,2019-10-05,false
TNP-00842,TNP-00862,shared_constituency,ARP-2014,1,0.083333,TNC-26721d64b672,فرنسا 2,13,1,2014-12-02,2016-09-16,false
TNP-00842,TNP-00863,shared_constituency,ARP-2014,1,0.083333,TNC-26721d64b672,فرنسا 2,13,1,2014-12-02,2019-10-05,false
TNP-00842,TNP-00880,shared_constituency,ARP-2014,1,0.083333,TNC-26721d64b672,فرنسا 2,13,1,2016-03-10,2017-07-05,false
TNP-00842,TNP-00894,shared_constituency,ARP-2014,1,0.083333,TNC-26721d64b672,فرنسا 2,13,1,2014-12-02,2019-10-05,false
TNP-00842,TNP-00918,shared_constituency,ARP-2014,1,0.083333,TNC-26721d64b672,فرنسا 2,13,1,2014-12-02,2019-10-05,false
TNP-00843,TNP-00849,shared_constituency,ARP-2014,1,0.05,TNC-c5d49c5a3d8b,تونس 2,21,1,2015-03-06,2019-10-05,false
TNP-00843,TNP-00870,shared_constituency,ARP-2014,1,0.05,TNC-c5d49c5a3d8b,تونس 2,21,1,2017-12-30,2019-10-05,false
TNP-00843,TNP-00871,shared_constituency,ARP-2014,1,0.05,TNC-c5d49c5a3d8b,تونس 2,21,1,2015-03-06,2017-07-05,false
TNP-00843,TNP-00874,shared_constituency,ARP-2014,1,0.05,TNC-c5d49c5a3d8b,تونس 2,21,1,2015-03-06,2019-10-05,false
TNP-00843,TNP-00909,shared_constituency,ARP-2014,1,0.05,TNC-c5d49c5a3d8b,تونس 2,21,1,2015-03-06,2016-09-16,false
TNP-00843,TNP-00916,shared_constituency,ARP-2014,1,0.05,TNC-c5d49c5a3d8b,تونس 2,21,1,2015-03-06,2019-10-05,false
TNP-00843,TNP-00925,shared_constituency,ARP-2014,1,0.05,TNC-c5d49c5a3d8b,تونس 2,21,1,2016-03-10,2019-10-05,false
TNP-00843,TNP-00932,shared_constituency,ARP-2014,1,0.05,TNC-c5d49c5a3d8b,تونس 2,21,1,2015-03-06,2016-09-16,false
TNP-00843,TNP-00937,shared_constituency,ARP-2014,1,0.05,TNC-c5d49c5a3d8b,تونس 2,21,1,2015-03-06,2019-10-05,false
TNP-00844,TNP-00902,shared_constituency,ARP-2014,1,0.166667,TNC-7eef5b09cd82,منوبة,7,1,2014-12-02,2019-10-05,false
TNP-00844,TNP-00911,shared_constituency,ARP-2014,1,0.166667,TNC-7eef5b09cd82,منوبة,7,1,2014-12-02,2019-10-05,false
TNP-00844,TNP-00921,shared_constituency,ARP-2014,1,0.166667,TNC-7eef5b09cd82,منوبة,7,1,2014-12-02,2019-10-05,false
TNP-00845,TNP-00864,shared_constituency,ARP-2014,1,0.066667,TNC-0e07ea906a10,نابل 2,16,1,2014-12-02,2019-10-05,false
TNP-00845,TNP-00868,shared_constituency,ARP-2014,1,0.066667,TNC-0e07ea906a10,نابل 2,16,1,2015-03-06,2019-10-05,false
TNP-00845,TNP-00876,shared_constituency,ARP-2014,1,0.066667,TNC-0e07ea906a10,نابل 2,16,1,2015-03-06,2019-10-05,false
TNP-00845,TNP-00882,shared_constituency,ARP-2014,1,0.066667,TNC-0e07ea906a10,نابل 2,16,1,2014-12-02,2019-10-05,false
TNP-00845,TNP-00907,shared_constituency,ARP-2014,1,0.066667,TNC-0e07ea906a10,نابل 2,16,1,2014-12-02,2019-10-05,false
TNP-00845,TNP-00917,shared_constituency,ARP-2014,1,0.066667,TNC-0e07ea906a10,نابل 2,16,1,2014-12-02,2019-10-05,false
TNP-00845,TNP-00941,shared_constituency,ARP-2014,1,0.066667,TNC-0e07ea906a10,نابل 2,16,1,2014-12-02,2015-01-12,false
TNP-00846,TNP-00860,shared_constituency,ARP-2014,1,0.142857,TNC-f502c1f80309,أريانة,8,1,2014-12-02,2019-10-05,false
TNP-00846,TNP-00872,shared_constituency,ARP-2014,1,0.142857,TNC-f502c1f80309,أريانة,8,1,2014-12-02,2019-10-05,false
TNP-00846,TNP-00935,shared_constituency,ARP-2014,1,0.142857,TNC-f502c1f80309,أريانة,8,1,2014-12-02,2019-10-05,false
TNP-00846,TNP-00959,shared_constituency,ARP-2014,1,0.142857,TNC-f502c1f80309,أريانة,8,1,2014-12-02,2019-10-05,false
TNP-00847,TNP-00951,shared_constituency,ARP-2014,1,0.333333,TNC-4f3e7e49a279,تطاوين,4,1,2014-12-02,2019-10-05,false
TNP-00848,TNP-00884,shared_constituency,ARP-2014,1,0.25,TNC-a77f5ad1c2d7,قبلي,5,1,2014-12-02,2019-10-05,false
TNP-00848,TNP-00892,shared_constituency,ARP-2014,1,0.25,TNC-a77f5ad1c2d7,قبلي,5,1,2014-12-02,2019-10-05,false
TNP-00849,TNP-00870,shared_constituency,ARP-2014,1,0.05,TNC-c5d49c5a3d8b,تونس 2,21,1,2017-12-30,2019-10-05,false
TNP-00849,TNP-00871,shared_constituency,ARP-2014,1,0.05,TNC-c5d49c5a3d8b,تونس 2,21,1,2014-12-02,2017-07-05,false
TNP-00849,TNP-00874,shared_constituency,ARP-2014,1,0.05,TNC-c5d49c5a3d8b,تونس 2,21,1,2014-12-02,2019-10-05,false
TNP-00849,TNP-00909,shared_constituency,ARP-2014,1,0.05,TNC-c5d49c5a3d8b,تونس 2,21,1,2014-12-02,2016-09-16,false
TNP-00849,TNP-00916,shared_constituency,ARP-2014,1,0.05,TNC-c5d49c5a3d8b,تونس 2,21,1,2014-12-02,2019-10-05,false
TNP-00849,TNP-00925,shared_constituency,ARP-2014,1,0.05,TNC-c5d49c5a3d8b,تونس 2,21,1,2016-03-10,2019-10-05,false
TNP-00849,TNP-00932,shared_constituency,ARP-2014,1,0.05,TNC-c5d49c5a3d8b,تونس 2,21,1,2014-12-02,2016-09-16,false
TNP-00849,TNP-00937,shared_constituency,ARP-2014,1,0.05,TNC-c5d49c5a3d8b,تونس 2,21,1,2014-12-02,2019-10-05,false
TNP-00849,TNP-00938,shared_constituency,ARP-2014,1,0.05,TNC-c5d49c5a3d8b,تونس 2,21,1,2014-12-02,2015-01-12,false
TNP-00850,TNP-00878,shared_constituency,ARP-2014,1,0.111111,TNC-19437cfdc576,القصرين,10,1,2014-12-02,2019-10-05,false
TNP-00850,TNP-00879,shared_constituency,ARP-2014,1,0.111111,TNC-19437cfdc576,القصرين,10,1,2018-10-12,2019-10-05,false
TNP-00850,TNP-00903,shared_constituency,ARP-2014,1,0.111111,TNC-19437cfdc576,القصرين,10,1,2016-11-19,2016-12-13,false
TNP-00850,TNP-00904,shared_constituency,ARP-2014,1,0.111111,TNC-19437cfdc576,القصرين,10,1,2014-12-02,2019-10-05,false
TNP-00850,TNP-00936,shared_constituency,ARP-2014,1,0.111111,TNC-19437cfdc576,القصرين,10,1,2014-12-02,2019-10-05,false
TNP-00850,TNP-00957,shared_constituency,ARP-2014,1,0.111111,TNC-19437cfdc576,القصرين,10,1,2014-12-02,2019-10-05,false
TNP-00851,TNP-00866,shared_constituency,ARP-2014,1,0.111111,TNC-3300c61cb437,مدنين,10,1,2014-12-02,2019-10-05,false
TNP-00851,TNP-00949,shared_constituency,ARP-2014,1,0.111111,TNC-3300c61cb437,مدنين,10,1,2014-12-02,2019-10-05,false
TNP-00852,TNP-00886,shared_constituency,ARP-2014,1,0.066667,TNC-4f3b2af02bf2,صفاقس 2,16,1,2014-12-02,2019-10-05,false
TNP-00852,TNP-00893,shared_constituency,ARP-2014,1,0.066667,TNC-4f3b2af02bf2,صفاقس 2,16,1,2014-12-02,2019-10-05,false
TNP-00852,TNP-00895,shared_constituency,ARP-2014,1,0.066667,TNC-4f3b2af02bf2,صفاقس 2,16,1,2014-12-02,2019-10-05,false
TNP-00852,TNP-00910,shared_constituency,ARP-2014,1,0.066667,TNC-4f3b2af02bf2,صفاقس 2,16,1,2014-12-02,2019-10-05,false
TNP-00852,TNP-00945,shared_constituency,ARP-2014,1,0.066667,TNC-4f3b2af02bf2,صفاقس 2,16,1,2014-12-02,2019-10-05,false
TNP-00852,TNP-00946,shared_constituency,ARP-2014,1,0.066667,TNC-4f3b2af02bf2,صفاقس 2,16,1,2014-12-02,2019-10-05,false
TNP-00853,TNP-00914,shared_constituency,ARP-2014,1,0.2,TNC-ef4a07feb957,باجة,6,1,2014-12-02,2019-10-05,false
TNP-00853,TNP-00919,shared_constituency,ARP-2014,1,0.2,TNC-ef4a07feb957,باجة,6,1,2014-12-02,2019-10-05,false
TNP-00853,TNP-00923,shared_constituency,ARP-2014,1,0.2,TNC-ef4a07feb957,باجة,6,1,2014-12-02,2019-10-05,false
TNP-00853,TNP-00943,shared_constituency,ARP-2014,1,0.2,TNC-ef4a07feb957,باجة,6,1,2014-12-02,2019-10-05,false
TNP-00854,TNP-00857,shared_constituency,ARP-2014,1,0.125,TNC-79a8fbd7e523,سليانة,9,1,2014-12-02,2016-10-17,false
TNP-00854,TNP-00939,shared_constituency,ARP-2014,1,0.125,TNC-79a8fbd7e523,سليانة,9,1,2014-12-02,2016-10-17,false
TNP-00854,TNP-00944,shared_constituency,ARP-2014,1,0.125,TNC-79a8fbd7e523,سليانة,9,1,2014-12-02,2016-10-17,false
TNP-00854,TNP-00963,shared_constituency,ARP-2014,1,0.125,TNC-79a8fbd7e523,سليانة,9,1,2014-12-02,2016-10-17,false
TNP-00856,TNP-00898,shared_constituency,ARP-2014,1,0.25,TNC-2eba64109a74,توزر,5,1,2019-05-08,2019-10-05,false
TNP-00857,TNP-00939,shared_constituency,ARP-2014,1,0.125,TNC-79a8fbd7e523,سليانة,9,1,2014-12-02,2019-10-05,false
TNP-00857,TNP-00944,shared_constituency,ARP-2014,1,0.125,TNC-79a8fbd7e523,سليانة,9,1,2014-12-02,2019-10-05,false
TNP-00857,TNP-00962,shared_constituency,ARP-2014,1,0.125,TNC-79a8fbd7e523,سليانة,9,1,2016-11-19,2019-10-05,false
TNP-00857,TNP-00963,shared_constituency,ARP-2014,1,0.125,TNC-79a8fbd7e523,سليانة,9,1,2014-12-02,2016-10-17,false
TNP-00858,TNP-00861,shared_constituency,ARP-2014,1,0.083333,TNC-26721d64b672,فرنسا 2,13,1,2016-10-17,2019-10-05,false
TNP-00858,TNP-00862,shared_constituency,ARP-2014,1,0.083333,TNC-26721d64b672,فرنسا 2,13,1,2014-12-02,2016-09-16,false
TNP-00858,TNP-00863,shared_constituency,ARP-2014,1,0.083333,TNC-26721d64b672,فرنسا 2,13,1,2014-12-02,2019-10-05,false
TNP-00858,TNP-00880,shared_constituency,ARP-2014,1,0.083333,TNC-26721d64b672,فرنسا 2,13,1,2016-03-10,2017-07-05,false
TNP-00858,TNP-00894,shared_constituency,ARP-2014,1,0.083333,TNC-26721d64b672,فرنسا 2,13,1,2014-12-02,2019-10-05,false
TNP-00858,TNP-00918,shared_constituency,ARP-2014,1,0.083333,TNC-26721d64b672,فرنسا 2,13,1,2014-12-02,2019-10-05,false
TNP-00859,TNP-00912,shared_constituency,ARP-2014,1,0.166667,TNC-6bebe902d4f4,الكاف,7,1,2014-12-02,2019-10-05,false
TNP-00859,TNP-00915,shared_constituency,ARP-2014,1,0.166667,TNC-6bebe902d4f4,الكاف,7,1,2014-12-02,2019-10-05,false
TNP-00860,TNP-00872,shared_constituency,ARP-2014,1,0.142857,TNC-f502c1f80309,أريانة,8,1,2014-12-02,2019-10-05,false
TNP-00860,TNP-00935,shared_constituency,ARP-2014,1,0.142857,TNC-f502c1f80309,أريانة,8,1,2014-12-02,2019-10-05,false
TNP-00860,TNP-00959,shared_constituency,ARP-2014,1,0.142857,TNC-f502c1f80309,أريانة,8,1,2014-12-02,2019-10-05,false
TNP-00861,TNP-00863,shared_constituency,ARP-2014,1,0.083333,TNC-26721d64b672,فرنسا 2,13,1,2016-10-17,2019-10-05,false
TNP-00861,TNP-00880,shared_constituency,ARP-2014,1,0.083333,TNC-26721d64b672,فرنسا 2,13,1,2016-10-17,2017-07-05,false
TNP-00861,TNP-00894,shared_constituency,ARP-2014,1,0.083333,TNC-26721d64b672,فرنسا 2,13,1,2016-10-17,2019-10-05,false
TNP-00861,TNP-00918,shared_constituency,ARP-2014,1,0.083333,TNC-26721d64b672,فرنسا 2,13,1,2016-10-17,2019-10-05,false
TNP-00862,TNP-00863,shared_constituency,ARP-2014,1,0.083333,TNC-26721d64b672,فرنسا 2,13,1,2014-12-02,2016-09-16,false
TNP-00862,TNP-00880,shared_constituency,ARP-2014,1,0.083333,TNC-26721d64b672,فرنسا 2,13,1,2016-03-10,2016-09-16,false
TNP-00862,TNP-00894,shared_constituency,ARP-2014,1,0.083333,TNC-26721d64b672,فرنسا 2,13,1,2014-12-02,2016-09-16,false
TNP-00862,TNP-00918,shared_constituency,ARP-2014,1,0.083333,TNC-26721d64b672,فرنسا 2,13,1,2014-12-02,2016-09-16,false
TNP-00863,TNP-00880,shared_constituency,ARP-2014,1,0.083333,TNC-26721d64b672,فرنسا 2,13,1,2016-03-10,2017-07-05,false
TNP-00863,TNP-00894,shared_constituency,ARP-2014,1,0.083333,TNC-26721d64b672,فرنسا 2,13,1,2014-12-02,2019-10-05,false
TNP-00863,TNP-00918,shared_constituency,ARP-2014,1,0.083333,TNC-26721d64b672,فرنسا 2,13,1,2014-12-02,2019-10-05,false
TNP-00864,TNP-00868,shared_constituency,ARP-2014,1,0.066667,TNC-0e07ea906a10,نابل 2,16,1,2015-03-06,2019-10-05,false
TNP-00864,TNP-00876,shared_constituency,ARP-2014,1,0.066667,TNC-0e07ea906a10,نابل 2,16,1,2015-03-06,2019-10-05,false
TNP-00864,TNP-00882,shared_constituency,ARP-2014,1,0.066667,TNC-0e07ea906a10,نابل 2,16,1,2014-12-02,2019-10-05,false
TNP-00864,TNP-00907,shared_constituency,ARP-2014,1,0.066667,TNC-0e07ea906a10,نابل 2,16,1,2014-12-02,2019-10-05,false
TNP-00864,TNP-00917,shared_constituency,ARP-2014,1,0.066667,TNC-0e07ea906a10,نابل 2,16,1,2014-12-02,2019-10-05,false
TNP-00864,TNP-00941,shared_constituency,ARP-2014,1,0.066667,TNC-0e07ea906a10,نابل 2,16,1,2014-12-02,2015-01-12,false
TNP-00865,TNP-00913,shared_constituency,ARP-2014,1,0.090909,TNC-45ef21daa360,سوسة,12,1,2014-12-02,2019-10-05,false
TNP-00865,TNP-00920,shared_constituency,ARP-2014,1,0.090909,TNC-45ef21daa360,سوسة,12,1,2014-12-02,2019-10-05,false
TNP-00865,TNP-00922,shared_constituency,ARP-2014,1,0.090909,TNC-45ef21daa360,سوسة,12,1,2015-08-01,2019-10-05,false
TNP-00865,TNP-00961,shared_constituency,ARP-2014,1,0.090909,TNC-45ef21daa360,سوسة,12,1,2014-12-02,2019-10-05,false
TNP-00866,TNP-00949,shared_constituency,ARP-2014,1,0.111111,TNC-3300c61cb437,مدنين,10,1,2014-12-02,2019-10-05,false
TNP-00867,TNP-00953,shared_constituency,ARP-2014,1,0.1,TNC-127a9c27f085,بنزرت,11,1,2016-10-17,2019-10-05,false
TNP-00868,TNP-00876,shared_constituency,ARP-2014,1,0.066667,TNC-0e07ea906a10,نابل 2,16,1,2015-03-06,2019-10-05,false
TNP-00868,TNP-00882,shared_constituency,ARP-2014,1,0.066667,TNC-0e07ea906a10,نابل 2,16,1,2015-03-06,2019-10-05,false
TNP-00868,TNP-00907,shared_constituency,ARP-2014,1,0.066667,TNC-0e07ea906a10,نابل 2,16,1,2015-03-06,2019-10-05,false
TNP-00868,TNP-00917,shared_constituency,ARP-2014,1,0.066667,TNC-0e07ea906a10,نابل 2,16,1,2015-03-06,2019-10-05,false
TNP-00869,TNP-00931,shared_constituency,ARP-2014,1,1,TNC-6b426f4ed056,القارة الأمريكية وبقية الدول الأوروبية,2,1,2014-12-02,2019-10-05,false
TNP-00870,TNP-00874,shared_constituency,ARP-2014,1,0.05,TNC-c5d49c5a3d8b,تونس 2,21,1,2017-12-30,2019-10-05,false
TNP-00870,TNP-00916,shared_constituency,ARP-2014,1,0.05,TNC-c5d49c5a3d8b,تونس 2,21,1,2017-12-30,2019-10-05,false
TNP-00870,TNP-00925,shared_constituency,ARP-2014,1,0.05,TNC-c5d49c5a3d8b,تونس 2,21,1,2017-12-30,2019-10-05,false
TNP-00870,TNP-00937,shared_constituency,ARP-2014,1,0.05,TNC-c5d49c5a3d8b,تونس 2,21,1,2017-12-30,2019-10-05,false
TNP-00871,TNP-00874,shared_constituency,ARP-2014,1,0.05,TNC-c5d49c5a3d8b,تونس 2,21,1,2014-12-02,2017-07-05,false
TNP-00871,TNP-00909,shared_constituency,ARP-2014,1,0.05,TNC-c5d49c5a3d8b,تونس 2,21,1,2014-12-02,2016-09-16,false
TNP-00871,TNP-00916,shared_constituency,ARP-2014,1,0.05,TNC-c5d49c5a3d8b,تونس 2,21,1,2014-12-02,2017-07-05,false
TNP-00871,TNP-00925,shared_constituency,ARP-2014,1,0.05,TNC-c5d49c5a3d8b,تونس 2,21,1,2016-03-10,2017-07-05,false
TNP-00871,TNP-00932,shared_constituency,ARP-2014,1,0.05,TNC-c5d49c5a3d8b,تونس 2,21,1,2014-12-02,2016-09-16,false
TNP-00871,TNP-00937,shared_constituency,ARP-2014,1,0.05,TNC-c5d49c5a3d8b,تونس 2,21,1,2014-12-02,2017-07-05,false
TNP-00871,TNP-00938,shared_constituency,ARP-2014,1,0.05,TNC-c5d49c5a3d8b,تونس 2,21,1,2014-12-02,2015-01-12,false
TNP-00872,TNP-00935,shared_constituency,ARP-2014,1,0.142857,TNC-f502c1f80309,أريانة,8,1,2014-12-02,2019-10-05,false
TNP-00872,TNP-00959,shared_constituency,ARP-2014,1,0.142857,TNC-f502c1f80309,أريانة,8,1,2014-12-02,2019-10-05,false
TNP-00873,TNP-00890,shared_constituency,ARP-2014,1,0.125,TNC-858bae1a6a7d,المهدية,9,1,2014-12-02,2019-10-05,false
TNP-00873,TNP-00929,shared_constituency,ARP-2014,1,0.125,TNC-858bae1a6a7d,المهدية,9,1,2014-12-02,2019-10-05,false
TNP-00873,TNP-00947,shared_constituency,ARP-2014,1,0.125,TNC-858bae1a6a7d,المهدية,9,1,2014-12-02,2019-10-05,false
TNP-00873,TNP-00958,shared_constituency,ARP-2014,1,0.125,TNC-858bae1a6a7d,المهدية,9,1,2014-12-02,2015-01-12,false
TNP-00874,TNP-00909,shared_constituency,ARP-2014,1,0.05,TNC-c5d49c5a3d8b,تونس 2,21,1,2014-12-02,2016-09-16,false
TNP-00874,TNP-00916,shared_constituency,ARP-2014,1,0.05,TNC-c5d49c5a3d8b,تونس 2,21,1,2014-12-02,2019-10-05,false
TNP-00874,TNP-00925,shared_constituency,ARP-2014,1,0.05,TNC-c5d49c5a3d8b,تونس 2,21,1,2016-03-10,2019-10-05,false
TNP-00874,TNP-00932,shared_constituency,ARP-2014,1,0.05,TNC-c5d49c5a3d8b,تونس 2,21,1,2014-12-02,2016-09-16,false
TNP-00874,TNP-00937,shared_constituency,ARP-2014,1,0.05,TNC-c5d49c5a3d8b,تونس 2,21,1,2014-12-02,2019-10-05,false
TNP-00874,TNP-00938,shared_constituency,ARP-2014,1,0.05,TNC-c5d49c5a3d8b,تونس 2,21,1,2014-12-02,2015-01-12,false
TNP-00875,TNP-00887,shared_constituency,ARP-2014,1,0.25,TNC-3ec99e0eae36,زغوان,5,1,2014-12-02,2019-10-05,false
TNP-00875,TNP-00905,shared_constituency,ARP-2014,1,0.25,TNC-3ec99e0eae36,زغوان,5,1,2014-12-02,2019-10-05,false
TNP-00875,TNP-00933,shared_constituency,ARP-2014,1,0.25,TNC-3ec99e0eae36,زغوان,5,1,2014-12-02,2019-10-05,false
TNP-00876,TNP-00882,shared_constituency,ARP-2014,1,0.066667,TNC-0e07ea906a10,نابل 2,16,1,2015-03-06,2019-10-05,false
TNP-00876,TNP-00907,shared_constituency,ARP-2014,1,0.066667,TNC-0e07ea906a10,نابل 2,16,1,2015-03-06,2019-10-05,false
TNP-00876,TNP-00917,shared_constituency,ARP-2014,1,0.066667,TNC-0e07ea906a10,نابل 2,16,1,2015-03-06,2019-10-05,false
TNP-00877,TNP-00896,shared_constituency,ARP-2014,1,0.125,TNC-48f5fc595ad5,المنستير,9,1,2014-12-02,2019-10-05,false
TNP-00877,TNP-00897,shared_constituency,ARP-2014,1,0.125,TNC-48f5fc595ad5,المنستير,9,1,2014-12-02,2019-10-05,false
TNP-00877,TNP-00906,shared_constituency,ARP-2014,1,0.125,TNC-48f5fc595ad5,المنستير,9,1,2014-12-02,2019-10-05,false
TNP-00877,TNP-00942,shared_constituency,ARP-2014,1,0.125,TNC-48f5fc595ad5,المنستير,9,1,2014-12-02,2019-10-05,false
TNP-00878,TNP-00879,shared_constituency,ARP-2014,1,0.111111,TNC-19437cfdc576,القصرين,10,1,2018-10-12,2019-10-05,false
TNP-00878,TNP-00903,shared_constituency,ARP-2014,1,0.111111,TNC-19437cfdc576,القصرين,10,1,2016-11-19,2016-12-13,false
TNP-00878,TNP-00904,shared_constituency,ARP-2014,1,0.111111,TNC-19437cfdc576,القصرين,10,1,2014-12-02,2019-10-05,false
TNP-00878,TNP-00936,shared_constituency,ARP-2014,1,0.111111,TNC-19437cfdc576,القصرين,10,1,2014-12-02,2019-10-05,false
TNP-00878,TNP-00957,shared_constituency,ARP-2014,1,0.111111,TNC-19437cfdc576,القصرين,10,1,2014-12-02,2019-10-05,false
TNP-00879,TNP-00904,shared_constituency,ARP-2014,1,0.111111,TNC-19437cfdc576,القصرين,10,1,2018-10-12,2019-10-05,false
TNP-00879,TNP-00936,shared_constituency,ARP-2014,1,0.111111,TNC-19437cfdc576,القصرين,10,1,2018-10-12,2019-10-05,false
TNP-00879,TNP-00957,shared_constituency,ARP-2014,1,0.111111,TNC-19437cfdc576,القصرين,10,1,2018-10-12,2019-10-05,false
TNP-00880,TNP-00894,shared_constituency,ARP-2014,1,0.083333,TNC-26721d64b672,فرنسا 2,13,1,2016-03-10,2017-07-05,false
TNP-00880,TNP-00918,shared_constituency,ARP-2014,1,0.083333,TNC-26721d64b672,فرنسا 2,13,1,2016-03-10,2017-07-05,false
TNP-00881,TNP-00883,shared_constituency,ARP-2014,1,0.111111,TNC-d540a481d4ec,سيدي بوزيد,10,1,2017-04-28,2019-10-05,false
TNP-00881,TNP-00889,shared_constituency,ARP-2014,1,0.111111,TNC-d540a481d4ec,سيدي بوزيد,10,1,2014-12-02,2019-10-05,false
TNP-00881,TNP-00924,shared_constituency,ARP-2014,1,0.111111,TNC-d540a481d4ec,سيدي بوزيد,10,1,2015-03-06,2019-10-05,false
TNP-00881,TNP-00940,shared_constituency,ARP-2014,1,0.111111,TNC-d540a481d4ec,سيدي بوزيد,10,1,2014-12-02,2017-04-28,false
TNP-00881,TNP-00955,shared_constituency,ARP-2014,1,0.111111,TNC-d540a481d4ec,سيدي بوزيد,10,1,2014-12-02,2015-01-12,false
TNP-00882,TNP-00907,shared_constituency,ARP-2014,1,0.066667,TNC-0e07ea906a10,نابل 2,16,1,2014-12-02,2019-10-05,false
TNP-00882,TNP-00917,shared_constituency,ARP-2014,1,0.066667,TNC-0e07ea906a10,نابل 2,16,1,2014-12-02,2019-10-05,false
TNP-00882,TNP-00941,shared_constituency,ARP-2014,1,0.066667,TNC-0e07ea906a10,نابل 2,16,1,2014-12-02,2015-01-12,false
TNP-00883,TNP-00889,shared_constituency,ARP-2014,1,0.111111,TNC-d540a481d4ec,سيدي بوزيد,10,1,2017-04-28,2019-10-05,false
TNP-00883,TNP-00924,shared_constituency,ARP-2014,1,0.111111,TNC-d540a481d4ec,سيدي بوزيد,10,1,2017-04-28,2019-10-05,false
TNP-00883,TNP-00940,shared_constituency,ARP-2014,1,0.111111,TNC-d540a481d4ec,سيدي بوزيد,10,1,2017-04-28,2017-04-28,false
TNP-00884,TNP-00892,shared_constituency,ARP-2014,1,0.25,TNC-a77f5ad1c2d7,قبلي,5,1,2014-12-02,2019-10-05,false
TNP-00885,TNP-00930,shared_constituency,ARP-2014,1,0.166667,TNC-0a6fa8fc89c0,قابس,7,1,2014-12-02,2019-10-05,false
TNP-00885,TNP-00934,shared_constituency,ARP-2014,1,0.166667,TNC-0a6fa8fc89c0,قابس,7,1,2014-12-02,2019-10-05,false
TNP-00886,TNP-00893,shared_constituency,ARP-2014,1,0.066667,TNC-4f3b2af02bf2,صفاقس 2,16,1,2014-12-02,2019-10-05,false
TNP-00886,TNP-00895,shared_constituency,ARP-2014,1,0.066667,TNC-4f3b2af02bf2,صفاقس 2,16,1,2014-12-02,2019-10-05,false
TNP-00886,TNP-00910,shared_constituency,ARP-2014,1,0.066667,TNC-4f3b2af02bf2,صفاقس 2,16,1,2014-12-02,2019-10-05,false
TNP-00886,TNP-00945,shared_constituency,ARP-2014,1,0.066667,TNC-4f3b2af02bf2,صفاقس 2,16,1,2014-12-02,2019-10-05,false
TNP-00886,TNP-00946,shared_constituency,ARP-2014,1,0.066667,TNC-4f3b2af02bf2,صفاقس 2,16,1,2014-12-02,2019-10-05,false
TNP-00887,TNP-00905,shared_constituency,ARP-2014,1,0.25,TNC-3ec99e0eae36,زغوان,5,1,2014-12-02,2019-10-05,false
TNP-00887,TNP-00933,shared_constituency,ARP-2014,1,0.25,TNC-3ec99e0eae36,زغوان,5,1,2014-12-02,2019-10-05,false
TNP-00888,TNP-00928,shared_constituency,ARP-2014,1,0.333333,TNC-a1a97b7dfaf6,إيطاليا,4,1,2017-12-30,2019-10-05,false
TNP-00889,TNP-00924,shared_constituency,ARP-2014,1,0.111111,TNC-d540a481d4ec,سيدي بوزيد,10,1,2015-03-06,2019-10-05,false
TNP-00889,TNP-00940,shared_constituency,ARP-2014,1,0.111111,TNC-d540a481d4ec,سيدي بوزيد,10,1,2014-12-02,2017-04-28,false
TNP-00889,TNP-00955,shared_constituency,ARP-2014,1,0.111111,TNC-d540a481d4ec,سيدي بوزيد,10,1,2014-12-02,2015-01-12,false
TNP-00890,TNP-00929,shared_constituency,ARP-2014,1,0.125,TNC-858bae1a6a7d,المهدية,9,1,2014-12-02,2019-10-05,false
TNP-00890,TNP-00947,shared_constituency,ARP-2014,1,0.125,TNC-858bae1a6a7d,المهدية,9,1,2014-12-02,2019-10-05,false
TNP-00890,TNP-00958,shared_constituency,ARP-2014,1,0.125,TNC-858bae1a6a7d,المهدية,9,1,2014-12-02,2015-01-12,false
TNP-00891,TNP-00927,shared_constituency,ARP-2014,1,0.125,TNC-2ffd7b757121,القيروان,9,1,2014-12-02,2019-10-05,false
TNP-00891,TNP-00948,shared_constituency,ARP-2014,1,0.125,TNC-2ffd7b757121,القيروان,9,1,2014-12-02,2019-10-05,false
TNP-00891,TNP-00954,shared_constituency,ARP-2014,1,0.125,TNC-2ffd7b757121,القيروان,9,1,2014-12-02,2019-10-05,false
TNP-00893,TNP-00895,shared_constituency,ARP-2014,1,0.066667,TNC-4f3b2af02bf2,صفاقس 2,16,1,2014-12-02,2019-10-05,false
TNP-00893,TNP-00910,shared_constituency,ARP-2014,1,0.066667,TNC-4f3b2af02bf2,صفاقس 2,16,1,2014-12-02,2019-10-05,false
TNP-00893,TNP-00945,shared_constituency,ARP-2014,1,0.066667,TNC-4f3b2af02bf2,صفاقس 2,16,1,2014-12-02,2019-10-05,false
TNP-00893,TNP-00946,shared_constituency,ARP-2014,1,0.066667,TNC-4f3b2af02bf2,صفاقس 2,16,1,2014-12-02,2019-10-05,false
TNP-00894,TNP-00918,shared_constituency,ARP-2014,1,0.083333,TNC-26721d64b672,فرنسا 2,13,1,2014-12-02,2019-10-05,false
TNP-00895,TNP-00910,shared_constituency,ARP-2014,1,0.066667,TNC-4f3b2af02bf2,صفاقس 2,16,1,2014-12-02,2019-10-05,false
TNP-00895,TNP-00945,shared_constituency,ARP-2014,1,0.066667,TNC-4f3b2af02bf2,صفاقس 2,16,1,2014-12-02,2019-10-05,false
TNP-00895,TNP-00946,shared_constituency,ARP-2014,1,0.066667,TNC-4f3b2af02bf2,صفاقس 2,16,1,2014-12-02,2019-10-05,false
TNP-00896,TNP-00897,shared_constituency,ARP-2014,1,0.125,TNC-48f5fc595ad5,المنستير,9,1,2014-12-02,2019-10-05,false
TNP-00896,TNP-00906,shared_constituency,ARP-2014,1,0.125,TNC-48f5fc595ad5,المنستير,9,1,2014-12-02,2019-10-05,false
TNP-00896,TNP-00942,shared_constituency,ARP-2014,1,0.125,TNC-48f5fc595ad5,المنستير,9,1,2014-12-02,2019-10-05,false
TNP-00897,TNP-00906,shared_constituency,ARP-2014,1,0.125,TNC-48f5fc595ad5,المنستير,9,1,2014-12-02,2019-10-05,false
TNP-00897,TNP-00942,shared_constituency,ARP-2014,1,0.125,TNC-48f5fc595ad5,المنستير,9,1,2014-12-02,2019-10-05,false
TNP-00899,TNP-00900,shared_constituency,ARP-2014,1,0.090909,TNC-0ea649aa9c9b,بن عروس,12,1,2014-12-02,2015-01-12,false
TNP-00899,TNP-00908,shared_constituency,ARP-2014,1,0.090909,TNC-0ea649aa9c9b,بن عروس,12,1,2014-12-02,2015-01-12,false
TNP-00899,TNP-00926,shared_constituency,ARP-2014,1,0.090909,TNC-0ea649aa9c9b,بن عروس,12,1,2014-12-02,2015-01-12,false
TNP-00899,TNP-00952,shared_constituency,ARP-2014,1,0.090909,TNC-0ea649aa9c9b,بن عروس,12,1,2014-12-02,2015-01-12,false
TNP-00899,TNP-00956,shared_constituency,ARP-2014,1,0.090909,TNC-0ea649aa9c9b,بن عروس,12,1,2014-12-02,2015-01-12,false
TNP-00899,TNP-00960,shared_constituency,ARP-2014,1,0.090909,TNC-0ea649aa9c9b,بن عروس,12,1,2014-12-02,2015-01-12,false
TNP-00900,TNP-00908,shared_constituency,ARP-2014,1,0.090909,TNC-0ea649aa9c9b,بن عروس,12,1,2014-12-02,2019-10-05,false
TNP-00900,TNP-00926,shared_constituency,ARP-2014,1,0.090909,TNC-0ea649aa9c9b,بن عروس,12,1,2014-12-02,2019-10-05,false
TNP-00900,TNP-00950,shared_constituency,ARP-2014,1,0.090909,TNC-0ea649aa9c9b,بن عروس,12,1,2015-03-06,2017-07-05,false
TNP-00900,TNP-00952,shared_constituency,ARP-2014,1,0.090909,TNC-0ea649aa9c9b,بن عروس,12,1,2014-12-02,2019-10-05,false
TNP-00900,TNP-00956,shared_constituency,ARP-2014,1,0.090909,TNC-0ea649aa9c9b,بن عروس,12,1,2014-12-02,2019-10-05,false
TNP-00900,TNP-00960,shared_constituency,ARP-2014,1,0.090909,TNC-0ea649aa9c9b,بن عروس,12,1,2014-12-02,2019-10-05,false
TNP-00902,TNP-00911,shared_constituency,ARP-2014,1,0.166667,TNC-7eef5b09cd82,منوبة,7,1,2014-12-02,2019-10-05,false
TNP-00902,TNP-00921,shared_constituency,ARP-2014,1,0.166667,TNC-7eef5b09cd82,منوبة,7,1,2014-12-02,2019-10-05,false
TNP-00903,TNP-00904,shared_constituency,ARP-2014,1,0.111111,TNC-19437cfdc576,القصرين,10,1,2016-11-19,2016-12-13,false
TNP-00903,TNP-00936,shared_constituency,ARP-2014,1,0.111111,TNC-19437cfdc576,القصرين,10,1,2016-11-19,2016-12-13,false
TNP-00903,TNP-00957,shared_constituency,ARP-2014,1,0.111111,TNC-19437cfdc576,القصرين,10,1,2016-11-19,2016-12-13,false
TNP-00904,TNP-00936,shared_constituency,ARP-2014,1,0.111111,TNC-19437cfdc576,القصرين,10,1,2014-12-02,2019-10-05,false
TNP-00904,TNP-00957,shared_constituency,ARP-2014,1,0.111111,TNC-19437cfdc576,القصرين,10,1,2014-12-02,2019-10-05,false
TNP-00905,TNP-00933,shared_constituency,ARP-2014,1,0.25,TNC-3ec99e0eae36,زغوان,5,1,2014-12-02,2019-10-05,false
TNP-00906,TNP-00942,shared_constituency,ARP-2014,1,0.125,TNC-48f5fc595ad5,المنستير,9,1,2014-12-02,2019-10-05,false
TNP-00907,TNP-00917,shared_constituency,ARP-2014,1,0.066667,TNC-0e07ea906a10,نابل 2,16,1,2014-12-02,2019-10-05,false
TNP-00907,TNP-00941,shared_constituency,ARP-2014,1,0.066667,TNC-0e07ea906a10,نابل 2,16,1,2014-12-02,2015-01-12,false
TNP-00908,TNP-00926,shared_constituency,ARP-2014,1,0.090909,TNC-0ea649aa9c9b,بن عروس,12,1,2014-12-02,2019-10-05,false
TNP-00908,TNP-00950,shared_constituency,ARP-2014,1,0.090909,TNC-0ea649aa9c9b,بن عروس,12,1,2015-03-06,2017-07-05,false
TNP-00908,TNP-00952,shared_constituency,ARP-2014,1,0.090909,TNC-0ea649aa9c9b,بن عروس,12,1,2014-12-02,2019-10-05,false
TNP-00908,TNP-00956,shared_constituency,ARP-2014,1,0.090909,TNC-0ea649aa9c9b,بن عروس,12,1,2014-12-02,2019-10-05,false
TNP-00908,TNP-00960,shared_constituency,ARP-2014,1,0.090909,TNC-0ea649aa9c9b,بن عروس,12,1,2014-12-02,2019-10-05,false
TNP-00909,TNP-00916,shared_constituency,ARP-2014,1,0.05,TNC-c5d49c5a3d8b,تونس 2,21,1,2014-12-02,2016-09-16,false
TNP-00909,TNP-00925,shared_constituency,ARP-2014,1,0.05,TNC-c5d49c5a3d8b,تونس 2,21,1,2016-03-10,2016-09-16,false
TNP-00909,TNP-00932,shared_constituency,ARP-2014,1,0.05,TNC-c5d49c5a3d8b,تونس 2,21,1,2014-12-02,2016-09-16,false
TNP-00909,TNP-00937,shared_constituency,ARP-2014,1,0.05,TNC-c5d49c5a3d8b,تونس 2,21,1,2014-12-02,2016-09-16,false
TNP-00909,TNP-00938,shared_constituency,ARP-2014,1,0.05,TNC-c5d49c5a3d8b,تونس 2,21,1,2014-12-02,2015-01-12,false
TNP-00910,TNP-00945,shared_constituency,ARP-2014,1,0.066667,TNC-4f3b2af02bf2,صفاقس 2,16,1,2014-12-02,2019-10-05,false
TNP-00910,TNP-00946,shared_constituency,ARP-2014,1,0.066667,TNC-4f3b2af02bf2,صفاقس 2,16,1,2014-12-02,2019-10-05,false
TNP-00911,TNP-00921,shared_constituency,ARP-2014,1,0.166667,TNC-7eef5b09cd82,منوبة,7,1,2014-12-02,2019-10-05,false
TNP-00912,TNP-00915,shared_constituency,ARP-2014,1,0.166667,TNC-6bebe902d4f4,الكاف,7,1,2014-12-02,2019-10-05,false
TNP-00913,TNP-00920,shared_constituency,ARP-2014,1,0.090909,TNC-45ef21daa360,سوسة,12,1,2014-12-02,2019-10-05,false
TNP-00913,TNP-00922,shared_constituency,ARP-2014,1,0.090909,TNC-45ef21daa360,سوسة,12,1,2015-08-01,2019-10-05,false
TNP-00913,TNP-00961,shared_constituency,ARP-2014,1,0.090909,TNC-45ef21daa360,سوسة,12,1,2014-12-02,2019-10-05,false
TNP-00914,TNP-00919,shared_constituency,ARP-2014,1,0.2,TNC-ef4a07feb957,باجة,6,1,2014-12-02,2019-10-05,false
TNP-00914,TNP-00923,shared_constituency,ARP-2014,1,0.2,TNC-ef4a07feb957,باجة,6,1,2014-12-02,2019-10-05,false
TNP-00914,TNP-00943,shared_constituency,ARP-2014,1,0.2,TNC-ef4a07feb957,باجة,6,1,2014-12-02,2019-10-05,false
TNP-00916,TNP-00925,shared_constituency,ARP-2014,1,0.05,TNC-c5d49c5a3d8b,تونس 2,21,1,2016-03-10,2019-10-05,false
TNP-00916,TNP-00932,shared_constituency,ARP-2014,1,0.05,TNC-c5d49c5a3d8b,تونس 2,21,1,2014-12-02,2016-09-16,false
TNP-00916,TNP-00937,shared_constituency,ARP-2014,1,0.05,TNC-c5d49c5a3d8b,تونس 2,21,1,2014-12-02,2019-10-05,false
TNP-00916,TNP-00938,shared_constituency,ARP-2014,1,0.05,TNC-c5d49c5a3d8b,تونس 2,21,1,2014-12-02,2015-01-12,false
TNP-00917,TNP-00941,shared_constituency,ARP-2014,1,0.066667,TNC-0e07ea906a10,نابل 2,16,1,2014-12-02,2015-01-12,false
TNP-00919,TNP-00923,shared_constituency,ARP-2014,1,0.2,TNC-ef4a07feb957,باجة,6,1,2014-12-02,2019-10-05,false
TNP-00919,TNP-00943,shared_constituency,ARP-2014,1,0.2,TNC-ef4a07feb957,باجة,6,1,2014-12-02,2019-10-05,false
TNP-00920,TNP-00922,shared_constituency,ARP-2014,1,0.090909,TNC-45ef21daa360,سوسة,12,1,2015-08-01,2019-10-05,false
TNP-00920,TNP-00961,shared_constituency,ARP-2014,1,0.090909,TNC-45ef21daa360,سوسة,12,1,2014-12-02,2019-10-05,false
TNP-00922,TNP-00961,shared_constituency,ARP-2014,1,0.090909,TNC-45ef21daa360,سوسة,12,1,2015-08-01,2019-10-05,false
TNP-00923,TNP-00943,shared_constituency,ARP-2014,1,0.2,TNC-ef4a07feb957,باجة,6,1,2014-12-02,2019-10-05,false
TNP-00924,TNP-00940,shared_constituency,ARP-2014,1,0.111111,TNC-d540a481d4ec,سيدي بوزيد,10,1,2015-03-06,2017-04-28,false
TNP-00925,TNP-00932,shared_constituency,ARP-2014,1,0.05,TNC-c5d49c5a3d8b,تونس 2,21,1,2016-03-10,2016-09-16,false
TNP-00925,TNP-00937,shared_constituency,ARP-2014,1,0.05,TNC-c5d49c5a3d8b,تونس 2,21,1,2016-03-10,2019-10-05,false
TNP-00926,TNP-00950,shared_constituency,ARP-2014,1,0.090909,TNC-0ea649aa9c9b,بن عروس,12,1,2015-03-06,2017-07-05,false
TNP-00926,TNP-00952,shared_constituency,ARP-2014,1,0.090909,TNC-0ea649aa9c9b,بن عروس,12,1,2014-12-02,2019-10-05,false
TNP-00926,TNP-00956,shared_constituency,ARP-2014,1,0.090909,TNC-0ea649aa9c9b,بن عروس,12,1,2014-12-02,2019-10-05,false
TNP-00926,TNP-00960,shared_constituency,ARP-2014,1,0.090909,TNC-0ea649aa9c9b,بن عروس,12,1,2014-12-02,2019-10-05,false
TNP-00927,TNP-00948,shared_constituency,ARP-2014,1,0.125,TNC-2ffd7b757121,القيروان,9,1,2014-12-02,2019-10-05,false
TNP-00927,TNP-00954,shared_constituency,ARP-2014,1,0.125,TNC-2ffd7b757121,القيروان,9,1,2014-12-02,2019-10-05,false
TNP-00929,TNP-00947,shared_constituency,ARP-2014,1,0.125,TNC-858bae1a6a7d,المهدية,9,1,2014-12-02,2019-10-05,false
TNP-00929,TNP-00958,shared_constituency,ARP-2014,1,0.125,TNC-858bae1a6a7d,المهدية,9,1,2014-12-02,2015-01-12,false
TNP-00930,TNP-00934,shared_constituency,ARP-2014,1,0.166667,TNC-0a6fa8fc89c0,قابس,7,1,2014-12-02,2019-10-05,false
TNP-00932,TNP-00937,shared_constituency,ARP-2014,1,0.05,TNC-c5d49c5a3d8b,تونس 2,21,1,2014-12-02,2016-09-16,false
TNP-00932,TNP-00938,shared_constituency,ARP-2014,1,0.05,TNC-c5d49c5a3d8b,تونس 2,21,1,2014-12-02,2015-01-12,false
TNP-00935,TNP-00959,shared_constituency,ARP-2014,1,0.142857,TNC-f502c1f80309,أريانة,8,1,2014-12-02,2019-10-05,false
TNP-00936,TNP-00957,shared_constituency,ARP-2014,1,0.111111,TNC-19437cfdc576,القصرين,10,1,2014-12-02,2019-10-05,false
TNP-00937,TNP-00938,shared_constituency,ARP-2014,1,0.05,TNC-c5d49c5a3d8b,تونس 2,21,1,2014-12-02,2015-01-12,false
TNP-00939,TNP-00944,shared_constituency,ARP-2014,1,0.125,TNC-79a8fbd7e523,سليانة,9,1,2014-12-02,2019-10-05,false
TNP-00939,TNP-00962,shared_constituency,ARP-2014,1,0.125,TNC-79a8fbd7e523,سليانة,9,1,2016-11-19,2019-10-05,false
TNP-00939,TNP-00963,shared_constituency,ARP-2014,1,0.125,TNC-79a8fbd7e523,سليانة,9,1,2014-12-02,2016-10-17,false
TNP-00940,TNP-00955,shared_constituency,ARP-2014,1,0.111111,TNC-d540a481d4ec,سيدي بوزيد,10,1,2014-12-02,2015-01-12,false
TNP-00944,TNP-00962,shared_constituency,ARP-2014,1,0.125,TNC-79a8fbd7e523,سليانة,9,1,2016-11-19,2019-10-05,false
TNP-00944,TNP-00963,shared_constituency,ARP-2014,1,0.125,TNC-79a8fbd7e523,سليانة,9,1,2014-12-02,2016-10-17,false
TNP-00945,TNP-00946,shared_constituency,ARP-2014,1,0.066667,TNC-4f3b2af02bf2,صفاقس 2,16,1,2014-12-02,2019-10-05,false
TNP-00947,TNP-00958,shared_constituency,ARP-2014,1,0.125,TNC-858bae1a6a7d,المهدية,9,1,2014-12-02,2015-01-12,false
TNP-00948,TNP-00954,shared_constituency,ARP-2014,1,0.125,TNC-2ffd7b757121,القيروان,9,1,2014-12-02,2019-10-05,false
TNP-00950,TNP-00952,shared_constituency,ARP-2014,1,0.090909,TNC-0ea649aa9c9b,بن عروس,12,1,2015-03-06,2017-07-05,false
TNP-00950,TNP-00956,shared_constituency,ARP-2014,1,0.090909,TNC-0ea649aa9c9b,بن عروس,12,1,2015-03-06,2017-07-05,false
TNP-00950,TNP-00960,shared_constituency,ARP-2014,1,0.090909,TNC-0ea649aa9c9b,بن عروس,12,1,2015-03-06,2017-07-05,false
TNP-00952,TNP-00956,shared_constituency,ARP-2014,1,0.090909,TNC-0ea649aa9c9b,بن عروس,12,1,2014-12-02,2019-10-05,false
TNP-00952,TNP-00960,shared_constituency,ARP-2014,1,0.090909,TNC-0ea649aa9c9b,بن عروس,12,1,2014-12-02,2019-10-05,false
TNP-00956,TNP-00960,shared_constituency,ARP-2014,1,0.090909,TNC-0ea649aa9c9b,بن عروس,12,1,2014-12-02,2019-10-05,false
TNP-00065,TNP-00176,shared_constituency,ARP-2019,1,0.142857,TNC-91c675998d9c,المهدية,8,1,2019-11-13,2021-07-25,false
TNP-00065,TNP-00192,shared_constituency,ARP-2019,1,0.142857,TNC-91c675998d9c,المهدية,8,1,2019-11-13,2021-07-25,false
TNP-00065,TNP-00193,shared_constituency,ARP-2019,1,0.142857,TNC-91c675998d9c,المهدية,8,1,2019-11-13,2021-07-25,false
TNP-00065,TNP-00200,shared_constituency,ARP-2019,1,0.142857,TNC-91c675998d9c,المهدية,8,1,2019-11-13,2021-07-25,false
TNP-00065,TNP-00219,shared_constituency,ARP-2019,1,0.142857,TNC-91c675998d9c,المهدية,8,1,2019-11-13,2021-07-25,false
TNP-00065,TNP-00302,shared_constituency,ARP-2019,1,0.142857,TNC-91c675998d9c,المهدية,8,1,2019-11-13,2021-07-25,false
TNP-00065,TNP-00336,shared_constituency,ARP-2019,1,0.142857,TNC-91c675998d9c,المهدية,8,1,2019-11-13,2021-07-25,false
TNP-00080,TNP-00211,shared_constituency,ARP-2019,1,0.166667,TNC-e4ad8a676ffb,منوبة,7,1,2019-11-13,2021-07-25,false
TNP-00080,TNP-00228,shared_constituency,ARP-2019,1,0.166667,TNC-e4ad8a676ffb,منوبة,7,1,2019-11-13,2021-07-25,false
TNP-00080,TNP-00247,shared_constituency,ARP-2019,1,0.166667,TNC-e4ad8a676ffb,منوبة,7,1,2019-11-13,2021-07-25,false
TNP-00080,TNP-00291,shared_constituency,ARP-2019,1,0.166667,TNC-e4ad8a676ffb,منوبة,7,1,2019-11-13,2021-07-25,false
TNP-00080,TNP-00317,shared_constituency,ARP-2019,1,0.166667,TNC-e4ad8a676ffb,منوبة,7,1,2019-11-13,2021-07-25,false
TNP-00080,TNP-00344,shared_constituency,ARP-2019,1,0.166667,TNC-e4ad8a676ffb,منوبة,7,1,2019-11-13,2021-07-25,false
TNP-00105,TNP-00258,shared_constituency,ARP-2019,1,0.5,TNC-dbb6ed731f07,إيطاليا,3,1,2019-11-13,2021-07-25,false
TNP-00105,TNP-00314,shared_constituency,ARP-2019,1,0.5,TNC-dbb6ed731f07,إيطاليا,3,1,2019-11-13,2021-07-25,false
TNP-00115,TNP-00220,shared_constituency,ARP-2019,1,0.2,TNC-7f9ed563bc4e,باجة,6,1,2019-11-13,2021-07-25,false
TNP-00115,TNP-00274,shared_constituency,ARP-2019,1,0.2,TNC-7f9ed563bc4e,باجة,6,1,2019-11-13,2021-07-25,false
TNP-00115,TNP-00296,shared_constituency,ARP-2019,1,0.2,TNC-7f9ed563bc4e,باجة,6,1,2019-11-13,2021-07-25,false
TNP-00115,TNP-00318,shared_constituency,ARP-2019,1,0.2,TNC-7f9ed563bc4e,باجة,6,1,2019-11-13,2021-07-25,false
TNP-00115,TNP-00348,shared_constituency,ARP-2019,1,0.2,TNC-7f9ed563bc4e,باجة,6,1,2019-11-13,2021-07-25,false
TNP-00134,TNP-00175,shared_constituency,ARP-2019,1,0.142857,TNC-dd0a034cca93,سيدي بوزيد,8,1,2019-11-13,2021-07-25,false
TNP-00134,TNP-00202,shared_constituency,ARP-2019,1,0.142857,TNC-dd0a034cca93,سيدي بوزيد,8,1,2019-11-13,2021-07-25,false
TNP-00134,TNP-00217,shared_constituency,ARP-2019,1,0.142857,TNC-dd0a034cca93,سيدي بوزيد,8,1,2019-11-13,2021-07-25,false
TNP-00134,TNP-00230,shared_constituency,ARP-2019,1,0.142857,TNC-dd0a034cca93,سيدي بوزيد,8,1,2019-11-13,2021-07-25,false
TNP-00134,TNP-00246,shared_constituency,ARP-2019,1,0.142857,TNC-dd0a034cca93,سيدي بوزيد,8,1,2019-11-13,2021-07-25,false
TNP-00134,TNP-00299,shared_constituency,ARP-2019,1,0.142857,TNC-dd0a034cca93,سيدي بوزيد,8,1,2019-11-13,2021-07-25,false
TNP-00134,TNP-00306,shared_constituency,ARP-2019,1,0.142857,TNC-dd0a034cca93,سيدي بوزيد,8,1,2019-11-13,2021-07-25,false
TNP-00156,TNP-00205,shared_constituency,ARP-2019,1,0.166667,TNC-c14e9c41e9ce,قابس,7,1,2019-11-13,2021-07-25,false
TNP-00156,TNP-00212,shared_constituency,ARP-2019,1,0.166667,TNC-c14e9c41e9ce,قابس,7,1,2019-11-13,2021-07-25,false
TNP-00156,TNP-00240,shared_constituency,ARP-2019,1,0.166667,TNC-c14e9c41e9ce,قابس,7,1,2019-11-13,2021-07-25,false
TNP-00156,TNP-00241,shared_constituency,ARP-2019,1,0.166667,TNC-c14e9c41e9ce,قابس,7,1,2019-11-13,2021-07-25,false
TNP-00156,TNP-00272,shared_constituency,ARP-2019,1,0.166667,TNC-c14e9c41e9ce,قابس,7,1,2019-11-13,2021-07-25,false
TNP-00156,TNP-00285,shared_constituency,ARP-2019,1,0.166667,TNC-c14e9c41e9ce,قابس,7,1,2019-11-13,2021-07-25,false
TNP-00157,TNP-00187,shared_constituency,ARP-2019,1,0.142857,TNC-505fecc15922,جندوبة,8,1,2019-11-13,2021-07-25,false
TNP-00157,TNP-00203,shared_constituency,ARP-2019,1,0.142857,TNC-505fecc15922,جندوبة,8,1,2019-11-13,2021-07-25,false
TNP-00157,TNP-00239,shared_constituency,ARP-2019,1,0.142857,TNC-505fecc15922,جندوبة,8,1,2019-11-13,2021-07-25,false
TNP-00157,TNP-00252,shared_constituency,ARP-2019,1,0.142857,TNC-505fecc15922,جندوبة,8,1,2019-11-13,2021-07-25,false
TNP-00157,TNP-00289,shared_constituency,ARP-2019,1,0.142857,TNC-505fecc15922,جندوبة,8,1,2019-11-13,2021-07-25,false
TNP-00157,TNP-00304,shared_constituency,ARP-2019,1,0.142857,TNC-505fecc15922,جندوبة,8,1,2019-11-13,2021-07-25,false
TNP-00157,TNP-00351,shared_constituency,ARP-2019,1,0.142857,TNC-505fecc15922,جندوبة,8,1,2019-11-13,2021-07-25,false
TNP-00158,TNP-00166,shared_constituency,ARP-2019,1,0.142857,TNC-bf84273551e0,أريانة,8,1,2019-11-13,2021-07-25,false
TNP-00158,TNP-00180,shared_constituency,ARP-2019,1,0.142857,TNC-bf84273551e0,أريانة,8,1,2019-11-13,2021-07-25,false
TNP-00158,TNP-00188,shared_constituency,ARP-2019,1,0.142857,TNC-bf84273551e0,أريانة,8,1,2019-11-13,2021-07-25,false
TNP-00158,TNP-00232,shared_constituency,ARP-2019,1,0.142857,TNC-bf84273551e0,أريانة,8,1,2019-11-13,2021-07-25,false
TNP-00158,TNP-00235,shared_constituency,ARP-2019,1,0.142857,TNC-bf84273551e0,أريانة,8,1,2019-11-13,2021-07-25,false
TNP-00158,TNP-00297,shared_constituency,ARP-2019,1,0.142857,TNC-bf84273551e0,أريانة,8,1,2019-11-13,2021-07-25,false
TNP-00158,TNP-00324,shared_constituency,ARP-2019,1,0.142857,TNC-bf84273551e0,أريانة,8,1,2019-11-13,2021-07-25,false
TNP-00159,TNP-00168,shared_constituency,ARP-2019,1,0.25,TNC-4e2903aee80f,زغوان,5,1,2019-11-13,2021-07-25,false
TNP-00159,TNP-00189,shared_constituency,ARP-2019,1,0.25,TNC-4e2903aee80f,زغوان,5,1,2019-11-13,2021-07-25,false
TNP-00159,TNP-00196,shared_constituency,ARP-2019,1,0.25,TNC-4e2903aee80f,زغوان,5,1,2019-11-13,2021-07-25,false
TNP-00159,TNP-00238,shared_constituency,ARP-2019,1,0.25,TNC-4e2903aee80f,زغوان,5,1,2019-11-13,2021-07-25,false
TNP-00160,TNP-00181,shared_constituency,ARP-2019,1,0.2,TNC-7c20f132677c,سليانة,6,1,2019-11-13,2021-07-25,false
TNP-00160,TNP-00185,shared_constituency,ARP-2019,1,0.2,TNC-7c20f132677c,سليانة,6,1,2019-11-13,2021-07-25,false
TNP-00160,TNP-00215,shared_constituency,ARP-2019,1,0.2,TNC-7c20f132677c,سليانة,6,1,2019-11-13,2021-07-25,false
TNP-00160,TNP-00244,shared_constituency,ARP-2019,1,0.2,TNC-7c20f132677c,سليانة,6,1,2019-11-13,2021-07-25,false
TNP-00160,TNP-00279,shared_constituency,ARP-2019,1,0.2,TNC-7c20f132677c,سليانة,6,1,2019-11-13,2021-07-25,false
TNP-00161,TNP-00169,shared_constituency,ARP-2019,1,0.066667,TNC-990caafd3fb3,صفاقس 1,16,1,2019-11-13,2021-07-25,false
TNP-00161,TNP-00179,shared_constituency,ARP-2019,1,0.066667,TNC-990caafd3fb3,صفاقس 1,16,1,2019-11-13,2021-07-25,false
TNP-00161,TNP-00194,shared_constituency,ARP-2019,1,0.066667,TNC-990caafd3fb3,صفاقس 1,16,1,2019-11-13,2021-07-25,false
TNP-00161,TNP-00199,shared_constituency,ARP-2019,1,0.066667,TNC-990caafd3fb3,صفاقس 1,16,1,2019-11-13,2021-07-25,false
TNP-00161,TNP-00201,shared_constituency,ARP-2019,1,0.066667,TNC-990caafd3fb3,صفاقس 1,16,1,2019-11-13,2021-07-25,false
TNP-00161,TNP-00209,shared_constituency,ARP-2019,1,0.066667,TNC-990caafd3fb3,صفاقس 1,16,1,2019-11-13,2021-07-25,false
TNP-00161,TNP-00259,shared_constituency,ARP-2019,1,0.066667,TNC-990caafd3fb3,صفاقس 1,16,1,2019-11-13,2021-07-25,false
TNP-00161,TNP-00268,shared_constituency,ARP-2019,1,0.066667,TNC-990caafd3fb3,صفاقس 1,16,1,2019-11-13,2021-07-25,false
TNP-00161,TNP-00275,shared_constituency,ARP-2019,1,0.066667,TNC-990caafd3fb3,صفاقس 1,16,1,2019-11-13,2021-07-25,false
TNP-00161,TNP-00305,shared_constituency,ARP-2019,1,0.066667,TNC-990caafd3fb3,صفاقس 1,16,1,2019-11-13,2021-07-25,false
TNP-00161,TNP-00320,shared_constituency,ARP-2019,1,0.066667,TNC-990caafd3fb3,صفاقس 1,16,1,2019-11-13,2021-07-25,false
TNP-00161,TNP-00322,shared_constituency,ARP-2019,1,0.066667,TNC-990caafd3fb3,صفاقس 1,16,1,2019-11-13,2021-07-25,false
TNP-00161,TNP-00327,shared_constituency,ARP-2019,1,0.066667,TNC-990caafd3fb3,صفاقس 1,16,1,2019-11-13,2021-07-25,false
TNP-00161,TNP-00331,shared_constituency,ARP-2019,1,0.066667,TNC-990caafd3fb3,صفاقس 1,16,1,2019-11-13,2021-07-25,false
TNP-00161,TNP-00356,shared_constituency,ARP-2019,1,0.066667,TNC-990caafd3fb3,صفاقس 1,16,1,2019-11-13,2021-07-25,false
TNP-00162,TNP-00178,shared_constituency,ARP-2019,1,0.0625,TNC-cd1ca9244e55,تونس 2,17,1,2019-11-13,2021-07-25,false
TNP-00162,TNP-00223,shared_constituency,ARP-2019,1,0.0625,TNC-cd1ca9244e55,تونس 2,17,1,2019-11-13,2021-07-25,false
TNP-00162,TNP-00224,shared_constituency,ARP-2019,1,0.0625,TNC-cd1ca9244e55,تونس 2,17,1,2019-11-13,2021-07-25,false
TNP-00162,TNP-00261,shared_constituency,ARP-2019,1,0.0625,TNC-cd1ca9244e55,تونس 2,17,1,2019-11-13,2021-07-25,false
TNP-00162,TNP-00292,shared_constituency,ARP-2019,1,0.0625,TNC-cd1ca9244e55,تونس 2,17,1,2019-11-13,2021-07-25,false
TNP-00162,TNP-00295,shared_constituency,ARP-2019,1,0.0625,TNC-cd1ca9244e55,تونس 2,17,1,2019-11-13,2021-07-25,false
TNP-00162,TNP-00300,shared_constituency,ARP-2019,1,0.0625,TNC-cd1ca9244e55,تونس 2,17,1,2019-11-13,2021-07-25,false
TNP-00162,TNP-00313,shared_constituency,ARP-2019,1,0.0625,TNC-cd1ca9244e55,تونس 2,17,1,2019-11-13,2021-07-25,false
TNP-00162,TNP-00316,shared_constituency,ARP-2019,1,0.0625,TNC-cd1ca9244e55,تونس 2,17,1,2019-11-13,2021-07-25,false
TNP-00162,TNP-00323,shared_constituency,ARP-2019,1,0.0625,TNC-cd1ca9244e55,تونس 2,17,1,2019-11-13,2021-07-25,false
TNP-00162,TNP-00330,shared_constituency,ARP-2019,1,0.0625,TNC-cd1ca9244e55,تونس 2,17,1,2019-11-13,2021-07-25,false
TNP-00162,TNP-00332,shared_constituency,ARP-2019,1,0.0625,TNC-cd1ca9244e55,تونس 2,17,1,2019-11-13,2021-07-25,false
TNP-00162,TNP-00335,shared_constituency,ARP-2019,1,0.0625,TNC-cd1ca9244e55,تونس 2,17,1,2019-11-13,2021-07-25,false
TNP-00162,TNP-00342,shared_constituency,ARP-2019,1,0.0625,TNC-cd1ca9244e55,تونس 2,17,1,2019-11-13,2021-07-25,false
TNP-00162,TNP-00357,shared_constituency,ARP-2019,1,0.0625,TNC-cd1ca9244e55,تونس 2,17,1,2019-11-13,2021-07-25,false
TNP-00162,TNP-00359,shared_constituency,ARP-2019,1,0.0625,TNC-cd1ca9244e55,تونس 2,17,1,2019-11-13,2021-07-25,false
TNP-00163,TNP-00165,shared_constituency,ARP-2019,1,0.166667,TNC-5531b77d50b4,قفصة,7,1,2019-11-13,2021-07-25,false
TNP-00163,TNP-00218,shared_constituency,ARP-2019,1,0.166667,TNC-5531b77d50b4,قفصة,7,1,2019-11-13,2021-07-25,false
TNP-00163,TNP-00251,shared_constituency,ARP-2019,1,0.166667,TNC-5531b77d50b4,قفصة,7,1,2019-11-13,2021-07-25,false
TNP-00163,TNP-00345,shared_constituency,ARP-2019,1,0.166667,TNC-5531b77d50b4,قفصة,7,1,2019-11-13,2021-07-25,false
TNP-00163,TNP-00349,shared_constituency,ARP-2019,1,0.166667,TNC-5531b77d50b4,قفصة,7,1,2019-11-13,2021-07-25,false
TNP-00163,TNP-00361,shared_constituency,ARP-2019,1,0.166667,TNC-5531b77d50b4,قفصة,7,1,2019-11-13,2021-07-25,false
TNP-00164,TNP-00225,shared_constituency,ARP-2019,1,0.125,TNC-a65c89ca4d13,المنستير,9,1,2019-11-13,2021-07-25,false
TNP-00164,TNP-00231,shared_constituency,ARP-2019,1,0.125,TNC-a65c89ca4d13,المنستير,9,1,2019-11-13,2021-07-25,false
TNP-00164,TNP-00233,shared_constituency,ARP-2019,1,0.125,TNC-a65c89ca4d13,المنستير,9,1,2019-11-13,2021-07-25,false
TNP-00164,TNP-00245,shared_constituency,ARP-2019,1,0.125,TNC-a65c89ca4d13,المنستير,9,1,2019-11-13,2021-07-25,false
TNP-00164,TNP-00248,shared_constituency,ARP-2019,1,0.125,TNC-a65c89ca4d13,المنستير,9,1,2019-11-13,2021-07-25,false
TNP-00164,TNP-00283,shared_constituency,ARP-2019,1,0.125,TNC-a65c89ca4d13,المنستير,9,1,2019-11-13,2021-07-25,false
TNP-00164,TNP-00287,shared_constituency,ARP-2019,1,0.125,TNC-a65c89ca4d13,المنستير,9,1,2019-11-13,2021-07-25,false
TNP-00164,TNP-00338,shared_constituency,ARP-2019,1,0.125,TNC-a65c89ca4d13,المنستير,9,1,2019-11-13,2021-07-25,false
TNP-00165,TNP-00218,shared_constituency,ARP-2019,1,0.166667,TNC-5531b77d50b4,قفصة,7,1,2019-11-13,2021-07-25,false
TNP-00165,TNP-00251,shared_constituency,ARP-2019,1,0.166667,TNC-5531b77d50b4,قفصة,7,1,2019-11-13,2021-07-25,false
TNP-00165,TNP-00345,shared_constituency,ARP-2019,1,0.166667,TNC-5531b77d50b4,قفصة,7,1,2019-11-13,2021-07-25,false
TNP-00165,TNP-00349,shared_constituency,ARP-2019,1,0.166667,TNC-5531b77d50b4,قفصة,7,1,2019-11-13,2021-07-25,false
TNP-00165,TNP-00361,shared_constituency,ARP-2019,1,0.166667,TNC-5531b77d50b4,قفصة,7,1,2019-11-13,2021-07-25,false
TNP-00166,TNP-00180,shared_constituency,ARP-2019,1,0.142857,TNC-bf84273551e0,أريانة,8,1,2019-11-13,2021-07-25,false
TNP-00166,TNP-00188,shared_constituency,ARP-2019,1,0.142857,TNC-bf84273551e0,أريانة,8,1,2019-11-13,2021-07-25,false
TNP-00166,TNP-00232,shared_constituency,ARP-2019,1,0.142857,TNC-bf84273551e0,أريانة,8,1,2019-11-13,2021-07-25,false
TNP-00166,TNP-00235,shared_constituency,ARP-2019,1,0.142857,TNC-bf84273551e0,أريانة,8,1,2019-11-13,2021-07-25,false
TNP-00166,TNP-00297,shared_constituency,ARP-2019,1,0.142857,TNC-bf84273551e0,أريانة,8,1,2019-11-13,2021-07-25,false
TNP-00166,TNP-00324,shared_constituency,ARP-2019,1,0.142857,TNC-bf84273551e0,أريانة,8,1,2019-11-13,2021-07-25,false
TNP-00167,TNP-00171,shared_constituency,ARP-2019,1,0.125,TNC-34bb04969aea,بنزرت,9,1,2019-11-13,2021-07-25,false
TNP-00167,TNP-00191,shared_constituency,ARP-2019,1,0.125,TNC-34bb04969aea,بنزرت,9,1,2019-11-13,2021-07-25,false
TNP-00167,TNP-00198,shared_constituency,ARP-2019,1,0.125,TNC-34bb04969aea,بنزرت,9,1,2019-11-13,2021-07-25,false
TNP-00167,TNP-00206,shared_constituency,ARP-2019,1,0.125,TNC-34bb04969aea,بنزرت,9,1,2019-11-13,2021-07-25,false
TNP-00167,TNP-00227,shared_constituency,ARP-2019,1,0.125,TNC-34bb04969aea,بنزرت,9,1,2019-11-13,2021-07-25,false
TNP-00167,TNP-00264,shared_constituency,ARP-2019,1,0.125,TNC-34bb04969aea,بنزرت,9,1,2019-11-13,2021-07-25,false
TNP-00167,TNP-00311,shared_constituency,ARP-2019,1,0.125,TNC-34bb04969aea,بنزرت,9,1,2019-11-13,2021-07-25,false
TNP-00167,TNP-00333,shared_constituency,ARP-2019,1,0.125,TNC-34bb04969aea,بنزرت,9,1,2019-11-13,2021-07-25,false
TNP-00168,TNP-00189,shared_constituency,ARP-2019,1,0.25,TNC-4e2903aee80f,زغوان,5,1,2019-11-13,2021-07-25,false
TNP-00168,TNP-00196,shared_constituency,ARP-2019,1,0.25,TNC-4e2903aee80f,زغوان,5,1,2019-11-13,2021-07-25,false
TNP-00168,TNP-00238,shared_constituency,ARP-2019,1,0.25,TNC-4e2903aee80f,زغوان,5,1,2019-11-13,2021-07-25,false
TNP-00169,TNP-00179,shared_constituency,ARP-2019,1,0.066667,TNC-990caafd3fb3,صفاقس 1,16,1,2019-11-13,2021-07-25,false
TNP-00169,TNP-00194,shared_constituency,ARP-2019,1,0.066667,TNC-990caafd3fb3,صفاقس 1,16,1,2019-11-13,2021-07-25,false
TNP-00169,TNP-00199,shared_constituency,ARP-2019,1,0.066667,TNC-990caafd3fb3,صفاقس 1,16,1,2019-11-13,2021-07-25,false
TNP-00169,TNP-00201,shared_constituency,ARP-2019,1,0.066667,TNC-990caafd3fb3,صفاقس 1,16,1,2019-11-13,2021-07-25,false
TNP-00169,TNP-00209,shared_constituency,ARP-2019,1,0.066667,TNC-990caafd3fb3,صفاقس 1,16,1,2019-11-13,2021-07-25,false
TNP-00169,TNP-00259,shared_constituency,ARP-2019,1,0.066667,TNC-990caafd3fb3,صفاقس 1,16,1,2019-11-13,2021-07-25,false
TNP-00169,TNP-00268,shared_constituency,ARP-2019,1,0.066667,TNC-990caafd3fb3,صفاقس 1,16,1,2019-11-13,2021-07-25,false
TNP-00169,TNP-00275,shared_constituency,ARP-2019,1,0.066667,TNC-990caafd3fb3,صفاقس 1,16,1,2019-11-13,2021-07-25,false
TNP-00169,TNP-00305,shared_constituency,ARP-2019,1,0.066667,TNC-990caafd3fb3,صفاقس 1,16,1,2019-11-13,2021-07-25,false
TNP-00169,TNP-00320,shared_constituency,ARP-2019,1,0.066667,TNC-990caafd3fb3,صفاقس 1,16,1,2019-11-13,2021-07-25,false
TNP-00169,TNP-00322,shared_constituency,ARP-2019,1,0.066667,TNC-990caafd3fb3,صفاقس 1,16,1,2019-11-13,2021-07-25,false
TNP-00169,TNP-00327,shared_constituency,ARP-2019,1,0.066667,TNC-990caafd3fb3,صفاقس 1,16,1,2019-11-13,2021-07-25,false
TNP-00169,TNP-00331,shared_constituency,ARP-2019,1,0.066667,TNC-990caafd3fb3,صفاقس 1,16,1,2019-11-13,2021-07-25,false
TNP-00169,TNP-00356,shared_constituency,ARP-2019,1,0.066667,TNC-990caafd3fb3,صفاقس 1,16,1,2019-11-13,2021-07-25,false
TNP-00170,TNP-00182,shared_constituency,ARP-2019,1,0.142857,TNC-86fce3cae9b0,القصرين,8,1,2019-11-13,2021-07-25,false
TNP-00170,TNP-00222,shared_constituency,ARP-2019,1,0.142857,TNC-86fce3cae9b0,القصرين,8,1,2019-11-13,2021-07-25,false
TNP-00170,TNP-00269,shared_constituency,ARP-2019,1,0.142857,TNC-86fce3cae9b0,القصرين,8,1,2019-11-13,2021-07-25,false
TNP-00170,TNP-00276,shared_constituency,ARP-2019,1,0.142857,TNC-86fce3cae9b0,القصرين,8,1,2019-11-13,2021-07-25,false
TNP-00170,TNP-00282,shared_constituency,ARP-2019,1,0.142857,TNC-86fce3cae9b0,القصرين,8,1,2019-11-13,2021-07-25,false
TNP-00170,TNP-00284,shared_constituency,ARP-2019,1,0.142857,TNC-86fce3cae9b0,القصرين,8,1,2019-11-13,2021-07-25,false
TNP-00170,TNP-00308,shared_constituency,ARP-2019,1,0.142857,TNC-86fce3cae9b0,القصرين,8,1,2019-11-13,2021-07-25,false
TNP-00171,TNP-00191,shared_constituency,ARP-2019,1,0.125,TNC-34bb04969aea,بنزرت,9,1,2019-11-13,2021-07-25,false
TNP-00171,TNP-00198,shared_constituency,ARP-2019,1,0.125,TNC-34bb04969aea,بنزرت,9,1,2019-11-13,2021-07-25,false
TNP-00171,TNP-00206,shared_constituency,ARP-2019,1,0.125,TNC-34bb04969aea,بنزرت,9,1,2019-11-13,2021-07-25,false
TNP-00171,TNP-00227,shared_constituency,ARP-2019,1,0.125,TNC-34bb04969aea,بنزرت,9,1,2019-11-13,2021-07-25,false
TNP-00171,TNP-00264,shared_constituency,ARP-2019,1,0.125,TNC-34bb04969aea,بنزرت,9,1,2019-11-13,2021-07-25,false
TNP-00171,TNP-00311,shared_constituency,ARP-2019,1,0.125,TNC-34bb04969aea,بنزرت,9,1,2019-11-13,2021-07-25,false
TNP-00171,TNP-00333,shared_constituency,ARP-2019,1,0.125,TNC-34bb04969aea,بنزرت,9,1,2019-11-13,2021-07-25,false
TNP-00172,TNP-00213,shared_constituency,ARP-2019,1,0.25,TNC-c891423153f5,الكاف,5,1,2019-11-13,2021-07-25,false
TNP-00172,TNP-00216,shared_constituency,ARP-2019,1,0.25,TNC-c891423153f5,الكاف,5,1,2019-11-13,2021-07-25,false
TNP-00172,TNP-00260,shared_constituency,ARP-2019,1,0.25,TNC-c891423153f5,الكاف,5,1,2019-11-13,2021-07-25,false
TNP-00172,TNP-00303,shared_constituency,ARP-2019,1,0.25,TNC-c891423153f5,الكاف,5,1,2019-11-13,2021-07-25,false
TNP-00173,TNP-00210,shared_constituency,ARP-2019,1,0.111111,TNC-65af9ff64cdc,بن عروس,10,1,2019-11-13,2021-07-25,false
TNP-00173,TNP-00234,shared_constituency,ARP-2019,1,0.111111,TNC-65af9ff64cdc,بن عروس,10,1,2019-11-13,2021-07-25,false
TNP-00173,TNP-00243,shared_constituency,ARP-2019,1,0.111111,TNC-65af9ff64cdc,بن عروس,10,1,2019-11-13,2021-07-25,false
TNP-00173,TNP-00309,shared_constituency,ARP-2019,1,0.111111,TNC-65af9ff64cdc,بن عروس,10,1,2019-11-13,2021-07-25,false
TNP-00173,TNP-00310,shared_constituency,ARP-2019,1,0.111111,TNC-65af9ff64cdc,بن عروس,10,1,2019-11-13,2021-07-25,false
TNP-00173,TNP-00326,shared_constituency,ARP-2019,1,0.111111,TNC-65af9ff64cdc,بن عروس,10,1,2019-11-13,2021-07-25,false
TNP-00173,TNP-00329,shared_constituency,ARP-2019,1,0.111111,TNC-65af9ff64cdc,بن عروس,10,1,2019-11-13,2021-07-25,false
TNP-00173,TNP-00337,shared_constituency,ARP-2019,1,0.111111,TNC-65af9ff64cdc,بن عروس,10,1,2019-11-13,2021-07-25,false
TNP-00173,TNP-00346,shared_constituency,ARP-2019,1,0.111111,TNC-65af9ff64cdc,بن عروس,10,1,2019-11-13,2021-07-25,false
TNP-00174,TNP-00195,shared_constituency,ARP-2019,1,0.125,TNC-6480cc2b0175,مدنين,9,1,2019-11-13,2021-07-25,false
TNP-00174,TNP-00221,shared_constituency,ARP-2019,1,0.125,TNC-6480cc2b0175,مدنين,9,1,2019-11-13,2021-07-25,false
TNP-00174,TNP-00249,shared_constituency,ARP-2019,1,0.125,TNC-6480cc2b0175,مدنين,9,1,2019-11-13,2021-07-25,false
TNP-00174,TNP-00253,shared_constituency,ARP-2019,1,0.125,TNC-6480cc2b0175,مدنين,9,1,2019-11-13,2021-07-25,false
TNP-00174,TNP-00263,shared_constituency,ARP-2019,1,0.125,TNC-6480cc2b0175,مدنين,9,1,2019-11-13,2021-07-25,false
TNP-00174,TNP-00278,shared_constituency,ARP-2019,1,0.125,TNC-6480cc2b0175,مدنين,9,1,2019-11-13,2021-07-25,false
TNP-00174,TNP-00298,shared_constituency,ARP-2019,1,0.125,TNC-6480cc2b0175,مدنين,9,1,2019-11-13,2021-07-25,false
TNP-00174,TNP-00328,shared_constituency,ARP-2019,1,0.125,TNC-6480cc2b0175,مدنين,9,1,2019-11-13,2021-07-25,false
TNP-00175,TNP-00202,shared_constituency,ARP-2019,1,0.142857,TNC-dd0a034cca93,سيدي بوزيد,8,1,2019-11-13,2021-07-25,false
TNP-00175,TNP-00217,shared_constituency,ARP-2019,1,0.142857,TNC-dd0a034cca93,سيدي بوزيد,8,1,2019-11-13,2021-07-25,false
TNP-00175,TNP-00230,shared_constituency,ARP-2019,1,0.142857,TNC-dd0a034cca93,سيدي بوزيد,8,1,2019-11-13,2021-07-25,false
TNP-00175,TNP-00246,shared_constituency,ARP-2019,1,0.142857,TNC-dd0a034cca93,سيدي بوزيد,8,1,2019-11-13,2021-07-25,false
TNP-00175,TNP-00299,shared_constituency,ARP-2019,1,0.142857,TNC-dd0a034cca93,سيدي بوزيد,8,1,2019-11-13,2021-07-25,false
TNP-00175,TNP-00306,shared_constituency,ARP-2019,1,0.142857,TNC-dd0a034cca93,سيدي بوزيد,8,1,2019-11-13,2021-07-25,false
TNP-00176,TNP-00192,shared_constituency,ARP-2019,1,0.142857,TNC-91c675998d9c,المهدية,8,1,2019-11-13,2021-07-25,false
TNP-00176,TNP-00193,shared_constituency,ARP-2019,1,0.142857,TNC-91c675998d9c,المهدية,8,1,2019-11-13,2021-07-25,false
TNP-00176,TNP-00200,shared_constituency,ARP-2019,1,0.142857,TNC-91c675998d9c,المهدية,8,1,2019-11-13,2021-07-25,false
TNP-00176,TNP-00219,shared_constituency,ARP-2019,1,0.142857,TNC-91c675998d9c,المهدية,8,1,2019-11-13,2021-07-25,false
TNP-00176,TNP-00302,shared_constituency,ARP-2019,1,0.142857,TNC-91c675998d9c,المهدية,8,1,2019-11-13,2021-07-25,false
TNP-00176,TNP-00336,shared_constituency,ARP-2019,1,0.142857,TNC-91c675998d9c,المهدية,8,1,2019-11-13,2021-07-25,false
TNP-00177,TNP-00197,shared_constituency,ARP-2019,1,0.111111,TNC-94e024e97a0b,فرنسا 2,10,1,2019-11-13,2021-07-25,false
TNP-00177,TNP-00250,shared_constituency,ARP-2019,1,0.111111,TNC-94e024e97a0b,فرنسا 2,10,1,2019-11-13,2021-07-25,false
TNP-00177,TNP-00301,shared_constituency,ARP-2019,1,0.111111,TNC-94e024e97a0b,فرنسا 2,10,1,2019-11-13,2021-07-25,false
TNP-00177,TNP-00312,shared_constituency,ARP-2019,1,0.111111,TNC-94e024e97a0b,فرنسا 2,10,1,2019-11-13,2021-07-25,false
TNP-00177,TNP-00340,shared_constituency,ARP-2019,1,0.111111,TNC-94e024e97a0b,فرنسا 2,10,1,2019-11-13,2021-07-25,false
TNP-00177,TNP-00358,shared_constituency,ARP-2019,1,0.111111,TNC-94e024e97a0b,فرنسا 2,10,1,2019-11-13,2021-07-25,false
TNP-00177,TNP-00360,shared_constituency,ARP-2019,1,0.111111,TNC-94e024e97a0b,فرنسا 2,10,1,2019-11-13,2021-07-25,false
TNP-00177,TNP-00362,shared_constituency,ARP-2019,1,0.111111,TNC-94e024e97a0b,فرنسا 2,10,1,2019-11-13,2021-07-25,false
TNP-00177,TNP-00363,shared_constituency,ARP-2019,1,0.111111,TNC-94e024e97a0b,فرنسا 2,10,1,2019-11-13,2021-07-25,false
TNP-00178,TNP-00223,shared_constituency,ARP-2019,1,0.0625,TNC-cd1ca9244e55,تونس 2,17,1,2019-11-13,2021-07-25,false
TNP-00178,TNP-00224,shared_constituency,ARP-2019,1,0.0625,TNC-cd1ca9244e55,تونس 2,17,1,2019-11-13,2021-07-25,false
TNP-00178,TNP-00261,shared_constituency,ARP-2019,1,0.0625,TNC-cd1ca9244e55,تونس 2,17,1,2019-11-13,2021-07-25,false
TNP-00178,TNP-00292,shared_constituency,ARP-2019,1,0.0625,TNC-cd1ca9244e55,تونس 2,17,1,2019-11-13,2021-07-25,false
TNP-00178,TNP-00295,shared_constituency,ARP-2019,1,0.0625,TNC-cd1ca9244e55,تونس 2,17,1,2019-11-13,2021-07-25,false
TNP-00178,TNP-00300,shared_constituency,ARP-2019,1,0.0625,TNC-cd1ca9244e55,تونس 2,17,1,2019-11-13,2021-07-25,false
TNP-00178,TNP-00313,shared_constituency,ARP-2019,1,0.0625,TNC-cd1ca9244e55,تونس 2,17,1,2019-11-13,2021-07-25,false
TNP-00178,TNP-00316,shared_constituency,ARP-2019,1,0.0625,TNC-cd1ca9244e55,تونس 2,17,1,2019-11-13,2021-07-25,false
TNP-00178,TNP-00323,shared_constituency,ARP-2019,1,0.0625,TNC-cd1ca9244e55,تونس 2,17,1,2019-11-13,2021-07-25,false
TNP-00178,TNP-00330,shared_constituency,ARP-2019,1,0.0625,TNC-cd1ca9244e55,تونس 2,17,1,2019-11-13,2021-07-25,false
TNP-00178,TNP-00332,shared_constituency,ARP-2019,1,0.0625,TNC-cd1ca9244e55,تونس 2,17,1,2019-11-13,2021-07-25,false
TNP-00178,TNP-00335,shared_constituency,ARP-2019,1,0.0625,TNC-cd1ca9244e55,تونس 2,17,1,2019-11-13,2021-07-25,false
TNP-00178,TNP-00342,shared_constituency,ARP-2019,1,0.0625,TNC-cd1ca9244e55,تونس 2,17,1,2019-11-13,2021-07-25,false
TNP-00178,TNP-00357,shared_constituency,ARP-2019,1,0.0625,TNC-cd1ca9244e55,تونس 2,17,1,2019-11-13,2021-07-25,false
TNP-00178,TNP-00359,shared_constituency,ARP-2019,1,0.0625,TNC-cd1ca9244e55,تونس 2,17,1,2019-11-13,2021-07-25,false
TNP-00179,TNP-00194,shared_constituency,ARP-2019,1,0.066667,TNC-990caafd3fb3,صفاقس 1,16,1,2019-11-13,2021-07-25,false
TNP-00179,TNP-00199,shared_constituency,ARP-2019,1,0.066667,TNC-990caafd3fb3,صفاقس 1,16,1,2019-11-13,2021-07-25,false
TNP-00179,TNP-00201,shared_constituency,ARP-2019,1,0.066667,TNC-990caafd3fb3,صفاقس 1,16,1,2019-11-13,2021-07-25,false
TNP-00179,TNP-00209,shared_constituency,ARP-2019,1,0.066667,TNC-990caafd3fb3,صفاقس 1,16,1,2019-11-13,2021-07-25,false
TNP-00179,TNP-00259,shared_constituency,ARP-2019,1,0.066667,TNC-990caafd3fb3,صفاقس 1,16,1,2019-11-13,2021-07-25,false
TNP-00179,TNP-00268,shared_constituency,ARP-2019,1,0.066667,TNC-990caafd3fb3,صفاقس 1,16,1,2019-11-13,2021-07-25,false
TNP-00179,TNP-00275,shared_constituency,ARP-2019,1,0.066667,TNC-990caafd3fb3,صفاقس 1,16,1,2019-11-13,2021-07-25,false
TNP-00179,TNP-00305,shared_constituency,ARP-2019,1,0.066667,TNC-990caafd3fb3,صفاقس 1,16,1,2019-11-13,2021-07-25,false
TNP-00179,TNP-00320,shared_constituency,ARP-2019,1,0.066667,TNC-990caafd3fb3,صفاقس 1,16,1,2019-11-13,2021-07-25,false
TNP-00179,TNP-00322,shared_constituency,ARP-2019,1,0.066667,TNC-990caafd3fb3,صفاقس 1,16,1,2019-11-13,2021-07-25,false
TNP-00179,TNP-00327,shared_constituency,ARP-2019,1,0.066667,TNC-990caafd3fb3,صفاقس 1,16,1,2019-11-13,2021-07-25,false
TNP-00179,TNP-00331,shared_constituency,ARP-2019,1,0.066667,TNC-990caafd3fb3,صفاقس 1,16,1,2019-11-13,2021-07-25,false
TNP-00179,TNP-00356,shared_constituency,ARP-2019,1,0.066667,TNC-990caafd3fb3,صفاقس 1,16,1,2019-11-13,2021-07-25,false
TNP-00180,TNP-00188,shared_constituency,ARP-2019,1,0.142857,TNC-bf84273551e0,أريانة,8,1,2019-11-13,2021-07-25,false
TNP-00180,TNP-00232,shared_constituency,ARP-2019,1,0.142857,TNC-bf84273551e0,أريانة,8,1,2019-11-13,2021-07-25,false
TNP-00180,TNP-00235,shared_constituency,ARP-2019,1,0.142857,TNC-bf84273551e0,أريانة,8,1,2019-11-13,2021-07-25,false
TNP-00180,TNP-00297,shared_constituency,ARP-2019,1,0.142857,TNC-bf84273551e0,أريانة,8,1,2019-11-13,2021-07-25,false
TNP-00180,TNP-00324,shared_constituency,ARP-2019,1,0.142857,TNC-bf84273551e0,أريانة,8,1,2019-11-13,2021-07-25,false
TNP-00181,TNP-00185,shared_constituency,ARP-2019,1,0.2,TNC-7c20f132677c,سليانة,6,1,2019-11-13,2021-07-25,false
TNP-00181,TNP-00215,shared_constituency,ARP-2019,1,0.2,TNC-7c20f132677c,سليانة,6,1,2019-11-13,2021-07-25,false
TNP-00181,TNP-00244,shared_constituency,ARP-2019,1,0.2,TNC-7c20f132677c,سليانة,6,1,2019-11-13,2021-07-25,false
TNP-00181,TNP-00279,shared_constituency,ARP-2019,1,0.2,TNC-7c20f132677c,سليانة,6,1,2019-11-13,2021-07-25,false
TNP-00182,TNP-00222,shared_constituency,ARP-2019,1,0.142857,TNC-86fce3cae9b0,القصرين,8,1,2019-11-13,2021-07-25,false
TNP-00182,TNP-00269,shared_constituency,ARP-2019,1,0.142857,TNC-86fce3cae9b0,القصرين,8,1,2019-11-13,2021-07-25,false
TNP-00182,TNP-00276,shared_constituency,ARP-2019,1,0.142857,TNC-86fce3cae9b0,القصرين,8,1,2019-11-13,2021-07-25,false
TNP-00182,TNP-00282,shared_constituency,ARP-2019,1,0.142857,TNC-86fce3cae9b0,القصرين,8,1,2019-11-13,2021-07-25,false
TNP-00182,TNP-00284,shared_constituency,ARP-2019,1,0.142857,TNC-86fce3cae9b0,القصرين,8,1,2019-11-13,2021-07-25,false
TNP-00182,TNP-00308,shared_constituency,ARP-2019,1,0.142857,TNC-86fce3cae9b0,القصرين,8,1,2019-11-13,2021-07-25,false
TNP-00183,TNP-00236,shared_constituency,ARP-2019,1,0.333333,TNC-c3a024df701d,تطاوين,4,1,2019-11-13,2021-07-25,false
TNP-00183,TNP-00273,shared_constituency,ARP-2019,1,0.333333,TNC-c3a024df701d,تطاوين,4,1,2019-11-13,2021-07-25,false
TNP-00183,TNP-00347,shared_constituency,ARP-2019,1,0.333333,TNC-c3a024df701d,تطاوين,4,1,2019-11-13,2021-07-25,false
TNP-00184,TNP-00190,shared_constituency,ARP-2019,1,0.333333,TNC-fb9b69aef92c,توزر,4,1,2019-11-13,2021-07-25,false
TNP-00184,TNP-00286,shared_constituency,ARP-2019,1,0.333333,TNC-fb9b69aef92c,توزر,4,1,2019-11-13,2021-07-25,false
TNP-00184,TNP-00307,shared_constituency,ARP-2019,1,0.333333,TNC-fb9b69aef92c,توزر,4,1,2019-11-13,2021-07-25,false
TNP-00185,TNP-00215,shared_constituency,ARP-2019,1,0.2,TNC-7c20f132677c,سليانة,6,1,2019-11-13,2021-07-25,false
TNP-00185,TNP-00244,shared_constituency,ARP-2019,1,0.2,TNC-7c20f132677c,سليانة,6,1,2019-11-13,2021-07-25,false
TNP-00185,TNP-00279,shared_constituency,ARP-2019,1,0.2,TNC-7c20f132677c,سليانة,6,1,2019-11-13,2021-07-25,false
TNP-00186,TNP-00207,shared_constituency,ARP-2019,1,0.25,TNC-fce75049ff09,قبلي,5,1,2019-11-13,2021-07-25,false
TNP-00186,TNP-00254,shared_constituency,ARP-2019,1,0.25,TNC-fce75049ff09,قبلي,5,1,2019-11-13,2021-07-25,false
TNP-00186,TNP-00265,shared_constituency,ARP-2019,1,0.25,TNC-fce75049ff09,قبلي,5,1,2019-11-13,2021-07-25,false
TNP-00186,TNP-00365,shared_constituency,ARP-2019,1,0.25,TNC-fce75049ff09,قبلي,5,1,2019-11-13,2021-07-25,false
TNP-00187,TNP-00203,shared_constituency,ARP-2019,1,0.142857,TNC-505fecc15922,جندوبة,8,1,2019-11-13,2021-07-25,false
TNP-00187,TNP-00239,shared_constituency,ARP-2019,1,0.142857,TNC-505fecc15922,جندوبة,8,1,2019-11-13,2021-07-25,false
TNP-00187,TNP-00252,shared_constituency,ARP-2019,1,0.142857,TNC-505fecc15922,جندوبة,8,1,2019-11-13,2021-07-25,false
TNP-00187,TNP-00289,shared_constituency,ARP-2019,1,0.142857,TNC-505fecc15922,جندوبة,8,1,2019-11-13,2021-07-25,false
TNP-00187,TNP-00304,shared_constituency,ARP-2019,1,0.142857,TNC-505fecc15922,جندوبة,8,1,2019-11-13,2021-07-25,false
TNP-00187,TNP-00351,shared_constituency,ARP-2019,1,0.142857,TNC-505fecc15922,جندوبة,8,1,2019-11-13,2021-07-25,false
TNP-00188,TNP-00232,shared_constituency,ARP-2019,1,0.142857,TNC-bf84273551e0,أريانة,8,1,2019-11-13,2021-07-25,false
TNP-00188,TNP-00235,shared_constituency,ARP-2019,1,0.142857,TNC-bf84273551e0,أريانة,8,1,2019-11-13,2021-07-25,false
TNP-00188,TNP-00297,shared_constituency,ARP-2019,1,0.142857,TNC-bf84273551e0,أريانة,8,1,2019-11-13,2021-07-25,false
TNP-00188,TNP-00324,shared_constituency,ARP-2019,1,0.142857,TNC-bf84273551e0,أريانة,8,1,2019-11-13,2021-07-25,false
TNP-00189,TNP-00196,shared_constituency,ARP-2019,1,0.25,TNC-4e2903aee80f,زغوان,5,1,2019-11-13,2021-07-25,false
TNP-00189,TNP-00238,shared_constituency,ARP-2019,1,0.25,TNC-4e2903aee80f,زغوان,5,1,2019-11-13,2021-07-25,false
TNP-00190,TNP-00286,shared_constituency,ARP-2019,1,0.333333,TNC-fb9b69aef92c,توزر,4,1,2019-11-13,2021-07-25,false
TNP-00190,TNP-00307,shared_constituency,ARP-2019,1,0.333333,TNC-fb9b69aef92c,توزر,4,1,2019-11-13,2021-07-25,false
TNP-00191,TNP-00198,shared_constituency,ARP-2019,1,0.125,TNC-34bb04969aea,بنزرت,9,1,2019-11-13,2021-07-25,false
TNP-00191,TNP-00206,shared_constituency,ARP-2019,1,0.125,TNC-34bb04969aea,بنزرت,9,1,2019-11-13,2021-07-25,false
TNP-00191,TNP-00227,shared_constituency,ARP-2019,1,0.125,TNC-34bb04969aea,بنزرت,9,1,2019-11-13,2021-07-25,false
TNP-00191,TNP-00264,shared_constituency,ARP-2019,1,0.125,TNC-34bb04969aea,بنزرت,9,1,2019-11-13,2021-07-25,false
TNP-00191,TNP-00311,shared_constituency,ARP-2019,1,0.125,TNC-34bb04969aea,بنزرت,9,1,2019-11-13,2021-07-25,false
TNP-00191,TNP-00333,shared_constituency,ARP-2019,1,0.125,TNC-34bb04969aea,بنزرت,9,1,2019-11-13,2021-07-25,false
TNP-00192,TNP-00193,shared_constituency,ARP-2019,1,0.142857,TNC-91c675998d9c,المهدية,8,1,2019-11-13,2021-07-25,false
TNP-00192,TNP-00200,shared_constituency,ARP-2019,1,0.142857,TNC-91c675998d9c,المهدية,8,1,2019-11-13,2021-07-25,false
TNP-00192,TNP-00219,shared_constituency,ARP-2019,1,0.142857,TNC-91c675998d9c,المهدية,8,1,2019-11-13,2021-07-25,false
TNP-00192,TNP-00302,shared_constituency,ARP-2019,1,0.142857,TNC-91c675998d9c,المهدية,8,1,2019-11-13,2021-07-25,false
TNP-00192,TNP-00336,shared_constituency,ARP-2019,1,0.142857,TNC-91c675998d9c,المهدية,8,1,2019-11-13,2021-07-25,false
TNP-00193,TNP-00200,shared_constituency,ARP-2019,1,0.142857,TNC-91c675998d9c,المهدية,8,1,2019-11-13,2021-07-25,false
TNP-00193,TNP-00219,shared_constituency,ARP-2019,1,0.142857,TNC-91c675998d9c,المهدية,8,1,2019-11-13,2021-07-25,false
TNP-00193,TNP-00302,shared_constituency,ARP-2019,1,0.142857,TNC-91c675998d9c,المهدية,8,1,2019-11-13,2021-07-25,false
TNP-00193,TNP-00336,shared_constituency,ARP-2019,1,0.142857,TNC-91c675998d9c,المهدية,8,1,2019-11-13,2021-07-25,false
TNP-00194,TNP-00199,shared_constituency,ARP-2019,1,0.066667,TNC-990caafd3fb3,صفاقس 1,16,1,2019-11-13,2021-07-25,false
TNP-00194,TNP-00201,shared_constituency,ARP-2019,1,0.066667,TNC-990caafd3fb3,صفاقس 1,16,1,2019-11-13,2021-07-25,false
TNP-00194,TNP-00209,shared_constituency,ARP-2019,1,0.066667,TNC-990caafd3fb3,صفاقس 1,16,1,2019-11-13,2021-07-25,false
TNP-00194,TNP-00259,shared_constituency,ARP-2019,1,0.066667,TNC-990caafd3fb3,صفاقس 1,16,1,2019-11-13,2021-07-25,false
TNP-00194,TNP-00268,shared_constituency,ARP-2019,1,0.066667,TNC-990caafd3fb3,صفاقس 1,16,1,2019-11-13,2021-07-25,false
TNP-00194,TNP-00275,shared_constituency,ARP-2019,1,0.066667,TNC-990caafd3fb3,صفاقس 1,16,1,2019-11-13,2021-07-25,false
TNP-00194,TNP-00305,shared_constituency,ARP-2019,1,0.066667,TNC-990caafd3fb3,صفاقس 1,16,1,2019-11-13,2021-07-25,false
TNP-00194,TNP-00320,shared_constituency,ARP-2019,1,0.066667,TNC-990caafd3fb3,صفاقس 1,16,1,2019-11-13,2021-07-25,false
TNP-00194,TNP-00322,shared_constituency,ARP-2019,1,0.066667,TNC-990caafd3fb3,صفاقس 1,16,1,2019-11-13,2021-07-25,false
TNP-00194,TNP-00327,shared_constituency,ARP-2019,1,0.066667,TNC-990caafd3fb3,صفاقس 1,16,1,2019-11-13,2021-07-25,false
TNP-00194,TNP-00331,shared_constituency,ARP-2019,1,0.066667,TNC-990caafd3fb3,صفاقس 1,16,1,2019-11-13,2021-07-25,false
TNP-00194,TNP-00356,shared_constituency,ARP-2019,1,0.066667,TNC-990caafd3fb3,صفاقس 1,16,1,2019-11-13,2021-07-25,false
TNP-00195,TNP-00221,shared_constituency,ARP-2019,1,0.125,TNC-6480cc2b0175,مدنين,9,1,2019-11-13,2021-07-25,false
TNP-00195,TNP-00249,shared_constituency,ARP-2019,1,0.125,TNC-6480cc2b0175,مدنين,9,1,2019-11-13,2021-07-25,false
TNP-00195,TNP-00253,shared_constituency,ARP-2019,1,0.125,TNC-6480cc2b0175,مدنين,9,1,2019-11-13,2021-07-25,false
TNP-00195,TNP-00263,shared_constituency,ARP-2019,1,0.125,TNC-6480cc2b0175,مدنين,9,1,2019-11-13,2021-07-25,false
TNP-00195,TNP-00278,shared_constituency,ARP-2019,1,0.125,TNC-6480cc2b0175,مدنين,9,1,2019-11-13,2021-07-25,false
TNP-00195,TNP-00298,shared_constituency,ARP-2019,1,0.125,TNC-6480cc2b0175,مدنين,9,1,2019-11-13,2021-07-25,false
TNP-00195,TNP-00328,shared_constituency,ARP-2019,1,0.125,TNC-6480cc2b0175,مدنين,9,1,2019-11-13,2021-07-25,false
TNP-00196,TNP-00238,shared_constituency,ARP-2019,1,0.25,TNC-4e2903aee80f,زغوان,5,1,2019-11-13,2021-07-25,false
TNP-00197,TNP-00250,shared_constituency,ARP-2019,1,0.111111,TNC-94e024e97a0b,فرنسا 2,10,1,2019-11-13,2021-07-25,false
TNP-00197,TNP-00301,shared_constituency,ARP-2019,1,0.111111,TNC-94e024e97a0b,فرنسا 2,10,1,2019-11-13,2021-07-25,false
TNP-00197,TNP-00312,shared_constituency,ARP-2019,1,0.111111,TNC-94e024e97a0b,فرنسا 2,10,1,2019-11-13,2021-07-25,false
TNP-00197,TNP-00340,shared_constituency,ARP-2019,1,0.111111,TNC-94e024e97a0b,فرنسا 2,10,1,2019-11-13,2021-07-25,false
TNP-00197,TNP-00358,shared_constituency,ARP-2019,1,0.111111,TNC-94e024e97a0b,فرنسا 2,10,1,2019-11-13,2021-07-25,false
TNP-00197,TNP-00360,shared_constituency,ARP-2019,1,0.111111,TNC-94e024e97a0b,فرنسا 2,10,1,2019-11-13,2021-07-25,false
TNP-00197,TNP-00362,shared_constituency,ARP-2019,1,0.111111,TNC-94e024e97a0b,فرنسا 2,10,1,2019-11-13,2021-07-25,false
TNP-00197,TNP-00363,shared_constituency,ARP-2019,1,0.111111,TNC-94e024e97a0b,فرنسا 2,10,1,2019-11-13,2021-07-25,false
TNP-00198,TNP-00206,shared_constituency,ARP-2019,1,0.125,TNC-34bb04969aea,بنزرت,9,1,2019-11-13,2021-07-25,false
TNP-00198,TNP-00227,shared_constituency,ARP-2019,1,0.125,TNC-34bb04969aea,بنزرت,9,1,2019-11-13,2021-07-25,false
TNP-00198,TNP-00264,shared_constituency,ARP-2019,1,0.125,TNC-34bb04969aea,بنزرت,9,1,2019-11-13,2021-07-25,false
TNP-00198,TNP-00311,shared_constituency,ARP-2019,1,0.125,TNC-34bb04969aea,بنزرت,9,1,2019-11-13,2021-07-25,false
TNP-00198,TNP-00333,shared_constituency,ARP-2019,1,0.125,TNC-34bb04969aea,بنزرت,9,1,2019-11-13,2021-07-25,false
TNP-00199,TNP-00201,shared_constituency,ARP-2019,1,0.066667,TNC-990caafd3fb3,صفاقس 1,16,1,2019-11-13,2021-07-25,false
TNP-00199,TNP-00209,shared_constituency,ARP-2019,1,0.066667,TNC-990caafd3fb3,صفاقس 1,16,1,2019-11-13,2021-07-25,false
TNP-00199,TNP-00259,shared_constituency,ARP-2019,1,0.066667,TNC-990caafd3fb3,صفاقس 1,16,1,2019-11-13,2021-07-25,false
TNP-00199,TNP-00268,shared_constituency,ARP-2019,1,0.066667,TNC-990caafd3fb3,صفاقس 1,16,1,2019-11-13,2021-07-25,false
TNP-00199,TNP-00275,shared_constituency,ARP-2019,1,0.066667,TNC-990caafd3fb3,صفاقس 1,16,1,2019-11-13,2021-07-25,false
TNP-00199,TNP-00305,shared_constituency,ARP-2019,1,0.066667,TNC-990caafd3fb3,صفاقس 1,16,1,2019-11-13,2021-07-25,false
TNP-00199,TNP-00320,shared_constituency,ARP-2019,1,0.066667,TNC-990caafd3fb3,صفاقس 1,16,1,2019-11-13,2021-07-25,false
TNP-00199,TNP-00322,shared_constituency,ARP-2019,1,0.066667,TNC-990caafd3fb3,صفاقس 1,16,1,2019-11-13,2021-07-25,false
TNP-00199,TNP-00327,shared_constituency,ARP-2019,1,0.066667,TNC-990caafd3fb3,صفاقس 1,16,1,2019-11-13,2021-07-25,false
TNP-00199,TNP-00331,shared_constituency,ARP-2019,1,0.066667,TNC-990caafd3fb3,صفاقس 1,16,1,2019-11-13,2021-07-25,false
TNP-00199,TNP-00356,shared_constituency,ARP-2019,1,0.066667,TNC-990caafd3fb3,صفاقس 1,16,1,2019-11-13,2021-07-25,false
TNP-00200,TNP-00219,shared_constituency,ARP-2019,1,0.142857,TNC-91c675998d9c,المهدية,8,1,2019-11-13,2021-07-25,false
TNP-00200,TNP-00302,shared_constituency,ARP-2019,1,0.142857,TNC-91c675998d9c,المهدية,8,1,2019-11-13,2021-07-25,false
TNP-00200,TNP-00336,shared_constituency,ARP-2019,1,0.142857,TNC-91c675998d9c,المهدية,8,1,2019-11-13,2021-07-25,false
TNP-00201,TNP-00209,shared_constituency,ARP-2019,1,0.066667,TNC-990caafd3fb3,صفاقس 1,16,1,2019-11-13,2021-07-25,false
TNP-00201,TNP-00259,shared_constituency,ARP-2019,1,0.066667,TNC-990caafd3fb3,صفاقس 1,16,1,2019-11-13,2021-07-25,false
TNP-00201,TNP-00268,shared_constituency,ARP-2019,1,0.066667,TNC-990caafd3fb3,صفاقس 1,16,1,2019-11-13,2021-07-25,false
TNP-00201,TNP-00275,shared_constituency,ARP-2019,1,0.066667,TNC-990caafd3fb3,صفاقس 1,16,1,2019-11-13,2021-07-25,false
TNP-00201,TNP-00305,shared_constituency,ARP-2019,1,0.066667,TNC-990caafd3fb3,صفاقس 1,16,1,2019-11-13,2021-07-25,false
TNP-00201,TNP-00320,shared_constituency,ARP-2019,1,0.066667,TNC-990caafd3fb3,صفاقس 1,16,1,2019-11-13,2021-07-25,false
TNP-00201,TNP-00322,shared_constituency,ARP-2019,1,0.066667,TNC-990caafd3fb3,صفاقس 1,16,1,2019-11-13,2021-07-25,false
TNP-00201,TNP-00327,shared_constituency,ARP-2019,1,0.066667,TNC-990caafd3fb3,صفاقس 1,16,1,2019-11-13,2021-07-25,false
TNP-00201,TNP-00331,shared_constituency,ARP-2019,1,0.066667,TNC-990caafd3fb3,صفاقس 1,16,1,2019-11-13,2021-07-25,false
TNP-00201,TNP-00356,shared_constituency,ARP-2019,1,0.066667,TNC-990caafd3fb3,صفاقس 1,16,1,2019-11-13,2021-07-25,false
TNP-00202,TNP-00217,shared_constituency,ARP-2019,1,0.142857,TNC-dd0a034cca93,سيدي بوزيد,8,1,2019-11-13,2021-07-25,false
TNP-00202,TNP-00230,shared_constituency,ARP-2019,1,0.142857,TNC-dd0a034cca93,سيدي بوزيد,8,1,2019-11-13,2021-07-25,false
TNP-00202,TNP-00246,shared_constituency,ARP-2019,1,0.142857,TNC-dd0a034cca93,سيدي بوزيد,8,1,2019-11-13,2021-07-25,false
TNP-00202,TNP-00299,shared_constituency,ARP-2019,1,0.142857,TNC-dd0a034cca93,سيدي بوزيد,8,1,2019-11-13,2021-07-25,false
TNP-00202,TNP-00306,shared_constituency,ARP-2019,1,0.142857,TNC-dd0a034cca93,سيدي بوزيد,8,1,2019-11-13,2021-07-25,false
TNP-00203,TNP-00239,shared_constituency,ARP-2019,1,0.142857,TNC-505fecc15922,جندوبة,8,1,2019-11-13,2021-07-25,false
TNP-00203,TNP-00252,shared_constituency,ARP-2019,1,0.142857,TNC-505fecc15922,جندوبة,8,1,2019-11-13,2021-07-25,false
TNP-00203,TNP-00289,shared_constituency,ARP-2019,1,0.142857,TNC-505fecc15922,جندوبة,8,1,2019-11-13,2021-07-25,false
TNP-00203,TNP-00304,shared_constituency,ARP-2019,1,0.142857,TNC-505fecc15922,جندوبة,8,1,2019-11-13,2021-07-25,false
TNP-00203,TNP-00351,shared_constituency,ARP-2019,1,0.142857,TNC-505fecc15922,جندوبة,8,1,2019-11-13,2021-07-25,false
TNP-00204,TNP-00242,shared_constituency,ARP-2019,1,0.142857,TNC-4c5b0de0b4df,القيروان,8,1,2019-11-13,2021-07-25,false
TNP-00204,TNP-00256,shared_constituency,ARP-2019,1,0.142857,TNC-4c5b0de0b4df,القيروان,8,1,2019-11-13,2021-07-25,false
TNP-00204,TNP-00325,shared_constituency,ARP-2019,1,0.142857,TNC-4c5b0de0b4df,القيروان,8,1,2019-11-13,2021-07-25,false
TNP-00204,TNP-00339,shared_constituency,ARP-2019,1,0.142857,TNC-4c5b0de0b4df,القيروان,8,1,2019-11-13,2021-07-25,false
TNP-00204,TNP-00341,shared_constituency,ARP-2019,1,0.142857,TNC-4c5b0de0b4df,القيروان,8,1,2019-11-13,2021-07-25,false
TNP-00204,TNP-00343,shared_constituency,ARP-2019,1,0.142857,TNC-4c5b0de0b4df,القيروان,8,1,2019-11-13,2021-07-25,false
TNP-00204,TNP-00350,shared_constituency,ARP-2019,1,0.142857,TNC-4c5b0de0b4df,القيروان,8,1,2019-11-13,2021-07-25,false
TNP-00205,TNP-00212,shared_constituency,ARP-2019,1,0.166667,TNC-c14e9c41e9ce,قابس,7,1,2019-11-13,2021-07-25,false
TNP-00205,TNP-00240,shared_constituency,ARP-2019,1,0.166667,TNC-c14e9c41e9ce,قابس,7,1,2019-11-13,2021-07-25,false
TNP-00205,TNP-00241,shared_constituency,ARP-2019,1,0.166667,TNC-c14e9c41e9ce,قابس,7,1,2019-11-13,2021-07-25,false
TNP-00205,TNP-00272,shared_constituency,ARP-2019,1,0.166667,TNC-c14e9c41e9ce,قابس,7,1,2019-11-13,2021-07-25,false
TNP-00205,TNP-00285,shared_constituency,ARP-2019,1,0.166667,TNC-c14e9c41e9ce,قابس,7,1,2019-11-13,2021-07-25,false
TNP-00206,TNP-00227,shared_constituency,ARP-2019,1,0.125,TNC-34bb04969aea,بنزرت,9,1,2019-11-13,2021-07-25,false
TNP-00206,TNP-00264,shared_constituency,ARP-2019,1,0.125,TNC-34bb04969aea,بنزرت,9,1,2019-11-13,2021-07-25,false
TNP-00206,TNP-00311,shared_constituency,ARP-2019,1,0.125,TNC-34bb04969aea,بنزرت,9,1,2019-11-13,2021-07-25,false
TNP-00206,TNP-00333,shared_constituency,ARP-2019,1,0.125,TNC-34bb04969aea,بنزرت,9,1,2019-11-13,2021-07-25,false
TNP-00207,TNP-00254,shared_constituency,ARP-2019,1,0.25,TNC-fce75049ff09,قبلي,5,1,2019-11-13,2021-07-25,false
TNP-00207,TNP-00265,shared_constituency,ARP-2019,1,0.25,TNC-fce75049ff09,قبلي,5,1,2019-11-13,2021-07-25,false
TNP-00207,TNP-00365,shared_constituency,ARP-2019,1,0.25,TNC-fce75049ff09,قبلي,5,1,2019-11-13,2021-07-25,false
TNP-00208,TNP-00226,shared_constituency,ARP-2019,1,0.111111,TNC-d7e470a6f1cf,سوسة,10,1,2019-11-13,2021-07-25,false
TNP-00208,TNP-00266,shared_constituency,ARP-2019,1,0.111111,TNC-d7e470a6f1cf,سوسة,10,1,2019-11-13,2021-07-25,false
TNP-00208,TNP-00277,shared_constituency,ARP-2019,1,0.111111,TNC-d7e470a6f1cf,سوسة,10,1,2019-11-13,2021-07-25,false
TNP-00208,TNP-00281,shared_constituency,ARP-2019,1,0.111111,TNC-d7e470a6f1cf,سوسة,10,1,2019-11-13,2021-07-25,false
TNP-00208,TNP-00319,shared_constituency,ARP-2019,1,0.111111,TNC-d7e470a6f1cf,سوسة,10,1,2019-11-13,2021-07-25,false
TNP-00208,TNP-00321,shared_constituency,ARP-2019,1,0.111111,TNC-d7e470a6f1cf,سوسة,10,1,2019-11-13,2021-07-25,false
TNP-00208,TNP-00334,shared_constituency,ARP-2019,1,0.111111,TNC-d7e470a6f1cf,سوسة,10,1,2019-11-13,2021-07-25,false
TNP-00208,TNP-00354,shared_constituency,ARP-2019,1,0.111111,TNC-d7e470a6f1cf,سوسة,10,1,2019-11-13,2021-07-25,false
TNP-00208,TNP-00364,shared_constituency,ARP-2019,1,0.111111,TNC-d7e470a6f1cf,سوسة,10,1,2019-11-13,2021-07-25,false
TNP-00209,TNP-00259,shared_constituency,ARP-2019,1,0.066667,TNC-990caafd3fb3,صفاقس 1,16,1,2019-11-13,2021-07-25,false
TNP-00209,TNP-00268,shared_constituency,ARP-2019,1,0.066667,TNC-990caafd3fb3,صفاقس 1,16,1,2019-11-13,2021-07-25,false
TNP-00209,TNP-00275,shared_constituency,ARP-2019,1,0.066667,TNC-990caafd3fb3,صفاقس 1,16,1,2019-11-13,2021-07-25,false
TNP-00209,TNP-00305,shared_constituency,ARP-2019,1,0.066667,TNC-990caafd3fb3,صفاقس 1,16,1,2019-11-13,2021-07-25,false
TNP-00209,TNP-00320,shared_constituency,ARP-2019,1,0.066667,TNC-990caafd3fb3,صفاقس 1,16,1,2019-11-13,2021-07-25,false
TNP-00209,TNP-00322,shared_constituency,ARP-2019,1,0.066667,TNC-990caafd3fb3,صفاقس 1,16,1,2019-11-13,2021-07-25,false
TNP-00209,TNP-00327,shared_constituency,ARP-2019,1,0.066667,TNC-990caafd3fb3,صفاقس 1,16,1,2019-11-13,2021-07-25,false
TNP-00209,TNP-00331,shared_constituency,ARP-2019,1,0.066667,TNC-990caafd3fb3,صفاقس 1,16,1,2019-11-13,2021-07-25,false
TNP-00209,TNP-00356,shared_constituency,ARP-2019,1,0.066667,TNC-990caafd3fb3,صفاقس 1,16,1,2019-11-13,2021-07-25,false
TNP-00210,TNP-00234,shared_constituency,ARP-2019,1,0.111111,TNC-65af9ff64cdc,بن عروس,10,1,2019-11-13,2021-07-25,false
TNP-00210,TNP-00243,shared_constituency,ARP-2019,1,0.111111,TNC-65af9ff64cdc,بن عروس,10,1,2019-11-13,2021-07-25,false
TNP-00210,TNP-00309,shared_constituency,ARP-2019,1,0.111111,TNC-65af9ff64cdc,بن عروس,10,1,2019-11-13,2021-07-25,false
TNP-00210,TNP-00310,shared_constituency,ARP-2019,1,0.111111,TNC-65af9ff64cdc,بن عروس,10,1,2019-11-13,2021-07-25,false
TNP-00210,TNP-00326,shared_constituency,ARP-2019,1,0.111111,TNC-65af9ff64cdc,بن عروس,10,1,2019-11-13,2021-07-25,false
TNP-00210,TNP-00329,shared_constituency,ARP-2019,1,0.111111,TNC-65af9ff64cdc,بن عروس,10,1,2019-11-13,2021-07-25,false
TNP-00210,TNP-00337,shared_constituency,ARP-2019,1,0.111111,TNC-65af9ff64cdc,بن عروس,10,1,2019-11-13,2021-07-25,false
TNP-00210,TNP-00346,shared_constituency,ARP-2019,1,0.111111,TNC-65af9ff64cdc,بن عروس,10,1,2019-11-13,2021-07-25,false
TNP-00211,TNP-00228,shared_constituency,ARP-2019,1,0.166667,TNC-e4ad8a676ffb,منوبة,7,1,2019-11-13,2021-07-25,false
TNP-00211,TNP-00247,shared_constituency,ARP-2019,1,0.166667,TNC-e4ad8a676ffb,منوبة,7,1,2019-11-13,2021-07-25,false
TNP-00211,TNP-00291,shared_constituency,ARP-2019,1,0.166667,TNC-e4ad8a676ffb,منوبة,7,1,2019-11-13,2021-07-25,false
TNP-00211,TNP-00317,shared_constituency,ARP-2019,1,0.166667,TNC-e4ad8a676ffb,منوبة,7,1,2019-11-13,2021-07-25,false
TNP-00211,TNP-00344,shared_constituency,ARP-2019,1,0.166667,TNC-e4ad8a676ffb,منوبة,7,1,2019-11-13,2021-07-25,false
TNP-00212,TNP-00240,shared_constituency,ARP-2019,1,0.166667,TNC-c14e9c41e9ce,قابس,7,1,2019-11-13,2021-07-25,false
TNP-00212,TNP-00241,shared_constituency,ARP-2019,1,0.166667,TNC-c14e9c41e9ce,قابس,7,1,2019-11-13,2021-07-25,false
TNP-00212,TNP-00272,shared_constituency,ARP-2019,1,0.166667,TNC-c14e9c41e9ce,قابس,7,1,2019-11-13,2021-07-25,false
TNP-00212,TNP-00285,shared_constituency,ARP-2019,1,0.166667,TNC-c14e9c41e9ce,قابس,7,1,2019-11-13,2021-07-25,false
TNP-00213,TNP-00216,shared_constituency,ARP-2019,1,0.25,TNC-c891423153f5,الكاف,5,1,2019-11-13,2021-07-25,false
TNP-00213,TNP-00260,shared_constituency,ARP-2019,1,0.25,TNC-c891423153f5,الكاف,5,1,2019-11-13,2021-07-25,false
TNP-00213,TNP-00303,shared_constituency,ARP-2019,1,0.25,TNC-c891423153f5,الكاف,5,1,2019-11-13,2021-07-25,false
TNP-00214,TNP-00229,shared_constituency,ARP-2019,1,0.083333,TNC-20803e341482,نابل 2,13,1,2019-11-13,2021-07-25,false
TNP-00214,TNP-00237,shared_constituency,ARP-2019,1,0.083333,TNC-20803e341482,نابل 2,13,1,2019-11-13,2021-07-25,false
TNP-00214,TNP-00257,shared_constituency,ARP-2019,1,0.083333,TNC-20803e341482,نابل 2,13,1,2019-11-13,2021-07-25,false
TNP-00214,TNP-00262,shared_constituency,ARP-2019,1,0.083333,TNC-20803e341482,نابل 2,13,1,2019-11-13,2021-07-25,false
TNP-00214,TNP-00267,shared_constituency,ARP-2019,1,0.083333,TNC-20803e341482,نابل 2,13,1,2019-11-13,2021-07-25,false
TNP-00214,TNP-00271,shared_constituency,ARP-2019,1,0.083333,TNC-20803e341482,نابل 2,13,1,2019-11-13,2021-07-25,false
TNP-00214,TNP-00280,shared_constituency,ARP-2019,1,0.083333,TNC-20803e341482,نابل 2,13,1,2019-11-13,2021-07-25,false
TNP-00214,TNP-00288,shared_constituency,ARP-2019,1,0.083333,TNC-20803e341482,نابل 2,13,1,2019-11-13,2021-07-25,false
TNP-00214,TNP-00352,shared_constituency,ARP-2019,1,0.083333,TNC-20803e341482,نابل 2,13,1,2019-11-13,2021-07-25,false
TNP-00214,TNP-00353,shared_constituency,ARP-2019,1,0.083333,TNC-20803e341482,نابل 2,13,1,2019-11-13,2021-07-25,false
TNP-00214,TNP-00355,shared_constituency,ARP-2019,1,0.083333,TNC-20803e341482,نابل 2,13,1,2019-11-13,2021-07-25,false
TNP-00214,TNP-00366,shared_constituency,ARP-2019,1,0.083333,TNC-20803e341482,نابل 2,13,1,2019-11-13,2021-07-25,false
TNP-00215,TNP-00244,shared_constituency,ARP-2019,1,0.2,TNC-7c20f132677c,سليانة,6,1,2019-11-13,2021-07-25,false
TNP-00215,TNP-00279,shared_constituency,ARP-2019,1,0.2,TNC-7c20f132677c,سليانة,6,1,2019-11-13,2021-07-25,false
TNP-00216,TNP-00260,shared_constituency,ARP-2019,1,0.25,TNC-c891423153f5,الكاف,5,1,2019-11-13,2021-07-25,false
TNP-00216,TNP-00303,shared_constituency,ARP-2019,1,0.25,TNC-c891423153f5,الكاف,5,1,2019-11-13,2021-07-25,false
TNP-00217,TNP-00230,shared_constituency,ARP-2019,1,0.142857,TNC-dd0a034cca93,سيدي بوزيد,8,1,2019-11-13,2021-07-25,false
TNP-00217,TNP-00246,shared_constituency,ARP-2019,1,0.142857,TNC-dd0a034cca93,سيدي بوزيد,8,1,2019-11-13,2021-07-25,false
TNP-00217,TNP-00299,shared_constituency,ARP-2019,1,0.142857,TNC-dd0a034cca93,سيدي بوزيد,8,1,2019-11-13,2021-07-25,false
TNP-00217,TNP-00306,shared_constituency,ARP-2019,1,0.142857,TNC-dd0a034cca93,سيدي بوزيد,8,1,2019-11-13,2021-07-25,false
TNP-00218,TNP-00251,shared_constituency,ARP-2019,1,0.166667,TNC-5531b77d50b4,قفصة,7,1,2019-11-13,2021-07-25,false
TNP-00218,TNP-00345,shared_constituency,ARP-2019,1,0.166667,TNC-5531b77d50b4,قفصة,7,1,2019-11-13,2021-07-25,false
TNP-00218,TNP-00349,shared_constituency,ARP-2019,1,0.166667,TNC-5531b77d50b4,قفصة,7,1,2019-11-13,2021-07-25,false
TNP-00218,TNP-00361,shared_constituency,ARP-2019,1,0.166667,TNC-5531b77d50b4,قفصة,7,1,2019-11-13,2021-07-25,false
TNP-00219,TNP-00302,shared_constituency,ARP-2019,1,0.142857,TNC-91c675998d9c,المهدية,8,1,2019-11-13,2021-07-25,false
TNP-00219,TNP-00336,shared_constituency,ARP-2019,1,0.142857,TNC-91c675998d9c,المهدية,8,1,2019-11-13,2021-07-25,false
TNP-00220,TNP-00274,shared_constituency,ARP-2019,1,0.2,TNC-7f9ed563bc4e,باجة,6,1,2019-11-13,2021-07-25,false
TNP-00220,TNP-00296,shared_constituency,ARP-2019,1,0.2,TNC-7f9ed563bc4e,باجة,6,1,2019-11-13,2021-07-25,false
TNP-00220,TNP-00318,shared_constituency,ARP-2019,1,0.2,TNC-7f9ed563bc4e,باجة,6,1,2019-11-13,2021-07-25,false
TNP-00220,TNP-00348,shared_constituency,ARP-2019,1,0.2,TNC-7f9ed563bc4e,باجة,6,1,2019-11-13,2021-07-25,false
TNP-00221,TNP-00249,shared_constituency,ARP-2019,1,0.125,TNC-6480cc2b0175,مدنين,9,1,2019-11-13,2021-07-25,false
TNP-00221,TNP-00253,shared_constituency,ARP-2019,1,0.125,TNC-6480cc2b0175,مدنين,9,1,2019-11-13,2021-07-25,false
TNP-00221,TNP-00263,shared_constituency,ARP-2019,1,0.125,TNC-6480cc2b0175,مدنين,9,1,2019-11-13,2021-07-25,false
TNP-00221,TNP-00278,shared_constituency,ARP-2019,1,0.125,TNC-6480cc2b0175,مدنين,9,1,2019-11-13,2021-07-25,false
TNP-00221,TNP-00298,shared_constituency,ARP-2019,1,0.125,TNC-6480cc2b0175,مدنين,9,1,2019-11-13,2021-07-25,false
TNP-00221,TNP-00328,shared_constituency,ARP-2019,1,0.125,TNC-6480cc2b0175,مدنين,9,1,2019-11-13,2021-07-25,false
TNP-00222,TNP-00269,shared_constituency,ARP-2019,1,0.142857,TNC-86fce3cae9b0,القصرين,8,1,2019-11-13,2021-07-25,false
TNP-00222,TNP-00276,shared_constituency,ARP-2019,1,0.142857,TNC-86fce3cae9b0,القصرين,8,1,2019-11-13,2021-07-25,false
TNP-00222,TNP-00282,shared_constituency,ARP-2019,1,0.142857,TNC-86fce3cae9b0,القصرين,8,1,2019-11-13,2021-07-25,false
TNP-00222,TNP-00284,shared_constituency,ARP-2019,1,0.142857,TNC-86fce3cae9b0,القصرين,8,1,2019-11-13,2021-07-25,false
TNP-00222,TNP-00308,shared_constituency,ARP-2019,1,0.142857,TNC-86fce3cae9b0,القصرين,8,1,2019-11-13,2021-07-25,false
TNP-00223,TNP-00224,shared_constituency,ARP-2019,1,0.0625,TNC-cd1ca9244e55,تونس 2,17,1,2019-11-13,2021-07-25,false
TNP-00223,TNP-00261,shared_constituency,ARP-2019,1,0.0625,TNC-cd1ca9244e55,تونس 2,17,1,2019-11-13,2021-07-25,false
TNP-00223,TNP-00292,shared_constituency,ARP-2019,1,0.0625,TNC-cd1ca9244e55,تونس 2,17,1,2019-11-13,2021-07-25,false
TNP-00223,TNP-00295,shared_constituency,ARP-2019,1,0.0625,TNC-cd1ca9244e55,تونس 2,17,1,2019-11-13,2021-07-25,false
TNP-00223,TNP-00300,shared_constituency,ARP-2019,1,0.0625,TNC-cd1ca9244e55,تونس 2,17,1,2019-11-13,2021-07-25,false
TNP-00223,TNP-00313,shared_constituency,ARP-2019,1,0.0625,TNC-cd1ca9244e55,تونس 2,17,1,2019-11-13,2021-07-25,false
TNP-00223,TNP-00316,shared_constituency,ARP-2019,1,0.0625,TNC-cd1ca9244e55,تونس 2,17,1,2019-11-13,2021-07-25,false
TNP-00223,TNP-00323,shared_constituency,ARP-2019,1,0.0625,TNC-cd1ca9244e55,تونس 2,17,1,2019-11-13,2021-07-25,false
TNP-00223,TNP-00330,shared_constituency,ARP-2019,1,0.0625,TNC-cd1ca9244e55,تونس 2,17,1,2019-11-13,2021-07-25,false
TNP-00223,TNP-00332,shared_constituency,ARP-2019,1,0.0625,TNC-cd1ca9244e55,تونس 2,17,1,2019-11-13,2021-07-25,false
TNP-00223,TNP-00335,shared_constituency,ARP-2019,1,0.0625,TNC-cd1ca9244e55,تونس 2,17,1,2019-11-13,2021-07-25,false
TNP-00223,TNP-00342,shared_constituency,ARP-2019,1,0.0625,TNC-cd1ca9244e55,تونس 2,17,1,2019-11-13,2021-07-25,false
TNP-00223,TNP-00357,shared_constituency,ARP-2019,1,0.0625,TNC-cd1ca9244e55,تونس 2,17,1,2019-11-13,2021-07-25,false
TNP-00223,TNP-00359,shared_constituency,ARP-2019,1,0.0625,TNC-cd1ca9244e55,تونس 2,17,1,2019-11-13,2021-07-25,false
TNP-00224,TNP-00261,shared_constituency,ARP-2019,1,0.0625,TNC-cd1ca9244e55,تونس 2,17,1,2019-11-13,2021-07-25,false
TNP-00224,TNP-00292,shared_constituency,ARP-2019,1,0.0625,TNC-cd1ca9244e55,تونس 2,17,1,2019-11-13,2021-07-25,false
TNP-00224,TNP-00295,shared_constituency,ARP-2019,1,0.0625,TNC-cd1ca9244e55,تونس 2,17,1,2019-11-13,2021-07-25,false
TNP-00224,TNP-00300,shared_constituency,ARP-2019,1,0.0625,TNC-cd1ca9244e55,تونس 2,17,1,2019-11-13,2021-07-25,false
TNP-00224,TNP-00313,shared_constituency,ARP-2019,1,0.0625,TNC-cd1ca9244e55,تونس 2,17,1,2019-11-13,2021-07-25,false
TNP-00224,TNP-00316,shared_constituency,ARP-2019,1,0.0625,TNC-cd1ca9244e55,تونس 2,17,1,2019-11-13,2021-07-25,false
TNP-00224,TNP-00323,shared_constituency,ARP-2019,1,0.0625,TNC-cd1ca9244e55,تونس 2,17,1,2019-11-13,2021-07-25,false
TNP-00224,TNP-00330,shared_constituency,ARP-2019,1,0.0625,TNC-cd1ca9244e55,تونس 2,17,1,2019-11-13,2021-07-25,false
TNP-00224,TNP-00332,shared_constituency,ARP-2019,1,0.0625,TNC-cd1ca9244e55,تونس 2,17,1,2019-11-13,2021-07-25,false
TNP-00224,TNP-00335,shared_constituency,ARP-2019,1,0.0625,TNC-cd1ca9244e55,تونس 2,17,1,2019-11-13,2021-07-25,false
TNP-00224,TNP-00342,shared_constituency,ARP-2019,1,0.0625,TNC-cd1ca9244e55,تونس 2,17,1,2019-11-13,2021-07-25,false
TNP-00224,TNP-00357,shared_constituency,ARP-2019,1,0.0625,TNC-cd1ca9244e55,تونس 2,17,1,2019-11-13,2021-07-25,false
TNP-00224,TNP-00359,shared_constituency,ARP-2019,1,0.0625,TNC-cd1ca9244e55,تونس 2,17,1,2019-11-13,2021-07-25,false
TNP-00225,TNP-00231,shared_constituency,ARP-2019,1,0.125,TNC-a65c89ca4d13,المنستير,9,1,2019-11-13,2021-07-25,false
TNP-00225,TNP-00233,shared_constituency,ARP-2019,1,0.125,TNC-a65c89ca4d13,المنستير,9,1,2019-11-13,2021-07-25,false
TNP-00225,TNP-00245,shared_constituency,ARP-2019,1,0.125,TNC-a65c89ca4d13,المنستير,9,1,2019-11-13,2021-07-25,false
TNP-00225,TNP-00248,shared_constituency,ARP-2019,1,0.125,TNC-a65c89ca4d13,المنستير,9,1,2019-11-13,2021-07-25,false
TNP-00225,TNP-00283,shared_constituency,ARP-2019,1,0.125,TNC-a65c89ca4d13,المنستير,9,1,2019-11-13,2021-07-25,false
TNP-00225,TNP-00287,shared_constituency,ARP-2019,1,0.125,TNC-a65c89ca4d13,المنستير,9,1,2019-11-13,2021-07-25,false
TNP-00225,TNP-00338,shared_constituency,ARP-2019,1,0.125,TNC-a65c89ca4d13,المنستير,9,1,2019-11-13,2021-07-25,false
TNP-00226,TNP-00266,shared_constituency,ARP-2019,1,0.111111,TNC-d7e470a6f1cf,سوسة,10,1,2019-11-13,2021-07-25,false
TNP-00226,TNP-00277,shared_constituency,ARP-2019,1,0.111111,TNC-d7e470a6f1cf,سوسة,10,1,2019-11-13,2021-07-25,false
TNP-00226,TNP-00281,shared_constituency,ARP-2019,1,0.111111,TNC-d7e470a6f1cf,سوسة,10,1,2019-11-13,2021-07-25,false
TNP-00226,TNP-00319,shared_constituency,ARP-2019,1,0.111111,TNC-d7e470a6f1cf,سوسة,10,1,2019-11-13,2021-07-25,false
TNP-00226,TNP-00321,shared_constituency,ARP-2019,1,0.111111,TNC-d7e470a6f1cf,سوسة,10,1,2019-11-13,2021-07-25,false
TNP-00226,TNP-00334,shared_constituency,ARP-2019,1,0.111111,TNC-d7e470a6f1cf,سوسة,10,1,2019-11-13,2021-07-25,false
TNP-00226,TNP-00354,shared_constituency,ARP-2019,1,0.111111,TNC-d7e470a6f1cf,سوسة,10,1,2019-11-13,2021-07-25,false
TNP-00226,TNP-00364,shared_constituency,ARP-2019,1,0.111111,TNC-d7e470a6f1cf,سوسة,10,1,2019-11-13,2021-07-25,false
TNP-00227,TNP-00264,shared_constituency,ARP-2019,1,0.125,TNC-34bb04969aea,بنزرت,9,1,2019-11-13,2021-07-25,false
TNP-00227,TNP-00311,shared_constituency,ARP-2019,1,0.125,TNC-34bb04969aea,بنزرت,9,1,2019-11-13,2021-07-25,false
TNP-00227,TNP-00333,shared_constituency,ARP-2019,1,0.125,TNC-34bb04969aea,بنزرت,9,1,2019-11-13,2021-07-25,false
TNP-00228,TNP-00247,shared_constituency,ARP-2019,1,0.166667,TNC-e4ad8a676ffb,منوبة,7,1,2019-11-13,2021-07-25,false
TNP-00228,TNP-00291,shared_constituency,ARP-2019,1,0.166667,TNC-e4ad8a676ffb,منوبة,7,1,2019-11-13,2021-07-25,false
TNP-00228,TNP-00317,shared_constituency,ARP-2019,1,0.166667,TNC-e4ad8a676ffb,منوبة,7,1,2019-11-13,2021-07-25,false
TNP-00228,TNP-00344,shared_constituency,ARP-2019,1,0.166667,TNC-e4ad8a676ffb,منوبة,7,1,2019-11-13,2021-07-25,false
TNP-00229,TNP-00237,shared_constituency,ARP-2019,1,0.083333,TNC-20803e341482,نابل 2,13,1,2019-11-13,2021-07-25,false
TNP-00229,TNP-00257,shared_constituency,ARP-2019,1,0.083333,TNC-20803e341482,نابل 2,13,1,2019-11-13,2021-07-25,false
TNP-00229,TNP-00262,shared_constituency,ARP-2019,1,0.083333,TNC-20803e341482,نابل 2,13,1,2019-11-13,2021-07-25,false
TNP-00229,TNP-00267,shared_constituency,ARP-2019,1,0.083333,TNC-20803e341482,نابل 2,13,1,2019-11-13,2021-07-25,false
TNP-00229,TNP-00271,shared_constituency,ARP-2019,1,0.083333,TNC-20803e341482,نابل 2,13,1,2019-11-13,2021-07-25,false
TNP-00229,TNP-00280,shared_constituency,ARP-2019,1,0.083333,TNC-20803e341482,نابل 2,13,1,2019-11-13,2021-07-25,false
TNP-00229,TNP-00288,shared_constituency,ARP-2019,1,0.083333,TNC-20803e341482,نابل 2,13,1,2019-11-13,2021-07-25,false
TNP-00229,TNP-00352,shared_constituency,ARP-2019,1,0.083333,TNC-20803e341482,نابل 2,13,1,2019-11-13,2021-07-25,false
TNP-00229,TNP-00353,shared_constituency,ARP-2019,1,0.083333,TNC-20803e341482,نابل 2,13,1,2019-11-13,2021-07-25,false
TNP-00229,TNP-00355,shared_constituency,ARP-2019,1,0.083333,TNC-20803e341482,نابل 2,13,1,2019-11-13,2021-07-25,false
TNP-00229,TNP-00366,shared_constituency,ARP-2019,1,0.083333,TNC-20803e341482,نابل 2,13,1,2019-11-13,2021-07-25,false
TNP-00230,TNP-00246,shared_constituency,ARP-2019,1,0.142857,TNC-dd0a034cca93,سيدي بوزيد,8,1,2019-11-13,2021-07-25,false
TNP-00230,TNP-00299,shared_constituency,ARP-2019,1,0.142857,TNC-dd0a034cca93,سيدي بوزيد,8,1,2019-11-13,2021-07-25,false
TNP-00230,TNP-00306,shared_constituency,ARP-2019,1,0.142857,TNC-dd0a034cca93,سيدي بوزيد,8,1,2019-11-13,2021-07-25,false
TNP-00231,TNP-00233,shared_constituency,ARP-2019,1,0.125,TNC-a65c89ca4d13,المنستير,9,1,2019-11-13,2021-07-25,false
TNP-00231,TNP-00245,shared_constituency,ARP-2019,1,0.125,TNC-a65c89ca4d13,المنستير,9,1,2019-11-13,2021-07-25,false
TNP-00231,TNP-00248,shared_constituency,ARP-2019,1,0.125,TNC-a65c89ca4d13,المنستير,9,1,2019-11-13,2021-07-25,false
TNP-00231,TNP-00283,shared_constituency,ARP-2019,1,0.125,TNC-a65c89ca4d13,المنستير,9,1,2019-11-13,2021-07-25,false
TNP-00231,TNP-00287,shared_constituency,ARP-2019,1,0.125,TNC-a65c89ca4d13,المنستير,9,1,2019-11-13,2021-07-25,false
TNP-00231,TNP-00338,shared_constituency,ARP-2019,1,0.125,TNC-a65c89ca4d13,المنستير,9,1,2019-11-13,2021-07-25,false
TNP-00232,TNP-00235,shared_constituency,ARP-2019,1,0.142857,TNC-bf84273551e0,أريانة,8,1,2019-11-13,2021-07-25,false
TNP-00232,TNP-00297,shared_constituency,ARP-2019,1,0.142857,TNC-bf84273551e0,أريانة,8,1,2019-11-13,2021-07-25,false
TNP-00232,TNP-00324,shared_constituency,ARP-2019,1,0.142857,TNC-bf84273551e0,أريانة,8,1,2019-11-13,2021-07-25,false
TNP-00233,TNP-00245,shared_constituency,ARP-2019,1,0.125,TNC-a65c89ca4d13,المنستير,9,1,2019-11-13,2021-07-25,false
TNP-00233,TNP-00248,shared_constituency,ARP-2019,1,0.125,TNC-a65c89ca4d13,المنستير,9,1,2019-11-13,2021-07-25,false
TNP-00233,TNP-00283,shared_constituency,ARP-2019,1,0.125,TNC-a65c89ca4d13,المنستير,9,1,2019-11-13,2021-07-25,false
TNP-00233,TNP-00287,shared_constituency,ARP-2019,1,0.125,TNC-a65c89ca4d13,المنستير,9,1,2019-11-13,2021-07-25,false
TNP-00233,TNP-00338,shared_constituency,ARP-2019,1,0.125,TNC-a65c89ca4d13,المنستير,9,1,2019-11-13,2021-07-25,false
TNP-00234,TNP-00243,shared_constituency,ARP-2019,1,0.111111,TNC-65af9ff64cdc,بن عروس,10,1,2019-11-13,2021-07-25,false
TNP-00234,TNP-00309,shared_constituency,ARP-2019,1,0.111111,TNC-65af9ff64cdc,بن عروس,10,1,2019-11-13,2021-07-25,false
TNP-00234,TNP-00310,shared_constituency,ARP-2019,1,0.111111,TNC-65af9ff64cdc,بن عروس,10,1,2019-11-13,2021-07-25,false
TNP-00234,TNP-00326,shared_constituency,ARP-2019,1,0.111111,TNC-65af9ff64cdc,بن عروس,10,1,2019-11-13,2021-07-25,false
TNP-00234,TNP-00329,shared_constituency,ARP-2019,1,0.111111,TNC-65af9ff64cdc,بن عروس,10,1,2019-11-13,2021-07-25,false
TNP-00234,TNP-00337,shared_constituency,ARP-2019,1,0.111111,TNC-65af9ff64cdc,بن عروس,10,1,2019-11-13,2021-07-25,false
TNP-00234,TNP-00346,shared_constituency,ARP-2019,1,0.111111,TNC-65af9ff64cdc,بن عروس,10,1,2019-11-13,2021-07-25,false
TNP-00235,TNP-00297,shared_constituency,ARP-2019,1,0.142857,TNC-bf84273551e0,أريانة,8,1,2019-11-13,2021-07-25,false
TNP-00235,TNP-00324,shared_constituency,ARP-2019,1,0.142857,TNC-bf84273551e0,أريانة,8,1,2019-11-13,2021-07-25,false
TNP-00236,TNP-00273,shared_constituency,ARP-2019,1,0.333333,TNC-c3a024df701d,تطاوين,4,1,2019-11-13,2021-07-25,false
TNP-00236,TNP-00347,shared_constituency,ARP-2019,1,0.333333,TNC-c3a024df701d,تطاوين,4,1,2019-11-13,2021-07-25,false
TNP-00237,TNP-00257,shared_constituency,ARP-2019,1,0.083333,TNC-20803e341482,نابل 2,13,1,2019-11-13,2021-07-25,false
TNP-00237,TNP-00262,shared_constituency,ARP-2019,1,0.083333,TNC-20803e341482,نابل 2,13,1,2019-11-13,2021-07-25,false
TNP-00237,TNP-00267,shared_constituency,ARP-2019,1,0.083333,TNC-20803e341482,نابل 2,13,1,2019-11-13,2021-07-25,false
TNP-00237,TNP-00271,shared_constituency,ARP-2019,1,0.083333,TNC-20803e341482,نابل 2,13,1,2019-11-13,2021-07-25,false
TNP-00237,TNP-00280,shared_constituency,ARP-2019,1,0.083333,TNC-20803e341482,نابل 2,13,1,2019-11-13,2021-07-25,false
TNP-00237,TNP-00288,shared_constituency,ARP-2019,1,0.083333,TNC-20803e341482,نابل 2,13,1,2019-11-13,2021-07-25,false
TNP-00237,TNP-00352,shared_constituency,ARP-2019,1,0.083333,TNC-20803e341482,نابل 2,13,1,2019-11-13,2021-07-25,false
TNP-00237,TNP-00353,shared_constituency,ARP-2019,1,0.083333,TNC-20803e341482,نابل 2,13,1,2019-11-13,2021-07-25,false
TNP-00237,TNP-00355,shared_constituency,ARP-2019,1,0.083333,TNC-20803e341482,نابل 2,13,1,2019-11-13,2021-07-25,false
TNP-00237,TNP-00366,shared_constituency,ARP-2019,1,0.083333,TNC-20803e341482,نابل 2,13,1,2019-11-13,2021-07-25,false
TNP-00239,TNP-00252,shared_constituency,ARP-2019,1,0.142857,TNC-505fecc15922,جندوبة,8,1,2019-11-13,2021-07-25,false
TNP-00239,TNP-00289,shared_constituency,ARP-2019,1,0.142857,TNC-505fecc15922,جندوبة,8,1,2019-11-13,2021-07-25,false
TNP-00239,TNP-00304,shared_constituency,ARP-2019,1,0.142857,TNC-505fecc15922,جندوبة,8,1,2019-11-13,2021-07-25,false
TNP-00239,TNP-00351,shared_constituency,ARP-2019,1,0.142857,TNC-505fecc15922,جندوبة,8,1,2019-11-13,2021-07-25,false
TNP-00240,TNP-00241,shared_constituency,ARP-2019,1,0.166667,TNC-c14e9c41e9ce,قابس,7,1,2019-11-13,2021-07-25,false
TNP-00240,TNP-00272,shared_constituency,ARP-2019,1,0.166667,TNC-c14e9c41e9ce,قابس,7,1,2019-11-13,2021-07-25,false
TNP-00240,TNP-00285,shared_constituency,ARP-2019,1,0.166667,TNC-c14e9c41e9ce,قابس,7,1,2019-11-13,2021-07-25,false
TNP-00241,TNP-00272,shared_constituency,ARP-2019,1,0.166667,TNC-c14e9c41e9ce,قابس,7,1,2019-11-13,2021-07-25,false
TNP-00241,TNP-00285,shared_constituency,ARP-2019,1,0.166667,TNC-c14e9c41e9ce,قابس,7,1,2019-11-13,2021-07-25,false
TNP-00242,TNP-00256,shared_constituency,ARP-2019,1,0.142857,TNC-4c5b0de0b4df,القيروان,8,1,2019-11-13,2021-07-25,false
TNP-00242,TNP-00325,shared_constituency,ARP-2019,1,0.142857,TNC-4c5b0de0b4df,القيروان,8,1,2019-11-13,2021-07-25,false
TNP-00242,TNP-00339,shared_constituency,ARP-2019,1,0.142857,TNC-4c5b0de0b4df,القيروان,8,1,2019-11-13,2021-07-25,false
TNP-00242,TNP-00341,shared_constituency,ARP-2019,1,0.142857,TNC-4c5b0de0b4df,القيروان,8,1,2019-11-13,2021-07-25,false
TNP-00242,TNP-00343,shared_constituency,ARP-2019,1,0.142857,TNC-4c5b0de0b4df,القيروان,8,1,2019-11-13,2021-07-25,false
TNP-00242,TNP-00350,shared_constituency,ARP-2019,1,0.142857,TNC-4c5b0de0b4df,القيروان,8,1,2019-11-13,2021-07-25,false
TNP-00243,TNP-00309,shared_constituency,ARP-2019,1,0.111111,TNC-65af9ff64cdc,بن عروس,10,1,2019-11-13,2021-07-25,false
TNP-00243,TNP-00310,shared_constituency,ARP-2019,1,0.111111,TNC-65af9ff64cdc,بن عروس,10,1,2019-11-13,2021-07-25,false
TNP-00243,TNP-00326,shared_constituency,ARP-2019,1,0.111111,TNC-65af9ff64cdc,بن عروس,10,1,2019-11-13,2021-07-25,false
TNP-00243,TNP-00329,shared_constituency,ARP-2019,1,0.111111,TNC-65af9ff64cdc,بن عروس,10,1,2019-11-13,2021-07-25,false
TNP-00243,TNP-00337,shared_constituency,ARP-2019,1,0.111111,TNC-65af9ff64cdc,بن عروس,10,1,2019-11-13,2021-07-25,false
TNP-00243,TNP-00346,shared_constituency,ARP-2019,1,0.111111,TNC-65af9ff64cdc,بن عروس,10,1,2019-11-13,2021-07-25,false
TNP-00244,TNP-00279,shared_constituency,ARP-2019,1,0.2,TNC-7c20f132677c,سليانة,6,1,2019-11-13,2021-07-25,false
TNP-00245,TNP-00248,shared_constituency,ARP-2019,1,0.125,TNC-a65c89ca4d13,المنستير,9,1,2019-11-13,2021-07-25,false
TNP-00245,TNP-00283,shared_constituency,ARP-2019,1,0.125,TNC-a65c89ca4d13,المنستير,9,1,2019-11-13,2021-07-25,false
TNP-00245,TNP-00287,shared_constituency,ARP-2019,1,0.125,TNC-a65c89ca4d13,المنستير,9,1,2019-11-13,2021-07-25,false
TNP-00245,TNP-00338,shared_constituency,ARP-2019,1,0.125,TNC-a65c89ca4d13,المنستير,9,1,2019-11-13,2021-07-25,false
TNP-00246,TNP-00299,shared_constituency,ARP-2019,1,0.142857,TNC-dd0a034cca93,سيدي بوزيد,8,1,2019-11-13,2021-07-25,false
TNP-00246,TNP-00306,shared_constituency,ARP-2019,1,0.142857,TNC-dd0a034cca93,سيدي بوزيد,8,1,2019-11-13,2021-07-25,false
TNP-00247,TNP-00291,shared_constituency,ARP-2019,1,0.166667,TNC-e4ad8a676ffb,منوبة,7,1,2019-11-13,2021-07-25,false
TNP-00247,TNP-00317,shared_constituency,ARP-2019,1,0.166667,TNC-e4ad8a676ffb,منوبة,7,1,2019-11-13,2021-07-25,false
TNP-00247,TNP-00344,shared_constituency,ARP-2019,1,0.166667,TNC-e4ad8a676ffb,منوبة,7,1,2019-11-13,2021-07-25,false
TNP-00248,TNP-00283,shared_constituency,ARP-2019,1,0.125,TNC-a65c89ca4d13,المنستير,9,1,2019-11-13,2021-07-25,false
TNP-00248,TNP-00287,shared_constituency,ARP-2019,1,0.125,TNC-a65c89ca4d13,المنستير,9,1,2019-11-13,2021-07-25,false
TNP-00248,TNP-00338,shared_constituency,ARP-2019,1,0.125,TNC-a65c89ca4d13,المنستير,9,1,2019-11-13,2021-07-25,false
TNP-00249,TNP-00253,shared_constituency,ARP-2019,1,0.125,TNC-6480cc2b0175,مدنين,9,1,2019-11-13,2021-07-25,false
TNP-00249,TNP-00263,shared_constituency,ARP-2019,1,0.125,TNC-6480cc2b0175,مدنين,9,1,2019-11-13,2021-07-25,false
TNP-00249,TNP-00278,shared_constituency,ARP-2019,1,0.125,TNC-6480cc2b0175,مدنين,9,1,2019-11-13,2021-07-25,false
TNP-00249,TNP-00298,shared_constituency,ARP-2019,1,0.125,TNC-6480cc2b0175,مدنين,9,1,2019-11-13,2021-07-25,false
TNP-00249,TNP-00328,shared_constituency,ARP-2019,1,0.125,TNC-6480cc2b0175,مدنين,9,1,2019-11-13,2021-07-25,false
TNP-00250,TNP-00301,shared_constituency,ARP-2019,1,0.111111,TNC-94e024e97a0b,فرنسا 2,10,1,2019-11-13,2021-07-25,false
TNP-00250,TNP-00312,shared_constituency,ARP-2019,1,0.111111,TNC-94e024e97a0b,فرنسا 2,10,1,2019-11-13,2021-07-25,false
TNP-00250,TNP-00340,shared_constituency,ARP-2019,1,0.111111,TNC-94e024e97a0b,فرنسا 2,10,1,2019-11-13,2021-07-25,false
TNP-00250,TNP-00358,shared_constituency,ARP-2019,1,0.111111,TNC-94e024e97a0b,فرنسا 2,10,1,2019-11-13,2021-07-25,false
TNP-00250,TNP-00360,shared_constituency,ARP-2019,1,0.111111,TNC-94e024e97a0b,فرنسا 2,10,1,2019-11-13,2021-07-25,false
TNP-00250,TNP-00362,shared_constituency,ARP-2019,1,0.111111,TNC-94e024e97a0b,فرنسا 2,10,1,2019-11-13,2021-07-25,false
TNP-00250,TNP-00363,shared_constituency,ARP-2019,1,0.111111,TNC-94e024e97a0b,فرنسا 2,10,1,2019-11-13,2021-07-25,false
TNP-00251,TNP-00345,shared_constituency,ARP-2019,1,0.166667,TNC-5531b77d50b4,قفصة,7,1,2019-11-13,2021-07-25,false
TNP-00251,TNP-00349,shared_constituency,ARP-2019,1,0.166667,TNC-5531b77d50b4,قفصة,7,1,2019-11-13,2021-07-25,false
TNP-00251,TNP-00361,shared_constituency,ARP-2019,1,0.166667,TNC-5531b77d50b4,قفصة,7,1,2019-11-13,2021-07-25,false
TNP-00252,TNP-00289,shared_constituency,ARP-2019,1,0.142857,TNC-505fecc15922,جندوبة,8,1,2019-11-13,2021-07-25,false
TNP-00252,TNP-00304,shared_constituency,ARP-2019,1,0.142857,TNC-505fecc15922,جندوبة,8,1,2019-11-13,2021-07-25,false
TNP-00252,TNP-00351,shared_constituency,ARP-2019,1,0.142857,TNC-505fecc15922,جندوبة,8,1,2019-11-13,2021-07-25,false
TNP-00253,TNP-00263,shared_constituency,ARP-2019,1,0.125,TNC-6480cc2b0175,مدنين,9,1,2019-11-13,2021-07-25,false
TNP-00253,TNP-00278,shared_constituency,ARP-2019,1,0.125,TNC-6480cc2b0175,مدنين,9,1,2019-11-13,2021-07-25,false
TNP-00253,TNP-00298,shared_constituency,ARP-2019,1,0.125,TNC-6480cc2b0175,مدنين,9,1,2019-11-13,2021-07-25,false
TNP-00253,TNP-00328,shared_constituency,ARP-2019,1,0.125,TNC-6480cc2b0175,مدنين,9,1,2019-11-13,2021-07-25,false
TNP-00254,TNP-00265,shared_constituency,ARP-2019,1,0.25,TNC-fce75049ff09,قبلي,5,1,2019-11-13,2021-07-25,false
TNP-00254,TNP-00365,shared_constituency,ARP-2019,1,0.25,TNC-fce75049ff09,قبلي,5,1,2019-11-13,2021-07-25,false
TNP-00255,TNP-00270,shared_constituency,ARP-2019,1,1,TNC-8e9eb8d0053a,العالم العربي وبقية دول العالم,2,1,2019-11-13,2021-07-25,false
TNP-00256,TNP-00325,shared_constituency,ARP-2019,1,0.142857,TNC-4c5b0de0b4df,القيروان,8,1,2019-11-13,2021-07-25,false
TNP-00256,TNP-00339,shared_constituency,ARP-2019,1,0.142857,TNC-4c5b0de0b4df,القيروان,8,1,2019-11-13,2021-07-25,false
TNP-00256,TNP-00341,shared_constituency,ARP-2019,1,0.142857,TNC-4c5b0de0b4df,القيروان,8,1,2019-11-13,2021-07-25,false
TNP-00256,TNP-00343,shared_constituency,ARP-2019,1,0.142857,TNC-4c5b0de0b4df,القيروان,8,1,2019-11-13,2021-07-25,false
TNP-00256,TNP-00350,shared_constituency,ARP-2019,1,0.142857,TNC-4c5b0de0b4df,القيروان,8,1,2019-11-13,2021-07-25,false
TNP-00257,TNP-00262,shared_constituency,ARP-2019,1,0.083333,TNC-20803e341482,نابل 2,13,1,2019-11-13,2021-07-25,false
TNP-00257,TNP-00267,shared_constituency,ARP-2019,1,0.083333,TNC-20803e341482,نابل 2,13,1,2019-11-13,2021-07-25,false
TNP-00257,TNP-00271,shared_constituency,ARP-2019,1,0.083333,TNC-20803e341482,نابل 2,13,1,2019-11-13,2021-07-25,false
TNP-00257,TNP-00280,shared_constituency,ARP-2019,1,0.083333,TNC-20803e341482,نابل 2,13,1,2019-11-13,2021-07-25,false
TNP-00257,TNP-00288,shared_constituency,ARP-2019,1,0.083333,TNC-20803e341482,نابل 2,13,1,2019-11-13,2021-07-25,false
TNP-00257,TNP-00352,shared_constituency,ARP-2019,1,0.083333,TNC-20803e341482,نابل 2,13,1,2019-11-13,2021-07-25,false
TNP-00257,TNP-00353,shared_constituency,ARP-2019,1,0.083333,TNC-20803e341482,نابل 2,13,1,2019-11-13,2021-07-25,false
TNP-00257,TNP-00355,shared_constituency,ARP-2019,1,0.083333,TNC-20803e341482,نابل 2,13,1,2019-11-13,2021-07-25,false
TNP-00257,TNP-00366,shared_constituency,ARP-2019,1,0.083333,TNC-20803e341482,نابل 2,13,1,2019-11-13,2021-07-25,false
TNP-00258,TNP-00314,shared_constituency,ARP-2019,1,0.5,TNC-dbb6ed731f07,إيطاليا,3,1,2019-11-13,2021-07-25,false
TNP-00259,TNP-00268,shared_constituency,ARP-2019,1,0.066667,TNC-990caafd3fb3,صفاقس 1,16,1,2019-11-13,2021-07-25,false
TNP-00259,TNP-00275,shared_constituency,ARP-2019,1,0.066667,TNC-990caafd3fb3,صفاقس 1,16,1,2019-11-13,2021-07-25,false
TNP-00259,TNP-00305,shared_constituency,ARP-2019,1,0.066667,TNC-990caafd3fb3,صفاقس 1,16,1,2019-11-13,2021-07-25,false
TNP-00259,TNP-00320,shared_constituency,ARP-2019,1,0.066667,TNC-990caafd3fb3,صفاقس 1,16,1,2019-11-13,2021-07-25,false
TNP-00259,TNP-00322,shared_constituency,ARP-2019,1,0.066667,TNC-990caafd3fb3,صفاقس 1,16,1,2019-11-13,2021-07-25,false
TNP-00259,TNP-00327,shared_constituency,ARP-2019,1,0.066667,TNC-990caafd3fb3,صفاقس 1,16,1,2019-11-13,2021-07-25,false
TNP-00259,TNP-00331,shared_constituency,ARP-2019,1,0.066667,TNC-990caafd3fb3,صفاقس 1,16,1,2019-11-13,2021-07-25,false
TNP-00259,TNP-00356,shared_constituency,ARP-2019,1,0.066667,TNC-990caafd3fb3,صفاقس 1,16,1,2019-11-13,2021-07-25,false
TNP-00260,TNP-00303,shared_constituency,ARP-2019,1,0.25,TNC-c891423153f5,الكاف,5,1,2019-11-13,2021-07-25,false
TNP-00261,TNP-00292,shared_constituency,ARP-2019,1,0.0625,TNC-cd1ca9244e55,تونس 2,17,1,2019-11-13,2021-07-25,false
TNP-00261,TNP-00295,shared_constituency,ARP-2019,1,0.0625,TNC-cd1ca9244e55,تونس 2,17,1,2019-11-13,2021-07-25,false
TNP-00261,TNP-00300,shared_constituency,ARP-2019,1,0.0625,TNC-cd1ca9244e55,تونس 2,17,1,2019-11-13,2021-07-25,false
TNP-00261,TNP-00313,shared_constituency,ARP-2019,1,0.0625,TNC-cd1ca9244e55,تونس 2,17,1,2019-11-13,2021-07-25,false
TNP-00261,TNP-00316,shared_constituency,ARP-2019,1,0.0625,TNC-cd1ca9244e55,تونس 2,17,1,2019-11-13,2021-07-25,false
TNP-00261,TNP-00323,shared_constituency,ARP-2019,1,0.0625,TNC-cd1ca9244e55,تونس 2,17,1,2019-11-13,2021-07-25,false
TNP-00261,TNP-00330,shared_constituency,ARP-2019,1,0.0625,TNC-cd1ca9244e55,تونس 2,17,1,2019-11-13,2021-07-25,false
TNP-00261,TNP-00332,shared_constituency,ARP-2019,1,0.0625,TNC-cd1ca9244e55,تونس 2,17,1,2019-11-13,2021-07-25,false
TNP-00261,TNP-00335,shared_constituency,ARP-2019,1,0.0625,TNC-cd1ca9244e55,تونس 2,17,1,2019-11-13,2021-07-25,false
TNP-00261,TNP-00342,shared_constituency,ARP-2019,1,0.0625,TNC-cd1ca9244e55,تونس 2,17,1,2019-11-13,2021-07-25,false
TNP-00261,TNP-00357,shared_constituency,ARP-2019,1,0.0625,TNC-cd1ca9244e55,تونس 2,17,1,2019-11-13,2021-07-25,false
TNP-00261,TNP-00359,shared_constituency,ARP-2019,1,0.0625,TNC-cd1ca9244e55,تونس 2,17,1,2019-11-13,2021-07-25,false
TNP-00262,TNP-00267,shared_constituency,ARP-2019,1,0.083333,TNC-20803e341482,نابل 2,13,1,2019-11-13,2021-07-25,false
TNP-00262,TNP-00271,shared_constituency,ARP-2019,1,0.083333,TNC-20803e341482,نابل 2,13,1,2019-11-13,2021-07-25,false
TNP-00262,TNP-00280,shared_constituency,ARP-2019,1,0.083333,TNC-20803e341482,نابل 2,13,1,2019-11-13,2021-07-25,false
TNP-00262,TNP-00288,shared_constituency,ARP-2019,1,0.083333,TNC-20803e341482,نابل 2,13,1,2019-11-13,2021-07-25,false
TNP-00262,TNP-00352,shared_constituency,ARP-2019,1,0.083333,TNC-20803e341482,نابل 2,13,1,2019-11-13,2021-07-25,false
TNP-00262,TNP-00353,shared_constituency,ARP-2019,1,0.083333,TNC-20803e341482,نابل 2,13,1,2019-11-13,2021-07-25,false
TNP-00262,TNP-00355,shared_constituency,ARP-2019,1,0.083333,TNC-20803e341482,نابل 2,13,1,2019-11-13,2021-07-25,false
TNP-00262,TNP-00366,shared_constituency,ARP-2019,1,0.083333,TNC-20803e341482,نابل 2,13,1,2019-11-13,2021-07-25,false
TNP-00263,TNP-00278,shared_constituency,ARP-2019,1,0.125,TNC-6480cc2b0175,مدنين,9,1,2019-11-13,2021-07-25,false
TNP-00263,TNP-00298,shared_constituency,ARP-2019,1,0.125,TNC-6480cc2b0175,مدنين,9,1,2019-11-13,2021-07-25,false
TNP-00263,TNP-00328,shared_constituency,ARP-2019,1,0.125,TNC-6480cc2b0175,مدنين,9,1,2019-11-13,2021-07-25,false
TNP-00264,TNP-00311,shared_constituency,ARP-2019,1,0.125,TNC-34bb04969aea,بنزرت,9,1,2019-11-13,2021-07-25,false
TNP-00264,TNP-00333,shared_constituency,ARP-2019,1,0.125,TNC-34bb04969aea,بنزرت,9,1,2019-11-13,2021-07-25,false
TNP-00265,TNP-00365,shared_constituency,ARP-2019,1,0.25,TNC-fce75049ff09,قبلي,5,1,2019-11-13,2021-07-25,false
TNP-00266,TNP-00277,shared_constituency,ARP-2019,1,0.111111,TNC-d7e470a6f1cf,سوسة,10,1,2019-11-13,2021-07-25,false
TNP-00266,TNP-00281,shared_constituency,ARP-2019,1,0.111111,TNC-d7e470a6f1cf,سوسة,10,1,2019-11-13,2021-07-25,false
TNP-00266,TNP-00319,shared_constituency,ARP-2019,1,0.111111,TNC-d7e470a6f1cf,سوسة,10,1,2019-11-13,2021-07-25,false
TNP-00266,TNP-00321,shared_constituency,ARP-2019,1,0.111111,TNC-d7e470a6f1cf,سوسة,10,1,2019-11-13,2021-07-25,false
TNP-00266,TNP-00334,shared_constituency,ARP-2019,1,0.111111,TNC-d7e470a6f1cf,سوسة,10,1,2019-11-13,2021-07-25,false
TNP-00266,TNP-00354,shared_constituency,ARP-2019,1,0.111111,TNC-d7e470a6f1cf,سوسة,10,1,2019-11-13,2021-07-25,false
TNP-00266,TNP-00364,shared_constituency,ARP-2019,1,0.111111,TNC-d7e470a6f1cf,سوسة,10,1,2019-11-13,2021-07-25,false
TNP-00267,TNP-00271,shared_constituency,ARP-2019,1,0.083333,TNC-20803e341482,نابل 2,13,1,2019-11-13,2021-07-25,false
TNP-00267,TNP-00280,shared_constituency,ARP-2019,1,0.083333,TNC-20803e341482,نابل 2,13,1,2019-11-13,2021-07-25,false
TNP-00267,TNP-00288,shared_constituency,ARP-2019,1,0.083333,TNC-20803e341482,نابل 2,13,1,2019-11-13,2021-07-25,false
TNP-00267,TNP-00352,shared_constituency,ARP-2019,1,0.083333,TNC-20803e341482,نابل 2,13,1,2019-11-13,2021-07-25,false
TNP-00267,TNP-00353,shared_constituency,ARP-2019,1,0.083333,TNC-20803e341482,نابل 2,13,1,2019-11-13,2021-07-25,false
TNP-00267,TNP-00355,shared_constituency,ARP-2019,1,0.083333,TNC-20803e341482,نابل 2,13,1,2019-11-13,2021-07-25,false
TNP-00267,TNP-00366,shared_constituency,ARP-2019,1,0.083333,TNC-20803e341482,نابل 2,13,1,2019-11-13,2021-07-25,false
TNP-00268,TNP-00275,shared_constituency,ARP-2019,1,0.066667,TNC-990caafd3fb3,صفاقس 1,16,1,2019-11-13,2021-07-25,false
TNP-00268,TNP-00305,shared_constituency,ARP-2019,1,0.066667,TNC-990caafd3fb3,صفاقس 1,16,1,2019-11-13,2021-07-25,false
TNP-00268,TNP-00320,shared_constituency,ARP-2019,1,0.066667,TNC-990caafd3fb3,صفاقس 1,16,1,2019-11-13,2021-07-25,false
TNP-00268,TNP-00322,shared_constituency,ARP-2019,1,0.066667,TNC-990caafd3fb3,صفاقس 1,16,1,2019-11-13,2021-07-25,false
TNP-00268,TNP-00327,shared_constituency,ARP-2019,1,0.066667,TNC-990caafd3fb3,صفاقس 1,16,1,2019-11-13,2021-07-25,false
TNP-00268,TNP-00331,shared_constituency,ARP-2019,1,0.066667,TNC-990caafd3fb3,صفاقس 1,16,1,2019-11-13,2021-07-25,false
TNP-00268,TNP-00356,shared_constituency,ARP-2019,1,0.066667,TNC-990caafd3fb3,صفاقس 1,16,1,2019-11-13,2021-07-25,false
TNP-00269,TNP-00276,shared_constituency,ARP-2019,1,0.142857,TNC-86fce3cae9b0,القصرين,8,1,2019-11-13,2021-07-25,false
TNP-00269,TNP-00282,shared_constituency,ARP-2019,1,0.142857,TNC-86fce3cae9b0,القصرين,8,1,2019-11-13,2021-07-25,false
TNP-00269,TNP-00284,shared_constituency,ARP-2019,1,0.142857,TNC-86fce3cae9b0,القصرين,8,1,2019-11-13,2021-07-25,false
TNP-00269,TNP-00308,shared_constituency,ARP-2019,1,0.142857,TNC-86fce3cae9b0,القصرين,8,1,2019-11-13,2021-07-25,false
TNP-00271,TNP-00280,shared_constituency,ARP-2019,1,0.083333,TNC-20803e341482,نابل 2,13,1,2019-11-13,2021-07-25,false
TNP-00271,TNP-00288,shared_constituency,ARP-2019,1,0.083333,TNC-20803e341482,نابل 2,13,1,2019-11-13,2021-07-25,false
TNP-00271,TNP-00352,shared_constituency,ARP-2019,1,0.083333,TNC-20803e341482,نابل 2,13,1,2019-11-13,2021-07-25,false
TNP-00271,TNP-00353,shared_constituency,ARP-2019,1,0.083333,TNC-20803e341482,نابل 2,13,1,2019-11-13,2021-07-25,false
TNP-00271,TNP-00355,shared_constituency,ARP-2019,1,0.083333,TNC-20803e341482,نابل 2,13,1,2019-11-13,2021-07-25,false
TNP-00271,TNP-00366,shared_constituency,ARP-2019,1,0.083333,TNC-20803e341482,نابل 2,13,1,2019-11-13,2021-07-25,false
TNP-00272,TNP-00285,shared_constituency,ARP-2019,1,0.166667,TNC-c14e9c41e9ce,قابس,7,1,2019-11-13,2021-07-25,false
TNP-00273,TNP-00347,shared_constituency,ARP-2019,1,0.333333,TNC-c3a024df701d,تطاوين,4,1,2019-11-13,2021-07-25,false
TNP-00274,TNP-00296,shared_constituency,ARP-2019,1,0.2,TNC-7f9ed563bc4e,باجة,6,1,2019-11-13,2021-07-25,false
TNP-00274,TNP-00318,shared_constituency,ARP-2019,1,0.2,TNC-7f9ed563bc4e,باجة,6,1,2019-11-13,2021-07-25,false
TNP-00274,TNP-00348,shared_constituency,ARP-2019,1,0.2,TNC-7f9ed563bc4e,باجة,6,1,2019-11-13,2021-07-25,false
TNP-00275,TNP-00305,shared_constituency,ARP-2019,1,0.066667,TNC-990caafd3fb3,صفاقس 1,16,1,2019-11-13,2021-07-25,false
TNP-00275,TNP-00320,shared_constituency,ARP-2019,1,0.066667,TNC-990caafd3fb3,صفاقس 1,16,1,2019-11-13,2021-07-25,false
TNP-00275,TNP-00322,shared_constituency,ARP-2019,1,0.066667,TNC-990caafd3fb3,صفاقس 1,16,1,2019-11-13,2021-07-25,false
TNP-00275,TNP-00327,shared_constituency,ARP-2019,1,0.066667,TNC-990caafd3fb3,صفاقس 1,16,1,2019-11-13,2021-07-25,false
TNP-00275,TNP-00331,shared_constituency,ARP-2019,1,0.066667,TNC-990caafd3fb3,صفاقس 1,16,1,2019-11-13,2021-07-25,false
TNP-00275,TNP-00356,shared_constituency,ARP-2019,1,0.066667,TNC-990caafd3fb3,صفاقس 1,16,1,2019-11-13,2021-07-25,false
TNP-00276,TNP-00282,shared_constituency,ARP-2019,1,0.142857,TNC-86fce3cae9b0,القصرين,8,1,2019-11-13,2021-07-25,false
TNP-00276,TNP-00284,shared_constituency,ARP-2019,1,0.142857,TNC-86fce3cae9b0,القصرين,8,1,2019-11-13,2021-07-25,false
TNP-00276,TNP-00308,shared_constituency,ARP-2019,1,0.142857,TNC-86fce3cae9b0,القصرين,8,1,2019-11-13,2021-07-25,false
TNP-00277,TNP-00281,shared_constituency,ARP-2019,1,0.111111,TNC-d7e470a6f1cf,سوسة,10,1,2019-11-13,2021-07-25,false
TNP-00277,TNP-00319,shared_constituency,ARP-2019,1,0.111111,TNC-d7e470a6f1cf,سوسة,10,1,2019-11-13,2021-07-25,false
TNP-00277,TNP-00321,shared_constituency,ARP-2019,1,0.111111,TNC-d7e470a6f1cf,سوسة,10,1,2019-11-13,2021-07-25,false
TNP-00277,TNP-00334,shared_constituency,ARP-2019,1,0.111111,TNC-d7e470a6f1cf,سوسة,10,1,2019-11-13,2021-07-25,false
TNP-00277,TNP-00354,shared_constituency,ARP-2019,1,0.111111,TNC-d7e470a6f1cf,سوسة,10,1,2019-11-13,2021-07-25,false
TNP-00277,TNP-00364,shared_constituency,ARP-2019,1,0.111111,TNC-d7e470a6f1cf,سوسة,10,1,2019-11-13,2021-07-25,false
TNP-00278,TNP-00298,shared_constituency,ARP-2019,1,0.125,TNC-6480cc2b0175,مدنين,9,1,2019-11-13,2021-07-25,false
TNP-00278,TNP-00328,shared_constituency,ARP-2019,1,0.125,TNC-6480cc2b0175,مدنين,9,1,2019-11-13,2021-07-25,false
TNP-00280,TNP-00288,shared_constituency,ARP-2019,1,0.083333,TNC-20803e341482,نابل 2,13,1,2019-11-13,2021-07-25,false
TNP-00280,TNP-00352,shared_constituency,ARP-2019,1,0.083333,TNC-20803e341482,نابل 2,13,1,2019-11-13,2021-07-25,false
TNP-00280,TNP-00353,shared_constituency,ARP-2019,1,0.083333,TNC-20803e341482,نابل 2,13,1,2019-11-13,2021-07-25,false
TNP-00280,TNP-00355,shared_constituency,ARP-2019,1,0.083333,TNC-20803e341482,نابل 2,13,1,2019-11-13,2021-07-25,false
TNP-00280,TNP-00366,shared_constituency,ARP-2019,1,0.083333,TNC-20803e341482,نابل 2,13,1,2019-11-13,2021-07-25,false
TNP-00281,TNP-00319,shared_constituency,ARP-2019,1,0.111111,TNC-d7e470a6f1cf,سوسة,10,1,2019-11-13,2021-07-25,false
TNP-00281,TNP-00321,shared_constituency,ARP-2019,1,0.111111,TNC-d7e470a6f1cf,سوسة,10,1,2019-11-13,2021-07-25,false
TNP-00281,TNP-00334,shared_constituency,ARP-2019,1,0.111111,TNC-d7e470a6f1cf,سوسة,10,1,2019-11-13,2021-07-25,false
TNP-00281,TNP-00354,shared_constituency,ARP-2019,1,0.111111,TNC-d7e470a6f1cf,سوسة,10,1,2019-11-13,2021-07-25,false
TNP-00281,TNP-00364,shared_constituency,ARP-2019,1,0.111111,TNC-d7e470a6f1cf,سوسة,10,1,2019-11-13,2021-07-25,false
TNP-00282,TNP-00284,shared_constituency,ARP-2019,1,0.142857,TNC-86fce3cae9b0,القصرين,8,1,2019-11-13,2021-07-25,false
TNP-00282,TNP-00308,shared_constituency,ARP-2019,1,0.142857,TNC-86fce3cae9b0,القصرين,8,1,2019-11-13,2021-07-25,false
TNP-00283,TNP-00287,shared_constituency,ARP-2019,1,0.125,TNC-a65c89ca4d13,المنستير,9,1,2019-11-13,2021-07-25,false
TNP-00283,TNP-00338,shared_constituency,ARP-2019,1,0.125,TNC-a65c89ca4d13,المنستير,9,1,2019-11-13,2021-07-25,false
TNP-00284,TNP-00308,shared_constituency,ARP-2019,1,0.142857,TNC-86fce3cae9b0,القصرين,8,1,2019-11-13,2021-07-25,false
TNP-00286,TNP-00307,shared_constituency,ARP-2019,1,0.333333,TNC-fb9b69aef92c,توزر,4,1,2019-11-13,2021-07-25,false
TNP-00287,TNP-00338,shared_constituency,ARP-2019,1,0.125,TNC-a65c89ca4d13,المنستير,9,1,2019-11-13,2021-07-25,false
TNP-00288,TNP-00352,shared_constituency,ARP-2019,1,0.083333,TNC-20803e341482,نابل 2,13,1,2019-11-13,2021-07-25,false
TNP-00288,TNP-00353,shared_constituency,ARP-2019,1,0.083333,TNC-20803e341482,نابل 2,13,1,2019-11-13,2021-07-25,false
TNP-00288,TNP-00355,shared_constituency,ARP-2019,1,0.083333,TNC-20803e341482,نابل 2,13,1,2019-11-13,2021-07-25,false
TNP-00288,TNP-00366,shared_constituency,ARP-2019,1,0.083333,TNC-20803e341482,نابل 2,13,1,2019-11-13,2021-07-25,false
TNP-00289,TNP-00304,shared_constituency,ARP-2019,1,0.142857,TNC-505fecc15922,جندوبة,8,1,2019-11-13,2021-07-25,false
TNP-00289,TNP-00351,shared_constituency,ARP-2019,1,0.142857,TNC-505fecc15922,جندوبة,8,1,2019-11-13,2021-07-25,false
TNP-00291,TNP-00317,shared_constituency,ARP-2019,1,0.166667,TNC-e4ad8a676ffb,منوبة,7,1,2019-11-13,2021-07-25,false
TNP-00291,TNP-00344,shared_constituency,ARP-2019,1,0.166667,TNC-e4ad8a676ffb,منوبة,7,1,2019-11-13,2021-07-25,false
TNP-00292,TNP-00295,shared_constituency,ARP-2019,1,0.0625,TNC-cd1ca9244e55,تونس 2,17,1,2019-11-13,2021-07-25,false
TNP-00292,TNP-00300,shared_constituency,ARP-2019,1,0.0625,TNC-cd1ca9244e55,تونس 2,17,1,2019-11-13,2021-07-25,false
TNP-00292,TNP-00313,shared_constituency,ARP-2019,1,0.0625,TNC-cd1ca9244e55,تونس 2,17,1,2019-11-13,2021-07-25,false
TNP-00292,TNP-00316,shared_constituency,ARP-2019,1,0.0625,TNC-cd1ca9244e55,تونس 2,17,1,2019-11-13,2021-07-25,false
TNP-00292,TNP-00323,shared_constituency,ARP-2019,1,0.0625,TNC-cd1ca9244e55,تونس 2,17,1,2019-11-13,2021-07-25,false
TNP-00292,TNP-00330,shared_constituency,ARP-2019,1,0.0625,TNC-cd1ca9244e55,تونس 2,17,1,2019-11-13,2021-07-25,false
TNP-00292,TNP-00332,shared_constituency,ARP-2019,1,0.0625,TNC-cd1ca9244e55,تونس 2,17,1,2019-11-13,2021-07-25,false
TNP-00292,TNP-00335,shared_constituency,ARP-2019,1,0.0625,TNC-cd1ca9244e55,تونس 2,17,1,2019-11-13,2021-07-25,false
TNP-00292,TNP-00342,shared_constituency,ARP-2019,1,0.0625,TNC-cd1ca9244e55,تونس 2,17,1,2019-11-13,2021-07-25,false
TNP-00292,TNP-00357,shared_constituency,ARP-2019,1,0.0625,TNC-cd1ca9244e55,تونس 2,17,1,2019-11-13,2021-07-25,false
TNP-00292,TNP-00359,shared_constituency,ARP-2019,1,0.0625,TNC-cd1ca9244e55,تونس 2,17,1,2019-11-13,2021-07-25,false
TNP-00293,TNP-00315,shared_constituency,ARP-2019,1,1,TNC-83d48176add4,القارة الأمريكية وبقية الدول الأوروبية,2,1,2019-11-13,2021-07-25,false
TNP-00295,TNP-00300,shared_constituency,ARP-2019,1,0.0625,TNC-cd1ca9244e55,تونس 2,17,1,2019-11-13,2021-07-25,false
TNP-00295,TNP-00313,shared_constituency,ARP-2019,1,0.0625,TNC-cd1ca9244e55,تونس 2,17,1,2019-11-13,2021-07-25,false
TNP-00295,TNP-00316,shared_constituency,ARP-2019,1,0.0625,TNC-cd1ca9244e55,تونس 2,17,1,2019-11-13,2021-07-25,false
TNP-00295,TNP-00323,shared_constituency,ARP-2019,1,0.0625,TNC-cd1ca9244e55,تونس 2,17,1,2019-11-13,2021-07-25,false
TNP-00295,TNP-00330,shared_constituency,ARP-2019,1,0.0625,TNC-cd1ca9244e55,تونس 2,17,1,2019-11-13,2021-07-25,false
TNP-00295,TNP-00332,shared_constituency,ARP-2019,1,0.0625,TNC-cd1ca9244e55,تونس 2,17,1,2019-11-13,2021-07-25,false
TNP-00295,TNP-00335,shared_constituency,ARP-2019,1,0.0625,TNC-cd1ca9244e55,تونس 2,17,1,2019-11-13,2021-07-25,false
TNP-00295,TNP-00342,shared_constituency,ARP-2019,1,0.0625,TNC-cd1ca9244e55,تونس 2,17,1,2019-11-13,2021-07-25,false
TNP-00295,TNP-00357,shared_constituency,ARP-2019,1,0.0625,TNC-cd1ca9244e55,تونس 2,17,1,2019-11-13,2021-07-25,false
TNP-00295,TNP-00359,shared_constituency,ARP-2019,1,0.0625,TNC-cd1ca9244e55,تونس 2,17,1,2019-11-13,2021-07-25,false
TNP-00296,TNP-00318,shared_constituency,ARP-2019,1,0.2,TNC-7f9ed563bc4e,باجة,6,1,2019-11-13,2021-07-25,false
TNP-00296,TNP-00348,shared_constituency,ARP-2019,1,0.2,TNC-7f9ed563bc4e,باجة,6,1,2019-11-13,2021-07-25,false
TNP-00297,TNP-00324,shared_constituency,ARP-2019,1,0.142857,TNC-bf84273551e0,أريانة,8,1,2019-11-13,2021-07-25,false
TNP-00298,TNP-00328,shared_constituency,ARP-2019,1,0.125,TNC-6480cc2b0175,مدنين,9,1,2019-11-13,2021-07-25,false
TNP-00299,TNP-00306,shared_constituency,ARP-2019,1,0.142857,TNC-dd0a034cca93,سيدي بوزيد,8,1,2019-11-13,2021-07-25,false
TNP-00300,TNP-00313,shared_constituency,ARP-2019,1,0.0625,TNC-cd1ca9244e55,تونس 2,17,1,2019-11-13,2021-07-25,false
TNP-00300,TNP-00316,shared_constituency,ARP-2019,1,0.0625,TNC-cd1ca9244e55,تونس 2,17,1,2019-11-13,2021-07-25,false
TNP-00300,TNP-00323,shared_constituency,ARP-2019,1,0.0625,TNC-cd1ca9244e55,تونس 2,17,1,2019-11-13,2021-07-25,false
TNP-00300,TNP-00330,shared_constituency,ARP-2019,1,0.0625,TNC-cd1ca9244e55,تونس 2,17,1,2019-11-13,2021-07-25,false
TNP-00300,TNP-00332,shared_constituency,ARP-2019,1,0.0625,TNC-cd1ca9244e55,تونس 2,17,1,2019-11-13,2021-07-25,false
TNP-00300,TNP-00335,shared_constituency,ARP-2019,1,0.0625,TNC-cd1ca9244e55,تونس 2,17,1,2019-11-13,2021-07-25,false
TNP-00300,TNP-00342,shared_constituency,ARP-2019,1,0.0625,TNC-cd1ca9244e55,تونس 2,17,1,2019-11-13,2021-07-25,false
TNP-00300,TNP-00357,shared_constituency,ARP-2019,1,0.0625,TNC-cd1ca9244e55,تونس 2,17,1,2019-11-13,2021-07-25,false
TNP-00300,TNP-00359,shared_constituency,ARP-2019,1,0.0625,TNC-cd1ca9244e55,تونس 2,17,1,2019-11-13,2021-07-25,false
TNP-00301,TNP-00312,shared_constituency,ARP-2019,1,0.111111,TNC-94e024e97a0b,فرنسا 2,10,1,2019-11-13,2021-07-25,false
TNP-00301,TNP-00340,shared_constituency,ARP-2019,1,0.111111,TNC-94e024e97a0b,فرنسا 2,10,1,2019-11-13,2021-07-25,false
TNP-00301,TNP-00358,shared_constituency,ARP-2019,1,0.111111,TNC-94e024e97a0b,فرنسا 2,10,1,2019-11-13,2021-07-25,false
TNP-00301,TNP-00360,shared_constituency,ARP-2019,1,0.111111,TNC-94e024e97a0b,فرنسا 2,10,1,2019-11-13,2021-07-25,false
TNP-00301,TNP-00362,shared_constituency,ARP-2019,1,0.111111,TNC-94e024e97a0b,فرنسا 2,10,1,2019-11-13,2021-07-25,false
TNP-00301,TNP-00363,shared_constituency,ARP-2019,1,0.111111,TNC-94e024e97a0b,فرنسا 2,10,1,2019-11-13,2021-07-25,false
TNP-00302,TNP-00336,shared_constituency,ARP-2019,1,0.142857,TNC-91c675998d9c,المهدية,8,1,2019-11-13,2021-07-25,false
TNP-00304,TNP-00351,shared_constituency,ARP-2019,1,0.142857,TNC-505fecc15922,جندوبة,8,1,2019-11-13,2021-07-25,false
TNP-00305,TNP-00320,shared_constituency,ARP-2019,1,0.066667,TNC-990caafd3fb3,صفاقس 1,16,1,2019-11-13,2021-07-25,false
TNP-00305,TNP-00322,shared_constituency,ARP-2019,1,0.066667,TNC-990caafd3fb3,صفاقس 1,16,1,2019-11-13,2021-07-25,false
TNP-00305,TNP-00327,shared_constituency,ARP-2019,1,0.066667,TNC-990caafd3fb3,صفاقس 1,16,1,2019-11-13,2021-07-25,false
TNP-00305,TNP-00331,shared_constituency,ARP-2019,1,0.066667,TNC-990caafd3fb3,صفاقس 1,16,1,2019-11-13,2021-07-25,false
TNP-00305,TNP-00356,shared_constituency,ARP-2019,1,0.066667,TNC-990caafd3fb3,صفاقس 1,16,1,2019-11-13,2021-07-25,false
TNP-00309,TNP-00310,shared_constituency,ARP-2019,1,0.111111,TNC-65af9ff64cdc,بن عروس,10,1,2019-11-13,2021-07-25,false
TNP-00309,TNP-00326,shared_constituency,ARP-2019,1,0.111111,TNC-65af9ff64cdc,بن عروس,10,1,2019-11-13,2021-07-25,false
TNP-00309,TNP-00329,shared_constituency,ARP-2019,1,0.111111,TNC-65af9ff64cdc,بن عروس,10,1,2019-11-13,2021-07-25,false
TNP-00309,TNP-00337,shared_constituency,ARP-2019,1,0.111111,TNC-65af9ff64cdc,بن عروس,10,1,2019-11-13,2021-07-25,false
TNP-00309,TNP-00346,shared_constituency,ARP-2019,1,0.111111,TNC-65af9ff64cdc,بن عروس,10,1,2019-11-13,2021-07-25,false
TNP-00310,TNP-00326,shared_constituency,ARP-2019,1,0.111111,TNC-65af9ff64cdc,بن عروس,10,1,2019-11-13,2021-07-25,false
TNP-00310,TNP-00329,shared_constituency,ARP-2019,1,0.111111,TNC-65af9ff64cdc,بن عروس,10,1,2019-11-13,2021-07-25,false
TNP-00310,TNP-00337,shared_constituency,ARP-2019,1,0.111111,TNC-65af9ff64cdc,بن عروس,10,1,2019-11-13,2021-07-25,false
TNP-00310,TNP-00346,shared_constituency,ARP-2019,1,0.111111,TNC-65af9ff64cdc,بن عروس,10,1,2019-11-13,2021-07-25,false
TNP-00311,TNP-00333,shared_constituency,ARP-2019,1,0.125,TNC-34bb04969aea,بنزرت,9,1,2019-11-13,2021-07-25,false
TNP-00312,TNP-00340,shared_constituency,ARP-2019,1,0.111111,TNC-94e024e97a0b,فرنسا 2,10,1,2019-11-13,2021-07-25,false
TNP-00312,TNP-00358,shared_constituency,ARP-2019,1,0.111111,TNC-94e024e97a0b,فرنسا 2,10,1,2019-11-13,2021-07-25,false
TNP-00312,TNP-00360,shared_constituency,ARP-2019,1,0.111111,TNC-94e024e97a0b,فرنسا 2,10,1,2019-11-13,2021-07-25,false
TNP-00312,TNP-00362,shared_constituency,ARP-2019,1,0.111111,TNC-94e024e97a0b,فرنسا 2,10,1,2019-11-13,2021-07-25,false
TNP-00312,TNP-00363,shared_constituency,ARP-2019,1,0.111111,TNC-94e024e97a0b,فرنسا 2,10,1,2019-11-13,2021-07-25,false
TNP-00313,TNP-00316,shared_constituency,ARP-2019,1,0.0625,TNC-cd1ca9244e55,تونس 2,17,1,2019-11-13,2021-07-25,false
TNP-00313,TNP-00323,shared_constituency,ARP-2019,1,0.0625,TNC-cd1ca9244e55,تونس 2,17,1,2019-11-13,2021-07-25,false
TNP-00313,TNP-00330,shared_constituency,ARP-2019,1,0.0625,TNC-cd1ca9244e55,تونس 2,17,1,2019-11-13,2021-07-25,false
TNP-00313,TNP-00332,shared_constituency,ARP-2019,1,0.0625,TNC-cd1ca9244e55,تونس 2,17,1,2019-11-13,2021-07-25,false
TNP-00313,TNP-00335,shared_constituency,ARP-2019,1,0.0625,TNC-cd1ca9244e55,تونس 2,17,1,2019-11-13,2021-07-25,false
TNP-00313,TNP-00342,shared_constituency,ARP-2019,1,0.0625,TNC-cd1ca9244e55,تونس 2,17,1,2019-11-13,2021-07-25,false
TNP-00313,TNP-00357,shared_constituency,ARP-2019,1,0.0625,TNC-cd1ca9244e55,تونس 2,17,1,2019-11-13,2021-07-25,false
TNP-00313,TNP-00359,shared_constituency,ARP-2019,1,0.0625,TNC-cd1ca9244e55,تونس 2,17,1,2019-11-13,2021-07-25,false
TNP-00316,TNP-00323,shared_constituency,ARP-2019,1,0.0625,TNC-cd1ca9244e55,تونس 2,17,1,2019-11-13,2021-07-25,false
TNP-00316,TNP-00330,shared_constituency,ARP-2019,1,0.0625,TNC-cd1ca9244e55,تونس 2,17,1,2019-11-13,2021-07-25,false
TNP-00316,TNP-00332,shared_constituency,ARP-2019,1,0.0625,TNC-cd1ca9244e55,تونس 2,17,1,2019-11-13,2021-07-25,false
TNP-00316,TNP-00335,shared_constituency,ARP-2019,1,0.0625,TNC-cd1ca9244e55,تونس 2,17,1,2019-11-13,2021-07-25,false
TNP-00316,TNP-00342,shared_constituency,ARP-2019,1,0.0625,TNC-cd1ca9244e55,تونس 2,17,1,2019-11-13,2021-07-25,false
TNP-00316,TNP-00357,shared_constituency,ARP-2019,1,0.0625,TNC-cd1ca9244e55,تونس 2,17,1,2019-11-13,2021-07-25,false
TNP-00316,TNP-00359,shared_constituency,ARP-2019,1,0.0625,TNC-cd1ca9244e55,تونس 2,17,1,2019-11-13,2021-07-25,false
TNP-00317,TNP-00344,shared_constituency,ARP-2019,1,0.166667,TNC-e4ad8a676ffb,منوبة,7,1,2019-11-13,2021-07-25,false
TNP-00318,TNP-00348,shared_constituency,ARP-2019,1,0.2,TNC-7f9ed563bc4e,باجة,6,1,2019-11-13,2021-07-25,false
TNP-00319,TNP-00321,shared_constituency,ARP-2019,1,0.111111,TNC-d7e470a6f1cf,سوسة,10,1,2019-11-13,2021-07-25,false
TNP-00319,TNP-00334,shared_constituency,ARP-2019,1,0.111111,TNC-d7e470a6f1cf,سوسة,10,1,2019-11-13,2021-07-25,false
TNP-00319,TNP-00354,shared_constituency,ARP-2019,1,0.111111,TNC-d7e470a6f1cf,سوسة,10,1,2019-11-13,2021-07-25,false
TNP-00319,TNP-00364,shared_constituency,ARP-2019,1,0.111111,TNC-d7e470a6f1cf,سوسة,10,1,2019-11-13,2021-07-25,false
TNP-00320,TNP-00322,shared_constituency,ARP-2019,1,0.066667,TNC-990caafd3fb3,صفاقس 1,16,1,2019-11-13,2021-07-25,false
TNP-00320,TNP-00327,shared_constituency,ARP-2019,1,0.066667,TNC-990caafd3fb3,صفاقس 1,16,1,2019-11-13,2021-07-25,false
TNP-00320,TNP-00331,shared_constituency,ARP-2019,1,0.066667,TNC-990caafd3fb3,صفاقس 1,16,1,2019-11-13,2021-07-25,false
TNP-00320,TNP-00356,shared_constituency,ARP-2019,1,0.066667,TNC-990caafd3fb3,صفاقس 1,16,1,2019-11-13,2021-07-25,false
TNP-00321,TNP-00334,shared_constituency,ARP-2019,1,0.111111,TNC-d7e470a6f1cf,سوسة,10,1,2019-11-13,2021-07-25,false
TNP-00321,TNP-00354,shared_constituency,ARP-2019,1,0.111111,TNC-d7e470a6f1cf,سوسة,10,1,2019-11-13,2021-07-25,false
TNP-00321,TNP-00364,shared_constituency,ARP-2019,1,0.111111,TNC-d7e470a6f1cf,سوسة,10,1,2019-11-13,2021-07-25,false
TNP-00322,TNP-00327,shared_constituency,ARP-2019,1,0.066667,TNC-990caafd3fb3,صفاقس 1,16,1,2019-11-13,2021-07-25,false
TNP-00322,TNP-00331,shared_constituency,ARP-2019,1,0.066667,TNC-990caafd3fb3,صفاقس 1,16,1,2019-11-13,2021-07-25,false
TNP-00322,TNP-00356,shared_constituency,ARP-2019,1,0.066667,TNC-990caafd3fb3,صفاقس 1,16,1,2019-11-13,2021-07-25,false
TNP-00323,TNP-00330,shared_constituency,ARP-2019,1,0.0625,TNC-cd1ca9244e55,تونس 2,17,1,2019-11-13,2021-07-25,false
TNP-00323,TNP-00332,shared_constituency,ARP-2019,1,0.0625,TNC-cd1ca9244e55,تونس 2,17,1,2019-11-13,2021-07-25,false
TNP-00323,TNP-00335,shared_constituency,ARP-2019,1,0.0625,TNC-cd1ca9244e55,تونس 2,17,1,2019-11-13,2021-07-25,false
TNP-00323,TNP-00342,shared_constituency,ARP-2019,1,0.0625,TNC-cd1ca9244e55,تونس 2,17,1,2019-11-13,2021-07-25,false
TNP-00323,TNP-00357,shared_constituency,ARP-2019,1,0.0625,TNC-cd1ca9244e55,تونس 2,17,1,2019-11-13,2021-07-25,false
TNP-00323,TNP-00359,shared_constituency,ARP-2019,1,0.0625,TNC-cd1ca9244e55,تونس 2,17,1,2019-11-13,2021-07-25,false
TNP-00325,TNP-00339,shared_constituency,ARP-2019,1,0.142857,TNC-4c5b0de0b4df,القيروان,8,1,2019-11-13,2021-07-25,false
TNP-00325,TNP-00341,shared_constituency,ARP-2019,1,0.142857,TNC-4c5b0de0b4df,القيروان,8,1,2019-11-13,2021-07-25,false
TNP-00325,TNP-00343,shared_constituency,ARP-2019,1,0.142857,TNC-4c5b0de0b4df,القيروان,8,1,2019-11-13,2021-07-25,false
TNP-00325,TNP-00350,shared_constituency,ARP-2019,1,0.142857,TNC-4c5b0de0b4df,القيروان,8,1,2019-11-13,2021-07-25,false
TNP-00326,TNP-00329,shared_constituency,ARP-2019,1,0.111111,TNC-65af9ff64cdc,بن عروس,10,1,2019-11-13,2021-07-25,false
TNP-00326,TNP-00337,shared_constituency,ARP-2019,1,0.111111,TNC-65af9ff64cdc,بن عروس,10,1,2019-11-13,2021-07-25,false
TNP-00326,TNP-00346,shared_constituency,ARP-2019,1,0.111111,TNC-65af9ff64cdc,بن عروس,10,1,2019-11-13,2021-07-25,false
TNP-00327,TNP-00331,shared_constituency,ARP-2019,1,0.066667,TNC-990caafd3fb3,صفاقس 1,16,1,2019-11-13,2021-07-25,false
TNP-00327,TNP-00356,shared_constituency,ARP-2019,1,0.066667,TNC-990caafd3fb3,صفاقس 1,16,1,2019-11-13,2021-07-25,false
TNP-00329,TNP-00337,shared_constituency,ARP-2019,1,0.111111,TNC-65af9ff64cdc,بن عروس,10,1,2019-11-13,2021-07-25,false
TNP-00329,TNP-00346,shared_constituency,ARP-2019,1,0.111111,TNC-65af9ff64cdc,بن عروس,10,1,2019-11-13,2021-07-25,false
TNP-00330,TNP-00332,shared_constituency,ARP-2019,1,0.0625,TNC-cd1ca9244e55,تونس 2,17,1,2019-11-13,2021-07-25,false
TNP-00330,TNP-00335,shared_constituency,ARP-2019,1,0.0625,TNC-cd1ca9244e55,تونس 2,17,1,2019-11-13,2021-07-25,false
TNP-00330,TNP-00342,shared_constituency,ARP-2019,1,0.0625,TNC-cd1ca9244e55,تونس 2,17,1,2019-11-13,2021-07-25,false
TNP-00330,TNP-00357,shared_constituency,ARP-2019,1,0.0625,TNC-cd1ca9244e55,تونس 2,17,1,2019-11-13,2021-07-25,false
TNP-00330,TNP-00359,shared_constituency,ARP-2019,1,0.0625,TNC-cd1ca9244e55,تونس 2,17,1,2019-11-13,2021-07-25,false
TNP-00331,TNP-00356,shared_constituency,ARP-2019,1,0.066667,TNC-990caafd3fb3,صفاقس 1,16,1,2019-11-13,2021-07-25,false
TNP-00332,TNP-00335,shared_constituency,ARP-2019,1,0.0625,TNC-cd1ca9244e55,تونس 2,17,1,2019-11-13,2021-07-25,false
TNP-00332,TNP-00342,shared_constituency,ARP-2019,1,0.0625,TNC-cd1ca9244e55,تونس 2,17,1,2019-11-13,2021-07-25,false
TNP-00332,TNP-00357,shared_constituency,ARP-2019,1,0.0625,TNC-cd1ca9244e55,تونس 2,17,1,2019-11-13,2021-07-25,false
TNP-00332,TNP-00359,shared_constituency,ARP-2019,1,0.0625,TNC-cd1ca9244e55,تونس 2,17,1,2019-11-13,2021-07-25,false
TNP-00334,TNP-00354,shared_constituency,ARP-2019,1,0.111111,TNC-d7e470a6f1cf,سوسة,10,1,2019-11-13,2021-07-25,false
TNP-00334,TNP-00364,shared_constituency,ARP-2019,1,0.111111,TNC-d7e470a6f1cf,سوسة,10,1,2019-11-13,2021-07-25,false
TNP-00335,TNP-00342,shared_constituency,ARP-2019,1,0.0625,TNC-cd1ca9244e55,تونس 2,17,1,2019-11-13,2021-07-25,false
TNP-00335,TNP-00357,shared_constituency,ARP-2019,1,0.0625,TNC-cd1ca9244e55,تونس 2,17,1,2019-11-13,2021-07-25,false
TNP-00335,TNP-00359,shared_constituency,ARP-2019,1,0.0625,TNC-cd1ca9244e55,تونس 2,17,1,2019-11-13,2021-07-25,false
TNP-00337,TNP-00346,shared_constituency,ARP-2019,1,0.111111,TNC-65af9ff64cdc,بن عروس,10,1,2019-11-13,2021-07-25,false
TNP-00339,TNP-00341,shared_constituency,ARP-2019,1,0.142857,TNC-4c5b0de0b4df,القيروان,8,1,2019-11-13,2021-07-25,false
TNP-00339,TNP-00343,shared_constituency,ARP-2019,1,0.142857,TNC-4c5b0de0b4df,القيروان,8,1,2019-11-13,2021-07-25,false
TNP-00339,TNP-00350,shared_constituency,ARP-2019,1,0.142857,TNC-4c5b0de0b4df,القيروان,8,1,2019-11-13,2021-07-25,false
TNP-00340,TNP-00358,shared_constituency,ARP-2019,1,0.111111,TNC-94e024e97a0b,فرنسا 2,10,1,2019-11-13,2021-07-25,false
TNP-00340,TNP-00360,shared_constituency,ARP-2019,1,0.111111,TNC-94e024e97a0b,فرنسا 2,10,1,2019-11-13,2021-07-25,false
TNP-00340,TNP-00362,shared_constituency,ARP-2019,1,0.111111,TNC-94e024e97a0b,فرنسا 2,10,1,2019-11-13,2021-07-25,false
TNP-00340,TNP-00363,shared_constituency,ARP-2019,1,0.111111,TNC-94e024e97a0b,فرنسا 2,10,1,2019-11-13,2021-07-25,false
TNP-00341,TNP-00343,shared_constituency,ARP-2019,1,0.142857,TNC-4c5b0de0b4df,القيروان,8,1,2019-11-13,2021-07-25,false
TNP-00341,TNP-00350,shared_constituency,ARP-2019,1,0.142857,TNC-4c5b0de0b4df,القيروان,8,1,2019-11-13,2021-07-25,false
TNP-00342,TNP-00357,shared_constituency,ARP-2019,1,0.0625,TNC-cd1ca9244e55,تونس 2,17,1,2019-11-13,2021-07-25,false
TNP-00342,TNP-00359,shared_constituency,ARP-2019,1,0.0625,TNC-cd1ca9244e55,تونس 2,17,1,2019-11-13,2021-07-25,false
TNP-00343,TNP-00350,shared_constituency,ARP-2019,1,0.142857,TNC-4c5b0de0b4df,القيروان,8,1,2019-11-13,2021-07-25,false
TNP-00345,TNP-00349,shared_constituency,ARP-2019,1,0.166667,TNC-5531b77d50b4,قفصة,7,1,2019-11-13,2021-07-25,false
TNP-00345,TNP-00361,shared_constituency,ARP-2019,1,0.166667,TNC-5531b77d50b4,قفصة,7,1,2019-11-13,2021-07-25,false
TNP-00349,TNP-00361,shared_constituency,ARP-2019,1,0.166667,TNC-5531b77d50b4,قفصة,7,1,2019-11-13,2021-07-25,false
TNP-00352,TNP-00353,shared_constituency,ARP-2019,1,0.083333,TNC-20803e341482,نابل 2,13,1,2019-11-13,2021-07-25,false
TNP-00352,TNP-00355,shared_constituency,ARP-2019,1,0.083333,TNC-20803e341482,نابل 2,13,1,2019-11-13,2021-07-25,false
TNP-00352,TNP-00366,shared_constituency,ARP-2019,1,0.083333,TNC-20803e341482,نابل 2,13,1,2019-11-13,2021-07-25,false
TNP-00353,TNP-00355,shared_constituency,ARP-2019,1,0.083333,TNC-20803e341482,نابل 2,13,1,2019-11-13,2021-07-25,false
TNP-00353,TNP-00366,shared_constituency,ARP-2019,1,0.083333,TNC-20803e341482,نابل 2,13,1,2019-11-13,2021-07-25,false
TNP-00354,TNP-00364,shared_constituency,ARP-2019,1,0.111111,TNC-d7e470a6f1cf,سوسة,10,1,2019-11-13,2021-07-25,false
TNP-00355,TNP-00366,shared_constituency,ARP-2019,1,0.083333,TNC-20803e341482,نابل 2,13,1,2019-11-13,2021-07-25,false
TNP-00357,TNP-00359,shared_constituency,ARP-2019,1,0.0625,TNC-cd1ca9244e55,تونس 2,17,1,2019-11-13,2021-07-25,false
TNP-00358,TNP-00360,shared_constituency,ARP-2019,1,0.111111,TNC-94e024e97a0b,فرنسا 2,10,1,2019-11-13,2021-07-25,false
TNP-00358,TNP-00362,shared_constituency,ARP-2019,1,0.111111,TNC-94e024e97a0b,فرنسا 2,10,1,2019-11-13,2021-07-25,false
TNP-00358,TNP-00363,shared_constituency,ARP-2019,1,0.111111,TNC-94e024e97a0b,فرنسا 2,10,1,2019-11-13,2021-07-25,false
TNP-00360,TNP-00362,shared_constituency,ARP-2019,1,0.111111,TNC-94e024e97a0b,فرنسا 2,10,1,2019-11-13,2021-07-25,false
TNP-00360,TNP-00363,shared_constituency,ARP-2019,1,0.111111,TNC-94e024e97a0b,فرنسا 2,10,1,2019-11-13,2021-07-25,false
TNP-00362,TNP-00363,shared_constituency,ARP-2019,1,0.111111,TNC-94e024e97a0b,فرنسا 2,10,1,2019-11-13,2021-07-25,false
TNP-00003,TNP-00092,shared_constituency,ARP-2023,1,1,TNC-966f30f38658,المنستير1,2,1,2023-03-13,,false
TNP-00059,TNP-00138,shared_constituency,ARP-2023,1,1,TNC-93c97f9de2b6,دائرة سكرة 2,2,1,2023-03-13,,false
TNP-00063,TNP-00111,shared_constituency,ARP-2023,1,1,TNC-f7ca812f36b8,فرنسا 2,2,1,2023-03-13,,false
TNP-00007,TNP-00357,shared_constituency,NCA-2011,1,0.125,TNC-2febbe9c7d52,تونس الأولى,9,1,2011-11-22,2014-12-01,false
TNP-00007,TNP-00442,shared_constituency,NCA-2011,1,0.125,TNC-2febbe9c7d52,تونس الأولى,9,1,2011-11-22,2014-12-01,false
TNP-00007,TNP-00443,shared_constituency,NCA-2011,1,0.125,TNC-2febbe9c7d52,تونس الأولى,9,1,2011-11-22,2014-12-01,false
TNP-00007,TNP-00508,shared_constituency,NCA-2011,1,0.125,TNC-2febbe9c7d52,تونس الأولى,9,1,2011-11-22,2014-12-01,false
TNP-00007,TNP-00526,shared_constituency,NCA-2011,1,0.125,TNC-2febbe9c7d52,تونس الأولى,9,1,2011-11-22,2014-12-01,false
TNP-00007,TNP-00547,shared_constituency,NCA-2011,1,0.125,TNC-2febbe9c7d52,تونس الأولى,9,1,2011-11-22,2014-12-01,false
TNP-00007,TNP-00556,shared_constituency,NCA-2011,1,0.125,TNC-2febbe9c7d52,تونس الأولى,9,1,2011-11-22,2014-12-01,false
TNP-00007,TNP-00563,shared_constituency,NCA-2011,1,0.125,TNC-2febbe9c7d52,تونس الأولى,9,1,2011-11-22,2014-12-01,false
TNP-00141,TNP-00289,shared_constituency,NCA-2011,1,0.142857,TNC-d5c817850493,جندوبة,8,1,2011-11-22,2014-12-01,false
TNP-00141,TNP-00369,shared_constituency,NCA-2011,1,0.142857,TNC-d5c817850493,جندوبة,8,1,2011-11-22,2014-12-01,false
TNP-00141,TNP-00424,shared_constituency,NCA-2011,1,0.142857,TNC-d5c817850493,جندوبة,8,1,2011-11-22,2014-12-01,false
TNP-00141,TNP-00445,shared_constituency,NCA-2011,1,0.142857,TNC-d5c817850493,جندوبة,8,1,2011-11-22,2014-12-01,false
TNP-00141,TNP-00455,shared_constituency,NCA-2011,1,0.142857,TNC-d5c817850493,جندوبة,8,1,2011-11-22,2014-12-01,false
TNP-00141,TNP-00551,shared_constituency,NCA-2011,1,0.142857,TNC-d5c817850493,جندوبة,8,1,2011-11-22,2014-12-01,false
TNP-00141,TNP-00562,shared_constituency,NCA-2011,1,0.142857,TNC-d5c817850493,جندوبة,8,1,2011-11-22,2014-12-01,false
TNP-00174,TNP-00440,shared_constituency,NCA-2011,1,0.25,TNC-ad284920bd07,فرنسا الأولى,5,1,2011-11-22,2014-12-01,false
TNP-00174,TNP-00500,shared_constituency,NCA-2011,1,0.25,TNC-ad284920bd07,فرنسا الأولى,5,1,2011-11-22,2014-12-01,false
TNP-00174,TNP-00536,shared_constituency,NCA-2011,1,0.25,TNC-ad284920bd07,فرنسا الأولى,5,1,2011-11-22,2014-12-01,false
TNP-00174,TNP-00557,shared_constituency,NCA-2011,1,0.25,TNC-ad284920bd07,فرنسا الأولى,5,1,2011-11-22,2014-12-01,false
TNP-00247,TNP-00460,shared_constituency,NCA-2011,1,0.166667,TNC-4e045f7b3148,منوبة,7,1,2011-11-22,2014-12-01,false
TNP-00247,TNP-00462,shared_constituency,NCA-2011,1,0.166667,TNC-4e045f7b3148,منوبة,7,1,2011-11-22,2014-12-01,false
TNP-00247,TNP-00463,shared_constituency,NCA-2011,1,0.166667,TNC-4e045f7b3148,منوبة,7,1,2011-11-22,2014-12-01,false
TNP-00247,TNP-00464,shared_constituency,NCA-2011,1,0.166667,TNC-4e045f7b3148,منوبة,7,1,2011-11-22,2014-12-01,false
TNP-00247,TNP-00476,shared_constituency,NCA-2011,1,0.166667,TNC-4e045f7b3148,منوبة,7,1,2011-11-22,2014-12-01,false
TNP-00247,TNP-00501,shared_constituency,NCA-2011,1,0.166667,TNC-4e045f7b3148,منوبة,7,1,2011-11-22,2014-12-01,false
TNP-00264,TNP-00377,shared_constituency,NCA-2011,1,0.125,TNC-0827ceafe35d,بنزرت,9,1,2011-11-22,2014-12-01,false
TNP-00264,TNP-00405,shared_constituency,NCA-2011,1,0.125,TNC-0827ceafe35d,بنزرت,9,1,2011-11-22,2014-12-01,false
TNP-00264,TNP-00459,shared_constituency,NCA-2011,1,0.125,TNC-0827ceafe35d,بنزرت,9,1,2011-11-22,2014-12-01,false
TNP-00264,TNP-00503,shared_constituency,NCA-2011,1,0.125,TNC-0827ceafe35d,بنزرت,9,1,2011-11-22,2014-12-01,false
TNP-00264,TNP-00525,shared_constituency,NCA-2011,1,0.125,TNC-0827ceafe35d,بنزرت,9,1,2011-11-22,2014-12-01,false
TNP-00264,TNP-00549,shared_constituency,NCA-2011,1,0.125,TNC-0827ceafe35d,بنزرت,9,1,2011-11-22,2014-12-01,false
TNP-00264,TNP-00559,shared_constituency,NCA-2011,1,0.125,TNC-0827ceafe35d,بنزرت,9,1,2011-11-22,2014-12-01,false
TNP-00264,TNP-00567,shared_constituency,NCA-2011,1,0.125,TNC-0827ceafe35d,بنزرت,9,1,2011-11-22,2014-12-01,false
TNP-00267,TNP-00446,shared_constituency,NCA-2011,1,0.166667,TNC-017562922a2d,نابل الأولى,7,1,2011-11-22,2014-12-01,false
TNP-00267,TNP-00457,shared_constituency,NCA-2011,1,0.166667,TNC-017562922a2d,نابل الأولى,7,1,2011-11-22,2014-12-01,false
TNP-00267,TNP-00539,shared_constituency,NCA-2011,1,0.166667,TNC-017562922a2d,نابل الأولى,7,1,2011-11-22,2014-12-01,false
TNP-00267,TNP-00543,shared_constituency,NCA-2011,1,0.166667,TNC-017562922a2d,نابل الأولى,7,1,2011-11-22,2014-12-01,false
TNP-00267,TNP-00554,shared_constituency,NCA-2011,1,0.166667,TNC-017562922a2d,نابل الأولى,7,1,2011-11-22,2014-12-01,false
TNP-00267,TNP-00568,shared_constituency,NCA-2011,1,0.166667,TNC-017562922a2d,نابل الأولى,7,1,2011-11-22,2014-12-01,false
TNP-00277,TNP-00364,shared_constituency,NCA-2011,1,0.111111,TNC-79b664be1960,سوسة,10,1,2011-11-22,2014-12-01,false
TNP-00277,TNP-00376,shared_constituency,NCA-2011,1,0.111111,TNC-79b664be1960,سوسة,10,1,2011-11-22,2014-12-01,false
TNP-00277,TNP-00387,shared_constituency,NCA-2011,1,0.111111,TNC-79b664be1960,سوسة,10,1,2011-11-22,2014-12-01,false
TNP-00277,TNP-00451,shared_constituency,NCA-2011,1,0.111111,TNC-79b664be1960,سوسة,10,1,2011-11-22,2014-12-01,false
TNP-00277,TNP-00486,shared_constituency,NCA-2011,1,0.111111,TNC-79b664be1960,سوسة,10,1,2011-11-22,2014-12-01,false
TNP-00277,TNP-00514,shared_constituency,NCA-2011,1,0.111111,TNC-79b664be1960,سوسة,10,1,2011-11-22,2014-12-01,false
TNP-00277,TNP-00529,shared_constituency,NCA-2011,1,0.111111,TNC-79b664be1960,سوسة,10,1,2011-11-22,2014-12-01,false
TNP-00277,TNP-00530,shared_constituency,NCA-2011,1,0.111111,TNC-79b664be1960,سوسة,10,1,2011-11-22,2014-12-01,false
TNP-00277,TNP-00552,shared_constituency,NCA-2011,1,0.111111,TNC-79b664be1960,سوسة,10,1,2011-11-22,2014-12-01,false
TNP-00285,TNP-00499,shared_constituency,NCA-2011,1,1,TNC-5b704a46b450,القارة الأمريكية وبقية الدول الأوروبية,2,1,2011-11-22,2014-12-01,false
TNP-00289,TNP-00369,shared_constituency,NCA-2011,1,0.142857,TNC-d5c817850493,جندوبة,8,1,2011-11-22,2014-12-01,false
TNP-00289,TNP-00424,shared_constituency,NCA-2011,1,0.142857,TNC-d5c817850493,جندوبة,8,1,2011-11-22,2014-12-01,false
TNP-00289,TNP-00445,shared_constituency,NCA-2011,1,0.142857,TNC-d5c817850493,جندوبة,8,1,2011-11-22,2014-12-01,false
TNP-00289,TNP-00455,shared_constituency,NCA-2011,1,0.142857,TNC-d5c817850493,جندوبة,8,1,2011-11-22,2014-12-01,false
TNP-00289,TNP-00551,shared_constituency,NCA-2011,1,0.142857,TNC-d5c817850493,جندوبة,8,1,2011-11-22,2014-12-01,false
TNP-00289,TNP-00562,shared_constituency,NCA-2011,1,0.142857,TNC-d5c817850493,جندوبة,8,1,2011-11-22,2014-12-01,false
TNP-00301,TNP-00422,shared_constituency,NCA-2011,1,0.25,TNC-ab2cc30717b4,فرنسا الثانية,5,1,2011-11-22,2014-12-01,false
TNP-00301,TNP-00491,shared_constituency,NCA-2011,1,0.25,TNC-ab2cc30717b4,فرنسا الثانية,5,1,2011-11-22,2014-12-01,false
TNP-00301,TNP-00512,shared_constituency,NCA-2011,1,0.25,TNC-ab2cc30717b4,فرنسا الثانية,5,1,2011-11-22,2014-12-01,false
TNP-00301,TNP-00558,shared_constituency,NCA-2011,1,0.25,TNC-ab2cc30717b4,فرنسا الثانية,5,1,2011-11-22,2014-12-01,false
TNP-00324,TNP-00389,shared_constituency,NCA-2011,1,0.142857,TNC-318f5c8e7cc7,أريانة,8,1,2011-11-22,2014-12-01,false
TNP-00324,TNP-00391,shared_constituency,NCA-2011,1,0.142857,TNC-318f5c8e7cc7,أريانة,8,1,2011-11-22,2014-12-01,false
TNP-00324,TNP-00398,shared_constituency,NCA-2011,1,0.142857,TNC-318f5c8e7cc7,أريانة,8,1,2011-11-22,2014-12-01,false
TNP-00324,TNP-00468,shared_constituency,NCA-2011,1,0.142857,TNC-318f5c8e7cc7,أريانة,8,1,2011-11-22,2014-12-01,false
TNP-00324,TNP-00473,shared_constituency,NCA-2011,1,0.142857,TNC-318f5c8e7cc7,أريانة,8,1,2011-11-22,2014-12-01,false
TNP-00324,TNP-00490,shared_constituency,NCA-2011,1,0.142857,TNC-318f5c8e7cc7,أريانة,8,1,2011-11-22,2014-12-01,false
TNP-00324,TNP-00506,shared_constituency,NCA-2011,1,0.142857,TNC-318f5c8e7cc7,أريانة,8,1,2011-11-22,2014-12-01,false
TNP-00332,TNP-00390,shared_constituency,NCA-2011,1,0.2,TNC-e4d451ace536,نابل الثانية,6,1,2011-11-22,2014-12-01,false
TNP-00332,TNP-00452,shared_constituency,NCA-2011,1,0.2,TNC-e4d451ace536,نابل الثانية,6,1,2011-11-22,2014-12-01,false
TNP-00332,TNP-00477,shared_constituency,NCA-2011,1,0.2,TNC-e4d451ace536,نابل الثانية,6,1,2011-11-22,2014-12-01,false
TNP-00332,TNP-00480,shared_constituency,NCA-2011,1,0.2,TNC-e4d451ace536,نابل الثانية,6,1,2011-11-22,2014-12-01,false
TNP-00332,TNP-00524,shared_constituency,NCA-2011,1,0.2,TNC-e4d451ace536,نابل الثانية,6,1,2011-11-22,2014-12-01,false
TNP-00357,TNP-00442,shared_constituency,NCA-2011,1,0.125,TNC-2febbe9c7d52,تونس الأولى,9,1,2011-11-22,2014-12-01,false
TNP-00357,TNP-00443,shared_constituency,NCA-2011,1,0.125,TNC-2febbe9c7d52,تونس الأولى,9,1,2011-11-22,2014-12-01,false
TNP-00357,TNP-00508,shared_constituency,NCA-2011,1,0.125,TNC-2febbe9c7d52,تونس الأولى,9,1,2011-11-22,2014-12-01,false
TNP-00357,TNP-00526,shared_constituency,NCA-2011,1,0.125,TNC-2febbe9c7d52,تونس الأولى,9,1,2011-11-22,2014-12-01,false
TNP-00357,TNP-00547,shared_constituency,NCA-2011,1,0.125,TNC-2febbe9c7d52,تونس الأولى,9,1,2011-11-22,2014-12-01,false
TNP-00357,TNP-00556,shared_constituency,NCA-2011,1,0.125,TNC-2febbe9c7d52,تونس الأولى,9,1,2011-11-22,2014-12-01,false
TNP-00357,TNP-00563,shared_constituency,NCA-2011,1,0.125,TNC-2febbe9c7d52,تونس الأولى,9,1,2011-11-22,2014-12-01,false
TNP-00364,TNP-00376,shared_constituency,NCA-2011,1,0.111111,TNC-79b664be1960,سوسة,10,1,2011-11-22,2014-12-01,false
TNP-00364,TNP-00387,shared_constituency,NCA-2011,1,0.111111,TNC-79b664be1960,سوسة,10,1,2011-11-22,2014-12-01,false
TNP-00364,TNP-00451,shared_constituency,NCA-2011,1,0.111111,TNC-79b664be1960,سوسة,10,1,2011-11-22,2014-12-01,false
TNP-00364,TNP-00486,shared_constituency,NCA-2011,1,0.111111,TNC-79b664be1960,سوسة,10,1,2011-11-22,2014-12-01,false
TNP-00364,TNP-00514,shared_constituency,NCA-2011,1,0.111111,TNC-79b664be1960,سوسة,10,1,2011-11-22,2014-12-01,false
TNP-00364,TNP-00529,shared_constituency,NCA-2011,1,0.111111,TNC-79b664be1960,سوسة,10,1,2011-11-22,2014-12-01,false
TNP-00364,TNP-00530,shared_constituency,NCA-2011,1,0.111111,TNC-79b664be1960,سوسة,10,1,2011-11-22,2014-12-01,false
TNP-00364,TNP-00552,shared_constituency,NCA-2011,1,0.111111,TNC-79b664be1960,سوسة,10,1,2011-11-22,2014-12-01,false
TNP-00367,TNP-00379,shared_constituency,NCA-2011,1,0.125,TNC-583f49488ae9,المنستير,9,1,2011-11-22,2014-12-01,false
TNP-00367,TNP-00395,shared_constituency,NCA-2011,1,0.125,TNC-583f49488ae9,المنستير,9,1,2011-11-22,2014-12-01,false
TNP-00367,TNP-00399,shared_constituency,NCA-2011,1,0.125,TNC-583f49488ae9,المنستير,9,1,2011-11-22,2014-12-01,false
TNP-00367,TNP-00410,shared_constituency,NCA-2011,1,0.125,TNC-583f49488ae9,المنستير,9,1,2011-11-22,2014-12-01,false
TNP-00367,TNP-00447,shared_constituency,NCA-2011,1,0.125,TNC-583f49488ae9,المنستير,9,1,2011-11-22,2014-12-01,false
TNP-00367,TNP-00518,shared_constituency,NCA-2011,1,0.125,TNC-583f49488ae9,المنستير,9,1,2011-11-22,2014-12-01,false
TNP-00367,TNP-00532,shared_constituency,NCA-2011,1,0.125,TNC-583f49488ae9,المنستير,9,1,2011-11-22,2014-12-01,false
TNP-00367,TNP-00540,shared_constituency,NCA-2011,1,0.125,TNC-583f49488ae9,المنستير,9,1,2011-11-22,2014-12-01,false
TNP-00368,TNP-00380,shared_constituency,NCA-2011,1,0.25,TNC-6c9ddf89d1b4,قبلي,5,1,2011-11-22,2014-12-01,false
TNP-00368,TNP-00416,shared_constituency,NCA-2011,1,0.25,TNC-6c9ddf89d1b4,قبلي,5,1,2011-11-22,2014-12-01,false
TNP-00368,TNP-00478,shared_constituency,NCA-2011,1,0.25,TNC-6c9ddf89d1b4,قبلي,5,1,2011-11-22,2014-12-01,false
TNP-00368,TNP-00531,shared_constituency,NCA-2011,1,0.25,TNC-6c9ddf89d1b4,قبلي,5,1,2011-11-22,2014-12-01,false
TNP-00369,TNP-00424,shared_constituency,NCA-2011,1,0.142857,TNC-d5c817850493,جندوبة,8,1,2011-11-22,2014-12-01,false
TNP-00369,TNP-00445,shared_constituency,NCA-2011,1,0.142857,TNC-d5c817850493,جندوبة,8,1,2011-11-22,2014-12-01,false
TNP-00369,TNP-00455,shared_constituency,NCA-2011,1,0.142857,TNC-d5c817850493,جندوبة,8,1,2011-11-22,2014-12-01,false
TNP-00369,TNP-00551,shared_constituency,NCA-2011,1,0.142857,TNC-d5c817850493,جندوبة,8,1,2011-11-22,2014-12-01,false
TNP-00369,TNP-00562,shared_constituency,NCA-2011,1,0.142857,TNC-d5c817850493,جندوبة,8,1,2011-11-22,2014-12-01,false
TNP-00370,TNP-00409,shared_constituency,NCA-2011,1,0.166667,TNC-190ffea8a951,صفاقس الأولى,7,1,2011-11-22,2014-12-01,false
TNP-00370,TNP-00419,shared_constituency,NCA-2011,1,0.166667,TNC-190ffea8a951,صفاقس الأولى,7,1,2011-11-22,2014-12-01,false
TNP-00370,TNP-00485,shared_constituency,NCA-2011,1,0.166667,TNC-190ffea8a951,صفاقس الأولى,7,1,2011-11-22,2014-12-01,false
TNP-00370,TNP-00494,shared_constituency,NCA-2011,1,0.166667,TNC-190ffea8a951,صفاقس الأولى,7,1,2011-11-22,2014-12-01,false
TNP-00370,TNP-00507,shared_constituency,NCA-2011,1,0.166667,TNC-190ffea8a951,صفاقس الأولى,7,1,2011-11-22,2014-12-01,false
TNP-00370,TNP-00553,shared_constituency,NCA-2011,1,0.166667,TNC-190ffea8a951,صفاقس الأولى,7,1,2011-11-22,2014-12-01,false
TNP-00371,TNP-00428,shared_constituency,NCA-2011,1,0.125,TNC-c7d1a327d9a1,القيروان,9,1,2011-11-22,2014-12-01,false
TNP-00371,TNP-00429,shared_constituency,NCA-2011,1,0.125,TNC-c7d1a327d9a1,القيروان,9,1,2011-11-22,2014-12-01,false
TNP-00371,TNP-00482,shared_constituency,NCA-2011,1,0.125,TNC-c7d1a327d9a1,القيروان,9,1,2011-11-22,2014-12-01,false
TNP-00371,TNP-00484,shared_constituency,NCA-2011,1,0.125,TNC-c7d1a327d9a1,القيروان,9,1,2011-11-22,2014-12-01,false
TNP-00371,TNP-00502,shared_constituency,NCA-2011,1,0.125,TNC-c7d1a327d9a1,القيروان,9,1,2011-11-22,2014-12-01,false
TNP-00371,TNP-00523,shared_constituency,NCA-2011,1,0.125,TNC-c7d1a327d9a1,القيروان,9,1,2011-11-22,2014-12-01,false
TNP-00371,TNP-00528,shared_constituency,NCA-2011,1,0.125,TNC-c7d1a327d9a1,القيروان,9,1,2011-11-22,2014-12-01,false
TNP-00371,TNP-00542,shared_constituency,NCA-2011,1,0.125,TNC-c7d1a327d9a1,القيروان,9,1,2011-11-22,2014-12-01,false
TNP-00372,TNP-00373,shared_constituency,NCA-2011,1,0.142857,TNC-88c5476e5a9d,تونس الثانية,8,1,2011-11-22,2014-12-01,false
TNP-00372,TNP-00388,shared_constituency,NCA-2011,1,0.142857,TNC-88c5476e5a9d,تونس الثانية,8,1,2011-11-22,2014-12-01,false
TNP-00372,TNP-00418,shared_constituency,NCA-2011,1,0.142857,TNC-88c5476e5a9d,تونس الثانية,8,1,2011-11-22,2014-12-01,false
TNP-00372,TNP-00431,shared_constituency,NCA-2011,1,0.142857,TNC-88c5476e5a9d,تونس الثانية,8,1,2011-11-22,2014-12-01,false
TNP-00372,TNP-00433,shared_constituency,NCA-2011,1,0.142857,TNC-88c5476e5a9d,تونس الثانية,8,1,2011-11-22,2014-12-01,false
TNP-00372,TNP-00497,shared_constituency,NCA-2011,1,0.142857,TNC-88c5476e5a9d,تونس الثانية,8,1,2011-11-22,2014-12-01,false
TNP-00372,TNP-00564,shared_constituency,NCA-2011,1,0.142857,TNC-88c5476e5a9d,تونس الثانية,8,1,2011-11-22,2014-12-01,false
TNP-00373,TNP-00388,shared_constituency,NCA-2011,1,0.142857,TNC-88c5476e5a9d,تونس الثانية,8,1,2011-11-22,2014-12-01,false
TNP-00373,TNP-00418,shared_constituency,NCA-2011,1,0.142857,TNC-88c5476e5a9d,تونس الثانية,8,1,2011-11-22,2014-12-01,false
TNP-00373,TNP-00431,shared_constituency,NCA-2011,1,0.142857,TNC-88c5476e5a9d,تونس الثانية,8,1,2011-11-22,2014-12-01,false
TNP-00373,TNP-00433,shared_constituency,NCA-2011,1,0.142857,TNC-88c5476e5a9d,تونس الثانية,8,1,2011-11-22,2014-12-01,false
TNP-00373,TNP-00497,shared_constituency,NCA-2011,1,0.142857,TNC-88c5476e5a9d,تونس الثانية,8,1,2011-11-22,2014-12-01,false
TNP-00373,TNP-00564,shared_constituency,NCA-2011,1,0.142857,TNC-88c5476e5a9d,تونس الثانية,8,1,2011-11-22,2014-12-01,false
TNP-00374,TNP-00413,shared_constituency,NCA-2011,1,0.333333,TNC-5bb4dbd5171c,توزر,4,1,2011-11-22,2014-12-01,false
TNP-00374,TNP-00496,shared_constituency,NCA-2011,1,0.333333,TNC-5bb4dbd5171c,توزر,4,1,2011-11-22,2014-12-01,false
TNP-00374,TNP-00517,shared_constituency,NCA-2011,1,0.333333,TNC-5bb4dbd5171c,توزر,4,1,2011-11-22,2014-12-01,false
TNP-00375,TNP-00401,shared_constituency,NCA-2011,1,0.5,TNC-a0138f8884af,إيطاليا,3,1,2011-11-22,2014-12-01,false
TNP-00375,TNP-00465,shared_constituency,NCA-2011,1,0.5,TNC-a0138f8884af,إيطاليا,3,1,2011-11-22,2014-12-01,false
TNP-00376,TNP-00387,shared_constituency,NCA-2011,1,0.111111,TNC-79b664be1960,سوسة,10,1,2011-11-22,2014-12-01,false
TNP-00376,TNP-00451,shared_constituency,NCA-2011,1,0.111111,TNC-79b664be1960,سوسة,10,1,2011-11-22,2014-12-01,false
TNP-00376,TNP-00486,shared_constituency,NCA-2011,1,0.111111,TNC-79b664be1960,سوسة,10,1,2011-11-22,2014-12-01,false
TNP-00376,TNP-00514,shared_constituency,NCA-2011,1,0.111111,TNC-79b664be1960,سوسة,10,1,2011-11-22,2014-12-01,false
TNP-00376,TNP-00529,shared_constituency,NCA-2011,1,0.111111,TNC-79b664be1960,سوسة,10,1,2011-11-22,2014-12-01,false
TNP-00376,TNP-00530,shared_constituency,NCA-2011,1,0.111111,TNC-79b664be1960,سوسة,10,1,2011-11-22,2014-12-01,false
TNP-00376,TNP-00552,shared_constituency,NCA-2011,1,0.111111,TNC-79b664be1960,سوسة,10,1,2011-11-22,2014-12-01,false
TNP-00377,TNP-00405,shared_constituency,NCA-2011,1,0.125,TNC-0827ceafe35d,بنزرت,9,1,2011-11-22,2014-12-01,false
TNP-00377,TNP-00459,shared_constituency,NCA-2011,1,0.125,TNC-0827ceafe35d,بنزرت,9,1,2011-11-22,2014-12-01,false
TNP-00377,TNP-00503,shared_constituency,NCA-2011,1,0.125,TNC-0827ceafe35d,بنزرت,9,1,2011-11-22,2014-12-01,false
TNP-00377,TNP-00525,shared_constituency,NCA-2011,1,0.125,TNC-0827ceafe35d,بنزرت,9,1,2011-11-22,2014-12-01,false
TNP-00377,TNP-00549,shared_constituency,NCA-2011,1,0.125,TNC-0827ceafe35d,بنزرت,9,1,2011-11-22,2014-12-01,false
TNP-00377,TNP-00559,shared_constituency,NCA-2011,1,0.125,TNC-0827ceafe35d,بنزرت,9,1,2011-11-22,2014-12-01,false
TNP-00377,TNP-00567,shared_constituency,NCA-2011,1,0.125,TNC-0827ceafe35d,بنزرت,9,1,2011-11-22,2014-12-01,false
TNP-00378,TNP-00495,shared_constituency,NCA-2011,1,1,TNC-4ce2bd7346e7,الدول العربية و بقية دول العالم,2,1,2011-11-22,2014-12-01,false
TNP-00379,TNP-00395,shared_constituency,NCA-2011,1,0.125,TNC-583f49488ae9,المنستير,9,1,2011-11-22,2014-12-01,false
TNP-00379,TNP-00399,shared_constituency,NCA-2011,1,0.125,TNC-583f49488ae9,المنستير,9,1,2011-11-22,2014-12-01,false
TNP-00379,TNP-00410,shared_constituency,NCA-2011,1,0.125,TNC-583f49488ae9,المنستير,9,1,2011-11-22,2014-12-01,false
TNP-00379,TNP-00447,shared_constituency,NCA-2011,1,0.125,TNC-583f49488ae9,المنستير,9,1,2011-11-22,2014-12-01,false
TNP-00379,TNP-00518,shared_constituency,NCA-2011,1,0.125,TNC-583f49488ae9,المنستير,9,1,2011-11-22,2014-12-01,false
TNP-00379,TNP-00532,shared_constituency,NCA-2011,1,0.125,TNC-583f49488ae9,المنستير,9,1,2011-11-22,2014-12-01,false
TNP-00379,TNP-00540,shared_constituency,NCA-2011,1,0.125,TNC-583f49488ae9,المنستير,9,1,2011-11-22,2014-12-01,false
TNP-00380,TNP-00416,shared_constituency,NCA-2011,1,0.25,TNC-6c9ddf89d1b4,قبلي,5,1,2011-11-22,2014-12-01,false
TNP-00380,TNP-00478,shared_constituency,NCA-2011,1,0.25,TNC-6c9ddf89d1b4,قبلي,5,1,2011-11-22,2014-12-01,false
TNP-00380,TNP-00531,shared_constituency,NCA-2011,1,0.25,TNC-6c9ddf89d1b4,قبلي,5,1,2011-11-22,2014-12-01,false
TNP-00381,TNP-00392,shared_constituency,NCA-2011,1,0.25,TNC-7b8892e8182c,زغوان,5,1,2011-11-22,2014-12-01,false
TNP-00381,TNP-00489,shared_constituency,NCA-2011,1,0.25,TNC-7b8892e8182c,زغوان,5,1,2011-11-22,2014-12-01,false
TNP-00381,TNP-00538,shared_constituency,NCA-2011,1,0.25,TNC-7b8892e8182c,زغوان,5,1,2011-11-22,2014-12-01,false
TNP-00381,TNP-00561,shared_constituency,NCA-2011,1,0.25,TNC-7b8892e8182c,زغوان,5,1,2011-11-22,2014-12-01,false
TNP-00382,TNP-00403,shared_constituency,NCA-2011,1,0.125,TNC-9ea7b64efa1b,صفاقس الثانية,9,1,2011-11-22,2014-12-01,false
TNP-00382,TNP-00408,shared_constituency,NCA-2011,1,0.125,TNC-9ea7b64efa1b,صفاقس الثانية,9,1,2011-11-22,2014-12-01,false
TNP-00382,TNP-00414,shared_constituency,NCA-2011,1,0.125,TNC-9ea7b64efa1b,صفاقس الثانية,9,1,2011-11-22,2014-12-01,false
TNP-00382,TNP-00448,shared_constituency,NCA-2011,1,0.125,TNC-9ea7b64efa1b,صفاقس الثانية,9,1,2011-11-22,2014-12-01,false
TNP-00382,TNP-00453,shared_constituency,NCA-2011,1,0.125,TNC-9ea7b64efa1b,صفاقس الثانية,9,1,2011-11-22,2014-12-01,false
TNP-00382,TNP-00472,shared_constituency,NCA-2011,1,0.125,TNC-9ea7b64efa1b,صفاقس الثانية,9,1,2011-11-22,2014-12-01,false
TNP-00382,TNP-00492,shared_constituency,NCA-2011,1,0.125,TNC-9ea7b64efa1b,صفاقس الثانية,9,1,2011-11-22,2014-12-01,false
TNP-00382,TNP-00527,shared_constituency,NCA-2011,1,0.125,TNC-9ea7b64efa1b,صفاقس الثانية,9,1,2011-11-22,2014-12-01,false
TNP-00383,TNP-00397,shared_constituency,NCA-2011,1,0.166667,TNC-cc34ff2fce92,قابس,7,1,2011-11-22,2014-12-01,false
TNP-00383,TNP-00423,shared_constituency,NCA-2011,1,0.166667,TNC-cc34ff2fce92,قابس,7,1,2011-11-22,2014-12-01,false
TNP-00383,TNP-00470,shared_constituency,NCA-2011,1,0.166667,TNC-cc34ff2fce92,قابس,7,1,2011-11-22,2014-12-01,false
TNP-00383,TNP-00487,shared_constituency,NCA-2011,1,0.166667,TNC-cc34ff2fce92,قابس,7,1,2011-11-22,2014-12-01,false
TNP-00383,TNP-00534,shared_constituency,NCA-2011,1,0.166667,TNC-cc34ff2fce92,قابس,7,1,2011-11-22,2014-12-01,false
TNP-00383,TNP-00545,shared_constituency,NCA-2011,1,0.166667,TNC-cc34ff2fce92,قابس,7,1,2011-11-22,2014-12-01,false
TNP-00384,TNP-00406,shared_constituency,NCA-2011,1,0.142857,TNC-721491227627,سيدي بوزيد,8,1,2011-11-22,2014-12-01,false
TNP-00384,TNP-00481,shared_constituency,NCA-2011,1,0.142857,TNC-721491227627,سيدي بوزيد,8,1,2011-11-22,2014-12-01,false
TNP-00384,TNP-00504,shared_constituency,NCA-2011,1,0.142857,TNC-721491227627,سيدي بوزيد,8,1,2011-11-22,2014-12-01,false
TNP-00384,TNP-00505,shared_constituency,NCA-2011,1,0.142857,TNC-721491227627,سيدي بوزيد,8,1,2011-11-22,2014-12-01,false
TNP-00384,TNP-00516,shared_constituency,NCA-2011,1,0.142857,TNC-721491227627,سيدي بوزيد,8,1,2011-11-22,2014-12-01,false
TNP-00384,TNP-00565,shared_constituency,NCA-2011,1,0.142857,TNC-721491227627,سيدي بوزيد,8,1,2011-11-22,2014-12-01,false
TNP-00384,TNP-00566,shared_constituency,NCA-2011,1,0.142857,TNC-721491227627,سيدي بوزيد,8,1,2011-11-22,2014-12-01,false
TNP-00385,TNP-00415,shared_constituency,NCA-2011,1,0.166667,TNC-ec5da2631a7d,قفصة,7,1,2011-11-22,2014-12-01,false
TNP-00385,TNP-00441,shared_constituency,NCA-2011,1,0.166667,TNC-ec5da2631a7d,قفصة,7,1,2011-11-22,2014-12-01,false
TNP-00385,TNP-00461,shared_constituency,NCA-2011,1,0.166667,TNC-ec5da2631a7d,قفصة,7,1,2011-11-22,2014-12-01,false
TNP-00385,TNP-00466,shared_constituency,NCA-2011,1,0.166667,TNC-ec5da2631a7d,قفصة,7,1,2011-11-22,2014-12-01,false
TNP-00385,TNP-00488,shared_constituency,NCA-2011,1,0.166667,TNC-ec5da2631a7d,قفصة,7,1,2011-11-22,2014-12-01,false
TNP-00385,TNP-00515,shared_constituency,NCA-2011,1,0.166667,TNC-ec5da2631a7d,قفصة,7,1,2011-11-22,2014-12-01,false
TNP-00386,TNP-00420,shared_constituency,NCA-2011,1,0.111111,TNC-cfa36e6ce43c,بن عروس,10,1,2011-11-22,2014-12-01,false
TNP-00386,TNP-00436,shared_constituency,NCA-2011,1,0.111111,TNC-cfa36e6ce43c,بن عروس,10,1,2011-11-22,2014-12-01,false
TNP-00386,TNP-00437,shared_constituency,NCA-2011,1,0.111111,TNC-cfa36e6ce43c,بن عروس,10,1,2011-11-22,2014-12-01,false
TNP-00386,TNP-00438,shared_constituency,NCA-2011,1,0.111111,TNC-cfa36e6ce43c,بن عروس,10,1,2011-11-22,2014-12-01,false
TNP-00386,TNP-00522,shared_constituency,NCA-2011,1,0.111111,TNC-cfa36e6ce43c,بن عروس,10,1,2011-11-22,2014-12-01,false
TNP-00386,TNP-00535,shared_constituency,NCA-2011,1,0.111111,TNC-cfa36e6ce43c,بن عروس,10,1,2011-11-22,2014-12-01,false
TNP-00386,TNP-00548,shared_constituency,NCA-2011,1,0.111111,TNC-cfa36e6ce43c,بن عروس,10,1,2011-11-22,2014-12-01,false
TNP-00386,TNP-00550,shared_constituency,NCA-2011,1,0.111111,TNC-cfa36e6ce43c,بن عروس,10,1,2011-11-22,2014-12-01,false
TNP-00386,TNP-00560,shared_constituency,NCA-2011,1,0.111111,TNC-cfa36e6ce43c,بن عروس,10,1,2011-11-22,2014-12-01,false
TNP-00387,TNP-00451,shared_constituency,NCA-2011,1,0.111111,TNC-79b664be1960,سوسة,10,1,2011-11-22,2014-12-01,false
TNP-00387,TNP-00486,shared_constituency,NCA-2011,1,0.111111,TNC-79b664be1960,سوسة,10,1,2011-11-22,2014-12-01,false
TNP-00387,TNP-00514,shared_constituency,NCA-2011,1,0.111111,TNC-79b664be1960,سوسة,10,1,2011-11-22,2014-12-01,false
TNP-00387,TNP-00529,shared_constituency,NCA-2011,1,0.111111,TNC-79b664be1960,سوسة,10,1,2011-11-22,2014-12-01,false
TNP-00387,TNP-00530,shared_constituency,NCA-2011,1,0.111111,TNC-79b664be1960,سوسة,10,1,2011-11-22,2014-12-01,false
TNP-00387,TNP-00552,shared_constituency,NCA-2011,1,0.111111,TNC-79b664be1960,سوسة,10,1,2011-11-22,2014-12-01,false
TNP-00388,TNP-00418,shared_constituency,NCA-2011,1,0.142857,TNC-88c5476e5a9d,تونس الثانية,8,1,2011-11-22,2014-12-01,false
TNP-00388,TNP-00431,shared_constituency,NCA-2011,1,0.142857,TNC-88c5476e5a9d,تونس الثانية,8,1,2011-11-22,2014-12-01,false
TNP-00388,TNP-00433,shared_constituency,NCA-2011,1,0.142857,TNC-88c5476e5a9d,تونس الثانية,8,1,2011-11-22,2014-12-01,false
TNP-00388,TNP-00497,shared_constituency,NCA-2011,1,0.142857,TNC-88c5476e5a9d,تونس الثانية,8,1,2011-11-22,2014-12-01,false
TNP-00388,TNP-00564,shared_constituency,NCA-2011,1,0.142857,TNC-88c5476e5a9d,تونس الثانية,8,1,2011-11-22,2014-12-01,false
TNP-00389,TNP-00391,shared_constituency,NCA-2011,1,0.142857,TNC-318f5c8e7cc7,أريانة,8,1,2011-11-22,2014-12-01,false
TNP-00389,TNP-00398,shared_constituency,NCA-2011,1,0.142857,TNC-318f5c8e7cc7,أريانة,8,1,2011-11-22,2014-12-01,false
TNP-00389,TNP-00468,shared_constituency,NCA-2011,1,0.142857,TNC-318f5c8e7cc7,أريانة,8,1,2011-11-22,2014-12-01,false
TNP-00389,TNP-00473,shared_constituency,NCA-2011,1,0.142857,TNC-318f5c8e7cc7,أريانة,8,1,2011-11-22,2014-12-01,false
TNP-00389,TNP-00490,shared_constituency,NCA-2011,1,0.142857,TNC-318f5c8e7cc7,أريانة,8,1,2011-11-22,2014-12-01,false
TNP-00389,TNP-00506,shared_constituency,NCA-2011,1,0.142857,TNC-318f5c8e7cc7,أريانة,8,1,2011-11-22,2014-12-01,false
TNP-00390,TNP-00452,shared_constituency,NCA-2011,1,0.2,TNC-e4d451ace536,نابل الثانية,6,1,2011-11-22,2014-12-01,false
TNP-00390,TNP-00477,shared_constituency,NCA-2011,1,0.2,TNC-e4d451ace536,نابل الثانية,6,1,2011-11-22,2014-12-01,false
TNP-00390,TNP-00480,shared_constituency,NCA-2011,1,0.2,TNC-e4d451ace536,نابل الثانية,6,1,2011-11-22,2014-12-01,false
TNP-00390,TNP-00524,shared_constituency,NCA-2011,1,0.2,TNC-e4d451ace536,نابل الثانية,6,1,2011-11-22,2014-12-01,false
TNP-00391,TNP-00398,shared_constituency,NCA-2011,1,0.142857,TNC-318f5c8e7cc7,أريانة,8,1,2011-11-22,2014-12-01,false
TNP-00391,TNP-00468,shared_constituency,NCA-2011,1,0.142857,TNC-318f5c8e7cc7,أريانة,8,1,2011-11-22,2014-12-01,false
TNP-00391,TNP-00473,shared_constituency,NCA-2011,1,0.142857,TNC-318f5c8e7cc7,أريانة,8,1,2011-11-22,2014-12-01,false
TNP-00391,TNP-00490,shared_constituency,NCA-2011,1,0.142857,TNC-318f5c8e7cc7,أريانة,8,1,2011-11-22,2014-12-01,false
TNP-00391,TNP-00506,shared_constituency,NCA-2011,1,0.142857,TNC-318f5c8e7cc7,أريانة,8,1,2011-11-22,2014-12-01,false
TNP-00392,TNP-00489,shared_constituency,NCA-2011,1,0.25,TNC-7b8892e8182c,زغوان,5,1,2011-11-22,2014-12-01,false
TNP-00392,TNP-00538,shared_constituency,NCA-2011,1,0.25,TNC-7b8892e8182c,زغوان,5,1,2011-11-22,2014-12-01,false
TNP-00392,TNP-00561,shared_constituency,NCA-2011,1,0.25,TNC-7b8892e8182c,زغوان,5,1,2011-11-22,2014-12-01,false
TNP-00393,TNP-00404,shared_constituency,NCA-2011,1,0.125,TNC-e469034aebf1,مدنين,9,1,2011-11-22,2014-12-01,false
TNP-00393,TNP-00435,shared_constituency,NCA-2011,1,0.125,TNC-e469034aebf1,مدنين,9,1,2011-11-22,2014-12-01,false
TNP-00393,TNP-00439,shared_constituency,NCA-2011,1,0.125,TNC-e469034aebf1,مدنين,9,1,2011-11-22,2014-12-01,false
TNP-00393,TNP-00444,shared_constituency,NCA-2011,1,0.125,TNC-e469034aebf1,مدنين,9,1,2011-11-22,2014-12-01,false
TNP-00393,TNP-00454,shared_constituency,NCA-2011,1,0.125,TNC-e469034aebf1,مدنين,9,1,2011-11-22,2014-12-01,false
TNP-00393,TNP-00471,shared_constituency,NCA-2011,1,0.125,TNC-e469034aebf1,مدنين,9,1,2011-11-22,2014-12-01,false
TNP-00393,TNP-00511,shared_constituency,NCA-2011,1,0.125,TNC-e469034aebf1,مدنين,9,1,2011-11-22,2014-12-01,false
TNP-00393,TNP-00546,shared_constituency,NCA-2011,1,0.125,TNC-e469034aebf1,مدنين,9,1,2011-11-22,2014-12-01,false
TNP-00394,TNP-00407,shared_constituency,NCA-2011,1,0.142857,TNC-9ebaea8423e4,المهدية,8,1,2011-11-22,2014-12-01,false
TNP-00394,TNP-00427,shared_constituency,NCA-2011,1,0.142857,TNC-9ebaea8423e4,المهدية,8,1,2011-11-22,2014-12-01,false
TNP-00394,TNP-00430,shared_constituency,NCA-2011,1,0.142857,TNC-9ebaea8423e4,المهدية,8,1,2011-11-22,2014-12-01,false
TNP-00394,TNP-00467,shared_constituency,NCA-2011,1,0.142857,TNC-9ebaea8423e4,المهدية,8,1,2011-11-22,2014-12-01,false
TNP-00394,TNP-00479,shared_constituency,NCA-2011,1,0.142857,TNC-9ebaea8423e4,المهدية,8,1,2011-11-22,2014-12-01,false
TNP-00394,TNP-00520,shared_constituency,NCA-2011,1,0.142857,TNC-9ebaea8423e4,المهدية,8,1,2011-11-22,2014-12-01,false
TNP-00394,TNP-00541,shared_constituency,NCA-2011,1,0.142857,TNC-9ebaea8423e4,المهدية,8,1,2011-11-22,2014-12-01,false
TNP-00395,TNP-00399,shared_constituency,NCA-2011,1,0.125,TNC-583f49488ae9,المنستير,9,1,2011-11-22,2014-12-01,false
TNP-00395,TNP-00410,shared_constituency,NCA-2011,1,0.125,TNC-583f49488ae9,المنستير,9,1,2011-11-22,2014-12-01,false
TNP-00395,TNP-00447,shared_constituency,NCA-2011,1,0.125,TNC-583f49488ae9,المنستير,9,1,2011-11-22,2014-12-01,false
TNP-00395,TNP-00518,shared_constituency,NCA-2011,1,0.125,TNC-583f49488ae9,المنستير,9,1,2011-11-22,2014-12-01,false
TNP-00395,TNP-00532,shared_constituency,NCA-2011,1,0.125,TNC-583f49488ae9,المنستير,9,1,2011-11-22,2014-12-01,false
TNP-00395,TNP-00540,shared_constituency,NCA-2011,1,0.125,TNC-583f49488ae9,المنستير,9,1,2011-11-22,2014-12-01,false
TNP-00396,TNP-00421,shared_constituency,NCA-2011,1,0.142857,TNC-052adc16e166,القصرين,8,1,2011-11-22,2014-12-01,false
TNP-00396,TNP-00426,shared_constituency,NCA-2011,1,0.142857,TNC-052adc16e166,القصرين,8,1,2011-11-22,2014-12-01,false
TNP-00396,TNP-00483,shared_constituency,NCA-2011,1,0.142857,TNC-052adc16e166,القصرين,8,1,2011-11-22,2014-12-01,false
TNP-00396,TNP-00493,shared_constituency,NCA-2011,1,0.142857,TNC-052adc16e166,القصرين,8,1,2011-11-22,2014-12-01,false
TNP-00396,TNP-00498,shared_constituency,NCA-2011,1,0.142857,TNC-052adc16e166,القصرين,8,1,2011-11-22,2014-12-01,false
TNP-00396,TNP-00509,shared_constituency,NCA-2011,1,0.142857,TNC-052adc16e166,القصرين,8,1,2011-11-22,2014-12-01,false
TNP-00396,TNP-00519,shared_constituency,NCA-2011,1,0.142857,TNC-052adc16e166,القصرين,8,1,2011-11-22,2014-12-01,false
TNP-00397,TNP-00423,shared_constituency,NCA-2011,1,0.166667,TNC-cc34ff2fce92,قابس,7,1,2011-11-22,2014-12-01,false
TNP-00397,TNP-00470,shared_constituency,NCA-2011,1,0.166667,TNC-cc34ff2fce92,قابس,7,1,2011-11-22,2014-12-01,false
TNP-00397,TNP-00487,shared_constituency,NCA-2011,1,0.166667,TNC-cc34ff2fce92,قابس,7,1,2011-11-22,2014-12-01,false
TNP-00397,TNP-00534,shared_constituency,NCA-2011,1,0.166667,TNC-cc34ff2fce92,قابس,7,1,2011-11-22,2014-12-01,false
TNP-00397,TNP-00545,shared_constituency,NCA-2011,1,0.166667,TNC-cc34ff2fce92,قابس,7,1,2011-11-22,2014-12-01,false
TNP-00398,TNP-00468,shared_constituency,NCA-2011,1,0.142857,TNC-318f5c8e7cc7,أريانة,8,1,2011-11-22,2014-12-01,false
TNP-00398,TNP-00473,shared_constituency,NCA-2011,1,0.142857,TNC-318f5c8e7cc7,أريانة,8,1,2011-11-22,2014-12-01,false
TNP-00398,TNP-00490,shared_constituency,NCA-2011,1,0.142857,TNC-318f5c8e7cc7,أريانة,8,1,2011-11-22,2014-12-01,false
TNP-00398,TNP-00506,shared_constituency,NCA-2011,1,0.142857,TNC-318f5c8e7cc7,أريانة,8,1,2011-11-22,2014-12-01,false
TNP-00399,TNP-00410,shared_constituency,NCA-2011,1,0.125,TNC-583f49488ae9,المنستير,9,1,2011-11-22,2014-12-01,false
TNP-00399,TNP-00447,shared_constituency,NCA-2011,1,0.125,TNC-583f49488ae9,المنستير,9,1,2011-11-22,2014-12-01,false
TNP-00399,TNP-00518,shared_constituency,NCA-2011,1,0.125,TNC-583f49488ae9,المنستير,9,1,2011-11-22,2014-12-01,false
TNP-00399,TNP-00532,shared_constituency,NCA-2011,1,0.125,TNC-583f49488ae9,المنستير,9,1,2011-11-22,2014-12-01,false
TNP-00399,TNP-00540,shared_constituency,NCA-2011,1,0.125,TNC-583f49488ae9,المنستير,9,1,2011-11-22,2014-12-01,false
TNP-00400,TNP-00417,shared_constituency,NCA-2011,1,0.2,TNC-24281c72f60a,سليانة,6,1,2011-11-22,2014-12-01,false
TNP-00400,TNP-00432,shared_constituency,NCA-2011,1,0.2,TNC-24281c72f60a,سليانة,6,1,2011-11-22,2014-12-01,false
TNP-00400,TNP-00450,shared_constituency,NCA-2011,1,0.2,TNC-24281c72f60a,سليانة,6,1,2011-11-22,2014-12-01,false
TNP-00400,TNP-00458,shared_constituency,NCA-2011,1,0.2,TNC-24281c72f60a,سليانة,6,1,2011-11-22,2014-12-01,false
TNP-00400,TNP-00544,shared_constituency,NCA-2011,1,0.2,TNC-24281c72f60a,سليانة,6,1,2011-11-22,2014-12-01,false
TNP-00401,TNP-00465,shared_constituency,NCA-2011,1,0.5,TNC-a0138f8884af,إيطاليا,3,1,2011-11-22,2014-12-01,false
TNP-00402,TNP-00425,shared_constituency,NCA-2011,1,0.2,TNC-dc712e9ce3b4,باجـة,6,1,2011-11-22,2014-12-01,false
TNP-00402,TNP-00449,shared_constituency,NCA-2011,1,0.2,TNC-dc712e9ce3b4,باجـة,6,1,2011-11-22,2014-12-01,false
TNP-00402,TNP-00474,shared_constituency,NCA-2011,1,0.2,TNC-dc712e9ce3b4,باجـة,6,1,2011-11-22,2014-12-01,false
TNP-00402,TNP-00510,shared_constituency,NCA-2011,1,0.2,TNC-dc712e9ce3b4,باجـة,6,1,2011-11-22,2014-12-01,false
TNP-00402,TNP-00537,shared_constituency,NCA-2011,1,0.2,TNC-dc712e9ce3b4,باجـة,6,1,2011-11-22,2014-12-01,false
TNP-00403,TNP-00408,shared_constituency,NCA-2011,1,0.125,TNC-9ea7b64efa1b,صفاقس الثانية,9,1,2011-11-22,2014-12-01,false
TNP-00403,TNP-00414,shared_constituency,NCA-2011,1,0.125,TNC-9ea7b64efa1b,صفاقس الثانية,9,1,2011-11-22,2014-12-01,false
TNP-00403,TNP-00448,shared_constituency,NCA-2011,1,0.125,TNC-9ea7b64efa1b,صفاقس الثانية,9,1,2011-11-22,2014-12-01,false
TNP-00403,TNP-00453,shared_constituency,NCA-2011,1,0.125,TNC-9ea7b64efa1b,صفاقس الثانية,9,1,2011-11-22,2014-12-01,false
TNP-00403,TNP-00472,shared_constituency,NCA-2011,1,0.125,TNC-9ea7b64efa1b,صفاقس الثانية,9,1,2011-11-22,2014-12-01,false
TNP-00403,TNP-00492,shared_constituency,NCA-2011,1,0.125,TNC-9ea7b64efa1b,صفاقس الثانية,9,1,2011-11-22,2014-12-01,false
TNP-00403,TNP-00527,shared_constituency,NCA-2011,1,0.125,TNC-9ea7b64efa1b,صفاقس الثانية,9,1,2011-11-22,2014-12-01,false
TNP-00404,TNP-00435,shared_constituency,NCA-2011,1,0.125,TNC-e469034aebf1,مدنين,9,1,2011-11-22,2014-12-01,false
TNP-00404,TNP-00439,shared_constituency,NCA-2011,1,0.125,TNC-e469034aebf1,مدنين,9,1,2011-11-22,2014-12-01,false
TNP-00404,TNP-00444,shared_constituency,NCA-2011,1,0.125,TNC-e469034aebf1,مدنين,9,1,2011-11-22,2014-12-01,false
TNP-00404,TNP-00454,shared_constituency,NCA-2011,1,0.125,TNC-e469034aebf1,مدنين,9,1,2011-11-22,2014-12-01,false
TNP-00404,TNP-00471,shared_constituency,NCA-2011,1,0.125,TNC-e469034aebf1,مدنين,9,1,2011-11-22,2014-12-01,false
TNP-00404,TNP-00511,shared_constituency,NCA-2011,1,0.125,TNC-e469034aebf1,مدنين,9,1,2011-11-22,2014-12-01,false
TNP-00404,TNP-00546,shared_constituency,NCA-2011,1,0.125,TNC-e469034aebf1,مدنين,9,1,2011-11-22,2014-12-01,false
TNP-00405,TNP-00459,shared_constituency,NCA-2011,1,0.125,TNC-0827ceafe35d,بنزرت,9,1,2011-11-22,2014-12-01,false
TNP-00405,TNP-00503,shared_constituency,NCA-2011,1,0.125,TNC-0827ceafe35d,بنزرت,9,1,2011-11-22,2014-12-01,false
TNP-00405,TNP-00525,shared_constituency,NCA-2011,1,0.125,TNC-0827ceafe35d,بنزرت,9,1,2011-11-22,2014-12-01,false
TNP-00405,TNP-00549,shared_constituency,NCA-2011,1,0.125,TNC-0827ceafe35d,بنزرت,9,1,2011-11-22,2014-12-01,false
TNP-00405,TNP-00559,shared_constituency,NCA-2011,1,0.125,TNC-0827ceafe35d,بنزرت,9,1,2011-11-22,2014-12-01,false
TNP-00405,TNP-00567,shared_constituency,NCA-2011,1,0.125,TNC-0827ceafe35d,بنزرت,9,1,2011-11-22,2014-12-01,false
TNP-00406,TNP-00481,shared_constituency,NCA-2011,1,0.142857,TNC-721491227627,سيدي بوزيد,8,1,2011-11-22,2014-12-01,false
TNP-00406,TNP-00504,shared_constituency,NCA-2011,1,0.142857,TNC-721491227627,سيدي بوزيد,8,1,2011-11-22,2014-12-01,false
TNP-00406,TNP-00505,shared_constituency,NCA-2011,1,0.142857,TNC-721491227627,سيدي بوزيد,8,1,2011-11-22,2014-12-01,false
TNP-00406,TNP-00516,shared_constituency,NCA-2011,1,0.142857,TNC-721491227627,سيدي بوزيد,8,1,2011-11-22,2014-12-01,false
TNP-00406,TNP-00565,shared_constituency,NCA-2011,1,0.142857,TNC-721491227627,سيدي بوزيد,8,1,2011-11-22,2014-12-01,false
TNP-00406,TNP-00566,shared_constituency,NCA-2011,1,0.142857,TNC-721491227627,سيدي بوزيد,8,1,2011-11-22,2014-12-01,false
TNP-00407,TNP-00427,shared_constituency,NCA-2011,1,0.142857,TNC-9ebaea8423e4,المهدية,8,1,2011-11-22,2014-12-01,false
TNP-00407,TNP-00430,shared_constituency,NCA-2011,1,0.142857,TNC-9ebaea8423e4,المهدية,8,1,2011-11-22,2014-12-01,false
TNP-00407,TNP-00467,shared_constituency,NCA-2011,1,0.142857,TNC-9ebaea8423e4,المهدية,8,1,2011-11-22,2014-12-01,false
TNP-00407,TNP-00479,shared_constituency,NCA-2011,1,0.142857,TNC-9ebaea8423e4,المهدية,8,1,2011-11-22,2014-12-01,false
TNP-00407,TNP-00520,shared_constituency,NCA-2011,1,0.142857,TNC-9ebaea8423e4,المهدية,8,1,2011-11-22,2014-12-01,false
TNP-00407,TNP-00541,shared_constituency,NCA-2011,1,0.142857,TNC-9ebaea8423e4,المهدية,8,1,2011-11-22,2014-12-01,false
TNP-00408,TNP-00414,shared_constituency,NCA-2011,1,0.125,TNC-9ea7b64efa1b,صفاقس الثانية,9,1,2011-11-22,2014-12-01,false
TNP-00408,TNP-00448,shared_constituency,NCA-2011,1,0.125,TNC-9ea7b64efa1b,صفاقس الثانية,9,1,2011-11-22,2014-12-01,false
TNP-00408,TNP-00453,shared_constituency,NCA-2011,1,0.125,TNC-9ea7b64efa1b,صفاقس الثانية,9,1,2011-11-22,2014-12-01,false
TNP-00408,TNP-00472,shared_constituency,NCA-2011,1,0.125,TNC-9ea7b64efa1b,صفاقس الثانية,9,1,2011-11-22,2014-12-01,false
TNP-00408,TNP-00492,shared_constituency,NCA-2011,1,0.125,TNC-9ea7b64efa1b,صفاقس الثانية,9,1,2011-11-22,2014-12-01,false
TNP-00408,TNP-00527,shared_constituency,NCA-2011,1,0.125,TNC-9ea7b64efa1b,صفاقس الثانية,9,1,2011-11-22,2014-12-01,false
TNP-00409,TNP-00419,shared_constituency,NCA-2011,1,0.166667,TNC-190ffea8a951,صفاقس الأولى,7,1,2011-11-22,2014-12-01,false
TNP-00409,TNP-00485,shared_constituency,NCA-2011,1,0.166667,TNC-190ffea8a951,صفاقس الأولى,7,1,2011-11-22,2014-12-01,false
TNP-00409,TNP-00494,shared_constituency,NCA-2011,1,0.166667,TNC-190ffea8a951,صفاقس الأولى,7,1,2011-11-22,2014-12-01,false
TNP-00409,TNP-00507,shared_constituency,NCA-2011,1,0.166667,TNC-190ffea8a951,صفاقس الأولى,7,1,2011-11-22,2014-12-01,false
TNP-00409,TNP-00553,shared_constituency,NCA-2011,1,0.166667,TNC-190ffea8a951,صفاقس الأولى,7,1,2011-11-22,2014-12-01,false
TNP-00410,TNP-00447,shared_constituency,NCA-2011,1,0.125,TNC-583f49488ae9,المنستير,9,1,2011-11-22,2014-12-01,false
TNP-00410,TNP-00518,shared_constituency,NCA-2011,1,0.125,TNC-583f49488ae9,المنستير,9,1,2011-11-22,2014-12-01,false
TNP-00410,TNP-00532,shared_constituency,NCA-2011,1,0.125,TNC-583f49488ae9,المنستير,9,1,2011-11-22,2014-12-01,false
TNP-00410,TNP-00540,shared_constituency,NCA-2011,1,0.125,TNC-583f49488ae9,المنستير,9,1,2011-11-22,2014-12-01,false
TNP-00411,TNP-00434,shared_constituency,NCA-2011,1,0.333333,TNC-b5260965cfa3,تطاوين,4,1,2011-11-22,2014-12-01,false
TNP-00411,TNP-00475,shared_constituency,NCA-2011,1,0.333333,TNC-b5260965cfa3,تطاوين,4,1,2011-11-22,2014-12-01,false
TNP-00411,TNP-00513,shared_constituency,NCA-2011,1,0.333333,TNC-b5260965cfa3,تطاوين,4,1,2011-11-22,2014-12-01,false
TNP-00412,TNP-00456,shared_constituency,NCA-2011,1,0.2,TNC-803cdcb9d5a2,الكاف,6,1,2011-11-22,2014-12-01,false
TNP-00412,TNP-00469,shared_constituency,NCA-2011,1,0.2,TNC-803cdcb9d5a2,الكاف,6,1,2011-11-22,2014-12-01,false
TNP-00412,TNP-00521,shared_constituency,NCA-2011,1,0.2,TNC-803cdcb9d5a2,الكاف,6,1,2011-11-22,2014-12-01,false
TNP-00412,TNP-00533,shared_constituency,NCA-2011,1,0.2,TNC-803cdcb9d5a2,الكاف,6,1,2011-11-22,2014-12-01,false
TNP-00412,TNP-00555,shared_constituency,NCA-2011,1,0.2,TNC-803cdcb9d5a2,الكاف,6,1,2011-11-22,2014-12-01,false
TNP-00413,TNP-00496,shared_constituency,NCA-2011,1,0.333333,TNC-5bb4dbd5171c,توزر,4,1,2011-11-22,2014-12-01,false
TNP-00413,TNP-00517,shared_constituency,NCA-2011,1,0.333333,TNC-5bb4dbd5171c,توزر,4,1,2011-11-22,2014-12-01,false
TNP-00414,TNP-00448,shared_constituency,NCA-2011,1,0.125,TNC-9ea7b64efa1b,صفاقس الثانية,9,1,2011-11-22,2014-12-01,false
TNP-00414,TNP-00453,shared_constituency,NCA-2011,1,0.125,TNC-9ea7b64efa1b,صفاقس الثانية,9,1,2011-11-22,2014-12-01,false
TNP-00414,TNP-00472,shared_constituency,NCA-2011,1,0.125,TNC-9ea7b64efa1b,صفاقس الثانية,9,1,2011-11-22,2014-12-01,false
TNP-00414,TNP-00492,shared_constituency,NCA-2011,1,0.125,TNC-9ea7b64efa1b,صفاقس الثانية,9,1,2011-11-22,2014-12-01,false
TNP-00414,TNP-00527,shared_constituency,NCA-2011,1,0.125,TNC-9ea7b64efa1b,صفاقس الثانية,9,1,2011-11-22,2014-12-01,false
TNP-00415,TNP-00441,shared_constituency,NCA-2011,1,0.166667,TNC-ec5da2631a7d,قفصة,7,1,2011-11-22,2014-12-01,false
TNP-00415,TNP-00461,shared_constituency,NCA-2011,1,0.166667,TNC-ec5da2631a7d,قفصة,7,1,2011-11-22,2014-12-01,false
TNP-00415,TNP-00466,shared_constituency,NCA-2011,1,0.166667,TNC-ec5da2631a7d,قفصة,7,1,2011-11-22,2014-12-01,false
TNP-00415,TNP-00488,shared_constituency,NCA-2011,1,0.166667,TNC-ec5da2631a7d,قفصة,7,1,2011-11-22,2014-12-01,false
TNP-00415,TNP-00515,shared_constituency,NCA-2011,1,0.166667,TNC-ec5da2631a7d,قفصة,7,1,2011-11-22,2014-12-01,false
TNP-00416,TNP-00478,shared_constituency,NCA-2011,1,0.25,TNC-6c9ddf89d1b4,قبلي,5,1,2011-11-22,2014-12-01,false
TNP-00416,TNP-00531,shared_constituency,NCA-2011,1,0.25,TNC-6c9ddf89d1b4,قبلي,5,1,2011-11-22,2014-12-01,false
TNP-00417,TNP-00432,shared_constituency,NCA-2011,1,0.2,TNC-24281c72f60a,سليانة,6,1,2011-11-22,2014-12-01,false
TNP-00417,TNP-00450,shared_constituency,NCA-2011,1,0.2,TNC-24281c72f60a,سليانة,6,1,2011-11-22,2014-12-01,false
TNP-00417,TNP-00458,shared_constituency,NCA-2011,1,0.2,TNC-24281c72f60a,سليانة,6,1,2011-11-22,2014-12-01,false
TNP-00417,TNP-00544,shared_constituency,NCA-2011,1,0.2,TNC-24281c72f60a,سليانة,6,1,2011-11-22,2014-12-01,false
TNP-00418,TNP-00431,shared_constituency,NCA-2011,1,0.142857,TNC-88c5476e5a9d,تونس الثانية,8,1,2011-11-22,2014-12-01,false
TNP-00418,TNP-00433,shared_constituency,NCA-2011,1,0.142857,TNC-88c5476e5a9d,تونس الثانية,8,1,2011-11-22,2014-12-01,false
TNP-00418,TNP-00497,shared_constituency,NCA-2011,1,0.142857,TNC-88c5476e5a9d,تونس الثانية,8,1,2011-11-22,2014-12-01,false
TNP-00418,TNP-00564,shared_constituency,NCA-2011,1,0.142857,TNC-88c5476e5a9d,تونس الثانية,8,1,2011-11-22,2014-12-01,false
TNP-00419,TNP-00485,shared_constituency,NCA-2011,1,0.166667,TNC-190ffea8a951,صفاقس الأولى,7,1,2011-11-22,2014-12-01,false
TNP-00419,TNP-00494,shared_constituency,NCA-2011,1,0.166667,TNC-190ffea8a951,صفاقس الأولى,7,1,2011-11-22,2014-12-01,false
TNP-00419,TNP-00507,shared_constituency,NCA-2011,1,0.166667,TNC-190ffea8a951,صفاقس الأولى,7,1,2011-11-22,2014-12-01,false
TNP-00419,TNP-00553,shared_constituency,NCA-2011,1,0.166667,TNC-190ffea8a951,صفاقس الأولى,7,1,2011-11-22,2014-12-01,false
TNP-00420,TNP-00436,shared_constituency,NCA-2011,1,0.111111,TNC-cfa36e6ce43c,بن عروس,10,1,2011-11-22,2014-12-01,false
TNP-00420,TNP-00437,shared_constituency,NCA-2011,1,0.111111,TNC-cfa36e6ce43c,بن عروس,10,1,2011-11-22,2014-12-01,false
TNP-00420,TNP-00438,shared_constituency,NCA-2011,1,0.111111,TNC-cfa36e6ce43c,بن عروس,10,1,2011-11-22,2014-12-01,false
TNP-00420,TNP-00522,shared_constituency,NCA-2011,1,0.111111,TNC-cfa36e6ce43c,بن عروس,10,1,2011-11-22,2014-12-01,false
TNP-00420,TNP-00535,shared_constituency,NCA-2011,1,0.111111,TNC-cfa36e6ce43c,بن عروس,10,1,2011-11-22,2014-12-01,false
TNP-00420,TNP-00548,shared_constituency,NCA-2011,1,0.111111,TNC-cfa36e6ce43c,بن عروس,10,1,2011-11-22,2014-12-01,false
TNP-00420,TNP-00550,shared_constituency,NCA-2011,1,0.111111,TNC-cfa36e6ce43c,بن عروس,10,1,2011-11-22,2014-12-01,false
TNP-00420,TNP-00560,shared_constituency,NCA-2011,1,0.111111,TNC-cfa36e6ce43c,بن عروس,10,1,2011-11-22,2014-12-01,false
TNP-00421,TNP-00426,shared_constituency,NCA-2011,1,0.142857,TNC-052adc16e166,القصرين,8,1,2011-11-22,2014-12-01,false
TNP-00421,TNP-00483,shared_constituency,NCA-2011,1,0.142857,TNC-052adc16e166,القصرين,8,1,2011-11-22,2014-12-01,false
TNP-00421,TNP-00493,shared_constituency,NCA-2011,1,0.142857,TNC-052adc16e166,القصرين,8,1,2011-11-22,2014-12-01,false
TNP-00421,TNP-00498,shared_constituency,NCA-2011,1,0.142857,TNC-052adc16e166,القصرين,8,1,2011-11-22,2014-12-01,false
TNP-00421,TNP-00509,shared_constituency,NCA-2011,1,0.142857,TNC-052adc16e166,القصرين,8,1,2011-11-22,2014-12-01,false
TNP-00421,TNP-00519,shared_constituency,NCA-2011,1,0.142857,TNC-052adc16e166,القصرين,8,1,2011-11-22,2014-12-01,false
TNP-00422,TNP-00491,shared_constituency,NCA-2011,1,0.25,TNC-ab2cc30717b4,فرنسا الثانية,5,1,2011-11-22,2014-12-01,false
TNP-00422,TNP-00512,shared_constituency,NCA-2011,1,0.25,TNC-ab2cc30717b4,فرنسا الثانية,5,1,2011-11-22,2014-12-01,false
TNP-00422,TNP-00558,shared_constituency,NCA-2011,1,0.25,TNC-ab2cc30717b4,فرنسا الثانية,5,1,2011-11-22,2014-12-01,false
TNP-00423,TNP-00470,shared_constituency,NCA-2011,1,0.166667,TNC-cc34ff2fce92,قابس,7,1,2011-11-22,2014-12-01,false
TNP-00423,TNP-00487,shared_constituency,NCA-2011,1,0.166667,TNC-cc34ff2fce92,قابس,7,1,2011-11-22,2014-12-01,false
TNP-00423,TNP-00534,shared_constituency,NCA-2011,1,0.166667,TNC-cc34ff2fce92,قابس,7,1,2011-11-22,2014-12-01,false
TNP-00423,TNP-00545,shared_constituency,NCA-2011,1,0.166667,TNC-cc34ff2fce92,قابس,7,1,2011-11-22,2014-12-01,false
TNP-00424,TNP-00445,shared_constituency,NCA-2011,1,0.142857,TNC-d5c817850493,جندوبة,8,1,2011-11-22,2014-12-01,false
TNP-00424,TNP-00455,shared_constituency,NCA-2011,1,0.142857,TNC-d5c817850493,جندوبة,8,1,2011-11-22,2014-12-01,false
TNP-00424,TNP-00551,shared_constituency,NCA-2011,1,0.142857,TNC-d5c817850493,جندوبة,8,1,2011-11-22,2014-12-01,false
TNP-00424,TNP-00562,shared_constituency,NCA-2011,1,0.142857,TNC-d5c817850493,جندوبة,8,1,2011-11-22,2014-12-01,false
TNP-00425,TNP-00449,shared_constituency,NCA-2011,1,0.2,TNC-dc712e9ce3b4,باجـة,6,1,2011-11-22,2014-12-01,false
TNP-00425,TNP-00474,shared_constituency,NCA-2011,1,0.2,TNC-dc712e9ce3b4,باجـة,6,1,2011-11-22,2014-12-01,false
TNP-00425,TNP-00510,shared_constituency,NCA-2011,1,0.2,TNC-dc712e9ce3b4,باجـة,6,1,2011-11-22,2014-12-01,false
TNP-00425,TNP-00537,shared_constituency,NCA-2011,1,0.2,TNC-dc712e9ce3b4,باجـة,6,1,2011-11-22,2014-12-01,false
TNP-00426,TNP-00483,shared_constituency,NCA-2011,1,0.142857,TNC-052adc16e166,القصرين,8,1,2011-11-22,2014-12-01,false
TNP-00426,TNP-00493,shared_constituency,NCA-2011,1,0.142857,TNC-052adc16e166,القصرين,8,1,2011-11-22,2014-12-01,false
TNP-00426,TNP-00498,shared_constituency,NCA-2011,1,0.142857,TNC-052adc16e166,القصرين,8,1,2011-11-22,2014-12-01,false
TNP-00426,TNP-00509,shared_constituency,NCA-2011,1,0.142857,TNC-052adc16e166,القصرين,8,1,2011-11-22,2014-12-01,false
TNP-00426,TNP-00519,shared_constituency,NCA-2011,1,0.142857,TNC-052adc16e166,القصرين,8,1,2011-11-22,2014-12-01,false
TNP-00427,TNP-00430,shared_constituency,NCA-2011,1,0.142857,TNC-9ebaea8423e4,المهدية,8,1,2011-11-22,2014-12-01,false
TNP-00427,TNP-00467,shared_constituency,NCA-2011,1,0.142857,TNC-9ebaea8423e4,المهدية,8,1,2011-11-22,2014-12-01,false
TNP-00427,TNP-00479,shared_constituency,NCA-2011,1,0.142857,TNC-9ebaea8423e4,المهدية,8,1,2011-11-22,2014-12-01,false
TNP-00427,TNP-00520,shared_constituency,NCA-2011,1,0.142857,TNC-9ebaea8423e4,المهدية,8,1,2011-11-22,2014-12-01,false
TNP-00427,TNP-00541,shared_constituency,NCA-2011,1,0.142857,TNC-9ebaea8423e4,المهدية,8,1,2011-11-22,2014-12-01,false
TNP-00428,TNP-00429,shared_constituency,NCA-2011,1,0.125,TNC-c7d1a327d9a1,القيروان,9,1,2011-11-22,2014-12-01,false
TNP-00428,TNP-00482,shared_constituency,NCA-2011,1,0.125,TNC-c7d1a327d9a1,القيروان,9,1,2011-11-22,2014-12-01,false
TNP-00428,TNP-00484,shared_constituency,NCA-2011,1,0.125,TNC-c7d1a327d9a1,القيروان,9,1,2011-11-22,2014-12-01,false
TNP-00428,TNP-00502,shared_constituency,NCA-2011,1,0.125,TNC-c7d1a327d9a1,القيروان,9,1,2011-11-22,2014-12-01,false
TNP-00428,TNP-00523,shared_constituency,NCA-2011,1,0.125,TNC-c7d1a327d9a1,القيروان,9,1,2011-11-22,2014-12-01,false
TNP-00428,TNP-00528,shared_constituency,NCA-2011,1,0.125,TNC-c7d1a327d9a1,القيروان,9,1,2011-11-22,2014-12-01,false
TNP-00428,TNP-00542,shared_constituency,NCA-2011,1,0.125,TNC-c7d1a327d9a1,القيروان,9,1,2011-11-22,2014-12-01,false
TNP-00429,TNP-00482,shared_constituency,NCA-2011,1,0.125,TNC-c7d1a327d9a1,القيروان,9,1,2011-11-22,2014-12-01,false
TNP-00429,TNP-00484,shared_constituency,NCA-2011,1,0.125,TNC-c7d1a327d9a1,القيروان,9,1,2011-11-22,2014-12-01,false
TNP-00429,TNP-00502,shared_constituency,NCA-2011,1,0.125,TNC-c7d1a327d9a1,القيروان,9,1,2011-11-22,2014-12-01,false
TNP-00429,TNP-00523,shared_constituency,NCA-2011,1,0.125,TNC-c7d1a327d9a1,القيروان,9,1,2011-11-22,2014-12-01,false
TNP-00429,TNP-00528,shared_constituency,NCA-2011,1,0.125,TNC-c7d1a327d9a1,القيروان,9,1,2011-11-22,2014-12-01,false
TNP-00429,TNP-00542,shared_constituency,NCA-2011,1,0.125,TNC-c7d1a327d9a1,القيروان,9,1,2011-11-22,2014-12-01,false
TNP-00430,TNP-00467,shared_constituency,NCA-2011,1,0.142857,TNC-9ebaea8423e4,المهدية,8,1,2011-11-22,2014-12-01,false
TNP-00430,TNP-00479,shared_constituency,NCA-2011,1,0.142857,TNC-9ebaea8423e4,المهدية,8,1,2011-11-22,2014-12-01,false
TNP-00430,TNP-00520,shared_constituency,NCA-2011,1,0.142857,TNC-9ebaea8423e4,المهدية,8,1,2011-11-22,2014-12-01,false
TNP-00430,TNP-00541,shared_constituency,NCA-2011,1,0.142857,TNC-9ebaea8423e4,المهدية,8,1,2011-11-22,2014-12-01,false
TNP-00431,TNP-00433,shared_constituency,NCA-2011,1,0.142857,TNC-88c5476e5a9d,تونس الثانية,8,1,2011-11-22,2014-12-01,false
TNP-00431,TNP-00497,shared_constituency,NCA-2011,1,0.142857,TNC-88c5476e5a9d,تونس الثانية,8,1,2011-11-22,2014-12-01,false
TNP-00431,TNP-00564,shared_constituency,NCA-2011,1,0.142857,TNC-88c5476e5a9d,تونس الثانية,8,1,2011-11-22,2014-12-01,false
TNP-00432,TNP-00450,shared_constituency,NCA-2011,1,0.2,TNC-24281c72f60a,سليانة,6,1,2011-11-22,2014-12-01,false
TNP-00432,TNP-00458,shared_constituency,NCA-2011,1,0.2,TNC-24281c72f60a,سليانة,6,1,2011-11-22,2014-12-01,false
TNP-00432,TNP-00544,shared_constituency,NCA-2011,1,0.2,TNC-24281c72f60a,سليانة,6,1,2011-11-22,2014-12-01,false
TNP-00433,TNP-00497,shared_constituency,NCA-2011,1,0.142857,TNC-88c5476e5a9d,تونس الثانية,8,1,2011-11-22,2014-12-01,false
TNP-00433,TNP-00564,shared_constituency,NCA-2011,1,0.142857,TNC-88c5476e5a9d,تونس الثانية,8,1,2011-11-22,2014-12-01,false
TNP-00434,TNP-00475,shared_constituency,NCA-2011,1,0.333333,TNC-b5260965cfa3,تطاوين,4,1,2011-11-22,2014-12-01,false
TNP-00434,TNP-00513,shared_constituency,NCA-2011,1,0.333333,TNC-b5260965cfa3,تطاوين,4,1,2011-11-22,2014-12-01,false
TNP-00435,TNP-00439,shared_constituency,NCA-2011,1,0.125,TNC-e469034aebf1,مدنين,9,1,2011-11-22,2014-12-01,false
TNP-00435,TNP-00444,shared_constituency,NCA-2011,1,0.125,TNC-e469034aebf1,مدنين,9,1,2011-11-22,2014-12-01,false
TNP-00435,TNP-00454,shared_constituency,NCA-2011,1,0.125,TNC-e469034aebf1,مدنين,9,1,2011-11-22,2014-12-01,false
TNP-00435,TNP-00471,shared_constituency,NCA-2011,1,0.125,TNC-e469034aebf1,مدنين,9,1,2011-11-22,2014-12-01,false
TNP-00435,TNP-00511,shared_constituency,NCA-2011,1,0.125,TNC-e469034aebf1,مدنين,9,1,2011-11-22,2014-12-01,false
TNP-00435,TNP-00546,shared_constituency,NCA-2011,1,0.125,TNC-e469034aebf1,مدنين,9,1,2011-11-22,2014-12-01,false
TNP-00436,TNP-00437,shared_constituency,NCA-2011,1,0.111111,TNC-cfa36e6ce43c,بن عروس,10,1,2011-11-22,2014-12-01,false
TNP-00436,TNP-00438,shared_constituency,NCA-2011,1,0.111111,TNC-cfa36e6ce43c,بن عروس,10,1,2011-11-22,2014-12-01,false
TNP-00436,TNP-00522,shared_constituency,NCA-2011,1,0.111111,TNC-cfa36e6ce43c,بن عروس,10,1,2011-11-22,2014-12-01,false
TNP-00436,TNP-00535,shared_constituency,NCA-2011,1,0.111111,TNC-cfa36e6ce43c,بن عروس,10,1,2011-11-22,2014-12-01,false
TNP-00436,TNP-00548,shared_constituency,NCA-2011,1,0.111111,TNC-cfa36e6ce43c,بن عروس,10,1,2011-11-22,2014-12-01,false
TNP-00436,TNP-00550,shared_constituency,NCA-2011,1,0.111111,TNC-cfa36e6ce43c,بن عروس,10,1,2011-11-22,2014-12-01,false
TNP-00436,TNP-00560,shared_constituency,NCA-2011,1,0.111111,TNC-cfa36e6ce43c,بن عروس,10,1,2011-11-22,2014-12-01,false
TNP-00437,TNP-00438,shared_constituency,NCA-2011,1,0.111111,TNC-cfa36e6ce43c,بن عروس,10,1,2011-11-22,2014-12-01,false
TNP-00437,TNP-00522,shared_constituency,NCA-2011,1,0.111111,TNC-cfa36e6ce43c,بن عروس,10,1,2011-11-22,2014-12-01,false
TNP-00437,TNP-00535,shared_constituency,NCA-2011,1,0.111111,TNC-cfa36e6ce43c,بن عروس,10,1,2011-11-22,2014-12-01,false
TNP-00437,TNP-00548,shared_constituency,NCA-2011,1,0.111111,TNC-cfa36e6ce43c,بن عروس,10,1,2011-11-22,2014-12-01,false
TNP-00437,TNP-00550,shared_constituency,NCA-2011,1,0.111111,TNC-cfa36e6ce43c,بن عروس,10,1,2011-11-22,2014-12-01,false
TNP-00437,TNP-00560,shared_constituency,NCA-2011,1,0.111111,TNC-cfa36e6ce43c,بن عروس,10,1,2011-11-22,2014-12-01,false
TNP-00438,TNP-00522,shared_constituency,NCA-2011,1,0.111111,TNC-cfa36e6ce43c,بن عروس,10,1,2011-11-22,2014-12-01,false
TNP-00438,TNP-00535,shared_constituency,NCA-2011,1,0.111111,TNC-cfa36e6ce43c,بن عروس,10,1,2011-11-22,2014-12-01,false
TNP-00438,TNP-00548,shared_constituency,NCA-2011,1,0.111111,TNC-cfa36e6ce43c,بن عروس,10,1,2011-11-22,2014-12-01,false
TNP-00438,TNP-00550,shared_constituency,NCA-2011,1,0.111111,TNC-cfa36e6ce43c,بن عروس,10,1,2011-11-22,2014-12-01,false
TNP-00438,TNP-00560,shared_constituency,NCA-2011,1,0.111111,TNC-cfa36e6ce43c,بن عروس,10,1,2011-11-22,2014-12-01,false
TNP-00439,TNP-00444,shared_constituency,NCA-2011,1,0.125,TNC-e469034aebf1,مدنين,9,1,2011-11-22,2014-12-01,false
TNP-00439,TNP-00454,shared_constituency,NCA-2011,1,0.125,TNC-e469034aebf1,مدنين,9,1,2011-11-22,2014-12-01,false
TNP-00439,TNP-00471,shared_constituency,NCA-2011,1,0.125,TNC-e469034aebf1,مدنين,9,1,2011-11-22,2014-12-01,false
TNP-00439,TNP-00511,shared_constituency,NCA-2011,1,0.125,TNC-e469034aebf1,مدنين,9,1,2011-11-22,2014-12-01,false
TNP-00439,TNP-00546,shared_constituency,NCA-2011,1,0.125,TNC-e469034aebf1,مدنين,9,1,2011-11-22,2014-12-01,false
TNP-00440,TNP-00500,shared_constituency,NCA-2011,1,0.25,TNC-ad284920bd07,فرنسا الأولى,5,1,2011-11-22,2014-12-01,false
TNP-00440,TNP-00536,shared_constituency,NCA-2011,1,0.25,TNC-ad284920bd07,فرنسا الأولى,5,1,2011-11-22,2014-12-01,false
TNP-00440,TNP-00557,shared_constituency,NCA-2011,1,0.25,TNC-ad284920bd07,فرنسا الأولى,5,1,2011-11-22,2014-12-01,false
TNP-00441,TNP-00461,shared_constituency,NCA-2011,1,0.166667,TNC-ec5da2631a7d,قفصة,7,1,2011-11-22,2014-12-01,false
TNP-00441,TNP-00466,shared_constituency,NCA-2011,1,0.166667,TNC-ec5da2631a7d,قفصة,7,1,2011-11-22,2014-12-01,false
TNP-00441,TNP-00488,shared_constituency,NCA-2011,1,0.166667,TNC-ec5da2631a7d,قفصة,7,1,2011-11-22,2014-12-01,false
TNP-00441,TNP-00515,shared_constituency,NCA-2011,1,0.166667,TNC-ec5da2631a7d,قفصة,7,1,2011-11-22,2014-12-01,false
TNP-00442,TNP-00443,shared_constituency,NCA-2011,1,0.125,TNC-2febbe9c7d52,تونس الأولى,9,1,2011-11-22,2014-12-01,false
TNP-00442,TNP-00508,shared_constituency,NCA-2011,1,0.125,TNC-2febbe9c7d52,تونس الأولى,9,1,2011-11-22,2014-12-01,false
TNP-00442,TNP-00526,shared_constituency,NCA-2011,1,0.125,TNC-2febbe9c7d52,تونس الأولى,9,1,2011-11-22,2014-12-01,false
TNP-00442,TNP-00547,shared_constituency,NCA-2011,1,0.125,TNC-2febbe9c7d52,تونس الأولى,9,1,2011-11-22,2014-12-01,false
TNP-00442,TNP-00556,shared_constituency,NCA-2011,1,0.125,TNC-2febbe9c7d52,تونس الأولى,9,1,2011-11-22,2014-12-01,false
TNP-00442,TNP-00563,shared_constituency,NCA-2011,1,0.125,TNC-2febbe9c7d52,تونس الأولى,9,1,2011-11-22,2014-12-01,false
TNP-00443,TNP-00508,shared_constituency,NCA-2011,1,0.125,TNC-2febbe9c7d52,تونس الأولى,9,1,2011-11-22,2014-12-01,false
TNP-00443,TNP-00526,shared_constituency,NCA-2011,1,0.125,TNC-2febbe9c7d52,تونس الأولى,9,1,2011-11-22,2014-12-01,false
TNP-00443,TNP-00547,shared_constituency,NCA-2011,1,0.125,TNC-2febbe9c7d52,تونس الأولى,9,1,2011-11-22,2014-12-01,false
TNP-00443,TNP-00556,shared_constituency,NCA-2011,1,0.125,TNC-2febbe9c7d52,تونس الأولى,9,1,2011-11-22,2014-12-01,false
TNP-00443,TNP-00563,shared_constituency,NCA-2011,1,0.125,TNC-2febbe9c7d52,تونس الأولى,9,1,2011-11-22,2014-12-01,false
TNP-00444,TNP-00454,shared_constituency,NCA-2011,1,0.125,TNC-e469034aebf1,مدنين,9,1,2011-11-22,2014-12-01,false
TNP-00444,TNP-00471,shared_constituency,NCA-2011,1,0.125,TNC-e469034aebf1,مدنين,9,1,2011-11-22,2014-12-01,false
TNP-00444,TNP-00511,shared_constituency,NCA-2011,1,0.125,TNC-e469034aebf1,مدنين,9,1,2011-11-22,2014-12-01,false
TNP-00444,TNP-00546,shared_constituency,NCA-2011,1,0.125,TNC-e469034aebf1,مدنين,9,1,2011-11-22,2014-12-01,false
TNP-00445,TNP-00455,shared_constituency,NCA-2011,1,0.142857,TNC-d5c817850493,جندوبة,8,1,2011-11-22,2014-12-01,false
TNP-00445,TNP-00551,shared_constituency,NCA-2011,1,0.142857,TNC-d5c817850493,جندوبة,8,1,2011-11-22,2014-12-01,false
TNP-00445,TNP-00562,shared_constituency,NCA-2011,1,0.142857,TNC-d5c817850493,جندوبة,8,1,2011-11-22,2014-12-01,false
TNP-00446,TNP-00457,shared_constituency,NCA-2011,1,0.166667,TNC-017562922a2d,نابل الأولى,7,1,2011-11-22,2014-12-01,false
TNP-00446,TNP-00539,shared_constituency,NCA-2011,1,0.166667,TNC-017562922a2d,نابل الأولى,7,1,2011-11-22,2014-12-01,false
TNP-00446,TNP-00543,shared_constituency,NCA-2011,1,0.166667,TNC-017562922a2d,نابل الأولى,7,1,2011-11-22,2014-12-01,false
TNP-00446,TNP-00554,shared_constituency,NCA-2011,1,0.166667,TNC-017562922a2d,نابل الأولى,7,1,2011-11-22,2014-12-01,false
TNP-00446,TNP-00568,shared_constituency,NCA-2011,1,0.166667,TNC-017562922a2d,نابل الأولى,7,1,2011-11-22,2014-12-01,false
TNP-00447,TNP-00518,shared_constituency,NCA-2011,1,0.125,TNC-583f49488ae9,المنستير,9,1,2011-11-22,2014-12-01,false
TNP-00447,TNP-00532,shared_constituency,NCA-2011,1,0.125,TNC-583f49488ae9,المنستير,9,1,2011-11-22,2014-12-01,false
TNP-00447,TNP-00540,shared_constituency,NCA-2011,1,0.125,TNC-583f49488ae9,المنستير,9,1,2011-11-22,2014-12-01,false
TNP-00448,TNP-00453,shared_constituency,NCA-2011,1,0.125,TNC-9ea7b64efa1b,صفاقس الثانية,9,1,2011-11-22,2014-12-01,false
TNP-00448,TNP-00472,shared_constituency,NCA-2011,1,0.125,TNC-9ea7b64efa1b,صفاقس الثانية,9,1,2011-11-22,2014-12-01,false
TNP-00448,TNP-00492,shared_constituency,NCA-2011,1,0.125,TNC-9ea7b64efa1b,صفاقس الثانية,9,1,2011-11-22,2014-12-01,false
TNP-00448,TNP-00527,shared_constituency,NCA-2011,1,0.125,TNC-9ea7b64efa1b,صفاقس الثانية,9,1,2011-11-22,2014-12-01,false
TNP-00449,TNP-00474,shared_constituency,NCA-2011,1,0.2,TNC-dc712e9ce3b4,باجـة,6,1,2011-11-22,2014-12-01,false
TNP-00449,TNP-00510,shared_constituency,NCA-2011,1,0.2,TNC-dc712e9ce3b4,باجـة,6,1,2011-11-22,2014-12-01,false
TNP-00449,TNP-00537,shared_constituency,NCA-2011,1,0.2,TNC-dc712e9ce3b4,باجـة,6,1,2011-11-22,2014-12-01,false
TNP-00450,TNP-00458,shared_constituency,NCA-2011,1,0.2,TNC-24281c72f60a,سليانة,6,1,2011-11-22,2014-12-01,false
TNP-00450,TNP-00544,shared_constituency,NCA-2011,1,0.2,TNC-24281c72f60a,سليانة,6,1,2011-11-22,2014-12-01,false
TNP-00451,TNP-00486,shared_constituency,NCA-2011,1,0.111111,TNC-79b664be1960,سوسة,10,1,2011-11-22,2014-12-01,false
TNP-00451,TNP-00514,shared_constituency,NCA-2011,1,0.111111,TNC-79b664be1960,سوسة,10,1,2011-11-22,2014-12-01,false
TNP-00451,TNP-00529,shared_constituency,NCA-2011,1,0.111111,TNC-79b664be1960,سوسة,10,1,2011-11-22,2014-12-01,false
TNP-00451,TNP-00530,shared_constituency,NCA-2011,1,0.111111,TNC-79b664be1960,سوسة,10,1,2011-11-22,2014-12-01,false
TNP-00451,TNP-00552,shared_constituency,NCA-2011,1,0.111111,TNC-79b664be1960,سوسة,10,1,2011-11-22,2014-12-01,false
TNP-00452,TNP-00477,shared_constituency,NCA-2011,1,0.2,TNC-e4d451ace536,نابل الثانية,6,1,2011-11-22,2014-12-01,false
TNP-00452,TNP-00480,shared_constituency,NCA-2011,1,0.2,TNC-e4d451ace536,نابل الثانية,6,1,2011-11-22,2014-12-01,false
TNP-00452,TNP-00524,shared_constituency,NCA-2011,1,0.2,TNC-e4d451ace536,نابل الثانية,6,1,2011-11-22,2014-12-01,false
TNP-00453,TNP-00472,shared_constituency,NCA-2011,1,0.125,TNC-9ea7b64efa1b,صفاقس الثانية,9,1,2011-11-22,2014-12-01,false
TNP-00453,TNP-00492,shared_constituency,NCA-2011,1,0.125,TNC-9ea7b64efa1b,صفاقس الثانية,9,1,2011-11-22,2014-12-01,false
TNP-00453,TNP-00527,shared_constituency,NCA-2011,1,0.125,TNC-9ea7b64efa1b,صفاقس الثانية,9,1,2011-11-22,2014-12-01,false
TNP-00454,TNP-00471,shared_constituency,NCA-2011,1,0.125,TNC-e469034aebf1,مدنين,9,1,2011-11-22,2014-12-01,false
TNP-00454,TNP-00511,shared_constituency,NCA-2011,1,0.125,TNC-e469034aebf1,مدنين,9,1,2011-11-22,2014-12-01,false
TNP-00454,TNP-00546,shared_constituency,NCA-2011,1,0.125,TNC-e469034aebf1,مدنين,9,1,2011-11-22,2014-12-01,false
TNP-00455,TNP-00551,shared_constituency,NCA-2011,1,0.142857,TNC-d5c817850493,جندوبة,8,1,2011-11-22,2014-12-01,false
TNP-00455,TNP-00562,shared_constituency,NCA-2011,1,0.142857,TNC-d5c817850493,جندوبة,8,1,2011-11-22,2014-12-01,false
TNP-00456,TNP-00469,shared_constituency,NCA-2011,1,0.2,TNC-803cdcb9d5a2,الكاف,6,1,2011-11-22,2014-12-01,false
TNP-00456,TNP-00521,shared_constituency,NCA-2011,1,0.2,TNC-803cdcb9d5a2,الكاف,6,1,2011-11-22,2014-12-01,false
TNP-00456,TNP-00533,shared_constituency,NCA-2011,1,0.2,TNC-803cdcb9d5a2,الكاف,6,1,2011-11-22,2014-12-01,false
TNP-00456,TNP-00555,shared_constituency,NCA-2011,1,0.2,TNC-803cdcb9d5a2,الكاف,6,1,2011-11-22,2014-12-01,false
TNP-00457,TNP-00539,shared_constituency,NCA-2011,1,0.166667,TNC-017562922a2d,نابل الأولى,7,1,2011-11-22,2014-12-01,false
TNP-00457,TNP-00543,shared_constituency,NCA-2011,1,0.166667,TNC-017562922a2d,نابل الأولى,7,1,2011-11-22,2014-12-01,false
TNP-00457,TNP-00554,shared_constituency,NCA-2011,1,0.166667,TNC-017562922a2d,نابل الأولى,7,1,2011-11-22,2014-12-01,false
TNP-00457,TNP-00568,shared_constituency,NCA-2011,1,0.166667,TNC-017562922a2d,نابل الأولى,7,1,2011-11-22,2014-12-01,false
TNP-00458,TNP-00544,shared_constituency,NCA-2011,1,0.2,TNC-24281c72f60a,سليانة,6,1,2011-11-22,2014-12-01,false
TNP-00459,TNP-00503,shared_constituency,NCA-2011,1,0.125,TNC-0827ceafe35d,بنزرت,9,1,2011-11-22,2014-12-01,false
TNP-00459,TNP-00525,shared_constituency,NCA-2011,1,0.125,TNC-0827ceafe35d,بنزرت,9,1,2011-11-22,2014-12-01,false
TNP-00459,TNP-00549,shared_constituency,NCA-2011,1,0.125,TNC-0827ceafe35d,بنزرت,9,1,2011-11-22,2014-12-01,false
TNP-00459,TNP-00559,shared_constituency,NCA-2011,1,0.125,TNC-0827ceafe35d,بنزرت,9,1,2011-11-22,2014-12-01,false
TNP-00459,TNP-00567,shared_constituency,NCA-2011,1,0.125,TNC-0827ceafe35d,بنزرت,9,1,2011-11-22,2014-12-01,false
TNP-00460,TNP-00462,shared_constituency,NCA-2011,1,0.166667,TNC-4e045f7b3148,منوبة,7,1,2011-11-22,2014-12-01,false
TNP-00460,TNP-00463,shared_constituency,NCA-2011,1,0.166667,TNC-4e045f7b3148,منوبة,7,1,2011-11-22,2014-12-01,false
TNP-00460,TNP-00464,shared_constituency,NCA-2011,1,0.166667,TNC-4e045f7b3148,منوبة,7,1,2011-11-22,2014-12-01,false
TNP-00460,TNP-00476,shared_constituency,NCA-2011,1,0.166667,TNC-4e045f7b3148,منوبة,7,1,2011-11-22,2014-12-01,false
TNP-00460,TNP-00501,shared_constituency,NCA-2011,1,0.166667,TNC-4e045f7b3148,منوبة,7,1,2011-11-22,2014-12-01,false
TNP-00461,TNP-00466,shared_constituency,NCA-2011,1,0.166667,TNC-ec5da2631a7d,قفصة,7,1,2011-11-22,2014-12-01,false
TNP-00461,TNP-00488,shared_constituency,NCA-2011,1,0.166667,TNC-ec5da2631a7d,قفصة,7,1,2011-11-22,2014-12-01,false
TNP-00461,TNP-00515,shared_constituency,NCA-2011,1,0.166667,TNC-ec5da2631a7d,قفصة,7,1,2011-11-22,2014-12-01,false
TNP-00462,TNP-00463,shared_constituency,NCA-2011,1,0.166667,TNC-4e045f7b3148,منوبة,7,1,2011-11-22,2014-12-01,false
TNP-00462,TNP-00464,shared_constituency,NCA-2011,1,0.166667,TNC-4e045f7b3148,منوبة,7,1,2011-11-22,2014-12-01,false
TNP-00462,TNP-00476,shared_constituency,NCA-2011,1,0.166667,TNC-4e045f7b3148,منوبة,7,1,2011-11-22,2014-12-01,false
TNP-00462,TNP-00501,shared_constituency,NCA-2011,1,0.166667,TNC-4e045f7b3148,منوبة,7,1,2011-11-22,2014-12-01,false
TNP-00463,TNP-00464,shared_constituency,NCA-2011,1,0.166667,TNC-4e045f7b3148,منوبة,7,1,2011-11-22,2014-12-01,false
TNP-00463,TNP-00476,shared_constituency,NCA-2011,1,0.166667,TNC-4e045f7b3148,منوبة,7,1,2011-11-22,2014-12-01,false
TNP-00463,TNP-00501,shared_constituency,NCA-2011,1,0.166667,TNC-4e045f7b3148,منوبة,7,1,2011-11-22,2014-12-01,false
TNP-00464,TNP-00476,shared_constituency,NCA-2011,1,0.166667,TNC-4e045f7b3148,منوبة,7,1,2011-11-22,2014-12-01,false
TNP-00464,TNP-00501,shared_constituency,NCA-2011,1,0.166667,TNC-4e045f7b3148,منوبة,7,1,2011-11-22,2014-12-01,false
TNP-00466,TNP-00488,shared_constituency,NCA-2011,1,0.166667,TNC-ec5da2631a7d,قفصة,7,1,2011-11-22,2014-12-01,false
TNP-00466,TNP-00515,shared_constituency,NCA-2011,1,0.166667,TNC-ec5da2631a7d,قفصة,7,1,2011-11-22,2014-12-01,false
TNP-00467,TNP-00479,shared_constituency,NCA-2011,1,0.142857,TNC-9ebaea8423e4,المهدية,8,1,2011-11-22,2014-12-01,false
TNP-00467,TNP-00520,shared_constituency,NCA-2011,1,0.142857,TNC-9ebaea8423e4,المهدية,8,1,2011-11-22,2014-12-01,false
TNP-00467,TNP-00541,shared_constituency,NCA-2011,1,0.142857,TNC-9ebaea8423e4,المهدية,8,1,2011-11-22,2014-12-01,false
TNP-00468,TNP-00473,shared_constituency,NCA-2011,1,0.142857,TNC-318f5c8e7cc7,أريانة,8,1,2011-11-22,2014-12-01,false
TNP-00468,TNP-00490,shared_constituency,NCA-2011,1,0.142857,TNC-318f5c8e7cc7,أريانة,8,1,2011-11-22,2014-12-01,false
TNP-00468,TNP-00506,shared_constituency,NCA-2011,1,0.142857,TNC-318f5c8e7cc7,أريانة,8,1,2011-11-22,2014-12-01,false
TNP-00469,TNP-00521,shared_constituency,NCA-2011,1,0.2,TNC-803cdcb9d5a2,الكاف,6,1,2011-11-22,2014-12-01,false
TNP-00469,TNP-00533,shared_constituency,NCA-2011,1,0.2,TNC-803cdcb9d5a2,الكاف,6,1,2011-11-22,2014-12-01,false
TNP-00469,TNP-00555,shared_constituency,NCA-2011,1,0.2,TNC-803cdcb9d5a2,الكاف,6,1,2011-11-22,2014-12-01,false
TNP-00470,TNP-00487,shared_constituency,NCA-2011,1,0.166667,TNC-cc34ff2fce92,قابس,7,1,2011-11-22,2014-12-01,false
TNP-00470,TNP-00534,shared_constituency,NCA-2011,1,0.166667,TNC-cc34ff2fce92,قابس,7,1,2011-11-22,2014-12-01,false
TNP-00470,TNP-00545,shared_constituency,NCA-2011,1,0.166667,TNC-cc34ff2fce92,قابس,7,1,2011-11-22,2014-12-01,false
TNP-00471,TNP-00511,shared_constituency,NCA-2011,1,0.125,TNC-e469034aebf1,مدنين,9,1,2011-11-22,2014-12-01,false
TNP-00471,TNP-00546,shared_constituency,NCA-2011,1,0.125,TNC-e469034aebf1,مدنين,9,1,2011-11-22,2014-12-01,false
TNP-00472,TNP-00492,shared_constituency,NCA-2011,1,0.125,TNC-9ea7b64efa1b,صفاقس الثانية,9,1,2011-11-22,2014-12-01,false
TNP-00472,TNP-00527,shared_constituency,NCA-2011,1,0.125,TNC-9ea7b64efa1b,صفاقس الثانية,9,1,2011-11-22,2014-12-01,false
TNP-00473,TNP-00490,shared_constituency,NCA-2011,1,0.142857,TNC-318f5c8e7cc7,أريانة,8,1,2011-11-22,2014-12-01,false
TNP-00473,TNP-00506,shared_constituency,NCA-2011,1,0.142857,TNC-318f5c8e7cc7,أريانة,8,1,2011-11-22,2014-12-01,false
TNP-00474,TNP-00510,shared_constituency,NCA-2011,1,0.2,TNC-dc712e9ce3b4,باجـة,6,1,2011-11-22,2014-12-01,false
TNP-00474,TNP-00537,shared_constituency,NCA-2011,1,0.2,TNC-dc712e9ce3b4,باجـة,6,1,2011-11-22,2014-12-01,false
TNP-00475,TNP-00513,shared_constituency,NCA-2011,1,0.333333,TNC-b5260965cfa3,تطاوين,4,1,2011-11-22,2014-12-01,false
TNP-00476,TNP-00501,shared_constituency,NCA-2011,1,0.166667,TNC-4e045f7b3148,منوبة,7,1,2011-11-22,2014-12-01,false
TNP-00477,TNP-00480,shared_constituency,NCA-2011,1,0.2,TNC-e4d451ace536,نابل الثانية,6,1,2011-11-22,2014-12-01,false
TNP-00477,TNP-00524,shared_constituency,NCA-2011,1,0.2,TNC-e4d451ace536,نابل الثانية,6,1,2011-11-22,2014-12-01,false
TNP-00478,TNP-00531,shared_constituency,NCA-2011,1,0.25,TNC-6c9ddf89d1b4,قبلي,5,1,2011-11-22,2014-12-01,false
TNP-00479,TNP-00520,shared_constituency,NCA-2011,1,0.142857,TNC-9ebaea8423e4,المهدية,8,1,2011-11-22,2014-12-01,false
TNP-00479,TNP-00541,shared_constituency,NCA-2011,1,0.142857,TNC-9ebaea8423e4,المهدية,8,1,2011-11-22,2014-12-01,false
TNP-00480,TNP-00524,shared_constituency,NCA-2011,1,0.2,TNC-e4d451ace536,نابل الثانية,6,1,2011-11-22,2014-12-01,false
TNP-00481,TNP-00504,shared_constituency,NCA-2011,1,0.142857,TNC-721491227627,سيدي بوزيد,8,1,2011-11-22,2014-12-01,false
TNP-00481,TNP-00505,shared_constituency,NCA-2011,1,0.142857,TNC-721491227627,سيدي بوزيد,8,1,2011-11-22,2014-12-01,false
TNP-00481,TNP-00516,shared_constituency,NCA-2011,1,0.142857,TNC-721491227627,سيدي بوزيد,8,1,2011-11-22,2014-12-01,false
TNP-00481,TNP-00565,shared_constituency,NCA-2011,1,0.142857,TNC-721491227627,سيدي بوزيد,8,1,2011-11-22,2014-12-01,false
TNP-00481,TNP-00566,shared_constituency,NCA-2011,1,0.142857,TNC-721491227627,سيدي بوزيد,8,1,2011-11-22,2014-12-01,false
TNP-00482,TNP-00484,shared_constituency,NCA-2011,1,0.125,TNC-c7d1a327d9a1,القيروان,9,1,2011-11-22,2014-12-01,false
TNP-00482,TNP-00502,shared_constituency,NCA-2011,1,0.125,TNC-c7d1a327d9a1,القيروان,9,1,2011-11-22,2014-12-01,false
TNP-00482,TNP-00523,shared_constituency,NCA-2011,1,0.125,TNC-c7d1a327d9a1,القيروان,9,1,2011-11-22,2014-12-01,false
TNP-00482,TNP-00528,shared_constituency,NCA-2011,1,0.125,TNC-c7d1a327d9a1,القيروان,9,1,2011-11-22,2014-12-01,false
TNP-00482,TNP-00542,shared_constituency,NCA-2011,1,0.125,TNC-c7d1a327d9a1,القيروان,9,1,2011-11-22,2014-12-01,false
TNP-00483,TNP-00493,shared_constituency,NCA-2011,1,0.142857,TNC-052adc16e166,القصرين,8,1,2011-11-22,2014-12-01,false
TNP-00483,TNP-00498,shared_constituency,NCA-2011,1,0.142857,TNC-052adc16e166,القصرين,8,1,2011-11-22,2014-12-01,false
TNP-00483,TNP-00509,shared_constituency,NCA-2011,1,0.142857,TNC-052adc16e166,القصرين,8,1,2011-11-22,2014-12-01,false
TNP-00483,TNP-00519,shared_constituency,NCA-2011,1,0.142857,TNC-052adc16e166,القصرين,8,1,2011-11-22,2014-12-01,false
TNP-00484,TNP-00502,shared_constituency,NCA-2011,1,0.125,TNC-c7d1a327d9a1,القيروان,9,1,2011-11-22,2014-12-01,false
TNP-00484,TNP-00523,shared_constituency,NCA-2011,1,0.125,TNC-c7d1a327d9a1,القيروان,9,1,2011-11-22,2014-12-01,false
TNP-00484,TNP-00528,shared_constituency,NCA-2011,1,0.125,TNC-c7d1a327d9a1,القيروان,9,1,2011-11-22,2014-12-01,false
TNP-00484,TNP-00542,shared_constituency,NCA-2011,1,0.125,TNC-c7d1a327d9a1,القيروان,9,1,2011-11-22,2014-12-01,false
TNP-00485,TNP-00494,shared_constituency,NCA-2011,1,0.166667,TNC-190ffea8a951,صفاقس الأولى,7,1,2011-11-22,2014-12-01,false
TNP-00485,TNP-00507,shared_constituency,NCA-2011,1,0.166667,TNC-190ffea8a951,صفاقس الأولى,7,1,2011-11-22,2014-12-01,false
TNP-00485,TNP-00553,shared_constituency,NCA-2011,1,0.166667,TNC-190ffea8a951,صفاقس الأولى,7,1,2011-11-22,2014-12-01,false
TNP-00486,TNP-00514,shared_constituency,NCA-2011,1,0.111111,TNC-79b664be1960,سوسة,10,1,2011-11-22,2014-12-01,false
TNP-00486,TNP-00529,shared_constituency,NCA-2011,1,0.111111,TNC-79b664be1960,سوسة,10,1,2011-11-22,2014-12-01,false
TNP-00486,TNP-00530,shared_constituency,NCA-2011,1,0.111111,TNC-79b664be1960,سوسة,10,1,2011-11-22,2014-12-01,false
TNP-00486,TNP-00552,shared_constituency,NCA-2011,1,0.111111,TNC-79b664be1960,سوسة,10,1,2011-11-22,2014-12-01,false
TNP-00487,TNP-00534,shared_constituency,NCA-2011,1,0.166667,TNC-cc34ff2fce92,قابس,7,1,2011-11-22,2014-12-01,false
TNP-00487,TNP-00545,shared_constituency,NCA-2011,1,0.166667,TNC-cc34ff2fce92,قابس,7,1,2011-11-22,2014-12-01,false
TNP-00488,TNP-00515,shared_constituency,NCA-2011,1,0.166667,TNC-ec5da2631a7d,قفصة,7,1,2011-11-22,2014-12-01,false
TNP-00489,TNP-00538,shared_constituency,NCA-2011,1,0.25,TNC-7b8892e8182c,زغوان,5,1,2011-11-22,2014-12-01,false
TNP-00489,TNP-00561,shared_constituency,NCA-2011,1,0.25,TNC-7b8892e8182c,زغوان,5,1,2011-11-22,2014-12-01,false
TNP-00490,TNP-00506,shared_constituency,NCA-2011,1,0.142857,TNC-318f5c8e7cc7,أريانة,8,1,2011-11-22,2014-12-01,false
TNP-00491,TNP-00512,shared_constituency,NCA-2011,1,0.25,TNC-ab2cc30717b4,فرنسا الثانية,5,1,2011-11-22,2014-12-01,false
TNP-00491,TNP-00558,shared_constituency,NCA-2011,1,0.25,TNC-ab2cc30717b4,فرنسا الثانية,5,1,2011-11-22,2014-12-01,false
TNP-00492,TNP-00527,shared_constituency,NCA-2011,1,0.125,TNC-9ea7b64efa1b,صفاقس الثانية,9,1,2011-11-22,2014-12-01,false
TNP-00493,TNP-00498,shared_constituency,NCA-2011,1,0.142857,TNC-052adc16e166,القصرين,8,1,2011-11-22,2014-12-01,false
TNP-00493,TNP-00509,shared_constituency,NCA-2011,1,0.142857,TNC-052adc16e166,القصرين,8,1,2011-11-22,2014-12-01,false
TNP-00493,TNP-00519,shared_constituency,NCA-2011,1,0.142857,TNC-052adc16e166,القصرين,8,1,2011-11-22,2014-12-01,false
TNP-00494,TNP-00507,shared_constituency,NCA-2011,1,0.166667,TNC-190ffea8a951,صفاقس الأولى,7,1,2011-11-22,2014-12-01,false
TNP-00494,TNP-00553,shared_constituency,NCA-2011,1,0.166667,TNC-190ffea8a951,صفاقس الأولى,7,1,2011-11-22,2014-12-01,false
TNP-00496,TNP-00517,shared_constituency,NCA-2011,1,0.333333,TNC-5bb4dbd5171c,توزر,4,1,2011-11-22,2014-12-01,false
TNP-00497,TNP-00564,shared_constituency,NCA-2011,1,0.142857,TNC-88c5476e5a9d,تونس الثانية,8,1,2011-11-22,2014-12-01,false
TNP-00498,TNP-00509,shared_constituency,NCA-2011,1,0.142857,TNC-052adc16e166,القصرين,8,1,2011-11-22,2014-12-01,false
TNP-00498,TNP-00519,shared_constituency,NCA-2011,1,0.142857,TNC-052adc16e166,القصرين,8,1,2011-11-22,2014-12-01,false
TNP-00500,TNP-00536,shared_constituency,NCA-2011,1,0.25,TNC-ad284920bd07,فرنسا الأولى,5,1,2011-11-22,2014-12-01,false
TNP-00500,TNP-00557,shared_constituency,NCA-2011,1,0.25,TNC-ad284920bd07,فرنسا الأولى,5,1,2011-11-22,2014-12-01,false
TNP-00502,TNP-00523,shared_constituency,NCA-2011,1,0.125,TNC-c7d1a327d9a1,القيروان,9,1,2011-11-22,2014-12-01,false
TNP-00502,TNP-00528,shared_constituency,NCA-2011,1,0.125,TNC-c7d1a327d9a1,القيروان,9,1,2011-11-22,2014-12-01,false
TNP-00502,TNP-00542,shared_constituency,NCA-2011,1,0.125,TNC-c7d1a327d9a1,القيروان,9,1,2011-11-22,2014-12-01,false
TNP-00503,TNP-00525,shared_constituency,NCA-2011,1,0.125,TNC-0827ceafe35d,بنزرت,9,1,2011-11-22,2014-12-01,false
TNP-00503,TNP-00549,shared_constituency,NCA-2011,1,0.125,TNC-0827ceafe35d,بنزرت,9,1,2011-11-22,2014-12-01,false
TNP-00503,TNP-00559,shared_constituency,NCA-2011,1,0.125,TNC-0827ceafe35d,بنزرت,9,1,2011-11-22,2014-12-01,false
TNP-00503,TNP-00567,shared_constituency,NCA-2011,1,0.125,TNC-0827ceafe35d,بنزرت,9,1,2011-11-22,2014-12-01,false
TNP-00504,TNP-00505,shared_constituency,NCA-2011,1,0.142857,TNC-721491227627,سيدي بوزيد,8,1,2011-11-22,2014-12-01,false
TNP-00504,TNP-00516,shared_constituency,NCA-2011,1,0.142857,TNC-721491227627,سيدي بوزيد,8,1,2011-11-22,2014-12-01,false
TNP-00504,TNP-00565,shared_constituency,NCA-2011,1,0.142857,TNC-721491227627,سيدي بوزيد,8,1,2011-11-22,2014-12-01,false
TNP-00504,TNP-00566,shared_constituency,NCA-2011,1,0.142857,TNC-721491227627,سيدي بوزيد,8,1,2011-11-22,2014-12-01,false
TNP-00505,TNP-00516,shared_constituency,NCA-2011,1,0.142857,TNC-721491227627,سيدي بوزيد,8,1,2011-11-22,2014-12-01,false
TNP-00505,TNP-00565,shared_constituency,NCA-2011,1,0.142857,TNC-721491227627,سيدي بوزيد,8,1,2011-11-22,2014-12-01,false
TNP-00505,TNP-00566,shared_constituency,NCA-2011,1,0.142857,TNC-721491227627,سيدي بوزيد,8,1,2011-11-22,2014-12-01,false
TNP-00507,TNP-00553,shared_constituency,NCA-2011,1,0.166667,TNC-190ffea8a951,صفاقس الأولى,7,1,2011-11-22,2014-12-01,false
TNP-00508,TNP-00526,shared_constituency,NCA-2011,1,0.125,TNC-2febbe9c7d52,تونس الأولى,9,1,2011-11-22,2014-12-01,false
TNP-00508,TNP-00547,shared_constituency,NCA-2011,1,0.125,TNC-2febbe9c7d52,تونس الأولى,9,1,2011-11-22,2014-12-01,false
TNP-00508,TNP-00556,shared_constituency,NCA-2011,1,0.125,TNC-2febbe9c7d52,تونس الأولى,9,1,2011-11-22,2014-12-01,false
TNP-00508,TNP-00563,shared_constituency,NCA-2011,1,0.125,TNC-2febbe9c7d52,تونس الأولى,9,1,2011-11-22,2014-12-01,false
TNP-00509,TNP-00519,shared_constituency,NCA-2011,1,0.142857,TNC-052adc16e166,القصرين,8,1,2011-11-22,2014-12-01,false
TNP-00510,TNP-00537,shared_constituency,NCA-2011,1,0.2,TNC-dc712e9ce3b4,باجـة,6,1,2011-11-22,2014-12-01,false
TNP-00511,TNP-00546,shared_constituency,NCA-2011,1,0.125,TNC-e469034aebf1,مدنين,9,1,2011-11-22,2014-12-01,false
TNP-00512,TNP-00558,shared_constituency,NCA-2011,1,0.25,TNC-ab2cc30717b4,فرنسا الثانية,5,1,2011-11-22,2014-12-01,false
TNP-00514,TNP-00529,shared_constituency,NCA-2011,1,0.111111,TNC-79b664be1960,سوسة,10,1,2011-11-22,2014-12-01,false
TNP-00514,TNP-00530,shared_constituency,NCA-2011,1,0.111111,TNC-79b664be1960,سوسة,10,1,2011-11-22,2014-12-01,false
TNP-00514,TNP-00552,shared_constituency,NCA-2011,1,0.111111,TNC-79b664be1960,سوسة,10,1,2011-11-22,2014-12-01,false
TNP-00516,TNP-00565,shared_constituency,NCA-2011,1,0.142857,TNC-721491227627,سيدي بوزيد,8,1,2011-11-22,2014-12-01,false
TNP-00516,TNP-00566,shared_constituency,NCA-2011,1,0.142857,TNC-721491227627,سيدي بوزيد,8,1,2011-11-22,2014-12-01,false
TNP-00518,TNP-00532,shared_constituency,NCA-2011,1,0.125,TNC-583f49488ae9,المنستير,9,1,2011-11-22,2014-12-01,false
TNP-00518,TNP-00540,shared_constituency,NCA-2011,1,0.125,TNC-583f49488ae9,المنستير,9,1,2011-11-22,2014-12-01,false
TNP-00520,TNP-00541,shared_constituency,NCA-2011,1,0.142857,TNC-9ebaea8423e4,المهدية,8,1,2011-11-22,2014-12-01,false
TNP-00521,TNP-00533,shared_constituency,NCA-2011,1,0.2,TNC-803cdcb9d5a2,الكاف,6,1,2011-11-22,2014-12-01,false
TNP-00521,TNP-00555,shared_constituency,NCA-2011,1,0.2,TNC-803cdcb9d5a2,الكاف,6,1,2011-11-22,2014-12-01,false
TNP-00522,TNP-00535,shared_constituency,NCA-2011,1,0.111111,TNC-cfa36e6ce43c,بن عروس,10,1,2011-11-22,2014-12-01,false
TNP-00522,TNP-00548,shared_constituency,NCA-2011,1,0.111111,TNC-cfa36e6ce43c,بن عروس,10,1,2011-11-22,2014-12-01,false
TNP-00522,TNP-00550,shared_constituency,NCA-2011,1,0.111111,TNC-cfa36e6ce43c,بن عروس,10,1,2011-11-22,2014-12-01,false
TNP-00522,TNP-00560,shared_constituency,NCA-2011,1,0.111111,TNC-cfa36e6ce43c,بن عروس,10,1,2011-11-22,2014-12-01,false
TNP-00523,TNP-00528,shared_constituency,NCA-2011,1,0.125,TNC-c7d1a327d9a1,القيروان,9,1,2011-11-22,2014-12-01,false
TNP-00523,TNP-00542,shared_constituency,NCA-2011,1,0.125,TNC-c7d1a327d9a1,القيروان,9,1,2011-11-22,2014-12-01,false
TNP-00525,TNP-00549,shared_constituency,NCA-2011,1,0.125,TNC-0827ceafe35d,بنزرت,9,1,2011-11-22,2014-12-01,false
TNP-00525,TNP-00559,shared_constituency,NCA-2011,1,0.125,TNC-0827ceafe35d,بنزرت,9,1,2011-11-22,2014-12-01,false
TNP-00525,TNP-00567,shared_constituency,NCA-2011,1,0.125,TNC-0827ceafe35d,بنزرت,9,1,2011-11-22,2014-12-01,false
TNP-00526,TNP-00547,shared_constituency,NCA-2011,1,0.125,TNC-2febbe9c7d52,تونس الأولى,9,1,2011-11-22,2014-12-01,false
TNP-00526,TNP-00556,shared_constituency,NCA-2011,1,0.125,TNC-2febbe9c7d52,تونس الأولى,9,1,2011-11-22,2014-12-01,false
TNP-00526,TNP-00563,shared_constituency,NCA-2011,1,0.125,TNC-2febbe9c7d52,تونس الأولى,9,1,2011-11-22,2014-12-01,false
TNP-00528,TNP-00542,shared_constituency,NCA-2011,1,0.125,TNC-c7d1a327d9a1,القيروان,9,1,2011-11-22,2014-12-01,false
TNP-00529,TNP-00530,shared_constituency,NCA-2011,1,0.111111,TNC-79b664be1960,سوسة,10,1,2011-11-22,2014-12-01,false
TNP-00529,TNP-00552,shared_constituency,NCA-2011,1,0.111111,TNC-79b664be1960,سوسة,10,1,2011-11-22,2014-12-01,false
TNP-00530,TNP-00552,shared_constituency,NCA-2011,1,0.111111,TNC-79b664be1960,سوسة,10,1,2011-11-22,2014-12-01,false
TNP-00532,TNP-00540,shared_constituency,NCA-2011,1,0.125,TNC-583f49488ae9,المنستير,9,1,2011-11-22,2014-12-01,false
TNP-00533,TNP-00555,shared_constituency,NCA-2011,1,0.2,TNC-803cdcb9d5a2,الكاف,6,1,2011-11-22,2014-12-01,false
TNP-00534,TNP-00545,shared_constituency,NCA-2011,1,0.166667,TNC-cc34ff2fce92,قابس,7,1,2011-11-22,2014-12-01,false
TNP-00535,TNP-00548,shared_constituency,NCA-2011,1,0.111111,TNC-cfa36e6ce43c,بن عروس,10,1,2011-11-22,2014-12-01,false
TNP-00535,TNP-00550,shared_constituency,NCA-2011,1,0.111111,TNC-cfa36e6ce43c,بن عروس,10,1,2011-11-22,2014-12-01,false
TNP-00535,TNP-00560,shared_constituency,NCA-2011,1,0.111111,TNC-cfa36e6ce43c,بن عروس,10,1,2011-11-22,2014-12-01,false
TNP-00536,TNP-00557,shared_constituency,NCA-2011,1,0.25,TNC-ad284920bd07,فرنسا الأولى,5,1,2011-11-22,2014-12-01,false
TNP-00538,TNP-00561,shared_constituency,NCA-2011,1,0.25,TNC-7b8892e8182c,زغوان,5,1,2011-11-22,2014-12-01,false
TNP-00539,TNP-00543,shared_constituency,NCA-2011,1,0.166667,TNC-017562922a2d,نابل الأولى,7,1,2011-11-22,2014-12-01,false
TNP-00539,TNP-00554,shared_constituency,NCA-2011,1,0.166667,TNC-017562922a2d,نابل الأولى,7,1,2011-11-22,2014-12-01,false
TNP-00539,TNP-00568,shared_constituency,NCA-2011,1,0.166667,TNC-017562922a2d,نابل الأولى,7,1,2011-11-22,2014-12-01,false
TNP-00543,TNP-00554,shared_constituency,NCA-2011,1,0.166667,TNC-017562922a2d,نابل الأولى,7,1,2011-11-22,2014-12-01,false
TNP-00543,TNP-00568,shared_constituency,NCA-2011,1,0.166667,TNC-017562922a2d,نابل الأولى,7,1,2011-11-22,2014-12-01,false
TNP-00547,TNP-00556,shared_constituency,NCA-2011,1,0.125,TNC-2febbe9c7d52,تونس الأولى,9,1,2011-11-22,2014-12-01,false
TNP-00547,TNP-00563,shared_constituency,NCA-2011,1,0.125,TNC-2febbe9c7d52,تونس الأولى,9,1,2011-11-22,2014-12-01,false
TNP-00548,TNP-00550,shared_constituency,NCA-2011,1,0.111111,TNC-cfa36e6ce43c,بن عروس,10,1,2011-11-22,2014-12-01,false
TNP-00548,TNP-00560,shared_constituency,NCA-2011,1,0.111111,TNC-cfa36e6ce43c,بن عروس,10,1,2011-11-22,2014-12-01,false
TNP-00549,TNP-00559,shared_constituency,NCA-2011,1,0.125,TNC-0827ceafe35d,بنزرت,9,1,2011-11-22,2014-12-01,false
TNP-00549,TNP-00567,shared_constituency,NCA-2011,1,0.125,TNC-0827ceafe35d,بنزرت,9,1,2011-11-22,2014-12-01,false
TNP-00550,TNP-00560,shared_constituency,NCA-2011,1,0.111111,TNC-cfa36e6ce43c,بن عروس,10,1,2011-11-22,2014-12-01,false
TNP-00551,TNP-00562,shared_constituency,NCA-2011,1,0.142857,TNC-d5c817850493,جندوبة,8,1,2011-11-22,2014-12-01,false
TNP-00554,TNP-00568,shared_constituency,NCA-2011,1,0.166667,TNC-017562922a2d,نابل الأولى,7,1,2011-11-22,2014-12-01,false
TNP-00556,TNP-00563,shared_constituency,NCA-2011,1,0.125,TNC-2febbe9c7d52,تونس الأولى,9,1,2011-11-22,2014-12-01,false
TNP-00559,TNP-00567,shared_constituency,NCA-2011,1,0.125,TNC-0827ceafe35d,بنزرت,9,1,2011-11-22,2014-12-01,false
TNP-00565,TNP-00566,shared_constituency,NCA-2011,1,0.142857,TNC-721491227627,سيدي بوزيد,8,1,2011-11-22,2014-12-01,false
