source,target,layer,assembly_id,weight,weight_newman,group_ids,group_names,group_size,shared_count,overlap_start,overlap_end,dates_assumed
TNP-00031,TNP-00144,written_question_cosignature,ARP-2023,15,10.436,11265;10325;10186;9907;9859;9796;9794;10085;9670;9665;9382;9506;9394;10045;8271,,2;20;2;3;2;2;2;2;21;5;5;2;2;2;4,15,2025-01-13,2026-04-14,false
TNP-00033,TNP-00150,written_question_cosignature,ARP-2023,9,4.55263,11448;11203;11102;10990;11363;10325;10472;9670;9427,,2;3;3;2;2;20;6;21;5,9,2025-05-29,2026-06-15,false
TNP-00060,TNP-00136,written_question_cosignature,ARP-2023,7,7,11046;11045;11129;9449;9251;8236;10113,,2;2;2;2;2;2;2,7,2024-12-25,2026-05-08,false
TNP-00089,TNP-00135,written_question_cosignature,ARP-2023,7,2.1619,10790;10534;10532;9670;9427;9426;9296,,3;3;3;21;5;4;36,7,2025-05-08,2026-02-17,false
TNP-00011,TNP-00118,written_question_cosignature,ARP-2023,5,5,10479;10380;9909;9716;11010,,2;2;2;2;2,5,2025-07-10,2026-04-10,false
TNP-00135,TNP-00150,written_question_cosignature,ARP-2023,5,1.35263,10325;10534;10532;9670;9427,,20;3;3;21;5,5,2025-05-29,2026-02-11,false
TNP-00001,TNP-00025,written_question_cosignature,ARP-2023,4,0.178822,10325;9782;9670;9296,,20;22;21;36,4,2025-05-08,2026-02-11,false
TNP-00008,TNP-00030,written_question_cosignature,ARP-2023,4,0.273016,10060;9259;9469;9296,,10;16;16;36,4,2025-05-08,2025-11-22,false
TNP-00021,TNP-00102,written_question_cosignature,ARP-2023,4,0.282906,10060;9259;9469;9406,,10;16;16;27,4,2025-04-15,2025-11-22,false
TNP-00025,TNP-00135,written_question_cosignature,ARP-2023,4,0.631203,10790;10325;9670;9296,,3;20;21;36,4,2025-05-08,2026-02-17,false
TNP-00030,TNP-00120,written_question_cosignature,ARP-2023,4,1.1619,9783;9259;9469;9296,,2;16;16;36,4,2025-05-08,2025-07-28,false
TNP-00031,TNP-00033,written_question_cosignature,ARP-2023,4,1.43596,11035;10325;9670;8271,,2;20;21;4,4,2025-01-13,2026-05-05,false
TNP-00033,TNP-00135,written_question_cosignature,ARP-2023,4,0.685965,10325;9670;9427;9426,,20;21;5;4,4,2025-05-27,2026-02-11,false
TNP-00070,TNP-00077,written_question_cosignature,ARP-2023,4,4,9851;9850;9849;9461,,2;2;2;2,4,2025-09-23,2025-09-23,false
TNP-00089,TNP-00150,written_question_cosignature,ARP-2023,4,1.3,10534;10532;9670;9427,,3;3;21;5,4,2025-05-29,2026-01-12,false
TNP-00001,TNP-00080,written_question_cosignature,ARP-2023,3,0.150251,10325;9782;9670,,20;22;21,3,2025-07-21,2026-02-11,false
TNP-00001,TNP-00096,written_question_cosignature,ARP-2023,3,0.12619,9782;9670;9296,,22;21;36,3,2025-05-08,2025-07-24,false
TNP-00001,TNP-00135,written_question_cosignature,ARP-2023,3,0.131203,10325;9670;9296,,20;21;36,3,2025-05-08,2026-02-11,false
TNP-00002,TNP-00074,written_question_cosignature,ARP-2023,3,2.11111,11009;10976;10060,,2;2;10,3,2025-11-22,2026-04-10,false
TNP-00008,TNP-00021,written_question_cosignature,ARP-2023,3,0.244444,10060;9259;9469,,10;16;16,3,2025-07-14,2025-11-22,false
TNP-00008,TNP-00062,written_question_cosignature,ARP-2023,3,0.161905,9259;9469;9296,,16;16;36,3,2025-05-08,2025-07-14,false
TNP-00008,TNP-00065,written_question_cosignature,ARP-2023,3,0.161905,9259;9469;9296,,16;16;36,3,2025-05-08,2025-07-14,false
TNP-00008,TNP-00088,written_question_cosignature,ARP-2023,3,0.161905,9259;9469;9296,,16;16;36,3,2025-05-08,2025-07-14,false
TNP-00008,TNP-00102,written_question_cosignature,ARP-2023,3,0.244444,10060;9259;9469,,10;16;16,3,2025-07-14,2025-11-22,false
TNP-00008,TNP-00120,written_question_cosignature,ARP-2023,3,0.161905,9259;9469;9296,,16;16;36,3,2025-05-08,2025-07-14,false
TNP-00012,TNP-00031,written_question_cosignature,ARP-2023,3,0.833333,9665;9382;8271,,5;5;4,3,2025-01-13,2025-07-18,false
TNP-00012,TNP-00067,written_question_cosignature,ARP-2023,3,1.5,9530;9665;9382,,2;5;5,3,2025-07-18,2025-07-22,false
TNP-00012,TNP-00144,written_question_cosignature,ARP-2023,3,0.833333,9665;9382;8271,,5;5;4,3,2025-01-13,2025-07-18,false
TNP-00021,TNP-00030,written_question_cosignature,ARP-2023,3,0.244444,10060;9259;9469,,10;16;16,3,2025-07-14,2025-11-22,false
TNP-00021,TNP-00051,written_question_cosignature,ARP-2023,3,0.171795,9259;9469;9406,,16;16;27,3,2025-04-15,2025-07-14,false
TNP-00021,TNP-00054,written_question_cosignature,ARP-2023,3,0.171795,9259;9469;9406,,16;16;27,3,2025-04-15,2025-07-14,false
TNP-00021,TNP-00071,written_question_cosignature,ARP-2023,3,0.171795,9259;9469;9406,,16;16;27,3,2025-04-15,2025-07-14,false
TNP-00021,TNP-00101,written_question_cosignature,ARP-2023,3,0.171795,9259;9469;9406,,16;16;27,3,2025-04-15,2025-07-14,false
TNP-00021,TNP-00125,written_question_cosignature,ARP-2023,3,0.171795,9259;9469;9406,,16;16;27,3,2025-04-15,2025-07-14,false
TNP-00025,TNP-00080,written_question_cosignature,ARP-2023,3,0.150251,10325;9782;9670,,20;22;21,3,2025-07-21,2026-02-11,false
TNP-00025,TNP-00089,written_question_cosignature,ARP-2023,3,0.578571,10790;9670;9296,,3;21;36,3,2025-05-08,2026-02-17,false
TNP-00025,TNP-00096,written_question_cosignature,ARP-2023,3,0.12619,9782;9670;9296,,22;21;36,3,2025-05-08,2025-07-24,false
TNP-00030,TNP-00062,written_question_cosignature,ARP-2023,3,0.161905,9259;9469;9296,,16;16;36,3,2025-05-08,2025-07-14,false
TNP-00030,TNP-00065,written_question_cosignature,ARP-2023,3,0.161905,9259;9469;9296,,16;16;36,3,2025-05-08,2025-07-14,false
TNP-00030,TNP-00088,written_question_cosignature,ARP-2023,3,0.161905,9259;9469;9296,,16;16;36,3,2025-05-08,2025-07-14,false
TNP-00030,TNP-00102,written_question_cosignature,ARP-2023,3,0.244444,10060;9259;9469,,10;16;16,3,2025-07-14,2025-11-22,false
TNP-00030,TNP-00125,written_question_cosignature,ARP-2023,3,1.13333,11311;9259;9469,,2;16;16,3,2025-07-14,2026-04-28,false
TNP-00031,TNP-00067,written_question_cosignature,ARP-2023,3,0.55,9670;9665;9382,,21;5;5,3,2025-07-18,2025-07-21,false
TNP-00031,TNP-00113,written_question_cosignature,ARP-2023,3,1.05,9670;9614;10269,,21;3;3,3,2025-07-07,2025-07-21,false
TNP-00033,TNP-00089,written_question_cosignature,ARP-2023,3,0.633333,9670;9427;9426,,21;5;4,3,2025-05-27,2025-07-21,false
TNP-00033,TNP-00131,written_question_cosignature,ARP-2023,3,1.05263,11203;11102;10325,,3;3;20,3,2026-02-11,2026-05-15,false
TNP-00033,TNP-00144,written_question_cosignature,ARP-2023,3,0.435965,10325;9670;8271,,20;21;4,3,2025-01-13,2026-02-11,false
TNP-00051,TNP-00054,written_question_cosignature,ARP-2023,3,0.171795,9259;9469;9406,,16;16;27,3,2025-04-15,2025-07-14,false
TNP-00051,TNP-00071,written_question_cosignature,ARP-2023,3,0.171795,9259;9469;9406,,16;16;27,3,2025-04-15,2025-07-14,false
TNP-00051,TNP-00101,written_question_cosignature,ARP-2023,3,0.171795,9259;9469;9406,,16;16;27,3,2025-04-15,2025-07-14,false
TNP-00051,TNP-00102,written_question_cosignature,ARP-2023,3,0.171795,9259;9469;9406,,16;16;27,3,2025-04-15,2025-07-14,false
TNP-00051,TNP-00125,written_question_cosignature,ARP-2023,3,0.171795,9259;9469;9406,,16;16;27,3,2025-04-15,2025-07-14,false
TNP-00054,TNP-00071,written_question_cosignature,ARP-2023,3,0.171795,9259;9469;9406,,16;16;27,3,2025-04-15,2025-07-14,false
TNP-00054,TNP-00101,written_question_cosignature,ARP-2023,3,0.171795,9259;9469;9406,,16;16;27,3,2025-04-15,2025-07-14,false
TNP-00054,TNP-00102,written_question_cosignature,ARP-2023,3,0.171795,9259;9469;9406,,16;16;27,3,2025-04-15,2025-07-14,false
TNP-00054,TNP-00125,written_question_cosignature,ARP-2023,3,0.171795,9259;9469;9406,,16;16;27,3,2025-04-15,2025-07-14,false
TNP-00062,TNP-00065,written_question_cosignature,ARP-2023,3,0.161905,9259;9469;9296,,16;16;36,3,2025-05-08,2025-07-14,false
TNP-00062,TNP-00088,written_question_cosignature,ARP-2023,3,0.161905,9259;9469;9296,,16;16;36,3,2025-05-08,2025-07-14,false
TNP-00062,TNP-00120,written_question_cosignature,ARP-2023,3,0.161905,9259;9469;9296,,16;16;36,3,2025-05-08,2025-07-14,false
TNP-00064,TNP-00126,written_question_cosignature,ARP-2023,3,2.2,10937;10347;10155,,2;6;2,3,2025-11-04,2026-04-03,false
TNP-00065,TNP-00088,written_question_cosignature,ARP-2023,3,0.161905,9259;9469;9296,,16;16;36,3,2025-05-08,2025-07-14,false
TNP-00065,TNP-00120,written_question_cosignature,ARP-2023,3,0.161905,9259;9469;9296,,16;16;36,3,2025-05-08,2025-07-14,false
TNP-00067,TNP-00144,written_question_cosignature,ARP-2023,3,0.55,9670;9665;9382,,21;5;5,3,2025-07-18,2025-07-21,false
TNP-00071,TNP-00101,written_question_cosignature,ARP-2023,3,0.171795,9259;9469;9406,,16;16;27,3,2025-04-15,2025-07-14,false
TNP-00071,TNP-00102,written_question_cosignature,ARP-2023,3,0.171795,9259;9469;9406,,16;16;27,3,2025-04-15,2025-07-14,false
TNP-00071,TNP-00125,written_question_cosignature,ARP-2023,3,0.171795,9259;9469;9406,,16;16;27,3,2025-04-15,2025-07-14,false
TNP-00078,TNP-00089,written_question_cosignature,ARP-2023,3,0.611905,9427;9426;9296,,5;4;36,3,2025-05-08,2025-05-29,false
TNP-00078,TNP-00135,written_question_cosignature,ARP-2023,3,0.611905,9427;9426;9296,,5;4;36,3,2025-05-08,2025-05-29,false
TNP-00088,TNP-00120,written_question_cosignature,ARP-2023,3,0.161905,9259;9469;9296,,16;16;36,3,2025-05-08,2025-07-14,false
TNP-00101,TNP-00102,written_question_cosignature,ARP-2023,3,0.171795,9259;9469;9406,,16;16;27,3,2025-04-15,2025-07-14,false
TNP-00101,TNP-00125,written_question_cosignature,ARP-2023,3,0.171795,9259;9469;9406,,16;16;27,3,2025-04-15,2025-07-14,false
TNP-00102,TNP-00125,written_question_cosignature,ARP-2023,3,0.171795,9259;9469;9406,,16;16;27,3,2025-04-15,2025-07-14,false
TNP-00110,TNP-00151,written_question_cosignature,ARP-2023,3,2.04762,9782;9250;9180,,22;2;2,3,2025-04-25,2025-07-24,false
TNP-00116,TNP-00133,written_question_cosignature,ARP-2023,3,2,9329;9283;9286,,3;3;2,3,2025-05-07,2025-07-03,false
TNP-00131,TNP-00150,written_question_cosignature,ARP-2023,3,1.05263,11203;11102;10325,,3;3;20,3,2026-02-11,2026-05-15,false
TNP-00001,TNP-00005,written_question_cosignature,ARP-2023,2,0.102632,10325;9670,,20;21,2,2025-07-21,2026-02-11,false
TNP-00001,TNP-00008,written_question_cosignature,ARP-2023,2,0.078571,9670;9296,,21;36,2,2025-05-08,2025-07-21,false
TNP-00001,TNP-00017,written_question_cosignature,ARP-2023,2,0.07619,9782;9296,,22;36,2,2025-05-08,2025-07-24,false
TNP-00001,TNP-00029,written_question_cosignature,ARP-2023,2,0.081203,10325;9296,,20;36,2,2025-05-08,2026-02-11,false
TNP-00001,TNP-00031,written_question_cosignature,ARP-2023,2,0.102632,10325;9670,,20;21,2,2025-07-21,2026-02-11,false
TNP-00001,TNP-00033,written_question_cosignature,ARP-2023,2,0.102632,10325;9670,,20;21,2,2025-07-21,2026-02-11,false
TNP-00001,TNP-00038,written_question_cosignature,ARP-2023,2,0.07619,9782;9296,,22;36,2,2025-05-08,2025-07-24,false
TNP-00001,TNP-00067,written_question_cosignature,ARP-2023,2,0.078571,9670;9296,,21;36,2,2025-05-08,2025-07-21,false
TNP-00001,TNP-00086,written_question_cosignature,ARP-2023,2,0.078571,9670;9296,,21;36,2,2025-05-08,2025-07-21,false
TNP-00001,TNP-00088,written_question_cosignature,ARP-2023,2,0.07619,9782;9296,,22;36,2,2025-05-08,2025-07-24,false
TNP-00001,TNP-00089,written_question_cosignature,ARP-2023,2,0.078571,9670;9296,,21;36,2,2025-05-08,2025-07-21,false
TNP-00001,TNP-00113,written_question_cosignature,ARP-2023,2,0.097619,9782;9670,,22;21,2,2025-07-21,2025-07-24,false
TNP-00001,TNP-00116,written_question_cosignature,ARP-2023,2,0.07619,9782;9296,,22;36,2,2025-05-08,2025-07-24,false
TNP-00001,TNP-00129,written_question_cosignature,ARP-2023,2,0.081203,10325;9296,,20;36,2,2025-05-08,2026-02-11,false
TNP-00001,TNP-00131,written_question_cosignature,ARP-2023,2,0.081203,10325;9296,,20;36,2,2025-05-08,2026-02-11,false
TNP-00001,TNP-00132,written_question_cosignature,ARP-2023,2,0.081203,10325;9296,,20;36,2,2025-05-08,2026-02-11,false
TNP-00001,TNP-00139,written_question_cosignature,ARP-2023,2,0.07619,9782;9296,,22;36,2,2025-05-08,2025-07-24,false
TNP-00001,TNP-00144,written_question_cosignature,ARP-2023,2,0.102632,10325;9670,,20;21,2,2025-07-21,2026-02-11,false
TNP-00001,TNP-00150,written_question_cosignature,ARP-2023,2,0.102632,10325;9670,,20;21,2,2025-07-21,2026-02-11,false
TNP-00001,TNP-00151,written_question_cosignature,ARP-2023,2,0.100251,10325;9782,,20;22,2,2025-07-24,2026-02-11,false
TNP-00001,TNP-00152,written_question_cosignature,ARP-2023,2,0.078571,9670;9296,,21;36,2,2025-05-08,2025-07-21,false
TNP-00001,TNP-00154,written_question_cosignature,ARP-2023,2,0.07619,9782;9296,,22;36,2,2025-05-08,2025-07-24,false
TNP-00002,TNP-00008,written_question_cosignature,ARP-2023,2,1.11111,10060;10119,,10;2,2,2025-10-30,2025-11-22,false
TNP-00005,TNP-00025,written_question_cosignature,ARP-2023,2,0.102632,10325;9670,,20;21,2,2025-07-21,2026-02-11,false
TNP-00005,TNP-00031,written_question_cosignature,ARP-2023,2,0.102632,10325;9670,,20;21,2,2025-07-21,2026-02-11,false
TNP-00005,TNP-00033,written_question_cosignature,ARP-2023,2,0.102632,10325;9670,,20;21,2,2025-07-21,2026-02-11,false
TNP-00005,TNP-00066,written_question_cosignature,ARP-2023,2,1.05263,10325;10494,,20;2,2,2025-12-22,2026-02-11,false
TNP-00005,TNP-00080,written_question_cosignature,ARP-2023,2,0.102632,10325;9670,,20;21,2,2025-07-21,2026-02-11,false
TNP-00005,TNP-00135,written_question_cosignature,ARP-2023,2,0.102632,10325;9670,,20;21,2,2025-07-21,2026-02-11,false
TNP-00005,TNP-00144,written_question_cosignature,ARP-2023,2,0.102632,10325;9670,,20;21,2,2025-07-21,2026-02-11,false
TNP-00005,TNP-00150,written_question_cosignature,ARP-2023,2,0.102632,10325;9670,,20;21,2,2025-07-21,2026-02-11,false
TNP-00008,TNP-00025,written_question_cosignature,ARP-2023,2,0.078571,9670;9296,,21;36,2,2025-05-08,2025-07-21,false
TNP-00008,TNP-00051,written_question_cosignature,ARP-2023,2,0.133333,9259;9469,,16;16,2,2025-07-14,2025-07-14,false
TNP-00008,TNP-00054,written_question_cosignature,ARP-2023,2,0.133333,9259;9469,,16;16,2,2025-07-14,2025-07-14,false
TNP-00008,TNP-00055,written_question_cosignature,ARP-2023,2,0.133333,9259;9469,,16;16,2,2025-07-14,2025-07-14,false
TNP-00008,TNP-00067,written_question_cosignature,ARP-2023,2,0.078571,9670;9296,,21;36,2,2025-05-08,2025-07-21,false
TNP-00008,TNP-00071,written_question_cosignature,ARP-2023,2,0.133333,9259;9469,,16;16,2,2025-07-14,2025-07-14,false
TNP-00008,TNP-00086,written_question_cosignature,ARP-2023,2,0.078571,9670;9296,,21;36,2,2025-05-08,2025-07-21,false
TNP-00008,TNP-00089,written_question_cosignature,ARP-2023,2,0.078571,9670;9296,,21;36,2,2025-05-08,2025-07-21,false
TNP-00008,TNP-00096,written_question_cosignature,ARP-2023,2,0.078571,9670;9296,,21;36,2,2025-05-08,2025-07-21,false
TNP-00008,TNP-00101,written_question_cosignature,ARP-2023,2,0.133333,9259;9469,,16;16,2,2025-07-14,2025-07-14,false
TNP-00008,TNP-00119,written_question_cosignature,ARP-2023,2,0.133333,9259;9469,,16;16,2,2025-07-14,2025-07-14,false
TNP-00008,TNP-00125,written_question_cosignature,ARP-2023,2,0.133333,9259;9469,,16;16,2,2025-07-14,2025-07-14,false
TNP-00008,TNP-00135,written_question_cosignature,ARP-2023,2,0.078571,9670;9296,,21;36,2,2025-05-08,2025-07-21,false
TNP-00008,TNP-00138,written_question_cosignature,ARP-2023,2,0.133333,9259;9469,,16;16,2,2025-07-14,2025-07-14,false
TNP-00008,TNP-00152,written_question_cosignature,ARP-2023,2,0.078571,9670;9296,,21;36,2,2025-05-08,2025-07-21,false
TNP-00012,TNP-00133,written_question_cosignature,ARP-2023,2,0.5,9665;9382,,5;5,2,2025-07-18,2025-07-18,false
TNP-00017,TNP-00025,written_question_cosignature,ARP-2023,2,0.07619,9782;9296,,22;36,2,2025-05-08,2025-07-24,false
TNP-00017,TNP-00038,written_question_cosignature,ARP-2023,2,0.07619,9782;9296,,22;36,2,2025-05-08,2025-07-24,false
TNP-00017,TNP-00088,written_question_cosignature,ARP-2023,2,0.07619,9782;9296,,22;36,2,2025-05-08,2025-07-24,false
TNP-00017,TNP-00096,written_question_cosignature,ARP-2023,2,0.07619,9782;9296,,22;36,2,2025-05-08,2025-07-24,false
TNP-00017,TNP-00116,written_question_cosignature,ARP-2023,2,0.07619,9782;9296,,22;36,2,2025-05-08,2025-07-24,false
TNP-00017,TNP-00139,written_question_cosignature,ARP-2023,2,0.07619,9782;9296,,22;36,2,2025-05-08,2025-07-24,false
TNP-00017,TNP-00154,written_question_cosignature,ARP-2023,2,0.07619,9782;9296,,22;36,2,2025-05-08,2025-07-24,false
TNP-00019,TNP-00091,written_question_cosignature,ARP-2023,2,0.067033,9296;9406,,36;27,2,2025-04-15,2025-05-08,false
TNP-00019,TNP-00092,written_question_cosignature,ARP-2023,2,0.067033,9296;9406,,36;27,2,2025-04-15,2025-05-08,false
TNP-00020,TNP-00033,written_question_cosignature,ARP-2023,2,0.25,10472;9670,,6;21,2,2025-07-21,2025-12-10,false
TNP-00020,TNP-00130,written_question_cosignature,ARP-2023,2,0.25,10472;9670,,6;21,2,2025-07-21,2025-12-10,false
TNP-00020,TNP-00150,written_question_cosignature,ARP-2023,2,0.25,10472;9670,,6;21,2,2025-07-21,2025-12-10,false
TNP-00021,TNP-00055,written_question_cosignature,ARP-2023,2,0.133333,9259;9469,,16;16,2,2025-07-14,2025-07-14,false
TNP-00021,TNP-00062,written_question_cosignature,ARP-2023,2,0.133333,9259;9469,,16;16,2,2025-07-14,2025-07-14,false
TNP-00021,TNP-00065,written_question_cosignature,ARP-2023,2,0.133333,9259;9469,,16;16,2,2025-07-14,2025-07-14,false
TNP-00021,TNP-00074,written_question_cosignature,ARP-2023,2,0.149573,10060;9406,,10;27,2,2025-04-15,2025-11-22,false
TNP-00021,TNP-00088,written_question_cosignature,ARP-2023,2,0.133333,9259;9469,,16;16,2,2025-07-14,2025-07-14,false
TNP-00021,TNP-00119,written_question_cosignature,ARP-2023,2,0.133333,9259;9469,,16;16,2,2025-07-14,2025-07-14,false
TNP-00021,TNP-00120,written_question_cosignature,ARP-2023,2,0.133333,9259;9469,,16;16,2,2025-07-14,2025-07-14,false
TNP-00021,TNP-00138,written_question_cosignature,ARP-2023,2,0.133333,9259;9469,,16;16,2,2025-07-14,2025-07-14,false
TNP-00025,TNP-00029,written_question_cosignature,ARP-2023,2,0.081203,10325;9296,,20;36,2,2025-05-08,2026-02-11,false
TNP-00025,TNP-00031,written_question_cosignature,ARP-2023,2,0.102632,10325;9670,,20;21,2,2025-07-21,2026-02-11,false
TNP-00025,TNP-00033,written_question_cosignature,ARP-2023,2,0.102632,10325;9670,,20;21,2,2025-07-21,2026-02-11,false
TNP-00025,TNP-00038,written_question_cosignature,ARP-2023,2,0.07619,9782;9296,,22;36,2,2025-05-08,2025-07-24,false
TNP-00025,TNP-00067,written_question_cosignature,ARP-2023,2,0.078571,9670;9296,,21;36,2,2025-05-08,2025-07-21,false
TNP-00025,TNP-00086,written_question_cosignature,ARP-2023,2,0.078571,9670;9296,,21;36,2,2025-05-08,2025-07-21,false
TNP-00025,TNP-00088,written_question_cosignature,ARP-2023,2,0.07619,9782;9296,,22;36,2,2025-05-08,2025-07-24,false
TNP-00025,TNP-00113,written_question_cosignature,ARP-2023,2,0.097619,9782;9670,,22;21,2,2025-07-21,2025-07-24,false
TNP-00025,TNP-00116,written_question_cosignature,ARP-2023,2,0.07619,9782;9296,,22;36,2,2025-05-08,2025-07-24,false
TNP-00025,TNP-00129,written_question_cosignature,ARP-2023,2,0.081203,10325;9296,,20;36,2,2025-05-08,2026-02-11,false
TNP-00025,TNP-00131,written_question_cosignature,ARP-2023,2,0.081203,10325;9296,,20;36,2,2025-05-08,2026-02-11,false
TNP-00025,TNP-00132,written_question_cosignature,ARP-2023,2,0.081203,10325;9296,,20;36,2,2025-05-08,2026-02-11,false
TNP-00025,TNP-00139,written_question_cosignature,ARP-2023,2,0.07619,9782;9296,,22;36,2,2025-05-08,2025-07-24,false
TNP-00025,TNP-00144,written_question_cosignature,ARP-2023,2,0.102632,10325;9670,,20;21,2,2025-07-21,2026-02-11,false
TNP-00025,TNP-00150,written_question_cosignature,ARP-2023,2,0.102632,10325;9670,,20;21,2,2025-07-21,2026-02-11,false
TNP-00025,TNP-00151,written_question_cosignature,ARP-2023,2,0.100251,10325;9782,,20;22,2,2025-07-24,2026-02-11,false
TNP-00025,TNP-00152,written_question_cosignature,ARP-2023,2,0.078571,9670;9296,,21;36,2,2025-05-08,2025-07-21,false
TNP-00025,TNP-00154,written_question_cosignature,ARP-2023,2,0.07619,9782;9296,,22;36,2,2025-05-08,2025-07-24,false
TNP-00027,TNP-00070,written_question_cosignature,ARP-2023,2,0.086081,9782;9406,,22;27,2,2025-04-15,2025-07-24,false
TNP-00027,TNP-00079,written_question_cosignature,ARP-2023,2,0.086081,9782;9406,,22;27,2,2025-04-15,2025-07-24,false
TNP-00027,TNP-00108,written_question_cosignature,ARP-2023,2,0.086081,9782;9406,,22;27,2,2025-04-15,2025-07-24,false
TNP-00027,TNP-00114,written_question_cosignature,ARP-2023,2,0.086081,9782;9406,,22;27,2,2025-04-15,2025-07-24,false
TNP-00027,TNP-00151,written_question_cosignature,ARP-2023,2,0.086081,9782;9406,,22;27,2,2025-04-15,2025-07-24,false
TNP-00029,TNP-00069,written_question_cosignature,ARP-2023,2,0.252632,10709;10325,,6;20,2,2026-02-11,2026-02-11,false
TNP-00029,TNP-00082,written_question_cosignature,ARP-2023,2,0.252632,10709;10325,,6;20,2,2026-02-11,2026-02-11,false
TNP-00029,TNP-00129,written_question_cosignature,ARP-2023,2,0.081203,10325;9296,,20;36,2,2025-05-08,2026-02-11,false
TNP-00029,TNP-00131,written_question_cosignature,ARP-2023,2,0.081203,10325;9296,,20;36,2,2025-05-08,2026-02-11,false
TNP-00029,TNP-00132,written_question_cosignature,ARP-2023,2,0.081203,10325;9296,,20;36,2,2025-05-08,2026-02-11,false
TNP-00029,TNP-00135,written_question_cosignature,ARP-2023,2,0.081203,10325;9296,,20;36,2,2025-05-08,2026-02-11,false
TNP-00030,TNP-00051,written_question_cosignature,ARP-2023,2,0.133333,9259;9469,,16;16,2,2025-07-14,2025-07-14,false
TNP-00030,TNP-00054,written_question_cosignature,ARP-2023,2,0.133333,9259;9469,,16;16,2,2025-07-14,2025-07-14,false
TNP-00030,TNP-00055,written_question_cosignature,ARP-2023,2,0.133333,9259;9469,,16;16,2,2025-07-14,2025-07-14,false
TNP-00030,TNP-00071,written_question_cosignature,ARP-2023,2,0.133333,9259;9469,,16;16,2,2025-07-14,2025-07-14,false
TNP-00030,TNP-00101,written_question_cosignature,ARP-2023,2,0.133333,9259;9469,,16;16,2,2025-07-14,2025-07-14,false
TNP-00030,TNP-00119,written_question_cosignature,ARP-2023,2,0.133333,9259;9469,,16;16,2,2025-07-14,2025-07-14,false
TNP-00030,TNP-00138,written_question_cosignature,ARP-2023,2,0.133333,9259;9469,,16;16,2,2025-07-14,2025-07-14,false
TNP-00031,TNP-00077,written_question_cosignature,ARP-2023,2,1,9614;10269,,3;3,2,2025-07-07,2025-07-08,false
TNP-00031,TNP-00080,written_question_cosignature,ARP-2023,2,0.102632,10325;9670,,20;21,2,2025-07-21,2026-02-11,false
TNP-00031,TNP-00133,written_question_cosignature,ARP-2023,2,0.5,9665;9382,,5;5,2,2025-07-18,2025-07-18,false
TNP-00031,TNP-00135,written_question_cosignature,ARP-2023,2,0.102632,10325;9670,,20;21,2,2025-07-21,2026-02-11,false
TNP-00031,TNP-00150,written_question_cosignature,ARP-2023,2,0.102632,10325;9670,,20;21,2,2025-07-21,2026-02-11,false
TNP-00033,TNP-00078,written_question_cosignature,ARP-2023,2,0.583333,9427;9426,,5;4,2,2025-05-27,2025-05-29,false
TNP-00033,TNP-00080,written_question_cosignature,ARP-2023,2,0.102632,10325;9670,,20;21,2,2025-07-21,2026-02-11,false
TNP-00033,TNP-00130,written_question_cosignature,ARP-2023,2,0.25,10472;9670,,6;21,2,2025-07-21,2025-12-10,false
TNP-00035,TNP-00064,written_question_cosignature,ARP-2023,2,0.25,10347;9670,,6;21,2,2025-07-21,2026-02-11,false
TNP-00038,TNP-00088,written_question_cosignature,ARP-2023,2,0.07619,9782;9296,,22;36,2,2025-05-08,2025-07-24,false
TNP-00038,TNP-00096,written_question_cosignature,ARP-2023,2,0.07619,9782;9296,,22;36,2,2025-05-08,2025-07-24,false
TNP-00038,TNP-00116,written_question_cosignature,ARP-2023,2,0.07619,9782;9296,,22;36,2,2025-05-08,2025-07-24,false
TNP-00038,TNP-00139,written_question_cosignature,ARP-2023,2,0.07619,9782;9296,,22;36,2,2025-05-08,2025-07-24,false
TNP-00038,TNP-00154,written_question_cosignature,ARP-2023,2,0.07619,9782;9296,,22;36,2,2025-05-08,2025-07-24,false
TNP-00042,TNP-00116,written_question_cosignature,ARP-2023,2,1,9329;9283,,3;3,2,2025-07-03,2025-07-03,false
TNP-00042,TNP-00133,written_question_cosignature,ARP-2023,2,1,9329;9283,,3;3,2,2025-07-03,2025-07-03,false
TNP-00051,TNP-00055,written_question_cosignature,ARP-2023,2,0.133333,9259;9469,,16;16,2,2025-07-14,2025-07-14,false
TNP-00051,TNP-00062,written_question_cosignature,ARP-2023,2,0.133333,9259;9469,,16;16,2,2025-07-14,2025-07-14,false
TNP-00051,TNP-00065,written_question_cosignature,ARP-2023,2,0.133333,9259;9469,,16;16,2,2025-07-14,2025-07-14,false
TNP-00051,TNP-00088,written_question_cosignature,ARP-2023,2,0.133333,9259;9469,,16;16,2,2025-07-14,2025-07-14,false
TNP-00051,TNP-00119,written_question_cosignature,ARP-2023,2,0.133333,9259;9469,,16;16,2,2025-07-14,2025-07-14,false
TNP-00051,TNP-00120,written_question_cosignature,ARP-2023,2,0.133333,9259;9469,,16;16,2,2025-07-14,2025-07-14,false
TNP-00051,TNP-00138,written_question_cosignature,ARP-2023,2,0.133333,9259;9469,,16;16,2,2025-07-14,2025-07-14,false
TNP-00054,TNP-00055,written_question_cosignature,ARP-2023,2,0.133333,9259;9469,,16;16,2,2025-07-14,2025-07-14,false
TNP-00054,TNP-00062,written_question_cosignature,ARP-2023,2,0.133333,9259;9469,,16;16,2,2025-07-14,2025-07-14,false
TNP-00054,TNP-00065,written_question_cosignature,ARP-2023,2,0.133333,9259;9469,,16;16,2,2025-07-14,2025-07-14,false
TNP-00054,TNP-00088,written_question_cosignature,ARP-2023,2,0.133333,9259;9469,,16;16,2,2025-07-14,2025-07-14,false
TNP-00054,TNP-00119,written_question_cosignature,ARP-2023,2,0.133333,9259;9469,,16;16,2,2025-07-14,2025-07-14,false
TNP-00054,TNP-00120,written_question_cosignature,ARP-2023,2,0.133333,9259;9469,,16;16,2,2025-07-14,2025-07-14,false
TNP-00054,TNP-00138,written_question_cosignature,ARP-2023,2,0.133333,9259;9469,,16;16,2,2025-07-14,2025-07-14,false
TNP-00055,TNP-00062,written_question_cosignature,ARP-2023,2,0.133333,9259;9469,,16;16,2,2025-07-14,2025-07-14,false
TNP-00055,TNP-00065,written_question_cosignature,ARP-2023,2,0.133333,9259;9469,,16;16,2,2025-07-14,2025-07-14,false
TNP-00055,TNP-00071,written_question_cosignature,ARP-2023,2,0.133333,9259;9469,,16;16,2,2025-07-14,2025-07-14,false
TNP-00055,TNP-00088,written_question_cosignature,ARP-2023,2,0.133333,9259;9469,,16;16,2,2025-07-14,2025-07-14,false
TNP-00055,TNP-00101,written_question_cosignature,ARP-2023,2,0.133333,9259;9469,,16;16,2,2025-07-14,2025-07-14,false
TNP-00055,TNP-00102,written_question_cosignature,ARP-2023,2,0.133333,9259;9469,,16;16,2,2025-07-14,2025-07-14,false
TNP-00055,TNP-00119,written_question_cosignature,ARP-2023,2,0.133333,9259;9469,,16;16,2,2025-07-14,2025-07-14,false
TNP-00055,TNP-00120,written_question_cosignature,ARP-2023,2,0.133333,9259;9469,,16;16,2,2025-07-14,2025-07-14,false
TNP-00055,TNP-00125,written_question_cosignature,ARP-2023,2,0.133333,9259;9469,,16;16,2,2025-07-14,2025-07-14,false
TNP-00055,TNP-00138,written_question_cosignature,ARP-2023,2,0.133333,9259;9469,,16;16,2,2025-07-14,2025-07-14,false
TNP-00062,TNP-00071,written_question_cosignature,ARP-2023,2,0.133333,9259;9469,,16;16,2,2025-07-14,2025-07-14,false
TNP-00062,TNP-00101,written_question_cosignature,ARP-2023,2,0.133333,9259;9469,,16;16,2,2025-07-14,2025-07-14,false
TNP-00062,TNP-00102,written_question_cosignature,ARP-2023,2,0.133333,9259;9469,,16;16,2,2025-07-14,2025-07-14,false
TNP-00062,TNP-00119,written_question_cosignature,ARP-2023,2,0.133333,9259;9469,,16;16,2,2025-07-14,2025-07-14,false
TNP-00062,TNP-00125,written_question_cosignature,ARP-2023,2,0.133333,9259;9469,,16;16,2,2025-07-14,2025-07-14,false
TNP-00062,TNP-00138,written_question_cosignature,ARP-2023,2,0.133333,9259;9469,,16;16,2,2025-07-14,2025-07-14,false
TNP-00065,TNP-00071,written_question_cosignature,ARP-2023,2,0.133333,9259;9469,,16;16,2,2025-07-14,2025-07-14,false
TNP-00065,TNP-00101,written_question_cosignature,ARP-2023,2,0.133333,9259;9469,,16;16,2,2025-07-14,2025-07-14,false
TNP-00065,TNP-00102,written_question_cosignature,ARP-2023,2,0.133333,9259;9469,,16;16,2,2025-07-14,2025-07-14,false
TNP-00065,TNP-00119,written_question_cosignature,ARP-2023,2,0.133333,9259;9469,,16;16,2,2025-07-14,2025-07-14,false
TNP-00065,TNP-00125,written_question_cosignature,ARP-2023,2,0.133333,9259;9469,,16;16,2,2025-07-14,2025-07-14,false
TNP-00065,TNP-00138,written_question_cosignature,ARP-2023,2,0.133333,9259;9469,,16;16,2,2025-07-14,2025-07-14,false
TNP-00067,TNP-00086,written_question_cosignature,ARP-2023,2,0.078571,9670;9296,,21;36,2,2025-05-08,2025-07-21,false
TNP-00067,TNP-00089,written_question_cosignature,ARP-2023,2,0.078571,9670;9296,,21;36,2,2025-05-08,2025-07-21,false
TNP-00067,TNP-00096,written_question_cosignature,ARP-2023,2,0.078571,9670;9296,,21;36,2,2025-05-08,2025-07-21,false
TNP-00067,TNP-00133,written_question_cosignature,ARP-2023,2,0.5,9665;9382,,5;5,2,2025-07-18,2025-07-18,false
TNP-00067,TNP-00135,written_question_cosignature,ARP-2023,2,0.078571,9670;9296,,21;36,2,2025-05-08,2025-07-21,false
TNP-00067,TNP-00152,written_question_cosignature,ARP-2023,2,0.078571,9670;9296,,21;36,2,2025-05-08,2025-07-21,false
TNP-00069,TNP-00082,written_question_cosignature,ARP-2023,2,0.252632,10709;10325,,6;20,2,2026-02-11,2026-02-11,false
TNP-00070,TNP-00079,written_question_cosignature,ARP-2023,2,0.086081,9782;9406,,22;27,2,2025-04-15,2025-07-24,false
TNP-00070,TNP-00108,written_question_cosignature,ARP-2023,2,0.086081,9782;9406,,22;27,2,2025-04-15,2025-07-24,false
TNP-00070,TNP-00114,written_question_cosignature,ARP-2023,2,0.086081,9782;9406,,22;27,2,2025-04-15,2025-07-24,false
TNP-00070,TNP-00151,written_question_cosignature,ARP-2023,2,0.086081,9782;9406,,22;27,2,2025-04-15,2025-07-24,false
TNP-00071,TNP-00088,written_question_cosignature,ARP-2023,2,0.133333,9259;9469,,16;16,2,2025-07-14,2025-07-14,false
TNP-00071,TNP-00119,written_question_cosignature,ARP-2023,2,0.133333,9259;9469,,16;16,2,2025-07-14,2025-07-14,false
TNP-00071,TNP-00120,written_question_cosignature,ARP-2023,2,0.133333,9259;9469,,16;16,2,2025-07-14,2025-07-14,false
TNP-00071,TNP-00138,written_question_cosignature,ARP-2023,2,0.133333,9259;9469,,16;16,2,2025-07-14,2025-07-14,false
TNP-00074,TNP-00102,written_question_cosignature,ARP-2023,2,0.149573,10060;9406,,10;27,2,2025-04-15,2025-11-22,false
TNP-00077,TNP-00113,written_question_cosignature,ARP-2023,2,1,9614;10269,,3;3,2,2025-07-07,2025-07-08,false
TNP-00079,TNP-00108,written_question_cosignature,ARP-2023,2,0.086081,9782;9406,,22;27,2,2025-04-15,2025-07-24,false
TNP-00079,TNP-00114,written_question_cosignature,ARP-2023,2,0.086081,9782;9406,,22;27,2,2025-04-15,2025-07-24,false
TNP-00079,TNP-00151,written_question_cosignature,ARP-2023,2,0.086081,9782;9406,,22;27,2,2025-04-15,2025-07-24,false
TNP-00080,TNP-00096,written_question_cosignature,ARP-2023,2,0.097619,9782;9670,,22;21,2,2025-07-21,2025-07-24,false
TNP-00080,TNP-00113,written_question_cosignature,ARP-2023,2,0.097619,9782;9670,,22;21,2,2025-07-21,2025-07-24,false
TNP-00080,TNP-00135,written_question_cosignature,ARP-2023,2,0.102632,10325;9670,,20;21,2,2025-07-21,2026-02-11,false
TNP-00080,TNP-00144,written_question_cosignature,ARP-2023,2,0.102632,10325;9670,,20;21,2,2025-07-21,2026-02-11,false
TNP-00080,TNP-00150,written_question_cosignature,ARP-2023,2,0.102632,10325;9670,,20;21,2,2025-07-21,2026-02-11,false
TNP-00080,TNP-00151,written_question_cosignature,ARP-2023,2,0.100251,10325;9782,,20;22,2,2025-07-24,2026-02-11,false
TNP-00086,TNP-00089,written_question_cosignature,ARP-2023,2,0.078571,9670;9296,,21;36,2,2025-05-08,2025-07-21,false
TNP-00086,TNP-00096,written_question_cosignature,ARP-2023,2,0.078571,9670;9296,,21;36,2,2025-05-08,2025-07-21,false
TNP-00086,TNP-00135,written_question_cosignature,ARP-2023,2,0.078571,9670;9296,,21;36,2,2025-05-08,2025-07-21,false
TNP-00086,TNP-00152,written_question_cosignature,ARP-2023,2,0.078571,9670;9296,,21;36,2,2025-05-08,2025-07-21,false
TNP-00088,TNP-00096,written_question_cosignature,ARP-2023,2,0.07619,9782;9296,,22;36,2,2025-05-08,2025-07-24,false
TNP-00088,TNP-00101,written_question_cosignature,ARP-2023,2,0.133333,9259;9469,,16;16,2,2025-07-14,2025-07-14,false
TNP-00088,TNP-00102,written_question_cosignature,ARP-2023,2,0.133333,9259;9469,,16;16,2,2025-07-14,2025-07-14,false
TNP-00088,TNP-00116,written_question_cosignature,ARP-2023,2,0.07619,9782;9296,,22;36,2,2025-05-08,2025-07-24,false
TNP-00088,TNP-00119,written_question_cosignature,ARP-2023,2,0.133333,9259;9469,,16;16,2,2025-07-14,2025-07-14,false
TNP-00088,TNP-00125,written_question_cosignature,ARP-2023,2,0.133333,9259;9469,,16;16,2,2025-07-14,2025-07-14,false
TNP-00088,TNP-00138,written_question_cosignature,ARP-2023,2,0.133333,9259;9469,,16;16,2,2025-07-14,2025-07-14,false
TNP-00088,TNP-00139,written_question_cosignature,ARP-2023,2,0.07619,9782;9296,,22;36,2,2025-05-08,2025-07-24,false
TNP-00088,TNP-00154,written_question_cosignature,ARP-2023,2,0.07619,9782;9296,,22;36,2,2025-05-08,2025-07-24,false
TNP-00089,TNP-00096,written_question_cosignature,ARP-2023,2,0.078571,9670;9296,,21;36,2,2025-05-08,2025-07-21,false
TNP-00089,TNP-00152,written_question_cosignature,ARP-2023,2,0.078571,9670;9296,,21;36,2,2025-05-08,2025-07-21,false
TNP-00091,TNP-00092,written_question_cosignature,ARP-2023,2,0.067033,9296;9406,,36;27,2,2025-04-15,2025-05-08,false
TNP-00096,TNP-00113,written_question_cosignature,ARP-2023,2,0.097619,9782;9670,,22;21,2,2025-07-21,2025-07-24,false
TNP-00096,TNP-00116,written_question_cosignature,ARP-2023,2,0.07619,9782;9296,,22;36,2,2025-05-08,2025-07-24,false
TNP-00096,TNP-00135,written_question_cosignature,ARP-2023,2,0.078571,9670;9296,,21;36,2,2025-05-08,2025-07-21,false
TNP-00096,TNP-00139,written_question_cosignature,ARP-2023,2,0.07619,9782;9296,,22;36,2,2025-05-08,2025-07-24,false
TNP-00096,TNP-00152,written_question_cosignature,ARP-2023,2,0.078571,9670;9296,,21;36,2,2025-05-08,2025-07-21,false
TNP-00096,TNP-00154,written_question_cosignature,ARP-2023,2,0.07619,9782;9296,,22;36,2,2025-05-08,2025-07-24,false
TNP-00101,TNP-00119,written_question_cosignature,ARP-2023,2,0.133333,9259;9469,,16;16,2,2025-07-14,2025-07-14,false
TNP-00101,TNP-00120,written_question_cosignature,ARP-2023,2,0.133333,9259;9469,,16;16,2,2025-07-14,2025-07-14,false
TNP-00101,TNP-00138,written_question_cosignature,ARP-2023,2,0.133333,9259;9469,,16;16,2,2025-07-14,2025-07-14,false
TNP-00102,TNP-00119,written_question_cosignature,ARP-2023,2,0.133333,9259;9469,,16;16,2,2025-07-14,2025-07-14,false
TNP-00102,TNP-00120,written_question_cosignature,ARP-2023,2,0.133333,9259;9469,,16;16,2,2025-07-14,2025-07-14,false
TNP-00102,TNP-00138,written_question_cosignature,ARP-2023,2,0.133333,9259;9469,,16;16,2,2025-07-14,2025-07-14,false
TNP-00108,TNP-00114,written_question_cosignature,ARP-2023,2,0.086081,9782;9406,,22;27,2,2025-04-15,2025-07-24,false
TNP-00108,TNP-00151,written_question_cosignature,ARP-2023,2,0.086081,9782;9406,,22;27,2,2025-04-15,2025-07-24,false
TNP-00114,TNP-00151,written_question_cosignature,ARP-2023,2,0.086081,9782;9406,,22;27,2,2025-04-15,2025-07-24,false
TNP-00116,TNP-00139,written_question_cosignature,ARP-2023,2,0.07619,9782;9296,,22;36,2,2025-05-08,2025-07-24,false
TNP-00116,TNP-00154,written_question_cosignature,ARP-2023,2,0.07619,9782;9296,,22;36,2,2025-05-08,2025-07-24,false
TNP-00119,TNP-00120,written_question_cosignature,ARP-2023,2,0.133333,9259;9469,,16;16,2,2025-07-14,2025-07-14,false
TNP-00119,TNP-00125,written_question_cosignature,ARP-2023,2,0.133333,9259;9469,,16;16,2,2025-07-14,2025-07-14,false
TNP-00119,TNP-00138,written_question_cosignature,ARP-2023,2,0.133333,9259;9469,,16;16,2,2025-07-14,2025-07-14,false
TNP-00120,TNP-00125,written_question_cosignature,ARP-2023,2,0.133333,9259;9469,,16;16,2,2025-07-14,2025-07-14,false
TNP-00120,TNP-00138,written_question_cosignature,ARP-2023,2,0.133333,9259;9469,,16;16,2,2025-07-14,2025-07-14,false
TNP-00125,TNP-00138,written_question_cosignature,ARP-2023,2,0.133333,9259;9469,,16;16,2,2025-07-14,2025-07-14,false
TNP-00129,TNP-00131,written_question_cosignature,ARP-2023,2,0.081203,10325;9296,,20;36,2,2025-05-08,2026-02-11,false
TNP-00129,TNP-00132,written_question_cosignature,ARP-2023,2,0.081203,10325;9296,,20;36,2,2025-05-08,2026-02-11,false
TNP-00129,TNP-00135,written_question_cosignature,ARP-2023,2,0.081203,10325;9296,,20;36,2,2025-05-08,2026-02-11,false
TNP-00130,TNP-00150,written_question_cosignature,ARP-2023,2,0.25,10472;9670,,6;21,2,2025-07-21,2025-12-10,false
TNP-00131,TNP-00132,written_question_cosignature,ARP-2023,2,0.081203,10325;9296,,20;36,2,2025-05-08,2026-02-11,false
TNP-00131,TNP-00135,written_question_cosignature,ARP-2023,2,0.081203,10325;9296,,20;36,2,2025-05-08,2026-02-11,false
TNP-00132,TNP-00135,written_question_cosignature,ARP-2023,2,0.081203,10325;9296,,20;36,2,2025-05-08,2026-02-11,false
TNP-00133,TNP-00144,written_question_cosignature,ARP-2023,2,0.5,9665;9382,,5;5,2,2025-07-18,2025-07-18,false
TNP-00135,TNP-00144,written_question_cosignature,ARP-2023,2,0.102632,10325;9670,,20;21,2,2025-07-21,2026-02-11,false
TNP-00135,TNP-00152,written_question_cosignature,ARP-2023,2,0.078571,9670;9296,,21;36,2,2025-05-08,2025-07-21,false
TNP-00139,TNP-00154,written_question_cosignature,ARP-2023,2,0.07619,9782;9296,,22;36,2,2025-05-08,2025-07-24,false
TNP-00144,TNP-00150,written_question_cosignature,ARP-2023,2,0.102632,10325;9670,,20;21,2,2025-07-21,2026-02-11,false
TNP-00001,TNP-00004,written_question_cosignature,ARP-2023,1,0.05,9670,,21,1,2025-07-21,2025-07-21,false
TNP-00001,TNP-00012,written_question_cosignature,ARP-2023,1,0.047619,9782,,22,1,2025-07-24,2025-07-24,false
TNP-00001,TNP-00016,written_question_cosignature,ARP-2023,1,0.047619,9782,,22,1,2025-07-24,2025-07-24,false
TNP-00001,TNP-00019,written_question_cosignature,ARP-2023,1,0.028571,9296,,36,1,2025-05-08,2025-05-08,false
TNP-00001,TNP-00020,written_question_cosignature,ARP-2023,1,0.05,9670,,21,1,2025-07-21,2025-07-21,false
TNP-00001,TNP-00023,written_question_cosignature,ARP-2023,1,0.052632,10325,,20,1,2026-02-11,2026-02-11,false
TNP-00001,TNP-00024,written_question_cosignature,ARP-2023,1,0.028571,9296,,36,1,2025-05-08,2025-05-08,false
TNP-00001,TNP-00026,written_question_cosignature,ARP-2023,1,0.028571,9296,,36,1,2025-05-08,2025-05-08,false
TNP-00001,TNP-00027,written_question_cosignature,ARP-2023,1,0.047619,9782,,22,1,2025-07-24,2025-07-24,false
TNP-00001,TNP-00028,written_question_cosignature,ARP-2023,1,0.028571,9296,,36,1,2025-05-08,2025-05-08,false
TNP-00001,TNP-00030,written_question_cosignature,ARP-2023,1,0.028571,9296,,36,1,2025-05-08,2025-05-08,false
TNP-00001,TNP-00032,written_question_cosignature,ARP-2023,1,0.052632,10325,,20,1,2026-02-11,2026-02-11,false
TNP-00001,TNP-00035,written_question_cosignature,ARP-2023,1,0.05,9670,,21,1,2025-07-21,2025-07-21,false
TNP-00001,TNP-00053,written_question_cosignature,ARP-2023,1,0.028571,9296,,36,1,2025-05-08,2025-05-08,false
TNP-00001,TNP-00059,written_question_cosignature,ARP-2023,1,0.028571,9296,,36,1,2025-05-08,2025-05-08,false
TNP-00001,TNP-00062,written_question_cosignature,ARP-2023,1,0.028571,9296,,36,1,2025-05-08,2025-05-08,false
TNP-00001,TNP-00064,written_question_cosignature,ARP-2023,1,0.05,9670,,21,1,2025-07-21,2025-07-21,false
TNP-00001,TNP-00065,written_question_cosignature,ARP-2023,1,0.028571,9296,,36,1,2025-05-08,2025-05-08,false
TNP-00001,TNP-00066,written_question_cosignature,ARP-2023,1,0.052632,10325,,20,1,2026-02-11,2026-02-11,false
TNP-00001,TNP-00069,written_question_cosignature,ARP-2023,1,0.052632,10325,,20,1,2026-02-11,2026-02-11,false
TNP-00001,TNP-00070,written_question_cosignature,ARP-2023,1,0.047619,9782,,22,1,2025-07-24,2025-07-24,false
TNP-00001,TNP-00072,written_question_cosignature,ARP-2023,1,0.028571,9296,,36,1,2025-05-08,2025-05-08,false
TNP-00001,TNP-00078,written_question_cosignature,ARP-2023,1,0.028571,9296,,36,1,2025-05-08,2025-05-08,false
TNP-00001,TNP-00079,written_question_cosignature,ARP-2023,1,0.047619,9782,,22,1,2025-07-24,2025-07-24,false
TNP-00001,TNP-00082,written_question_cosignature,ARP-2023,1,0.052632,10325,,20,1,2026-02-11,2026-02-11,false
TNP-00001,TNP-00084,written_question_cosignature,ARP-2023,1,0.028571,9296,,36,1,2025-05-08,2025-05-08,false
TNP-00001,TNP-00091,written_question_cosignature,ARP-2023,1,0.028571,9296,,36,1,2025-05-08,2025-05-08,false
TNP-00001,TNP-00092,written_question_cosignature,ARP-2023,1,0.028571,9296,,36,1,2025-05-08,2025-05-08,false
TNP-00001,TNP-00108,written_question_cosignature,ARP-2023,1,0.047619,9782,,22,1,2025-07-24,2025-07-24,false
TNP-00001,TNP-00110,written_question_cosignature,ARP-2023,1,0.047619,9782,,22,1,2025-07-24,2025-07-24,false
TNP-00001,TNP-00112,written_question_cosignature,ARP-2023,1,0.028571,9296,,36,1,2025-05-08,2025-05-08,false
TNP-00001,TNP-00114,written_question_cosignature,ARP-2023,1,0.047619,9782,,22,1,2025-07-24,2025-07-24,false
TNP-00001,TNP-00115,written_question_cosignature,ARP-2023,1,0.028571,9296,,36,1,2025-05-08,2025-05-08,false
TNP-00001,TNP-00120,written_question_cosignature,ARP-2023,1,0.028571,9296,,36,1,2025-05-08,2025-05-08,false
TNP-00001,TNP-00126,written_question_cosignature,ARP-2023,1,0.047619,9782,,22,1,2025-07-24,2025-07-24,false
TNP-00001,TNP-00130,written_question_cosignature,ARP-2023,1,0.05,9670,,21,1,2025-07-21,2025-07-21,false
TNP-00001,TNP-00137,written_question_cosignature,ARP-2023,1,0.052632,10325,,20,1,2026-02-11,2026-02-11,false
TNP-00001,TNP-00140,written_question_cosignature,ARP-2023,1,0.047619,9782,,22,1,2025-07-24,2025-07-24,false
TNP-00002,TNP-00015,written_question_cosignature,ARP-2023,1,0.111111,10060,,10,1,2025-11-22,2025-11-22,false
TNP-00002,TNP-00021,written_question_cosignature,ARP-2023,1,0.111111,10060,,10,1,2025-11-22,2025-11-22,false
TNP-00002,TNP-00030,written_question_cosignature,ARP-2023,1,0.111111,10060,,10,1,2025-11-22,2025-11-22,false
TNP-00002,TNP-00043,written_question_cosignature,ARP-2023,1,0.111111,10060,,10,1,2025-11-22,2025-11-22,false
TNP-00002,TNP-00064,written_question_cosignature,ARP-2023,1,1,10978,,2,1,2026-04-07,2026-04-07,false
TNP-00002,TNP-00102,written_question_cosignature,ARP-2023,1,0.111111,10060,,10,1,2025-11-22,2025-11-22,false
TNP-00002,TNP-00124,written_question_cosignature,ARP-2023,1,0.111111,10060,,10,1,2025-11-22,2025-11-22,false
TNP-00002,TNP-00145,written_question_cosignature,ARP-2023,1,0.111111,10060,,10,1,2025-11-22,2025-11-22,false
TNP-00004,TNP-00005,written_question_cosignature,ARP-2023,1,0.05,9670,,21,1,2025-07-21,2025-07-21,false
TNP-00004,TNP-00008,written_question_cosignature,ARP-2023,1,0.05,9670,,21,1,2025-07-21,2025-07-21,false
TNP-00004,TNP-00020,written_question_cosignature,ARP-2023,1,0.05,9670,,21,1,2025-07-21,2025-07-21,false
TNP-00004,TNP-00025,written_question_cosignature,ARP-2023,1,0.05,9670,,21,1,2025-07-21,2025-07-21,false
TNP-00004,TNP-00031,written_question_cosignature,ARP-2023,1,0.05,9670,,21,1,2025-07-21,2025-07-21,false
TNP-00004,TNP-00033,written_question_cosignature,ARP-2023,1,0.05,9670,,21,1,2025-07-21,2025-07-21,false
TNP-00004,TNP-00035,written_question_cosignature,ARP-2023,1,0.05,9670,,21,1,2025-07-21,2025-07-21,false
TNP-00004,TNP-00064,written_question_cosignature,ARP-2023,1,0.05,9670,,21,1,2025-07-21,2025-07-21,false
TNP-00004,TNP-00067,written_question_cosignature,ARP-2023,1,0.05,9670,,21,1,2025-07-21,2025-07-21,false
TNP-00004,TNP-00080,written_question_cosignature,ARP-2023,1,0.05,9670,,21,1,2025-07-21,2025-07-21,false
TNP-00004,TNP-00086,written_question_cosignature,ARP-2023,1,0.05,9670,,21,1,2025-07-21,2025-07-21,false
TNP-00004,TNP-00089,written_question_cosignature,ARP-2023,1,0.05,9670,,21,1,2025-07-21,2025-07-21,false
TNP-00004,TNP-00096,written_question_cosignature,ARP-2023,1,0.05,9670,,21,1,2025-07-21,2025-07-21,false
TNP-00004,TNP-00113,written_question_cosignature,ARP-2023,1,0.05,9670,,21,1,2025-07-21,2025-07-21,false
TNP-00004,TNP-00130,written_question_cosignature,ARP-2023,1,0.05,9670,,21,1,2025-07-21,2025-07-21,false
TNP-00004,TNP-00135,written_question_cosignature,ARP-2023,1,0.05,9670,,21,1,2025-07-21,2025-07-21,false
TNP-00004,TNP-00144,written_question_cosignature,ARP-2023,1,0.05,9670,,21,1,2025-07-21,2025-07-21,false
TNP-00004,TNP-00150,written_question_cosignature,ARP-2023,1,0.05,9670,,21,1,2025-07-21,2025-07-21,false
TNP-00004,TNP-00152,written_question_cosignature,ARP-2023,1,0.05,9670,,21,1,2025-07-21,2025-07-21,false
TNP-00005,TNP-00008,written_question_cosignature,ARP-2023,1,0.05,9670,,21,1,2025-07-21,2025-07-21,false
TNP-00005,TNP-00020,written_question_cosignature,ARP-2023,1,0.05,9670,,21,1,2025-07-21,2025-07-21,false
TNP-00005,TNP-00023,written_question_cosignature,ARP-2023,1,0.052632,10325,,20,1,2026-02-11,2026-02-11,false
TNP-00005,TNP-00029,written_question_cosignature,ARP-2023,1,0.052632,10325,,20,1,2026-02-11,2026-02-11,false
TNP-00005,TNP-00032,written_question_cosignature,ARP-2023,1,0.052632,10325,,20,1,2026-02-11,2026-02-11,false
TNP-00005,TNP-00035,written_question_cosignature,ARP-2023,1,0.05,9670,,21,1,2025-07-21,2025-07-21,false
TNP-00005,TNP-00064,written_question_cosignature,ARP-2023,1,0.05,9670,,21,1,2025-07-21,2025-07-21,false
TNP-00005,TNP-00067,written_question_cosignature,ARP-2023,1,0.05,9670,,21,1,2025-07-21,2025-07-21,false
TNP-00005,TNP-00069,written_question_cosignature,ARP-2023,1,0.052632,10325,,20,1,2026-02-11,2026-02-11,false
TNP-00005,TNP-00082,written_question_cosignature,ARP-2023,1,0.052632,10325,,20,1,2026-02-11,2026-02-11,false
TNP-00005,TNP-00086,written_question_cosignature,ARP-2023,1,0.05,9670,,21,1,2025-07-21,2025-07-21,false
TNP-00005,TNP-00089,written_question_cosignature,ARP-2023,1,0.05,9670,,21,1,2025-07-21,2025-07-21,false
TNP-00005,TNP-00096,written_question_cosignature,ARP-2023,1,0.05,9670,,21,1,2025-07-21,2025-07-21,false
TNP-00005,TNP-00113,written_question_cosignature,ARP-2023,1,0.05,9670,,21,1,2025-07-21,2025-07-21,false
TNP-00005,TNP-00129,written_question_cosignature,ARP-2023,1,0.052632,10325,,20,1,2026-02-11,2026-02-11,false
TNP-00005,TNP-00130,written_question_cosignature,ARP-2023,1,0.05,9670,,21,1,2025-07-21,2025-07-21,false
TNP-00005,TNP-00131,written_question_cosignature,ARP-2023,1,0.052632,10325,,20,1,2026-02-11,2026-02-11,false
TNP-00005,TNP-00132,written_question_cosignature,ARP-2023,1,0.052632,10325,,20,1,2026-02-11,2026-02-11,false
TNP-00005,TNP-00137,written_question_cosignature,ARP-2023,1,0.052632,10325,,20,1,2026-02-11,2026-02-11,false
TNP-00005,TNP-00151,written_question_cosignature,ARP-2023,1,0.052632,10325,,20,1,2026-02-11,2026-02-11,false
TNP-00005,TNP-00152,written_question_cosignature,ARP-2023,1,0.05,9670,,21,1,2025-07-21,2025-07-21,false
TNP-00008,TNP-00015,written_question_cosignature,ARP-2023,1,0.111111,10060,,10,1,2025-11-22,2025-11-22,false
TNP-00008,TNP-00017,written_question_cosignature,ARP-2023,1,0.028571,9296,,36,1,2025-05-08,2025-05-08,false
TNP-00008,TNP-00019,written_question_cosignature,ARP-2023,1,0.028571,9296,,36,1,2025-05-08,2025-05-08,false
TNP-00008,TNP-00020,written_question_cosignature,ARP-2023,1,0.05,9670,,21,1,2025-07-21,2025-07-21,false
TNP-00008,TNP-00024,written_question_cosignature,ARP-2023,1,0.028571,9296,,36,1,2025-05-08,2025-05-08,false
TNP-00008,TNP-00026,written_question_cosignature,ARP-2023,1,0.028571,9296,,36,1,2025-05-08,2025-05-08,false
TNP-00008,TNP-00028,written_question_cosignature,ARP-2023,1,0.028571,9296,,36,1,2025-05-08,2025-05-08,false
TNP-00008,TNP-00029,written_question_cosignature,ARP-2023,1,0.028571,9296,,36,1,2025-05-08,2025-05-08,false
TNP-00008,TNP-00031,written_question_cosignature,ARP-2023,1,0.05,9670,,21,1,2025-07-21,2025-07-21,false
TNP-00008,TNP-00033,written_question_cosignature,ARP-2023,1,0.05,9670,,21,1,2025-07-21,2025-07-21,false
TNP-00008,TNP-00035,written_question_cosignature,ARP-2023,1,0.05,9670,,21,1,2025-07-21,2025-07-21,false
TNP-00008,TNP-00038,written_question_cosignature,ARP-2023,1,0.028571,9296,,36,1,2025-05-08,2025-05-08,false
TNP-00008,TNP-00043,written_question_cosignature,ARP-2023,1,0.111111,10060,,10,1,2025-11-22,2025-11-22,false
TNP-00008,TNP-00053,written_question_cosignature,ARP-2023,1,0.028571,9296,,36,1,2025-05-08,2025-05-08,false
TNP-00008,TNP-00059,written_question_cosignature,ARP-2023,1,0.028571,9296,,36,1,2025-05-08,2025-05-08,false
TNP-00008,TNP-00064,written_question_cosignature,ARP-2023,1,0.05,9670,,21,1,2025-07-21,2025-07-21,false
TNP-00008,TNP-00072,written_question_cosignature,ARP-2023,1,0.028571,9296,,36,1,2025-05-08,2025-05-08,false
TNP-00008,TNP-00074,written_question_cosignature,ARP-2023,1,0.111111,10060,,10,1,2025-11-22,2025-11-22,false
TNP-00008,TNP-00078,written_question_cosignature,ARP-2023,1,0.028571,9296,,36,1,2025-05-08,2025-05-08,false
TNP-00008,TNP-00080,written_question_cosignature,ARP-2023,1,0.05,9670,,21,1,2025-07-21,2025-07-21,false
TNP-00008,TNP-00084,written_question_cosignature,ARP-2023,1,0.028571,9296,,36,1,2025-05-08,2025-05-08,false
TNP-00008,TNP-00091,written_question_cosignature,ARP-2023,1,0.028571,9296,,36,1,2025-05-08,2025-05-08,false
TNP-00008,TNP-00092,written_question_cosignature,ARP-2023,1,0.028571,9296,,36,1,2025-05-08,2025-05-08,false
TNP-00008,TNP-00112,written_question_cosignature,ARP-2023,1,0.028571,9296,,36,1,2025-05-08,2025-05-08,false
TNP-00008,TNP-00113,written_question_cosignature,ARP-2023,1,0.05,9670,,21,1,2025-07-21,2025-07-21,false
TNP-00008,TNP-00115,written_question_cosignature,ARP-2023,1,0.028571,9296,,36,1,2025-05-08,2025-05-08,false
TNP-00008,TNP-00116,written_question_cosignature,ARP-2023,1,0.028571,9296,,36,1,2025-05-08,2025-05-08,false
TNP-00008,TNP-00122,written_question_cosignature,ARP-2023,1,1,8745,,2,1,2025-03-12,2025-03-12,false
TNP-00008,TNP-00124,written_question_cosignature,ARP-2023,1,0.111111,10060,,10,1,2025-11-22,2025-11-22,false
TNP-00008,TNP-00129,written_question_cosignature,ARP-2023,1,0.028571,9296,,36,1,2025-05-08,2025-05-08,false
TNP-00008,TNP-00130,written_question_cosignature,ARP-2023,1,0.05,9670,,21,1,2025-07-21,2025-07-21,false
TNP-00008,TNP-00131,written_question_cosignature,ARP-2023,1,0.028571,9296,,36,1,2025-05-08,2025-05-08,false
TNP-00008,TNP-00132,written_question_cosignature,ARP-2023,1,0.028571,9296,,36,1,2025-05-08,2025-05-08,false
TNP-00008,TNP-00136,written_question_cosignature,ARP-2023,1,1,10528,,2,1,2026-01-12,2026-01-12,false
TNP-00008,TNP-00139,written_question_cosignature,ARP-2023,1,0.028571,9296,,36,1,2025-05-08,2025-05-08,false
TNP-00008,TNP-00144,written_question_cosignature,ARP-2023,1,0.05,9670,,21,1,2025-07-21,2025-07-21,false
TNP-00008,TNP-00145,written_question_cosignature,ARP-2023,1,0.111111,10060,,10,1,2025-11-22,2025-11-22,false
TNP-00008,TNP-00150,written_question_cosignature,ARP-2023,1,0.05,9670,,21,1,2025-07-21,2025-07-21,false
TNP-00008,TNP-00154,written_question_cosignature,ARP-2023,1,0.028571,9296,,36,1,2025-05-08,2025-05-08,false
TNP-00009,TNP-00013,written_question_cosignature,ARP-2023,1,1,9733,,2,1,2025-10-13,2025-10-13,false
TNP-00009,TNP-00031,written_question_cosignature,ARP-2023,1,0.5,9907,,3,1,2025-10-09,2025-10-09,false
TNP-00009,TNP-00032,written_question_cosignature,ARP-2023,1,0.2,9484,,6,1,2025-05-13,2025-05-13,false
TNP-00009,TNP-00063,written_question_cosignature,ARP-2023,1,0.2,9484,,6,1,2025-05-13,2025-05-13,false
TNP-00009,TNP-00088,written_question_cosignature,ARP-2023,1,0.2,9484,,6,1,2025-05-13,2025-05-13,false
TNP-00009,TNP-00095,written_question_cosignature,ARP-2023,1,0.2,9484,,6,1,2025-05-13,2025-05-13,false
TNP-00009,TNP-00136,written_question_cosignature,ARP-2023,1,0.2,9484,,6,1,2025-05-13,2025-05-13,false
TNP-00009,TNP-00141,written_question_cosignature,ARP-2023,1,1,10128,,2,1,2025-10-30,2025-10-30,false
TNP-00009,TNP-00144,written_question_cosignature,ARP-2023,1,0.5,9907,,3,1,2025-10-09,2025-10-09,false
TNP-00010,TNP-00018,written_question_cosignature,ARP-2023,1,0.038462,9406,,27,1,2025-04-15,2025-04-15,false
TNP-00010,TNP-00019,written_question_cosignature,ARP-2023,1,0.038462,9406,,27,1,2025-04-15,2025-04-15,false
TNP-00010,TNP-00021,written_question_cosignature,ARP-2023,1,0.038462,9406,,27,1,2025-04-15,2025-04-15,false
TNP-00010,TNP-00027,written_question_cosignature,ARP-2023,1,0.038462,9406,,27,1,2025-04-15,2025-04-15,false
TNP-00010,TNP-00036,written_question_cosignature,ARP-2023,1,0.038462,9406,,27,1,2025-04-15,2025-04-15,false
TNP-00010,TNP-00041,written_question_cosignature,ARP-2023,1,0.038462,9406,,27,1,2025-04-15,2025-04-15,false
TNP-00010,TNP-00048,written_question_cosignature,ARP-2023,1,0.038462,9406,,27,1,2025-04-15,2025-04-15,false
TNP-00010,TNP-00051,written_question_cosignature,ARP-2023,1,0.038462,9406,,27,1,2025-04-15,2025-04-15,false
TNP-00010,TNP-00054,written_question_cosignature,ARP-2023,1,0.038462,9406,,27,1,2025-04-15,2025-04-15,false
TNP-00010,TNP-00057,written_question_cosignature,ARP-2023,1,0.038462,9406,,27,1,2025-04-15,2025-04-15,false
TNP-00010,TNP-00070,written_question_cosignature,ARP-2023,1,0.038462,9406,,27,1,2025-04-15,2025-04-15,false
TNP-00010,TNP-00071,written_question_cosignature,ARP-2023,1,0.038462,9406,,27,1,2025-04-15,2025-04-15,false
TNP-00010,TNP-00074,written_question_cosignature,ARP-2023,1,0.038462,9406,,27,1,2025-04-15,2025-04-15,false
TNP-00010,TNP-00079,written_question_cosignature,ARP-2023,1,0.038462,9406,,27,1,2025-04-15,2025-04-15,false
TNP-00010,TNP-00090,written_question_cosignature,ARP-2023,1,0.038462,9406,,27,1,2025-04-15,2025-04-15,false
TNP-00010,TNP-00091,written_question_cosignature,ARP-2023,1,0.038462,9406,,27,1,2025-04-15,2025-04-15,false
TNP-00010,TNP-00092,written_question_cosignature,ARP-2023,1,0.038462,9406,,27,1,2025-04-15,2025-04-15,false
TNP-00010,TNP-00095,written_question_cosignature,ARP-2023,1,0.038462,9406,,27,1,2025-04-15,2025-04-15,false
TNP-00010,TNP-00101,written_question_cosignature,ARP-2023,1,0.038462,9406,,27,1,2025-04-15,2025-04-15,false
TNP-00010,TNP-00102,written_question_cosignature,ARP-2023,1,0.038462,9406,,27,1,2025-04-15,2025-04-15,false
TNP-00010,TNP-00103,written_question_cosignature,ARP-2023,1,0.038462,9406,,27,1,2025-04-15,2025-04-15,false
TNP-00010,TNP-00108,written_question_cosignature,ARP-2023,1,0.038462,9406,,27,1,2025-04-15,2025-04-15,false
TNP-00010,TNP-00114,written_question_cosignature,ARP-2023,1,0.038462,9406,,27,1,2025-04-15,2025-04-15,false
TNP-00010,TNP-00117,written_question_cosignature,ARP-2023,1,0.038462,9406,,27,1,2025-04-15,2025-04-15,false
TNP-00010,TNP-00125,written_question_cosignature,ARP-2023,1,0.038462,9406,,27,1,2025-04-15,2025-04-15,false
TNP-00010,TNP-00151,written_question_cosignature,ARP-2023,1,0.038462,9406,,27,1,2025-04-15,2025-04-15,false
TNP-00012,TNP-00016,written_question_cosignature,ARP-2023,1,0.047619,9782,,22,1,2025-07-24,2025-07-24,false
TNP-00012,TNP-00017,written_question_cosignature,ARP-2023,1,0.047619,9782,,22,1,2025-07-24,2025-07-24,false
TNP-00012,TNP-00025,written_question_cosignature,ARP-2023,1,0.047619,9782,,22,1,2025-07-24,2025-07-24,false
TNP-00012,TNP-00027,written_question_cosignature,ARP-2023,1,0.047619,9782,,22,1,2025-07-24,2025-07-24,false
TNP-00012,TNP-00033,written_question_cosignature,ARP-2023,1,0.333333,8271,,4,1,2025-01-13,2025-01-13,false
TNP-00012,TNP-00038,written_question_cosignature,ARP-2023,1,0.047619,9782,,22,1,2025-07-24,2025-07-24,false
TNP-00012,TNP-00070,written_question_cosignature,ARP-2023,1,0.047619,9782,,22,1,2025-07-24,2025-07-24,false
TNP-00012,TNP-00079,written_question_cosignature,ARP-2023,1,0.047619,9782,,22,1,2025-07-24,2025-07-24,false
TNP-00012,TNP-00080,written_question_cosignature,ARP-2023,1,0.047619,9782,,22,1,2025-07-24,2025-07-24,false
TNP-00012,TNP-00088,written_question_cosignature,ARP-2023,1,0.047619,9782,,22,1,2025-07-24,2025-07-24,false
TNP-00012,TNP-00096,written_question_cosignature,ARP-2023,1,0.047619,9782,,22,1,2025-07-24,2025-07-24,false
TNP-00012,TNP-00108,written_question_cosignature,ARP-2023,1,0.047619,9782,,22,1,2025-07-24,2025-07-24,false
TNP-00012,TNP-00110,written_question_cosignature,ARP-2023,1,0.047619,9782,,22,1,2025-07-24,2025-07-24,false
TNP-00012,TNP-00113,written_question_cosignature,ARP-2023,1,0.047619,9782,,22,1,2025-07-24,2025-07-24,false
TNP-00012,TNP-00114,written_question_cosignature,ARP-2023,1,0.047619,9782,,22,1,2025-07-24,2025-07-24,false
TNP-00012,TNP-00116,written_question_cosignature,ARP-2023,1,0.047619,9782,,22,1,2025-07-24,2025-07-24,false
TNP-00012,TNP-00126,written_question_cosignature,ARP-2023,1,0.047619,9782,,22,1,2025-07-24,2025-07-24,false
TNP-00012,TNP-00139,written_question_cosignature,ARP-2023,1,0.047619,9782,,22,1,2025-07-24,2025-07-24,false
TNP-00012,TNP-00140,written_question_cosignature,ARP-2023,1,0.047619,9782,,22,1,2025-07-24,2025-07-24,false
TNP-00012,TNP-00151,written_question_cosignature,ARP-2023,1,0.047619,9782,,22,1,2025-07-24,2025-07-24,false
TNP-00012,TNP-00154,written_question_cosignature,ARP-2023,1,0.047619,9782,,22,1,2025-07-24,2025-07-24,false
TNP-00015,TNP-00021,written_question_cosignature,ARP-2023,1,0.111111,10060,,10,1,2025-11-22,2025-11-22,false
TNP-00015,TNP-00030,written_question_cosignature,ARP-2023,1,0.111111,10060,,10,1,2025-11-22,2025-11-22,false
TNP-00015,TNP-00043,written_question_cosignature,ARP-2023,1,0.111111,10060,,10,1,2025-11-22,2025-11-22,false
TNP-00015,TNP-00074,written_question_cosignature,ARP-2023,1,0.111111,10060,,10,1,2025-11-22,2025-11-22,false
TNP-00015,TNP-00102,written_question_cosignature,ARP-2023,1,0.111111,10060,,10,1,2025-11-22,2025-11-22,false
TNP-00015,TNP-00124,written_question_cosignature,ARP-2023,1,0.111111,10060,,10,1,2025-11-22,2025-11-22,false
TNP-00015,TNP-00145,written_question_cosignature,ARP-2023,1,0.111111,10060,,10,1,2025-11-22,2025-11-22,false
TNP-00016,TNP-00017,written_question_cosignature,ARP-2023,1,0.047619,9782,,22,1,2025-07-24,2025-07-24,false
TNP-00016,TNP-00025,written_question_cosignature,ARP-2023,1,0.047619,9782,,22,1,2025-07-24,2025-07-24,false
TNP-00016,TNP-00027,written_question_cosignature,ARP-2023,1,0.047619,9782,,22,1,2025-07-24,2025-07-24,false
TNP-00016,TNP-00038,written_question_cosignature,ARP-2023,1,0.047619,9782,,22,1,2025-07-24,2025-07-24,false
TNP-00016,TNP-00070,written_question_cosignature,ARP-2023,1,0.047619,9782,,22,1,2025-07-24,2025-07-24,false
TNP-00016,TNP-00079,written_question_cosignature,ARP-2023,1,0.047619,9782,,22,1,2025-07-24,2025-07-24,false
TNP-00016,TNP-00080,written_question_cosignature,ARP-2023,1,0.047619,9782,,22,1,2025-07-24,2025-07-24,false
TNP-00016,TNP-00088,written_question_cosignature,ARP-2023,1,0.047619,9782,,22,1,2025-07-24,2025-07-24,false
TNP-00016,TNP-00096,written_question_cosignature,ARP-2023,1,0.047619,9782,,22,1,2025-07-24,2025-07-24,false
TNP-00016,TNP-00108,written_question_cosignature,ARP-2023,1,0.047619,9782,,22,1,2025-07-24,2025-07-24,false
TNP-00016,TNP-00110,written_question_cosignature,ARP-2023,1,0.047619,9782,,22,1,2025-07-24,2025-07-24,false
TNP-00016,TNP-00113,written_question_cosignature,ARP-2023,1,0.047619,9782,,22,1,2025-07-24,2025-07-24,false
TNP-00016,TNP-00114,written_question_cosignature,ARP-2023,1,0.047619,9782,,22,1,2025-07-24,2025-07-24,false
TNP-00016,TNP-00116,written_question_cosignature,ARP-2023,1,0.047619,9782,,22,1,2025-07-24,2025-07-24,false
TNP-00016,TNP-00126,written_question_cosignature,ARP-2023,1,0.047619,9782,,22,1,2025-07-24,2025-07-24,false
TNP-00016,TNP-00139,written_question_cosignature,ARP-2023,1,0.047619,9782,,22,1,2025-07-24,2025-07-24,false
TNP-00016,TNP-00140,written_question_cosignature,ARP-2023,1,0.047619,9782,,22,1,2025-07-24,2025-07-24,false
TNP-00016,TNP-00151,written_question_cosignature,ARP-2023,1,0.047619,9782,,22,1,2025-07-24,2025-07-24,false
TNP-00016,TNP-00154,written_question_cosignature,ARP-2023,1,0.047619,9782,,22,1,2025-07-24,2025-07-24,false
TNP-00017,TNP-00019,written_question_cosignature,ARP-2023,1,0.028571,9296,,36,1,2025-05-08,2025-05-08,false
TNP-00017,TNP-00024,written_question_cosignature,ARP-2023,1,0.028571,9296,,36,1,2025-05-08,2025-05-08,false
TNP-00017,TNP-00026,written_question_cosignature,ARP-2023,1,0.028571,9296,,36,1,2025-05-08,2025-05-08,false
TNP-00017,TNP-00027,written_question_cosignature,ARP-2023,1,0.047619,9782,,22,1,2025-07-24,2025-07-24,false
TNP-00017,TNP-00028,written_question_cosignature,ARP-2023,1,0.028571,9296,,36,1,2025-05-08,2025-05-08,false
TNP-00017,TNP-00029,written_question_cosignature,ARP-2023,1,0.028571,9296,,36,1,2025-05-08,2025-05-08,false
TNP-00017,TNP-00030,written_question_cosignature,ARP-2023,1,0.028571,9296,,36,1,2025-05-08,2025-05-08,false
TNP-00017,TNP-00053,written_question_cosignature,ARP-2023,1,0.028571,9296,,36,1,2025-05-08,2025-05-08,false
TNP-00017,TNP-00059,written_question_cosignature,ARP-2023,1,0.028571,9296,,36,1,2025-05-08,2025-05-08,false
TNP-00017,TNP-00062,written_question_cosignature,ARP-2023,1,0.028571,9296,,36,1,2025-05-08,2025-05-08,false
TNP-00017,TNP-00065,written_question_cosignature,ARP-2023,1,0.028571,9296,,36,1,2025-05-08,2025-05-08,false
TNP-00017,TNP-00067,written_question_cosignature,ARP-2023,1,0.028571,9296,,36,1,2025-05-08,2025-05-08,false
TNP-00017,TNP-00070,written_question_cosignature,ARP-2023,1,0.047619,9782,,22,1,2025-07-24,2025-07-24,false
TNP-00017,TNP-00072,written_question_cosignature,ARP-2023,1,0.028571,9296,,36,1,2025-05-08,2025-05-08,false
TNP-00017,TNP-00078,written_question_cosignature,ARP-2023,1,0.028571,9296,,36,1,2025-05-08,2025-05-08,false
TNP-00017,TNP-00079,written_question_cosignature,ARP-2023,1,0.047619,9782,,22,1,2025-07-24,2025-07-24,false
TNP-00017,TNP-00080,written_question_cosignature,ARP-2023,1,0.047619,9782,,22,1,2025-07-24,2025-07-24,false
TNP-00017,TNP-00084,written_question_cosignature,ARP-2023,1,0.028571,9296,,36,1,2025-05-08,2025-05-08,false
TNP-00017,TNP-00086,written_question_cosignature,ARP-2023,1,0.028571,9296,,36,1,2025-05-08,2025-05-08,false
TNP-00017,TNP-00089,written_question_cosignature,ARP-2023,1,0.028571,9296,,36,1,2025-05-08,2025-05-08,false
TNP-00017,TNP-00091,written_question_cosignature,ARP-2023,1,0.028571,9296,,36,1,2025-05-08,2025-05-08,false
TNP-00017,TNP-00092,written_question_cosignature,ARP-2023,1,0.028571,9296,,36,1,2025-05-08,2025-05-08,false
TNP-00017,TNP-00108,written_question_cosignature,ARP-2023,1,0.047619,9782,,22,1,2025-07-24,2025-07-24,false
TNP-00017,TNP-00110,written_question_cosignature,ARP-2023,1,0.047619,9782,,22,1,2025-07-24,2025-07-24,false
TNP-00017,TNP-00112,written_question_cosignature,ARP-2023,1,0.028571,9296,,36,1,2025-05-08,2025-05-08,false
TNP-00017,TNP-00113,written_question_cosignature,ARP-2023,1,0.047619,9782,,22,1,2025-07-24,2025-07-24,false
TNP-00017,TNP-00114,written_question_cosignature,ARP-2023,1,0.047619,9782,,22,1,2025-07-24,2025-07-24,false
TNP-00017,TNP-00115,written_question_cosignature,ARP-2023,1,0.028571,9296,,36,1,2025-05-08,2025-05-08,false
TNP-00017,TNP-00120,written_question_cosignature,ARP-2023,1,0.028571,9296,,36,1,2025-05-08,2025-05-08,false
TNP-00017,TNP-00126,written_question_cosignature,ARP-2023,1,0.047619,9782,,22,1,2025-07-24,2025-07-24,false
TNP-00017,TNP-00129,written_question_cosignature,ARP-2023,1,0.028571,9296,,36,1,2025-05-08,2025-05-08,false
TNP-00017,TNP-00131,written_question_cosignature,ARP-2023,1,0.028571,9296,,36,1,2025-05-08,2025-05-08,false
TNP-00017,TNP-00132,written_question_cosignature,ARP-2023,1,0.028571,9296,,36,1,2025-05-08,2025-05-08,false
TNP-00017,TNP-00135,written_question_cosignature,ARP-2023,1,0.028571,9296,,36,1,2025-05-08,2025-05-08,false
TNP-00017,TNP-00140,written_question_cosignature,ARP-2023,1,0.047619,9782,,22,1,2025-07-24,2025-07-24,false
TNP-00017,TNP-00151,written_question_cosignature,ARP-2023,1,0.047619,9782,,22,1,2025-07-24,2025-07-24,false
TNP-00017,TNP-00152,written_question_cosignature,ARP-2023,1,0.028571,9296,,36,1,2025-05-08,2025-05-08,false
TNP-00018,TNP-00019,written_question_cosignature,ARP-2023,1,0.038462,9406,,27,1,2025-04-15,2025-04-15,false
TNP-00018,TNP-00021,written_question_cosignature,ARP-2023,1,0.038462,9406,,27,1,2025-04-15,2025-04-15,false
TNP-00018,TNP-00027,written_question_cosignature,ARP-2023,1,0.038462,9406,,27,1,2025-04-15,2025-04-15,false
TNP-00018,TNP-00036,written_question_cosignature,ARP-2023,1,0.038462,9406,,27,1,2025-04-15,2025-04-15,false
TNP-00018,TNP-00041,written_question_cosignature,ARP-2023,1,0.038462,9406,,27,1,2025-04-15,2025-04-15,false
TNP-00018,TNP-00048,written_question_cosignature,ARP-2023,1,0.038462,9406,,27,1,2025-04-15,2025-04-15,false
TNP-00018,TNP-00051,written_question_cosignature,ARP-2023,1,0.038462,9406,,27,1,2025-04-15,2025-04-15,false
TNP-00018,TNP-00054,written_question_cosignature,ARP-2023,1,0.038462,9406,,27,1,2025-04-15,2025-04-15,false
TNP-00018,TNP-00057,written_question_cosignature,ARP-2023,1,0.038462,9406,,27,1,2025-04-15,2025-04-15,false
TNP-00018,TNP-00070,written_question_cosignature,ARP-2023,1,0.038462,9406,,27,1,2025-04-15,2025-04-15,false
TNP-00018,TNP-00071,written_question_cosignature,ARP-2023,1,0.038462,9406,,27,1,2025-04-15,2025-04-15,false
TNP-00018,TNP-00074,written_question_cosignature,ARP-2023,1,0.038462,9406,,27,1,2025-04-15,2025-04-15,false
TNP-00018,TNP-00079,written_question_cosignature,ARP-2023,1,0.038462,9406,,27,1,2025-04-15,2025-04-15,false
TNP-00018,TNP-00090,written_question_cosignature,ARP-2023,1,0.038462,9406,,27,1,2025-04-15,2025-04-15,false
TNP-00018,TNP-00091,written_question_cosignature,ARP-2023,1,0.038462,9406,,27,1,2025-04-15,2025-04-15,false
TNP-00018,TNP-00092,written_question_cosignature,ARP-2023,1,0.038462,9406,,27,1,2025-04-15,2025-04-15,false
TNP-00018,TNP-00095,written_question_cosignature,ARP-2023,1,0.038462,9406,,27,1,2025-04-15,2025-04-15,false
TNP-00018,TNP-00101,written_question_cosignature,ARP-2023,1,0.038462,9406,,27,1,2025-04-15,2025-04-15,false
TNP-00018,TNP-00102,written_question_cosignature,ARP-2023,1,0.038462,9406,,27,1,2025-04-15,2025-04-15,false
TNP-00018,TNP-00103,written_question_cosignature,ARP-2023,1,0.038462,9406,,27,1,2025-04-15,2025-04-15,false
TNP-00018,TNP-00108,written_question_cosignature,ARP-2023,1,0.038462,9406,,27,1,2025-04-15,2025-04-15,false
TNP-00018,TNP-00114,written_question_cosignature,ARP-2023,1,0.038462,9406,,27,1,2025-04-15,2025-04-15,false
TNP-00018,TNP-00117,written_question_cosignature,ARP-2023,1,0.038462,9406,,27,1,2025-04-15,2025-04-15,false
TNP-00018,TNP-00125,written_question_cosignature,ARP-2023,1,0.038462,9406,,27,1,2025-04-15,2025-04-15,false
TNP-00018,TNP-00151,written_question_cosignature,ARP-2023,1,0.038462,9406,,27,1,2025-04-15,2025-04-15,false
TNP-00019,TNP-00021,written_question_cosignature,ARP-2023,1,0.038462,9406,,27,1,2025-04-15,2025-04-15,false
TNP-00019,TNP-00024,written_question_cosignature,ARP-2023,1,0.028571,9296,,36,1,2025-05-08,2025-05-08,false
TNP-00019,TNP-00025,written_question_cosignature,ARP-2023,1,0.028571,9296,,36,1,2025-05-08,2025-05-08,false
TNP-00019,TNP-00026,written_question_cosignature,ARP-2023,1,0.028571,9296,,36,1,2025-05-08,2025-05-08,false
TNP-00019,TNP-00027,written_question_cosignature,ARP-2023,1,0.038462,9406,,27,1,2025-04-15,2025-04-15,false
TNP-00019,TNP-00028,written_question_cosignature,ARP-2023,1,0.028571,9296,,36,1,2025-05-08,2025-05-08,false
TNP-00019,TNP-00029,written_question_cosignature,ARP-2023,1,0.028571,9296,,36,1,2025-05-08,2025-05-08,false
TNP-00019,TNP-00030,written_question_cosignature,ARP-2023,1,0.028571,9296,,36,1,2025-05-08,2025-05-08,false
TNP-00019,TNP-00036,written_question_cosignature,ARP-2023,1,0.038462,9406,,27,1,2025-04-15,2025-04-15,false
TNP-00019,TNP-00038,written_question_cosignature,ARP-2023,1,0.028571,9296,,36,1,2025-05-08,2025-05-08,false
TNP-00019,TNP-00041,written_question_cosignature,ARP-2023,1,0.038462,9406,,27,1,2025-04-15,2025-04-15,false
TNP-00019,TNP-00048,written_question_cosignature,ARP-2023,1,0.038462,9406,,27,1,2025-04-15,2025-04-15,false
TNP-00019,TNP-00051,written_question_cosignature,ARP-2023,1,0.038462,9406,,27,1,2025-04-15,2025-04-15,false
TNP-00019,TNP-00053,written_question_cosignature,ARP-2023,1,0.028571,9296,,36,1,2025-05-08,2025-05-08,false
TNP-00019,TNP-00054,written_question_cosignature,ARP-2023,1,0.038462,9406,,27,1,2025-04-15,2025-04-15,false
TNP-00019,TNP-00057,written_question_cosignature,ARP-2023,1,0.038462,9406,,27,1,2025-04-15,2025-04-15,false
TNP-00019,TNP-00059,written_question_cosignature,ARP-2023,1,0.028571,9296,,36,1,2025-05-08,2025-05-08,false
TNP-00019,TNP-00062,written_question_cosignature,ARP-2023,1,0.028571,9296,,36,1,2025-05-08,2025-05-08,false
TNP-00019,TNP-00065,written_question_cosignature,ARP-2023,1,0.028571,9296,,36,1,2025-05-08,2025-05-08,false
TNP-00019,TNP-00067,written_question_cosignature,ARP-2023,1,0.028571,9296,,36,1,2025-05-08,2025-05-08,false
TNP-00019,TNP-00070,written_question_cosignature,ARP-2023,1,0.038462,9406,,27,1,2025-04-15,2025-04-15,false
TNP-00019,TNP-00071,written_question_cosignature,ARP-2023,1,0.038462,9406,,27,1,2025-04-15,2025-04-15,false
TNP-00019,TNP-00072,written_question_cosignature,ARP-2023,1,0.028571,9296,,36,1,2025-05-08,2025-05-08,false
TNP-00019,TNP-00074,written_question_cosignature,ARP-2023,1,0.038462,9406,,27,1,2025-04-15,2025-04-15,false
TNP-00019,TNP-00078,written_question_cosignature,ARP-2023,1,0.028571,9296,,36,1,2025-05-08,2025-05-08,false
TNP-00019,TNP-00079,written_question_cosignature,ARP-2023,1,0.038462,9406,,27,1,2025-04-15,2025-04-15,false
TNP-00019,TNP-00084,written_question_cosignature,ARP-2023,1,0.028571,9296,,36,1,2025-05-08,2025-05-08,false
TNP-00019,TNP-00086,written_question_cosignature,ARP-2023,1,0.028571,9296,,36,1,2025-05-08,2025-05-08,false
TNP-00019,TNP-00088,written_question_cosignature,ARP-2023,1,0.028571,9296,,36,1,2025-05-08,2025-05-08,false
TNP-00019,TNP-00089,written_question_cosignature,ARP-2023,1,0.028571,9296,,36,1,2025-05-08,2025-05-08,false
TNP-00019,TNP-00090,written_question_cosignature,ARP-2023,1,0.038462,9406,,27,1,2025-04-15,2025-04-15,false
TNP-00019,TNP-00095,written_question_cosignature,ARP-2023,1,0.038462,9406,,27,1,2025-04-15,2025-04-15,false
TNP-00019,TNP-00096,written_question_cosignature,ARP-2023,1,0.028571,9296,,36,1,2025-05-08,2025-05-08,false
TNP-00019,TNP-00101,written_question_cosignature,ARP-2023,1,0.038462,9406,,27,1,2025-04-15,2025-04-15,false
TNP-00019,TNP-00102,written_question_cosignature,ARP-2023,1,0.038462,9406,,27,1,2025-04-15,2025-04-15,false
TNP-00019,TNP-00103,written_question_cosignature,ARP-2023,1,0.038462,9406,,27,1,2025-04-15,2025-04-15,false
TNP-00019,TNP-00108,written_question_cosignature,ARP-2023,1,0.038462,9406,,27,1,2025-04-15,2025-04-15,false
TNP-00019,TNP-00112,written_question_cosignature,ARP-2023,1,0.028571,9296,,36,1,2025-05-08,2025-05-08,false
TNP-00019,TNP-00114,written_question_cosignature,ARP-2023,1,0.038462,9406,,27,1,2025-04-15,2025-04-15,false
TNP-00019,TNP-00115,written_question_cosignature,ARP-2023,1,0.028571,9296,,36,1,2025-05-08,2025-05-08,false
TNP-00019,TNP-00116,written_question_cosignature,ARP-2023,1,0.028571,9296,,36,1,2025-05-08,2025-05-08,false
TNP-00019,TNP-00117,written_question_cosignature,ARP-2023,1,0.038462,9406,,27,1,2025-04-15,2025-04-15,false
TNP-00019,TNP-00120,written_question_cosignature,ARP-2023,1,0.028571,9296,,36,1,2025-05-08,2025-05-08,false
TNP-00019,TNP-00125,written_question_cosignature,ARP-2023,1,0.038462,9406,,27,1,2025-04-15,2025-04-15,false
TNP-00019,TNP-00129,written_question_cosignature,ARP-2023,1,0.028571,9296,,36,1,2025-05-08,2025-05-08,false
TNP-00019,TNP-00131,written_question_cosignature,ARP-2023,1,0.028571,9296,,36,1,2025-05-08,2025-05-08,false
TNP-00019,TNP-00132,written_question_cosignature,ARP-2023,1,0.028571,9296,,36,1,2025-05-08,2025-05-08,false
TNP-00019,TNP-00135,written_question_cosignature,ARP-2023,1,0.028571,9296,,36,1,2025-05-08,2025-05-08,false
TNP-00019,TNP-00139,written_question_cosignature,ARP-2023,1,0.028571,9296,,36,1,2025-05-08,2025-05-08,false
TNP-00019,TNP-00151,written_question_cosignature,ARP-2023,1,0.038462,9406,,27,1,2025-04-15,2025-04-15,false
TNP-00019,TNP-00152,written_question_cosignature,ARP-2023,1,0.028571,9296,,36,1,2025-05-08,2025-05-08,false
TNP-00019,TNP-00154,written_question_cosignature,ARP-2023,1,0.028571,9296,,36,1,2025-05-08,2025-05-08,false
TNP-00020,TNP-00025,written_question_cosignature,ARP-2023,1,0.05,9670,,21,1,2025-07-21,2025-07-21,false
TNP-00020,TNP-00029,written_question_cosignature,ARP-2023,1,0.2,10709,,6,1,2026-02-11,2026-02-11,false
TNP-00020,TNP-00031,written_question_cosignature,ARP-2023,1,0.05,9670,,21,1,2025-07-21,2025-07-21,false
TNP-00020,TNP-00035,written_question_cosignature,ARP-2023,1,0.05,9670,,21,1,2025-07-21,2025-07-21,false
TNP-00020,TNP-00058,written_question_cosignature,ARP-2023,1,0.2,10709,,6,1,2026-02-11,2026-02-11,false
TNP-00020,TNP-00064,written_question_cosignature,ARP-2023,1,0.05,9670,,21,1,2025-07-21,2025-07-21,false
TNP-00020,TNP-00067,written_question_cosignature,ARP-2023,1,0.05,9670,,21,1,2025-07-21,2025-07-21,false
TNP-00020,TNP-00068,written_question_cosignature,ARP-2023,1,0.2,10472,,6,1,2025-12-10,2025-12-10,false
TNP-00020,TNP-00069,written_question_cosignature,ARP-2023,1,0.2,10709,,6,1,2026-02-11,2026-02-11,false
TNP-00020,TNP-00080,written_question_cosignature,ARP-2023,1,0.05,9670,,21,1,2025-07-21,2025-07-21,false
TNP-00020,TNP-00082,written_question_cosignature,ARP-2023,1,0.2,10709,,6,1,2026-02-11,2026-02-11,false
TNP-00020,TNP-00086,written_question_cosignature,ARP-2023,1,0.05,9670,,21,1,2025-07-21,2025-07-21,false
TNP-00020,TNP-00088,written_question_cosignature,ARP-2023,1,0.2,10472,,6,1,2025-12-10,2025-12-10,false
TNP-00020,TNP-00089,written_question_cosignature,ARP-2023,1,0.05,9670,,21,1,2025-07-21,2025-07-21,false
TNP-00020,TNP-00096,written_question_cosignature,ARP-2023,1,0.05,9670,,21,1,2025-07-21,2025-07-21,false
TNP-00020,TNP-00113,written_question_cosignature,ARP-2023,1,0.05,9670,,21,1,2025-07-21,2025-07-21,false
TNP-00020,TNP-00122,written_question_cosignature,ARP-2023,1,0.2,10709,,6,1,2026-02-11,2026-02-11,false
TNP-00020,TNP-00135,written_question_cosignature,ARP-2023,1,0.05,9670,,21,1,2025-07-21,2025-07-21,false
TNP-00020,TNP-00144,written_question_cosignature,ARP-2023,1,0.05,9670,,21,1,2025-07-21,2025-07-21,false
TNP-00020,TNP-00152,written_question_cosignature,ARP-2023,1,0.05,9670,,21,1,2025-07-21,2025-07-21,false
TNP-00021,TNP-00027,written_question_cosignature,ARP-2023,1,0.038462,9406,,27,1,2025-04-15,2025-04-15,false
TNP-00021,TNP-00036,written_question_cosignature,ARP-2023,1,0.038462,9406,,27,1,2025-04-15,2025-04-15,false
TNP-00021,TNP-00041,written_question_cosignature,ARP-2023,1,0.038462,9406,,27,1,2025-04-15,2025-04-15,false
TNP-00021,TNP-00043,written_question_cosignature,ARP-2023,1,0.111111,10060,,10,1,2025-11-22,2025-11-22,false
TNP-00021,TNP-00048,written_question_cosignature,ARP-2023,1,0.038462,9406,,27,1,2025-04-15,2025-04-15,false
TNP-00021,TNP-00057,written_question_cosignature,ARP-2023,1,0.038462,9406,,27,1,2025-04-15,2025-04-15,false
TNP-00021,TNP-00070,written_question_cosignature,ARP-2023,1,0.038462,9406,,27,1,2025-04-15,2025-04-15,false
TNP-00021,TNP-00079,written_question_cosignature,ARP-2023,1,0.038462,9406,,27,1,2025-04-15,2025-04-15,false
TNP-00021,TNP-00090,written_question_cosignature,ARP-2023,1,0.038462,9406,,27,1,2025-04-15,2025-04-15,false
TNP-00021,TNP-00091,written_question_cosignature,ARP-2023,1,0.038462,9406,,27,1,2025-04-15,2025-04-15,false
TNP-00021,TNP-00092,written_question_cosignature,ARP-2023,1,0.038462,9406,,27,1,2025-04-15,2025-04-15,false
TNP-00021,TNP-00095,written_question_cosignature,ARP-2023,1,0.038462,9406,,27,1,2025-04-15,2025-04-15,false
TNP-00021,TNP-00103,written_question_cosignature,ARP-2023,1,0.038462,9406,,27,1,2025-04-15,2025-04-15,false
TNP-00021,TNP-00108,written_question_cosignature,ARP-2023,1,0.038462,9406,,27,1,2025-04-15,2025-04-15,false
TNP-00021,TNP-00114,written_question_cosignature,ARP-2023,1,0.038462,9406,,27,1,2025-04-15,2025-04-15,false
TNP-00021,TNP-00117,written_question_cosignature,ARP-2023,1,0.038462,9406,,27,1,2025-04-15,2025-04-15,false
TNP-00021,TNP-00124,written_question_cosignature,ARP-2023,1,0.111111,10060,,10,1,2025-11-22,2025-11-22,false
TNP-00021,TNP-00145,written_question_cosignature,ARP-2023,1,0.111111,10060,,10,1,2025-11-22,2025-11-22,false
TNP-00021,TNP-00151,written_question_cosignature,ARP-2023,1,0.038462,9406,,27,1,2025-04-15,2025-04-15,false
TNP-00023,TNP-00025,written_question_cosignature,ARP-2023,1,0.052632,10325,,20,1,2026-02-11,2026-02-11,false
TNP-00023,TNP-00029,written_question_cosignature,ARP-2023,1,0.052632,10325,,20,1,2026-02-11,2026-02-11,false
TNP-00023,TNP-00031,written_question_cosignature,ARP-2023,1,0.052632,10325,,20,1,2026-02-11,2026-02-11,false
TNP-00023,TNP-00032,written_question_cosignature,ARP-2023,1,0.052632,10325,,20,1,2026-02-11,2026-02-11,false
TNP-00023,TNP-00033,written_question_cosignature,ARP-2023,1,0.052632,10325,,20,1,2026-02-11,2026-02-11,false
TNP-00023,TNP-00066,written_question_cosignature,ARP-2023,1,0.052632,10325,,20,1,2026-02-11,2026-02-11,false
TNP-00023,TNP-00069,written_question_cosignature,ARP-2023,1,0.052632,10325,,20,1,2026-02-11,2026-02-11,false
TNP-00023,TNP-00080,written_question_cosignature,ARP-2023,1,0.052632,10325,,20,1,2026-02-11,2026-02-11,false
TNP-00023,TNP-00082,written_question_cosignature,ARP-2023,1,0.052632,10325,,20,1,2026-02-11,2026-02-11,false
TNP-00023,TNP-00129,written_question_cosignature,ARP-2023,1,0.052632,10325,,20,1,2026-02-11,2026-02-11,false
TNP-00023,TNP-00131,written_question_cosignature,ARP-2023,1,0.052632,10325,,20,1,2026-02-11,2026-02-11,false
TNP-00023,TNP-00132,written_question_cosignature,ARP-2023,1,0.052632,10325,,20,1,2026-02-11,2026-02-11,false
TNP-00023,TNP-00135,written_question_cosignature,ARP-2023,1,0.052632,10325,,20,1,2026-02-11,2026-02-11,false
TNP-00023,TNP-00137,written_question_cosignature,ARP-2023,1,0.052632,10325,,20,1,2026-02-11,2026-02-11,false
TNP-00023,TNP-00144,written_question_cosignature,ARP-2023,1,0.052632,10325,,20,1,2026-02-11,2026-02-11,false
TNP-00023,TNP-00150,written_question_cosignature,ARP-2023,1,0.052632,10325,,20,1,2026-02-11,2026-02-11,false
TNP-00023,TNP-00151,written_question_cosignature,ARP-2023,1,0.052632,10325,,20,1,2026-02-11,2026-02-11,false
TNP-00024,TNP-00025,written_question_cosignature,ARP-2023,1,0.028571,9296,,36,1,2025-05-08,2025-05-08,false
TNP-00024,TNP-00026,written_question_cosignature,ARP-2023,1,0.028571,9296,,36,1,2025-05-08,2025-05-08,false
TNP-00024,TNP-00028,written_question_cosignature,ARP-2023,1,0.028571,9296,,36,1,2025-05-08,2025-05-08,false
TNP-00024,TNP-00029,written_question_cosignature,ARP-2023,1,0.028571,9296,,36,1,2025-05-08,2025-05-08,false
TNP-00024,TNP-00030,written_question_cosignature,ARP-2023,1,0.028571,9296,,36,1,2025-05-08,2025-05-08,false
TNP-00024,TNP-00038,written_question_cosignature,ARP-2023,1,0.028571,9296,,36,1,2025-05-08,2025-05-08,false
TNP-00024,TNP-00053,written_question_cosignature,ARP-2023,1,0.028571,9296,,36,1,2025-05-08,2025-05-08,false
TNP-00024,TNP-00059,written_question_cosignature,ARP-2023,1,0.028571,9296,,36,1,2025-05-08,2025-05-08,false
TNP-00024,TNP-00062,written_question_cosignature,ARP-2023,1,0.028571,9296,,36,1,2025-05-08,2025-05-08,false
TNP-00024,TNP-00065,written_question_cosignature,ARP-2023,1,0.028571,9296,,36,1,2025-05-08,2025-05-08,false
TNP-00024,TNP-00067,written_question_cosignature,ARP-2023,1,0.028571,9296,,36,1,2025-05-08,2025-05-08,false
TNP-00024,TNP-00072,written_question_cosignature,ARP-2023,1,0.028571,9296,,36,1,2025-05-08,2025-05-08,false
TNP-00024,TNP-00078,written_question_cosignature,ARP-2023,1,0.028571,9296,,36,1,2025-05-08,2025-05-08,false
TNP-00024,TNP-00084,written_question_cosignature,ARP-2023,1,0.028571,9296,,36,1,2025-05-08,2025-05-08,false
TNP-00024,TNP-00086,written_question_cosignature,ARP-2023,1,0.028571,9296,,36,1,2025-05-08,2025-05-08,false
TNP-00024,TNP-00088,written_question_cosignature,ARP-2023,1,0.028571,9296,,36,1,2025-05-08,2025-05-08,false
TNP-00024,TNP-00089,written_question_cosignature,ARP-2023,1,0.028571,9296,,36,1,2025-05-08,2025-05-08,false
TNP-00024,TNP-00091,written_question_cosignature,ARP-2023,1,0.028571,9296,,36,1,2025-05-08,2025-05-08,false
TNP-00024,TNP-00092,written_question_cosignature,ARP-2023,1,0.028571,9296,,36,1,2025-05-08,2025-05-08,false
TNP-00024,TNP-00096,written_question_cosignature,ARP-2023,1,0.028571,9296,,36,1,2025-05-08,2025-05-08,false
TNP-00024,TNP-00112,written_question_cosignature,ARP-2023,1,0.028571,9296,,36,1,2025-05-08,2025-05-08,false
TNP-00024,TNP-00115,written_question_cosignature,ARP-2023,1,0.028571,9296,,36,1,2025-05-08,2025-05-08,false
TNP-00024,TNP-00116,written_question_cosignature,ARP-2023,1,0.028571,9296,,36,1,2025-05-08,2025-05-08,false
TNP-00024,TNP-00120,written_question_cosignature,ARP-2023,1,0.028571,9296,,36,1,2025-05-08,2025-05-08,false
TNP-00024,TNP-00129,written_question_cosignature,ARP-2023,1,0.028571,9296,,36,1,2025-05-08,2025-05-08,false
TNP-00024,TNP-00131,written_question_cosignature,ARP-2023,1,0.028571,9296,,36,1,2025-05-08,2025-05-08,false
TNP-00024,TNP-00132,written_question_cosignature,ARP-2023,1,0.028571,9296,,36,1,2025-05-08,2025-05-08,false
TNP-00024,TNP-00135,written_question_cosignature,ARP-2023,1,0.028571,9296,,36,1,2025-05-08,2025-05-08,false
TNP-00024,TNP-00139,written_question_cosignature,ARP-2023,1,0.028571,9296,,36,1,2025-05-08,2025-05-08,false
TNP-00024,TNP-00152,written_question_cosignature,ARP-2023,1,0.028571,9296,,36,1,2025-05-08,2025-05-08,false
TNP-00024,TNP-00154,written_question_cosignature,ARP-2023,1,0.028571,9296,,36,1,2025-05-08,2025-05-08,false
TNP-00025,TNP-00026,written_question_cosignature,ARP-2023,1,0.028571,9296,,36,1,2025-05-08,2025-05-08,false
TNP-00025,TNP-00027,written_question_cosignature,ARP-2023,1,0.047619,9782,,22,1,2025-07-24,2025-07-24,false
TNP-00025,TNP-00028,written_question_cosignature,ARP-2023,1,0.028571,9296,,36,1,2025-05-08,2025-05-08,false
TNP-00025,TNP-00030,written_question_cosignature,ARP-2023,1,0.028571,9296,,36,1,2025-05-08,2025-05-08,false
TNP-00025,TNP-00032,written_question_cosignature,ARP-2023,1,0.052632,10325,,20,1,2026-02-11,2026-02-11,false
TNP-00025,TNP-00035,written_question_cosignature,ARP-2023,1,0.05,9670,,21,1,2025-07-21,2025-07-21,false
TNP-00025,TNP-00053,written_question_cosignature,ARP-2023,1,0.028571,9296,,36,1,2025-05-08,2025-05-08,false
TNP-00025,TNP-00059,written_question_cosignature,ARP-2023,1,0.028571,9296,,36,1,2025-05-08,2025-05-08,false
TNP-00025,TNP-00062,written_question_cosignature,ARP-2023,1,0.028571,9296,,36,1,2025-05-08,2025-05-08,false
TNP-00025,TNP-00064,written_question_cosignature,ARP-2023,1,0.05,9670,,21,1,2025-07-21,2025-07-21,false
TNP-00025,TNP-00065,written_question_cosignature,ARP-2023,1,0.028571,9296,,36,1,2025-05-08,2025-05-08,false
TNP-00025,TNP-00066,written_question_cosignature,ARP-2023,1,0.052632,10325,,20,1,2026-02-11,2026-02-11,false
TNP-00025,TNP-00069,written_question_cosignature,ARP-2023,1,0.052632,10325,,20,1,2026-02-11,2026-02-11,false
TNP-00025,TNP-00070,written_question_cosignature,ARP-2023,1,0.047619,9782,,22,1,2025-07-24,2025-07-24,false
TNP-00025,TNP-00072,written_question_cosignature,ARP-2023,1,0.028571,9296,,36,1,2025-05-08,2025-05-08,false
TNP-00025,TNP-00078,written_question_cosignature,ARP-2023,1,0.028571,9296,,36,1,2025-05-08,2025-05-08,false
TNP-00025,TNP-00079,written_question_cosignature,ARP-2023,1,0.047619,9782,,22,1,2025-07-24,2025-07-24,false
TNP-00025,TNP-00082,written_question_cosignature,ARP-2023,1,0.052632,10325,,20,1,2026-02-11,2026-02-11,false
TNP-00025,TNP-00084,written_question_cosignature,ARP-2023,1,0.028571,9296,,36,1,2025-05-08,2025-05-08,false
TNP-00025,TNP-00091,written_question_cosignature,ARP-2023,1,0.028571,9296,,36,1,2025-05-08,2025-05-08,false
TNP-00025,TNP-00092,written_question_cosignature,ARP-2023,1,0.028571,9296,,36,1,2025-05-08,2025-05-08,false
TNP-00025,TNP-00108,written_question_cosignature,ARP-2023,1,0.047619,9782,,22,1,2025-07-24,2025-07-24,false
TNP-00025,TNP-00110,written_question_cosignature,ARP-2023,1,0.047619,9782,,22,1,2025-07-24,2025-07-24,false
TNP-00025,TNP-00112,written_question_cosignature,ARP-2023,1,0.028571,9296,,36,1,2025-05-08,2025-05-08,false
TNP-00025,TNP-00114,written_question_cosignature,ARP-2023,1,0.047619,9782,,22,1,2025-07-24,2025-07-24,false
TNP-00025,TNP-00115,written_question_cosignature,ARP-2023,1,0.028571,9296,,36,1,2025-05-08,2025-05-08,false
TNP-00025,TNP-00120,written_question_cosignature,ARP-2023,1,0.028571,9296,,36,1,2025-05-08,2025-05-08,false
TNP-00025,TNP-00126,written_question_cosignature,ARP-2023,1,0.047619,9782,,22,1,2025-07-24,2025-07-24,false
TNP-00025,TNP-00130,written_question_cosignature,ARP-2023,1,0.05,9670,,21,1,2025-07-21,2025-07-21,false
TNP-00025,TNP-00137,written_question_cosignature,ARP-2023,1,0.052632,10325,,20,1,2026-02-11,2026-02-11,false
TNP-00025,TNP-00140,written_question_cosignature,ARP-2023,1,0.047619,9782,,22,1,2025-07-24,2025-07-24,false
TNP-00026,TNP-00028,written_question_cosignature,ARP-2023,1,0.028571,9296,,36,1,2025-05-08,2025-05-08,false
TNP-00026,TNP-00029,written_question_cosignature,ARP-2023,1,0.028571,9296,,36,1,2025-05-08,2025-05-08,false
TNP-00026,TNP-00030,written_question_cosignature,ARP-2023,1,0.028571,9296,,36,1,2025-05-08,2025-05-08,false
TNP-00026,TNP-00038,written_question_cosignature,ARP-2023,1,0.028571,9296,,36,1,2025-05-08,2025-05-08,false
TNP-00026,TNP-00053,written_question_cosignature,ARP-2023,1,0.028571,9296,,36,1,2025-05-08,2025-05-08,false
TNP-00026,TNP-00059,written_question_cosignature,ARP-2023,1,0.028571,9296,,36,1,2025-05-08,2025-05-08,false
TNP-00026,TNP-00062,written_question_cosignature,ARP-2023,1,0.028571,9296,,36,1,2025-05-08,2025-05-08,false
TNP-00026,TNP-00065,written_question_cosignature,ARP-2023,1,0.028571,9296,,36,1,2025-05-08,2025-05-08,false
TNP-00026,TNP-00067,written_question_cosignature,ARP-2023,1,0.028571,9296,,36,1,2025-05-08,2025-05-08,false
TNP-00026,TNP-00072,written_question_cosignature,ARP-2023,1,0.028571,9296,,36,1,2025-05-08,2025-05-08,false
TNP-00026,TNP-00078,written_question_cosignature,ARP-2023,1,0.028571,9296,,36,1,2025-05-08,2025-05-08,false
TNP-00026,TNP-00084,written_question_cosignature,ARP-2023,1,0.028571,9296,,36,1,2025-05-08,2025-05-08,false
TNP-00026,TNP-00086,written_question_cosignature,ARP-2023,1,0.028571,9296,,36,1,2025-05-08,2025-05-08,false
TNP-00026,TNP-00088,written_question_cosignature,ARP-2023,1,0.028571,9296,,36,1,2025-05-08,2025-05-08,false
TNP-00026,TNP-00089,written_question_cosignature,ARP-2023,1,0.028571,9296,,36,1,2025-05-08,2025-05-08,false
TNP-00026,TNP-00091,written_question_cosignature,ARP-2023,1,0.028571,9296,,36,1,2025-05-08,2025-05-08,false
TNP-00026,TNP-00092,written_question_cosignature,ARP-2023,1,0.028571,9296,,36,1,2025-05-08,2025-05-08,false
TNP-00026,TNP-00096,written_question_cosignature,ARP-2023,1,0.028571,9296,,36,1,2025-05-08,2025-05-08,false
TNP-00026,TNP-00112,written_question_cosignature,ARP-2023,1,0.028571,9296,,36,1,2025-05-08,2025-05-08,false
TNP-00026,TNP-00115,written_question_cosignature,ARP-2023,1,0.028571,9296,,36,1,2025-05-08,2025-05-08,false
TNP-00026,TNP-00116,written_question_cosignature,ARP-2023,1,0.028571,9296,,36,1,2025-05-08,2025-05-08,false
TNP-00026,TNP-00120,written_question_cosignature,ARP-2023,1,0.028571,9296,,36,1,2025-05-08,2025-05-08,false
TNP-00026,TNP-00129,written_question_cosignature,ARP-2023,1,0.028571,9296,,36,1,2025-05-08,2025-05-08,false
TNP-00026,TNP-00131,written_question_cosignature,ARP-2023,1,0.028571,9296,,36,1,2025-05-08,2025-05-08,false
TNP-00026,TNP-00132,written_question_cosignature,ARP-2023,1,0.028571,9296,,36,1,2025-05-08,2025-05-08,false
TNP-00026,TNP-00135,written_question_cosignature,ARP-2023,1,0.028571,9296,,36,1,2025-05-08,2025-05-08,false
TNP-00026,TNP-00139,written_question_cosignature,ARP-2023,1,0.028571,9296,,36,1,2025-05-08,2025-05-08,false
TNP-00026,TNP-00152,written_question_cosignature,ARP-2023,1,0.028571,9296,,36,1,2025-05-08,2025-05-08,false
TNP-00026,TNP-00154,written_question_cosignature,ARP-2023,1,0.028571,9296,,36,1,2025-05-08,2025-05-08,false
TNP-00027,TNP-00036,written_question_cosignature,ARP-2023,1,0.038462,9406,,27,1,2025-04-15,2025-04-15,false
TNP-00027,TNP-00038,written_question_cosignature,ARP-2023,1,0.047619,9782,,22,1,2025-07-24,2025-07-24,false
TNP-00027,TNP-00041,written_question_cosignature,ARP-2023,1,0.038462,9406,,27,1,2025-04-15,2025-04-15,false
TNP-00027,TNP-00048,written_question_cosignature,ARP-2023,1,0.038462,9406,,27,1,2025-04-15,2025-04-15,false
TNP-00027,TNP-00051,written_question_cosignature,ARP-2023,1,0.038462,9406,,27,1,2025-04-15,2025-04-15,false
TNP-00027,TNP-00054,written_question_cosignature,ARP-2023,1,0.038462,9406,,27,1,2025-04-15,2025-04-15,false
TNP-00027,TNP-00057,written_question_cosignature,ARP-2023,1,0.038462,9406,,27,1,2025-04-15,2025-04-15,false
TNP-00027,TNP-00071,written_question_cosignature,ARP-2023,1,0.038462,9406,,27,1,2025-04-15,2025-04-15,false
TNP-00027,TNP-00074,written_question_cosignature,ARP-2023,1,0.038462,9406,,27,1,2025-04-15,2025-04-15,false
TNP-00027,TNP-00080,written_question_cosignature,ARP-2023,1,0.047619,9782,,22,1,2025-07-24,2025-07-24,false
TNP-00027,TNP-00088,written_question_cosignature,ARP-2023,1,0.047619,9782,,22,1,2025-07-24,2025-07-24,false
TNP-00027,TNP-00090,written_question_cosignature,ARP-2023,1,0.038462,9406,,27,1,2025-04-15,2025-04-15,false
TNP-00027,TNP-00091,written_question_cosignature,ARP-2023,1,0.038462,9406,,27,1,2025-04-15,2025-04-15,false
TNP-00027,TNP-00092,written_question_cosignature,ARP-2023,1,0.038462,9406,,27,1,2025-04-15,2025-04-15,false
TNP-00027,TNP-00095,written_question_cosignature,ARP-2023,1,0.038462,9406,,27,1,2025-04-15,2025-04-15,false
TNP-00027,TNP-00096,written_question_cosignature,ARP-2023,1,0.047619,9782,,22,1,2025-07-24,2025-07-24,false
TNP-00027,TNP-00101,written_question_cosignature,ARP-2023,1,0.038462,9406,,27,1,2025-04-15,2025-04-15,false
TNP-00027,TNP-00102,written_question_cosignature,ARP-2023,1,0.038462,9406,,27,1,2025-04-15,2025-04-15,false
TNP-00027,TNP-00103,written_question_cosignature,ARP-2023,1,0.038462,9406,,27,1,2025-04-15,2025-04-15,false
TNP-00027,TNP-00110,written_question_cosignature,ARP-2023,1,0.047619,9782,,22,1,2025-07-24,2025-07-24,false
TNP-00027,TNP-00113,written_question_cosignature,ARP-2023,1,0.047619,9782,,22,1,2025-07-24,2025-07-24,false
TNP-00027,TNP-00116,written_question_cosignature,ARP-2023,1,0.047619,9782,,22,1,2025-07-24,2025-07-24,false
TNP-00027,TNP-00117,written_question_cosignature,ARP-2023,1,0.038462,9406,,27,1,2025-04-15,2025-04-15,false
TNP-00027,TNP-00125,written_question_cosignature,ARP-2023,1,0.038462,9406,,27,1,2025-04-15,2025-04-15,false
TNP-00027,TNP-00126,written_question_cosignature,ARP-2023,1,0.047619,9782,,22,1,2025-07-24,2025-07-24,false
TNP-00027,TNP-00139,written_question_cosignature,ARP-2023,1,0.047619,9782,,22,1,2025-07-24,2025-07-24,false
TNP-00027,TNP-00140,written_question_cosignature,ARP-2023,1,0.047619,9782,,22,1,2025-07-24,2025-07-24,false
TNP-00027,TNP-00154,written_question_cosignature,ARP-2023,1,0.047619,9782,,22,1,2025-07-24,2025-07-24,false
TNP-00028,TNP-00029,written_question_cosignature,ARP-2023,1,0.028571,9296,,36,1,2025-05-08,2025-05-08,false
TNP-00028,TNP-00030,written_question_cosignature,ARP-2023,1,0.028571,9296,,36,1,2025-05-08,2025-05-08,false
TNP-00028,TNP-00038,written_question_cosignature,ARP-2023,1,0.028571,9296,,36,1,2025-05-08,2025-05-08,false
TNP-00028,TNP-00053,written_question_cosignature,ARP-2023,1,0.028571,9296,,36,1,2025-05-08,2025-05-08,false
TNP-00028,TNP-00059,written_question_cosignature,ARP-2023,1,0.028571,9296,,36,1,2025-05-08,2025-05-08,false
TNP-00028,TNP-00062,written_question_cosignature,ARP-2023,1,0.028571,9296,,36,1,2025-05-08,2025-05-08,false
TNP-00028,TNP-00065,written_question_cosignature,ARP-2023,1,0.028571,9296,,36,1,2025-05-08,2025-05-08,false
TNP-00028,TNP-00067,written_question_cosignature,ARP-2023,1,0.028571,9296,,36,1,2025-05-08,2025-05-08,false
TNP-00028,TNP-00072,written_question_cosignature,ARP-2023,1,0.028571,9296,,36,1,2025-05-08,2025-05-08,false
TNP-00028,TNP-00078,written_question_cosignature,ARP-2023,1,0.028571,9296,,36,1,2025-05-08,2025-05-08,false
TNP-00028,TNP-00084,written_question_cosignature,ARP-2023,1,0.028571,9296,,36,1,2025-05-08,2025-05-08,false
TNP-00028,TNP-00086,written_question_cosignature,ARP-2023,1,0.028571,9296,,36,1,2025-05-08,2025-05-08,false
TNP-00028,TNP-00088,written_question_cosignature,ARP-2023,1,0.028571,9296,,36,1,2025-05-08,2025-05-08,false
TNP-00028,TNP-00089,written_question_cosignature,ARP-2023,1,0.028571,9296,,36,1,2025-05-08,2025-05-08,false
TNP-00028,TNP-00091,written_question_cosignature,ARP-2023,1,0.028571,9296,,36,1,2025-05-08,2025-05-08,false
TNP-00028,TNP-00092,written_question_cosignature,ARP-2023,1,0.028571,9296,,36,1,2025-05-08,2025-05-08,false
TNP-00028,TNP-00096,written_question_cosignature,ARP-2023,1,0.028571,9296,,36,1,2025-05-08,2025-05-08,false
TNP-00028,TNP-00112,written_question_cosignature,ARP-2023,1,0.028571,9296,,36,1,2025-05-08,2025-05-08,false
TNP-00028,TNP-00115,written_question_cosignature,ARP-2023,1,0.028571,9296,,36,1,2025-05-08,2025-05-08,false
TNP-00028,TNP-00116,written_question_cosignature,ARP-2023,1,0.028571,9296,,36,1,2025-05-08,2025-05-08,false
TNP-00028,TNP-00120,written_question_cosignature,ARP-2023,1,0.028571,9296,,36,1,2025-05-08,2025-05-08,false
TNP-00028,TNP-00129,written_question_cosignature,ARP-2023,1,0.028571,9296,,36,1,2025-05-08,2025-05-08,false
TNP-00028,TNP-00131,written_question_cosignature,ARP-2023,1,0.028571,9296,,36,1,2025-05-08,2025-05-08,false
TNP-00028,TNP-00132,written_question_cosignature,ARP-2023,1,0.028571,9296,,36,1,2025-05-08,2025-05-08,false
TNP-00028,TNP-00135,written_question_cosignature,ARP-2023,1,0.028571,9296,,36,1,2025-05-08,2025-05-08,false
TNP-00028,TNP-00139,written_question_cosignature,ARP-2023,1,0.028571,9296,,36,1,2025-05-08,2025-05-08,false
TNP-00028,TNP-00152,written_question_cosignature,ARP-2023,1,0.028571,9296,,36,1,2025-05-08,2025-05-08,false
TNP-00028,TNP-00154,written_question_cosignature,ARP-2023,1,0.028571,9296,,36,1,2025-05-08,2025-05-08,false
TNP-00029,TNP-00030,written_question_cosignature,ARP-2023,1,0.028571,9296,,36,1,2025-05-08,2025-05-08,false
TNP-00029,TNP-00031,written_question_cosignature,ARP-2023,1,0.052632,10325,,20,1,2026-02-11,2026-02-11,false
TNP-00029,TNP-00032,written_question_cosignature,ARP-2023,1,0.052632,10325,,20,1,2026-02-11,2026-02-11,false
TNP-00029,TNP-00033,written_question_cosignature,ARP-2023,1,0.052632,10325,,20,1,2026-02-11,2026-02-11,false
TNP-00029,TNP-00038,written_question_cosignature,ARP-2023,1,0.028571,9296,,36,1,2025-05-08,2025-05-08,false
TNP-00029,TNP-00053,written_question_cosignature,ARP-2023,1,0.028571,9296,,36,1,2025-05-08,2025-05-08,false
TNP-00029,TNP-00058,written_question_cosignature,ARP-2023,1,0.2,10709,,6,1,2026-02-11,2026-02-11,false
TNP-00029,TNP-00059,written_question_cosignature,ARP-2023,1,0.028571,9296,,36,1,2025-05-08,2025-05-08,false
TNP-00029,TNP-00062,written_question_cosignature,ARP-2023,1,0.028571,9296,,36,1,2025-05-08,2025-05-08,false
TNP-00029,TNP-00065,written_question_cosignature,ARP-2023,1,0.028571,9296,,36,1,2025-05-08,2025-05-08,false
TNP-00029,TNP-00066,written_question_cosignature,ARP-2023,1,0.052632,10325,,20,1,2026-02-11,2026-02-11,false
TNP-00029,TNP-00067,written_question_cosignature,ARP-2023,1,0.028571,9296,,36,1,2025-05-08,2025-05-08,false
TNP-00029,TNP-00072,written_question_cosignature,ARP-2023,1,0.028571,9296,,36,1,2025-05-08,2025-05-08,false
TNP-00029,TNP-00078,written_question_cosignature,ARP-2023,1,0.028571,9296,,36,1,2025-05-08,2025-05-08,false
TNP-00029,TNP-00080,written_question_cosignature,ARP-2023,1,0.052632,10325,,20,1,2026-02-11,2026-02-11,false
TNP-00029,TNP-00084,written_question_cosignature,ARP-2023,1,0.028571,9296,,36,1,2025-05-08,2025-05-08,false
TNP-00029,TNP-00086,written_question_cosignature,ARP-2023,1,0.028571,9296,,36,1,2025-05-08,2025-05-08,false
TNP-00029,TNP-00088,written_question_cosignature,ARP-2023,1,0.028571,9296,,36,1,2025-05-08,2025-05-08,false
TNP-00029,TNP-00089,written_question_cosignature,ARP-2023,1,0.028571,9296,,36,1,2025-05-08,2025-05-08,false
TNP-00029,TNP-00091,written_question_cosignature,ARP-2023,1,0.028571,9296,,36,1,2025-05-08,2025-05-08,false
TNP-00029,TNP-00092,written_question_cosignature,ARP-2023,1,0.028571,9296,,36,1,2025-05-08,2025-05-08,false
TNP-00029,TNP-00096,written_question_cosignature,ARP-2023,1,0.028571,9296,,36,1,2025-05-08,2025-05-08,false
TNP-00029,TNP-00112,written_question_cosignature,ARP-2023,1,0.028571,9296,,36,1,2025-05-08,2025-05-08,false
TNP-00029,TNP-00115,written_question_cosignature,ARP-2023,1,0.028571,9296,,36,1,2025-05-08,2025-05-08,false
TNP-00029,TNP-00116,written_question_cosignature,ARP-2023,1,0.028571,9296,,36,1,2025-05-08,2025-05-08,false
TNP-00029,TNP-00120,written_question_cosignature,ARP-2023,1,0.028571,9296,,36,1,2025-05-08,2025-05-08,false
TNP-00029,TNP-00122,written_question_cosignature,ARP-2023,1,0.2,10709,,6,1,2026-02-11,2026-02-11,false
TNP-00029,TNP-00137,written_question_cosignature,ARP-2023,1,0.052632,10325,,20,1,2026-02-11,2026-02-11,false
TNP-00029,TNP-00139,written_question_cosignature,ARP-2023,1,0.028571,9296,,36,1,2025-05-08,2025-05-08,false
TNP-00029,TNP-00144,written_question_cosignature,ARP-2023,1,0.052632,10325,,20,1,2026-02-11,2026-02-11,false
TNP-00029,TNP-00150,written_question_cosignature,ARP-2023,1,0.052632,10325,,20,1,2026-02-11,2026-02-11,false
TNP-00029,TNP-00151,written_question_cosignature,ARP-2023,1,0.052632,10325,,20,1,2026-02-11,2026-02-11,false
TNP-00029,TNP-00152,written_question_cosignature,ARP-2023,1,0.028571,9296,,36,1,2025-05-08,2025-05-08,false
TNP-00029,TNP-00154,written_question_cosignature,ARP-2023,1,0.028571,9296,,36,1,2025-05-08,2025-05-08,false
TNP-00030,TNP-00038,written_question_cosignature,ARP-2023,1,0.028571,9296,,36,1,2025-05-08,2025-05-08,false
TNP-00030,TNP-00043,written_question_cosignature,ARP-2023,1,0.111111,10060,,10,1,2025-11-22,2025-11-22,false
TNP-00030,TNP-00053,written_question_cosignature,ARP-2023,1,0.028571,9296,,36,1,2025-05-08,2025-05-08,false
TNP-00030,TNP-00059,written_question_cosignature,ARP-2023,1,0.028571,9296,,36,1,2025-05-08,2025-05-08,false
TNP-00030,TNP-00067,written_question_cosignature,ARP-2023,1,0.028571,9296,,36,1,2025-05-08,2025-05-08,false
TNP-00030,TNP-00072,written_question_cosignature,ARP-2023,1,0.028571,9296,,36,1,2025-05-08,2025-05-08,false
TNP-00030,TNP-00074,written_question_cosignature,ARP-2023,1,0.111111,10060,,10,1,2025-11-22,2025-11-22,false
TNP-00030,TNP-00078,written_question_cosignature,ARP-2023,1,0.028571,9296,,36,1,2025-05-08,2025-05-08,false
TNP-00030,TNP-00084,written_question_cosignature,ARP-2023,1,0.028571,9296,,36,1,2025-05-08,2025-05-08,false
TNP-00030,TNP-00086,written_question_cosignature,ARP-2023,1,0.028571,9296,,36,1,2025-05-08,2025-05-08,false
TNP-00030,TNP-00089,written_question_cosignature,ARP-2023,1,0.028571,9296,,36,1,2025-05-08,2025-05-08,false
TNP-00030,TNP-00091,written_question_cosignature,ARP-2023,1,0.028571,9296,,36,1,2025-05-08,2025-05-08,false
TNP-00030,TNP-00092,written_question_cosignature,ARP-2023,1,0.028571,9296,,36,1,2025-05-08,2025-05-08,false
TNP-00030,TNP-00096,written_question_cosignature,ARP-2023,1,0.028571,9296,,36,1,2025-05-08,2025-05-08,false
TNP-00030,TNP-00112,written_question_cosignature,ARP-2023,1,0.028571,9296,,36,1,2025-05-08,2025-05-08,false
TNP-00030,TNP-00115,written_question_cosignature,ARP-2023,1,0.028571,9296,,36,1,2025-05-08,2025-05-08,false
TNP-00030,TNP-00116,written_question_cosignature,ARP-2023,1,0.028571,9296,,36,1,2025-05-08,2025-05-08,false
TNP-00030,TNP-00124,written_question_cosignature,ARP-2023,1,0.111111,10060,,10,1,2025-11-22,2025-11-22,false
TNP-00030,TNP-00129,written_question_cosignature,ARP-2023,1,0.028571,9296,,36,1,2025-05-08,2025-05-08,false
TNP-00030,TNP-00131,written_question_cosignature,ARP-2023,1,0.028571,9296,,36,1,2025-05-08,2025-05-08,false
TNP-00030,TNP-00132,written_question_cosignature,ARP-2023,1,0.028571,9296,,36,1,2025-05-08,2025-05-08,false
TNP-00030,TNP-00135,written_question_cosignature,ARP-2023,1,0.028571,9296,,36,1,2025-05-08,2025-05-08,false
TNP-00030,TNP-00139,written_question_cosignature,ARP-2023,1,0.028571,9296,,36,1,2025-05-08,2025-05-08,false
TNP-00030,TNP-00145,written_question_cosignature,ARP-2023,1,0.111111,10060,,10,1,2025-11-22,2025-11-22,false
TNP-00030,TNP-00152,written_question_cosignature,ARP-2023,1,0.028571,9296,,36,1,2025-05-08,2025-05-08,false
TNP-00030,TNP-00154,written_question_cosignature,ARP-2023,1,0.028571,9296,,36,1,2025-05-08,2025-05-08,false
TNP-00031,TNP-00032,written_question_cosignature,ARP-2023,1,0.052632,10325,,20,1,2026-02-11,2026-02-11,false
TNP-00031,TNP-00035,written_question_cosignature,ARP-2023,1,0.05,9670,,21,1,2025-07-21,2025-07-21,false
TNP-00031,TNP-00064,written_question_cosignature,ARP-2023,1,0.05,9670,,21,1,2025-07-21,2025-07-21,false
TNP-00031,TNP-00066,written_question_cosignature,ARP-2023,1,0.052632,10325,,20,1,2026-02-11,2026-02-11,false
TNP-00031,TNP-00069,written_question_cosignature,ARP-2023,1,0.052632,10325,,20,1,2026-02-11,2026-02-11,false
TNP-00031,TNP-00082,written_question_cosignature,ARP-2023,1,0.052632,10325,,20,1,2026-02-11,2026-02-11,false
TNP-00031,TNP-00086,written_question_cosignature,ARP-2023,1,0.05,9670,,21,1,2025-07-21,2025-07-21,false
TNP-00031,TNP-00089,written_question_cosignature,ARP-2023,1,0.05,9670,,21,1,2025-07-21,2025-07-21,false
TNP-00031,TNP-00096,written_question_cosignature,ARP-2023,1,0.05,9670,,21,1,2025-07-21,2025-07-21,false
TNP-00031,TNP-00129,written_question_cosignature,ARP-2023,1,0.052632,10325,,20,1,2026-02-11,2026-02-11,false
TNP-00031,TNP-00130,written_question_cosignature,ARP-2023,1,0.05,9670,,21,1,2025-07-21,2025-07-21,false
TNP-00031,TNP-00131,written_question_cosignature,ARP-2023,1,0.052632,10325,,20,1,2026-02-11,2026-02-11,false
TNP-00031,TNP-00132,written_question_cosignature,ARP-2023,1,0.052632,10325,,20,1,2026-02-11,2026-02-11,false
TNP-00031,TNP-00137,written_question_cosignature,ARP-2023,1,0.052632,10325,,20,1,2026-02-11,2026-02-11,false
TNP-00031,TNP-00151,written_question_cosignature,ARP-2023,1,0.052632,10325,,20,1,2026-02-11,2026-02-11,false
TNP-00031,TNP-00152,written_question_cosignature,ARP-2023,1,0.05,9670,,21,1,2025-07-21,2025-07-21,false
TNP-00032,TNP-00033,written_question_cosignature,ARP-2023,1,0.052632,10325,,20,1,2026-02-11,2026-02-11,false
TNP-00032,TNP-00063,written_question_cosignature,ARP-2023,1,0.2,9484,,6,1,2025-05-13,2025-05-13,false
TNP-00032,TNP-00066,written_question_cosignature,ARP-2023,1,0.052632,10325,,20,1,2026-02-11,2026-02-11,false
TNP-00032,TNP-00069,written_question_cosignature,ARP-2023,1,0.052632,10325,,20,1,2026-02-11,2026-02-11,false
TNP-00032,TNP-00080,written_question_cosignature,ARP-2023,1,0.052632,10325,,20,1,2026-02-11,2026-02-11,false
TNP-00032,TNP-00082,written_question_cosignature,ARP-2023,1,0.052632,10325,,20,1,2026-02-11,2026-02-11,false
TNP-00032,TNP-00088,written_question_cosignature,ARP-2023,1,0.2,9484,,6,1,2025-05-13,2025-05-13,false
TNP-00032,TNP-00095,written_question_cosignature,ARP-2023,1,0.2,9484,,6,1,2025-05-13,2025-05-13,false
TNP-00032,TNP-00129,written_question_cosignature,ARP-2023,1,0.052632,10325,,20,1,2026-02-11,2026-02-11,false
TNP-00032,TNP-00131,written_question_cosignature,ARP-2023,1,0.052632,10325,,20,1,2026-02-11,2026-02-11,false
TNP-00032,TNP-00132,written_question_cosignature,ARP-2023,1,0.052632,10325,,20,1,2026-02-11,2026-02-11,false
TNP-00032,TNP-00135,written_question_cosignature,ARP-2023,1,0.052632,10325,,20,1,2026-02-11,2026-02-11,false
TNP-00032,TNP-00136,written_question_cosignature,ARP-2023,1,0.2,9484,,6,1,2025-05-13,2025-05-13,false
TNP-00032,TNP-00137,written_question_cosignature,ARP-2023,1,0.052632,10325,,20,1,2026-02-11,2026-02-11,false
TNP-00032,TNP-00144,written_question_cosignature,ARP-2023,1,0.052632,10325,,20,1,2026-02-11,2026-02-11,false
TNP-00032,TNP-00150,written_question_cosignature,ARP-2023,1,0.052632,10325,,20,1,2026-02-11,2026-02-11,false
TNP-00032,TNP-00151,written_question_cosignature,ARP-2023,1,0.052632,10325,,20,1,2026-02-11,2026-02-11,false
TNP-00033,TNP-00035,written_question_cosignature,ARP-2023,1,0.05,9670,,21,1,2025-07-21,2025-07-21,false
TNP-00033,TNP-00064,written_question_cosignature,ARP-2023,1,0.05,9670,,21,1,2025-07-21,2025-07-21,false
TNP-00033,TNP-00066,written_question_cosignature,ARP-2023,1,0.052632,10325,,20,1,2026-02-11,2026-02-11,false
TNP-00033,TNP-00067,written_question_cosignature,ARP-2023,1,0.05,9670,,21,1,2025-07-21,2025-07-21,false
TNP-00033,TNP-00068,written_question_cosignature,ARP-2023,1,0.2,10472,,6,1,2025-12-10,2025-12-10,false
TNP-00033,TNP-00069,written_question_cosignature,ARP-2023,1,0.052632,10325,,20,1,2026-02-11,2026-02-11,false
TNP-00033,TNP-00082,written_question_cosignature,ARP-2023,1,0.052632,10325,,20,1,2026-02-11,2026-02-11,false
TNP-00033,TNP-00086,written_question_cosignature,ARP-2023,1,0.05,9670,,21,1,2025-07-21,2025-07-21,false
TNP-00033,TNP-00088,written_question_cosignature,ARP-2023,1,0.2,10472,,6,1,2025-12-10,2025-12-10,false
TNP-00033,TNP-00096,written_question_cosignature,ARP-2023,1,0.05,9670,,21,1,2025-07-21,2025-07-21,false
TNP-00033,TNP-00113,written_question_cosignature,ARP-2023,1,0.05,9670,,21,1,2025-07-21,2025-07-21,false
TNP-00033,TNP-00129,written_question_cosignature,ARP-2023,1,0.052632,10325,,20,1,2026-02-11,2026-02-11,false
TNP-00033,TNP-00132,written_question_cosignature,ARP-2023,1,0.052632,10325,,20,1,2026-02-11,2026-02-11,false
TNP-00033,TNP-00137,written_question_cosignature,ARP-2023,1,0.052632,10325,,20,1,2026-02-11,2026-02-11,false
TNP-00033,TNP-00151,written_question_cosignature,ARP-2023,1,0.052632,10325,,20,1,2026-02-11,2026-02-11,false
TNP-00033,TNP-00152,written_question_cosignature,ARP-2023,1,0.05,9670,,21,1,2025-07-21,2025-07-21,false
TNP-00034,TNP-00078,written_question_cosignature,ARP-2023,1,0.5,9611,,3,1,2025-06-20,2025-06-20,false
TNP-00034,TNP-00100,written_question_cosignature,ARP-2023,1,0.5,9611,,3,1,2025-06-20,2025-06-20,false
TNP-00035,TNP-00039,written_question_cosignature,ARP-2023,1,0.2,10347,,6,1,2026-02-11,2026-02-11,false
TNP-00035,TNP-00067,written_question_cosignature,ARP-2023,1,0.05,9670,,21,1,2025-07-21,2025-07-21,false
TNP-00035,TNP-00076,written_question_cosignature,ARP-2023,1,0.2,10347,,6,1,2026-02-11,2026-02-11,false
TNP-00035,TNP-00080,written_question_cosignature,ARP-2023,1,0.05,9670,,21,1,2025-07-21,2025-07-21,false
TNP-00035,TNP-00086,written_question_cosignature,ARP-2023,1,0.05,9670,,21,1,2025-07-21,2025-07-21,false
TNP-00035,TNP-00089,written_question_cosignature,ARP-2023,1,0.05,9670,,21,1,2025-07-21,2025-07-21,false
TNP-00035,TNP-00096,written_question_cosignature,ARP-2023,1,0.05,9670,,21,1,2025-07-21,2025-07-21,false
TNP-00035,TNP-00113,written_question_cosignature,ARP-2023,1,0.05,9670,,21,1,2025-07-21,2025-07-21,false
TNP-00035,TNP-00121,written_question_cosignature,ARP-2023,1,0.2,10347,,6,1,2026-02-11,2026-02-11,false
TNP-00035,TNP-00126,written_question_cosignature,ARP-2023,1,0.2,10347,,6,1,2026-02-11,2026-02-11,false
TNP-00035,TNP-00130,written_question_cosignature,ARP-2023,1,0.05,9670,,21,1,2025-07-21,2025-07-21,false
TNP-00035,TNP-00135,written_question_cosignature,ARP-2023,1,0.05,9670,,21,1,2025-07-21,2025-07-21,false
TNP-00035,TNP-00144,written_question_cosignature,ARP-2023,1,0.05,9670,,21,1,2025-07-21,2025-07-21,false
TNP-00035,TNP-00150,written_question_cosignature,ARP-2023,1,0.05,9670,,21,1,2025-07-21,2025-07-21,false
TNP-00035,TNP-00152,written_question_cosignature,ARP-2023,1,0.05,9670,,21,1,2025-07-21,2025-07-21,false
TNP-00036,TNP-00041,written_question_cosignature,ARP-2023,1,0.038462,9406,,27,1,2025-04-15,2025-04-15,false
TNP-00036,TNP-00048,written_question_cosignature,ARP-2023,1,0.038462,9406,,27,1,2025-04-15,2025-04-15,false
TNP-00036,TNP-00051,written_question_cosignature,ARP-2023,1,0.038462,9406,,27,1,2025-04-15,2025-04-15,false
TNP-00036,TNP-00054,written_question_cosignature,ARP-2023,1,0.038462,9406,,27,1,2025-04-15,2025-04-15,false
TNP-00036,TNP-00057,written_question_cosignature,ARP-2023,1,0.038462,9406,,27,1,2025-04-15,2025-04-15,false
TNP-00036,TNP-00070,written_question_cosignature,ARP-2023,1,0.038462,9406,,27,1,2025-04-15,2025-04-15,false
TNP-00036,TNP-00071,written_question_cosignature,ARP-2023,1,0.038462,9406,,27,1,2025-04-15,2025-04-15,false
TNP-00036,TNP-00074,written_question_cosignature,ARP-2023,1,0.038462,9406,,27,1,2025-04-15,2025-04-15,false
TNP-00036,TNP-00079,written_question_cosignature,ARP-2023,1,0.038462,9406,,27,1,2025-04-15,2025-04-15,false
TNP-00036,TNP-00090,written_question_cosignature,ARP-2023,1,0.038462,9406,,27,1,2025-04-15,2025-04-15,false
TNP-00036,TNP-00091,written_question_cosignature,ARP-2023,1,0.038462,9406,,27,1,2025-04-15,2025-04-15,false
TNP-00036,TNP-00092,written_question_cosignature,ARP-2023,1,0.038462,9406,,27,1,2025-04-15,2025-04-15,false
TNP-00036,TNP-00095,written_question_cosignature,ARP-2023,1,0.038462,9406,,27,1,2025-04-15,2025-04-15,false
TNP-00036,TNP-00101,written_question_cosignature,ARP-2023,1,0.038462,9406,,27,1,2025-04-15,2025-04-15,false
TNP-00036,TNP-00102,written_question_cosignature,ARP-2023,1,0.038462,9406,,27,1,2025-04-15,2025-04-15,false
TNP-00036,TNP-00103,written_question_cosignature,ARP-2023,1,0.038462,9406,,27,1,2025-04-15,2025-04-15,false
TNP-00036,TNP-00108,written_question_cosignature,ARP-2023,1,0.038462,9406,,27,1,2025-04-15,2025-04-15,false
TNP-00036,TNP-00114,written_question_cosignature,ARP-2023,1,0.038462,9406,,27,1,2025-04-15,2025-04-15,false
TNP-00036,TNP-00117,written_question_cosignature,ARP-2023,1,0.038462,9406,,27,1,2025-04-15,2025-04-15,false
TNP-00036,TNP-00125,written_question_cosignature,ARP-2023,1,0.038462,9406,,27,1,2025-04-15,2025-04-15,false
TNP-00036,TNP-00151,written_question_cosignature,ARP-2023,1,0.038462,9406,,27,1,2025-04-15,2025-04-15,false
TNP-00038,TNP-00053,written_question_cosignature,ARP-2023,1,0.028571,9296,,36,1,2025-05-08,2025-05-08,false
TNP-00038,TNP-00059,written_question_cosignature,ARP-2023,1,0.028571,9296,,36,1,2025-05-08,2025-05-08,false
TNP-00038,TNP-00062,written_question_cosignature,ARP-2023,1,0.028571,9296,,36,1,2025-05-08,2025-05-08,false
TNP-00038,TNP-00065,written_question_cosignature,ARP-2023,1,0.028571,9296,,36,1,2025-05-08,2025-05-08,false
TNP-00038,TNP-00067,written_question_cosignature,ARP-2023,1,0.028571,9296,,36,1,2025-05-08,2025-05-08,false
TNP-00038,TNP-00070,written_question_cosignature,ARP-2023,1,0.047619,9782,,22,1,2025-07-24,2025-07-24,false
TNP-00038,TNP-00072,written_question_cosignature,ARP-2023,1,0.028571,9296,,36,1,2025-05-08,2025-05-08,false
TNP-00038,TNP-00078,written_question_cosignature,ARP-2023,1,0.028571,9296,,36,1,2025-05-08,2025-05-08,false
TNP-00038,TNP-00079,written_question_cosignature,ARP-2023,1,0.047619,9782,,22,1,2025-07-24,2025-07-24,false
TNP-00038,TNP-00080,written_question_cosignature,ARP-2023,1,0.047619,9782,,22,1,2025-07-24,2025-07-24,false
TNP-00038,TNP-00084,written_question_cosignature,ARP-2023,1,0.028571,9296,,36,1,2025-05-08,2025-05-08,false
TNP-00038,TNP-00086,written_question_cosignature,ARP-2023,1,0.028571,9296,,36,1,2025-05-08,2025-05-08,false
TNP-00038,TNP-00089,written_question_cosignature,ARP-2023,1,0.028571,9296,,36,1,2025-05-08,2025-05-08,false
TNP-00038,TNP-00091,written_question_cosignature,ARP-2023,1,0.028571,9296,,36,1,2025-05-08,2025-05-08,false
TNP-00038,TNP-00092,written_question_cosignature,ARP-2023,1,0.028571,9296,,36,1,2025-05-08,2025-05-08,false
TNP-00038,TNP-00108,written_question_cosignature,ARP-2023,1,0.047619,9782,,22,1,2025-07-24,2025-07-24,false
TNP-00038,TNP-00110,written_question_cosignature,ARP-2023,1,0.047619,9782,,22,1,2025-07-24,2025-07-24,false
TNP-00038,TNP-00112,written_question_cosignature,ARP-2023,1,0.028571,9296,,36,1,2025-05-08,2025-05-08,false
TNP-00038,TNP-00113,written_question_cosignature,ARP-2023,1,0.047619,9782,,22,1,2025-07-24,2025-07-24,false
TNP-00038,TNP-00114,written_question_cosignature,ARP-2023,1,0.047619,9782,,22,1,2025-07-24,2025-07-24,false
TNP-00038,TNP-00115,written_question_cosignature,ARP-2023,1,0.028571,9296,,36,1,2025-05-08,2025-05-08,false
TNP-00038,TNP-00120,written_question_cosignature,ARP-2023,1,0.028571,9296,,36,1,2025-05-08,2025-05-08,false
TNP-00038,TNP-00126,written_question_cosignature,ARP-2023,1,0.047619,9782,,22,1,2025-07-24,2025-07-24,false
TNP-00038,TNP-00129,written_question_cosignature,ARP-2023,1,0.028571,9296,,36,1,2025-05-08,2025-05-08,false
TNP-00038,TNP-00131,written_question_cosignature,ARP-2023,1,0.028571,9296,,36,1,2025-05-08,2025-05-08,false
TNP-00038,TNP-00132,written_question_cosignature,ARP-2023,1,0.028571,9296,,36,1,2025-05-08,2025-05-08,false
TNP-00038,TNP-00135,written_question_cosignature,ARP-2023,1,0.028571,9296,,36,1,2025-05-08,2025-05-08,false
TNP-00038,TNP-00140,written_question_cosignature,ARP-2023,1,0.047619,9782,,22,1,2025-07-24,2025-07-24,false
TNP-00038,TNP-00151,written_question_cosignature,ARP-2023,1,0.047619,9782,,22,1,2025-07-24,2025-07-24,false
TNP-00038,TNP-00152,written_question_cosignature,ARP-2023,1,0.028571,9296,,36,1,2025-05-08,2025-05-08,false
TNP-00039,TNP-00064,written_question_cosignature,ARP-2023,1,0.2,10347,,6,1,2026-02-11,2026-02-11,false
TNP-00039,TNP-00076,written_question_cosignature,ARP-2023,1,0.2,10347,,6,1,2026-02-11,2026-02-11,false
TNP-00039,TNP-00121,written_question_cosignature,ARP-2023,1,0.2,10347,,6,1,2026-02-11,2026-02-11,false
TNP-00039,TNP-00126,written_question_cosignature,ARP-2023,1,0.2,10347,,6,1,2026-02-11,2026-02-11,false
TNP-00041,TNP-00048,written_question_cosignature,ARP-2023,1,0.038462,9406,,27,1,2025-04-15,2025-04-15,false
TNP-00041,TNP-00051,written_question_cosignature,ARP-2023,1,0.038462,9406,,27,1,2025-04-15,2025-04-15,false
TNP-00041,TNP-00054,written_question_cosignature,ARP-2023,1,0.038462,9406,,27,1,2025-04-15,2025-04-15,false
TNP-00041,TNP-00057,written_question_cosignature,ARP-2023,1,0.038462,9406,,27,1,2025-04-15,2025-04-15,false
TNP-00041,TNP-00070,written_question_cosignature,ARP-2023,1,0.038462,9406,,27,1,2025-04-15,2025-04-15,false
TNP-00041,TNP-00071,written_question_cosignature,ARP-2023,1,0.038462,9406,,27,1,2025-04-15,2025-04-15,false
TNP-00041,TNP-00074,written_question_cosignature,ARP-2023,1,0.038462,9406,,27,1,2025-04-15,2025-04-15,false
TNP-00041,TNP-00079,written_question_cosignature,ARP-2023,1,0.038462,9406,,27,1,2025-04-15,2025-04-15,false
TNP-00041,TNP-00090,written_question_cosignature,ARP-2023,1,0.038462,9406,,27,1,2025-04-15,2025-04-15,false
TNP-00041,TNP-00091,written_question_cosignature,ARP-2023,1,0.038462,9406,,27,1,2025-04-15,2025-04-15,false
TNP-00041,TNP-00092,written_question_cosignature,ARP-2023,1,0.038462,9406,,27,1,2025-04-15,2025-04-15,false
TNP-00041,TNP-00095,written_question_cosignature,ARP-2023,1,0.038462,9406,,27,1,2025-04-15,2025-04-15,false
TNP-00041,TNP-00101,written_question_cosignature,ARP-2023,1,0.038462,9406,,27,1,2025-04-15,2025-04-15,false
TNP-00041,TNP-00102,written_question_cosignature,ARP-2023,1,0.038462,9406,,27,1,2025-04-15,2025-04-15,false
TNP-00041,TNP-00103,written_question_cosignature,ARP-2023,1,0.038462,9406,,27,1,2025-04-15,2025-04-15,false
TNP-00041,TNP-00108,written_question_cosignature,ARP-2023,1,0.038462,9406,,27,1,2025-04-15,2025-04-15,false
TNP-00041,TNP-00114,written_question_cosignature,ARP-2023,1,0.038462,9406,,27,1,2025-04-15,2025-04-15,false
TNP-00041,TNP-00117,written_question_cosignature,ARP-2023,1,0.038462,9406,,27,1,2025-04-15,2025-04-15,false
TNP-00041,TNP-00125,written_question_cosignature,ARP-2023,1,0.038462,9406,,27,1,2025-04-15,2025-04-15,false
TNP-00041,TNP-00151,written_question_cosignature,ARP-2023,1,0.038462,9406,,27,1,2025-04-15,2025-04-15,false
TNP-00043,TNP-00074,written_question_cosignature,ARP-2023,1,0.111111,10060,,10,1,2025-11-22,2025-11-22,false
TNP-00043,TNP-00102,written_question_cosignature,ARP-2023,1,0.111111,10060,,10,1,2025-11-22,2025-11-22,false
TNP-00043,TNP-00124,written_question_cosignature,ARP-2023,1,0.111111,10060,,10,1,2025-11-22,2025-11-22,false
TNP-00043,TNP-00145,written_question_cosignature,ARP-2023,1,0.111111,10060,,10,1,2025-11-22,2025-11-22,false
TNP-00048,TNP-00051,written_question_cosignature,ARP-2023,1,0.038462,9406,,27,1,2025-04-15,2025-04-15,false
TNP-00048,TNP-00054,written_question_cosignature,ARP-2023,1,0.038462,9406,,27,1,2025-04-15,2025-04-15,false
TNP-00048,TNP-00057,written_question_cosignature,ARP-2023,1,0.038462,9406,,27,1,2025-04-15,2025-04-15,false
TNP-00048,TNP-00070,written_question_cosignature,ARP-2023,1,0.038462,9406,,27,1,2025-04-15,2025-04-15,false
TNP-00048,TNP-00071,written_question_cosignature,ARP-2023,1,0.038462,9406,,27,1,2025-04-15,2025-04-15,false
TNP-00048,TNP-00074,written_question_cosignature,ARP-2023,1,0.038462,9406,,27,1,2025-04-15,2025-04-15,false
TNP-00048,TNP-00079,written_question_cosignature,ARP-2023,1,0.038462,9406,,27,1,2025-04-15,2025-04-15,false
TNP-00048,TNP-00090,written_question_cosignature,ARP-2023,1,0.038462,9406,,27,1,2025-04-15,2025-04-15,false
TNP-00048,TNP-00091,written_question_cosignature,ARP-2023,1,0.038462,9406,,27,1,2025-04-15,2025-04-15,false
TNP-00048,TNP-00092,written_question_cosignature,ARP-2023,1,0.038462,9406,,27,1,2025-04-15,2025-04-15,false
TNP-00048,TNP-00095,written_question_cosignature,ARP-2023,1,0.038462,9406,,27,1,2025-04-15,2025-04-15,false
TNP-00048,TNP-00101,written_question_cosignature,ARP-2023,1,0.038462,9406,,27,1,2025-04-15,2025-04-15,false
TNP-00048,TNP-00102,written_question_cosignature,ARP-2023,1,0.038462,9406,,27,1,2025-04-15,2025-04-15,false
TNP-00048,TNP-00103,written_question_cosignature,ARP-2023,1,0.038462,9406,,27,1,2025-04-15,2025-04-15,false
TNP-00048,TNP-00108,written_question_cosignature,ARP-2023,1,0.038462,9406,,27,1,2025-04-15,2025-04-15,false
TNP-00048,TNP-00114,written_question_cosignature,ARP-2023,1,0.038462,9406,,27,1,2025-04-15,2025-04-15,false
TNP-00048,TNP-00117,written_question_cosignature,ARP-2023,1,0.038462,9406,,27,1,2025-04-15,2025-04-15,false
TNP-00048,TNP-00125,written_question_cosignature,ARP-2023,1,0.038462,9406,,27,1,2025-04-15,2025-04-15,false
TNP-00048,TNP-00151,written_question_cosignature,ARP-2023,1,0.038462,9406,,27,1,2025-04-15,2025-04-15,false
TNP-00049,TNP-00137,written_question_cosignature,ARP-2023,1,0.5,9639,,3,1,2025-07-14,2025-07-14,false
TNP-00049,TNP-00149,written_question_cosignature,ARP-2023,1,0.5,9639,,3,1,2025-07-14,2025-07-14,false
TNP-00051,TNP-00057,written_question_cosignature,ARP-2023,1,0.038462,9406,,27,1,2025-04-15,2025-04-15,false
TNP-00051,TNP-00070,written_question_cosignature,ARP-2023,1,0.038462,9406,,27,1,2025-04-15,2025-04-15,false
TNP-00051,TNP-00074,written_question_cosignature,ARP-2023,1,0.038462,9406,,27,1,2025-04-15,2025-04-15,false
TNP-00051,TNP-00079,written_question_cosignature,ARP-2023,1,0.038462,9406,,27,1,2025-04-15,2025-04-15,false
TNP-00051,TNP-00090,written_question_cosignature,ARP-2023,1,0.038462,9406,,27,1,2025-04-15,2025-04-15,false
TNP-00051,TNP-00091,written_question_cosignature,ARP-2023,1,0.038462,9406,,27,1,2025-04-15,2025-04-15,false
TNP-00051,TNP-00092,written_question_cosignature,ARP-2023,1,0.038462,9406,,27,1,2025-04-15,2025-04-15,false
TNP-00051,TNP-00095,written_question_cosignature,ARP-2023,1,0.038462,9406,,27,1,2025-04-15,2025-04-15,false
TNP-00051,TNP-00103,written_question_cosignature,ARP-2023,1,0.038462,9406,,27,1,2025-04-15,2025-04-15,false
TNP-00051,TNP-00108,written_question_cosignature,ARP-2023,1,0.038462,9406,,27,1,2025-04-15,2025-04-15,false
TNP-00051,TNP-00114,written_question_cosignature,ARP-2023,1,0.038462,9406,,27,1,2025-04-15,2025-04-15,false
TNP-00051,TNP-00117,written_question_cosignature,ARP-2023,1,0.038462,9406,,27,1,2025-04-15,2025-04-15,false
TNP-00051,TNP-00151,written_question_cosignature,ARP-2023,1,0.038462,9406,,27,1,2025-04-15,2025-04-15,false
TNP-00053,TNP-00059,written_question_cosignature,ARP-2023,1,0.028571,9296,,36,1,2025-05-08,2025-05-08,false
TNP-00053,TNP-00062,written_question_cosignature,ARP-2023,1,0.028571,9296,,36,1,2025-05-08,2025-05-08,false
TNP-00053,TNP-00065,written_question_cosignature,ARP-2023,1,0.028571,9296,,36,1,2025-05-08,2025-05-08,false
TNP-00053,TNP-00067,written_question_cosignature,ARP-2023,1,0.028571,9296,,36,1,2025-05-08,2025-05-08,false
TNP-00053,TNP-00072,written_question_cosignature,ARP-2023,1,0.028571,9296,,36,1,2025-05-08,2025-05-08,false
TNP-00053,TNP-00078,written_question_cosignature,ARP-2023,1,0.028571,9296,,36,1,2025-05-08,2025-05-08,false
TNP-00053,TNP-00084,written_question_cosignature,ARP-2023,1,0.028571,9296,,36,1,2025-05-08,2025-05-08,false
TNP-00053,TNP-00086,written_question_cosignature,ARP-2023,1,0.028571,9296,,36,1,2025-05-08,2025-05-08,false
TNP-00053,TNP-00088,written_question_cosignature,ARP-2023,1,0.028571,9296,,36,1,2025-05-08,2025-05-08,false
TNP-00053,TNP-00089,written_question_cosignature,ARP-2023,1,0.028571,9296,,36,1,2025-05-08,2025-05-08,false
TNP-00053,TNP-00091,written_question_cosignature,ARP-2023,1,0.028571,9296,,36,1,2025-05-08,2025-05-08,false
TNP-00053,TNP-00092,written_question_cosignature,ARP-2023,1,0.028571,9296,,36,1,2025-05-08,2025-05-08,false
TNP-00053,TNP-00096,written_question_cosignature,ARP-2023,1,0.028571,9296,,36,1,2025-05-08,2025-05-08,false
TNP-00053,TNP-00112,written_question_cosignature,ARP-2023,1,0.028571,9296,,36,1,2025-05-08,2025-05-08,false
TNP-00053,TNP-00115,written_question_cosignature,ARP-2023,1,0.028571,9296,,36,1,2025-05-08,2025-05-08,false
TNP-00053,TNP-00116,written_question_cosignature,ARP-2023,1,0.028571,9296,,36,1,2025-05-08,2025-05-08,false
TNP-00053,TNP-00120,written_question_cosignature,ARP-2023,1,0.028571,9296,,36,1,2025-05-08,2025-05-08,false
TNP-00053,TNP-00129,written_question_cosignature,ARP-2023,1,0.028571,9296,,36,1,2025-05-08,2025-05-08,false
TNP-00053,TNP-00131,written_question_cosignature,ARP-2023,1,0.028571,9296,,36,1,2025-05-08,2025-05-08,false
TNP-00053,TNP-00132,written_question_cosignature,ARP-2023,1,0.028571,9296,,36,1,2025-05-08,2025-05-08,false
TNP-00053,TNP-00135,written_question_cosignature,ARP-2023,1,0.028571,9296,,36,1,2025-05-08,2025-05-08,false
TNP-00053,TNP-00139,written_question_cosignature,ARP-2023,1,0.028571,9296,,36,1,2025-05-08,2025-05-08,false
TNP-00053,TNP-00152,written_question_cosignature,ARP-2023,1,0.028571,9296,,36,1,2025-05-08,2025-05-08,false
TNP-00053,TNP-00154,written_question_cosignature,ARP-2023,1,0.028571,9296,,36,1,2025-05-08,2025-05-08,false
TNP-00054,TNP-00057,written_question_cosignature,ARP-2023,1,0.038462,9406,,27,1,2025-04-15,2025-04-15,false
TNP-00054,TNP-00070,written_question_cosignature,ARP-2023,1,0.038462,9406,,27,1,2025-04-15,2025-04-15,false
TNP-00054,TNP-00074,written_question_cosignature,ARP-2023,1,0.038462,9406,,27,1,2025-04-15,2025-04-15,false
TNP-00054,TNP-00079,written_question_cosignature,ARP-2023,1,0.038462,9406,,27,1,2025-04-15,2025-04-15,false
TNP-00054,TNP-00090,written_question_cosignature,ARP-2023,1,0.038462,9406,,27,1,2025-04-15,2025-04-15,false
TNP-00054,TNP-00091,written_question_cosignature,ARP-2023,1,0.038462,9406,,27,1,2025-04-15,2025-04-15,false
TNP-00054,TNP-00092,written_question_cosignature,ARP-2023,1,0.038462,9406,,27,1,2025-04-15,2025-04-15,false
TNP-00054,TNP-00095,written_question_cosignature,ARP-2023,1,0.038462,9406,,27,1,2025-04-15,2025-04-15,false
TNP-00054,TNP-00103,written_question_cosignature,ARP-2023,1,0.038462,9406,,27,1,2025-04-15,2025-04-15,false
TNP-00054,TNP-00108,written_question_cosignature,ARP-2023,1,0.038462,9406,,27,1,2025-04-15,2025-04-15,false
TNP-00054,TNP-00114,written_question_cosignature,ARP-2023,1,0.038462,9406,,27,1,2025-04-15,2025-04-15,false
TNP-00054,TNP-00117,written_question_cosignature,ARP-2023,1,0.038462,9406,,27,1,2025-04-15,2025-04-15,false
TNP-00054,TNP-00151,written_question_cosignature,ARP-2023,1,0.038462,9406,,27,1,2025-04-15,2025-04-15,false
TNP-00057,TNP-00070,written_question_cosignature,ARP-2023,1,0.038462,9406,,27,1,2025-04-15,2025-04-15,false
TNP-00057,TNP-00071,written_question_cosignature,ARP-2023,1,0.038462,9406,,27,1,2025-04-15,2025-04-15,false
TNP-00057,TNP-00074,written_question_cosignature,ARP-2023,1,0.038462,9406,,27,1,2025-04-15,2025-04-15,false
TNP-00057,TNP-00079,written_question_cosignature,ARP-2023,1,0.038462,9406,,27,1,2025-04-15,2025-04-15,false
TNP-00057,TNP-00090,written_question_cosignature,ARP-2023,1,0.038462,9406,,27,1,2025-04-15,2025-04-15,false
TNP-00057,TNP-00091,written_question_cosignature,ARP-2023,1,0.038462,9406,,27,1,2025-04-15,2025-04-15,false
TNP-00057,TNP-00092,written_question_cosignature,ARP-2023,1,0.038462,9406,,27,1,2025-04-15,2025-04-15,false
TNP-00057,TNP-00095,written_question_cosignature,ARP-2023,1,0.038462,9406,,27,1,2025-04-15,2025-04-15,false
TNP-00057,TNP-00101,written_question_cosignature,ARP-2023,1,0.038462,9406,,27,1,2025-04-15,2025-04-15,false
TNP-00057,TNP-00102,written_question_cosignature,ARP-2023,1,0.038462,9406,,27,1,2025-04-15,2025-04-15,false
TNP-00057,TNP-00103,written_question_cosignature,ARP-2023,1,0.038462,9406,,27,1,2025-04-15,2025-04-15,false
TNP-00057,TNP-00108,written_question_cosignature,ARP-2023,1,0.038462,9406,,27,1,2025-04-15,2025-04-15,false
TNP-00057,TNP-00114,written_question_cosignature,ARP-2023,1,0.038462,9406,,27,1,2025-04-15,2025-04-15,false
TNP-00057,TNP-00117,written_question_cosignature,ARP-2023,1,0.038462,9406,,27,1,2025-04-15,2025-04-15,false
TNP-00057,TNP-00125,written_question_cosignature,ARP-2023,1,0.038462,9406,,27,1,2025-04-15,2025-04-15,false
TNP-00057,TNP-00151,written_question_cosignature,ARP-2023,1,0.038462,9406,,27,1,2025-04-15,2025-04-15,false
TNP-00058,TNP-00069,written_question_cosignature,ARP-2023,1,0.2,10709,,6,1,2026-02-11,2026-02-11,false
TNP-00058,TNP-00082,written_question_cosignature,ARP-2023,1,0.2,10709,,6,1,2026-02-11,2026-02-11,false
TNP-00058,TNP-00122,written_question_cosignature,ARP-2023,1,0.2,10709,,6,1,2026-02-11,2026-02-11,false
TNP-00059,TNP-00062,written_question_cosignature,ARP-2023,1,0.028571,9296,,36,1,2025-05-08,2025-05-08,false
TNP-00059,TNP-00065,written_question_cosignature,ARP-2023,1,0.028571,9296,,36,1,2025-05-08,2025-05-08,false
TNP-00059,TNP-00067,written_question_cosignature,ARP-2023,1,0.028571,9296,,36,1,2025-05-08,2025-05-08,false
TNP-00059,TNP-00072,written_question_cosignature,ARP-2023,1,0.028571,9296,,36,1,2025-05-08,2025-05-08,false
TNP-00059,TNP-00078,written_question_cosignature,ARP-2023,1,0.028571,9296,,36,1,2025-05-08,2025-05-08,false
TNP-00059,TNP-00084,written_question_cosignature,ARP-2023,1,0.028571,9296,,36,1,2025-05-08,2025-05-08,false
TNP-00059,TNP-00086,written_question_cosignature,ARP-2023,1,0.028571,9296,,36,1,2025-05-08,2025-05-08,false
TNP-00059,TNP-00088,written_question_cosignature,ARP-2023,1,0.028571,9296,,36,1,2025-05-08,2025-05-08,false
TNP-00059,TNP-00089,written_question_cosignature,ARP-2023,1,0.028571,9296,,36,1,2025-05-08,2025-05-08,false
TNP-00059,TNP-00091,written_question_cosignature,ARP-2023,1,0.028571,9296,,36,1,2025-05-08,2025-05-08,false
TNP-00059,TNP-00092,written_question_cosignature,ARP-2023,1,0.028571,9296,,36,1,2025-05-08,2025-05-08,false
TNP-00059,TNP-00096,written_question_cosignature,ARP-2023,1,0.028571,9296,,36,1,2025-05-08,2025-05-08,false
TNP-00059,TNP-00112,written_question_cosignature,ARP-2023,1,0.028571,9296,,36,1,2025-05-08,2025-05-08,false
TNP-00059,TNP-00115,written_question_cosignature,ARP-2023,1,0.028571,9296,,36,1,2025-05-08,2025-05-08,false
TNP-00059,TNP-00116,written_question_cosignature,ARP-2023,1,0.028571,9296,,36,1,2025-05-08,2025-05-08,false
TNP-00059,TNP-00120,written_question_cosignature,ARP-2023,1,0.028571,9296,,36,1,2025-05-08,2025-05-08,false
TNP-00059,TNP-00129,written_question_cosignature,ARP-2023,1,0.028571,9296,,36,1,2025-05-08,2025-05-08,false
TNP-00059,TNP-00131,written_question_cosignature,ARP-2023,1,0.028571,9296,,36,1,2025-05-08,2025-05-08,false
TNP-00059,TNP-00132,written_question_cosignature,ARP-2023,1,0.028571,9296,,36,1,2025-05-08,2025-05-08,false
TNP-00059,TNP-00135,written_question_cosignature,ARP-2023,1,0.028571,9296,,36,1,2025-05-08,2025-05-08,false
TNP-00059,TNP-00139,written_question_cosignature,ARP-2023,1,0.028571,9296,,36,1,2025-05-08,2025-05-08,false
TNP-00059,TNP-00152,written_question_cosignature,ARP-2023,1,0.028571,9296,,36,1,2025-05-08,2025-05-08,false
TNP-00059,TNP-00154,written_question_cosignature,ARP-2023,1,0.028571,9296,,36,1,2025-05-08,2025-05-08,false
TNP-00062,TNP-00067,written_question_cosignature,ARP-2023,1,0.028571,9296,,36,1,2025-05-08,2025-05-08,false
TNP-00062,TNP-00072,written_question_cosignature,ARP-2023,1,0.028571,9296,,36,1,2025-05-08,2025-05-08,false
TNP-00062,TNP-00078,written_question_cosignature,ARP-2023,1,0.028571,9296,,36,1,2025-05-08,2025-05-08,false
TNP-00062,TNP-00084,written_question_cosignature,ARP-2023,1,0.028571,9296,,36,1,2025-05-08,2025-05-08,false
TNP-00062,TNP-00086,written_question_cosignature,ARP-2023,1,0.028571,9296,,36,1,2025-05-08,2025-05-08,false
TNP-00062,TNP-00089,written_question_cosignature,ARP-2023,1,0.028571,9296,,36,1,2025-05-08,2025-05-08,false
TNP-00062,TNP-00091,written_question_cosignature,ARP-2023,1,0.028571,9296,,36,1,2025-05-08,2025-05-08,false
TNP-00062,TNP-00092,written_question_cosignature,ARP-2023,1,0.028571,9296,,36,1,2025-05-08,2025-05-08,false
TNP-00062,TNP-00096,written_question_cosignature,ARP-2023,1,0.028571,9296,,36,1,2025-05-08,2025-05-08,false
TNP-00062,TNP-00112,written_question_cosignature,ARP-2023,1,0.028571,9296,,36,1,2025-05-08,2025-05-08,false
TNP-00062,TNP-00115,written_question_cosignature,ARP-2023,1,0.028571,9296,,36,1,2025-05-08,2025-05-08,false
TNP-00062,TNP-00116,written_question_cosignature,ARP-2023,1,0.028571,9296,,36,1,2025-05-08,2025-05-08,false
TNP-00062,TNP-00129,written_question_cosignature,ARP-2023,1,0.028571,9296,,36,1,2025-05-08,2025-05-08,false
TNP-00062,TNP-00131,written_question_cosignature,ARP-2023,1,0.028571,9296,,36,1,2025-05-08,2025-05-08,false
TNP-00062,TNP-00132,written_question_cosignature,ARP-2023,1,0.028571,9296,,36,1,2025-05-08,2025-05-08,false
TNP-00062,TNP-00135,written_question_cosignature,ARP-2023,1,0.028571,9296,,36,1,2025-05-08,2025-05-08,false
TNP-00062,TNP-00139,written_question_cosignature,ARP-2023,1,0.028571,9296,,36,1,2025-05-08,2025-05-08,false
TNP-00062,TNP-00152,written_question_cosignature,ARP-2023,1,0.028571,9296,,36,1,2025-05-08,2025-05-08,false
TNP-00062,TNP-00154,written_question_cosignature,ARP-2023,1,0.028571,9296,,36,1,2025-05-08,2025-05-08,false
TNP-00063,TNP-00088,written_question_cosignature,ARP-2023,1,0.2,9484,,6,1,2025-05-13,2025-05-13,false
TNP-00063,TNP-00095,written_question_cosignature,ARP-2023,1,0.2,9484,,6,1,2025-05-13,2025-05-13,false
TNP-00063,TNP-00136,written_question_cosignature,ARP-2023,1,0.2,9484,,6,1,2025-05-13,2025-05-13,false
TNP-00064,TNP-00067,written_question_cosignature,ARP-2023,1,0.05,9670,,21,1,2025-07-21,2025-07-21,false
TNP-00064,TNP-00076,written_question_cosignature,ARP-2023,1,0.2,10347,,6,1,2026-02-11,2026-02-11,false
TNP-00064,TNP-00080,written_question_cosignature,ARP-2023,1,0.05,9670,,21,1,2025-07-21,2025-07-21,false
TNP-00064,TNP-00086,written_question_cosignature,ARP-2023,1,0.05,9670,,21,1,2025-07-21,2025-07-21,false
TNP-00064,TNP-00089,written_question_cosignature,ARP-2023,1,0.05,9670,,21,1,2025-07-21,2025-07-21,false
TNP-00064,TNP-00096,written_question_cosignature,ARP-2023,1,0.05,9670,,21,1,2025-07-21,2025-07-21,false
TNP-00064,TNP-00113,written_question_cosignature,ARP-2023,1,0.05,9670,,21,1,2025-07-21,2025-07-21,false
TNP-00064,TNP-00121,written_question_cosignature,ARP-2023,1,0.2,10347,,6,1,2026-02-11,2026-02-11,false
TNP-00064,TNP-00130,written_question_cosignature,ARP-2023,1,0.05,9670,,21,1,2025-07-21,2025-07-21,false
TNP-00064,TNP-00135,written_question_cosignature,ARP-2023,1,0.05,9670,,21,1,2025-07-21,2025-07-21,false
TNP-00064,TNP-00144,written_question_cosignature,ARP-2023,1,0.05,9670,,21,1,2025-07-21,2025-07-21,false
TNP-00064,TNP-00150,written_question_cosignature,ARP-2023,1,0.05,9670,,21,1,2025-07-21,2025-07-21,false
TNP-00064,TNP-00152,written_question_cosignature,ARP-2023,1,0.05,9670,,21,1,2025-07-21,2025-07-21,false
TNP-00065,TNP-00067,written_question_cosignature,ARP-2023,1,0.028571,9296,,36,1,2025-05-08,2025-05-08,false
TNP-00065,TNP-00072,written_question_cosignature,ARP-2023,1,0.028571,9296,,36,1,2025-05-08,2025-05-08,false
TNP-00065,TNP-00078,written_question_cosignature,ARP-2023,1,0.028571,9296,,36,1,2025-05-08,2025-05-08,false
TNP-00065,TNP-00084,written_question_cosignature,ARP-2023,1,0.028571,9296,,36,1,2025-05-08,2025-05-08,false
TNP-00065,TNP-00086,written_question_cosignature,ARP-2023,1,0.028571,9296,,36,1,2025-05-08,2025-05-08,false
TNP-00065,TNP-00089,written_question_cosignature,ARP-2023,1,0.028571,9296,,36,1,2025-05-08,2025-05-08,false
TNP-00065,TNP-00091,written_question_cosignature,ARP-2023,1,0.028571,9296,,36,1,2025-05-08,2025-05-08,false
TNP-00065,TNP-00092,written_question_cosignature,ARP-2023,1,0.028571,9296,,36,1,2025-05-08,2025-05-08,false
TNP-00065,TNP-00096,written_question_cosignature,ARP-2023,1,0.028571,9296,,36,1,2025-05-08,2025-05-08,false
TNP-00065,TNP-00112,written_question_cosignature,ARP-2023,1,0.028571,9296,,36,1,2025-05-08,2025-05-08,false
TNP-00065,TNP-00115,written_question_cosignature,ARP-2023,1,0.028571,9296,,36,1,2025-05-08,2025-05-08,false
TNP-00065,TNP-00116,written_question_cosignature,ARP-2023,1,0.028571,9296,,36,1,2025-05-08,2025-05-08,false
TNP-00065,TNP-00129,written_question_cosignature,ARP-2023,1,0.028571,9296,,36,1,2025-05-08,2025-05-08,false
TNP-00065,TNP-00131,written_question_cosignature,ARP-2023,1,0.028571,9296,,36,1,2025-05-08,2025-05-08,false
TNP-00065,TNP-00132,written_question_cosignature,ARP-2023,1,0.028571,9296,,36,1,2025-05-08,2025-05-08,false
TNP-00065,TNP-00135,written_question_cosignature,ARP-2023,1,0.028571,9296,,36,1,2025-05-08,2025-05-08,false
TNP-00065,TNP-00139,written_question_cosignature,ARP-2023,1,0.028571,9296,,36,1,2025-05-08,2025-05-08,false
TNP-00065,TNP-00152,written_question_cosignature,ARP-2023,1,0.028571,9296,,36,1,2025-05-08,2025-05-08,false
TNP-00065,TNP-00154,written_question_cosignature,ARP-2023,1,0.028571,9296,,36,1,2025-05-08,2025-05-08,false
TNP-00066,TNP-00069,written_question_cosignature,ARP-2023,1,0.052632,10325,,20,1,2026-02-11,2026-02-11,false
TNP-00066,TNP-00080,written_question_cosignature,ARP-2023,1,0.052632,10325,,20,1,2026-02-11,2026-02-11,false
TNP-00066,TNP-00082,written_question_cosignature,ARP-2023,1,0.052632,10325,,20,1,2026-02-11,2026-02-11,false
TNP-00066,TNP-00129,written_question_cosignature,ARP-2023,1,0.052632,10325,,20,1,2026-02-11,2026-02-11,false
TNP-00066,TNP-00131,written_question_cosignature,ARP-2023,1,0.052632,10325,,20,1,2026-02-11,2026-02-11,false
TNP-00066,TNP-00132,written_question_cosignature,ARP-2023,1,0.052632,10325,,20,1,2026-02-11,2026-02-11,false
TNP-00066,TNP-00135,written_question_cosignature,ARP-2023,1,0.052632,10325,,20,1,2026-02-11,2026-02-11,false
TNP-00066,TNP-00137,written_question_cosignature,ARP-2023,1,0.052632,10325,,20,1,2026-02-11,2026-02-11,false
TNP-00066,TNP-00144,written_question_cosignature,ARP-2023,1,0.052632,10325,,20,1,2026-02-11,2026-02-11,false
TNP-00066,TNP-00150,written_question_cosignature,ARP-2023,1,0.052632,10325,,20,1,2026-02-11,2026-02-11,false
TNP-00066,TNP-00151,written_question_cosignature,ARP-2023,1,0.052632,10325,,20,1,2026-02-11,2026-02-11,false
TNP-00067,TNP-00072,written_question_cosignature,ARP-2023,1,0.028571,9296,,36,1,2025-05-08,2025-05-08,false
TNP-00067,TNP-00078,written_question_cosignature,ARP-2023,1,0.028571,9296,,36,1,2025-05-08,2025-05-08,false
TNP-00067,TNP-00080,written_question_cosignature,ARP-2023,1,0.05,9670,,21,1,2025-07-21,2025-07-21,false
TNP-00067,TNP-00084,written_question_cosignature,ARP-2023,1,0.028571,9296,,36,1,2025-05-08,2025-05-08,false
TNP-00067,TNP-00088,written_question_cosignature,ARP-2023,1,0.028571,9296,,36,1,2025-05-08,2025-05-08,false
TNP-00067,TNP-00091,written_question_cosignature,ARP-2023,1,0.028571,9296,,36,1,2025-05-08,2025-05-08,false
TNP-00067,TNP-00092,written_question_cosignature,ARP-2023,1,0.028571,9296,,36,1,2025-05-08,2025-05-08,false
TNP-00067,TNP-00112,written_question_cosignature,ARP-2023,1,0.028571,9296,,36,1,2025-05-08,2025-05-08,false
TNP-00067,TNP-00113,written_question_cosignature,ARP-2023,1,0.05,9670,,21,1,2025-07-21,2025-07-21,false
TNP-00067,TNP-00115,written_question_cosignature,ARP-2023,1,0.028571,9296,,36,1,2025-05-08,2025-05-08,false
TNP-00067,TNP-00116,written_question_cosignature,ARP-2023,1,0.028571,9296,,36,1,2025-05-08,2025-05-08,false
TNP-00067,TNP-00120,written_question_cosignature,ARP-2023,1,0.028571,9296,,36,1,2025-05-08,2025-05-08,false
TNP-00067,TNP-00129,written_question_cosignature,ARP-2023,1,0.028571,9296,,36,1,2025-05-08,2025-05-08,false
TNP-00067,TNP-00130,written_question_cosignature,ARP-2023,1,0.05,9670,,21,1,2025-07-21,2025-07-21,false
TNP-00067,TNP-00131,written_question_cosignature,ARP-2023,1,0.028571,9296,,36,1,2025-05-08,2025-05-08,false
TNP-00067,TNP-00132,written_question_cosignature,ARP-2023,1,0.028571,9296,,36,1,2025-05-08,2025-05-08,false
TNP-00067,TNP-00139,written_question_cosignature,ARP-2023,1,0.028571,9296,,36,1,2025-05-08,2025-05-08,false
TNP-00067,TNP-00150,written_question_cosignature,ARP-2023,1,0.05,9670,,21,1,2025-07-21,2025-07-21,false
TNP-00067,TNP-00154,written_question_cosignature,ARP-2023,1,0.028571,9296,,36,1,2025-05-08,2025-05-08,false
TNP-00068,TNP-00088,written_question_cosignature,ARP-2023,1,0.2,10472,,6,1,2025-12-10,2025-12-10,false
TNP-00068,TNP-00130,written_question_cosignature,ARP-2023,1,0.2,10472,,6,1,2025-12-10,2025-12-10,false
TNP-00068,TNP-00150,written_question_cosignature,ARP-2023,1,0.2,10472,,6,1,2025-12-10,2025-12-10,false
TNP-00069,TNP-00080,written_question_cosignature,ARP-2023,1,0.052632,10325,,20,1,2026-02-11,2026-02-11,false
TNP-00069,TNP-00122,written_question_cosignature,ARP-2023,1,0.2,10709,,6,1,2026-02-11,2026-02-11,false
TNP-00069,TNP-00129,written_question_cosignature,ARP-2023,1,0.052632,10325,,20,1,2026-02-11,2026-02-11,false
TNP-00069,TNP-00131,written_question_cosignature,ARP-2023,1,0.052632,10325,,20,1,2026-02-11,2026-02-11,false
TNP-00069,TNP-00132,written_question_cosignature,ARP-2023,1,0.052632,10325,,20,1,2026-02-11,2026-02-11,false
TNP-00069,TNP-00135,written_question_cosignature,ARP-2023,1,0.052632,10325,,20,1,2026-02-11,2026-02-11,false
TNP-00069,TNP-00137,written_question_cosignature,ARP-2023,1,0.052632,10325,,20,1,2026-02-11,2026-02-11,false
TNP-00069,TNP-00144,written_question_cosignature,ARP-2023,1,0.052632,10325,,20,1,2026-02-11,2026-02-11,false
TNP-00069,TNP-00150,written_question_cosignature,ARP-2023,1,0.052632,10325,,20,1,2026-02-11,2026-02-11,false
TNP-00069,TNP-00151,written_question_cosignature,ARP-2023,1,0.052632,10325,,20,1,2026-02-11,2026-02-11,false
TNP-00070,TNP-00071,written_question_cosignature,ARP-2023,1,0.038462,9406,,27,1,2025-04-15,2025-04-15,false
TNP-00070,TNP-00074,written_question_cosignature,ARP-2023,1,0.038462,9406,,27,1,2025-04-15,2025-04-15,false
TNP-00070,TNP-00080,written_question_cosignature,ARP-2023,1,0.047619,9782,,22,1,2025-07-24,2025-07-24,false
TNP-00070,TNP-00088,written_question_cosignature,ARP-2023,1,0.047619,9782,,22,1,2025-07-24,2025-07-24,false
TNP-00070,TNP-00090,written_question_cosignature,ARP-2023,1,0.038462,9406,,27,1,2025-04-15,2025-04-15,false
TNP-00070,TNP-00091,written_question_cosignature,ARP-2023,1,0.038462,9406,,27,1,2025-04-15,2025-04-15,false
TNP-00070,TNP-00092,written_question_cosignature,ARP-2023,1,0.038462,9406,,27,1,2025-04-15,2025-04-15,false
TNP-00070,TNP-00095,written_question_cosignature,ARP-2023,1,0.038462,9406,,27,1,2025-04-15,2025-04-15,false
TNP-00070,TNP-00096,written_question_cosignature,ARP-2023,1,0.047619,9782,,22,1,2025-07-24,2025-07-24,false
TNP-00070,TNP-00101,written_question_cosignature,ARP-2023,1,0.038462,9406,,27,1,2025-04-15,2025-04-15,false
TNP-00070,TNP-00102,written_question_cosignature,ARP-2023,1,0.038462,9406,,27,1,2025-04-15,2025-04-15,false
TNP-00070,TNP-00103,written_question_cosignature,ARP-2023,1,0.038462,9406,,27,1,2025-04-15,2025-04-15,false
TNP-00070,TNP-00110,written_question_cosignature,ARP-2023,1,0.047619,9782,,22,1,2025-07-24,2025-07-24,false
TNP-00070,TNP-00113,written_question_cosignature,ARP-2023,1,0.047619,9782,,22,1,2025-07-24,2025-07-24,false
TNP-00070,TNP-00116,written_question_cosignature,ARP-2023,1,0.047619,9782,,22,1,2025-07-24,2025-07-24,false
TNP-00070,TNP-00117,written_question_cosignature,ARP-2023,1,0.038462,9406,,27,1,2025-04-15,2025-04-15,false
TNP-00070,TNP-00125,written_question_cosignature,ARP-2023,1,0.038462,9406,,27,1,2025-04-15,2025-04-15,false
TNP-00070,TNP-00126,written_question_cosignature,ARP-2023,1,0.047619,9782,,22,1,2025-07-24,2025-07-24,false
TNP-00070,TNP-00139,written_question_cosignature,ARP-2023,1,0.047619,9782,,22,1,2025-07-24,2025-07-24,false
TNP-00070,TNP-00140,written_question_cosignature,ARP-2023,1,0.047619,9782,,22,1,2025-07-24,2025-07-24,false
TNP-00070,TNP-00154,written_question_cosignature,ARP-2023,1,0.047619,9782,,22,1,2025-07-24,2025-07-24,false
TNP-00071,TNP-00074,written_question_cosignature,ARP-2023,1,0.038462,9406,,27,1,2025-04-15,2025-04-15,false
TNP-00071,TNP-00079,written_question_cosignature,ARP-2023,1,0.038462,9406,,27,1,2025-04-15,2025-04-15,false
TNP-00071,TNP-00090,written_question_cosignature,ARP-2023,1,0.038462,9406,,27,1,2025-04-15,2025-04-15,false
TNP-00071,TNP-00091,written_question_cosignature,ARP-2023,1,0.038462,9406,,27,1,2025-04-15,2025-04-15,false
TNP-00071,TNP-00092,written_question_cosignature,ARP-2023,1,0.038462,9406,,27,1,2025-04-15,2025-04-15,false
TNP-00071,TNP-00095,written_question_cosignature,ARP-2023,1,0.038462,9406,,27,1,2025-04-15,2025-04-15,false
TNP-00071,TNP-00103,written_question_cosignature,ARP-2023,1,0.038462,9406,,27,1,2025-04-15,2025-04-15,false
TNP-00071,TNP-00108,written_question_cosignature,ARP-2023,1,0.038462,9406,,27,1,2025-04-15,2025-04-15,false
TNP-00071,TNP-00114,written_question_cosignature,ARP-2023,1,0.038462,9406,,27,1,2025-04-15,2025-04-15,false
TNP-00071,TNP-00117,written_question_cosignature,ARP-2023,1,0.038462,9406,,27,1,2025-04-15,2025-04-15,false
TNP-00071,TNP-00151,written_question_cosignature,ARP-2023,1,0.038462,9406,,27,1,2025-04-15,2025-04-15,false
TNP-00072,TNP-00078,written_question_cosignature,ARP-2023,1,0.028571,9296,,36,1,2025-05-08,2025-05-08,false
TNP-00072,TNP-00084,written_question_cosignature,ARP-2023,1,0.028571,9296,,36,1,2025-05-08,2025-05-08,false
TNP-00072,TNP-00086,written_question_cosignature,ARP-2023,1,0.028571,9296,,36,1,2025-05-08,2025-05-08,false
TNP-00072,TNP-00088,written_question_cosignature,ARP-2023,1,0.028571,9296,,36,1,2025-05-08,2025-05-08,false
TNP-00072,TNP-00089,written_question_cosignature,ARP-2023,1,0.028571,9296,,36,1,2025-05-08,2025-05-08,false
TNP-00072,TNP-00091,written_question_cosignature,ARP-2023,1,0.028571,9296,,36,1,2025-05-08,2025-05-08,false
TNP-00072,TNP-00092,written_question_cosignature,ARP-2023,1,0.028571,9296,,36,1,2025-05-08,2025-05-08,false
TNP-00072,TNP-00096,written_question_cosignature,ARP-2023,1,0.028571,9296,,36,1,2025-05-08,2025-05-08,false
TNP-00072,TNP-00112,written_question_cosignature,ARP-2023,1,0.028571,9296,,36,1,2025-05-08,2025-05-08,false
TNP-00072,TNP-00115,written_question_cosignature,ARP-2023,1,0.028571,9296,,36,1,2025-05-08,2025-05-08,false
TNP-00072,TNP-00116,written_question_cosignature,ARP-2023,1,0.028571,9296,,36,1,2025-05-08,2025-05-08,false
TNP-00072,TNP-00120,written_question_cosignature,ARP-2023,1,0.028571,9296,,36,1,2025-05-08,2025-05-08,false
TNP-00072,TNP-00129,written_question_cosignature,ARP-2023,1,0.028571,9296,,36,1,2025-05-08,2025-05-08,false
TNP-00072,TNP-00131,written_question_cosignature,ARP-2023,1,0.028571,9296,,36,1,2025-05-08,2025-05-08,false
TNP-00072,TNP-00132,written_question_cosignature,ARP-2023,1,0.028571,9296,,36,1,2025-05-08,2025-05-08,false
TNP-00072,TNP-00135,written_question_cosignature,ARP-2023,1,0.028571,9296,,36,1,2025-05-08,2025-05-08,false
TNP-00072,TNP-00139,written_question_cosignature,ARP-2023,1,0.028571,9296,,36,1,2025-05-08,2025-05-08,false
TNP-00072,TNP-00152,written_question_cosignature,ARP-2023,1,0.028571,9296,,36,1,2025-05-08,2025-05-08,false
TNP-00072,TNP-00154,written_question_cosignature,ARP-2023,1,0.028571,9296,,36,1,2025-05-08,2025-05-08,false
TNP-00074,TNP-00079,written_question_cosignature,ARP-2023,1,0.038462,9406,,27,1,2025-04-15,2025-04-15,false
TNP-00074,TNP-00090,written_question_cosignature,ARP-2023,1,0.038462,9406,,27,1,2025-04-15,2025-04-15,false
TNP-00074,TNP-00091,written_question_cosignature,ARP-2023,1,0.038462,9406,,27,1,2025-04-15,2025-04-15,false
TNP-00074,TNP-00092,written_question_cosignature,ARP-2023,1,0.038462,9406,,27,1,2025-04-15,2025-04-15,false
TNP-00074,TNP-00095,written_question_cosignature,ARP-2023,1,0.038462,9406,,27,1,2025-04-15,2025-04-15,false
TNP-00074,TNP-00101,written_question_cosignature,ARP-2023,1,0.038462,9406,,27,1,2025-04-15,2025-04-15,false
TNP-00074,TNP-00103,written_question_cosignature,ARP-2023,1,0.038462,9406,,27,1,2025-04-15,2025-04-15,false
TNP-00074,TNP-00108,written_question_cosignature,ARP-2023,1,0.038462,9406,,27,1,2025-04-15,2025-04-15,false
TNP-00074,TNP-00114,written_question_cosignature,ARP-2023,1,0.038462,9406,,27,1,2025-04-15,2025-04-15,false
TNP-00074,TNP-00117,written_question_cosignature,ARP-2023,1,0.038462,9406,,27,1,2025-04-15,2025-04-15,false
TNP-00074,TNP-00124,written_question_cosignature,ARP-2023,1,0.111111,10060,,10,1,2025-11-22,2025-11-22,false
TNP-00074,TNP-00125,written_question_cosignature,ARP-2023,1,0.038462,9406,,27,1,2025-04-15,2025-04-15,false
TNP-00074,TNP-00145,written_question_cosignature,ARP-2023,1,0.111111,10060,,10,1,2025-11-22,2025-11-22,false
TNP-00074,TNP-00151,written_question_cosignature,ARP-2023,1,0.038462,9406,,27,1,2025-04-15,2025-04-15,false
TNP-00076,TNP-00121,written_question_cosignature,ARP-2023,1,0.2,10347,,6,1,2026-02-11,2026-02-11,false
TNP-00076,TNP-00126,written_question_cosignature,ARP-2023,1,0.2,10347,,6,1,2026-02-11,2026-02-11,false
TNP-00078,TNP-00084,written_question_cosignature,ARP-2023,1,0.028571,9296,,36,1,2025-05-08,2025-05-08,false
TNP-00078,TNP-00086,written_question_cosignature,ARP-2023,1,0.028571,9296,,36,1,2025-05-08,2025-05-08,false
TNP-00078,TNP-00088,written_question_cosignature,ARP-2023,1,0.028571,9296,,36,1,2025-05-08,2025-05-08,false
TNP-00078,TNP-00091,written_question_cosignature,ARP-2023,1,0.028571,9296,,36,1,2025-05-08,2025-05-08,false
TNP-00078,TNP-00092,written_question_cosignature,ARP-2023,1,0.028571,9296,,36,1,2025-05-08,2025-05-08,false
TNP-00078,TNP-00096,written_question_cosignature,ARP-2023,1,0.028571,9296,,36,1,2025-05-08,2025-05-08,false
TNP-00078,TNP-00100,written_question_cosignature,ARP-2023,1,0.5,9611,,3,1,2025-06-20,2025-06-20,false
TNP-00078,TNP-00112,written_question_cosignature,ARP-2023,1,0.028571,9296,,36,1,2025-05-08,2025-05-08,false
TNP-00078,TNP-00115,written_question_cosignature,ARP-2023,1,0.028571,9296,,36,1,2025-05-08,2025-05-08,false
TNP-00078,TNP-00116,written_question_cosignature,ARP-2023,1,0.028571,9296,,36,1,2025-05-08,2025-05-08,false
TNP-00078,TNP-00120,written_question_cosignature,ARP-2023,1,0.028571,9296,,36,1,2025-05-08,2025-05-08,false
TNP-00078,TNP-00129,written_question_cosignature,ARP-2023,1,0.028571,9296,,36,1,2025-05-08,2025-05-08,false
TNP-00078,TNP-00131,written_question_cosignature,ARP-2023,1,0.028571,9296,,36,1,2025-05-08,2025-05-08,false
TNP-00078,TNP-00132,written_question_cosignature,ARP-2023,1,0.028571,9296,,36,1,2025-05-08,2025-05-08,false
TNP-00078,TNP-00139,written_question_cosignature,ARP-2023,1,0.028571,9296,,36,1,2025-05-08,2025-05-08,false
TNP-00078,TNP-00150,written_question_cosignature,ARP-2023,1,0.25,9427,,5,1,2025-05-29,2025-05-29,false
TNP-00078,TNP-00152,written_question_cosignature,ARP-2023,1,0.028571,9296,,36,1,2025-05-08,2025-05-08,false
TNP-00078,TNP-00154,written_question_cosignature,ARP-2023,1,0.028571,9296,,36,1,2025-05-08,2025-05-08,false
TNP-00079,TNP-00080,written_question_cosignature,ARP-2023,1,0.047619,9782,,22,1,2025-07-24,2025-07-24,false
TNP-00079,TNP-00088,written_question_cosignature,ARP-2023,1,0.047619,9782,,22,1,2025-07-24,2025-07-24,false
TNP-00079,TNP-00090,written_question_cosignature,ARP-2023,1,0.038462,9406,,27,1,2025-04-15,2025-04-15,false
TNP-00079,TNP-00091,written_question_cosignature,ARP-2023,1,0.038462,9406,,27,1,2025-04-15,2025-04-15,false
TNP-00079,TNP-00092,written_question_cosignature,ARP-2023,1,0.038462,9406,,27,1,2025-04-15,2025-04-15,false
TNP-00079,TNP-00095,written_question_cosignature,ARP-2023,1,0.038462,9406,,27,1,2025-04-15,2025-04-15,false
TNP-00079,TNP-00096,written_question_cosignature,ARP-2023,1,0.047619,9782,,22,1,2025-07-24,2025-07-24,false
TNP-00079,TNP-00101,written_question_cosignature,ARP-2023,1,0.038462,9406,,27,1,2025-04-15,2025-04-15,false
TNP-00079,TNP-00102,written_question_cosignature,ARP-2023,1,0.038462,9406,,27,1,2025-04-15,2025-04-15,false
TNP-00079,TNP-00103,written_question_cosignature,ARP-2023,1,0.038462,9406,,27,1,2025-04-15,2025-04-15,false
TNP-00079,TNP-00110,written_question_cosignature,ARP-2023,1,0.047619,9782,,22,1,2025-07-24,2025-07-24,false
TNP-00079,TNP-00113,written_question_cosignature,ARP-2023,1,0.047619,9782,,22,1,2025-07-24,2025-07-24,false
TNP-00079,TNP-00116,written_question_cosignature,ARP-2023,1,0.047619,9782,,22,1,2025-07-24,2025-07-24,false
TNP-00079,TNP-00117,written_question_cosignature,ARP-2023,1,0.038462,9406,,27,1,2025-04-15,2025-04-15,false
TNP-00079,TNP-00125,written_question_cosignature,ARP-2023,1,0.038462,9406,,27,1,2025-04-15,2025-04-15,false
TNP-00079,TNP-00126,written_question_cosignature,ARP-2023,1,0.047619,9782,,22,1,2025-07-24,2025-07-24,false
TNP-00079,TNP-00139,written_question_cosignature,ARP-2023,1,0.047619,9782,,22,1,2025-07-24,2025-07-24,false
TNP-00079,TNP-00140,written_question_cosignature,ARP-2023,1,0.047619,9782,,22,1,2025-07-24,2025-07-24,false
TNP-00079,TNP-00154,written_question_cosignature,ARP-2023,1,0.047619,9782,,22,1,2025-07-24,2025-07-24,false
TNP-00080,TNP-00082,written_question_cosignature,ARP-2023,1,0.052632,10325,,20,1,2026-02-11,2026-02-11,false
TNP-00080,TNP-00086,written_question_cosignature,ARP-2023,1,0.05,9670,,21,1,2025-07-21,2025-07-21,false
TNP-00080,TNP-00088,written_question_cosignature,ARP-2023,1,0.047619,9782,,22,1,2025-07-24,2025-07-24,false
TNP-00080,TNP-00089,written_question_cosignature,ARP-2023,1,0.05,9670,,21,1,2025-07-21,2025-07-21,false
TNP-00080,TNP-00108,written_question_cosignature,ARP-2023,1,0.047619,9782,,22,1,2025-07-24,2025-07-24,false
TNP-00080,TNP-00110,written_question_cosignature,ARP-2023,1,0.047619,9782,,22,1,2025-07-24,2025-07-24,false
TNP-00080,TNP-00114,written_question_cosignature,ARP-2023,1,0.047619,9782,,22,1,2025-07-24,2025-07-24,false
TNP-00080,TNP-00116,written_question_cosignature,ARP-2023,1,0.047619,9782,,22,1,2025-07-24,2025-07-24,false
TNP-00080,TNP-00126,written_question_cosignature,ARP-2023,1,0.047619,9782,,22,1,2025-07-24,2025-07-24,false
TNP-00080,TNP-00129,written_question_cosignature,ARP-2023,1,0.052632,10325,,20,1,2026-02-11,2026-02-11,false
TNP-00080,TNP-00130,written_question_cosignature,ARP-2023,1,0.05,9670,,21,1,2025-07-21,2025-07-21,false
TNP-00080,TNP-00131,written_question_cosignature,ARP-2023,1,0.052632,10325,,20,1,2026-02-11,2026-02-11,false
TNP-00080,TNP-00132,written_question_cosignature,ARP-2023,1,0.052632,10325,,20,1,2026-02-11,2026-02-11,false
TNP-00080,TNP-00137,written_question_cosignature,ARP-2023,1,0.052632,10325,,20,1,2026-02-11,2026-02-11,false
TNP-00080,TNP-00139,written_question_cosignature,ARP-2023,1,0.047619,9782,,22,1,2025-07-24,2025-07-24,false
TNP-00080,TNP-00140,written_question_cosignature,ARP-2023,1,0.047619,9782,,22,1,2025-07-24,2025-07-24,false
TNP-00080,TNP-00152,written_question_cosignature,ARP-2023,1,0.05,9670,,21,1,2025-07-21,2025-07-21,false
TNP-00080,TNP-00154,written_question_cosignature,ARP-2023,1,0.047619,9782,,22,1,2025-07-24,2025-07-24,false
TNP-00082,TNP-00122,written_question_cosignature,ARP-2023,1,0.2,10709,,6,1,2026-02-11,2026-02-11,false
TNP-00082,TNP-00129,written_question_cosignature,ARP-2023,1,0.052632,10325,,20,1,2026-02-11,2026-02-11,false
TNP-00082,TNP-00131,written_question_cosignature,ARP-2023,1,0.052632,10325,,20,1,2026-02-11,2026-02-11,false
TNP-00082,TNP-00132,written_question_cosignature,ARP-2023,1,0.052632,10325,,20,1,2026-02-11,2026-02-11,false
TNP-00082,TNP-00135,written_question_cosignature,ARP-2023,1,0.052632,10325,,20,1,2026-02-11,2026-02-11,false
TNP-00082,TNP-00137,written_question_cosignature,ARP-2023,1,0.052632,10325,,20,1,2026-02-11,2026-02-11,false
TNP-00082,TNP-00144,written_question_cosignature,ARP-2023,1,0.052632,10325,,20,1,2026-02-11,2026-02-11,false
TNP-00082,TNP-00150,written_question_cosignature,ARP-2023,1,0.052632,10325,,20,1,2026-02-11,2026-02-11,false
TNP-00082,TNP-00151,written_question_cosignature,ARP-2023,1,0.052632,10325,,20,1,2026-02-11,2026-02-11,false
TNP-00084,TNP-00086,written_question_cosignature,ARP-2023,1,0.028571,9296,,36,1,2025-05-08,2025-05-08,false
TNP-00084,TNP-00088,written_question_cosignature,ARP-2023,1,0.028571,9296,,36,1,2025-05-08,2025-05-08,false
TNP-00084,TNP-00089,written_question_cosignature,ARP-2023,1,0.028571,9296,,36,1,2025-05-08,2025-05-08,false
TNP-00084,TNP-00091,written_question_cosignature,ARP-2023,1,0.028571,9296,,36,1,2025-05-08,2025-05-08,false
TNP-00084,TNP-00092,written_question_cosignature,ARP-2023,1,0.028571,9296,,36,1,2025-05-08,2025-05-08,false
TNP-00084,TNP-00096,written_question_cosignature,ARP-2023,1,0.028571,9296,,36,1,2025-05-08,2025-05-08,false
TNP-00084,TNP-00112,written_question_cosignature,ARP-2023,1,0.028571,9296,,36,1,2025-05-08,2025-05-08,false
TNP-00084,TNP-00115,written_question_cosignature,ARP-2023,1,0.028571,9296,,36,1,2025-05-08,2025-05-08,false
TNP-00084,TNP-00116,written_question_cosignature,ARP-2023,1,0.028571,9296,,36,1,2025-05-08,2025-05-08,false
TNP-00084,TNP-00120,written_question_cosignature,ARP-2023,1,0.028571,9296,,36,1,2025-05-08,2025-05-08,false
TNP-00084,TNP-00129,written_question_cosignature,ARP-2023,1,0.028571,9296,,36,1,2025-05-08,2025-05-08,false
TNP-00084,TNP-00131,written_question_cosignature,ARP-2023,1,0.028571,9296,,36,1,2025-05-08,2025-05-08,false
TNP-00084,TNP-00132,written_question_cosignature,ARP-2023,1,0.028571,9296,,36,1,2025-05-08,2025-05-08,false
TNP-00084,TNP-00135,written_question_cosignature,ARP-2023,1,0.028571,9296,,36,1,2025-05-08,2025-05-08,false
TNP-00084,TNP-00139,written_question_cosignature,ARP-2023,1,0.028571,9296,,36,1,2025-05-08,2025-05-08,false
TNP-00084,TNP-00152,written_question_cosignature,ARP-2023,1,0.028571,9296,,36,1,2025-05-08,2025-05-08,false
TNP-00084,TNP-00154,written_question_cosignature,ARP-2023,1,0.028571,9296,,36,1,2025-05-08,2025-05-08,false
TNP-00086,TNP-00088,written_question_cosignature,ARP-2023,1,0.028571,9296,,36,1,2025-05-08,2025-05-08,false
TNP-00086,TNP-00091,written_question_cosignature,ARP-2023,1,0.028571,9296,,36,1,2025-05-08,2025-05-08,false
TNP-00086,TNP-00092,written_question_cosignature,ARP-2023,1,0.028571,9296,,36,1,2025-05-08,2025-05-08,false
TNP-00086,TNP-00112,written_question_cosignature,ARP-2023,1,0.028571,9296,,36,1,2025-05-08,2025-05-08,false
TNP-00086,TNP-00113,written_question_cosignature,ARP-2023,1,0.05,9670,,21,1,2025-07-21,2025-07-21,false
TNP-00086,TNP-00115,written_question_cosignature,ARP-2023,1,0.028571,9296,,36,1,2025-05-08,2025-05-08,false
TNP-00086,TNP-00116,written_question_cosignature,ARP-2023,1,0.028571,9296,,36,1,2025-05-08,2025-05-08,false
TNP-00086,TNP-00120,written_question_cosignature,ARP-2023,1,0.028571,9296,,36,1,2025-05-08,2025-05-08,false
TNP-00086,TNP-00129,written_question_cosignature,ARP-2023,1,0.028571,9296,,36,1,2025-05-08,2025-05-08,false
TNP-00086,TNP-00130,written_question_cosignature,ARP-2023,1,0.05,9670,,21,1,2025-07-21,2025-07-21,false
TNP-00086,TNP-00131,written_question_cosignature,ARP-2023,1,0.028571,9296,,36,1,2025-05-08,2025-05-08,false
TNP-00086,TNP-00132,written_question_cosignature,ARP-2023,1,0.028571,9296,,36,1,2025-05-08,2025-05-08,false
TNP-00086,TNP-00139,written_question_cosignature,ARP-2023,1,0.028571,9296,,36,1,2025-05-08,2025-05-08,false
TNP-00086,TNP-00144,written_question_cosignature,ARP-2023,1,0.05,9670,,21,1,2025-07-21,2025-07-21,false
TNP-00086,TNP-00150,written_question_cosignature,ARP-2023,1,0.05,9670,,21,1,2025-07-21,2025-07-21,false
TNP-00086,TNP-00154,written_question_cosignature,ARP-2023,1,0.028571,9296,,36,1,2025-05-08,2025-05-08,false
TNP-00088,TNP-00089,written_question_cosignature,ARP-2023,1,0.028571,9296,,36,1,2025-05-08,2025-05-08,false
TNP-00088,TNP-00091,written_question_cosignature,ARP-2023,1,0.028571,9296,,36,1,2025-05-08,2025-05-08,false
TNP-00088,TNP-00092,written_question_cosignature,ARP-2023,1,0.028571,9296,,36,1,2025-05-08,2025-05-08,false
TNP-00088,TNP-00095,written_question_cosignature,ARP-2023,1,0.2,9484,,6,1,2025-05-13,2025-05-13,false
TNP-00088,TNP-00108,written_question_cosignature,ARP-2023,1,0.047619,9782,,22,1,2025-07-24,2025-07-24,false
TNP-00088,TNP-00110,written_question_cosignature,ARP-2023,1,0.047619,9782,,22,1,2025-07-24,2025-07-24,false
TNP-00088,TNP-00112,written_question_cosignature,ARP-2023,1,0.028571,9296,,36,1,2025-05-08,2025-05-08,false
TNP-00088,TNP-00113,written_question_cosignature,ARP-2023,1,0.047619,9782,,22,1,2025-07-24,2025-07-24,false
TNP-00088,TNP-00114,written_question_cosignature,ARP-2023,1,0.047619,9782,,22,1,2025-07-24,2025-07-24,false
TNP-00088,TNP-00115,written_question_cosignature,ARP-2023,1,0.028571,9296,,36,1,2025-05-08,2025-05-08,false
TNP-00088,TNP-00126,written_question_cosignature,ARP-2023,1,0.047619,9782,,22,1,2025-07-24,2025-07-24,false
TNP-00088,TNP-00129,written_question_cosignature,ARP-2023,1,0.028571,9296,,36,1,2025-05-08,2025-05-08,false
TNP-00088,TNP-00130,written_question_cosignature,ARP-2023,1,0.2,10472,,6,1,2025-12-10,2025-12-10,false
TNP-00088,TNP-00131,written_question_cosignature,ARP-2023,1,0.028571,9296,,36,1,2025-05-08,2025-05-08,false
TNP-00088,TNP-00132,written_question_cosignature,ARP-2023,1,0.028571,9296,,36,1,2025-05-08,2025-05-08,false
TNP-00088,TNP-00135,written_question_cosignature,ARP-2023,1,0.028571,9296,,36,1,2025-05-08,2025-05-08,false
TNP-00088,TNP-00136,written_question_cosignature,ARP-2023,1,0.2,9484,,6,1,2025-05-13,2025-05-13,false
TNP-00088,TNP-00140,written_question_cosignature,ARP-2023,1,0.047619,9782,,22,1,2025-07-24,2025-07-24,false
TNP-00088,TNP-00150,written_question_cosignature,ARP-2023,1,0.2,10472,,6,1,2025-12-10,2025-12-10,false
TNP-00088,TNP-00151,written_question_cosignature,ARP-2023,1,0.047619,9782,,22,1,2025-07-24,2025-07-24,false
TNP-00088,TNP-00152,written_question_cosignature,ARP-2023,1,0.028571,9296,,36,1,2025-05-08,2025-05-08,false
TNP-00089,TNP-00091,written_question_cosignature,ARP-2023,1,0.028571,9296,,36,1,2025-05-08,2025-05-08,false
TNP-00089,TNP-00092,written_question_cosignature,ARP-2023,1,0.028571,9296,,36,1,2025-05-08,2025-05-08,false
TNP-00089,TNP-00112,written_question_cosignature,ARP-2023,1,0.028571,9296,,36,1,2025-05-08,2025-05-08,false
TNP-00089,TNP-00113,written_question_cosignature,ARP-2023,1,0.05,9670,,21,1,2025-07-21,2025-07-21,false
TNP-00089,TNP-00115,written_question_cosignature,ARP-2023,1,0.028571,9296,,36,1,2025-05-08,2025-05-08,false
TNP-00089,TNP-00116,written_question_cosignature,ARP-2023,1,0.028571,9296,,36,1,2025-05-08,2025-05-08,false
TNP-00089,TNP-00120,written_question_cosignature,ARP-2023,1,0.028571,9296,,36,1,2025-05-08,2025-05-08,false
TNP-00089,TNP-00129,written_question_cosignature,ARP-2023,1,0.028571,9296,,36,1,2025-05-08,2025-05-08,false
TNP-00089,TNP-00130,written_question_cosignature,ARP-2023,1,0.05,9670,,21,1,2025-07-21,2025-07-21,false
TNP-00089,TNP-00131,written_question_cosignature,ARP-2023,1,0.028571,9296,,36,1,2025-05-08,2025-05-08,false
TNP-00089,TNP-00132,written_question_cosignature,ARP-2023,1,0.028571,9296,,36,1,2025-05-08,2025-05-08,false
TNP-00089,TNP-00139,written_question_cosignature,ARP-2023,1,0.028571,9296,,36,1,2025-05-08,2025-05-08,false
TNP-00089,TNP-00144,written_question_cosignature,ARP-2023,1,0.05,9670,,21,1,2025-07-21,2025-07-21,false
TNP-00089,TNP-00154,written_question_cosignature,ARP-2023,1,0.028571,9296,,36,1,2025-05-08,2025-05-08,false
TNP-00090,TNP-00091,written_question_cosignature,ARP-2023,1,0.038462,9406,,27,1,2025-04-15,2025-04-15,false
TNP-00090,TNP-00092,written_question_cosignature,ARP-2023,1,0.038462,9406,,27,1,2025-04-15,2025-04-15,false
TNP-00090,TNP-00095,written_question_cosignature,ARP-2023,1,0.038462,9406,,27,1,2025-04-15,2025-04-15,false
TNP-00090,TNP-00101,written_question_cosignature,ARP-2023,1,0.038462,9406,,27,1,2025-04-15,2025-04-15,false
TNP-00090,TNP-00102,written_question_cosignature,ARP-2023,1,0.038462,9406,,27,1,2025-04-15,2025-04-15,false
TNP-00090,TNP-00103,written_question_cosignature,ARP-2023,1,0.038462,9406,,27,1,2025-04-15,2025-04-15,false
TNP-00090,TNP-00108,written_question_cosignature,ARP-2023,1,0.038462,9406,,27,1,2025-04-15,2025-04-15,false
TNP-00090,TNP-00114,written_question_cosignature,ARP-2023,1,0.038462,9406,,27,1,2025-04-15,2025-04-15,false
TNP-00090,TNP-00117,written_question_cosignature,ARP-2023,1,0.038462,9406,,27,1,2025-04-15,2025-04-15,false
TNP-00090,TNP-00125,written_question_cosignature,ARP-2023,1,0.038462,9406,,27,1,2025-04-15,2025-04-15,false
TNP-00090,TNP-00151,written_question_cosignature,ARP-2023,1,0.038462,9406,,27,1,2025-04-15,2025-04-15,false
TNP-00091,TNP-00095,written_question_cosignature,ARP-2023,1,0.038462,9406,,27,1,2025-04-15,2025-04-15,false
TNP-00091,TNP-00096,written_question_cosignature,ARP-2023,1,0.028571,9296,,36,1,2025-05-08,2025-05-08,false
TNP-00091,TNP-00101,written_question_cosignature,ARP-2023,1,0.038462,9406,,27,1,2025-04-15,2025-04-15,false
TNP-00091,TNP-00102,written_question_cosignature,ARP-2023,1,0.038462,9406,,27,1,2025-04-15,2025-04-15,false
TNP-00091,TNP-00103,written_question_cosignature,ARP-2023,1,0.038462,9406,,27,1,2025-04-15,2025-04-15,false
TNP-00091,TNP-00108,written_question_cosignature,ARP-2023,1,0.038462,9406,,27,1,2025-04-15,2025-04-15,false
TNP-00091,TNP-00112,written_question_cosignature,ARP-2023,1,0.028571,9296,,36,1,2025-05-08,2025-05-08,false
TNP-00091,TNP-00114,written_question_cosignature,ARP-2023,1,0.038462,9406,,27,1,2025-04-15,2025-04-15,false
TNP-00091,TNP-00115,written_question_cosignature,ARP-2023,1,0.028571,9296,,36,1,2025-05-08,2025-05-08,false
TNP-00091,TNP-00116,written_question_cosignature,ARP-2023,1,0.028571,9296,,36,1,2025-05-08,2025-05-08,false
TNP-00091,TNP-00117,written_question_cosignature,ARP-2023,1,0.038462,9406,,27,1,2025-04-15,2025-04-15,false
TNP-00091,TNP-00120,written_question_cosignature,ARP-2023,1,0.028571,9296,,36,1,2025-05-08,2025-05-08,false
TNP-00091,TNP-00125,written_question_cosignature,ARP-2023,1,0.038462,9406,,27,1,2025-04-15,2025-04-15,false
TNP-00091,TNP-00129,written_question_cosignature,ARP-2023,1,0.028571,9296,,36,1,2025-05-08,2025-05-08,false
TNP-00091,TNP-00131,written_question_cosignature,ARP-2023,1,0.028571,9296,,36,1,2025-05-08,2025-05-08,false
TNP-00091,TNP-00132,written_question_cosignature,ARP-2023,1,0.028571,9296,,36,1,2025-05-08,2025-05-08,false
TNP-00091,TNP-00135,written_question_cosignature,ARP-2023,1,0.028571,9296,,36,1,2025-05-08,2025-05-08,false
TNP-00091,TNP-00139,written_question_cosignature,ARP-2023,1,0.028571,9296,,36,1,2025-05-08,2025-05-08,false
TNP-00091,TNP-00151,written_question_cosignature,ARP-2023,1,0.038462,9406,,27,1,2025-04-15,2025-04-15,false
TNP-00091,TNP-00152,written_question_cosignature,ARP-2023,1,0.028571,9296,,36,1,2025-05-08,2025-05-08,false
TNP-00091,TNP-00154,written_question_cosignature,ARP-2023,1,0.028571,9296,,36,1,2025-05-08,2025-05-08,false
TNP-00092,TNP-00095,written_question_cosignature,ARP-2023,1,0.038462,9406,,27,1,2025-04-15,2025-04-15,false
TNP-00092,TNP-00096,written_question_cosignature,ARP-2023,1,0.028571,9296,,36,1,2025-05-08,2025-05-08,false
TNP-00092,TNP-00101,written_question_cosignature,ARP-2023,1,0.038462,9406,,27,1,2025-04-15,2025-04-15,false
TNP-00092,TNP-00102,written_question_cosignature,ARP-2023,1,0.038462,9406,,27,1,2025-04-15,2025-04-15,false
TNP-00092,TNP-00103,written_question_cosignature,ARP-2023,1,0.038462,9406,,27,1,2025-04-15,2025-04-15,false
TNP-00092,TNP-00108,written_question_cosignature,ARP-2023,1,0.038462,9406,,27,1,2025-04-15,2025-04-15,false
TNP-00092,TNP-00112,written_question_cosignature,ARP-2023,1,0.028571,9296,,36,1,2025-05-08,2025-05-08,false
TNP-00092,TNP-00114,written_question_cosignature,ARP-2023,1,0.038462,9406,,27,1,2025-04-15,2025-04-15,false
TNP-00092,TNP-00115,written_question_cosignature,ARP-2023,1,0.028571,9296,,36,1,2025-05-08,2025-05-08,false
TNP-00092,TNP-00116,written_question_cosignature,ARP-2023,1,0.028571,9296,,36,1,2025-05-08,2025-05-08,false
TNP-00092,TNP-00117,written_question_cosignature,ARP-2023,1,0.038462,9406,,27,1,2025-04-15,2025-04-15,false
TNP-00092,TNP-00120,written_question_cosignature,ARP-2023,1,0.028571,9296,,36,1,2025-05-08,2025-05-08,false
TNP-00092,TNP-00125,written_question_cosignature,ARP-2023,1,0.038462,9406,,27,1,2025-04-15,2025-04-15,false
TNP-00092,TNP-00129,written_question_cosignature,ARP-2023,1,0.028571,9296,,36,1,2025-05-08,2025-05-08,false
TNP-00092,TNP-00131,written_question_cosignature,ARP-2023,1,0.028571,9296,,36,1,2025-05-08,2025-05-08,false
TNP-00092,TNP-00132,written_question_cosignature,ARP-2023,1,0.028571,9296,,36,1,2025-05-08,2025-05-08,false
TNP-00092,TNP-00135,written_question_cosignature,ARP-2023,1,0.028571,9296,,36,1,2025-05-08,2025-05-08,false
TNP-00092,TNP-00139,written_question_cosignature,ARP-2023,1,0.028571,9296,,36,1,2025-05-08,2025-05-08,false
TNP-00092,TNP-00151,written_question_cosignature,ARP-2023,1,0.038462,9406,,27,1,2025-04-15,2025-04-15,false
TNP-00092,TNP-00152,written_question_cosignature,ARP-2023,1,0.028571,9296,,36,1,2025-05-08,2025-05-08,false
TNP-00092,TNP-00154,written_question_cosignature,ARP-2023,1,0.028571,9296,,36,1,2025-05-08,2025-05-08,false
TNP-00094,TNP-00122,written_question_cosignature,ARP-2023,1,1,9607,,2,1,2025-06-18,2025-06-18,false
TNP-00094,TNP-00153,written_question_cosignature,ARP-2023,1,1,6896,,2,1,2024-05-14,2024-05-14,false
TNP-00095,TNP-00101,written_question_cosignature,ARP-2023,1,0.038462,9406,,27,1,2025-04-15,2025-04-15,false
TNP-00095,TNP-00102,written_question_cosignature,ARP-2023,1,0.038462,9406,,27,1,2025-04-15,2025-04-15,false
TNP-00095,TNP-00103,written_question_cosignature,ARP-2023,1,0.038462,9406,,27,1,2025-04-15,2025-04-15,false
TNP-00095,TNP-00108,written_question_cosignature,ARP-2023,1,0.038462,9406,,27,1,2025-04-15,2025-04-15,false
TNP-00095,TNP-00114,written_question_cosignature,ARP-2023,1,0.038462,9406,,27,1,2025-04-15,2025-04-15,false
TNP-00095,TNP-00117,written_question_cosignature,ARP-2023,1,0.038462,9406,,27,1,2025-04-15,2025-04-15,false
TNP-00095,TNP-00125,written_question_cosignature,ARP-2023,1,0.038462,9406,,27,1,2025-04-15,2025-04-15,false
TNP-00095,TNP-00136,written_question_cosignature,ARP-2023,1,0.2,9484,,6,1,2025-05-13,2025-05-13,false
TNP-00095,TNP-00151,written_question_cosignature,ARP-2023,1,0.038462,9406,,27,1,2025-04-15,2025-04-15,false
TNP-00096,TNP-00108,written_question_cosignature,ARP-2023,1,0.047619,9782,,22,1,2025-07-24,2025-07-24,false
TNP-00096,TNP-00110,written_question_cosignature,ARP-2023,1,0.047619,9782,,22,1,2025-07-24,2025-07-24,false
TNP-00096,TNP-00112,written_question_cosignature,ARP-2023,1,0.028571,9296,,36,1,2025-05-08,2025-05-08,false
TNP-00096,TNP-00114,written_question_cosignature,ARP-2023,1,0.047619,9782,,22,1,2025-07-24,2025-07-24,false
TNP-00096,TNP-00115,written_question_cosignature,ARP-2023,1,0.028571,9296,,36,1,2025-05-08,2025-05-08,false
TNP-00096,TNP-00120,written_question_cosignature,ARP-2023,1,0.028571,9296,,36,1,2025-05-08,2025-05-08,false
TNP-00096,TNP-00126,written_question_cosignature,ARP-2023,1,0.047619,9782,,22,1,2025-07-24,2025-07-24,false
TNP-00096,TNP-00129,written_question_cosignature,ARP-2023,1,0.028571,9296,,36,1,2025-05-08,2025-05-08,false
TNP-00096,TNP-00130,written_question_cosignature,ARP-2023,1,0.05,9670,,21,1,2025-07-21,2025-07-21,false
TNP-00096,TNP-00131,written_question_cosignature,ARP-2023,1,0.028571,9296,,36,1,2025-05-08,2025-05-08,false
TNP-00096,TNP-00132,written_question_cosignature,ARP-2023,1,0.028571,9296,,36,1,2025-05-08,2025-05-08,false
TNP-00096,TNP-00140,written_question_cosignature,ARP-2023,1,0.047619,9782,,22,1,2025-07-24,2025-07-24,false
TNP-00096,TNP-00144,written_question_cosignature,ARP-2023,1,0.05,9670,,21,1,2025-07-21,2025-07-21,false
TNP-00096,TNP-00150,written_question_cosignature,ARP-2023,1,0.05,9670,,21,1,2025-07-21,2025-07-21,false
TNP-00096,TNP-00151,written_question_cosignature,ARP-2023,1,0.047619,9782,,22,1,2025-07-24,2025-07-24,false
TNP-00101,TNP-00103,written_question_cosignature,ARP-2023,1,0.038462,9406,,27,1,2025-04-15,2025-04-15,false
TNP-00101,TNP-00108,written_question_cosignature,ARP-2023,1,0.038462,9406,,27,1,2025-04-15,2025-04-15,false
TNP-00101,TNP-00114,written_question_cosignature,ARP-2023,1,0.038462,9406,,27,1,2025-04-15,2025-04-15,false
TNP-00101,TNP-00117,written_question_cosignature,ARP-2023,1,0.038462,9406,,27,1,2025-04-15,2025-04-15,false
TNP-00101,TNP-00151,written_question_cosignature,ARP-2023,1,0.038462,9406,,27,1,2025-04-15,2025-04-15,false
TNP-00102,TNP-00103,written_question_cosignature,ARP-2023,1,0.038462,9406,,27,1,2025-04-15,2025-04-15,false
TNP-00102,TNP-00108,written_question_cosignature,ARP-2023,1,0.038462,9406,,27,1,2025-04-15,2025-04-15,false
TNP-00102,TNP-00114,written_question_cosignature,ARP-2023,1,0.038462,9406,,27,1,2025-04-15,2025-04-15,false
TNP-00102,TNP-00117,written_question_cosignature,ARP-2023,1,0.038462,9406,,27,1,2025-04-15,2025-04-15,false
TNP-00102,TNP-00124,written_question_cosignature,ARP-2023,1,0.111111,10060,,10,1,2025-11-22,2025-11-22,false
TNP-00102,TNP-00145,written_question_cosignature,ARP-2023,1,0.111111,10060,,10,1,2025-11-22,2025-11-22,false
TNP-00102,TNP-00151,written_question_cosignature,ARP-2023,1,0.038462,9406,,27,1,2025-04-15,2025-04-15,false
TNP-00103,TNP-00108,written_question_cosignature,ARP-2023,1,0.038462,9406,,27,1,2025-04-15,2025-04-15,false
TNP-00103,TNP-00114,written_question_cosignature,ARP-2023,1,0.038462,9406,,27,1,2025-04-15,2025-04-15,false
TNP-00103,TNP-00117,written_question_cosignature,ARP-2023,1,0.038462,9406,,27,1,2025-04-15,2025-04-15,false
TNP-00103,TNP-00125,written_question_cosignature,ARP-2023,1,0.038462,9406,,27,1,2025-04-15,2025-04-15,false
TNP-00103,TNP-00151,written_question_cosignature,ARP-2023,1,0.038462,9406,,27,1,2025-04-15,2025-04-15,false
TNP-00108,TNP-00110,written_question_cosignature,ARP-2023,1,0.047619,9782,,22,1,2025-07-24,2025-07-24,false
TNP-00108,TNP-00113,written_question_cosignature,ARP-2023,1,0.047619,9782,,22,1,2025-07-24,2025-07-24,false
TNP-00108,TNP-00116,written_question_cosignature,ARP-2023,1,0.047619,9782,,22,1,2025-07-24,2025-07-24,false
TNP-00108,TNP-00117,written_question_cosignature,ARP-2023,1,0.038462,9406,,27,1,2025-04-15,2025-04-15,false
TNP-00108,TNP-00125,written_question_cosignature,ARP-2023,1,0.038462,9406,,27,1,2025-04-15,2025-04-15,false
TNP-00108,TNP-00126,written_question_cosignature,ARP-2023,1,0.047619,9782,,22,1,2025-07-24,2025-07-24,false
TNP-00108,TNP-00139,written_question_cosignature,ARP-2023,1,0.047619,9782,,22,1,2025-07-24,2025-07-24,false
TNP-00108,TNP-00140,written_question_cosignature,ARP-2023,1,0.047619,9782,,22,1,2025-07-24,2025-07-24,false
TNP-00108,TNP-00154,written_question_cosignature,ARP-2023,1,0.047619,9782,,22,1,2025-07-24,2025-07-24,false
TNP-00110,TNP-00113,written_question_cosignature,ARP-2023,1,0.047619,9782,,22,1,2025-07-24,2025-07-24,false
TNP-00110,TNP-00114,written_question_cosignature,ARP-2023,1,0.047619,9782,,22,1,2025-07-24,2025-07-24,false
TNP-00110,TNP-00116,written_question_cosignature,ARP-2023,1,0.047619,9782,,22,1,2025-07-24,2025-07-24,false
TNP-00110,TNP-00126,written_question_cosignature,ARP-2023,1,0.047619,9782,,22,1,2025-07-24,2025-07-24,false
TNP-00110,TNP-00139,written_question_cosignature,ARP-2023,1,0.047619,9782,,22,1,2025-07-24,2025-07-24,false
TNP-00110,TNP-00140,written_question_cosignature,ARP-2023,1,0.047619,9782,,22,1,2025-07-24,2025-07-24,false
TNP-00110,TNP-00154,written_question_cosignature,ARP-2023,1,0.047619,9782,,22,1,2025-07-24,2025-07-24,false
TNP-00112,TNP-00115,written_question_cosignature,ARP-2023,1,0.028571,9296,,36,1,2025-05-08,2025-05-08,false
TNP-00112,TNP-00116,written_question_cosignature,ARP-2023,1,0.028571,9296,,36,1,2025-05-08,2025-05-08,false
TNP-00112,TNP-00120,written_question_cosignature,ARP-2023,1,0.028571,9296,,36,1,2025-05-08,2025-05-08,false
TNP-00112,TNP-00129,written_question_cosignature,ARP-2023,1,0.028571,9296,,36,1,2025-05-08,2025-05-08,false
TNP-00112,TNP-00131,written_question_cosignature,ARP-2023,1,0.028571,9296,,36,1,2025-05-08,2025-05-08,false
TNP-00112,TNP-00132,written_question_cosignature,ARP-2023,1,0.028571,9296,,36,1,2025-05-08,2025-05-08,false
TNP-00112,TNP-00135,written_question_cosignature,ARP-2023,1,0.028571,9296,,36,1,2025-05-08,2025-05-08,false
TNP-00112,TNP-00139,written_question_cosignature,ARP-2023,1,0.028571,9296,,36,1,2025-05-08,2025-05-08,false
TNP-00112,TNP-00152,written_question_cosignature,ARP-2023,1,0.028571,9296,,36,1,2025-05-08,2025-05-08,false
TNP-00112,TNP-00154,written_question_cosignature,ARP-2023,1,0.028571,9296,,36,1,2025-05-08,2025-05-08,false
TNP-00113,TNP-00114,written_question_cosignature,ARP-2023,1,0.047619,9782,,22,1,2025-07-24,2025-07-24,false
TNP-00113,TNP-00116,written_question_cosignature,ARP-2023,1,0.047619,9782,,22,1,2025-07-24,2025-07-24,false
TNP-00113,TNP-00126,written_question_cosignature,ARP-2023,1,0.047619,9782,,22,1,2025-07-24,2025-07-24,false
TNP-00113,TNP-00130,written_question_cosignature,ARP-2023,1,0.05,9670,,21,1,2025-07-21,2025-07-21,false
TNP-00113,TNP-00135,written_question_cosignature,ARP-2023,1,0.05,9670,,21,1,2025-07-21,2025-07-21,false
TNP-00113,TNP-00139,written_question_cosignature,ARP-2023,1,0.047619,9782,,22,1,2025-07-24,2025-07-24,false
TNP-00113,TNP-00140,written_question_cosignature,ARP-2023,1,0.047619,9782,,22,1,2025-07-24,2025-07-24,false
TNP-00113,TNP-00144,written_question_cosignature,ARP-2023,1,0.05,9670,,21,1,2025-07-21,2025-07-21,false
TNP-00113,TNP-00150,written_question_cosignature,ARP-2023,1,0.05,9670,,21,1,2025-07-21,2025-07-21,false
TNP-00113,TNP-00151,written_question_cosignature,ARP-2023,1,0.047619,9782,,22,1,2025-07-24,2025-07-24,false
TNP-00113,TNP-00152,written_question_cosignature,ARP-2023,1,0.05,9670,,21,1,2025-07-21,2025-07-21,false
TNP-00113,TNP-00154,written_question_cosignature,ARP-2023,1,0.047619,9782,,22,1,2025-07-24,2025-07-24,false
TNP-00114,TNP-00116,written_question_cosignature,ARP-2023,1,0.047619,9782,,22,1,2025-07-24,2025-07-24,false
TNP-00114,TNP-00117,written_question_cosignature,ARP-2023,1,0.038462,9406,,27,1,2025-04-15,2025-04-15,false
TNP-00114,TNP-00125,written_question_cosignature,ARP-2023,1,0.038462,9406,,27,1,2025-04-15,2025-04-15,false
TNP-00114,TNP-00126,written_question_cosignature,ARP-2023,1,0.047619,9782,,22,1,2025-07-24,2025-07-24,false
TNP-00114,TNP-00139,written_question_cosignature,ARP-2023,1,0.047619,9782,,22,1,2025-07-24,2025-07-24,false
TNP-00114,TNP-00140,written_question_cosignature,ARP-2023,1,0.047619,9782,,22,1,2025-07-24,2025-07-24,false
TNP-00114,TNP-00154,written_question_cosignature,ARP-2023,1,0.047619,9782,,22,1,2025-07-24,2025-07-24,false
TNP-00115,TNP-00116,written_question_cosignature,ARP-2023,1,0.028571,9296,,36,1,2025-05-08,2025-05-08,false
TNP-00115,TNP-00120,written_question_cosignature,ARP-2023,1,0.028571,9296,,36,1,2025-05-08,2025-05-08,false
TNP-00115,TNP-00129,written_question_cosignature,ARP-2023,1,0.028571,9296,,36,1,2025-05-08,2025-05-08,false
TNP-00115,TNP-00131,written_question_cosignature,ARP-2023,1,0.028571,9296,,36,1,2025-05-08,2025-05-08,false
TNP-00115,TNP-00132,written_question_cosignature,ARP-2023,1,0.028571,9296,,36,1,2025-05-08,2025-05-08,false
TNP-00115,TNP-00135,written_question_cosignature,ARP-2023,1,0.028571,9296,,36,1,2025-05-08,2025-05-08,false
TNP-00115,TNP-00139,written_question_cosignature,ARP-2023,1,0.028571,9296,,36,1,2025-05-08,2025-05-08,false
TNP-00115,TNP-00152,written_question_cosignature,ARP-2023,1,0.028571,9296,,36,1,2025-05-08,2025-05-08,false
TNP-00115,TNP-00154,written_question_cosignature,ARP-2023,1,0.028571,9296,,36,1,2025-05-08,2025-05-08,false
TNP-00116,TNP-00120,written_question_cosignature,ARP-2023,1,0.028571,9296,,36,1,2025-05-08,2025-05-08,false
TNP-00116,TNP-00126,written_question_cosignature,ARP-2023,1,0.047619,9782,,22,1,2025-07-24,2025-07-24,false
TNP-00116,TNP-00129,written_question_cosignature,ARP-2023,1,0.028571,9296,,36,1,2025-05-08,2025-05-08,false
TNP-00116,TNP-00131,written_question_cosignature,ARP-2023,1,0.028571,9296,,36,1,2025-05-08,2025-05-08,false
TNP-00116,TNP-00132,written_question_cosignature,ARP-2023,1,0.028571,9296,,36,1,2025-05-08,2025-05-08,false
TNP-00116,TNP-00135,written_question_cosignature,ARP-2023,1,0.028571,9296,,36,1,2025-05-08,2025-05-08,false
TNP-00116,TNP-00140,written_question_cosignature,ARP-2023,1,0.047619,9782,,22,1,2025-07-24,2025-07-24,false
TNP-00116,TNP-00151,written_question_cosignature,ARP-2023,1,0.047619,9782,,22,1,2025-07-24,2025-07-24,false
TNP-00116,TNP-00152,written_question_cosignature,ARP-2023,1,0.028571,9296,,36,1,2025-05-08,2025-05-08,false
TNP-00117,TNP-00125,written_question_cosignature,ARP-2023,1,0.038462,9406,,27,1,2025-04-15,2025-04-15,false
TNP-00117,TNP-00151,written_question_cosignature,ARP-2023,1,0.038462,9406,,27,1,2025-04-15,2025-04-15,false
TNP-00120,TNP-00129,written_question_cosignature,ARP-2023,1,0.028571,9296,,36,1,2025-05-08,2025-05-08,false
TNP-00120,TNP-00131,written_question_cosignature,ARP-2023,1,0.028571,9296,,36,1,2025-05-08,2025-05-08,false
TNP-00120,TNP-00132,written_question_cosignature,ARP-2023,1,0.028571,9296,,36,1,2025-05-08,2025-05-08,false
TNP-00120,TNP-00135,written_question_cosignature,ARP-2023,1,0.028571,9296,,36,1,2025-05-08,2025-05-08,false
TNP-00120,TNP-00139,written_question_cosignature,ARP-2023,1,0.028571,9296,,36,1,2025-05-08,2025-05-08,false
TNP-00120,TNP-00152,written_question_cosignature,ARP-2023,1,0.028571,9296,,36,1,2025-05-08,2025-05-08,false
TNP-00120,TNP-00154,written_question_cosignature,ARP-2023,1,0.028571,9296,,36,1,2025-05-08,2025-05-08,false
TNP-00121,TNP-00126,written_question_cosignature,ARP-2023,1,0.2,10347,,6,1,2026-02-11,2026-02-11,false
TNP-00122,TNP-00153,written_question_cosignature,ARP-2023,1,1,9184,,2,1,2025-04-25,2025-04-25,false
TNP-00124,TNP-00145,written_question_cosignature,ARP-2023,1,0.111111,10060,,10,1,2025-11-22,2025-11-22,false
TNP-00125,TNP-00151,written_question_cosignature,ARP-2023,1,0.038462,9406,,27,1,2025-04-15,2025-04-15,false
TNP-00126,TNP-00139,written_question_cosignature,ARP-2023,1,0.047619,9782,,22,1,2025-07-24,2025-07-24,false
TNP-00126,TNP-00140,written_question_cosignature,ARP-2023,1,0.047619,9782,,22,1,2025-07-24,2025-07-24,false
TNP-00126,TNP-00151,written_question_cosignature,ARP-2023,1,0.047619,9782,,22,1,2025-07-24,2025-07-24,false
TNP-00126,TNP-00154,written_question_cosignature,ARP-2023,1,0.047619,9782,,22,1,2025-07-24,2025-07-24,false
TNP-00129,TNP-00137,written_question_cosignature,ARP-2023,1,0.052632,10325,,20,1,2026-02-11,2026-02-11,false
TNP-00129,TNP-00139,written_question_cosignature,ARP-2023,1,0.028571,9296,,36,1,2025-05-08,2025-05-08,false
TNP-00129,TNP-00144,written_question_cosignature,ARP-2023,1,0.052632,10325,,20,1,2026-02-11,2026-02-11,false
TNP-00129,TNP-00150,written_question_cosignature,ARP-2023,1,0.052632,10325,,20,1,2026-02-11,2026-02-11,false
TNP-00129,TNP-00151,written_question_cosignature,ARP-2023,1,0.052632,10325,,20,1,2026-02-11,2026-02-11,false
TNP-00129,TNP-00152,written_question_cosignature,ARP-2023,1,0.028571,9296,,36,1,2025-05-08,2025-05-08,false
TNP-00129,TNP-00154,written_question_cosignature,ARP-2023,1,0.028571,9296,,36,1,2025-05-08,2025-05-08,false
TNP-00130,TNP-00135,written_question_cosignature,ARP-2023,1,0.05,9670,,21,1,2025-07-21,2025-07-21,false
TNP-00130,TNP-00144,written_question_cosignature,ARP-2023,1,0.05,9670,,21,1,2025-07-21,2025-07-21,false
TNP-00130,TNP-00152,written_question_cosignature,ARP-2023,1,0.05,9670,,21,1,2025-07-21,2025-07-21,false
TNP-00131,TNP-00137,written_question_cosignature,ARP-2023,1,0.052632,10325,,20,1,2026-02-11,2026-02-11,false
TNP-00131,TNP-00139,written_question_cosignature,ARP-2023,1,0.028571,9296,,36,1,2025-05-08,2025-05-08,false
TNP-00131,TNP-00144,written_question_cosignature,ARP-2023,1,0.052632,10325,,20,1,2026-02-11,2026-02-11,false
TNP-00131,TNP-00151,written_question_cosignature,ARP-2023,1,0.052632,10325,,20,1,2026-02-11,2026-02-11,false
TNP-00131,TNP-00152,written_question_cosignature,ARP-2023,1,0.028571,9296,,36,1,2025-05-08,2025-05-08,false
TNP-00131,TNP-00154,written_question_cosignature,ARP-2023,1,0.028571,9296,,36,1,2025-05-08,2025-05-08,false
TNP-00132,TNP-00137,written_question_cosignature,ARP-2023,1,0.052632,10325,,20,1,2026-02-11,2026-02-11,false
TNP-00132,TNP-00139,written_question_cosignature,ARP-2023,1,0.028571,9296,,36,1,2025-05-08,2025-05-08,false
TNP-00132,TNP-00144,written_question_cosignature,ARP-2023,1,0.052632,10325,,20,1,2026-02-11,2026-02-11,false
TNP-00132,TNP-00150,written_question_cosignature,ARP-2023,1,0.052632,10325,,20,1,2026-02-11,2026-02-11,false
TNP-00132,TNP-00151,written_question_cosignature,ARP-2023,1,0.052632,10325,,20,1,2026-02-11,2026-02-11,false
TNP-00132,TNP-00152,written_question_cosignature,ARP-2023,1,0.028571,9296,,36,1,2025-05-08,2025-05-08,false
TNP-00132,TNP-00154,written_question_cosignature,ARP-2023,1,0.028571,9296,,36,1,2025-05-08,2025-05-08,false
TNP-00135,TNP-00137,written_question_cosignature,ARP-2023,1,0.052632,10325,,20,1,2026-02-11,2026-02-11,false
TNP-00135,TNP-00139,written_question_cosignature,ARP-2023,1,0.028571,9296,,36,1,2025-05-08,2025-05-08,false
TNP-00135,TNP-00151,written_question_cosignature,ARP-2023,1,0.052632,10325,,20,1,2026-02-11,2026-02-11,false
TNP-00135,TNP-00154,written_question_cosignature,ARP-2023,1,0.028571,9296,,36,1,2025-05-08,2025-05-08,false
TNP-00137,TNP-00144,written_question_cosignature,ARP-2023,1,0.052632,10325,,20,1,2026-02-11,2026-02-11,false
TNP-00137,TNP-00149,written_question_cosignature,ARP-2023,1,0.5,9639,,3,1,2025-07-14,2025-07-14,false
TNP-00137,TNP-00150,written_question_cosignature,ARP-2023,1,0.052632,10325,,20,1,2026-02-11,2026-02-11,false
TNP-00137,TNP-00151,written_question_cosignature,ARP-2023,1,0.052632,10325,,20,1,2026-02-11,2026-02-11,false
TNP-00139,TNP-00140,written_question_cosignature,ARP-2023,1,0.047619,9782,,22,1,2025-07-24,2025-07-24,false
TNP-00139,TNP-00151,written_question_cosignature,ARP-2023,1,0.047619,9782,,22,1,2025-07-24,2025-07-24,false
TNP-00139,TNP-00152,written_question_cosignature,ARP-2023,1,0.028571,9296,,36,1,2025-05-08,2025-05-08,false
TNP-00140,TNP-00151,written_question_cosignature,ARP-2023,1,0.047619,9782,,22,1,2025-07-24,2025-07-24,false
TNP-00140,TNP-00154,written_question_cosignature,ARP-2023,1,0.047619,9782,,22,1,2025-07-24,2025-07-24,false
TNP-00144,TNP-00151,written_question_cosignature,ARP-2023,1,0.052632,10325,,20,1,2026-02-11,2026-02-11,false
TNP-00144,TNP-00152,written_question_cosignature,ARP-2023,1,0.05,9670,,21,1,2025-07-21,2025-07-21,false
TNP-00150,TNP-00151,written_question_cosignature,ARP-2023,1,0.052632,10325,,20,1,2026-02-11,2026-02-11,false
TNP-00150,TNP-00152,written_question_cosignature,ARP-2023,1,0.05,9670,,21,1,2025-07-21,2025-07-21,false
TNP-00151,TNP-00154,written_question_cosignature,ARP-2023,1,0.047619,9782,,22,1,2025-07-24,2025-07-24,false
TNP-00152,TNP-00154,written_question_cosignature,ARP-2023,1,0.028571,9296,,36,1,2025-05-08,2025-05-08,false
